T:36|TOM subgroup #36 order 5|P5|1,2,3,4,3,5,1,6,7,7,1,2,3,4,3,5,6,6,8,5,9,4,9,8,7,1,2,3,4,5,6,8,5,9,9,7,1,2,4,6,8,9,7,2,8
T:42|TOM subgroup #42 order 6|0|1,2,3,4,2,2,4,4,5,6,7,8,6,6,8,8,3,8,9,10,10,11,12,4,6,8,8,6,6,1,12,11,10,10,2,10,9,11,4,12,9,4,10,2,2
T:44|TOM subgroup #44 order 6|0|1,2,3,4,5,6,7,8,2,1,9,1,1,1,9,10,1,3,6,4,5,7,8,2,7,7,7,11,12,3,2,2,3,8,5,2,3,8,6,3,8,4,12,7,8
T:45|TOM subgroup #45 order 6|0|1,2,1,2,1,2,3,4,5,6,7,8,7,8,9,9,1,8,10,8,10,11,11,2,6,7,8,9,9,1,8,10,11,11,2,6,9,9,1,11,11,2,12,4,3
T:47|TOM subgroup #47 order 6|0|1,2,3,4,5,6,7,8,5,2,3,5,4,8,5,6,7,9,2,2,9,2,9,2,6,6,10,8,10,8,7,3,5,8,1,8,1,3,5,6,10,3,3,4,6
T:48|TOM subgroup #48 order 6|0|1,2,3,3,4,5,4,1,6,3,3,2,5,4,4,1,6,7,7,8,9,8,3,10,7,8,8,9,2,10,9,8,8,3,10,11,11,4,12,11,4,12,5,12,6
T:55|TOM subgroup #55 order 6|0|1,2,3,2,4,5,6,7,6,1,4,1,8,9,4,10,4,6,2,4,5,3,7,6,6,1,7,2,5,2,4,5,6,7,3,10,1,9,1,7,11,7,5,2,5
T:56|TOM subgroup #56 order 6|0|1,2,1,1,1,1,1,3,2,4,5,6,7,6,5,8,9,9,4,9,4,9,10,11,5,6,7,6,8,4,5,6,7,8,9,5,6,8,4,5,8,9,8,4,10
T:57|TOM subgroup #57 order 6|0|1,2,2,3,4,4,3,1,5,6,7,4,7,6,2,8,9,8,1,6,7,4,7,9,1,7,6,4,6,9,2,2,3,4,5,8,1,6,9,1,7,9,2,5,9
T:58|TOM subgroup #58 order 7|P7|1,1,1,1,1,1,1,2,3,4,5,6,6,5,4,7,8,4,5,6,6,5,7,8,4,5,6,6,7,8,4,5,6,7,8,4,5,7,8,4,7,8,7,8,9
T:66|TOM subgroup #66 order 8|P2|1,1,2,2,3,3,2,2,4,5,6,6,7,8,6,6,1,6,6,8,7,6,6,1,9,10,10,11,11,2,10,10,11,11,2,12,10,10,3,10,10,3,9,2,2
T:71|TOM subgroup #71 order 8|P2|1,2,3,2,4,4,4,4,5,6,7,6,8,8,8,8,3,6,9,10,10,10,10,2,6,8,8,8,8,1,10,10,10,10,2,11,12,11,4,11,12,4,11,4,4
T:72|TOM subgroup #72 order 8|P2|1,2,1,2,3,4,3,4,5,6,7,6,8,8,8,8,1,6,9,10,10,10,10,2,6,8,8,8,8,1,10,10,10,10,2,11,12,11,4,11,12,3,11,4,3
T:79|TOM subgroup #79 order 8|P2|1,2,3,1,4,5,6,7,8,5,7,8,4,3,6,2,1,8,7,6,1,4,1,3,5,6,1,4,1,2,4,2,6,3,1,6,9,6,4,4,8,7,4,6,5
T:80|TOM subgroup #80 order 8|P2|1,2,3,4,5,6,7,3,8,4,8,2,6,5,3,7,3,4,9,2,4,2,4,2,2,3,7,1,5,6,4,2,4,2,4,1,8,3,7,3,8,3,6,5,1
T:81|TOM subgroup #81 order 8|P2|1,2,3,4,5,3,6,7,8,1,1,1,1,1,1,1,9,4,3,3,5,7,6,8,6,2,7,5,3,8,7,2,3,5,8,6,3,4,8,4,3,8,2,8,8
T:82|TOM subgroup #82 order 8|P2|1,2,3,3,3,3,1,2,4,5,6,6,7,7,8,9,2,7,7,6,6,9,8,1,10,11,11,7,6,3,11,11,7,6,3,10,6,7,3,6,7,3,5,2,1
T:83|TOM subgroup #83 order 8|P2|1,2,3,4,3,4,5,6,6,7,6,8,6,8,2,9,9,6,8,6,8,1,9,9,4,5,4,3,1,2,4,10,4,8,8,4,3,2,1,4,8,8,6,6,7
T:84|TOM subgroup #84 order 8|P2|1,2,3,2,4,5,4,5,6,7,8,7,5,9,5,9,3,7,10,2,7,2,7,2,7,5,9,5,9,1,2,7,2,7,2,1,6,3,4,3,8,5,1,4,5
T:85|TOM subgroup #85 order 8|P2|1,2,3,4,3,2,5,1,4,6,7,1,8,6,3,7,3,6,2,6,9,2,6,2,1,7,6,1,8,3,3,2,4,3,5,6,1,7,1,2,6,2,3,4,1
T:86|TOM subgroup #86 order 8|P2|1,2,1,2,3,4,3,4,5,6,7,8,9,10,9,10,3,8,11,10,12,10,12,4,6,9,10,9,10,3,10,12,10,12,4,6,7,8,1,8,11,2,6,1,2
T:87|TOM subgroup #87 order 8|P2|1,2,3,4,5,6,5,6,7,4,7,2,6,5,6,5,3,2,8,9,9,9,9,4,4,6,5,6,5,1,9,9,9,9,2,10,11,10,5,10,11,6,10,5,6
T:88|TOM subgroup #88 order 8|P2|1,2,3,2,4,5,6,5,7,5,7,5,6,2,4,2,3,2,8,9,10,11,10,5,2,4,5,6,5,1,9,10,11,10,5,11,12,11,6,9,8,2,9,4,2
T:89|TOM subgroup #89 order 8|P2|1,2,3,4,5,3,4,2,6,7,5,7,8,5,7,7,1,2,9,7,4,10,9,4,2,1,6,4,4,3,7,4,9,10,2,1,7,7,5,2,2,3,9,2,4
T:90|TOM subgroup #90 order 8|P2|1,2,2,1,1,2,2,1,3,4,5,6,6,7,7,8,9,10,7,7,11,11,5,12,7,7,11,11,4,12,8,5,4,6,9,4,5,6,9,10,7,12,7,12,9
T:91|TOM subgroup #91 order 8|P2|1,1,2,2,1,1,2,2,3,4,5,5,6,7,8,8,9,5,5,7,6,8,8,9,10,8,8,11,11,12,8,8,11,11,12,4,5,5,9,5,5,9,10,12,12
T:92|TOM subgroup #92 order 8|P2|1,2,2,3,3,4,5,5,6,7,7,7,7,1,1,1,8,9,9,10,3,3,2,11,10,9,3,2,3,11,9,2,3,2,11,2,2,3,11,5,5,6,4,6,6
T:93|TOM subgroup #93 order 8|P2|1,1,1,1,1,1,1,1,2,3,4,5,6,7,8,9,10,5,4,7,6,9,8,10,3,8,9,6,7,10,9,8,7,6,10,3,4,5,10,5,4,10,3,10,10
T:97|TOM subgroup #97 order 8|P2|1,2,1,2,3,3,3,3,4,5,6,5,7,7,7,7,1,5,8,9,9,9,9,2,5,7,7,7,7,1,9,9,9,9,2,10,11,12,3,12,11,3,10,3,3
T:116|TOM subgroup #116 order 8|P2|1,1,2,2,1,2,2,1,3,4,5,6,7,8,9,10,2,6,5,10,9,8,7,2,4,9,10,7,8,1,8,7,10,9,1,6,5,4,2,4,5,1,6,1,2
T:119|TOM subgroup #119 order 8|P2|1,2,3,2,4,4,5,5,6,2,6,2,4,4,5,5,3,2,7,8,8,8,8,2,2,5,5,4,4,1,8,8,8,8,2,9,10,11,5,11,10,5,9,4,4
T:120|TOM subgroup #120 order 8|P2|1,1,2,2,3,3,3,3,4,5,6,7,8,8,9,9,2,7,6,9,9,8,8,2,5,9,9,8,8,1,8,8,9,9,1,10,11,12,3,12,11,3,10,3,3
T:122|TOM subgroup #122 order 8|P2|1,2,3,3,4,4,5,5,6,7,1,1,1,1,1,1,1,2,2,2,2,2,2,2,6,5,5,4,4,3,5,5,4,4,3,6,3,3,4,3,3,4,6,5,5
T:123|TOM subgroup #123 order 8|P2|1,1,1,1,2,2,2,2,3,4,5,4,6,7,6,7,2,4,5,7,6,7,6,2,4,6,7,6,7,2,7,6,7,6,2,4,5,4,1,4,5,1,4,1,1
T:126|TOM subgroup #126 order 8|P2|1,2,1,2,3,4,3,4,5,6,7,6,8,8,8,8,1,6,9,10,10,10,10,2,6,8,8,8,8,1,10,10,10,10,2,11,12,11,4,11,12,3,11,4,3
T:127|TOM subgroup #127 order 8|P2|1,2,1,3,4,4,4,4,5,6,7,6,8,8,8,8,1,6,9,10,10,10,10,3,6,8,8,8,8,1,10,10,10,10,2,11,12,11,4,11,12,4,11,4,4
T:130|TOM subgroup #130 order 8|P2|1,2,2,3,3,4,4,5,6,2,2,3,3,4,4,5,6,7,4,4,8,8,9,10,4,4,8,8,9,10,1,2,2,5,6,2,2,5,6,7,9,10,9,10,11
T:131|TOM subgroup #131 order 8|P2|1,2,3,3,4,5,6,6,7,2,3,3,5,4,6,6,7,8,8,2,2,8,8,9,10,6,6,11,11,12,6,6,11,11,12,1,3,3,7,3,3,7,10,12,12
T:132|TOM subgroup #132 order 8|P2|1,2,1,2,3,4,3,4,5,6,7,6,8,9,8,9,2,6,7,9,8,9,8,1,6,8,9,8,9,2,9,8,9,8,1,10,11,10,4,10,11,3,10,4,3
T:133|TOM subgroup #133 order 8|P2|1,2,1,2,3,4,3,4,5,2,5,2,4,3,4,3,1,2,6,7,7,7,7,2,2,4,3,4,3,1,7,7,7,7,2,8,9,8,3,8,9,4,8,3,4
T:134|TOM subgroup #134 order 8|P2|1,2,3,2,4,5,6,5,7,6,8,4,9,10,9,10,3,4,7,1,5,3,5,2,6,9,10,9,10,1,3,5,1,5,2,10,8,10,6,10,11,5,10,4,5
T:135|TOM subgroup #135 order 8|P2|1,2,2,3,4,5,5,6,7,2,2,4,3,5,5,6,7,8,5,5,9,9,10,11,5,5,9,9,10,11,1,2,2,7,6,2,2,7,6,8,11,10,11,10,12
T:136|TOM subgroup #136 order 8|P2|1,1,2,2,3,3,3,3,4,5,6,7,8,9,8,9,2,7,6,9,8,9,8,2,5,8,9,8,9,1,9,8,9,8,1,10,11,10,3,10,11,3,10,3,3
T:140|TOM subgroup #140 order 8|P2|1,1,1,1,1,1,1,1,2,3,4,5,6,6,7,7,8,5,4,6,6,7,7,8,3,7,7,6,6,8,7,7,6,6,8,3,4,5,8,5,4,8,3,8,8
T:141|TOM subgroup #141 order 8|P2|1,2,3,4,5,1,6,3,7,4,7,2,1,5,3,6,3,4,8,2,4,2,4,2,2,3,6,1,5,1,4,2,4,2,4,1,7,3,6,3,7,3,1,5,1
T:142|TOM subgroup #142 order 8|P2|1,1,1,1,2,2,2,2,3,4,5,4,6,7,8,7,2,4,5,7,6,7,8,2,4,8,7,6,7,2,7,8,7,6,2,4,5,4,1,4,5,1,4,1,1
T:143|TOM subgroup #143 order 8|P2|1,2,3,4,3,2,5,6,5,1,6,1,6,1,6,7,6,5,2,3,4,3,6,5,5,2,3,4,1,2,5,2,3,6,3,5,2,1,4,5,6,3,1,2,1
T:144|TOM subgroup #144 order 8|P2|1,2,3,4,5,4,3,2,6,1,1,1,1,1,1,1,7,2,3,4,5,4,3,6,2,3,4,5,4,6,2,3,4,5,6,2,3,4,6,2,3,6,2,6,6
T:146|TOM subgroup #146 order 9|P3|1,2,3,4,4,3,2,1,5,4,2,3,2,4,3,1,5,1,1,3,4,2,3,5,1,2,3,4,4,5,4,2,3,2,5,1,1,3,5,1,2,5,4,5,5
T:147|TOM subgroup #147 order 9|P3|1,2,2,2,3,3,3,1,4,2,2,2,3,3,3,1,4,5,5,6,6,6,2,7,5,6,6,6,2,7,6,6,6,2,7,8,8,3,9,8,3,9,3,9,4
T:148|TOM subgroup #148 order 9|P3|1,2,2,2,3,4,5,1,6,2,2,2,4,5,3,1,6,7,7,8,8,8,2,9,7,8,8,8,2,9,8,8,8,2,9,10,10,5,11,10,3,11,4,11,6
T:149|TOM subgroup #149 order 9|P3|1,2,3,4,4,3,2,1,5,1,2,3,4,4,3,2,5,1,2,3,4,4,3,5,1,2,3,4,4,5,1,2,3,4,5,1,2,3,5,1,2,5,1,5,5
T:152|TOM subgroup #152 order 10|0|1,1,2,3,4,4,5,6,7,4,7,6,1,4,2,5,3,5,7,4,1,6,3,2,4,3,6,1,4,1,5,2,4,1,1,1,7,2,6,3,7,5,1,4,4
T:153|TOM subgroup #153 order 10|0|1,2,3,4,1,2,3,4,5,1,3,4,2,2,3,4,5,3,4,2,1,3,4,5,6,3,3,7,8,9,4,4,8,10,11,1,3,4,5,3,4,5,6,9,11
T:154|TOM subgroup #154 order 10|0|1,2,3,4,4,3,2,1,5,5,2,1,4,3,3,4,2,6,2,3,7,7,3,6,5,2,6,7,3,7,1,2,3,4,3,5,2,1,3,6,2,7,5,6,2
T:156|TOM subgroup #156 order 10|0|1,2,2,3,2,4,2,5,2,6,6,7,6,1,6,7,6,8,9,10,2,10,9,8,9,8,2,10,9,10,9,5,9,11,9,2,8,9,10,2,3,2,9,8,9
T:157|TOM subgroup #157 order 10|0|1,2,3,2,1,4,5,5,4,4,5,5,4,1,2,3,2,4,5,5,1,1,2,3,4,5,2,1,1,2,4,3,2,1,1,2,3,2,1,4,5,5,4,5,4
T:159|TOM subgroup #159 order 12|0|1,2,3,4,1,5,1,6,1,2,3,4,1,1,1,6,5,7,8,2,2,2,9,2,10,3,3,3,11,3,4,4,4,12,4,1,5,6,1,1,6,1,6,1,6
T:160|TOM subgroup #160 order 12|0|1,1,2,3,4,4,1,5,4,1,2,3,4,4,1,5,4,2,3,4,4,1,5,4,6,7,7,2,8,7,9,9,3,10,9,11,4,12,11,4,12,11,5,4,12
T:161|TOM subgroup #161 order 12|0|1,2,2,1,3,3,1,3,2,2,2,1,3,3,1,3,2,4,2,5,6,2,7,4,2,7,5,2,6,4,3,3,1,3,2,8,3,8,6,3,8,7,3,2,5
T:162|TOM subgroup #162 order 12|0|1,2,3,4,4,5,4,4,6,1,7,5,5,7,3,3,8,3,4,4,5,4,4,6,1,1,7,5,5,8,2,3,4,4,6,3,4,4,6,1,1,8,2,6,6
T:163|TOM subgroup #163 order 12|0|1,2,1,2,1,2,1,3,2,4,5,6,5,6,5,7,6,6,8,6,8,6,9,8,4,5,6,5,7,6,6,8,6,9,8,4,5,7,6,6,9,8,7,4,9
T:164|TOM subgroup #164 order 12|0|1,1,1,2,3,3,2,3,2,4,4,1,5,4,3,4,3,4,3,4,5,1,4,3,3,4,4,3,5,1,3,1,2,1,2,4,1,4,1,3,4,1,1,2,3
T:169|TOM subgroup #169 order 12|2|1,2,3,4,5,5,6,6,1,3,4,2,5,5,6,6,1,1,1,6,6,5,5,4,1,6,6,5,5,2,6,6,5,5,3,7,8,9,5,9,8,5,7,6,6
T:170|TOM subgroup #170 order 12|2|1,2,3,4,1,1,3,3,5,1,6,3,7,7,8,8,3,3,5,1,1,3,3,4,1,8,8,7,7,1,3,3,1,1,2,7,6,8,3,8,6,3,7,1,1
T:176|TOM subgroup #176 order 12|2|1,1,2,3,3,4,5,5,6,7,1,1,1,1,8,8,1,1,1,1,1,8,8,1,6,4,3,5,5,3,3,2,5,5,4,6,5,5,2,5,5,3,9,5,5
T:177|TOM subgroup #177 order 12|2|1,2,2,2,3,4,2,2,2,5,5,5,6,3,5,5,5,7,8,5,2,9,8,10,10,5,2,8,9,8,5,2,7,8,9,1,5,5,5,2,2,2,10,8,7
T:178|TOM subgroup #178 order 12|2|1,1,2,2,3,2,3,1,4,5,6,7,8,9,8,5,2,9,6,8,7,8,5,2,5,8,5,8,7,1,8,5,8,9,1,8,10,8,3,8,6,1,8,3,2
T:179|TOM subgroup #179 order 12|2|1,2,3,4,1,1,3,3,5,6,7,3,8,8,9,9,10,10,5,6,6,10,10,11,1,9,9,8,8,6,3,3,1,1,2,8,7,9,10,9,7,10,8,6,6
T:180|TOM subgroup #180 order 12|2|1,2,3,2,2,2,2,2,4,5,6,5,5,5,5,5,3,5,7,8,8,9,9,2,5,5,5,5,5,1,9,9,8,8,2,8,7,9,2,9,7,2,8,2,2
T:181|TOM subgroup #181 order 12|2|1,2,2,2,3,2,4,2,2,5,5,5,6,5,3,5,5,7,8,5,8,2,7,9,7,5,9,2,8,8,5,8,2,9,7,5,1,5,5,2,7,7,2,2,8
T:182|TOM subgroup #182 order 12|2|1,1,1,2,1,1,1,3,3,4,5,1,6,4,5,7,7,5,1,5,4,6,7,7,1,4,6,4,7,7,1,1,1,3,3,5,4,7,7,5,7,7,7,7,8
T:183|TOM subgroup #183 order 12|2|1,2,3,4,5,3,6,2,4,5,7,1,8,7,5,5,1,3,2,1,3,4,4,6,3,7,9,3,3,3,5,3,2,6,4,7,1,1,5,3,3,3,4,2,2
T:184|TOM subgroup #184 order 12|2|1,2,1,3,2,2,3,3,4,5,6,5,5,5,5,5,1,5,7,8,8,9,9,3,5,5,5,5,5,1,9,9,8,8,2,8,7,9,3,9,7,3,8,2,2
T:187|TOM subgroup #187 order 12|2|1,2,3,4,5,6,3,7,6,1,8,1,9,1,8,1,1,3,6,5,4,3,6,7,3,10,3,11,3,3,5,7,3,6,2,5,10,5,5,3,2,6,3,3,4
T:188|TOM subgroup #188 order 12|2|1,2,1,3,4,5,4,6,7,2,1,3,4,4,5,6,7,2,8,2,2,2,8,9,3,5,4,4,6,7,6,6,6,10,11,1,1,3,7,1,3,7,3,7,11
T:189|TOM subgroup #189 order 12|2|1,2,2,3,4,4,5,5,6,7,7,1,1,1,1,1,8,9,2,2,2,2,2,10,2,2,2,2,2,10,5,5,4,4,6,4,5,3,6,3,5,6,4,6,6
T:190|TOM subgroup #190 order 12|2|1,2,2,3,4,4,5,5,6,7,7,1,1,1,1,1,8,9,2,2,2,2,2,10,2,2,2,2,2,10,5,5,4,4,6,4,5,3,6,3,5,6,4,6,6
T:191|TOM subgroup #191 order 12|2|1,2,3,1,1,2,3,4,1,5,1,6,7,8,1,9,10,2,8,8,11,2,12,5,1,1,2,3,4,1,10,5,1,9,7,5,1,9,6,2,12,8,4,1,9
T:192|TOM subgroup #192 order 12|2|1,2,3,2,4,5,6,2,7,2,3,2,5,4,6,2,7,8,9,2,2,8,9,10,8,6,6,11,8,12,2,2,8,9,10,1,3,2,7,3,2,7,8,12,10
T:193|TOM subgroup #193 order 12|2|1,2,1,2,3,3,3,3,4,4,1,2,3,3,3,3,2,2,5,6,6,6,6,5,4,3,3,3,3,2,6,6,6,6,5,7,8,9,6,9,8,6,7,6,6
T:194|TOM subgroup #194 order 12|2|1,2,1,2,3,3,4,4,5,5,1,2,3,3,4,4,2,2,6,7,7,8,8,6,5,3,3,4,4,2,7,7,8,8,6,9,10,11,7,11,10,7,12,8,8
T:195|TOM subgroup #195 order 12|2|1,2,3,4,1,5,3,4,2,6,1,7,8,7,1,7,6,2,9,6,9,2,9,10,5,1,4,3,4,2,7,11,4,11,9,7,1,7,6,4,11,9,5,2,9
T:196|TOM subgroup #196 order 12|2|1,1,2,2,3,2,3,1,4,5,6,7,8,7,8,5,1,7,6,8,7,8,5,1,9,10,9,10,7,2,10,9,10,7,2,10,11,8,3,10,6,2,8,3,1
T:198|TOM subgroup #198 order 12|2|1,2,2,1,2,3,3,2,4,2,2,1,3,2,2,3,4,5,3,6,6,7,7,8,3,7,7,6,6,8,2,2,2,2,4,7,6,5,8,5,6,8,7,8,8
T:199|TOM subgroup #199 order 12|0|1,2,1,3,4,4,4,4,5,5,1,2,4,4,4,4,3,3,6,7,7,7,7,6,5,4,4,4,4,2,7,7,7,7,6,8,9,10,7,10,9,7,8,7,7
T:204|TOM subgroup #204 order 12|0|1,2,3,4,1,5,5,6,3,7,1,7,8,9,9,7,1,6,10,7,11,11,10,4,2,1,5,5,4,3,7,11,11,10,6,9,9,7,1,12,11,5,11,5,2
T:205|TOM subgroup #205 order 12|0|1,2,3,2,4,5,6,2,7,2,3,2,5,4,6,2,7,8,9,2,2,8,9,10,8,6,6,11,8,12,2,2,8,9,10,1,3,2,7,3,2,7,8,12,10
T:206|TOM subgroup #206 order 12|0|1,2,3,4,3,4,1,2,5,2,5,4,3,4,1,2,3,4,6,4,7,2,8,4,2,1,2,3,4,1,2,8,4,7,2,2,5,4,1,4,6,2,2,3,4
T:207|TOM subgroup #207 order 12|0|1,2,3,3,2,1,4,4,5,5,3,3,2,1,4,4,2,3,3,1,2,4,4,1,6,3,3,7,7,3,3,3,7,7,3,5,4,4,1,4,4,2,8,4,4
T:208|TOM subgroup #208 order 12|0|1,2,3,4,3,4,1,2,5,2,5,4,3,4,1,2,3,2,6,2,7,2,8,2,4,1,4,3,2,1,4,9,4,7,4,4,5,2,1,4,6,4,2,3,2
T:209|TOM subgroup #209 order 12|0|1,2,3,4,5,6,6,2,3,7,5,5,8,1,1,7,5,2,2,7,2,2,9,2,6,1,3,4,2,6,1,3,3,2,6,5,5,7,1,6,2,4,2,3,2
T:210|TOM subgroup #210 order 12|0|1,2,3,4,3,2,5,5,6,1,1,1,1,1,7,7,8,2,3,4,3,5,5,6,2,3,4,5,5,6,2,3,5,5,6,2,5,5,6,5,5,6,9,10,10
T:212|TOM subgroup #212 order 12|0|1,2,1,3,3,1,4,1,5,6,7,1,1,8,6,8,6,6,5,4,6,9,6,9,1,1,8,6,8,6,3,1,2,1,4,1,5,1,2,6,7,6,6,9,6
T:213|TOM subgroup #213 order 12|0|1,2,3,1,4,1,3,5,6,7,1,8,1,8,1,7,9,5,7,2,7,5,10,11,1,3,1,4,2,6,1,8,1,7,9,1,3,5,6,1,7,9,2,6,11
T:214|TOM subgroup #214 order 12|0|1,2,3,4,1,4,3,2,5,6,2,1,7,1,2,6,2,1,2,6,2,1,7,1,5,2,3,4,1,4,1,4,3,2,3,1,2,6,2,5,2,3,1,4,1
T:216|TOM subgroup #216 order 12|0|1,2,1,3,4,4,5,5,6,6,1,2,4,4,5,5,3,3,1,5,5,4,4,1,6,4,4,5,5,2,5,5,4,4,1,7,8,8,5,8,8,5,7,4,4
T:217|TOM subgroup #217 order 12|0|1,1,2,2,3,3,3,3,4,1,4,2,3,3,3,3,2,2,4,3,3,3,3,2,5,6,6,6,6,5,6,6,6,6,5,7,8,7,6,7,8,6,7,6,6
T:218|TOM subgroup #218 order 12|0|1,2,2,3,1,2,2,3,4,2,2,3,1,2,2,3,4,5,6,2,7,7,8,9,6,2,7,7,8,9,3,8,8,10,11,2,2,3,4,5,6,9,6,9,11
T:219|TOM subgroup #219 order 14|0|1,2,3,4,1,5,2,5,6,2,3,4,5,1,5,2,6,3,4,5,5,1,1,6,7,3,3,3,3,8,4,4,4,4,9,2,2,1,6,1,2,6,5,6,6
T:220|TOM subgroup #220 order 14|0|1,2,3,1,4,4,3,5,2,2,3,4,2,1,3,5,4,3,4,1,4,3,5,1,3,3,3,6,7,3,1,2,3,5,2,2,3,5,4,3,5,1,7,3,5
T:221|TOM subgroup #221 order 14|0|1,1,2,3,4,4,3,2,5,6,1,1,1,1,1,1,7,1,1,1,1,1,1,7,2,3,4,4,3,5,2,3,4,4,5,2,3,4,5,2,3,5,2,5,5
T:222|TOM subgroup #222 order 15|0|1,2,3,4,5,2,4,3,2,6,1,1,7,6,1,1,6,2,2,8,9,2,2,9,3,5,2,4,4,2,5,2,3,4,2,8,5,5,8,2,2,9,3,2,2
T:227|TOM subgroup #227 order 16|P2|1,2,3,4,5,6,7,6,8,5,8,7,2,6,4,6,3,7,8,1,6,3,6,4,5,4,6,2,6,1,3,6,1,6,2,6,8,6,7,6,9,6,6,5,6
T:228|TOM subgroup #228 order 16|P2|1,1,1,1,2,3,4,5,6,7,8,9,10,1,1,1,11,9,8,10,1,1,1,11,7,10,1,1,1,11,10,1,1,1,11,2,2,2,12,5,4,6,3,6,6
T:229|TOM subgroup #229 order 16|P2|1,1,2,2,3,3,3,3,4,5,6,6,7,7,7,7,1,6,6,7,7,7,7,1,8,9,9,9,9,2,9,9,9,9,2,10,11,12,3,12,11,3,10,3,3
T:230|TOM subgroup #230 order 16|P2|1,2,1,2,3,3,3,3,4,5,6,5,7,7,7,7,1,5,8,9,9,9,9,2,5,7,7,7,7,1,9,9,9,9,2,10,11,12,3,12,11,3,10,3,3
T:233|TOM subgroup #233 order 16|P2|1,2,3,2,4,5,4,5,6,2,6,2,4,5,4,5,3,2,7,8,9,8,9,2,2,4,5,4,5,1,8,9,8,9,2,10,11,10,4,10,12,5,10,4,5
T:236|TOM subgroup #236 order 16|P2|1,2,1,2,3,3,3,3,4,5,6,7,8,8,8,8,2,7,6,8,8,8,8,1,5,8,8,8,8,2,8,8,8,8,1,9,10,11,3,11,10,3,9,3,3
T:237|TOM subgroup #237 order 16|P2|1,2,3,2,4,4,4,4,5,2,5,2,4,4,4,4,3,2,6,7,7,7,7,2,2,4,4,4,4,1,7,7,7,7,2,8,9,10,4,10,9,4,8,4,4
T:238|TOM subgroup #238 order 16|P2|1,2,3,2,4,5,4,5,6,4,6,4,2,5,2,5,3,4,7,8,9,10,9,2,4,2,5,2,5,1,10,9,8,9,2,9,7,9,4,9,11,5,9,4,5
T:239|TOM subgroup #239 order 16|P2|1,2,1,2,3,4,3,4,5,3,5,3,2,4,2,4,1,3,5,1,4,1,4,2,3,2,4,2,4,1,1,4,1,4,2,4,5,4,3,4,6,4,4,3,4
T:240|TOM subgroup #240 order 16|P2|1,2,1,2,3,3,3,3,4,5,6,5,7,7,7,7,1,5,8,9,9,9,9,2,5,7,7,7,7,1,9,9,9,9,2,10,11,10,3,10,11,3,10,3,3
T:241|TOM subgroup #241 order 16|P2|1,1,2,2,3,3,3,3,4,5,6,6,7,7,7,7,1,6,6,7,7,7,7,1,8,9,9,9,9,2,9,9,9,9,2,10,11,11,3,11,11,3,10,3,3
T:242|TOM subgroup #242 order 16|P2|1,2,1,2,3,4,3,4,5,6,7,6,8,9,8,9,2,6,7,8,9,8,9,1,6,8,9,8,9,2,8,9,8,9,1,10,11,10,3,10,12,4,10,3,4
T:243|TOM subgroup #243 order 16|P2|1,2,1,2,2,3,2,3,4,5,6,5,5,7,5,7,1,5,8,9,10,9,10,2,5,5,7,5,7,1,9,10,9,10,2,10,8,10,2,10,11,3,10,2,3
T:244|TOM subgroup #244 order 16|P2|1,2,3,2,2,4,2,4,5,6,7,6,6,8,6,8,3,6,9,10,11,10,11,2,6,6,8,6,8,1,10,11,10,11,2,11,9,11,2,11,12,4,11,2,4
T:245|TOM subgroup #245 order 16|P2|1,2,2,2,2,3,4,5,6,7,7,7,7,1,1,1,8,9,10,9,2,2,2,11,9,10,2,2,2,11,9,2,2,2,11,2,2,2,11,5,4,6,3,6,6
T:246|TOM subgroup #246 order 16|P2|1,1,2,2,3,3,3,3,4,5,6,6,7,7,7,7,2,6,6,7,7,7,7,2,5,7,7,7,7,1,7,7,7,7,1,8,9,10,3,10,9,3,8,3,3
T:247|TOM subgroup #247 order 16|P2|1,2,1,2,3,4,3,4,5,3,5,3,2,4,2,4,1,3,6,7,8,7,8,2,3,2,4,2,4,1,7,8,7,8,2,8,6,8,3,8,9,4,8,3,4
T:248|TOM subgroup #248 order 16|P2|1,2,1,2,2,3,2,3,4,5,6,5,7,1,7,1,1,7,8,9,2,10,2,2,7,5,1,5,1,1,10,2,9,2,2,2,8,2,2,2,4,3,2,2,3
T:249|TOM subgroup #249 order 16|P2|1,2,1,2,3,3,3,3,4,2,4,2,3,3,3,3,1,2,5,6,6,6,6,2,2,3,3,3,3,1,6,6,6,6,2,7,8,9,3,9,8,3,7,3,3
T:250|TOM subgroup #250 order 16|P2|1,2,3,2,4,5,4,5,6,4,6,4,2,5,2,5,3,4,7,8,9,8,9,2,4,2,5,2,5,1,8,9,8,9,2,9,7,9,4,9,10,5,9,4,5
T:252|TOM subgroup #252 order 16|P2|1,2,3,2,4,5,4,5,6,4,6,4,2,5,2,5,3,4,6,1,5,3,5,2,4,2,5,2,5,1,3,5,1,5,2,5,6,5,4,5,7,5,5,4,5
T:254|TOM subgroup #254 order 16|P2|1,2,3,2,4,4,4,4,5,6,7,6,8,8,8,8,3,6,9,10,10,10,10,2,6,8,8,8,8,1,10,10,10,10,2,11,12,11,4,11,12,4,11,4,4
T:255|TOM subgroup #255 order 16|P2|1,1,2,3,4,5,4,3,2,6,7,1,8,1,9,1,7,7,1,9,1,8,1,7,2,10,2,10,2,11,4,3,4,5,2,4,12,4,10,4,3,2,4,10,2
T:257|TOM subgroup #257 order 16|P2|1,2,2,3,4,5,1,3,4,6,6,1,7,1,8,1,9,10,2,11,2,6,2,11,2,11,2,6,2,11,4,3,1,5,4,4,9,4,12,1,3,4,1,7,4
T:258|TOM subgroup #258 order 16|P2|1,2,1,2,3,4,3,4,5,6,7,6,8,8,8,8,1,6,9,10,10,10,10,2,6,8,8,8,8,1,10,10,10,10,2,11,12,11,4,11,12,3,11,4,3
T:259|TOM subgroup #259 order 16|P2|1,2,1,2,3,3,3,3,4,5,6,5,7,7,7,7,1,5,8,9,9,9,9,2,5,7,7,7,7,1,9,9,9,9,2,10,11,10,3,10,11,3,10,3,3
T:260|TOM subgroup #260 order 16|P2|1,2,1,2,3,3,3,3,4,5,6,5,7,7,7,7,1,5,8,9,9,9,9,2,5,7,7,7,7,1,9,9,9,9,2,10,11,10,3,10,11,3,10,3,3
T:261|TOM subgroup #261 order 16|P2|1,2,1,2,3,3,3,3,4,5,6,5,7,7,7,7,1,5,8,9,9,9,9,2,5,7,7,7,7,1,9,9,9,9,2,10,11,10,3,10,11,3,10,3,3
T:262|TOM subgroup #262 order 16|P2|1,2,1,2,3,3,3,3,4,5,6,5,7,7,7,7,1,5,8,9,9,9,9,2,5,7,7,7,7,1,9,9,9,9,2,10,11,10,3,10,11,3,10,3,3
T:264|TOM subgroup #264 order 16|P2|1,2,3,2,4,4,4,4,5,6,7,6,8,8,8,8,3,6,9,10,10,10,10,2,6,8,8,8,8,1,10,10,10,10,2,11,12,11,4,11,12,4,11,4,4
T:265|TOM subgroup #265 order 16|P2|1,2,2,3,4,2,5,2,3,6,6,7,8,6,4,6,7,9,10,6,11,2,9,10,10,6,9,2,11,10,7,10,3,10,12,6,1,6,7,2,9,10,2,3,10
T:266|TOM subgroup #266 order 16|P2|1,2,1,2,3,3,3,3,4,5,6,5,7,7,7,7,1,5,8,9,10,9,10,2,5,7,7,7,7,1,10,9,10,9,2,11,12,11,3,11,12,3,11,3,3
T:267|TOM subgroup #267 order 16|P2|1,1,2,2,3,3,4,4,5,6,7,7,7,7,8,8,1,7,7,7,7,8,8,1,9,10,10,11,11,3,10,10,11,11,3,9,11,11,2,11,11,2,12,4,4
T:268|TOM subgroup #268 order 16|P2|1,2,3,2,4,4,4,4,5,6,7,6,8,8,8,8,3,6,9,10,10,10,10,2,6,8,8,8,8,1,10,10,10,10,2,11,12,11,4,11,12,4,11,4,4
T:269|TOM subgroup #269 order 16|P2|1,1,2,2,3,3,3,3,4,5,6,7,8,8,8,8,1,7,6,8,8,8,8,1,9,10,10,10,10,2,10,10,10,10,2,11,12,12,3,12,12,3,11,3,3
T:270|TOM subgroup #270 order 16|P2|1,1,2,2,3,3,2,2,4,5,6,6,7,7,6,6,1,6,6,7,7,6,6,1,8,9,9,10,10,2,9,9,10,10,2,11,9,9,3,9,9,3,8,2,2
T:271|TOM subgroup #271 order 16|P2|1,2,1,2,3,3,3,3,4,5,6,5,7,7,7,7,1,5,8,9,9,9,9,2,5,7,7,7,7,1,9,9,9,9,2,10,11,10,3,10,11,3,10,3,3
T:272|TOM subgroup #272 order 16|P2|1,2,1,2,3,3,3,3,4,5,6,5,7,7,7,7,1,5,8,9,9,9,9,2,5,7,7,7,7,1,9,9,9,9,2,10,11,10,3,10,11,3,10,3,3
T:273|TOM subgroup #273 order 16|P2|1,2,1,2,3,4,3,4,5,6,7,6,6,8,6,8,1,6,9,10,11,10,11,3,6,6,8,6,8,1,10,11,10,11,3,11,9,11,2,11,12,4,11,2,4
T:274|TOM subgroup #274 order 16|P2|1,2,1,2,3,4,3,4,5,6,7,6,6,8,6,8,1,6,9,10,11,10,11,3,6,6,8,6,8,1,10,11,10,11,3,11,9,11,2,11,12,4,11,2,4
T:275|TOM subgroup #275 order 16|P2|1,2,1,2,2,3,2,3,4,5,6,5,5,7,5,7,1,5,8,9,10,9,10,2,5,5,7,5,7,1,9,10,9,10,2,10,8,10,2,10,11,3,10,2,3
T:277|TOM subgroup #277 order 16|P2|1,2,1,2,3,4,3,4,5,6,7,6,8,9,8,9,3,6,10,9,11,9,11,4,6,8,9,8,9,3,9,11,9,11,4,6,7,6,1,6,10,2,6,1,2
T:278|TOM subgroup #278 order 16|P2|1,1,1,1,2,2,2,2,3,4,5,4,6,7,6,7,1,4,5,7,6,7,6,1,4,6,7,6,7,1,7,6,7,6,1,8,9,8,2,8,9,2,8,2,2
T:279|TOM subgroup #279 order 16|P2|1,1,2,2,3,3,2,2,4,4,2,2,3,3,2,2,1,2,2,3,3,2,2,1,5,6,6,7,7,2,6,6,7,7,2,8,6,6,3,6,6,3,5,2,2
T:280|TOM subgroup #280 order 16|P2|1,1,1,1,2,2,2,2,3,4,5,4,6,7,6,7,1,4,5,7,6,7,6,1,4,6,7,6,7,1,7,6,7,6,1,8,9,8,2,8,9,2,8,2,2
T:281|TOM subgroup #281 order 16|P2|1,2,1,2,2,3,2,3,4,5,6,5,5,7,5,7,3,5,8,9,5,10,5,2,5,5,7,5,7,3,10,5,9,5,2,5,8,5,2,5,6,1,5,2,1
T:282|TOM subgroup #282 order 16|P2|1,1,1,1,2,2,2,2,3,4,5,6,7,8,7,8,1,6,5,8,7,8,7,1,4,7,8,7,8,1,8,7,8,7,1,9,10,9,2,9,10,2,9,2,2
T:283|TOM subgroup #283 order 16|P2|1,1,1,1,2,2,2,2,3,4,5,6,7,7,7,7,1,6,5,7,7,7,7,1,4,7,7,7,7,1,7,7,7,7,1,8,9,9,2,9,9,2,8,2,2
T:284|TOM subgroup #284 order 16|P2|1,1,1,1,2,2,2,2,3,4,5,6,7,7,8,8,1,6,5,7,7,8,8,1,4,8,8,7,7,1,8,8,7,7,1,9,10,10,2,10,10,2,9,2,2
T:285|TOM subgroup #285 order 16|P2|1,2,1,2,2,3,2,3,4,5,6,5,5,7,5,7,3,5,8,9,5,9,5,2,5,5,7,5,7,3,9,5,9,5,2,5,8,5,2,5,6,1,5,2,1
T:286|TOM subgroup #286 order 16|P2|1,2,3,2,4,4,4,4,5,2,5,2,4,4,4,4,3,2,6,7,7,7,7,2,2,4,4,4,4,1,7,7,7,7,2,8,9,8,4,8,9,4,8,4,4
T:287|TOM subgroup #287 order 16|P2|1,1,1,1,2,3,2,3,4,5,6,7,8,8,8,8,1,7,6,8,8,8,8,1,5,8,8,8,8,1,8,8,8,8,1,9,10,9,3,9,10,2,9,3,2
T:288|TOM subgroup #288 order 16|P2|1,1,2,2,3,3,3,3,4,5,6,7,8,8,8,8,2,7,6,8,8,8,8,2,5,8,8,8,8,1,8,8,8,8,1,9,10,10,3,10,10,3,9,3,3
T:289|TOM subgroup #289 order 16|P2|1,2,1,2,3,2,3,2,4,2,4,2,3,2,3,2,1,2,5,6,7,8,9,2,2,3,2,3,2,1,8,9,6,7,2,6,10,8,3,8,5,2,6,3,2
T:290|TOM subgroup #290 order 16|P2|1,2,1,2,3,4,3,4,5,6,7,8,9,10,9,10,2,8,7,10,9,10,9,1,6,9,10,9,10,2,10,9,10,9,1,11,12,11,4,11,12,3,11,4,3
T:291|TOM subgroup #291 order 16|P2|1,1,1,1,2,2,2,2,3,4,5,6,7,7,7,7,1,6,5,7,7,7,7,1,4,7,7,7,7,1,7,7,7,7,1,8,9,8,2,8,9,2,8,2,2
T:292|TOM subgroup #292 order 16|P2|1,2,3,2,4,4,4,4,5,2,5,2,4,4,4,4,3,2,6,7,7,7,7,2,2,4,4,4,4,1,7,7,7,7,2,8,9,8,4,8,9,4,8,4,4
T:293|TOM subgroup #293 order 16|P2|1,1,2,2,3,3,3,3,4,5,6,7,8,8,8,8,2,7,6,8,8,8,8,2,5,8,8,8,8,1,8,8,8,8,1,9,10,9,3,9,10,3,9,3,3
T:294|TOM subgroup #294 order 16|P2|1,2,3,2,4,5,4,5,6,2,6,2,4,5,4,5,3,4,7,8,9,8,9,4,4,2,5,2,5,1,8,9,8,9,4,9,7,9,2,9,10,5,9,2,5
T:295|TOM subgroup #295 order 16|P2|1,2,3,2,4,5,4,5,6,4,7,4,8,9,8,9,3,4,6,1,5,3,5,2,4,8,9,8,9,1,3,5,1,5,2,9,7,9,4,9,10,5,9,4,5
T:296|TOM subgroup #296 order 16|P2|1,1,2,2,3,3,3,3,4,5,6,7,8,9,8,9,2,7,6,9,8,9,8,2,5,8,9,8,9,1,9,8,9,8,1,10,11,10,3,10,11,3,10,3,3
T:297|TOM subgroup #297 order 16|P2|1,2,2,3,2,4,2,3,1,5,5,1,6,1,6,1,7,8,2,9,2,10,2,6,2,10,2,9,2,6,2,3,2,4,1,2,8,2,5,2,3,1,2,5,1
T:298|TOM subgroup #298 order 16|P2|1,1,1,1,2,2,2,2,3,4,5,6,7,8,7,8,1,6,5,8,7,8,7,1,4,7,8,7,8,1,8,7,8,7,1,9,10,9,2,9,10,2,9,2,2
T:299|TOM subgroup #299 order 16|P2|1,1,2,2,3,4,3,4,5,6,7,6,1,8,2,8,2,6,7,2,8,1,8,2,6,2,8,1,8,1,1,8,2,8,1,4,5,4,3,4,9,4,4,3,4
T:300|TOM subgroup #300 order 16|P2|1,2,1,2,1,2,1,2,3,4,5,4,6,7,6,7,1,4,8,7,9,7,9,2,4,6,7,6,7,1,7,9,7,9,2,4,5,4,1,4,8,2,4,1,2
T:301|TOM subgroup #301 order 16|P2|1,1,1,1,2,2,2,2,3,4,5,4,6,6,6,6,1,4,5,6,6,6,6,1,4,6,6,6,6,1,6,6,6,6,1,7,8,7,2,7,8,2,7,2,2
T:302|TOM subgroup #302 order 16|P2|1,2,2,2,2,3,4,4,5,6,6,6,6,1,1,1,7,8,8,9,2,2,2,10,9,8,2,2,2,10,8,2,2,2,10,2,2,2,10,4,4,5,3,5,5
T:303|TOM subgroup #303 order 16|P2|1,2,3,3,4,4,5,5,6,2,3,3,4,4,5,5,6,7,7,2,2,7,7,8,9,5,5,10,10,11,5,5,10,10,11,1,3,3,6,3,3,6,9,11,11
T:304|TOM subgroup #304 order 16|P2|1,1,1,1,2,3,3,4,5,6,7,8,9,1,1,1,10,8,7,9,1,1,1,10,6,9,1,1,1,10,9,1,1,1,10,2,2,2,11,4,3,5,3,5,5
T:305|TOM subgroup #305 order 16|P2|1,1,1,1,2,3,4,5,6,7,8,8,9,1,1,1,10,8,8,9,1,1,1,10,7,9,1,1,1,10,9,1,1,1,10,2,2,2,11,5,4,6,3,6,6
T:306|TOM subgroup #306 order 16|P2|1,2,3,3,4,5,6,6,7,2,3,3,5,4,6,6,7,8,8,2,2,8,8,9,10,6,6,11,11,12,6,6,11,11,12,1,3,3,7,3,3,7,10,12,12
T:307|TOM subgroup #307 order 16|P2|1,2,3,4,5,6,5,6,7,5,7,5,2,6,4,6,3,5,7,3,6,1,6,4,5,4,6,2,6,1,1,6,3,6,2,6,7,6,5,6,8,6,6,5,6
T:308|TOM subgroup #308 order 16|P2|1,2,3,4,5,1,6,3,7,4,7,2,1,5,3,6,3,4,8,2,4,2,4,2,2,3,6,1,5,1,4,2,4,2,4,1,7,3,6,3,7,3,1,5,1
T:309|TOM subgroup #309 order 16|P2|1,2,3,2,4,4,5,5,6,2,6,2,5,5,4,4,3,2,7,2,2,2,2,2,2,4,4,5,5,1,2,2,2,2,2,3,6,1,5,1,6,5,3,4,4
T:310|TOM subgroup #310 order 16|P2|1,2,3,2,4,4,5,5,6,2,6,2,5,5,4,4,3,2,7,2,2,2,2,2,2,4,4,5,5,1,2,2,2,2,2,3,6,1,5,1,6,5,3,4,4
T:311|TOM subgroup #311 order 16|P2|1,2,3,4,5,1,5,3,6,3,6,1,5,4,5,2,3,1,6,5,3,5,1,4,3,5,2,5,4,1,5,1,5,3,2,5,7,5,5,5,6,3,5,5,1
T:312|TOM subgroup #312 order 16|P2|1,2,1,2,1,2,1,2,3,4,5,6,7,8,7,8,2,6,5,8,7,8,7,1,4,7,8,7,8,2,8,7,8,7,1,4,5,6,2,6,5,1,4,2,1
T:320|TOM subgroup #320 order 16|P2|1,2,3,3,4,5,6,6,7,1,1,1,1,1,1,1,8,6,6,5,4,3,3,7,5,6,3,4,2,7,6,3,2,4,7,2,3,3,7,6,6,7,5,7,7
T:321|TOM subgroup #321 order 16|P2|1,2,2,2,1,3,4,2,3,5,5,5,6,1,1,5,1,7,7,5,2,2,8,2,8,5,2,2,7,2,5,2,2,7,2,1,1,5,1,3,2,4,2,3,2
T:322|TOM subgroup #322 order 16|P2|1,2,2,3,4,3,4,5,6,2,2,3,4,3,4,5,6,7,4,8,4,8,9,10,4,8,4,8,9,10,2,1,2,6,5,2,7,10,9,2,6,5,10,9,11
T:323|TOM subgroup #323 order 16|P2|1,2,2,2,1,3,4,2,3,5,5,5,6,1,1,5,1,7,7,5,2,2,8,2,8,5,2,2,7,2,5,2,2,7,2,1,1,5,1,3,2,4,2,3,2
T:324|TOM subgroup #324 order 16|P2|1,2,3,4,5,4,6,3,2,7,5,8,9,8,1,5,7,4,10,8,10,2,4,11,2,1,2,3,6,4,7,11,4,2,10,7,5,1,8,4,2,10,3,2,4
T:325|TOM subgroup #325 order 16|P2|1,2,3,2,4,3,2,2,5,6,4,6,7,4,6,6,1,2,8,6,2,9,8,2,2,1,5,2,2,3,6,2,8,9,2,1,6,6,4,2,2,3,8,2,2
T:326|TOM subgroup #326 order 16|P2|1,2,1,2,2,3,2,3,4,5,6,5,5,1,5,1,1,5,7,8,2,8,2,2,5,5,1,5,1,1,8,2,8,2,2,2,7,2,2,2,4,3,2,2,3
T:327|TOM subgroup #327 order 16|P2|1,1,2,2,1,1,2,2,3,4,5,5,6,6,7,7,1,5,5,6,6,7,7,1,8,7,7,9,9,2,7,7,9,9,2,4,5,5,1,5,5,1,8,2,2
T:328|TOM subgroup #328 order 16|P2|1,2,3,4,3,3,4,3,5,2,3,4,3,3,4,3,5,6,5,6,6,5,6,7,3,8,9,3,9,6,3,3,1,3,2,9,3,9,6,3,8,6,3,2,6
T:329|TOM subgroup #329 order 16|P2|1,2,2,2,3,4,5,5,2,6,6,6,7,1,3,3,6,8,9,6,2,2,2,8,8,6,2,2,2,9,6,2,2,2,8,3,1,1,6,5,5,2,4,2,2
T:330|TOM subgroup #330 order 16|P2|1,2,3,2,1,3,4,4,5,1,6,1,7,6,6,6,1,4,5,1,4,3,3,2,4,6,8,9,9,3,1,4,3,3,2,6,6,6,1,9,9,3,8,4,4
T:331|TOM subgroup #331 order 16|P2|1,2,3,2,1,4,5,5,4,6,1,6,7,6,1,1,6,2,8,6,9,4,4,9,2,1,4,5,5,4,6,9,4,4,9,6,1,1,6,2,2,8,3,2,2
T:332|TOM subgroup #332 order 16|P2|1,2,3,2,4,3,2,2,5,6,4,6,7,4,6,6,1,2,8,6,2,9,8,2,2,1,5,2,2,3,6,2,8,9,2,1,6,6,4,2,2,3,8,2,2
T:333|TOM subgroup #333 order 16|P2|1,2,2,3,4,5,2,2,5,6,6,1,7,4,6,6,4,8,2,6,2,9,9,2,2,6,2,9,9,2,4,5,2,2,5,1,6,6,1,2,2,3,8,2,2
T:334|TOM subgroup #334 order 16|P2|1,2,2,3,3,4,4,5,6,7,7,1,1,7,7,1,8,9,4,4,10,10,2,11,4,4,10,10,2,11,5,2,2,3,6,2,2,3,6,9,4,11,4,11,6
T:335|TOM subgroup #335 order 16|P2|1,2,2,2,2,3,4,4,5,6,6,6,6,1,1,1,7,8,9,8,2,2,2,10,8,9,2,2,2,10,8,2,2,2,10,2,2,2,10,4,4,5,3,5,5
T:336|TOM subgroup #336 order 16|P2|1,2,2,3,3,4,4,5,6,7,7,1,1,7,7,1,8,9,4,4,10,10,2,11,4,4,10,10,2,11,5,2,2,3,6,2,2,3,6,9,4,11,4,11,6
T:337|TOM subgroup #337 order 16|P2|1,2,3,4,5,4,4,3,4,1,1,6,7,6,6,1,6,3,4,5,4,4,3,4,4,5,4,4,2,4,8,9,9,4,10,8,8,5,8,10,4,9,4,9,4
T:338|TOM subgroup #338 order 16|P2|1,1,2,2,1,1,2,2,3,4,5,5,6,6,5,5,7,5,5,6,6,5,5,7,8,5,5,9,9,10,5,5,9,9,10,4,5,5,7,5,5,7,8,10,10
T:339|TOM subgroup #339 order 16|P2|1,2,3,3,4,3,5,3,6,1,4,4,7,4,1,4,1,3,3,4,3,6,3,5,2,1,5,3,6,3,1,6,3,5,3,1,4,1,4,3,2,3,3,2,3
T:340|TOM subgroup #340 order 16|P2|1,2,3,4,1,5,2,2,2,1,1,1,6,1,1,1,1,2,2,1,2,5,3,4,5,1,4,2,2,2,1,3,2,2,2,1,1,1,1,2,2,2,4,3,5
T:341|TOM subgroup #341 order 16|P2|1,1,1,1,1,1,1,1,2,3,4,4,5,6,4,4,7,4,4,6,5,4,4,7,3,4,4,6,5,7,4,4,5,6,7,3,4,4,7,4,4,7,3,7,7
T:342|TOM subgroup #342 order 16|P2|1,1,1,1,2,2,2,2,3,4,5,4,6,6,6,6,7,4,5,6,6,6,6,7,4,6,6,6,6,7,6,6,6,6,7,8,9,8,10,8,9,10,8,10,10
T:343|TOM subgroup #343 order 16|P2|1,2,3,3,1,4,3,3,5,2,3,3,4,1,3,3,5,6,6,2,2,6,6,7,8,3,3,9,9,10,3,3,9,9,10,1,3,3,5,3,3,5,8,10,10
T:344|TOM subgroup #344 order 16|P2|1,1,1,1,2,2,2,2,3,4,5,5,6,6,6,6,1,5,5,6,6,6,6,1,4,6,6,6,6,1,6,6,6,6,1,7,8,8,2,8,8,2,7,2,2
T:345|TOM subgroup #345 order 16|P2|1,2,1,2,3,3,3,3,4,5,6,5,7,7,7,7,2,5,6,7,7,7,7,1,5,7,7,7,7,2,7,7,7,7,1,8,9,8,3,8,9,3,8,3,3
T:346|TOM subgroup #346 order 16|P2|1,1,2,2,3,3,3,3,4,5,6,6,7,7,7,7,2,6,6,7,7,7,7,2,5,7,7,7,7,1,7,7,7,7,1,8,9,9,3,9,9,3,8,3,3
T:347|TOM subgroup #347 order 16|P2|1,1,2,3,2,4,2,3,2,5,6,1,7,1,6,1,7,7,1,6,1,7,1,6,2,8,2,9,2,8,2,3,2,4,2,2,8,2,9,2,3,2,2,8,2
T:348|TOM subgroup #348 order 16|P2|1,2,3,3,1,2,2,4,2,5,1,1,6,5,5,1,5,2,2,5,7,8,2,7,4,1,2,2,3,2,1,2,2,3,2,5,5,1,5,7,2,8,2,7,2
T:349|TOM subgroup #349 order 16|P2|1,2,3,4,1,3,5,5,2,1,1,1,6,1,1,1,1,5,2,1,5,3,3,4,3,1,4,2,2,5,1,3,5,5,2,1,1,1,1,2,2,5,4,3,3
T:350|TOM subgroup #350 order 16|P2|1,1,1,1,2,2,2,2,3,4,5,4,6,7,6,7,2,4,5,7,6,7,6,2,4,6,7,6,7,2,7,6,7,6,2,4,5,4,1,4,5,1,4,1,1
T:351|TOM subgroup #351 order 16|P2|1,2,1,2,3,4,3,4,5,2,5,2,4,3,4,3,1,2,6,2,2,2,2,2,2,4,3,4,3,1,2,2,2,2,2,1,5,1,3,1,5,4,1,3,4
T:352|TOM subgroup #352 order 16|P2|1,2,1,2,1,2,1,2,3,4,5,4,6,7,6,7,2,4,5,7,6,7,6,1,4,6,7,6,7,2,7,6,7,6,1,4,5,4,2,4,5,1,4,2,1
T:353|TOM subgroup #353 order 16|P2|1,2,1,2,3,4,3,4,5,2,5,2,4,3,4,3,1,2,6,2,2,2,2,2,2,4,3,4,3,1,2,2,2,2,2,1,5,1,3,1,5,4,1,3,4
T:354|TOM subgroup #354 order 16|P2|1,2,3,4,5,2,3,4,6,1,1,1,1,1,1,1,7,4,3,2,5,4,3,6,2,3,4,5,2,6,4,3,2,5,6,2,3,4,6,4,3,6,2,6,6
T:355|TOM subgroup #355 order 16|P2|1,2,2,3,3,2,2,4,5,1,1,1,1,1,1,1,6,4,2,2,3,3,2,5,2,2,3,3,2,5,4,2,2,3,5,2,2,3,5,4,2,5,2,5,5
T:356|TOM subgroup #356 order 16|P2|1,2,3,3,4,3,5,3,5,1,4,4,6,4,1,4,1,3,3,4,3,5,3,5,2,1,5,3,5,3,1,5,3,5,3,1,4,1,4,3,2,3,3,2,3
T:357|TOM subgroup #357 order 16|P2|1,2,3,4,1,3,2,5,4,1,1,1,6,1,1,1,1,5,2,1,4,4,3,3,3,1,4,4,2,2,1,2,3,4,5,1,1,1,1,5,2,3,3,2,4
T:358|TOM subgroup #358 order 16|P2|1,2,2,3,1,2,2,4,3,1,1,1,5,1,1,1,1,4,2,1,3,3,2,2,2,1,3,3,2,2,1,2,2,3,4,1,1,1,1,4,2,2,2,2,3
T:359|TOM subgroup #359 order 16|P2|1,2,1,2,2,1,2,1,3,4,5,6,6,7,4,7,2,6,5,7,4,7,6,1,4,4,7,6,7,2,7,6,7,4,1,4,5,6,1,6,5,2,4,1,2
T:360|TOM subgroup #360 order 16|P2|1,1,2,3,4,3,5,2,4,5,2,3,4,3,1,4,2,4,3,2,3,1,2,4,3,5,3,4,1,1,3,6,3,3,3,3,2,1,1,3,3,3,4,2,5
T:361|TOM subgroup #361 order 16|P2|1,1,1,1,1,1,1,1,2,3,4,5,4,5,6,6,1,5,4,5,4,6,6,1,3,6,6,4,5,1,6,6,5,4,1,3,5,4,1,4,5,1,3,1,1
T:362|TOM subgroup #362 order 16|P2|1,2,3,2,4,5,5,4,6,2,3,2,5,4,4,5,6,3,1,5,5,4,4,6,3,3,3,3,3,7,4,4,5,5,6,2,1,2,6,2,1,6,2,6,6
T:363|TOM subgroup #363 order 16|P2|1,2,1,2,3,1,3,1,4,2,4,2,1,3,1,3,1,2,5,2,2,2,2,2,2,1,3,1,3,1,2,2,2,2,2,1,4,1,3,1,4,1,1,3,1
T:364|TOM subgroup #364 order 16|P2|1,1,1,1,1,1,1,1,2,3,4,4,5,5,5,5,1,4,4,5,5,5,5,1,3,5,5,5,5,1,5,5,5,5,1,3,4,4,1,4,4,1,3,1,1
T:365|TOM subgroup #365 order 16|P2|1,2,3,4,5,4,3,4,4,1,1,5,6,5,1,5,5,3,4,5,4,3,4,4,4,5,4,2,4,4,1,3,4,2,3,1,5,1,1,4,3,2,4,4,3
T:366|TOM subgroup #366 order 16|P2|1,2,2,3,4,2,2,4,5,1,1,1,1,1,1,1,6,4,2,2,4,3,2,5,2,2,3,4,2,5,4,2,2,4,5,2,2,3,5,4,2,5,2,5,5
T:368|TOM subgroup #368 order 18|0|1,2,1,3,1,2,4,2,5,6,7,1,7,6,8,6,8,6,2,6,9,10,9,10,1,7,6,8,6,8,1,2,5,2,4,6,8,6,8,10,9,10,10,11,10
T:369|TOM subgroup #369 order 18|0|1,2,2,3,4,4,3,1,5,4,3,2,2,3,4,1,5,2,1,3,1,4,3,5,4,1,3,1,4,5,2,1,3,4,5,4,1,3,5,2,2,5,2,5,5
T:371|TOM subgroup #371 order 18|0|1,1,1,1,2,1,1,2,3,4,5,6,1,5,7,1,8,6,5,1,7,5,1,8,7,1,5,4,1,8,1,4,5,1,8,1,1,2,3,6,1,8,1,8,3
T:372|TOM subgroup #372 order 18|0|1,2,2,2,3,3,3,1,4,2,2,2,3,3,3,1,4,5,5,6,6,6,2,7,5,6,6,6,2,7,6,6,6,2,7,8,8,3,9,8,3,9,3,9,4
T:373|TOM subgroup #373 order 18|0|1,2,2,2,3,4,3,1,5,2,2,2,4,3,3,1,5,6,6,7,7,7,2,8,6,7,7,7,2,8,7,7,7,2,8,9,9,3,10,9,3,10,4,10,5
T:375|TOM subgroup #375 order 18|0|1,2,3,4,5,4,5,4,6,7,8,1,1,1,1,1,9,10,2,2,2,2,2,11,3,3,3,3,3,12,4,5,4,5,6,4,5,4,6,4,5,6,4,6,6
T:376|TOM subgroup #376 order 18|0|1,2,3,4,5,4,2,4,6,1,7,5,8,5,1,5,9,3,4,5,4,2,4,6,6,9,6,3,6,10,1,2,4,2,3,1,5,1,7,4,2,3,4,6,3
T:377|TOM subgroup #377 order 18|0|1,2,3,4,1,3,2,4,3,5,6,1,7,6,8,1,6,9,2,8,9,10,2,9,3,6,11,9,3,11,1,3,2,4,3,6,5,1,6,9,3,11,2,9,3
T:378|TOM subgroup #378 order 18|0|1,2,3,4,5,2,4,2,6,7,8,5,8,7,3,7,9,7,2,7,10,2,10,11,1,8,7,5,7,9,3,2,4,2,6,7,1,7,9,2,10,11,2,6,11
T:379|TOM subgroup #379 order 18|0|1,2,3,1,2,3,1,4,5,1,6,7,1,6,7,8,6,5,1,2,3,1,4,3,6,3,9,6,10,9,1,6,7,8,6,5,1,4,3,6,10,9,8,6,10
T:380|TOM subgroup #380 order 18|0|1,2,1,3,2,4,5,2,6,2,1,5,2,3,4,2,6,2,2,7,2,2,7,8,4,2,5,3,2,6,2,1,1,2,6,2,2,7,8,1,2,6,2,6,8
T:381|TOM subgroup #381 order 18|0|1,2,2,1,3,3,3,1,4,1,1,5,1,1,1,5,6,2,1,3,3,3,1,4,1,3,3,3,1,4,1,1,1,5,6,2,2,1,4,2,1,4,1,4,6
T:382|TOM subgroup #382 order 18|0|1,1,1,1,1,1,2,2,3,4,5,6,5,4,1,1,7,4,5,6,5,1,1,7,4,5,6,1,1,7,4,5,1,1,7,4,1,1,7,1,1,7,2,3,3
T:383|TOM subgroup #383 order 18|0|1,2,2,2,1,2,2,2,3,2,2,2,1,2,2,2,3,4,4,2,5,5,5,6,4,2,5,5,5,6,2,5,5,5,6,2,2,2,3,4,4,6,4,6,6
T:385|TOM subgroup #385 order 18|0|1,2,2,2,3,4,4,4,5,6,6,6,1,6,6,6,7,8,8,4,9,9,9,10,8,4,9,9,9,10,4,9,9,9,10,2,2,2,5,8,8,10,8,10,10
T:386|TOM subgroup #386 order 18|0|1,2,3,3,3,3,2,1,4,3,2,3,3,2,3,1,4,1,1,3,3,2,3,4,1,3,2,3,3,4,2,3,3,2,4,1,1,2,4,1,3,4,3,4,4
T:387|TOM subgroup #387 order 18|0|1,2,1,2,3,4,3,4,1,1,5,1,6,7,6,7,5,1,2,3,4,3,4,1,1,6,7,6,7,5,3,4,3,4,1,8,9,10,6,10,11,7,8,6,7
T:389|TOM subgroup #389 order 18|0|1,1,1,1,1,1,2,2,3,4,5,6,5,4,1,1,7,4,5,6,5,1,1,7,4,5,6,1,1,7,4,5,1,1,7,4,1,1,7,1,1,7,2,3,3
T:390|TOM subgroup #390 order 18|0|1,2,3,4,2,1,3,4,5,4,4,2,2,3,1,3,5,4,3,1,2,3,1,5,1,3,1,2,2,5,1,3,2,4,5,4,4,3,5,4,2,5,1,5,5
T:392|TOM subgroup #392 order 20|0|1,1,2,3,4,1,1,5,4,1,2,3,4,1,1,5,4,2,3,4,1,1,5,4,6,7,2,2,8,7,9,3,3,10,9,4,4,11,12,1,5,4,5,4,11
T:393|TOM subgroup #393 order 20|0|1,2,3,3,1,2,3,3,4,5,1,1,6,7,1,1,8,2,2,7,9,2,2,10,3,1,2,3,3,4,1,2,3,3,4,5,1,1,8,2,2,10,3,4,4
T:394|TOM subgroup #394 order 20|0|1,2,1,2,1,2,1,2,3,1,4,1,5,1,4,1,6,1,2,1,2,1,2,3,1,4,1,5,1,6,1,2,1,2,3,1,4,1,6,1,2,3,1,6,3
T:395|TOM subgroup #395 order 20|0|1,1,2,1,1,3,4,4,3,4,3,3,4,1,1,2,1,4,3,3,1,1,1,2,4,3,1,1,1,1,4,2,1,1,1,1,2,1,1,3,4,4,3,4,3
T:396|TOM subgroup #396 order 20|0|1,2,1,2,2,1,2,1,3,3,1,2,2,1,2,1,2,2,4,4,2,4,2,4,3,2,1,2,1,2,4,2,4,2,4,3,4,2,4,2,1,2,3,4,2
T:397|TOM subgroup #397 order 20|0|1,2,2,3,2,4,2,2,5,2,2,4,2,3,2,2,5,6,2,7,2,7,6,8,2,6,2,7,7,8,2,1,2,2,5,2,6,7,8,2,2,5,6,8,8
T:398|TOM subgroup #398 order 20|0|1,1,2,1,1,3,1,2,4,5,6,7,7,1,5,6,8,6,5,7,1,7,6,8,6,6,2,6,9,10,5,1,7,6,8,1,5,6,8,1,2,4,6,8,10
T:400|TOM subgroup #400 order 20|2|1,2,3,2,1,3,2,2,2,4,5,4,6,5,4,4,4,7,8,4,7,9,8,9,7,5,10,7,7,7,4,7,9,9,8,5,4,4,4,7,7,7,8,8,9
T:401|TOM subgroup #401 order 20|2|1,2,3,1,4,2,3,4,5,2,3,4,1,2,3,4,5,6,2,2,7,8,2,9,3,3,8,10,3,11,4,2,3,1,5,2,3,1,5,6,2,9,3,11,5
T:402|TOM subgroup #402 order 20|2|1,2,3,4,1,3,5,2,4,1,6,1,7,6,8,1,1,3,2,1,3,5,4,4,3,6,9,10,3,3,1,3,5,4,2,6,8,1,1,10,3,3,5,5,2
T:403|TOM subgroup #403 order 20|2|1,2,3,1,1,2,3,4,1,1,1,5,6,1,1,7,8,3,1,1,3,2,4,1,1,1,2,2,4,1,8,1,1,7,6,1,1,7,5,3,4,1,4,1,7
T:404|TOM subgroup #404 order 20|2|1,1,2,2,3,4,4,3,5,3,5,4,1,4,2,3,2,4,5,3,2,4,1,2,3,2,3,1,4,1,4,1,3,2,1,2,5,1,4,1,5,3,2,3,4
T:405|TOM subgroup #405 order 20|0|1,2,2,3,3,2,2,1,4,2,2,3,1,2,2,3,4,5,2,2,6,6,2,7,2,2,6,6,2,7,1,2,2,1,4,2,2,3,4,5,2,7,2,7,4
T:406|TOM subgroup #406 order 20|0|1,2,2,3,2,4,2,3,2,5,5,1,5,1,5,1,5,6,2,7,2,7,2,6,2,6,2,7,2,7,2,3,2,4,2,2,6,2,7,2,3,2,2,6,2
T:407|TOM subgroup #407 order 21|0|1,1,2,3,4,4,3,2,3,2,4,3,4,2,3,1,3,1,3,2,4,3,4,3,3,1,2,3,4,3,3,3,5,3,5,1,3,2,3,3,1,3,3,5,3
T:408|TOM subgroup #408 order 21|0|1,2,1,3,1,1,1,1,4,2,1,3,1,1,1,1,4,2,5,2,2,2,2,6,3,1,1,1,1,4,3,3,3,3,7,1,1,1,4,1,1,4,1,4,4
T:409|TOM subgroup #409 order 21|0|1,1,1,2,1,1,2,1,2,1,1,2,1,1,2,1,2,1,2,1,1,2,1,2,2,1,1,2,1,2,2,2,3,2,3,1,2,1,2,2,1,2,2,3,2
T:412|TOM subgroup #412 order 24|2|1,1,1,2,3,4,5,1,6,2,1,1,3,4,5,1,6,1,1,3,4,5,1,6,1,3,4,5,2,6,3,4,5,1,6,7,8,3,9,10,4,11,5,12,6
T:413|TOM subgroup #413 order 24|2|1,2,2,3,4,5,2,2,6,2,2,3,4,5,2,2,6,1,3,4,5,2,2,6,3,4,5,2,2,6,7,8,3,3,9,10,4,4,11,5,5,12,1,6,6
T:416|TOM subgroup #416 order 24|2|1,2,3,2,2,2,2,2,4,2,4,2,2,2,2,2,3,5,6,7,7,7,7,5,5,5,5,5,5,8,7,7,7,7,5,7,6,7,5,7,6,5,7,5,5
T:417|TOM subgroup #417 order 24|2|1,1,2,3,1,1,1,1,4,5,6,6,7,7,7,7,1,6,6,7,7,7,7,1,8,6,6,6,6,3,6,6,6,6,2,5,7,7,1,7,7,1,5,1,1
T:418|TOM subgroup #418 order 24|2|1,2,2,2,3,2,2,2,4,5,5,5,6,5,5,5,1,7,7,8,7,7,9,2,9,8,7,7,7,2,8,7,7,7,2,8,8,8,3,9,7,2,7,2,2
T:419|TOM subgroup #419 order 24|2|1,2,2,3,4,3,3,3,5,6,6,1,1,1,1,1,7,8,2,2,2,2,2,9,2,2,2,2,2,9,3,3,3,4,5,3,3,3,5,4,3,5,3,5,5
T:420|TOM subgroup #420 order 24|2|1,1,1,2,1,2,1,2,1,3,3,1,4,1,5,1,6,3,1,6,1,4,1,5,1,5,1,6,1,4,1,2,1,2,1,1,3,1,3,1,2,1,1,3,1
T:421|TOM subgroup #421 order 24|2|1,1,1,2,1,1,2,1,2,3,3,1,4,3,1,3,1,3,1,3,4,1,3,1,1,3,3,1,4,1,1,1,2,1,2,3,1,3,1,1,3,1,1,2,1
T:422|TOM subgroup #422 order 24|2|1,1,2,3,3,2,1,3,2,1,2,2,3,3,1,2,3,3,2,2,3,1,3,2,4,5,4,3,4,4,4,5,3,4,4,4,2,4,4,2,4,4,2,3,5
T:423|TOM subgroup #423 order 24|2|1,2,3,1,3,1,3,4,3,5,6,7,6,7,6,8,6,9,5,9,5,9,10,9,6,11,6,11,12,11,6,7,6,8,6,6,11,12,11,6,8,6,12,11,12
T:424|TOM subgroup #424 order 24|2|1,2,3,2,3,3,1,1,4,5,4,5,1,1,6,6,6,2,7,2,2,5,5,5,2,3,3,1,1,1,2,2,5,5,5,3,4,1,1,1,4,1,6,6,6
T:425|TOM subgroup #425 order 24|2|1,1,1,1,1,1,1,2,1,3,4,5,4,4,3,6,3,5,4,4,4,3,6,3,3,3,3,4,6,4,3,3,4,6,4,3,4,6,5,5,6,4,6,3,6
T:426|TOM subgroup #426 order 24|2|1,2,3,4,3,3,1,1,5,4,5,2,1,1,3,3,3,2,6,2,2,4,4,4,4,3,3,1,1,1,4,4,2,2,2,3,5,1,1,1,5,1,3,3,3
T:427|TOM subgroup #427 order 24|2|1,2,1,2,1,2,1,3,2,4,5,4,5,4,5,6,7,7,8,4,8,4,9,8,4,5,4,5,6,4,7,8,4,9,8,4,5,6,4,7,9,8,6,4,9
T:428|TOM subgroup #428 order 24|2|1,2,2,3,3,3,3,1,4,2,2,3,3,3,3,1,4,5,6,6,6,6,2,7,6,6,6,6,2,7,8,8,8,3,9,8,8,3,9,8,3,9,3,9,4
T:429|TOM subgroup #429 order 24|2|1,2,2,3,4,3,3,3,4,4,4,5,6,5,5,5,6,2,3,4,3,3,3,1,3,1,3,3,3,4,5,7,7,7,5,5,5,5,6,7,7,5,7,5,5
T:430|TOM subgroup #430 order 24|2|1,2,1,3,1,4,1,2,5,2,1,2,4,1,1,3,5,3,6,2,2,3,6,7,2,1,1,4,2,5,2,3,2,6,7,1,1,3,5,1,2,5,2,5,7
T:431|TOM subgroup #431 order 24|2|1,2,2,3,1,2,2,3,4,2,3,2,1,2,3,2,4,5,5,3,6,5,5,7,5,2,5,6,5,7,2,5,5,6,7,3,2,2,4,5,5,7,5,7,7
T:433|TOM subgroup #433 order 24|0|1,2,3,4,4,5,4,4,6,7,8,1,1,1,1,1,9,10,2,2,2,2,2,11,3,3,3,3,3,12,4,4,5,4,6,4,4,5,6,4,4,6,4,6,6
T:435|TOM subgroup #435 order 24|0|1,1,2,2,3,3,3,3,4,5,6,7,1,1,1,1,1,7,6,1,1,1,1,1,8,2,2,2,2,2,2,2,2,2,2,4,3,3,3,3,3,3,4,3,3
T:436|TOM subgroup #436 order 24|0|1,2,2,2,3,2,2,2,4,5,5,5,6,5,5,5,3,7,8,5,8,8,8,2,8,5,8,8,8,2,5,7,8,8,2,5,5,5,1,8,8,2,7,2,2
T:438|TOM subgroup #438 order 24|0|1,2,3,3,2,3,3,4,5,6,1,1,6,1,1,1,7,2,2,8,2,2,2,9,4,2,3,3,3,5,2,3,3,3,5,2,2,2,9,4,3,5,3,5,5
T:439|TOM subgroup #439 order 24|0|1,2,2,2,2,2,2,3,1,4,4,4,4,4,4,5,6,7,8,8,8,8,9,4,8,8,8,8,9,4,7,8,8,9,4,8,8,9,4,7,9,4,9,4,5
T:440|TOM subgroup #440 order 24|0|1,2,3,4,4,5,4,4,6,7,7,3,2,1,3,2,8,7,1,3,2,1,3,8,2,1,3,2,1,8,4,4,5,4,6,4,4,5,6,4,4,6,4,6,6
T:441|TOM subgroup #441 order 24|0|1,2,2,3,1,3,2,3,3,4,4,5,6,5,4,5,5,7,8,4,8,7,8,8,8,4,8,7,8,8,5,9,8,9,9,5,4,5,5,8,9,9,8,8,9
T:442|TOM subgroup #442 order 24|0|1,1,1,2,1,2,1,2,1,3,4,1,3,1,5,1,5,5,1,3,1,5,1,4,1,5,1,3,1,3,1,2,1,2,1,1,4,1,5,1,2,1,1,3,1
T:443|TOM subgroup #443 order 24|0|1,1,1,2,1,2,1,2,1,3,4,1,4,1,4,1,4,4,1,4,1,4,1,4,1,4,1,4,1,3,1,2,1,2,1,1,3,1,4,1,2,1,1,4,1
T:444|TOM subgroup #444 order 24|0|1,1,2,2,3,2,3,1,4,1,4,2,3,2,3,1,2,2,4,3,2,3,1,2,5,6,5,6,2,5,6,5,6,2,5,6,7,3,6,6,4,5,3,6,2
T:445|TOM subgroup #445 order 24|0|1,2,1,3,3,4,3,1,5,2,1,3,4,3,3,1,5,2,2,2,2,2,2,6,4,3,3,3,1,5,1,1,1,3,5,1,1,3,5,1,3,5,4,5,5
T:446|TOM subgroup #446 order 24|0|1,2,3,2,4,3,3,5,2,1,4,1,6,4,4,4,1,5,2,4,3,3,3,2,3,1,2,2,2,3,4,3,5,3,2,1,1,1,4,2,2,5,2,3,3
T:448|TOM subgroup #448 order 24|2|1,1,2,3,4,4,4,4,5,1,5,2,4,4,4,4,3,3,5,4,4,4,4,2,1,4,4,4,4,1,4,4,4,4,1,6,7,8,4,8,7,4,6,4,4
T:449|TOM subgroup #449 order 24|2|1,2,1,3,1,3,1,2,4,1,5,1,6,1,7,1,1,1,4,1,2,1,3,3,1,7,1,6,1,1,1,3,1,2,2,1,5,1,1,1,4,2,1,1,3
T:450|TOM subgroup #450 order 24|2|1,2,1,3,1,3,1,2,4,1,5,1,6,1,7,1,1,1,4,1,2,1,3,3,1,7,1,6,1,1,1,3,1,2,2,1,5,1,1,1,4,2,1,1,3
T:451|TOM subgroup #451 order 24|2|1,2,3,4,4,1,2,3,5,2,5,4,4,1,2,3,3,4,6,7,2,8,4,4,2,2,3,4,1,1,8,4,7,2,2,4,6,2,2,2,5,3,4,4,1
T:457|TOM subgroup #457 order 24|2|1,1,1,1,2,2,2,3,4,5,6,7,8,8,8,1,9,7,6,8,8,8,1,9,5,8,8,8,1,9,8,8,8,1,9,10,10,2,11,10,2,11,2,11,4
T:458|TOM subgroup #458 order 24|2|1,2,2,3,3,3,4,5,6,2,2,3,3,3,5,4,6,7,8,8,8,2,2,9,8,8,8,2,2,9,10,10,3,3,11,10,3,3,11,3,3,11,1,6,6
T:459|TOM subgroup #459 order 24|2|1,2,3,2,4,5,6,2,7,2,3,2,5,4,6,2,7,8,9,2,2,8,9,10,8,6,6,11,8,12,2,2,8,9,10,1,3,2,7,3,2,7,8,12,10
T:460|TOM subgroup #460 order 24|2|1,1,1,2,2,3,4,5,6,7,7,8,8,1,1,1,9,7,8,8,1,1,1,9,8,8,1,1,1,9,10,2,2,2,11,2,2,2,11,5,4,6,3,6,6
T:461|TOM subgroup #461 order 24|2|1,2,3,2,4,1,4,5,6,2,6,2,4,1,4,3,5,2,7,8,2,8,2,2,2,4,5,4,1,1,8,2,8,2,2,4,9,4,4,4,6,3,4,4,1
T:462|TOM subgroup #462 order 24|2|1,2,3,3,2,1,4,4,5,5,3,3,2,1,4,4,2,3,3,1,2,4,4,1,6,3,3,7,7,3,3,3,7,7,3,5,4,4,1,4,4,2,8,4,4
T:463|TOM subgroup #463 order 24|2|1,2,3,2,1,2,2,2,2,4,1,4,5,4,4,4,4,2,6,4,7,8,7,6,2,1,2,2,2,2,4,6,7,8,7,4,4,4,4,6,7,8,6,7,6
T:464|TOM subgroup #464 order 24|2|1,2,3,4,4,1,2,3,5,2,5,4,4,1,2,3,3,2,6,7,2,8,2,2,4,4,3,2,1,1,9,4,7,4,4,4,6,4,4,2,5,3,2,2,1
T:465|TOM subgroup #465 order 24|2|1,2,3,2,4,1,4,3,5,2,5,2,4,1,4,3,3,2,6,7,2,7,2,2,2,4,3,4,1,1,7,2,7,2,2,4,8,4,4,4,5,3,4,4,1
T:466|TOM subgroup #466 order 24|2|1,1,1,1,2,1,2,1,3,4,5,6,7,6,7,4,1,6,5,7,6,7,4,1,4,7,4,7,6,1,7,4,7,6,1,7,8,7,2,7,5,1,7,2,1
T:467|TOM subgroup #467 order 24|2|1,2,3,4,5,3,6,2,4,5,7,1,8,7,5,5,1,3,2,1,3,4,4,6,3,7,9,3,3,3,5,3,2,6,4,7,1,1,5,3,3,3,4,2,2
T:468|TOM subgroup #468 order 24|2|1,1,1,1,2,1,2,1,3,4,5,6,7,6,7,4,1,6,5,7,6,7,4,1,4,7,4,7,6,1,7,4,7,6,1,7,8,7,2,7,5,1,7,2,1
T:470|TOM subgroup #470 order 24|2|1,2,1,2,3,3,3,3,4,4,1,2,3,3,3,3,2,2,5,6,6,6,6,5,4,3,3,3,3,2,6,6,6,6,5,7,8,9,6,9,8,6,7,6,6
T:471|TOM subgroup #471 order 24|2|1,2,3,2,4,1,4,3,5,2,5,2,4,1,4,3,3,6,7,8,2,8,6,6,6,9,3,9,10,10,8,2,8,6,6,4,11,9,9,4,5,3,9,9,10
T:472|TOM subgroup #472 order 24|2|1,2,3,4,2,4,3,5,6,7,1,1,7,1,1,1,8,2,2,9,2,2,2,10,5,2,4,3,4,6,2,3,4,3,6,2,2,2,10,5,3,6,4,6,6
T:474|TOM subgroup #474 order 24|2|1,2,3,2,2,1,2,4,5,2,5,2,2,1,2,3,4,2,6,7,2,7,2,2,2,2,4,2,1,1,7,2,7,2,2,2,6,2,2,2,5,3,2,2,1
T:475|TOM subgroup #475 order 24|2|1,2,3,2,4,4,5,5,1,2,4,2,3,4,5,5,1,5,6,5,5,7,7,2,5,1,1,2,2,4,5,5,7,7,2,1,2,2,4,2,2,3,6,5,5
T:476|TOM subgroup #476 order 24|2|1,2,3,2,1,2,3,2,4,2,4,2,1,2,3,2,3,2,5,2,6,2,6,2,2,3,2,1,2,1,2,6,2,6,2,2,4,2,3,2,5,2,2,1,2
T:477|TOM subgroup #477 order 24|2|1,1,2,2,3,1,4,4,5,6,7,7,1,6,7,7,8,7,7,1,6,7,7,8,9,4,7,10,10,11,4,7,10,10,11,1,2,2,5,7,7,8,9,11,11
T:478|TOM subgroup #478 order 24|2|1,2,3,3,4,4,4,1,5,1,3,3,4,4,4,2,5,3,3,4,4,4,1,5,6,7,7,7,3,8,7,7,7,3,8,9,9,4,10,9,4,10,4,10,5
T:479|TOM subgroup #479 order 24|2|1,2,3,4,1,3,2,3,5,1,6,1,7,6,1,6,8,3,2,1,3,4,3,5,3,6,9,3,9,10,1,3,2,3,5,6,1,6,8,3,9,10,3,5,10
T:480|TOM subgroup #480 order 24|2|1,2,3,3,4,2,3,3,4,4,5,5,6,4,5,5,6,3,3,4,2,3,3,1,7,5,3,8,8,5,5,3,8,8,5,1,5,5,6,3,3,4,7,5,5
T:481|TOM subgroup #481 order 24|2|1,2,1,3,4,5,4,3,6,4,7,1,8,4,8,1,4,4,6,1,3,1,5,3,1,8,4,8,1,4,4,2,4,3,5,1,7,4,1,1,6,3,4,1,2
T:482|TOM subgroup #482 order 24|2|1,2,3,2,4,2,1,2,5,2,5,2,3,2,1,2,4,2,6,2,7,2,7,2,2,1,2,4,2,1,2,7,2,7,2,2,5,2,1,2,6,2,2,3,2
T:483|TOM subgroup #483 order 24|2|1,1,1,2,1,3,1,3,1,4,4,1,5,1,6,1,6,4,1,6,1,6,1,5,1,6,1,5,1,6,1,3,1,3,1,1,4,1,4,1,2,1,1,4,1
T:484|TOM subgroup #484 order 24|2|1,2,1,2,3,3,3,3,4,4,1,2,3,3,3,3,2,2,1,3,3,3,3,1,4,3,3,3,3,2,3,3,3,3,1,5,6,6,3,6,6,3,5,3,3
T:485|TOM subgroup #485 order 24|2|1,1,1,2,3,4,3,4,3,5,5,1,6,3,7,3,7,5,1,7,3,7,3,6,1,7,3,6,3,7,3,4,3,4,3,1,5,1,5,1,2,1,1,5,1
T:486|TOM subgroup #486 order 24|2|1,1,1,2,1,3,1,3,1,4,5,1,6,1,6,1,5,6,1,5,1,5,1,6,1,4,1,6,1,5,1,3,1,3,1,1,5,1,6,1,2,1,1,4,1
T:489|TOM subgroup #489 order 24|2|1,2,3,3,4,4,4,2,5,2,3,3,4,4,4,2,5,3,3,4,4,4,1,5,6,7,7,7,3,8,7,7,7,3,8,9,9,4,10,9,4,10,4,10,5
T:490|TOM subgroup #490 order 24|2|1,2,1,3,2,3,2,3,2,4,5,6,4,6,4,6,4,4,7,8,7,9,7,8,6,4,6,4,6,4,7,10,7,10,7,7,8,7,9,7,10,7,7,8,7
T:491|TOM subgroup #491 order 24|2|1,2,3,3,4,4,4,2,5,2,3,3,4,4,4,2,5,3,3,4,4,4,1,5,6,7,7,7,3,8,7,7,7,3,8,9,9,4,10,9,4,10,4,10,5
T:492|TOM subgroup #492 order 24|2|1,2,2,3,4,4,3,4,5,2,2,3,4,4,3,4,5,6,2,7,7,2,7,8,2,7,7,2,7,8,4,4,1,4,5,9,4,9,10,4,9,10,4,5,10
T:493|TOM subgroup #493 order 24|2|1,2,2,3,1,2,2,3,4,5,5,1,6,7,7,1,8,9,2,7,10,10,2,11,2,7,10,10,2,11,1,2,2,3,4,5,5,1,8,9,2,11,2,11,4
T:494|TOM subgroup #494 order 24|2|1,2,3,3,1,2,3,3,4,1,5,5,6,1,7,7,8,3,3,1,2,3,3,4,9,7,3,10,10,11,7,3,10,10,11,1,5,5,8,3,3,4,9,11,11
T:495|TOM subgroup #495 order 24|2|1,2,1,3,1,2,1,3,4,5,6,1,7,5,7,1,5,5,4,5,8,5,2,8,1,7,5,7,1,5,1,2,1,3,2,5,6,1,5,5,4,8,1,5,2
T:496|TOM subgroup #496 order 24|2|1,2,3,2,3,2,1,2,4,2,4,2,3,2,1,2,3,5,6,5,7,2,7,5,5,8,5,3,5,8,5,7,2,7,5,5,4,5,8,2,6,5,2,3,5
T:497|TOM subgroup #497 order 24|0|1,1,1,2,2,3,4,5,6,7,7,8,8,1,1,1,9,7,8,8,1,1,1,9,8,8,1,1,1,9,10,2,2,2,11,2,2,2,11,5,4,6,3,6,6
T:499|TOM subgroup #499 order 24|0|1,2,3,2,3,2,1,2,4,2,4,2,3,2,1,2,3,2,5,2,6,2,7,2,2,1,2,3,2,1,2,7,2,6,2,2,4,2,1,2,5,2,2,3,2
T:500|TOM subgroup #500 order 24|0|1,2,2,3,1,4,4,3,5,1,1,1,6,7,7,1,1,3,5,1,4,4,2,3,2,1,4,4,5,3,1,4,4,3,2,7,7,1,1,8,4,4,4,4,2
T:502|TOM subgroup #502 order 24|0|1,2,3,2,1,2,4,2,5,2,5,2,1,2,3,2,4,6,7,2,8,6,8,6,6,4,6,9,6,9,2,8,6,8,6,2,5,2,3,6,7,6,6,9,6
T:503|TOM subgroup #503 order 24|0|1,2,2,3,2,2,3,2,2,2,2,3,2,2,3,2,2,4,2,5,5,2,4,6,2,6,4,2,5,5,2,2,1,2,2,5,2,4,4,2,6,4,2,2,5
T:504|TOM subgroup #504 order 24|0|1,2,3,2,3,4,1,4,5,2,5,2,3,4,1,4,3,4,6,4,7,2,7,4,4,1,2,3,2,1,4,7,2,7,4,2,5,2,1,4,6,2,4,3,2
T:505|TOM subgroup #505 order 24|0|1,1,1,2,1,3,1,3,1,4,5,1,6,1,6,1,5,6,1,5,1,5,1,6,1,6,1,4,1,5,1,3,1,3,1,1,5,1,4,1,2,1,1,6,1
T:506|TOM subgroup #506 order 24|0|1,2,2,2,3,3,3,3,4,2,2,2,3,3,3,3,4,5,5,6,6,6,6,7,5,6,6,6,6,7,6,6,6,6,7,8,9,8,10,8,9,10,8,10,10
T:507|TOM subgroup #507 order 24|0|1,2,2,3,1,2,2,3,4,2,2,3,1,2,2,3,4,5,6,2,7,7,8,9,6,2,7,7,8,9,3,8,8,10,11,2,2,3,4,5,6,9,6,9,11
T:508|TOM subgroup #508 order 24|0|1,2,3,2,3,2,3,4,3,2,3,2,3,2,3,4,3,5,6,5,6,5,7,5,5,8,5,9,10,8,5,6,5,7,5,5,8,10,9,5,7,5,10,8,10
T:509|TOM subgroup #509 order 24|2|1,1,2,3,4,4,4,4,5,1,5,2,4,4,4,4,3,3,5,4,4,4,4,2,1,4,4,4,4,1,4,4,4,4,1,6,7,6,4,6,7,4,6,4,4
T:510|TOM subgroup #510 order 24|2|1,1,1,2,1,3,1,3,1,4,4,1,5,1,6,1,5,4,1,5,1,5,1,6,1,6,1,5,1,5,1,3,1,3,1,1,4,1,4,1,2,1,1,4,1
T:511|TOM subgroup #511 order 24|2|1,2,3,4,1,2,3,4,5,5,4,3,2,1,4,3,2,3,4,1,2,3,4,1,6,4,3,7,6,4,3,4,6,7,3,5,4,3,2,3,4,1,6,4,3
T:513|TOM subgroup #513 order 24|2|1,2,1,2,3,2,3,2,4,5,6,7,1,5,1,7,8,7,9,2,10,2,9,11,5,1,7,1,5,8,2,9,2,10,11,2,3,2,4,2,9,11,2,4,11
T:514|TOM subgroup #514 order 24|2|1,1,1,2,3,3,2,1,4,5,6,1,7,7,1,6,8,6,1,7,7,1,6,8,1,7,7,1,5,8,3,3,2,1,4,9,3,7,10,3,7,10,1,4,8
T:515|TOM subgroup #515 order 24|2|1,2,1,2,1,3,1,2,4,5,6,5,7,1,6,5,8,5,9,5,2,5,9,10,5,6,1,7,5,8,5,2,5,9,10,1,6,5,8,1,2,4,5,8,10
T:516|TOM subgroup #516 order 24|2|1,2,2,3,4,2,2,3,4,5,5,4,6,5,5,4,6,7,2,5,8,8,2,5,2,5,8,8,2,5,4,2,2,3,1,5,5,1,6,7,2,5,2,5,4
T:517|TOM subgroup #517 order 24|0|1,1,1,1,1,1,1,1,2,3,4,4,4,4,4,4,5,4,4,4,4,4,4,5,3,4,4,4,4,5,4,4,4,4,5,3,4,4,5,4,4,5,3,5,5
T:518|TOM subgroup #518 order 24|2|1,1,1,2,1,3,1,2,1,4,5,1,6,1,6,1,5,6,1,5,1,5,1,6,1,4,1,6,1,5,1,2,1,3,1,1,5,1,6,1,2,1,1,4,1
T:519|TOM subgroup #519 order 24|2|1,2,2,2,2,3,3,1,4,2,2,2,2,3,3,1,4,5,6,5,7,7,2,8,5,6,7,7,2,8,5,7,7,2,8,7,7,2,8,9,3,10,3,10,4
T:520|TOM subgroup #520 order 24|0|1,2,3,2,1,2,3,2,4,2,4,2,1,2,3,2,3,2,5,2,6,2,6,2,2,3,2,1,2,1,2,6,2,6,2,2,4,2,3,2,5,2,2,1,2
T:521|TOM subgroup #521 order 24|0|1,2,1,2,1,2,3,2,4,5,6,5,6,5,1,5,7,5,8,5,9,2,8,10,5,6,5,1,5,7,5,8,2,9,10,5,1,5,7,2,8,10,2,4,10
T:522|TOM subgroup #522 order 25|P5|1,2,1,3,1,2,1,3,1,1,4,1,4,1,5,1,5,1,2,1,3,1,3,1,1,5,1,4,1,5,1,3,1,2,1,1,5,1,4,1,2,1,1,4,1
T:523|TOM subgroup #523 order 27|P3|1,2,2,2,3,3,3,1,4,2,2,2,3,3,3,1,4,5,5,6,6,6,2,7,5,6,6,6,2,7,6,6,6,2,7,8,8,3,9,8,3,9,3,9,4
T:524|TOM subgroup #524 order 27|P3|1,2,2,2,2,2,2,1,3,2,2,2,2,2,2,1,3,1,1,2,2,2,2,3,1,2,2,2,2,3,2,2,2,2,3,1,1,2,3,1,2,3,2,3,3
T:525|TOM subgroup #525 order 27|P3|1,2,2,2,2,2,2,1,3,2,2,2,2,2,2,1,3,1,1,2,2,2,2,3,1,2,2,2,2,3,2,2,2,2,3,1,1,2,3,1,2,3,2,3,3
T:526|TOM subgroup #526 order 28|2|1,2,3,4,1,4,3,2,5,4,3,1,4,2,3,2,5,3,1,2,4,3,1,5,3,3,3,6,3,7,2,2,3,4,5,1,3,4,5,3,1,5,3,7,5
T:527|TOM subgroup #527 order 30|0|1,2,3,2,4,2,3,5,4,6,1,6,1,6,1,7,1,2,8,2,8,2,9,2,2,3,2,4,5,4,2,8,2,9,2,2,4,5,3,2,9,2,5,3,5
T:528|TOM subgroup #528 order 30|0|1,2,2,3,1,2,2,3,2,4,4,1,5,4,4,1,4,6,2,4,7,6,2,7,2,4,6,7,2,7,1,2,2,3,2,4,4,1,4,7,2,6,2,6,2
T:529|TOM subgroup #529 order 30|2|1,2,2,3,4,4,3,1,3,1,2,3,4,4,3,2,3,1,3,4,4,3,2,3,3,4,4,3,1,3,5,5,6,3,6,7,5,4,5,5,4,5,3,6,3
T:530|TOM subgroup #530 order 30|2|1,2,3,3,4,3,5,5,2,1,6,6,7,6,1,1,1,3,3,4,3,5,2,5,8,9,8,3,3,3,9,8,3,3,3,9,4,4,4,3,3,3,2,2,5
T:531|TOM subgroup #531 order 30|0|1,2,1,3,1,3,1,3,1,1,4,5,4,5,6,5,6,1,3,1,3,1,3,1,5,6,5,6,5,4,5,7,5,7,5,5,4,5,6,5,7,5,5,4,5
T:532|TOM subgroup #532 order 30|0|1,2,3,2,4,2,4,3,5,6,1,6,1,6,1,1,7,2,8,2,8,2,2,9,2,3,2,4,4,5,2,8,2,2,9,2,3,4,5,2,2,9,3,5,5
T:533|TOM subgroup #533 order 30|0|1,2,3,4,1,2,4,3,2,5,1,1,6,5,1,1,5,2,2,5,7,2,2,7,3,1,2,4,4,2,1,2,3,4,2,5,1,1,5,2,2,7,3,2,2
T:535|TOM subgroup #535 order 32|P2|1,2,3,2,4,5,4,5,6,2,6,2,4,5,4,5,3,2,7,8,9,8,9,2,2,4,5,4,5,1,8,9,8,9,2,10,11,10,4,10,12,5,10,4,5
T:536|TOM subgroup #536 order 32|P2|1,2,3,2,2,4,2,4,5,2,5,2,2,4,2,4,3,2,6,7,8,9,8,2,2,2,4,2,4,1,9,8,7,8,2,8,6,8,2,8,10,4,8,2,4
T:537|TOM subgroup #537 order 32|P2|1,2,3,3,2,4,5,5,6,1,1,1,1,1,1,1,7,5,5,4,2,3,3,6,4,5,3,2,2,6,5,3,2,2,6,2,3,3,6,5,5,6,4,6,6
T:538|TOM subgroup #538 order 32|P2|1,1,1,1,2,2,2,2,3,4,5,4,6,7,6,7,2,4,5,7,6,7,6,2,4,6,7,6,7,2,7,6,7,6,2,4,5,4,1,4,5,1,4,1,1
T:539|TOM subgroup #539 order 32|P2|1,1,1,1,1,1,1,1,2,3,4,3,5,6,5,6,1,3,4,6,5,6,5,1,3,5,6,5,6,1,6,5,6,5,1,3,4,3,1,3,4,1,3,1,1
T:540|TOM subgroup #540 order 32|P2|1,1,1,1,1,1,1,1,2,3,4,3,5,6,5,6,1,3,4,6,5,6,5,1,3,5,6,5,6,1,6,5,6,5,1,3,4,3,1,3,4,1,3,1,1
T:541|TOM subgroup #541 order 32|P2|1,2,2,2,2,3,4,5,6,7,7,7,7,1,1,1,8,9,10,9,2,2,2,11,9,10,2,2,2,11,9,2,2,2,11,2,2,2,11,5,4,6,3,6,6
T:542|TOM subgroup #542 order 32|P2|1,2,1,2,3,3,3,3,4,5,6,5,7,7,7,7,1,5,8,9,9,9,9,2,5,7,7,7,7,1,9,9,9,9,2,10,11,10,3,10,11,3,10,3,3
T:543|TOM subgroup #543 order 32|P2|1,2,1,2,3,3,3,3,4,5,6,5,7,7,7,7,1,5,8,9,9,9,9,2,5,7,7,7,7,1,9,9,9,9,2,10,11,10,3,10,11,3,10,3,3
T:544|TOM subgroup #544 order 32|P2|1,2,1,2,3,3,3,3,4,5,6,5,7,7,7,7,1,5,8,9,9,9,9,2,5,7,7,7,7,1,9,9,9,9,2,10,11,10,3,10,11,3,10,3,3
T:545|TOM subgroup #545 order 32|P2|1,2,3,4,5,3,4,5,2,2,3,4,5,3,4,5,2,6,2,7,6,2,7,8,3,9,10,3,9,6,5,3,1,5,2,9,5,11,7,3,9,6,5,2,7
T:546|TOM subgroup #546 order 32|P2|1,1,1,1,2,3,2,3,4,5,6,5,7,8,7,8,1,5,6,7,8,7,8,1,5,7,8,7,8,1,7,8,7,8,1,9,10,9,2,9,11,3,9,2,3
T:547|TOM subgroup #547 order 32|P2|1,1,1,1,2,3,2,3,4,5,6,5,7,8,7,8,1,5,6,7,8,7,8,1,5,7,8,7,8,1,7,8,7,8,1,9,10,9,2,9,11,3,9,2,3
T:548|TOM subgroup #548 order 32|P2|1,2,1,2,3,3,3,3,4,5,6,5,7,7,7,7,1,5,8,9,9,9,9,2,5,7,7,7,7,1,9,9,9,9,2,10,11,10,3,10,11,3,10,3,3
T:549|TOM subgroup #549 order 32|P2|1,2,1,2,3,4,3,4,5,2,5,2,3,4,3,4,1,2,6,7,8,7,8,2,2,3,4,3,4,1,7,8,7,8,2,9,10,9,3,9,11,4,9,3,4
T:550|TOM subgroup #550 order 32|P2|1,2,3,2,1,2,2,4,4,5,1,5,6,7,7,8,8,2,9,7,10,10,11,11,2,1,2,2,4,4,7,10,10,11,11,5,5,8,8,9,11,11,11,11,12
T:551|TOM subgroup #551 order 32|P2|1,2,1,2,3,4,3,4,5,2,5,2,3,4,3,4,1,2,6,7,8,7,8,2,2,3,4,3,4,1,7,8,7,8,2,9,10,9,3,9,11,4,9,3,4
T:552|TOM subgroup #552 order 32|P2|1,2,3,2,4,4,4,4,5,6,7,6,8,8,8,8,3,6,9,10,10,10,10,2,6,8,8,8,8,1,10,10,10,10,2,11,12,11,4,11,12,4,11,4,4
T:553|TOM subgroup #553 order 32|P2|1,1,1,1,2,2,2,2,3,4,5,6,7,7,7,7,1,6,5,7,7,7,7,1,4,7,7,7,7,1,7,7,7,7,1,8,9,9,2,9,9,2,8,2,2
T:554|TOM subgroup #554 order 32|P2|1,2,1,2,3,2,3,2,4,2,4,2,3,2,3,2,1,2,5,6,7,6,8,2,2,3,2,3,2,1,6,8,6,7,2,6,9,6,3,6,5,2,6,3,2
T:555|TOM subgroup #555 order 32|P2|1,2,3,2,1,2,2,4,5,6,1,6,7,8,8,1,1,2,9,8,10,10,2,2,2,1,2,2,5,4,8,10,10,2,2,6,6,1,1,9,2,2,2,2,3
T:556|TOM subgroup #556 order 32|P2|1,2,1,2,3,4,3,4,5,3,5,3,2,4,2,4,1,3,6,7,8,7,8,2,3,2,4,2,4,1,7,8,7,8,2,8,6,8,3,8,9,4,8,3,4
T:557|TOM subgroup #557 order 32|P2|1,2,1,2,2,3,2,3,4,2,4,2,2,3,2,3,1,2,5,6,7,6,7,2,2,2,3,2,3,1,6,7,6,7,2,7,5,7,2,7,8,3,7,2,3
T:558|TOM subgroup #558 order 32|P2|1,1,1,1,2,2,2,2,3,4,5,6,7,7,7,7,1,6,5,7,7,7,7,1,4,7,7,7,7,1,7,7,7,7,1,8,9,8,2,8,9,2,8,2,2
T:559|TOM subgroup #559 order 32|P2|1,2,3,2,4,4,4,4,5,2,5,2,4,4,4,4,3,2,6,7,7,7,7,2,2,4,4,4,4,1,7,7,7,7,2,8,9,8,4,8,9,4,8,4,4
T:560|TOM subgroup #560 order 32|P2|1,2,1,2,2,3,2,3,4,2,4,2,2,3,2,3,1,2,5,6,7,8,7,2,2,2,3,2,3,1,8,7,6,7,2,7,5,7,2,7,9,3,7,2,3
T:561|TOM subgroup #561 order 32|P2|1,1,2,2,3,3,3,3,4,5,6,7,8,8,8,8,2,7,6,8,8,8,8,2,5,8,8,8,8,1,8,8,8,8,1,9,10,9,3,9,10,3,9,3,3
T:562|TOM subgroup #562 order 32|P2|1,2,3,2,4,5,4,5,6,2,6,2,5,4,5,4,3,2,7,8,8,8,8,2,2,5,4,5,4,1,8,8,8,8,2,9,10,9,4,9,10,5,9,4,5
T:563|TOM subgroup #563 order 32|P2|1,2,3,2,2,4,2,4,5,2,5,2,2,4,2,4,3,2,6,7,8,7,8,2,2,2,4,2,4,1,7,8,7,8,2,8,6,8,2,8,9,4,8,2,4
T:564|TOM subgroup #564 order 32|P2|1,2,1,2,3,3,3,3,4,2,4,2,3,3,3,3,1,2,5,6,6,6,6,2,2,3,3,3,3,1,6,6,6,6,2,7,8,9,3,9,8,3,7,3,3
T:566|TOM subgroup #566 order 32|P2|1,2,3,2,4,5,4,5,6,4,6,4,2,5,2,5,3,4,6,1,5,3,5,2,4,2,5,2,5,1,3,5,1,5,2,5,6,5,4,5,7,5,5,4,5
T:567|TOM subgroup #567 order 32|P2|1,2,1,2,3,4,3,4,5,2,5,2,3,4,3,4,1,2,6,7,8,7,8,2,2,3,4,3,4,1,7,8,7,8,2,9,10,9,3,9,11,4,9,3,4
T:568|TOM subgroup #568 order 32|P2|1,2,3,2,2,4,2,4,5,2,5,2,2,4,2,4,3,2,6,7,8,7,8,2,2,2,4,2,4,1,7,8,7,8,2,8,6,8,2,8,9,4,8,2,4
T:569|TOM subgroup #569 order 32|P2|1,2,3,3,3,3,4,5,6,2,3,3,3,3,5,4,6,2,2,2,2,2,2,7,1,4,5,3,3,6,5,4,3,3,6,1,3,3,6,3,3,6,1,6,6
T:570|TOM subgroup #570 order 32|P2|1,2,1,3,4,1,5,1,6,3,6,2,1,4,1,5,1,3,7,2,3,2,3,2,2,1,5,1,4,1,3,2,3,2,3,1,6,1,5,1,6,1,1,4,1
T:571|TOM subgroup #571 order 32|P2|1,2,1,3,4,1,4,1,5,1,5,1,4,2,4,3,1,1,5,4,1,4,1,3,1,4,3,4,2,1,4,1,4,1,2,4,6,4,4,4,5,1,4,4,1
T:572|TOM subgroup #572 order 32|P2|1,2,1,3,4,1,4,1,5,1,5,1,4,2,4,3,1,1,5,4,1,4,1,3,1,4,3,4,2,1,4,1,4,1,2,4,6,4,4,4,5,1,4,4,1
T:573|TOM subgroup #573 order 32|P2|1,1,1,1,2,2,2,2,3,4,5,4,6,7,6,7,1,4,5,7,6,7,6,1,4,6,7,6,7,1,7,6,7,6,1,8,9,8,2,8,9,2,8,2,2
T:574|TOM subgroup #574 order 32|P2|1,2,1,2,3,3,3,3,4,2,4,2,3,3,3,3,1,2,5,6,6,6,6,2,2,3,3,3,3,1,6,6,6,6,2,7,8,7,3,7,8,3,7,3,3
T:575|TOM subgroup #575 order 32|P2|1,2,3,2,1,3,2,2,4,5,1,5,6,1,5,5,1,2,7,5,2,8,7,2,2,1,4,2,2,3,5,2,7,8,2,1,5,5,1,2,2,3,7,2,2
T:576|TOM subgroup #576 order 32|P2|1,2,1,2,3,4,3,4,5,6,7,6,8,9,8,9,3,6,10,9,11,9,11,4,6,8,9,8,9,3,9,11,9,11,4,6,7,6,1,6,10,2,6,1,2
T:577|TOM subgroup #577 order 32|P2|1,2,2,3,4,3,4,5,5,2,2,3,4,3,4,5,5,6,4,7,4,7,8,8,4,7,4,7,8,8,2,1,2,5,5,2,6,8,8,2,5,5,8,8,9
T:578|TOM subgroup #578 order 32|P2|1,2,1,2,3,3,3,3,4,2,4,2,3,3,3,3,1,2,5,6,6,6,6,2,2,3,3,3,3,1,6,6,6,6,2,7,8,7,3,7,8,3,7,3,3
T:579|TOM subgroup #579 order 32|P2|1,2,1,2,2,1,2,1,3,4,5,4,4,6,4,6,1,4,7,8,4,8,4,2,4,4,6,4,6,1,8,4,8,4,2,4,7,4,2,4,5,1,4,2,1
T:580|TOM subgroup #580 order 32|P2|1,2,3,2,1,3,2,2,4,5,1,5,6,1,5,5,1,2,7,5,2,8,7,2,2,1,4,2,2,3,5,2,7,8,2,1,5,5,1,2,2,3,7,2,2
T:581|TOM subgroup #581 order 32|P2|1,1,1,1,2,2,2,2,3,4,5,4,6,7,6,7,1,4,5,7,6,7,6,1,4,6,7,6,7,1,7,6,7,6,1,8,9,8,2,8,9,2,8,2,2
T:582|TOM subgroup #582 order 32|P2|1,2,1,2,3,4,3,4,5,2,5,2,4,3,4,3,1,2,6,7,7,7,7,2,2,4,3,4,3,1,7,7,7,7,2,8,9,8,3,8,9,4,8,3,4
T:583|TOM subgroup #583 order 32|P2|1,2,3,2,1,2,2,3,4,5,1,5,6,5,5,1,1,2,7,5,8,7,2,2,2,1,2,2,4,3,5,7,8,2,2,5,5,1,1,7,2,2,2,2,3
T:584|TOM subgroup #584 order 32|P2|1,2,2,3,1,3,3,3,4,1,1,5,6,5,5,5,1,4,3,1,3,3,3,2,3,1,3,3,3,2,5,7,8,8,3,5,5,5,1,8,8,3,7,3,3
T:585|TOM subgroup #585 order 32|P2|1,1,1,1,2,2,2,2,3,4,5,4,6,6,6,6,1,4,5,6,6,6,6,1,4,6,6,6,6,1,6,6,6,6,1,7,8,7,2,7,8,2,7,2,2
T:586|TOM subgroup #586 order 32|P2|1,2,1,2,3,3,3,3,4,5,6,5,7,7,7,7,2,5,6,7,7,7,7,1,5,7,7,7,7,2,7,7,7,7,1,8,9,8,3,8,9,3,8,3,3
T:587|TOM subgroup #587 order 32|P2|1,2,3,2,4,5,2,2,5,6,1,6,7,4,6,6,4,2,8,6,2,9,8,2,2,4,5,2,2,5,6,2,8,9,2,1,6,6,1,2,2,3,8,2,2
T:588|TOM subgroup #588 order 32|P2|1,1,1,1,2,2,2,2,3,4,5,5,6,6,6,6,1,5,5,6,6,6,6,1,4,6,6,6,6,1,6,6,6,6,1,7,8,8,2,8,8,2,7,2,2
T:589|TOM subgroup #589 order 32|P2|1,2,1,2,3,3,3,3,4,5,6,5,7,7,7,7,2,5,6,7,7,7,7,1,5,7,7,7,7,2,7,7,7,7,1,8,9,8,3,8,9,3,8,3,3
T:590|TOM subgroup #590 order 32|P2|1,1,2,2,1,1,2,2,3,4,5,5,6,6,5,5,7,5,5,6,6,5,5,7,8,5,5,9,9,10,5,5,9,9,10,4,5,5,7,5,5,7,8,10,10
T:591|TOM subgroup #591 order 32|P2|1,2,2,3,3,4,4,5,6,7,7,1,1,7,7,1,8,9,4,4,10,10,2,11,4,4,10,10,2,11,5,2,2,3,6,2,2,3,6,9,4,11,4,11,6
T:592|TOM subgroup #592 order 32|P2|1,2,2,3,4,2,2,4,5,6,6,1,1,6,6,1,7,8,2,2,9,9,2,10,2,2,9,9,2,10,4,2,2,4,5,2,2,3,5,8,2,10,2,10,5
T:593|TOM subgroup #593 order 32|P2|1,2,1,2,2,3,2,3,4,2,4,2,2,3,2,3,1,2,5,6,7,6,7,2,2,2,3,2,3,1,6,7,6,7,2,7,5,7,2,7,8,3,7,2,3
T:594|TOM subgroup #594 order 32|P2|1,2,1,2,3,4,3,4,5,3,5,3,2,4,2,4,1,3,6,7,8,7,8,2,3,2,4,2,4,1,7,8,7,8,2,8,6,8,3,8,9,4,8,3,4
T:595|TOM subgroup #595 order 32|P2|1,2,1,2,3,4,3,4,5,2,5,2,4,3,4,3,1,2,6,7,7,7,7,2,2,4,3,4,3,1,7,7,7,7,2,8,9,8,3,8,9,4,8,3,4
T:596|TOM subgroup #596 order 32|P2|1,2,1,2,2,3,2,3,4,2,4,2,2,3,2,3,1,2,5,6,7,6,7,2,2,2,3,2,3,1,6,7,6,7,2,7,5,7,2,7,8,3,7,2,3
T:597|TOM subgroup #597 order 32|P2|1,2,1,2,2,3,2,3,4,2,4,2,2,3,2,3,1,2,5,6,7,6,7,2,2,2,3,2,3,1,6,7,6,7,2,7,5,7,2,7,8,3,7,2,3
T:598|TOM subgroup #598 order 32|P2|1,2,1,3,4,1,4,1,5,1,5,1,4,2,4,3,1,1,5,4,1,4,1,3,1,4,3,4,2,1,4,1,4,1,2,4,6,4,4,4,5,1,4,4,1
T:599|TOM subgroup #599 order 32|P2|1,1,1,1,2,2,2,2,3,4,5,5,6,6,6,6,1,5,5,6,6,6,6,1,4,6,6,6,6,1,6,6,6,6,1,7,8,8,2,8,8,2,7,2,2
T:600|TOM subgroup #600 order 32|P2|1,2,3,2,1,2,2,3,4,5,1,5,6,5,5,1,1,2,7,5,8,8,2,2,2,1,2,2,4,3,5,8,8,2,2,5,5,1,1,7,2,2,2,2,3
T:601|TOM subgroup #601 order 32|P2|1,2,3,3,1,2,3,3,4,1,5,5,6,1,5,5,1,3,3,1,4,3,3,2,7,5,3,8,8,3,5,3,8,8,3,1,5,5,1,3,3,2,7,3,3
T:602|TOM subgroup #602 order 32|P2|1,1,1,1,2,2,2,2,3,4,5,4,6,6,6,6,1,4,5,6,6,6,6,1,4,6,6,6,6,1,6,6,6,6,1,7,8,7,2,7,8,2,7,2,2
T:603|TOM subgroup #603 order 32|P2|1,2,1,2,2,3,2,3,4,5,6,5,5,7,5,7,3,5,8,9,5,9,5,2,5,5,7,5,7,3,9,5,9,5,2,5,8,5,2,5,6,1,5,2,1
T:604|TOM subgroup #604 order 32|P2|1,2,2,2,2,3,3,4,5,6,6,6,6,1,1,1,7,8,9,8,2,2,2,10,8,9,2,2,2,10,8,2,2,2,10,2,2,2,10,4,3,5,3,5,5
T:605|TOM subgroup #605 order 32|P2|1,2,1,3,4,1,4,1,5,3,5,2,1,4,1,4,1,3,6,2,3,2,3,2,2,1,4,1,4,1,3,2,3,2,3,1,5,1,4,1,5,1,1,4,1
T:606|TOM subgroup #606 order 32|P2|1,1,1,1,2,2,2,2,3,4,5,5,6,6,7,7,2,5,5,6,6,7,7,2,4,7,7,6,6,2,7,7,6,6,2,4,5,5,1,5,5,1,4,1,1
T:607|TOM subgroup #607 order 32|P2|1,2,3,2,4,3,5,5,6,4,4,4,7,4,1,1,1,5,6,1,5,3,3,2,5,1,6,2,2,3,1,5,3,3,2,1,4,4,4,2,2,3,6,5,5
T:608|TOM subgroup #608 order 32|P2|1,2,1,2,3,3,3,3,4,2,4,2,3,3,3,3,1,2,5,2,2,2,2,2,2,3,3,3,3,1,2,2,2,2,2,1,4,1,3,1,4,3,1,3,3
T:609|TOM subgroup #609 order 32|P2|1,2,2,3,1,2,2,3,4,1,1,1,5,1,1,1,1,3,2,1,3,4,2,2,2,1,4,3,2,2,1,2,2,4,3,1,1,1,1,3,2,2,2,2,3
T:610|TOM subgroup #610 order 32|P2|1,2,1,3,4,1,4,1,5,3,5,2,1,4,1,4,1,3,6,2,3,2,3,2,2,1,4,1,4,1,3,2,3,2,3,1,5,1,4,1,5,1,1,4,1
T:611|TOM subgroup #611 order 32|P2|1,2,1,2,3,1,3,1,4,2,4,2,1,3,1,3,1,2,5,2,2,2,2,2,2,1,3,1,3,1,2,2,2,2,2,1,4,1,3,1,4,1,1,3,1
T:612|TOM subgroup #612 order 32|P2|1,2,3,4,5,5,4,3,6,1,1,1,1,1,1,1,7,3,4,5,5,4,3,6,5,4,4,5,2,6,3,3,2,5,6,2,3,4,6,3,4,6,5,6,6
T:613|TOM subgroup #613 order 32|P2|1,1,1,1,1,1,1,1,2,3,3,4,4,3,3,5,6,5,3,3,4,4,3,6,3,3,4,4,3,6,5,3,3,4,6,3,3,4,6,5,3,6,3,6,6
T:614|TOM subgroup #614 order 32|P2|1,1,1,1,1,1,1,1,2,3,4,4,5,5,5,5,6,4,4,5,5,5,5,6,3,5,5,5,5,6,5,5,5,5,6,3,4,4,6,4,4,6,3,6,6
T:615|TOM subgroup #615 order 32|P2|1,2,2,3,3,2,2,4,5,1,1,1,1,1,1,1,6,4,2,2,3,3,2,5,2,2,3,3,2,5,4,2,2,3,5,2,2,3,5,4,2,5,2,5,5
T:616|TOM subgroup #616 order 32|P2|1,2,1,2,1,2,1,2,3,4,5,4,6,4,6,4,2,4,5,4,6,4,6,1,4,6,4,6,4,2,4,6,4,6,1,4,5,4,2,4,5,1,4,2,1
T:617|TOM subgroup #617 order 32|P2|1,2,1,2,3,1,3,1,4,2,4,2,1,3,1,3,1,2,5,2,2,2,2,2,2,1,3,1,3,1,2,2,2,2,2,1,4,1,3,1,4,1,1,3,1
T:618|TOM subgroup #618 order 32|P2|1,2,1,2,2,3,2,3,4,2,4,2,2,3,2,3,1,2,5,6,7,6,7,2,2,2,3,2,3,1,6,7,6,7,2,7,5,7,2,7,8,3,7,2,3
T:619|TOM subgroup #619 order 32|P2|1,2,1,2,2,3,2,3,4,2,4,2,2,3,2,3,1,2,5,6,7,6,7,2,2,2,3,2,3,1,6,7,6,7,2,7,5,7,2,7,8,3,7,2,3
T:620|TOM subgroup #620 order 32|P2|1,1,1,1,2,2,2,2,3,4,5,5,6,6,6,6,1,5,5,6,6,6,6,1,4,6,6,6,6,1,6,6,6,6,1,7,8,8,2,8,8,2,7,2,2
T:621|TOM subgroup #621 order 32|P2|1,2,3,2,1,2,2,3,4,5,1,5,6,5,5,1,1,2,7,5,8,8,2,2,2,1,2,2,4,3,5,8,8,2,2,5,5,1,1,7,2,2,2,2,3
T:622|TOM subgroup #622 order 32|P2|1,2,3,2,1,2,4,3,2,5,1,6,7,5,1,1,6,2,8,6,9,2,2,8,2,1,2,3,4,2,5,8,2,2,9,6,1,1,5,2,2,8,3,2,2
T:623|TOM subgroup #623 order 32|P2|1,2,3,2,1,3,3,3,4,1,5,1,6,5,5,5,1,3,4,1,3,3,3,2,3,5,7,8,8,3,1,3,3,3,2,5,5,5,1,8,8,3,7,3,3
T:624|TOM subgroup #624 order 32|P2|1,2,3,2,4,5,2,2,3,6,4,6,7,1,6,6,4,2,8,6,2,8,9,2,2,1,3,2,2,5,6,2,9,8,2,4,6,6,1,2,2,3,8,2,2
T:625|TOM subgroup #625 order 32|P2|1,2,1,2,3,2,3,2,4,2,4,2,3,2,3,2,1,2,5,6,7,6,7,2,2,3,2,3,2,1,6,7,6,7,2,6,8,6,3,6,5,2,6,3,2
T:626|TOM subgroup #626 order 32|P2|1,2,1,2,3,3,3,3,4,2,4,2,3,3,3,3,1,2,5,6,6,6,6,2,2,3,3,3,3,1,6,6,6,6,2,7,8,7,3,7,8,3,7,3,3
T:627|TOM subgroup #627 order 32|P2|1,2,2,2,2,3,3,4,5,6,6,6,6,1,1,1,7,8,9,8,2,2,2,10,8,9,2,2,2,10,8,2,2,2,10,2,2,2,10,4,3,5,3,5,5
T:628|TOM subgroup #628 order 32|P2|1,2,2,3,4,2,5,2,3,6,6,4,7,6,1,6,4,8,2,6,9,2,9,2,2,6,9,2,9,2,1,2,3,2,5,6,4,6,1,2,8,2,2,3,2
T:629|TOM subgroup #629 order 32|P2|1,2,1,2,3,3,3,3,4,2,4,2,3,3,3,3,1,2,5,6,6,6,6,2,2,3,3,3,3,1,6,6,6,6,2,7,8,7,3,7,8,3,7,3,3
T:630|TOM subgroup #630 order 32|P2|1,1,1,1,2,2,2,2,3,4,5,4,6,6,6,6,1,4,5,6,6,6,6,1,4,6,6,6,6,1,6,6,6,6,1,7,8,7,2,7,8,2,7,2,2
T:631|TOM subgroup #631 order 32|P2|1,2,1,2,2,1,2,1,3,4,5,4,4,6,4,6,1,4,7,8,4,8,4,2,4,4,6,4,6,1,8,4,8,4,2,4,7,4,2,4,5,1,4,2,1
T:632|TOM subgroup #632 order 32|P2|1,2,3,2,1,3,2,2,4,5,1,5,6,1,5,5,1,2,7,5,2,8,7,2,2,1,4,2,2,3,5,2,7,8,2,1,5,5,1,2,2,3,7,2,2
T:633|TOM subgroup #633 order 32|P2|1,2,1,3,1,4,1,3,2,5,6,1,6,1,7,1,5,5,2,5,2,5,2,8,1,7,1,6,1,5,1,3,1,4,2,1,6,1,5,1,3,2,1,5,2
T:634|TOM subgroup #634 order 32|P2|1,2,3,4,5,2,3,2,2,6,5,1,7,6,5,6,6,2,2,6,8,2,9,8,3,1,2,4,2,2,5,2,3,2,2,6,1,6,6,2,8,9,2,2,8
T:635|TOM subgroup #635 order 32|P2|1,2,1,2,3,3,3,3,4,2,4,2,3,3,3,3,1,2,5,6,6,6,6,2,2,3,3,3,3,1,6,6,6,6,2,7,8,7,3,7,8,3,7,3,3
T:636|TOM subgroup #636 order 32|P2|1,1,1,1,2,2,2,2,3,4,5,4,6,6,6,6,1,4,5,6,6,6,6,1,4,6,6,6,6,1,6,6,6,6,1,7,8,7,2,7,8,2,7,2,2
T:637|TOM subgroup #637 order 32|P2|1,1,2,2,3,3,3,3,4,5,6,6,7,7,7,7,2,6,6,7,7,7,7,2,5,7,7,7,7,1,7,7,7,7,1,8,9,9,3,9,9,3,8,3,3
T:638|TOM subgroup #638 order 32|P2|1,1,1,1,2,2,2,2,3,4,5,4,6,6,6,6,1,4,5,6,6,6,6,1,4,6,6,6,6,1,6,6,6,6,1,7,8,7,2,7,8,2,7,2,2
T:639|TOM subgroup #639 order 32|P2|1,1,1,1,2,2,2,2,3,4,5,5,6,6,6,6,1,5,5,6,6,6,6,1,4,6,6,6,6,1,6,6,6,6,1,7,8,8,2,8,8,2,7,2,2
T:640|TOM subgroup #640 order 32|P2|1,2,2,3,1,2,2,3,4,5,5,1,6,5,5,1,1,7,2,5,8,8,2,2,2,5,8,8,2,2,1,2,2,4,3,5,5,1,1,7,2,2,2,2,3
T:641|TOM subgroup #641 order 32|P2|1,1,1,1,2,3,2,3,4,5,6,5,7,7,7,7,1,5,6,7,7,7,7,1,5,7,7,7,7,1,7,7,7,7,1,8,9,8,3,8,9,2,8,3,2
T:642|TOM subgroup #642 order 32|P2|1,2,2,3,4,2,2,3,5,6,6,1,1,6,6,1,7,8,2,2,9,9,2,10,2,2,9,9,2,10,3,2,2,4,5,2,2,3,5,8,2,10,2,10,5
T:643|TOM subgroup #643 order 32|P2|1,2,2,2,2,3,3,4,5,6,6,6,6,1,1,1,7,8,9,8,2,2,2,10,8,9,2,2,2,10,8,2,2,2,10,2,2,2,10,4,3,5,3,5,5
T:644|TOM subgroup #644 order 32|P2|1,2,1,2,3,1,3,1,4,2,4,2,1,3,1,3,1,2,5,2,2,2,2,2,2,1,3,1,3,1,2,2,2,2,2,1,4,1,3,1,4,1,1,3,1
T:645|TOM subgroup #645 order 32|P2|1,2,1,2,2,1,2,1,3,4,5,4,4,6,4,6,2,4,5,6,4,6,4,1,4,4,6,4,6,2,6,4,6,4,1,4,5,4,1,4,5,2,4,1,2
T:646|TOM subgroup #646 order 32|P2|1,1,1,1,1,1,1,1,2,3,4,4,5,5,5,5,1,4,4,5,5,5,5,1,3,5,5,5,5,1,5,5,5,5,1,3,4,4,1,4,4,1,3,1,1
T:647|TOM subgroup #647 order 32|P2|1,1,1,1,1,1,1,1,2,3,4,3,3,5,3,5,1,3,4,5,3,5,3,1,3,3,5,3,5,1,5,3,5,3,1,3,4,3,1,3,4,1,3,1,1
T:648|TOM subgroup #648 order 32|P2|1,2,2,3,1,2,2,4,3,1,1,1,5,1,1,1,1,4,2,1,3,3,2,2,2,1,3,3,2,2,1,2,2,3,4,1,1,1,1,4,2,2,2,2,3
T:649|TOM subgroup #649 order 32|P2|1,2,2,3,4,2,2,4,5,1,1,1,1,1,1,1,6,4,2,2,4,3,2,5,2,2,3,4,2,5,4,2,2,4,5,2,2,3,5,4,2,5,2,5,5
T:650|TOM subgroup #650 order 32|P2|1,2,1,2,3,1,3,1,4,2,4,2,1,3,1,3,1,2,5,2,2,2,2,2,2,1,3,1,3,1,2,2,2,2,2,1,4,1,3,1,4,1,1,3,1
T:651|TOM subgroup #651 order 32|P2|1,2,3,4,5,4,3,4,4,1,1,5,6,5,1,5,5,3,4,5,4,3,4,4,4,5,4,2,4,4,1,3,4,2,3,1,5,1,1,4,3,2,4,4,3
T:652|TOM subgroup #652 order 32|P2|1,1,1,1,1,1,1,1,2,3,4,4,5,5,5,5,1,4,4,5,5,5,5,1,3,5,5,5,5,1,5,5,5,5,1,3,4,4,1,4,4,1,3,1,1
T:653|TOM subgroup #653 order 32|P2|1,2,2,3,4,4,4,4,5,1,1,1,1,1,1,1,6,3,2,4,4,4,4,5,2,4,4,4,4,5,4,4,4,4,5,2,2,3,5,3,2,5,2,5,5
T:654|TOM subgroup #654 order 32|P2|1,2,2,3,1,2,2,4,3,1,1,1,5,1,1,1,1,4,2,1,3,3,2,2,2,1,3,3,2,2,1,2,2,3,4,1,1,1,1,4,2,2,2,2,3
T:655|TOM subgroup #655 order 32|P2|1,2,1,2,3,4,3,4,5,3,5,3,2,4,2,4,1,3,5,1,4,1,4,2,3,2,4,2,4,1,1,4,1,4,2,4,5,4,3,4,6,4,4,3,4
T:656|TOM subgroup #656 order 32|P2|1,2,3,4,1,3,2,5,4,1,1,1,6,1,1,1,1,5,2,1,4,4,3,3,3,1,4,4,2,2,1,2,3,4,5,1,1,1,1,5,2,3,3,2,4
T:657|TOM subgroup #657 order 32|P2|1,2,1,2,3,1,3,1,4,1,4,1,3,2,3,2,1,1,4,3,1,3,1,2,1,3,2,3,2,1,3,1,3,1,2,3,5,3,3,3,4,1,3,3,1
T:658|TOM subgroup #658 order 36|2+3|1,2,3,4,3,3,4,5,4,5,3,4,3,3,4,2,4,3,4,3,3,4,1,4,6,7,7,6,3,6,6,6,8,4,8,7,6,3,6,6,3,6,4,8,4
T:659|TOM subgroup #659 order 36|2+3|1,2,3,4,1,2,2,4,3,5,1,6,7,5,5,6,1,2,8,5,9,9,8,2,4,1,2,2,4,3,6,8,8,10,4,5,5,6,1,9,8,2,8,2,4
T:661|TOM subgroup #661 order 36|2|1,2,3,4,5,4,5,4,6,7,8,1,1,1,1,1,9,10,2,2,2,2,2,11,3,3,3,3,3,12,4,5,4,5,6,4,5,4,6,4,5,6,4,6,6
T:662|TOM subgroup #662 order 36|2|1,2,3,2,4,3,3,2,5,6,7,6,8,7,7,6,4,9,10,7,9,9,10,3,9,6,10,10,9,2,7,9,9,10,3,6,6,7,1,10,9,2,9,2,3
T:663|TOM subgroup #663 order 36|2|1,2,2,3,2,2,3,2,2,2,2,3,2,2,3,2,2,4,5,4,6,5,4,6,5,6,4,5,6,4,5,5,7,5,5,4,5,6,4,5,4,6,5,5,4
T:664|TOM subgroup #664 order 36|2|1,2,2,2,3,2,2,2,4,5,5,5,6,5,5,5,3,7,8,5,7,7,8,2,7,5,8,8,7,2,5,7,7,8,2,5,5,5,1,8,7,2,7,2,2
T:665|TOM subgroup #665 order 36|2|1,2,3,4,5,3,4,2,3,6,5,1,7,5,1,6,5,2,2,6,2,2,8,2,3,1,4,3,2,4,5,3,4,2,3,1,5,6,1,3,2,4,2,3,2
T:666|TOM subgroup #666 order 36|2|1,2,2,2,3,4,5,4,4,6,6,6,7,8,3,8,8,9,9,6,10,2,10,10,9,6,10,2,10,10,6,10,2,10,10,8,1,8,8,4,11,11,4,4,11
T:667|TOM subgroup #667 order 36|2|1,2,2,3,4,4,3,4,2,2,2,3,4,4,3,4,2,5,6,7,7,6,7,5,6,7,7,6,7,5,8,8,9,8,6,10,8,10,7,8,10,7,8,6,7
T:668|TOM subgroup #668 order 36|2|1,1,2,3,2,4,1,5,2,6,7,8,7,8,6,1,7,7,8,7,8,6,1,7,9,10,9,7,2,10,9,11,8,4,9,9,7,2,10,8,3,9,1,7,2
T:669|TOM subgroup #669 order 36|2|1,2,3,3,2,2,1,4,4,2,3,3,2,2,1,4,4,5,5,6,6,2,7,7,8,5,5,3,9,9,5,5,3,9,9,6,2,7,7,2,7,7,4,4,10
T:670|TOM subgroup #670 order 36|2|1,2,3,4,4,4,5,1,6,2,3,4,4,4,5,1,6,7,2,2,2,7,2,8,5,5,5,9,3,10,1,1,3,4,6,1,3,4,6,3,4,6,5,10,6
T:671|TOM subgroup #671 order 36|2|1,2,3,4,1,3,3,5,4,6,1,1,7,1,1,8,1,2,2,6,2,2,9,2,3,1,4,4,5,3,1,3,3,5,4,1,1,8,1,4,5,3,5,3,5
T:674|TOM subgroup #674 order 36|2|1,1,2,3,2,4,1,5,2,6,7,1,7,1,6,1,7,7,1,7,1,6,1,7,2,8,2,7,2,8,2,5,1,4,2,2,7,2,8,1,3,2,1,7,2
T:675|TOM subgroup #675 order 36|2|1,2,3,2,4,2,5,5,5,2,4,2,3,2,5,5,5,5,6,5,6,7,7,7,5,1,5,2,2,2,5,6,7,7,7,5,2,2,2,7,7,7,6,6,6
T:676|TOM subgroup #676 order 36|2|1,1,2,2,3,4,5,2,6,1,2,2,5,3,4,2,6,2,2,4,5,3,2,6,7,2,2,2,7,8,2,2,2,7,8,1,1,2,6,1,2,6,2,6,8
T:677|TOM subgroup #677 order 36|2|1,2,2,3,4,2,3,1,5,2,2,4,3,2,3,1,5,6,2,2,6,2,2,7,2,2,6,2,2,7,1,2,1,3,5,2,1,3,5,2,2,7,4,5,5
T:678|TOM subgroup #678 order 36|2|1,2,2,1,3,4,3,5,1,1,1,6,1,1,1,7,6,2,1,3,3,4,5,1,1,4,3,3,5,1,1,1,1,7,6,2,2,5,1,2,5,1,5,1,7
T:679|TOM subgroup #679 order 36|2|1,1,2,1,1,1,2,1,3,4,1,5,5,5,1,4,6,1,5,5,5,1,4,6,1,1,1,2,1,3,4,4,1,5,6,4,1,5,6,1,5,6,1,3,6
T:680|TOM subgroup #680 order 36|2|1,1,2,3,3,2,3,3,4,1,3,3,3,3,2,2,4,3,2,2,3,3,3,4,1,3,2,3,1,4,2,3,3,1,4,1,1,3,4,1,3,4,2,4,4
T:681|TOM subgroup #681 order 36|2|1,2,2,3,1,3,1,3,2,4,5,6,7,6,7,6,4,8,9,4,9,5,9,8,9,4,9,4,9,8,6,10,6,10,9,6,7,6,5,6,10,9,6,4,9
T:682|TOM subgroup #682 order 36|0|1,2,3,4,5,5,1,6,1,2,3,4,1,1,5,6,5,7,8,2,2,2,9,2,10,3,3,3,11,3,4,4,4,12,4,5,1,6,1,1,6,1,6,5,6
T:683|TOM subgroup #683 order 36|0|1,1,1,2,3,3,3,4,5,6,6,3,7,7,7,8,9,6,3,7,7,7,8,9,3,7,7,7,8,9,1,1,1,5,4,6,6,9,8,6,9,8,9,8,10
T:684|TOM subgroup #684 order 36|0|1,2,3,2,3,3,4,4,4,2,3,2,3,3,4,4,4,4,1,4,4,3,3,3,4,5,5,6,6,6,4,4,3,3,3,5,6,6,6,6,6,6,5,5,5
T:685|TOM subgroup #685 order 36|0|1,2,2,2,3,4,4,4,5,6,6,6,1,6,6,6,7,8,8,4,9,9,9,10,8,4,9,9,9,10,4,9,9,9,10,2,2,2,5,8,8,10,8,10,10
T:686|TOM subgroup #686 order 36|0|1,2,1,3,3,1,1,3,3,2,1,3,3,3,3,1,1,2,2,2,2,2,2,2,1,1,3,3,3,3,1,1,3,3,1,3,1,1,3,1,3,1,1,3,1
T:687|TOM subgroup #687 order 36|3|1,2,1,3,1,3,1,3,4,5,6,7,6,7,6,7,8,5,9,5,9,5,9,10,7,6,7,6,7,8,7,11,7,11,12,7,6,7,8,7,11,12,7,8,12
T:688|TOM subgroup #688 order 36|3|1,2,1,3,2,2,4,2,5,2,1,4,2,2,5,2,3,2,6,7,7,6,7,6,5,2,2,3,2,4,6,6,8,6,8,7,6,7,6,6,7,6,6,8,6
T:689|TOM subgroup #689 order 36|3|1,2,1,3,2,2,3,2,3,2,1,3,2,2,3,2,3,2,4,5,5,4,5,4,3,2,2,3,2,3,4,4,6,4,6,5,4,5,4,4,5,4,4,6,4
T:690|TOM subgroup #690 order 36|3|1,2,1,3,2,2,3,1,3,2,1,3,2,2,3,1,3,2,4,5,5,4,2,4,3,2,2,3,1,3,4,4,6,3,6,5,4,2,4,4,2,4,3,6,3
T:691|TOM subgroup #691 order 36|3|1,2,1,2,1,2,2,3,4,1,5,1,5,1,1,6,1,1,2,1,4,2,3,2,1,5,1,1,6,1,1,2,4,3,2,1,1,6,1,2,3,2,3,2,3
T:692|TOM subgroup #692 order 36|2|1,2,3,3,1,4,4,2,2,5,1,1,6,7,7,5,5,2,2,5,8,8,9,9,3,1,4,4,2,2,1,4,4,2,2,7,7,5,5,10,8,8,8,8,9
T:693|TOM subgroup #693 order 36|2|1,2,1,2,3,4,3,4,1,1,5,1,6,7,6,7,5,1,2,3,4,3,4,1,1,6,7,6,7,5,3,4,3,4,1,8,9,10,6,10,11,7,8,6,7
T:694|TOM subgroup #694 order 36|2|1,2,3,2,1,4,4,3,2,5,6,5,7,1,1,6,5,8,9,5,2,2,8,9,8,6,3,3,10,8,5,2,2,8,9,1,1,6,5,4,3,2,3,2,8
T:695|TOM subgroup #695 order 36|2|1,2,2,3,4,4,5,4,2,2,2,5,4,4,3,4,2,6,2,7,7,2,7,6,2,7,7,2,7,6,4,4,1,4,2,8,4,8,7,4,8,7,4,2,7
T:697|TOM subgroup #697 order 36|2|1,2,2,3,4,3,2,1,5,2,2,4,3,3,2,1,5,6,2,2,2,6,2,7,2,2,2,6,2,7,1,1,2,3,5,1,2,3,5,2,4,5,2,7,5
T:698|TOM subgroup #698 order 36|0|1,1,1,2,3,4,3,4,3,5,5,1,6,1,6,1,6,5,1,6,1,6,1,6,1,6,1,6,1,6,3,4,3,4,3,3,7,3,7,3,2,3,3,7,3
T:699|TOM subgroup #699 order 36|0|1,2,3,4,1,4,4,3,1,1,1,5,6,5,5,1,6,3,4,1,4,4,3,1,4,1,4,4,2,1,5,7,7,4,5,5,5,1,6,7,4,5,4,5,1
T:700|TOM subgroup #700 order 36|2|1,2,2,3,4,4,3,4,2,2,2,3,4,4,3,4,2,5,6,7,7,6,7,5,6,7,7,6,7,5,8,8,9,8,6,10,8,10,7,8,10,7,8,6,7
T:701|TOM subgroup #701 order 36|2|1,2,3,3,4,2,5,2,3,6,7,7,8,6,4,6,7,9,9,6,10,2,10,9,11,7,9,3,9,11,7,9,3,9,11,6,1,6,7,2,10,9,2,3,9
T:702|TOM subgroup #702 order 36|2|1,1,1,2,3,4,3,2,3,5,5,6,7,1,7,6,7,5,6,7,1,7,6,7,6,7,1,7,6,7,8,2,8,9,8,3,10,8,10,3,2,3,8,10,8
T:703|TOM subgroup #703 order 36|2|1,2,3,3,1,4,5,3,1,1,6,6,7,1,1,6,7,3,3,1,5,4,3,1,8,6,3,3,8,6,6,3,3,8,6,1,1,6,7,2,3,1,3,1,6
T:704|TOM subgroup #704 order 36|2|1,2,3,2,1,2,2,2,2,4,1,4,5,4,4,4,4,2,6,4,7,6,7,7,2,1,2,2,2,2,4,7,6,7,7,4,4,4,4,7,6,6,7,7,6
T:705|TOM subgroup #705 order 36|2|1,2,2,2,3,2,4,2,2,5,5,5,6,5,3,5,5,7,7,5,8,2,7,8,8,5,7,2,8,7,5,7,2,8,7,5,1,5,5,2,7,8,2,2,7
T:706|TOM subgroup #706 order 36|2|1,2,3,3,1,2,4,3,2,5,5,5,6,5,1,5,5,7,7,5,8,3,7,8,8,5,7,2,8,7,5,7,2,8,7,5,1,5,5,3,7,8,2,3,7
T:707|TOM subgroup #707 order 36|2|1,2,3,4,4,4,5,5,5,3,2,4,4,4,5,5,5,1,5,5,5,4,4,4,5,5,5,4,4,4,6,6,7,7,7,6,7,7,7,7,7,7,6,6,6
T:709|TOM subgroup #709 order 36|2|1,2,2,2,1,2,3,2,2,4,4,4,5,4,6,4,4,7,7,4,8,9,7,8,8,4,7,9,8,7,4,7,9,8,7,4,6,4,4,9,7,8,9,9,7
T:710|TOM subgroup #710 order 36|2|1,2,3,3,1,2,4,2,5,2,4,3,1,2,3,2,5,2,2,2,6,2,6,7,1,3,2,1,2,5,4,2,1,2,5,2,3,2,5,2,6,7,2,5,7
T:711|TOM subgroup #711 order 36|2|1,2,1,2,3,4,3,2,5,2,1,2,3,3,4,2,5,2,6,2,2,2,6,7,2,4,3,3,2,5,2,2,2,6,7,1,1,2,5,1,2,5,2,5,7
T:712|TOM subgroup #712 order 36|0|1,2,2,3,4,4,3,4,3,2,2,3,4,4,3,4,3,1,3,4,4,3,4,3,3,4,4,3,4,3,5,5,6,5,6,7,5,7,5,5,7,5,5,6,5
T:713|TOM subgroup #713 order 36|0|1,2,1,2,3,4,3,4,1,1,2,1,4,3,4,3,2,1,2,3,4,3,4,1,1,4,3,4,3,2,3,4,3,4,1,5,6,5,4,5,6,3,5,4,3
T:714|TOM subgroup #714 order 40|2|1,1,1,2,3,1,1,4,5,6,7,1,1,6,7,1,8,7,1,1,7,6,1,8,1,1,6,6,1,8,4,1,1,3,5,1,1,2,5,7,1,8,1,8,5
T:715|TOM subgroup #715 order 40|2|1,2,2,3,3,1,4,4,5,2,2,3,3,4,1,4,5,6,7,7,2,2,2,8,7,7,2,2,2,8,9,3,3,3,10,3,3,3,10,4,1,5,1,5,5
T:716|TOM subgroup #716 order 40|2|1,2,3,4,1,2,5,2,2,1,6,7,8,1,9,1,1,3,4,1,2,5,2,2,10,6,3,11,3,3,7,4,12,4,4,1,9,1,1,5,2,2,5,5,2
T:717|TOM subgroup #717 order 40|2|1,2,1,2,1,2,1,2,3,2,1,2,1,2,1,2,3,2,4,2,5,2,4,6,2,1,2,1,2,3,2,4,2,5,6,2,1,2,3,2,4,6,2,3,6
T:718|TOM subgroup #718 order 40|2|1,1,1,2,3,1,1,4,5,6,6,1,1,6,6,1,7,6,1,1,6,6,1,7,1,1,6,6,1,7,4,1,1,3,5,1,1,2,5,6,1,7,1,7,5
T:719|TOM subgroup #719 order 40|2|1,1,2,3,1,1,2,3,4,1,2,3,1,1,2,3,4,2,3,1,1,2,3,4,5,2,2,6,7,8,3,3,7,9,10,1,2,3,4,2,3,4,5,8,10
T:720|TOM subgroup #720 order 40|2|1,1,1,1,1,2,2,3,4,5,5,5,5,6,6,7,1,5,5,5,6,6,7,1,5,5,6,6,7,1,5,6,6,7,1,6,6,7,1,8,9,2,9,2,3
T:721|TOM subgroup #721 order 40|2|1,2,3,3,1,3,4,2,3,5,1,1,6,1,7,5,1,2,2,5,2,8,9,2,3,1,3,4,2,3,1,3,4,2,3,1,7,5,1,4,2,3,8,4,2
T:722|TOM subgroup #722 order 40|2|1,1,2,1,1,3,3,3,3,3,3,3,3,1,1,2,1,3,3,3,1,1,1,2,3,3,1,1,1,1,3,2,1,1,1,1,2,1,1,3,3,3,3,3,3
T:723|TOM subgroup #723 order 40|2|1,2,3,2,1,2,3,2,4,2,3,2,3,2,1,2,4,2,5,2,6,2,5,7,2,1,2,1,2,4,2,5,2,6,7,2,3,2,4,2,5,7,2,4,7
T:724|TOM subgroup #724 order 40|2|1,2,2,1,3,2,2,3,4,2,2,3,1,2,2,3,4,5,2,2,6,6,2,7,2,2,6,6,2,7,3,2,2,1,4,2,2,1,4,5,2,7,2,7,4
T:725|TOM subgroup #725 order 40|2|1,1,2,2,3,3,2,2,4,3,2,2,1,3,2,2,4,2,2,3,1,2,2,4,5,2,2,6,6,7,2,2,6,6,7,1,2,2,4,2,2,4,5,7,7
T:726|TOM subgroup #726 order 40|2|1,2,2,1,3,2,2,3,4,2,2,3,1,2,2,3,4,5,2,2,6,6,2,7,2,2,6,6,2,7,3,2,2,1,4,2,2,1,4,5,2,7,2,7,4
T:727|TOM subgroup #727 order 40|0|1,2,2,1,3,2,2,3,4,2,2,3,1,2,2,3,4,5,2,2,6,6,2,7,2,2,6,6,2,7,3,2,2,1,4,2,2,1,4,5,2,7,2,7,4
T:728|TOM subgroup #728 order 42|2|1,2,1,3,4,2,3,4,3,1,2,3,2,4,3,4,3,4,3,1,4,3,2,3,3,4,1,3,2,3,3,3,5,3,5,2,3,1,3,3,1,3,3,5,3
T:729|TOM subgroup #729 order 42|0|1,2,3,4,1,4,2,3,1,1,1,1,5,1,1,1,5,3,3,1,2,4,4,1,2,1,4,4,2,1,1,3,2,4,1,1,1,1,5,3,2,1,3,1,1
T:730|TOM subgroup #730 order 42|0|1,1,2,3,1,1,1,1,4,1,2,3,1,1,1,1,4,2,3,1,1,1,1,4,5,2,2,2,2,6,3,3,3,3,7,1,1,1,4,1,1,4,1,4,4
T:731|TOM subgroup #731 order 42|0|1,2,2,2,1,2,2,2,1,1,1,1,3,1,1,1,3,2,2,1,2,2,2,1,2,1,2,2,2,1,1,2,2,2,1,1,1,1,3,2,2,1,2,1,1
T:732|TOM subgroup #732 order 42|0|1,1,1,1,2,1,1,1,3,4,4,4,1,4,4,4,5,4,4,1,4,4,4,5,4,1,4,4,4,5,1,4,4,4,5,1,1,1,3,4,4,5,4,5,5
T:733|TOM subgroup #733 order 42|0|1,2,3,4,1,3,2,4,1,1,1,1,5,1,1,1,5,3,3,1,4,4,2,1,2,1,2,4,4,1,1,4,2,3,1,1,1,1,5,3,2,1,3,1,1
T:734|TOM subgroup #734 order 42|0|1,2,1,2,1,1,1,1,3,2,1,2,1,1,1,1,3,2,4,2,2,2,2,5,2,1,1,1,1,3,2,2,2,2,5,1,1,1,3,1,1,3,1,3,3
T:735|TOM subgroup #735 order 48|0|1,1,1,1,2,2,2,2,3,3,1,1,2,2,2,2,1,1,1,2,2,2,2,1,3,2,2,2,2,1,2,2,2,2,1,4,5,6,2,6,5,2,4,2,2
T:736|TOM subgroup #736 order 48|0|1,2,1,2,1,2,1,2,3,2,3,2,1,2,1,2,1,2,4,2,5,2,6,2,2,1,2,1,2,1,2,6,2,5,2,2,3,2,1,2,4,2,2,1,2
T:737|TOM subgroup #737 order 48|0|1,2,1,3,1,4,1,5,6,7,8,1,8,1,8,1,9,7,2,7,2,7,2,10,1,8,1,8,1,9,1,5,1,4,6,1,8,1,9,1,3,6,1,9,6
T:738|TOM subgroup #738 order 48|0|1,1,1,2,1,3,4,3,4,5,5,1,5,6,7,6,7,5,1,5,6,7,6,7,1,5,6,7,6,7,1,3,4,3,4,6,7,6,7,8,9,8,8,10,8
T:739|TOM subgroup #739 order 48|0|1,2,2,3,1,2,4,5,2,6,6,7,8,6,1,7,6,9,10,6,9,2,10,9,10,6,9,2,10,9,7,10,5,11,10,6,1,7,6,2,10,9,3,2,10
T:741|TOM subgroup #741 order 48|0|1,2,3,2,1,3,3,3,2,1,4,1,5,6,6,4,1,3,2,1,3,3,3,2,3,6,7,8,9,3,1,3,3,3,2,4,4,6,1,9,8,3,7,3,3
T:742|TOM subgroup #742 order 48|0|1,2,2,2,3,2,2,2,4,5,5,5,6,5,5,5,3,7,8,5,8,8,8,2,8,5,8,8,8,2,5,7,8,8,2,5,5,5,1,8,8,2,7,2,2
T:743|TOM subgroup #743 order 48|0|1,2,1,2,3,1,3,1,4,2,4,2,3,1,3,1,1,2,5,6,2,6,2,2,2,3,1,3,1,1,6,2,6,2,2,3,7,3,3,3,4,1,3,3,1
T:744|TOM subgroup #744 order 48|0|1,2,2,3,2,2,3,2,2,2,2,3,2,2,3,2,2,4,5,4,4,5,4,6,5,4,6,5,4,4,5,5,7,5,5,4,5,6,4,5,4,4,5,5,4
T:745|TOM subgroup #745 order 48|0|1,1,1,2,1,3,1,3,1,4,4,1,4,5,4,5,6,4,1,6,5,4,5,4,1,4,5,6,5,4,1,3,1,3,1,5,4,5,4,5,7,5,5,4,5
T:746|TOM subgroup #746 order 48|0|1,2,1,2,2,2,2,2,3,4,5,4,4,4,4,4,6,4,7,8,8,8,8,9,4,4,4,4,4,6,8,8,8,8,9,8,7,8,9,8,7,9,8,9,9
T:747|TOM subgroup #747 order 48|0|1,2,3,4,1,3,4,3,4,1,1,1,5,1,1,1,1,4,3,1,4,3,4,3,2,1,4,3,4,3,1,3,4,3,4,1,1,1,1,3,4,2,2,4,3
T:749|TOM subgroup #749 order 48|2|1,2,2,3,4,5,2,2,6,2,2,3,4,5,2,2,6,1,3,4,5,2,2,6,3,4,5,2,2,6,7,8,3,3,9,10,4,4,11,5,5,12,1,6,6
T:751|TOM subgroup #751 order 48|2|1,1,2,3,2,3,4,3,4,5,6,1,6,1,7,1,7,6,1,6,1,7,1,7,2,8,2,9,2,10,2,3,4,3,4,2,10,2,9,4,3,4,4,11,4
T:752|TOM subgroup #752 order 48|2|1,2,3,2,1,2,2,4,5,6,1,6,7,6,6,8,8,2,9,6,9,9,10,10,2,1,2,2,5,4,6,9,9,10,10,6,6,8,8,9,10,10,10,10,11
T:753|TOM subgroup #753 order 48|2|1,2,3,3,1,4,3,3,5,6,7,7,8,6,7,7,1,9,9,6,10,9,9,4,11,7,9,11,11,3,7,9,11,11,3,6,7,7,1,9,9,2,11,3,3
T:754|TOM subgroup #754 order 48|2|1,2,2,2,1,3,2,4,3,5,5,5,6,7,5,1,7,8,8,5,9,8,2,9,8,5,9,8,2,9,5,9,8,2,9,7,5,1,7,9,3,10,2,9,3
T:755|TOM subgroup #755 order 48|2|1,1,1,2,1,3,1,3,1,4,5,1,5,6,5,6,5,5,1,5,6,5,6,5,1,5,6,4,6,5,1,3,1,3,1,6,5,6,4,6,7,6,6,5,6
T:756|TOM subgroup #756 order 48|2|1,2,3,2,2,2,2,2,4,5,6,5,5,5,5,5,3,5,7,8,8,8,8,2,5,5,5,5,5,1,8,8,8,8,2,8,7,8,2,8,7,2,8,2,2
T:757|TOM subgroup #757 order 48|2|1,1,2,2,3,3,3,3,4,5,6,7,1,1,1,1,1,7,6,1,1,1,1,1,8,2,2,2,2,2,2,2,2,2,2,4,3,3,3,3,3,3,4,3,3
T:758|TOM subgroup #758 order 48|2|1,2,2,2,3,2,4,2,2,5,5,5,6,5,3,5,5,7,7,5,7,2,7,8,7,5,8,2,7,7,5,7,2,8,7,5,1,5,5,2,7,7,2,2,7
T:759|TOM subgroup #759 order 48|2|1,2,3,2,2,2,2,2,4,5,6,5,5,5,5,5,3,5,7,8,8,8,8,2,5,5,5,5,5,1,8,8,8,8,2,8,7,8,2,8,7,2,8,2,2
T:760|TOM subgroup #760 order 48|2|1,2,1,3,1,2,1,3,4,2,4,3,1,2,1,3,1,2,5,2,6,2,7,2,3,1,2,1,3,1,3,7,3,8,3,2,4,3,1,2,5,2,3,1,3
T:761|TOM subgroup #761 order 48|2|1,1,2,2,3,3,3,3,4,5,6,6,1,1,1,1,1,6,6,1,1,1,1,1,7,2,2,2,2,2,2,2,2,2,2,4,3,3,3,3,3,3,4,3,3
T:762|TOM subgroup #762 order 48|2|1,2,3,2,1,2,2,2,2,4,1,4,5,4,4,4,4,2,6,4,6,7,6,6,2,1,2,2,2,2,4,6,6,7,6,4,4,4,4,6,6,7,6,6,6
T:763|TOM subgroup #763 order 48|2|1,1,1,2,1,1,1,3,3,4,4,1,5,4,4,6,6,5,1,4,4,4,6,6,1,4,4,4,6,6,1,1,1,3,3,4,4,6,6,5,6,6,6,6,7
T:764|TOM subgroup #764 order 48|2|1,2,3,2,1,2,2,2,2,4,1,4,5,4,4,4,4,2,6,4,6,7,6,6,2,1,2,2,2,2,4,6,6,7,6,4,4,4,4,6,6,7,6,6,6
T:765|TOM subgroup #765 order 48|2|1,1,1,2,1,3,1,3,1,4,5,1,4,6,4,6,4,4,1,4,6,5,6,4,1,4,6,4,6,4,1,3,1,3,1,6,4,6,5,6,7,6,6,4,6
T:766|TOM subgroup #766 order 48|2|1,1,1,2,1,3,1,3,1,4,4,1,4,5,4,5,6,6,1,4,5,4,5,4,1,4,5,4,5,4,1,3,1,3,1,5,6,5,4,5,7,5,5,4,5
T:767|TOM subgroup #767 order 48|2|1,2,1,2,1,2,1,2,3,1,4,1,5,1,6,1,1,1,3,1,2,1,2,2,1,6,1,5,1,1,1,2,1,2,2,1,4,1,1,1,3,2,1,1,2
T:768|TOM subgroup #768 order 48|2|1,1,1,1,2,2,2,2,3,4,5,6,1,1,1,1,1,6,5,1,1,1,1,1,4,1,1,1,1,1,1,1,1,1,1,3,2,2,2,2,2,2,3,2,2
T:769|TOM subgroup #769 order 48|2|1,2,1,3,1,1,1,1,4,1,5,1,6,6,6,6,1,1,4,1,1,1,1,3,1,6,6,6,6,1,1,1,1,1,2,6,5,6,1,6,5,1,6,1,1
T:770|TOM subgroup #770 order 48|2|1,1,1,2,1,2,1,2,1,3,4,1,4,1,4,1,4,4,1,4,1,4,1,4,1,3,1,4,1,4,1,2,1,2,1,1,4,1,4,1,2,1,1,3,1
T:771|TOM subgroup #771 order 48|2|1,1,1,2,1,2,1,2,1,3,4,1,4,1,5,1,5,5,1,5,1,4,1,4,1,4,1,5,1,3,1,2,1,2,1,1,3,1,5,1,2,1,1,4,1
T:772|TOM subgroup #772 order 48|2|1,2,3,3,3,3,4,5,6,2,3,3,3,3,5,4,6,7,7,7,7,2,2,8,9,9,9,3,3,10,9,9,3,3,10,9,3,3,10,3,3,10,1,6,6
T:776|TOM subgroup #776 order 48|2|1,2,3,4,3,5,3,6,3,7,8,1,8,2,8,2,8,8,2,8,1,8,1,8,3,9,3,9,3,9,3,6,3,5,3,3,9,3,9,3,4,3,3,9,3
T:777|TOM subgroup #777 order 48|2|1,2,3,3,4,5,3,3,6,4,7,7,8,4,7,7,1,3,3,1,6,3,3,5,9,7,3,9,9,3,7,3,9,9,3,1,7,7,4,3,3,2,9,3,3
T:778|TOM subgroup #778 order 48|2|1,1,2,2,3,2,3,1,4,1,4,2,3,2,3,1,2,2,4,3,2,3,1,2,5,6,5,6,2,5,6,5,6,2,5,6,7,3,6,6,4,5,3,6,2
T:779|TOM subgroup #779 order 48|2|1,2,2,3,3,4,3,3,5,6,6,1,1,1,1,1,7,8,2,2,2,2,2,9,2,2,2,2,2,9,3,3,4,3,5,3,3,4,5,3,3,5,3,5,5
T:780|TOM subgroup #780 order 48|2|1,2,3,1,1,1,3,4,5,2,3,1,1,4,3,1,5,6,2,2,2,6,2,7,3,3,3,8,3,9,4,1,3,1,5,1,3,1,5,3,1,5,3,9,5
T:781|TOM subgroup #781 order 48|2|1,2,3,3,2,3,3,4,5,6,1,1,6,1,1,1,7,2,2,8,2,2,2,9,4,2,3,3,3,5,2,3,3,3,5,2,2,2,9,4,3,5,3,5,5
T:782|TOM subgroup #782 order 48|2|1,2,2,3,3,4,3,3,5,6,6,1,1,1,1,1,7,8,2,2,2,2,2,9,2,2,2,2,2,9,3,3,4,3,5,3,3,4,5,3,3,5,3,5,5
T:783|TOM subgroup #783 order 48|2|1,2,1,2,2,2,2,2,3,4,5,4,4,4,4,4,6,4,7,8,8,8,8,9,4,4,4,4,4,6,8,8,8,8,9,8,7,8,9,8,7,9,8,9,9
T:784|TOM subgroup #784 order 48|2|1,1,1,1,1,1,1,1,2,3,4,5,3,3,5,5,1,5,4,3,3,5,5,1,3,5,5,3,3,1,5,5,3,3,1,3,4,5,1,5,4,1,3,1,1
T:785|TOM subgroup #785 order 48|2|1,2,3,2,1,1,3,3,4,2,4,2,3,3,1,1,3,2,5,2,2,2,2,2,2,1,1,3,3,1,2,2,2,2,2,3,4,1,3,1,4,3,3,1,1
T:786|TOM subgroup #786 order 48|2|1,1,2,2,3,2,3,1,4,1,4,2,3,2,3,1,2,2,4,3,2,3,1,2,1,3,1,3,2,1,3,1,3,2,1,3,5,3,3,3,4,1,3,3,2
T:787|TOM subgroup #787 order 48|2|1,2,2,3,4,5,2,3,3,1,1,4,6,4,1,4,4,2,3,4,3,2,5,3,5,4,3,2,3,3,1,2,3,2,2,1,4,1,1,3,2,2,3,5,2
T:788|TOM subgroup #788 order 48|2|1,2,3,4,4,3,3,4,5,2,4,3,3,4,4,3,5,2,2,2,2,2,2,6,1,4,3,3,4,5,3,4,4,3,5,1,4,3,5,3,4,5,1,5,5
T:789|TOM subgroup #789 order 48|2|1,2,2,3,3,3,3,1,4,2,2,3,3,3,3,1,4,5,6,6,6,6,2,7,6,6,6,6,2,7,8,8,8,3,9,8,8,3,9,8,3,9,3,9,4
T:790|TOM subgroup #790 order 48|2|1,2,1,3,1,4,1,2,5,2,1,2,4,1,1,3,5,3,6,2,2,3,6,7,2,1,1,4,2,5,2,3,2,6,7,1,1,3,5,1,2,5,2,5,7
T:791|TOM subgroup #791 order 48|0|1,2,2,2,2,3,1,1,4,2,2,2,2,3,1,1,4,5,5,5,6,2,2,7,5,5,6,2,2,7,5,6,2,2,7,6,2,2,7,3,3,8,1,4,4
T:792|TOM subgroup #792 order 48|0|1,2,2,1,2,2,1,2,2,2,2,1,2,2,1,2,2,3,2,3,3,2,3,4,2,4,3,2,3,3,2,2,1,2,2,3,2,3,3,2,4,3,2,2,3
T:793|TOM subgroup #793 order 48|0|1,2,1,2,1,2,1,2,3,2,3,2,1,2,1,2,1,2,4,2,5,2,5,2,2,1,2,1,2,1,2,5,2,5,2,2,3,2,1,2,4,2,2,1,2
T:794|TOM subgroup #794 order 48|0|1,1,1,2,1,3,1,3,1,4,5,1,5,1,5,1,5,5,1,5,1,5,1,5,1,5,1,5,1,4,1,3,1,3,1,1,4,1,5,1,2,1,1,5,1
T:795|TOM subgroup #795 order 48|0|1,2,1,1,3,3,1,4,5,1,6,6,1,1,6,7,7,1,1,3,3,1,4,5,6,1,1,6,7,7,1,1,6,7,7,2,1,5,4,1,5,4,7,7,8
T:796|TOM subgroup #796 order 48|0|1,2,3,2,4,2,3,2,5,6,1,6,1,6,1,6,7,2,8,2,8,2,8,9,2,3,2,4,2,5,2,8,2,8,9,2,3,2,5,2,8,9,2,5,9
T:797|TOM subgroup #797 order 48|2|1,2,3,2,4,2,2,3,5,6,4,6,7,6,6,4,1,2,8,6,8,8,2,2,2,1,2,2,5,3,6,8,8,2,2,6,6,1,4,8,2,2,2,2,3
T:798|TOM subgroup #798 order 48|2|1,1,1,2,1,3,1,3,1,4,5,1,5,1,5,1,5,5,1,5,1,5,1,5,1,4,1,5,1,5,1,3,1,3,1,1,5,1,5,1,2,1,1,4,1
T:799|TOM subgroup #799 order 48|2|1,1,1,1,2,2,2,2,3,4,5,5,1,1,1,1,1,5,5,1,1,1,1,1,4,1,1,1,1,1,1,1,1,1,1,3,2,2,2,2,2,2,3,2,2
T:800|TOM subgroup #800 order 48|2|1,2,1,3,1,3,1,3,4,5,6,1,7,1,6,1,8,5,2,5,2,5,2,9,1,6,1,7,1,8,1,3,1,3,4,1,6,1,8,1,3,4,1,8,4
T:802|TOM subgroup #802 order 48|2|1,1,1,2,2,3,4,5,6,7,7,8,8,1,1,1,9,7,8,8,1,1,1,9,8,8,1,1,1,9,10,2,2,2,11,2,2,2,11,5,4,6,3,6,6
T:803|TOM subgroup #803 order 48|2|1,2,3,2,2,1,2,3,4,2,4,2,2,1,2,3,3,2,5,6,2,7,2,2,2,2,3,2,1,1,7,2,6,2,2,2,5,2,2,2,4,3,2,2,1
T:804|TOM subgroup #804 order 48|2|1,2,3,2,4,1,4,3,5,2,5,2,4,1,4,3,3,2,6,7,2,7,2,2,2,4,3,4,1,1,7,2,7,2,2,4,8,4,4,4,5,3,4,4,1
T:806|TOM subgroup #806 order 48|2|1,2,3,2,2,1,2,4,5,2,5,2,2,1,2,3,4,2,6,7,2,7,2,2,2,2,4,2,1,1,7,2,7,2,2,2,6,2,2,2,5,3,2,2,1
T:807|TOM subgroup #807 order 48|2|1,1,1,2,1,3,1,2,1,4,5,1,5,1,6,1,6,6,1,6,1,5,1,5,1,5,1,4,1,6,1,2,1,3,1,1,6,1,4,1,2,1,1,5,1
T:808|TOM subgroup #808 order 48|2|1,2,3,2,3,4,1,4,5,2,5,2,3,4,1,4,3,4,6,4,7,2,7,4,4,1,2,3,2,1,4,7,2,7,4,2,5,2,1,4,6,2,4,3,2
T:809|TOM subgroup #809 order 48|2|1,2,3,2,2,3,2,1,4,2,4,2,2,3,2,1,3,2,5,6,2,6,2,2,2,2,1,2,3,1,6,2,6,2,2,2,5,2,2,2,4,1,2,2,3
T:810|TOM subgroup #810 order 48|2|1,2,2,3,2,2,3,2,2,2,2,3,2,2,3,2,2,4,2,5,5,2,4,6,2,6,4,2,5,5,2,2,1,2,2,5,2,4,4,2,6,4,2,2,5
T:811|TOM subgroup #811 order 48|2|1,2,3,2,3,2,1,2,4,2,4,2,3,2,1,2,3,2,5,2,6,2,6,2,2,1,2,3,2,1,2,6,2,6,2,2,4,2,1,2,5,2,2,3,2
T:812|TOM subgroup #812 order 48|2|1,1,1,2,1,3,1,2,1,4,5,1,5,1,6,1,6,6,1,6,1,5,1,5,1,5,1,4,1,6,1,2,1,3,1,1,6,1,4,1,2,1,1,5,1
T:813|TOM subgroup #813 order 48|2|1,2,2,2,3,3,3,3,4,2,2,2,3,3,3,3,4,5,5,6,6,6,6,7,5,6,6,6,6,7,6,6,6,6,7,8,9,8,10,8,9,10,8,10,10
T:814|TOM subgroup #814 order 48|2|1,2,2,3,1,2,2,3,4,2,2,3,1,2,2,3,4,5,6,2,7,7,8,9,6,2,7,7,8,9,3,8,8,10,11,2,2,3,4,5,6,9,6,9,11
T:815|TOM subgroup #815 order 48|2|1,2,1,1,3,1,3,4,3,1,5,6,7,5,7,8,7,1,1,3,1,3,4,3,5,7,6,7,8,7,7,5,7,8,7,7,9,10,9,7,8,7,10,9,10
T:816|TOM subgroup #816 order 48|2|1,2,2,2,3,3,3,3,4,2,2,2,3,3,3,3,4,5,5,6,6,6,6,7,5,6,6,6,6,7,6,6,6,6,7,8,9,8,10,8,9,10,8,10,10
T:817|TOM subgroup #817 order 48|2|1,2,2,3,1,4,2,3,5,2,2,3,4,1,2,3,5,6,7,2,2,6,7,8,7,2,2,6,7,8,3,3,7,9,10,1,2,3,5,2,3,5,7,8,10
T:818|TOM subgroup #818 order 48|2|1,2,2,2,2,3,3,3,4,2,2,2,2,3,3,3,4,5,6,5,7,7,7,8,5,6,7,7,7,8,5,7,7,7,8,7,7,7,8,9,9,10,9,10,10
T:819|TOM subgroup #819 order 48|2|1,2,2,2,3,3,3,3,4,2,2,2,3,3,3,3,4,5,5,6,6,6,6,7,5,6,6,6,6,7,6,6,6,6,7,8,9,8,10,8,9,10,8,10,10
T:820|TOM subgroup #820 order 48|2|1,2,3,2,1,2,3,2,4,2,4,2,1,2,3,2,3,5,6,2,7,5,7,5,5,3,5,8,5,8,2,7,5,7,5,2,4,2,3,5,6,5,5,8,5
T:821|TOM subgroup #821 order 48|2|1,1,2,2,1,3,2,2,4,5,6,6,5,1,6,6,7,6,6,5,1,6,6,7,8,6,2,9,9,10,6,2,9,9,10,1,6,6,7,2,2,4,8,10,10
T:822|TOM subgroup #822 order 48|2|1,1,1,2,1,3,1,2,1,4,5,1,6,1,5,1,6,6,1,5,1,6,1,5,1,4,1,5,1,6,1,2,1,3,1,1,6,1,5,1,2,1,1,4,1
T:823|TOM subgroup #823 order 48|0|1,2,3,2,1,4,3,2,5,2,3,2,4,1,3,2,5,6,7,2,2,6,7,8,6,3,3,9,6,10,2,2,6,7,8,1,3,2,5,3,2,5,6,10,8
T:824|TOM subgroup #824 order 48|0|1,2,3,2,3,2,1,2,4,2,4,2,3,2,1,2,3,2,5,2,6,2,6,2,2,1,2,3,2,1,2,6,2,6,2,2,4,2,1,2,5,2,2,3,2
T:825|TOM subgroup #825 order 48|2|1,2,3,2,1,4,3,2,5,2,3,2,4,1,3,2,5,6,7,2,2,6,7,8,6,3,3,9,6,10,2,2,6,7,8,1,3,2,5,3,2,5,6,10,8
T:826|TOM subgroup #826 order 48|2|1,2,2,2,2,3,3,1,4,2,2,2,2,3,3,1,4,5,6,5,7,7,2,8,5,6,7,7,2,8,5,7,7,2,8,7,7,2,8,9,3,10,3,10,4
T:827|TOM subgroup #827 order 48|2|1,2,1,3,1,3,1,2,4,1,5,1,6,1,6,1,1,1,4,1,2,1,3,3,1,6,1,6,1,1,1,3,1,2,2,1,5,1,1,1,4,2,1,1,3
T:828|TOM subgroup #828 order 48|2|1,2,3,2,3,2,1,2,4,2,4,2,3,2,1,2,3,2,5,2,6,2,6,2,2,1,2,3,2,1,2,6,2,6,2,2,4,2,1,2,5,2,2,3,2
T:829|TOM subgroup #829 order 48|0|1,1,1,1,2,1,2,1,3,1,3,1,2,1,2,1,1,1,3,2,1,2,1,1,1,2,1,2,1,1,2,1,2,1,1,2,4,2,2,2,3,1,2,2,1
T:830|TOM subgroup #830 order 48|2|1,2,1,2,1,2,3,2,4,5,6,5,6,5,1,5,7,5,8,5,9,2,8,10,5,6,5,1,5,7,5,8,2,9,10,5,1,5,7,2,8,10,2,4,10
T:831|TOM subgroup #831 order 48|2|1,2,3,2,2,1,2,3,4,2,4,2,2,1,2,3,3,2,5,6,2,6,2,2,2,2,3,2,1,1,6,2,6,2,2,2,5,2,2,2,4,3,2,2,1
T:832|TOM subgroup #832 order 48|2|1,2,2,2,3,2,2,2,4,1,1,1,1,1,1,1,5,2,2,2,2,2,3,4,2,2,3,2,2,4,2,2,3,2,4,2,2,2,4,2,2,4,2,4,4
T:833|TOM subgroup #833 order 48|2|1,1,1,1,1,1,1,1,2,3,4,4,4,4,4,4,1,4,4,4,4,4,4,1,3,4,4,4,4,1,4,4,4,4,1,3,4,4,1,4,4,1,3,1,1
T:834|TOM subgroup #834 order 50|0|1,2,1,3,1,3,1,2,1,1,4,1,5,1,4,1,5,1,2,1,3,1,3,1,1,4,1,5,1,5,1,2,1,3,1,1,5,1,4,1,2,1,1,4,1
T:835|TOM subgroup #835 order 50|0|1,2,1,3,1,2,1,3,1,1,4,1,4,1,5,1,5,1,2,1,3,1,3,1,1,5,1,4,1,5,1,3,1,2,1,1,5,1,4,1,2,1,1,4,1
T:836|TOM subgroup #836 order 50|0|1,2,2,2,2,2,3,3,1,2,2,2,2,2,3,1,3,1,1,3,3,2,2,2,3,3,1,2,2,2,1,3,2,2,2,1,2,2,2,2,2,2,1,1,3
T:837|TOM subgroup #837 order 54|0|1,1,1,2,3,3,3,2,4,5,5,1,6,6,6,1,7,5,1,6,6,6,1,7,1,6,6,6,1,7,3,3,3,2,4,8,8,3,9,8,3,9,3,9,4
T:838|TOM subgroup #838 order 54|0|1,2,3,1,2,3,3,4,1,1,5,6,1,5,5,7,6,3,1,2,3,3,4,1,5,3,8,8,9,5,1,5,5,7,6,3,3,4,1,8,9,5,9,5,7
T:839|TOM subgroup #839 order 54|0|1,2,2,2,1,2,2,2,3,2,2,2,1,2,2,2,3,4,4,2,5,5,5,6,4,2,5,5,5,6,2,5,5,5,6,2,2,2,3,4,4,6,4,6,6
T:840|TOM subgroup #840 order 54|0|1,2,2,2,3,3,3,1,4,2,2,2,3,3,3,1,4,5,5,6,6,6,2,7,5,6,6,6,2,7,6,6,6,2,7,8,8,3,9,8,3,9,3,9,4
T:841|TOM subgroup #841 order 54|0|1,2,2,2,1,2,2,2,3,2,2,2,1,2,2,2,3,4,4,2,5,5,5,6,4,2,5,5,5,6,2,5,5,5,6,2,2,2,3,4,4,6,4,6,6
T:842|TOM subgroup #842 order 54|0|1,1,1,2,1,1,2,1,3,1,2,1,1,2,1,1,3,1,1,2,1,1,2,3,1,1,2,1,1,3,1,1,2,1,3,1,1,2,3,1,1,3,1,3,3
T:843|TOM subgroup #843 order 54|0|1,1,2,1,1,1,1,3,2,2,1,1,1,2,1,3,1,1,1,1,2,1,3,1,1,1,1,1,3,2,2,1,2,3,1,1,2,3,1,1,3,1,3,1,3
T:844|TOM subgroup #844 order 54|0|1,2,2,2,2,2,2,1,3,2,2,2,2,2,2,1,3,1,1,2,2,2,2,3,1,2,2,2,2,3,2,2,2,2,3,1,1,2,3,1,2,3,2,3,3
T:845|TOM subgroup #845 order 54|0|1,2,2,2,2,2,2,1,3,2,2,2,2,2,2,1,3,1,2,2,1,2,2,3,2,2,1,2,2,3,1,2,1,2,3,2,1,2,3,2,2,3,2,3,3
T:846|TOM subgroup #846 order 56|0|1,1,1,1,1,1,1,2,1,3,3,3,3,3,3,4,3,3,3,3,3,3,4,3,3,3,3,3,4,3,3,3,3,4,3,3,3,4,3,3,4,3,4,3,4
T:851|TOM subgroup #851 order 60|0|1,2,3,2,3,2,1,2,4,2,1,2,3,2,3,2,4,2,5,2,5,2,5,6,2,1,2,3,2,4,2,5,2,5,6,2,1,2,4,2,5,6,2,4,6
T:852|TOM subgroup #852 order 60|2|1,2,3,4,1,4,3,3,2,1,5,1,6,1,5,5,1,3,2,1,4,3,3,4,3,5,3,7,7,3,1,2,3,3,4,1,5,5,1,3,3,2,7,3,3
T:853|TOM subgroup #853 order 60|0|1,2,1,3,1,3,1,3,1,1,4,5,4,5,4,5,4,1,3,1,3,1,3,1,5,4,5,4,5,4,5,6,5,6,5,5,4,5,4,5,6,5,5,4,5
T:854|TOM subgroup #854 order 60|0|1,2,3,2,4,2,3,3,2,1,5,1,6,1,5,5,1,3,2,4,2,3,3,2,3,7,3,8,8,3,4,2,3,3,2,4,7,7,4,3,3,2,8,3,3
T:855|TOM subgroup #855 order 60|2|1,2,3,4,1,3,4,3,2,1,5,1,6,5,1,5,1,3,2,1,3,4,3,4,3,5,7,3,7,3,1,3,2,3,4,5,1,5,1,3,7,3,3,2,3
T:856|TOM subgroup #856 order 60|2|1,2,2,3,2,2,3,2,3,2,2,3,2,2,3,2,3,4,5,4,6,5,6,5,5,6,6,5,4,5,5,5,7,5,7,4,5,6,5,5,4,5,5,7,5
T:857|TOM subgroup #857 order 60|2|1,2,3,4,1,4,2,4,3,1,1,5,6,5,1,5,1,3,4,1,4,3,4,2,4,1,4,2,4,2,5,7,4,7,4,5,1,5,1,4,7,4,4,3,4
T:858|TOM subgroup #858 order 60|2|1,2,2,3,2,3,2,3,2,4,4,5,4,5,4,5,4,6,7,6,7,8,7,8,7,8,7,6,7,8,7,9,7,9,7,7,8,7,6,7,9,7,7,6,7
T:859|TOM subgroup #859 order 60|2|1,2,3,4,1,2,4,2,3,5,1,1,6,5,1,5,1,2,2,5,7,2,7,2,3,1,2,4,2,4,1,2,3,2,4,5,1,5,1,2,7,2,2,3,2
T:860|TOM subgroup #860 order 60|2|1,2,2,2,1,3,2,3,3,1,1,1,4,5,1,5,5,2,2,1,3,2,3,3,2,1,3,2,3,3,1,3,2,3,3,5,1,5,5,3,6,6,3,3,6
T:861|TOM subgroup #861 order 60|2|1,2,1,3,1,3,1,4,3,2,1,3,1,3,1,4,3,2,5,2,5,2,6,5,3,1,3,1,4,3,3,7,3,8,7,3,1,4,3,3,8,7,4,3,8
T:862|TOM subgroup #862 order 60|2|1,2,3,4,1,4,2,3,3,1,5,1,6,1,1,5,5,3,4,1,2,4,3,3,3,5,3,3,7,7,1,2,2,3,3,1,1,5,5,4,3,3,3,3,7
T:863|TOM subgroup #863 order 63|3|1,1,1,2,1,1,2,1,2,1,1,2,1,1,2,1,2,1,2,1,1,2,1,2,2,1,1,2,1,2,2,2,3,2,3,1,2,1,2,2,1,2,2,3,2
T:864|TOM subgroup #864 order 64|P2|1,2,3,4,5,3,2,5,6,1,1,1,1,1,1,1,7,5,2,3,5,4,3,6,3,2,4,5,2,6,5,3,2,5,6,2,3,4,6,5,2,6,3,6,6
T:865|TOM subgroup #865 order 64|P2|1,1,1,1,1,1,1,2,1,3,3,4,4,4,4,5,6,6,4,4,4,4,5,3,4,4,4,4,5,3,6,3,3,5,4,3,3,5,4,6,5,4,5,4,5
T:866|TOM subgroup #866 order 64|P2|1,1,1,1,1,1,1,1,2,3,4,4,5,5,6,6,1,4,4,5,5,6,6,1,3,6,6,5,5,1,6,6,5,5,1,3,4,4,1,4,4,1,3,1,1
T:867|TOM subgroup #867 order 64|P2|1,2,3,2,1,3,4,4,5,1,1,1,6,1,1,1,1,4,5,1,4,3,3,2,4,1,5,2,2,3,1,4,3,3,2,1,1,1,1,2,2,3,5,4,4
T:868|TOM subgroup #868 order 64|P2|1,2,3,2,4,5,5,3,6,4,1,4,7,4,4,1,1,5,6,1,3,3,5,2,5,4,2,2,6,3,1,3,3,5,2,1,1,4,4,6,2,5,2,5,3
T:869|TOM subgroup #869 order 64|P2|1,2,1,2,3,3,3,3,4,2,4,2,3,3,3,3,1,2,5,2,2,2,2,2,2,3,3,3,3,1,2,2,2,2,2,1,4,1,3,1,4,3,1,3,3
T:870|TOM subgroup #870 order 64|P2|1,2,3,4,5,4,3,4,4,1,1,5,6,5,1,5,5,3,4,5,4,3,4,4,4,5,4,2,4,4,1,3,4,2,3,1,5,1,1,4,3,2,4,4,3
T:871|TOM subgroup #871 order 64|P2|1,2,2,3,1,2,3,2,4,1,1,1,5,1,1,1,1,3,2,1,3,2,4,2,2,1,4,2,3,2,1,2,4,2,3,1,1,1,1,2,3,2,2,3,2
T:872|TOM subgroup #872 order 64|P2|1,2,1,2,3,1,3,1,4,1,4,1,3,2,3,2,1,1,4,3,1,3,1,2,1,3,2,3,2,1,3,1,3,1,2,3,5,3,3,3,4,1,3,3,1
T:873|TOM subgroup #873 order 64|P2|1,2,1,2,3,1,3,1,4,2,4,2,1,3,1,3,1,2,5,2,2,2,2,2,2,1,3,1,3,1,2,2,2,2,2,1,4,1,3,1,4,1,1,3,1
T:874|TOM subgroup #874 order 64|P2|1,2,1,2,3,4,3,4,5,3,5,3,2,4,2,4,1,3,5,1,4,1,4,2,3,2,4,2,4,1,1,4,1,4,2,4,5,4,3,4,6,4,4,3,4
T:875|TOM subgroup #875 order 64|P2|1,2,3,2,4,4,4,4,5,2,5,2,4,4,4,4,3,2,6,7,7,7,7,2,2,4,4,4,4,1,7,7,7,7,2,8,9,8,4,8,9,4,8,4,4
T:876|TOM subgroup #876 order 64|P2|1,2,1,2,3,3,3,3,4,5,6,5,7,7,7,7,1,5,8,9,9,9,9,2,5,7,7,7,7,1,9,9,9,9,2,10,11,10,3,10,11,3,10,3,3
T:877|TOM subgroup #877 order 64|P2|1,2,1,3,4,1,4,1,5,1,5,1,4,2,4,3,1,1,5,4,1,4,1,3,1,4,3,4,2,1,4,1,4,1,2,4,6,4,4,4,5,1,4,4,1
T:878|TOM subgroup #878 order 64|P2|1,2,1,2,2,3,2,3,4,2,4,2,2,3,2,3,1,2,5,6,7,6,7,2,2,2,3,2,3,1,6,7,6,7,2,7,5,7,2,7,8,3,7,2,3
T:879|TOM subgroup #879 order 64|P2|1,1,1,1,2,2,2,2,3,4,5,4,6,7,6,7,1,4,5,7,6,7,6,1,4,6,7,6,7,1,7,6,7,6,1,8,9,8,2,8,9,2,8,2,2
T:880|TOM subgroup #880 order 64|P2|1,1,1,1,2,2,2,2,3,4,5,4,6,6,6,6,1,4,5,6,6,6,6,1,4,6,6,6,6,1,6,6,6,6,1,7,8,7,2,7,8,2,7,2,2
T:881|TOM subgroup #881 order 64|P2|1,2,1,2,2,1,2,1,3,4,5,4,4,6,4,6,2,4,5,6,4,6,4,1,4,4,6,4,6,2,6,4,6,4,1,4,5,4,1,4,5,2,4,1,2
T:882|TOM subgroup #882 order 64|P2|1,2,1,2,3,1,3,1,4,2,4,2,1,3,1,3,1,2,5,2,2,2,2,2,2,1,3,1,3,1,2,2,2,2,2,1,4,1,3,1,4,1,1,3,1
T:883|TOM subgroup #883 order 64|P2|1,1,1,1,1,1,1,1,2,3,4,4,5,5,5,5,1,4,4,5,5,5,5,1,3,5,5,5,5,1,5,5,5,5,1,3,4,4,1,4,4,1,3,1,1
T:884|TOM subgroup #884 order 64|P2|1,2,3,2,1,2,2,3,4,1,1,1,5,1,1,1,1,2,4,1,3,3,2,2,2,1,2,2,4,3,1,3,3,2,2,1,1,1,1,4,2,2,2,2,3
T:885|TOM subgroup #885 order 64|P2|1,1,1,1,1,1,1,1,2,3,4,3,3,5,3,5,1,3,4,5,3,5,3,1,3,3,5,3,5,1,5,3,5,3,1,3,4,3,1,3,4,1,3,1,1
T:886|TOM subgroup #886 order 64|P2|1,2,2,2,2,3,3,4,5,1,1,1,1,1,1,1,6,4,3,3,2,2,2,5,3,3,2,2,2,5,4,2,2,2,5,2,2,2,5,4,3,5,3,5,5
T:887|TOM subgroup #887 order 64|P2|1,2,1,2,3,3,3,3,4,2,4,2,3,3,3,3,1,2,5,2,2,2,2,2,2,3,3,3,3,1,2,2,2,2,2,1,4,1,3,1,4,3,1,3,3
T:888|TOM subgroup #888 order 64|P2|1,2,2,3,2,2,3,4,4,2,2,3,2,2,3,4,4,3,2,3,1,2,4,4,2,1,3,2,4,4,2,2,1,4,4,3,2,4,4,2,4,4,4,4,5
T:889|TOM subgroup #889 order 64|P2|1,2,1,2,3,1,3,1,4,2,4,2,1,3,1,3,1,2,5,2,2,2,2,2,2,1,3,1,3,1,2,2,2,2,2,1,4,1,3,1,4,1,1,3,1
T:890|TOM subgroup #890 order 64|P2|1,1,1,1,2,2,2,2,3,4,5,5,6,6,6,6,2,5,5,6,6,6,6,2,4,6,6,6,6,2,6,6,6,6,2,4,5,5,1,5,5,1,4,1,1
T:891|TOM subgroup #891 order 64|P2|1,2,3,4,5,4,3,4,4,1,1,5,6,5,1,5,5,3,4,5,4,3,4,4,4,5,4,2,4,4,1,3,4,2,3,1,5,1,1,4,3,2,4,4,3
T:892|TOM subgroup #892 order 64|P2|1,2,2,3,1,2,2,4,3,1,1,1,5,1,1,1,1,4,2,1,3,3,2,2,2,1,3,3,2,2,1,2,2,3,4,1,1,1,1,4,2,2,2,2,3
T:893|TOM subgroup #893 order 64|P2|1,2,2,3,3,2,2,4,5,1,1,1,1,1,1,1,6,4,2,2,3,3,2,5,2,2,3,3,2,5,4,2,2,3,5,2,2,3,5,4,2,5,2,5,5
T:894|TOM subgroup #894 order 64|P2|1,1,1,1,1,1,1,1,2,3,4,5,5,5,5,4,6,4,5,5,5,5,4,6,5,5,5,5,3,6,4,4,3,5,6,3,4,5,6,4,5,6,5,6,6
T:895|TOM subgroup #895 order 64|P2|1,1,1,1,2,2,2,2,3,4,5,4,6,6,6,6,1,4,5,6,6,6,6,1,4,6,6,6,6,1,6,6,6,6,1,7,8,7,2,7,8,2,7,2,2
T:896|TOM subgroup #896 order 64|P2|1,2,1,2,3,3,3,3,4,2,4,2,3,3,3,3,1,2,5,6,6,6,6,2,2,3,3,3,3,1,6,6,6,6,2,7,8,7,3,7,8,3,7,3,3
T:897|TOM subgroup #897 order 64|P2|1,1,1,1,2,2,2,2,3,4,5,5,6,6,6,6,1,5,5,6,6,6,6,1,4,6,6,6,6,1,6,6,6,6,1,7,8,8,2,8,8,2,7,2,2
T:898|TOM subgroup #898 order 64|P2|1,2,2,2,3,4,4,2,5,6,6,6,7,3,3,6,1,8,8,6,2,2,9,2,9,6,2,2,8,2,6,2,2,8,2,1,1,6,3,5,2,4,2,4,2
T:899|TOM subgroup #899 order 64|P2|1,1,1,1,2,2,2,2,3,4,5,4,6,6,6,6,1,4,5,6,6,6,6,1,4,6,6,6,6,1,6,6,6,6,1,7,8,7,2,7,8,2,7,2,2
T:900|TOM subgroup #900 order 64|P2|1,1,1,1,2,2,2,2,3,4,5,4,6,6,6,6,1,4,5,6,6,6,6,1,4,6,6,6,6,1,6,6,6,6,1,7,8,7,2,7,8,2,7,2,2
T:901|TOM subgroup #901 order 64|P2|1,2,1,2,2,1,2,1,3,4,5,4,4,6,4,6,1,4,7,8,4,8,4,2,4,4,6,4,6,1,8,4,8,4,2,4,7,4,2,4,5,1,4,2,1
T:902|TOM subgroup #902 order 64|P2|1,2,1,2,3,3,3,3,4,2,4,2,3,3,3,3,1,2,5,6,6,6,6,2,2,3,3,3,3,1,6,6,6,6,2,7,8,7,3,7,8,3,7,3,3
T:903|TOM subgroup #903 order 64|P2|1,1,1,1,2,2,2,2,3,4,5,4,6,6,6,6,1,4,5,6,6,6,6,1,4,6,6,6,6,1,6,6,6,6,1,7,8,7,2,7,8,2,7,2,2
T:904|TOM subgroup #904 order 64|P2|1,2,3,3,1,4,3,3,5,2,3,3,4,1,3,3,5,6,6,2,2,6,6,7,8,3,3,9,9,10,3,3,9,9,10,1,3,3,5,3,3,5,8,10,10
T:905|TOM subgroup #905 order 64|P2|1,2,1,2,3,4,3,4,5,3,5,3,2,4,2,4,1,3,5,1,4,1,4,2,3,2,4,2,4,1,1,4,1,4,2,4,5,4,3,4,6,4,4,3,4
T:906|TOM subgroup #906 order 64|P2|1,2,1,2,3,1,3,1,4,1,4,1,3,2,3,2,1,1,4,3,1,3,1,2,1,3,2,3,2,1,3,1,3,1,2,3,5,3,3,3,4,1,3,3,1
T:907|TOM subgroup #907 order 64|P2|1,2,1,2,3,1,3,1,4,1,4,1,3,2,3,2,1,1,4,3,1,3,1,2,1,3,2,3,2,1,3,1,3,1,2,3,5,3,3,3,4,1,3,3,1
T:908|TOM subgroup #908 order 64|P2|1,1,1,1,1,1,1,1,2,3,4,4,5,5,5,5,1,4,4,5,5,5,5,1,3,5,5,5,5,1,5,5,5,5,1,3,4,4,1,4,4,1,3,1,1
T:909|TOM subgroup #909 order 64|P2|1,2,3,4,5,4,3,4,4,1,1,5,6,5,1,5,5,3,4,5,4,3,4,4,4,5,4,2,4,4,1,3,4,2,3,1,5,1,1,4,3,2,4,4,3
T:910|TOM subgroup #910 order 64|P2|1,2,1,2,3,1,3,1,4,2,4,2,1,3,1,3,1,2,5,2,2,2,2,2,2,1,3,1,3,1,2,2,2,2,2,1,4,1,3,1,4,1,1,3,1
T:911|TOM subgroup #911 order 64|P2|1,2,2,3,4,4,4,4,5,1,1,1,1,1,1,1,6,3,2,4,4,4,4,5,2,4,4,4,4,5,4,4,4,4,5,2,2,3,5,3,2,5,2,5,5
T:912|TOM subgroup #912 order 64|P2|1,2,1,2,3,1,3,1,4,1,4,1,3,2,3,2,1,1,4,3,1,3,1,2,1,3,2,3,2,1,3,1,3,1,2,3,5,3,3,3,4,1,3,3,1
T:913|TOM subgroup #913 order 64|P2|1,2,1,2,2,3,2,3,4,2,4,2,2,3,2,3,1,2,5,6,7,6,7,2,2,2,3,2,3,1,6,7,6,7,2,7,5,7,2,7,8,3,7,2,3
T:914|TOM subgroup #914 order 64|P2|1,2,1,2,2,3,2,3,4,2,4,2,2,3,2,3,1,2,5,6,7,6,7,2,2,2,3,2,3,1,6,7,6,7,2,7,5,7,2,7,8,3,7,2,3
T:915|TOM subgroup #915 order 64|P2|1,1,1,1,2,2,2,2,3,4,5,4,6,6,6,6,1,4,5,6,6,6,6,1,4,6,6,6,6,1,6,6,6,6,1,7,8,7,2,7,8,2,7,2,2
T:916|TOM subgroup #916 order 64|P2|1,2,1,2,3,3,3,3,4,2,4,2,3,3,3,3,1,2,5,6,6,6,6,2,2,3,3,3,3,1,6,6,6,6,2,7,8,7,3,7,8,3,7,3,3
T:917|TOM subgroup #917 order 64|P2|1,2,1,2,3,2,3,2,4,2,4,2,3,2,3,2,1,2,4,3,1,3,1,2,2,3,2,3,2,1,3,1,3,1,2,3,5,3,3,3,4,2,3,3,2
T:918|TOM subgroup #918 order 64|P2|1,2,2,3,1,2,2,4,3,1,1,1,5,1,1,1,1,4,2,1,3,3,2,2,2,1,3,3,2,2,1,2,2,3,4,1,1,1,1,4,2,2,2,2,3
T:919|TOM subgroup #919 order 72|2|1,2,3,4,3,3,4,5,4,5,3,4,3,3,4,2,4,3,4,3,3,4,1,4,6,7,7,6,3,6,6,6,8,4,8,7,6,3,6,6,3,6,4,8,4
T:920|TOM subgroup #920 order 72|2|1,2,3,4,1,2,2,4,3,5,1,6,7,5,5,6,1,2,8,5,9,9,8,2,4,1,2,2,4,3,6,8,8,10,4,5,5,6,1,9,8,2,8,2,4
T:921|TOM subgroup #921 order 72|2|1,2,2,2,2,2,2,3,4,5,5,5,5,5,5,6,7,8,9,8,9,8,10,11,8,9,8,9,10,11,8,9,8,10,11,8,9,10,11,8,10,11,10,11,12
T:922|TOM subgroup #922 order 72|2|1,2,3,2,4,3,3,2,5,6,7,6,8,7,7,6,4,9,10,7,9,9,10,3,9,6,10,10,9,2,7,9,9,10,3,6,6,7,1,10,9,2,9,2,3
T:923|TOM subgroup #923 order 72|2|1,2,3,4,1,3,2,4,3,5,1,1,6,1,7,1,1,2,2,7,2,8,2,2,3,1,4,2,3,4,1,3,2,4,3,1,5,1,1,2,3,4,2,2,3
T:924|TOM subgroup #924 order 72|2|1,1,1,2,1,3,1,4,1,5,5,1,6,7,6,7,6,5,1,6,7,6,7,6,1,6,7,6,7,6,1,4,1,3,1,7,5,7,5,7,8,7,7,5,7
T:925|TOM subgroup #925 order 72|2|1,2,3,2,1,2,2,2,2,4,1,4,5,4,4,4,4,2,6,4,7,6,7,7,2,1,2,2,2,2,4,7,6,7,7,4,4,4,4,7,6,6,7,7,6
T:926|TOM subgroup #926 order 72|2|1,2,3,2,3,2,3,4,4,3,2,3,2,3,2,4,4,5,6,5,6,5,7,7,5,6,5,6,7,7,5,6,5,7,7,5,6,7,7,5,7,7,7,7,8
T:927|TOM subgroup #927 order 72|2|1,2,3,3,1,3,3,3,3,1,4,4,5,6,6,6,4,3,3,1,3,3,3,3,7,6,8,8,8,7,6,8,8,8,7,4,4,4,6,7,7,8,7,8,8
T:928|TOM subgroup #928 order 72|2|1,1,2,3,4,3,4,3,5,6,7,1,1,1,1,1,8,7,1,1,1,1,1,8,2,2,2,2,2,9,3,4,3,4,5,3,4,3,5,3,4,5,3,5,5
T:929|TOM subgroup #929 order 72|2|1,1,2,3,4,3,4,3,5,6,7,1,1,1,1,1,8,7,1,1,1,1,1,8,2,2,2,2,2,9,3,4,3,4,5,3,4,3,5,3,4,5,3,5,5
T:930|TOM subgroup #930 order 72|2|1,2,3,2,3,2,3,4,5,6,6,6,6,6,6,1,7,8,9,8,9,8,3,10,8,9,8,9,2,10,8,9,8,3,10,8,9,2,10,8,3,10,2,10,5
T:931|TOM subgroup #931 order 72|2|1,1,2,3,2,4,1,5,2,6,7,2,7,2,6,1,7,7,2,7,2,6,1,7,1,6,1,7,2,6,1,5,2,4,1,1,7,2,6,2,3,1,1,7,2
T:932|TOM subgroup #932 order 72|2|1,1,1,2,3,4,3,4,3,5,5,1,6,3,6,3,6,5,1,6,3,6,3,6,1,6,3,6,3,6,3,4,3,4,3,1,5,1,5,1,2,1,1,5,1
T:933|TOM subgroup #933 order 72|2|1,1,1,2,1,3,1,3,1,4,5,1,5,1,4,1,5,5,1,5,1,4,1,5,1,4,1,5,1,4,1,3,1,3,1,1,5,1,4,1,2,1,1,5,1
T:934|TOM subgroup #934 order 72|2|1,2,1,2,1,2,2,1,3,1,2,1,2,2,2,1,3,1,1,2,2,1,2,3,2,1,2,1,2,3,1,1,2,2,3,1,2,2,3,1,1,3,1,3,3
T:959|TOM subgroup #959 order 72|2|1,2,2,3,2,4,1,5,1,6,6,1,6,1,7,1,7,8,2,8,2,6,2,6,2,8,2,6,2,6,2,5,1,4,1,2,6,2,6,1,3,1,1,7,1
T:960|TOM subgroup #960 order 72|2|1,1,1,2,1,3,1,4,1,5,5,1,6,1,6,1,6,5,1,6,1,6,1,6,1,6,1,6,1,6,1,4,1,3,1,1,5,1,5,1,2,1,1,5,1
T:961|TOM subgroup #961 order 72|2|1,2,3,4,1,2,2,4,3,5,1,6,7,5,5,6,1,2,8,5,9,9,8,2,4,1,2,2,4,3,6,8,8,10,4,5,5,6,1,9,8,2,8,2,4
T:962|TOM subgroup #962 order 72|2|1,2,3,2,1,4,3,2,4,1,5,1,6,1,5,1,1,3,4,1,2,3,4,2,3,5,3,7,3,3,1,2,3,4,2,1,5,1,1,3,2,4,3,3,2
T:963|TOM subgroup #963 order 72|2|1,2,3,3,4,2,5,2,3,6,7,7,8,6,4,6,7,9,9,6,10,2,10,9,11,7,9,3,9,11,7,9,3,9,11,6,1,6,7,2,10,9,2,3,9
T:964|TOM subgroup #964 order 72|2|1,2,2,3,4,4,3,4,2,2,2,3,4,4,3,4,2,5,6,7,7,6,7,5,6,7,7,6,7,5,8,8,9,8,6,10,8,10,7,8,10,7,8,6,7
T:965|TOM subgroup #965 order 72|2|1,2,3,3,1,4,4,4,1,1,5,5,6,7,7,7,6,3,3,1,4,4,4,1,8,5,9,9,9,5,5,9,9,9,5,7,7,7,6,10,10,7,10,7,7
T:966|TOM subgroup #966 order 72|2|1,2,3,4,1,2,2,3,4,5,6,1,7,5,5,6,1,8,2,5,9,9,8,2,3,6,8,8,10,3,1,2,2,3,4,5,5,6,1,9,8,2,8,2,3
T:967|TOM subgroup #967 order 72|2|1,2,3,3,1,3,4,4,1,1,5,5,6,5,7,7,6,3,3,1,3,4,4,1,8,5,8,9,9,5,5,8,9,9,5,5,7,7,6,9,9,5,10,7,7
T:968|TOM subgroup #968 order 72|2|1,1,1,2,3,4,3,5,3,6,6,1,7,3,7,3,7,6,1,7,3,7,3,7,1,7,3,7,3,7,3,5,3,4,3,1,6,1,6,1,2,1,1,6,1
T:969|TOM subgroup #969 order 72|2|1,1,1,2,1,3,1,4,1,5,5,1,6,1,6,1,6,5,1,6,1,6,1,6,1,6,1,6,1,6,1,4,1,3,1,1,5,1,5,1,2,1,1,5,1
T:970|TOM subgroup #970 order 72|2|1,2,2,2,3,2,2,2,4,5,5,5,6,5,5,5,3,7,8,5,7,7,8,2,7,5,8,8,7,2,5,7,7,8,2,5,5,5,1,8,7,2,7,2,2
T:971|TOM subgroup #971 order 72|2|1,2,2,2,1,2,2,2,3,4,4,4,5,4,4,4,1,6,7,4,7,6,7,2,7,4,7,6,7,2,4,6,7,6,2,4,4,4,1,7,6,2,7,2,2
T:972|TOM subgroup #972 order 72|2|1,2,3,2,1,3,4,3,2,5,5,5,6,5,1,5,5,7,8,5,7,3,7,8,7,5,8,2,8,7,5,7,3,7,8,5,1,5,5,2,8,7,2,3,7
T:973|TOM subgroup #973 order 72|2|1,2,3,4,1,3,4,2,3,5,1,1,6,1,1,5,1,2,2,5,2,2,7,2,3,1,4,3,2,4,1,3,4,2,3,1,1,5,1,3,2,4,2,3,2
T:974|TOM subgroup #974 order 72|2|1,2,3,2,1,2,2,2,2,4,1,4,5,4,4,4,4,2,6,4,7,7,6,6,2,1,2,2,2,2,4,6,6,7,7,4,4,4,4,7,6,6,6,6,7
T:975|TOM subgroup #975 order 72|2|1,2,3,3,1,4,5,3,1,1,6,6,7,1,1,6,7,3,3,1,5,4,3,1,8,6,3,3,8,6,6,3,3,8,6,1,1,6,7,2,3,1,3,1,6
T:976|TOM subgroup #976 order 72|2|1,2,3,3,1,4,5,3,1,1,6,6,7,1,1,6,7,3,3,1,5,4,3,1,8,6,3,3,8,6,6,3,3,8,6,1,1,6,7,2,3,1,3,1,6
T:978|TOM subgroup #978 order 72|2|1,2,3,4,4,4,2,1,5,2,3,4,4,4,2,1,5,6,2,2,2,7,2,8,3,3,3,6,3,9,1,1,2,4,5,1,2,4,5,2,4,5,2,8,5
T:979|TOM subgroup #979 order 72|2|1,2,1,2,3,3,4,2,5,2,1,2,3,4,3,2,5,2,6,2,2,2,6,7,2,4,3,3,2,5,2,2,2,6,7,1,1,2,5,1,2,5,2,5,7
T:980|TOM subgroup #980 order 72|2|1,2,3,3,1,2,4,4,3,5,1,1,6,5,1,1,1,2,2,5,7,2,2,2,4,1,2,3,3,4,1,2,3,3,4,5,1,1,1,2,2,2,4,3,3
T:981|TOM subgroup #981 order 72|2|1,2,2,3,2,2,4,2,2,2,2,4,2,2,3,2,2,5,6,5,7,6,5,7,6,7,5,6,7,5,6,6,8,6,6,5,6,7,5,6,5,7,6,6,5
T:982|TOM subgroup #982 order 72|2|1,2,3,2,1,3,4,3,2,5,5,5,6,5,1,5,5,7,8,5,7,3,7,8,7,5,8,2,8,7,5,7,3,7,8,5,1,5,5,2,8,7,2,3,7
T:983|TOM subgroup #983 order 72|2|1,2,1,2,3,4,3,4,1,1,2,1,4,3,4,3,2,1,2,3,4,3,4,1,1,4,3,4,3,2,3,4,3,4,1,5,6,7,4,7,6,3,5,4,3
T:984|TOM subgroup #984 order 72|2|1,1,1,2,3,4,3,4,3,5,5,1,6,3,6,3,6,5,1,6,3,6,3,6,1,6,3,6,3,6,3,4,3,4,3,1,5,1,5,1,2,1,1,5,1
T:985|TOM subgroup #985 order 72|2|1,2,3,2,1,2,2,2,2,4,5,4,6,4,4,4,4,7,8,4,9,9,9,8,7,5,7,7,7,7,4,9,9,9,8,4,4,4,4,8,8,9,8,9,9
T:986|TOM subgroup #986 order 72|2|1,2,2,3,1,3,3,3,1,1,1,4,5,4,4,4,5,2,3,1,3,3,3,1,3,1,3,3,3,1,4,6,6,7,4,4,4,4,5,7,6,4,6,4,4
T:987|TOM subgroup #987 order 72|2|1,2,3,4,1,4,4,3,1,1,1,5,6,5,5,1,6,3,4,1,4,4,3,1,4,1,4,4,2,1,5,7,7,4,5,5,5,1,6,7,4,5,4,5,1
T:988|TOM subgroup #988 order 72|2|1,2,1,2,3,4,3,4,1,1,2,1,4,3,4,3,2,1,2,3,4,3,4,1,1,4,3,4,3,2,3,4,3,4,1,5,6,5,4,5,6,3,5,4,3
T:989|TOM subgroup #989 order 72|2|1,2,2,3,4,4,3,4,3,2,2,3,4,4,3,4,3,1,3,4,4,3,4,3,3,4,4,3,4,3,5,5,6,5,6,7,5,7,5,5,7,5,5,6,5
T:990|TOM subgroup #990 order 72|2+3|1,1,1,2,3,4,3,4,3,5,5,1,6,1,6,1,6,5,1,6,1,6,1,6,1,6,1,6,1,6,3,4,3,4,3,3,7,3,7,3,2,3,3,7,3
T:991|TOM subgroup #991 order 72|2|1,2,3,4,1,4,4,3,1,1,1,5,6,5,5,1,6,3,4,1,4,4,3,1,4,1,4,4,2,1,5,7,7,4,5,5,5,1,6,7,4,5,4,5,1
T:992|TOM subgroup #992 order 72|2|1,2,3,4,1,4,4,3,1,1,1,5,6,5,5,1,6,3,4,1,4,4,3,1,4,1,4,4,2,1,5,7,7,4,5,5,5,1,6,7,4,5,4,5,1
T:993|TOM subgroup #993 order 72|2|1,1,1,1,1,1,1,2,1,1,1,1,1,1,1,2,1,1,1,1,1,1,2,1,1,1,1,1,2,1,1,1,1,2,1,1,1,2,1,1,2,1,2,1,2
T:994|TOM subgroup #994 order 72|3|1,1,1,2,2,3,2,2,4,5,5,1,1,1,1,1,6,5,1,1,1,1,1,6,1,1,1,1,1,6,2,2,3,2,4,2,2,3,4,2,2,4,2,4,4
T:995|TOM subgroup #995 order 72|3|1,2,2,3,1,1,2,3,4,2,2,3,1,1,2,3,4,5,6,2,2,5,6,7,6,2,2,5,6,7,3,3,6,8,9,1,2,3,4,2,3,4,6,7,9
T:996|TOM subgroup #996 order 72|3|1,1,1,2,1,2,1,2,1,3,4,1,4,1,5,1,5,5,1,5,1,4,1,4,1,5,1,3,1,4,1,2,1,2,1,1,4,1,3,1,2,1,1,5,1
T:997|TOM subgroup #997 order 72|2|1,2,3,4,1,4,3,3,1,1,5,1,6,1,5,5,6,3,4,1,4,3,3,1,3,5,3,7,7,5,1,2,3,3,1,1,5,5,6,3,3,1,7,5,5
T:998|TOM subgroup #998 order 72|2|1,1,2,3,2,4,1,3,2,5,6,1,6,1,5,1,6,6,1,6,1,5,1,6,2,7,2,6,2,7,2,3,1,4,2,2,6,2,7,1,3,2,1,6,2
T:999|TOM subgroup #999 order 72|2|1,1,1,2,1,3,1,3,1,4,4,1,5,1,5,1,5,4,1,5,1,5,1,5,1,5,1,5,1,5,1,3,1,3,1,1,4,1,4,1,2,1,1,4,1
T:1000|TOM subgroup #1000 order 72|2|1,1,1,2,3,4,3,4,3,5,5,1,6,3,6,3,6,5,1,6,3,6,3,6,1,6,3,6,3,6,3,4,3,4,3,1,5,1,5,1,2,1,1,5,1
T:1001|TOM subgroup #1001 order 72|2|1,2,2,3,2,3,1,4,1,5,5,1,5,1,6,1,6,7,2,7,2,5,2,5,2,7,2,5,2,5,2,4,1,3,1,2,5,2,5,1,3,1,1,6,1
T:1002|TOM subgroup #1002 order 72|2|1,1,1,2,1,3,1,3,1,4,4,1,5,1,5,1,5,4,1,5,1,5,1,5,1,5,1,5,1,5,1,3,1,3,1,1,4,1,4,1,2,1,1,4,1
T:1003|TOM subgroup #1003 order 72|2|1,2,3,2,3,3,4,4,4,2,3,2,3,3,4,4,4,4,1,4,4,3,3,3,4,5,5,6,6,6,4,4,3,3,3,5,6,6,6,6,6,6,5,5,5
T:1004|TOM subgroup #1004 order 72|2|1,1,1,2,1,3,1,3,1,4,4,1,5,1,5,1,5,4,1,5,1,5,1,5,1,5,1,5,1,5,1,3,1,3,1,1,4,1,4,1,2,1,1,4,1
T:1005|TOM subgroup #1005 order 72|2|1,1,1,2,3,2,3,4,3,5,5,1,6,1,6,1,6,5,1,6,1,6,1,6,1,6,1,6,1,6,3,4,3,2,3,3,7,3,7,3,2,3,3,7,3
T:1006|TOM subgroup #1006 order 72|2|1,2,1,3,2,4,1,4,2,5,6,1,5,1,6,1,5,5,2,7,2,5,2,7,1,5,1,6,1,5,2,4,1,4,2,2,5,2,7,1,3,2,1,5,2
T:1007|TOM subgroup #1007 order 72|2|1,1,2,3,2,4,1,4,2,5,6,1,6,1,5,1,6,6,1,6,1,5,1,6,2,7,2,6,2,7,2,4,1,4,2,2,6,2,7,1,3,2,1,6,2
T:1008|TOM subgroup #1008 order 72|2|1,1,1,2,1,3,1,3,1,4,4,1,5,1,5,1,5,4,1,5,1,5,1,5,1,5,1,5,1,5,1,3,1,3,1,1,4,1,4,1,2,1,1,4,1
T:1009|TOM subgroup #1009 order 72|2|1,2,3,4,1,4,4,3,1,1,1,5,6,5,5,1,6,3,4,1,4,4,3,1,4,1,4,4,2,1,5,7,7,4,5,5,5,1,6,7,4,5,4,5,1
T:1010|TOM subgroup #1010 order 72|2|1,1,1,2,1,3,1,3,1,4,4,1,5,1,5,1,5,4,1,5,1,5,1,5,1,5,1,5,1,5,1,3,1,3,1,1,4,1,4,1,2,1,1,4,1
T:1011|TOM subgroup #1011 order 72|2|1,2,3,4,1,4,4,3,1,1,1,5,6,5,5,1,6,3,4,1,4,4,3,1,4,1,4,4,2,1,5,7,7,4,5,5,5,1,6,7,4,5,4,5,1
T:1012|TOM subgroup #1012 order 72|2|1,1,1,2,1,3,1,3,1,4,4,1,5,1,5,1,5,4,1,5,1,5,1,5,1,5,1,5,1,5,1,3,1,3,1,1,4,1,4,1,2,1,1,4,1
T:1013|TOM subgroup #1013 order 72|0|1,1,1,1,1,1,1,1,2,1,1,1,1,1,1,1,2,1,1,1,1,1,1,2,1,1,1,1,1,2,1,1,1,1,2,1,1,1,2,1,1,2,1,2,2
T:1014|TOM subgroup #1014 order 80|0|1,1,2,2,2,2,1,1,3,3,1,1,2,2,2,2,1,1,1,2,2,2,2,1,3,1,1,2,2,2,1,1,2,2,2,3,1,1,2,1,1,2,3,1,1
T:1015|TOM subgroup #1015 order 80|2|1,1,1,2,3,1,1,4,5,6,6,1,1,6,6,1,7,6,1,1,6,6,1,7,1,1,6,6,1,7,4,1,1,3,5,1,1,2,5,6,1,7,1,7,5
T:1016|TOM subgroup #1016 order 80|2|1,2,2,3,3,1,1,1,4,2,2,3,3,1,1,1,4,5,6,6,2,2,2,7,6,6,2,2,2,7,8,3,3,3,9,3,3,3,9,1,1,4,1,4,4
T:1017|TOM subgroup #1017 order 80|2|1,2,1,2,1,2,1,2,3,2,1,2,1,2,1,2,3,2,4,2,5,2,4,6,2,1,2,1,2,3,2,4,2,5,6,2,1,2,3,2,4,6,2,3,6
T:1018|TOM subgroup #1018 order 80|2|1,2,2,1,1,2,2,1,3,2,2,1,1,2,2,1,3,4,2,2,5,5,2,6,2,2,5,5,2,6,1,2,2,1,3,2,2,1,3,4,2,6,2,6,3
T:1019|TOM subgroup #1019 order 80|2|1,2,2,1,1,2,2,1,3,2,2,1,1,2,2,1,3,4,2,2,5,5,2,6,2,2,5,5,2,6,1,2,2,1,3,2,2,1,3,4,2,6,2,6,3
T:1020|TOM subgroup #1020 order 80|2|1,2,2,1,2,1,2,1,3,2,2,1,2,1,2,1,3,4,2,5,2,4,2,6,2,4,2,5,2,6,2,1,2,1,3,2,4,2,6,2,1,3,2,6,3
T:1021|TOM subgroup #1021 order 80|2|1,2,2,1,3,2,2,3,4,2,2,3,1,2,2,3,4,5,2,2,6,6,2,7,2,2,6,6,2,7,3,2,2,1,4,2,2,1,4,5,2,7,2,7,4
T:1022|TOM subgroup #1022 order 81|P3|1,2,2,2,2,2,2,3,1,2,2,2,2,2,2,3,1,1,1,2,2,2,3,2,1,2,2,2,3,2,2,2,2,3,2,1,1,3,2,1,3,2,3,2,3
T:1023|TOM subgroup #1023 order 84|2|1,2,3,4,1,2,3,4,1,1,1,1,5,1,1,1,5,3,3,1,4,4,2,1,2,1,4,2,4,1,1,2,4,3,1,1,1,1,5,3,3,1,2,1,1
T:1024|TOM subgroup #1024 order 84|2|1,2,2,2,1,2,2,2,2,3,3,3,4,3,3,3,3,5,5,3,5,5,5,5,5,3,5,5,5,5,3,5,5,5,5,3,3,3,3,5,5,5,5,5,5
T:1025|TOM subgroup #1025 order 96|2|1,2,3,4,5,4,4,6,4,1,1,7,8,7,7,1,7,6,4,5,4,4,3,4,4,5,4,4,2,4,9,10,10,4,10,9,9,5,9,10,4,10,4,10,4
T:1026|TOM subgroup #1026 order 96|2|1,2,1,2,1,2,1,2,3,2,3,2,1,2,1,2,1,2,4,2,5,2,6,2,2,1,2,1,2,1,2,6,2,5,2,2,3,2,1,2,4,2,2,1,2
T:1027|TOM subgroup #1027 order 96|2|1,1,1,1,2,2,2,2,3,3,1,1,2,2,2,2,1,1,1,2,2,2,2,1,3,2,2,2,2,1,2,2,2,2,1,4,5,6,2,6,5,2,4,2,2
T:1028|TOM subgroup #1028 order 96|2|1,2,1,2,1,2,1,2,3,2,3,2,1,2,1,2,1,2,4,2,5,2,6,2,2,1,2,1,2,1,2,6,2,5,2,2,3,2,1,2,4,2,2,1,2
T:1029|TOM subgroup #1029 order 96|2|1,2,3,2,2,2,2,2,4,2,4,2,2,2,2,2,3,2,5,6,6,6,6,2,2,2,2,2,2,1,6,6,6,6,2,6,5,6,2,6,5,2,6,2,2
T:1030|TOM subgroup #1030 order 96|2|1,2,1,2,1,2,1,2,3,2,3,2,1,2,1,2,1,2,4,2,5,2,6,2,2,1,2,1,2,1,2,6,2,5,2,2,3,2,1,2,4,2,2,1,2
T:1031|TOM subgroup #1031 order 96|2|1,2,2,3,4,2,2,5,5,2,2,4,3,2,2,5,5,6,2,2,6,6,7,7,2,2,6,6,7,7,1,2,2,5,5,2,2,5,5,6,7,7,7,7,8
T:1032|TOM subgroup #1032 order 96|2|1,2,3,2,1,3,3,3,2,1,4,1,5,4,4,4,1,3,2,1,3,3,3,2,3,4,6,7,8,3,1,3,3,3,2,4,4,4,1,8,7,3,6,3,3
T:1033|TOM subgroup #1033 order 96|2|1,2,3,3,1,2,2,3,2,4,1,1,5,6,6,1,4,2,2,6,7,8,2,9,3,1,2,2,3,2,1,2,2,3,2,4,4,1,6,9,2,8,2,7,2
T:1034|TOM subgroup #1034 order 96|2|1,2,3,3,1,4,3,3,5,1,6,6,7,1,6,6,1,3,3,1,5,3,3,4,8,6,3,8,8,3,6,3,8,8,3,1,6,6,1,3,3,2,8,3,3
T:1035|TOM subgroup #1035 order 96|2|1,2,2,3,4,2,3,4,2,2,2,3,4,2,3,4,2,5,6,7,5,6,7,5,6,7,5,6,7,5,8,6,9,8,6,7,8,10,7,6,7,5,8,6,7
T:1036|TOM subgroup #1036 order 96|2|1,1,2,3,2,3,4,3,4,5,6,1,6,1,7,1,7,6,1,6,1,7,1,7,2,8,2,9,2,9,2,3,4,3,4,2,9,2,9,4,3,4,4,10,4
T:1037|TOM subgroup #1037 order 96|2|1,2,3,2,1,2,2,4,4,5,1,5,6,5,5,7,7,2,8,5,8,8,9,9,2,1,2,2,4,4,5,8,8,9,9,5,5,7,7,8,9,9,9,9,10
T:1038|TOM subgroup #1038 order 96|2|1,2,3,2,1,2,2,4,4,5,1,5,6,5,5,7,7,2,8,5,8,8,9,9,2,1,2,2,4,4,5,8,8,9,9,5,5,7,7,8,9,9,9,9,10
T:1039|TOM subgroup #1039 order 96|2|1,2,2,3,1,2,4,5,2,6,6,7,8,6,1,7,6,9,10,6,9,2,10,9,10,6,9,2,10,9,7,10,5,11,10,6,1,7,6,2,10,9,3,2,10
T:1040|TOM subgroup #1040 order 96|2|1,2,1,2,2,2,2,2,3,4,5,4,4,4,4,4,1,4,6,7,7,7,7,2,4,4,4,4,4,1,7,7,7,7,2,7,6,7,2,7,6,2,7,2,2
T:1041|TOM subgroup #1041 order 96|2|1,2,1,2,3,1,3,1,4,2,4,2,3,1,3,1,1,2,5,6,2,6,2,2,2,3,1,3,1,1,6,2,6,2,2,3,7,3,3,3,4,1,3,3,1
T:1042|TOM subgroup #1042 order 96|2|1,2,1,2,3,1,3,1,4,2,4,2,3,1,3,1,1,2,5,6,2,6,2,2,2,3,1,3,1,1,6,2,6,2,2,3,7,3,3,3,4,1,3,3,1
T:1043|TOM subgroup #1043 order 96|2|1,2,3,2,1,2,3,4,2,1,5,1,6,1,5,1,1,3,4,1,2,3,2,2,3,5,3,7,3,3,1,2,3,2,2,1,5,1,1,3,2,4,3,3,2
T:1044|TOM subgroup #1044 order 96|2|1,2,3,2,2,2,2,2,4,5,6,5,5,5,5,5,3,5,7,8,8,8,8,2,5,5,5,5,5,1,8,8,8,8,2,8,7,8,2,8,7,2,8,2,2
T:1045|TOM subgroup #1045 order 96|2|1,1,2,2,2,2,2,2,3,4,5,5,5,5,5,5,1,5,5,5,5,5,5,1,6,7,7,7,7,2,7,7,7,7,2,6,7,7,2,7,7,2,6,2,2
T:1046|TOM subgroup #1046 order 96|2|1,1,1,1,2,1,2,1,3,4,5,4,6,4,6,4,1,4,5,6,4,6,4,1,4,6,4,6,4,1,6,4,6,4,1,6,7,6,2,6,5,1,6,2,1
T:1047|TOM subgroup #1047 order 96|2|1,2,3,4,1,3,3,2,3,5,1,1,6,1,1,5,1,2,2,5,2,2,7,2,3,1,3,4,2,3,1,3,3,2,3,1,1,5,1,3,2,4,2,3,2
T:1048|TOM subgroup #1048 order 96|2|1,2,1,2,2,2,2,2,3,4,5,4,4,4,4,4,1,4,6,7,7,7,7,2,4,4,4,4,4,1,7,7,7,7,2,7,6,7,2,7,6,2,7,2,2
T:1050|TOM subgroup #1050 order 96|2|1,2,3,1,1,1,3,4,5,2,3,1,1,4,3,1,5,6,2,2,2,6,2,7,3,3,3,8,3,9,4,1,3,1,5,1,3,1,5,3,1,5,3,9,5
T:1051|TOM subgroup #1051 order 96|2|1,2,3,4,1,4,4,3,3,1,1,1,5,1,1,1,1,4,3,1,3,3,4,4,4,1,4,2,3,3,1,3,3,2,4,1,1,1,1,3,4,2,4,4,3
T:1052|TOM subgroup #1052 order 96|0|1,1,1,2,1,3,1,4,1,5,5,1,5,1,5,1,6,5,1,6,1,5,1,5,1,5,1,6,1,5,1,4,1,3,1,1,5,1,5,1,2,1,1,5,1
T:1053|TOM subgroup #1053 order 96|0|1,2,3,2,1,2,2,4,5,6,1,6,7,6,6,1,1,2,8,6,8,8,2,2,2,1,2,2,5,4,6,8,8,2,2,6,6,1,1,8,2,2,2,2,3
T:1054|TOM subgroup #1054 order 96|0|1,2,3,2,1,4,4,3,2,1,5,1,6,7,7,5,1,3,2,1,4,4,3,2,3,5,8,8,9,3,1,4,4,3,2,7,7,5,1,10,8,4,8,4,3
T:1055|TOM subgroup #1055 order 96|0|1,2,1,2,2,2,2,2,3,4,5,4,4,4,4,4,1,4,6,7,7,7,7,2,4,4,4,4,4,1,7,7,7,7,2,7,6,7,2,7,6,2,7,2,2
T:1056|TOM subgroup #1056 order 96|2|1,1,1,1,1,1,1,2,1,3,4,4,4,4,3,5,3,4,4,4,4,3,5,3,3,3,3,4,5,4,3,3,4,5,4,3,4,5,4,4,5,4,5,3,5
T:1057|TOM subgroup #1057 order 96|2|1,2,3,3,3,3,1,1,1,3,4,4,4,4,5,5,5,1,1,1,1,3,3,3,5,5,5,4,4,4,5,5,4,4,4,5,4,4,4,4,4,4,5,5,5
T:1058|TOM subgroup #1058 order 96|2|1,2,1,2,1,2,1,3,2,4,5,4,5,4,5,6,4,4,7,4,7,4,8,7,4,5,4,5,6,4,4,7,4,8,7,4,5,6,4,4,8,7,6,4,8
T:1059|TOM subgroup #1059 order 96|2|1,1,2,3,2,3,2,3,2,4,5,1,5,1,5,1,5,5,1,5,1,5,1,5,2,6,2,6,2,6,2,3,2,3,2,2,6,2,6,2,3,2,2,6,2
T:1060|TOM subgroup #1060 order 96|2|1,1,1,2,1,2,1,2,1,3,4,1,4,1,4,1,4,4,1,4,1,4,1,4,1,3,1,4,1,4,1,2,1,2,1,1,4,1,4,1,2,1,1,3,1
T:1061|TOM subgroup #1061 order 96|2|1,1,1,2,1,2,1,2,1,3,4,1,4,1,4,1,4,4,1,4,1,4,1,4,1,4,1,3,1,4,1,2,1,2,1,1,4,1,3,1,2,1,1,4,1
T:1062|TOM subgroup #1062 order 96|0|1,2,2,3,1,3,2,3,3,1,1,4,5,4,1,4,4,2,3,1,3,2,3,3,3,1,3,2,3,3,4,6,3,6,6,4,1,4,4,3,6,6,3,3,6
T:1063|TOM subgroup #1063 order 96|0|1,1,1,2,1,2,1,2,1,3,4,1,4,1,4,1,4,4,1,4,1,4,1,4,1,4,1,4,1,3,1,2,1,2,1,1,3,1,4,1,2,1,1,4,1
T:1064|TOM subgroup #1064 order 96|0|1,1,1,1,1,1,1,1,2,3,4,4,4,4,4,4,5,4,4,4,4,4,4,5,3,4,4,4,4,5,4,4,4,4,5,3,4,4,5,4,4,5,3,5,5
T:1065|TOM subgroup #1065 order 96|2|1,1,2,3,2,4,2,4,2,5,6,1,6,1,6,1,6,6,1,6,1,6,1,6,2,7,2,7,2,7,2,4,2,4,2,2,7,2,7,2,3,2,2,7,2
T:1066|TOM subgroup #1066 order 96|2|1,1,2,3,2,3,2,3,2,4,5,1,5,1,6,1,6,6,1,6,1,5,1,5,2,7,2,8,2,8,2,3,2,3,2,2,8,2,8,2,3,2,2,7,2
T:1067|TOM subgroup #1067 order 96|2|1,2,3,2,1,3,3,3,2,1,4,1,5,4,4,4,1,3,2,1,3,3,3,2,3,4,6,7,7,3,1,3,3,3,2,4,4,4,1,7,7,3,6,3,3
T:1068|TOM subgroup #1068 order 96|2|1,2,2,3,2,4,3,4,2,2,2,3,2,4,3,4,2,5,2,5,6,2,6,5,2,5,6,2,6,5,2,4,1,4,2,6,2,6,5,4,7,6,4,2,6
T:1069|TOM subgroup #1069 order 96|2|1,2,3,3,1,2,2,3,2,4,1,1,5,4,4,1,4,2,2,4,6,7,2,7,3,1,2,2,3,2,1,2,2,3,2,4,4,1,4,7,2,7,2,6,2
T:1070|TOM subgroup #1070 order 96|2|1,2,3,3,1,2,2,2,3,4,1,1,5,6,6,4,1,2,2,6,7,7,8,2,3,1,2,2,2,3,1,2,2,2,3,4,4,6,1,8,7,2,7,2,2
T:1071|TOM subgroup #1071 order 96|2|1,1,2,2,2,2,2,2,3,3,2,2,2,2,2,2,1,2,2,2,2,2,2,1,4,5,5,5,5,2,5,5,5,5,2,4,5,5,2,5,5,2,4,2,2
T:1072|TOM subgroup #1072 order 96|2|1,2,1,2,1,2,1,2,3,2,3,2,1,2,1,2,1,2,4,2,5,2,5,2,2,1,2,1,2,1,2,5,2,5,2,2,3,2,1,2,4,2,2,1,2
T:1073|TOM subgroup #1073 order 96|2|1,1,1,2,1,3,1,2,1,4,5,1,5,1,5,1,5,5,1,5,1,5,1,5,1,5,1,4,1,5,1,2,1,3,1,1,5,1,4,1,2,1,1,5,1
T:1074|TOM subgroup #1074 order 96|2|1,1,1,2,1,3,1,3,1,4,5,1,5,1,5,1,5,5,1,5,1,5,1,5,1,4,1,5,1,5,1,3,1,3,1,1,5,1,5,1,2,1,1,4,1
T:1075|TOM subgroup #1075 order 96|2|1,2,1,2,2,1,2,1,3,2,3,2,2,1,2,1,1,2,4,5,2,5,2,2,2,2,1,2,1,1,5,2,5,2,2,2,4,2,2,2,3,1,2,2,1
T:1076|TOM subgroup #1076 order 96|2|1,2,1,2,1,2,1,2,3,2,3,2,1,2,1,2,1,2,4,2,5,2,5,2,2,1,2,1,2,1,2,5,2,5,2,2,3,2,1,2,4,2,2,1,2
T:1077|TOM subgroup #1077 order 96|2|1,2,1,2,2,1,2,1,3,2,3,2,2,1,2,1,1,2,4,5,2,5,2,2,2,2,1,2,1,1,5,2,5,2,2,2,4,2,2,2,3,1,2,2,1
T:1078|TOM subgroup #1078 order 96|2|1,2,1,2,2,1,2,1,3,2,3,2,2,1,2,1,1,2,4,5,2,5,2,2,2,2,1,2,1,1,5,2,5,2,2,2,4,2,2,2,3,1,2,2,1
T:1079|TOM subgroup #1079 order 96|2|1,2,1,1,2,2,1,3,2,4,5,5,4,4,5,6,4,4,4,7,7,4,8,9,5,4,4,5,6,4,4,4,5,6,4,9,4,8,7,4,8,7,6,4,8
T:1080|TOM subgroup #1080 order 96|2|1,2,2,3,4,2,3,2,3,5,5,1,6,5,1,5,1,7,2,8,9,2,7,2,2,8,7,2,9,2,4,2,3,2,3,8,4,8,4,2,7,2,2,3,2
T:1081|TOM subgroup #1081 order 96|2|1,2,3,2,1,3,3,3,2,1,4,1,5,4,4,4,1,3,2,1,3,3,3,2,3,4,6,7,7,3,1,3,3,3,2,4,4,4,1,7,7,3,6,3,3
T:1082|TOM subgroup #1082 order 96|2|1,2,3,3,1,2,2,2,3,4,1,1,5,6,6,4,1,2,2,6,7,7,8,2,3,1,2,2,2,3,1,2,2,2,3,4,4,6,1,8,7,2,7,2,2
T:1083|TOM subgroup #1083 order 96|2|1,2,3,2,1,2,4,3,2,5,1,5,6,5,1,1,5,2,7,5,7,2,2,7,2,1,2,3,4,2,5,7,2,2,7,5,1,1,5,2,2,7,3,2,2
T:1084|TOM subgroup #1084 order 96|2|1,2,1,2,1,2,1,2,3,2,3,2,1,2,1,2,1,2,4,2,5,2,5,2,2,1,2,1,2,1,2,5,2,5,2,2,3,2,1,2,4,2,2,1,2
T:1085|TOM subgroup #1085 order 96|2|1,1,1,2,1,3,1,3,1,4,5,1,5,1,5,1,5,5,1,5,1,5,1,5,1,5,1,4,1,5,1,3,1,3,1,1,5,1,4,1,2,1,1,5,1
T:1086|TOM subgroup #1086 order 96|2|1,1,1,1,2,2,2,2,3,1,3,1,2,2,2,2,1,1,3,2,2,2,2,1,1,2,2,2,2,1,2,2,2,2,1,4,5,4,2,4,5,2,4,2,2
T:1087|TOM subgroup #1087 order 96|2|1,2,1,2,1,2,1,2,3,2,3,2,1,2,1,2,1,2,4,2,5,2,5,2,2,1,2,1,2,1,2,5,2,5,2,2,3,2,1,2,4,2,2,1,2
T:1088|TOM subgroup #1088 order 96|2|1,2,3,2,4,2,3,2,5,6,1,6,1,6,1,6,7,2,8,2,8,2,8,9,2,3,2,4,2,5,2,8,2,8,9,2,3,2,5,2,8,9,2,5,9
T:1089|TOM subgroup #1089 order 96|0|1,2,3,2,1,2,4,3,2,5,1,5,6,5,1,1,5,2,7,5,7,2,2,7,2,1,2,3,4,2,5,7,2,2,7,5,1,1,5,2,2,7,3,2,2
T:1090|TOM subgroup #1090 order 96|0|1,1,1,2,1,3,1,3,1,4,5,1,5,1,5,1,5,5,1,5,1,5,1,5,1,4,1,5,1,5,1,3,1,3,1,1,5,1,5,1,2,1,1,4,1
T:1091|TOM subgroup #1091 order 96|0|1,2,1,2,1,2,1,2,3,2,3,2,1,2,1,2,1,2,4,2,5,2,5,2,2,1,2,1,2,1,2,5,2,5,2,2,3,2,1,2,4,2,2,1,2
T:1092|TOM subgroup #1092 order 96|0|1,2,1,2,1,2,1,2,3,2,3,2,1,2,1,2,1,2,4,2,5,2,5,2,2,1,2,1,2,1,2,5,2,5,2,2,3,2,1,2,4,2,2,1,2
T:1093|TOM subgroup #1093 order 96|0|1,1,1,2,1,3,1,3,1,4,5,1,5,1,5,1,5,5,1,5,1,5,1,5,1,4,1,5,1,5,1,3,1,3,1,1,5,1,5,1,2,1,1,4,1
T:1094|TOM subgroup #1094 order 96|0|1,2,2,3,2,2,3,2,2,2,2,3,2,2,3,2,2,4,2,4,4,2,4,5,2,5,4,2,4,4,2,2,1,2,2,4,2,4,4,2,5,4,2,2,4
T:1095|TOM subgroup #1095 order 96|0|1,2,3,2,4,2,3,2,3,5,1,5,6,5,1,5,1,2,7,8,9,2,9,2,2,4,2,3,2,3,8,9,2,9,2,8,4,8,4,2,7,2,2,3,2
T:1096|TOM subgroup #1096 order 96|0|1,2,3,4,3,5,3,5,3,6,7,1,7,2,7,2,7,7,2,7,1,7,1,7,3,8,3,8,3,8,3,5,3,5,3,3,8,3,8,3,4,3,3,8,3
T:1097|TOM subgroup #1097 order 96|0|1,2,3,2,1,3,3,3,2,1,4,1,5,4,4,4,1,3,2,1,3,3,3,2,3,4,6,7,7,3,1,3,3,3,2,4,4,4,1,7,7,3,6,3,3
T:1098|TOM subgroup #1098 order 96|0|1,1,2,3,2,3,2,3,2,4,5,1,5,1,5,1,5,5,1,5,1,5,1,5,2,6,2,7,2,7,2,3,2,3,2,2,7,2,7,2,3,2,2,6,2
T:1099|TOM subgroup #1099 order 96|2|1,2,3,2,1,3,3,3,2,1,4,1,5,4,4,4,1,3,2,1,3,3,3,2,3,4,6,7,7,3,1,3,3,3,2,4,4,4,1,7,7,3,6,3,3
T:1100|TOM subgroup #1100 order 96|2|1,2,2,2,1,3,3,2,4,5,5,5,6,1,1,5,1,7,7,5,2,2,7,2,7,5,2,2,7,2,5,2,2,7,2,1,1,5,1,4,2,3,2,3,2
T:1101|TOM subgroup #1101 order 96|2|1,2,3,4,3,3,4,3,5,2,3,4,3,3,4,3,5,6,5,6,6,5,6,7,3,8,8,3,8,6,3,3,1,3,2,8,3,8,6,3,8,6,3,2,6
T:1102|TOM subgroup #1102 order 96|2|1,2,3,2,4,3,3,3,5,1,6,1,7,6,6,6,1,3,5,4,3,3,3,2,3,8,9,9,9,3,4,3,3,3,2,8,8,8,4,9,9,3,9,3,3
T:1103|TOM subgroup #1103 order 96|2|1,2,2,3,2,2,3,2,2,2,2,3,2,2,3,2,2,4,2,4,4,2,4,5,2,5,4,2,4,4,2,2,1,2,2,4,2,4,4,2,5,4,2,2,4
T:1104|TOM subgroup #1104 order 96|2|1,2,1,2,2,1,2,1,3,2,3,2,2,1,2,1,1,2,4,5,2,5,2,2,2,2,1,2,1,1,5,2,5,2,2,2,4,2,2,2,3,1,2,2,1
T:1105|TOM subgroup #1105 order 96|2|1,1,1,1,2,2,2,2,3,1,3,1,2,2,2,2,1,1,3,2,2,2,2,1,1,2,2,2,2,1,2,2,2,2,1,4,5,4,2,4,5,2,4,2,2
T:1106|TOM subgroup #1106 order 96|2|1,2,1,2,1,2,1,2,3,2,3,2,1,2,1,2,1,2,4,2,5,2,5,2,2,1,2,1,2,1,2,5,2,5,2,2,3,2,1,2,4,2,2,1,2
T:1107|TOM subgroup #1107 order 96|0|1,2,3,2,3,2,3,2,4,1,1,1,1,1,1,1,5,2,3,2,3,2,3,4,2,3,2,3,2,4,2,3,2,3,4,2,3,2,4,2,3,4,2,4,4
T:1108|TOM subgroup #1108 order 96|0|1,2,2,3,4,3,2,3,3,1,1,4,5,4,1,4,4,2,3,4,3,2,3,3,3,4,3,2,3,3,1,2,3,2,2,1,4,1,1,3,2,2,3,3,2
T:1109|TOM subgroup #1109 order 96|2|1,2,1,2,2,2,2,2,3,2,3,2,2,2,2,2,1,2,4,5,5,5,5,2,2,2,2,2,2,1,5,5,5,5,2,5,4,5,2,5,4,2,5,2,2
T:1110|TOM subgroup #1110 order 96|2|1,2,3,2,1,2,4,3,2,5,1,5,6,5,1,1,5,2,7,5,7,2,2,7,2,1,2,3,4,2,5,7,2,2,7,5,1,1,5,2,2,7,3,2,2
T:1111|TOM subgroup #1111 order 96|2|1,1,2,2,1,3,2,2,4,5,6,6,5,1,6,6,7,6,6,5,1,6,6,7,8,6,2,9,9,10,6,2,9,9,10,1,6,6,7,2,2,4,8,10,10
T:1112|TOM subgroup #1112 order 96|2|1,1,1,2,1,3,1,2,1,4,5,1,5,1,6,1,6,6,1,6,1,5,1,5,1,5,1,4,1,6,1,2,1,3,1,1,6,1,4,1,2,1,1,5,1
T:1113|TOM subgroup #1113 order 96|2|1,2,3,3,1,3,3,3,3,1,1,1,4,1,1,1,1,3,3,1,3,3,3,3,2,1,3,3,3,3,1,3,3,3,3,1,1,1,1,3,2,3,3,2,3
T:1114|TOM subgroup #1114 order 100|2|1,2,1,3,1,2,1,3,1,1,4,1,4,1,5,1,5,1,2,1,3,1,3,1,1,5,1,4,1,5,1,3,1,2,1,1,5,1,4,1,2,1,1,4,1
T:1115|TOM subgroup #1115 order 100|2|1,2,2,2,2,2,3,3,1,2,2,2,2,2,3,1,3,1,1,3,3,2,2,2,3,3,1,2,2,2,1,3,2,2,2,1,2,2,2,2,2,2,1,1,3
T:1116|TOM subgroup #1116 order 100|0|1,2,1,2,1,2,1,2,1,1,3,1,3,1,3,1,3,1,2,1,2,1,2,1,1,3,1,3,1,3,1,2,1,2,1,1,3,1,3,1,2,1,1,3,1
T:1117|TOM subgroup #1117 order 100|0|1,2,1,2,1,2,1,2,1,1,3,1,3,1,3,1,3,1,2,1,2,1,2,1,1,3,1,3,1,3,1,2,1,2,1,1,3,1,3,1,2,1,1,3,1
T:1118|TOM subgroup #1118 order 100|0|1,2,2,2,2,2,3,3,1,2,2,2,2,2,3,1,3,1,1,3,3,2,2,2,3,3,1,2,2,2,1,3,2,2,2,1,2,2,2,2,2,2,1,1,3
T:1119|TOM subgroup #1119 order 100|0|1,2,2,2,2,2,3,3,1,2,2,2,2,2,3,1,3,4,4,4,4,2,2,2,4,4,4,2,2,2,4,4,2,2,2,4,2,2,2,2,2,2,1,1,3
T:1120|TOM subgroup #1120 order 100|0|1,2,2,2,2,2,1,1,1,2,2,2,2,2,1,1,1,3,4,3,4,2,2,2,4,4,3,2,2,2,3,3,2,2,2,4,2,2,2,2,2,2,1,1,1
T:1121|TOM subgroup #1121 order 108|3|1,1,1,2,3,3,2,3,2,1,1,2,3,3,2,3,2,1,2,3,3,2,3,2,2,3,3,2,3,2,4,4,5,4,5,6,4,6,4,4,6,4,4,5,4
T:1122|TOM subgroup #1122 order 108|2|1,2,3,1,2,3,1,4,3,1,5,6,1,5,6,7,5,3,1,2,3,1,4,3,5,3,8,5,9,8,1,5,6,7,5,3,1,4,3,5,9,8,7,5,9
T:1123|TOM subgroup #1123 order 108|2|1,1,1,2,1,1,1,3,2,4,5,1,5,5,4,6,1,5,1,5,5,4,6,1,1,4,4,5,6,1,1,1,1,3,2,4,5,6,1,5,6,1,6,1,3
T:1124|TOM subgroup #1124 order 108|2|1,2,2,2,3,3,3,1,4,2,2,2,3,3,3,1,4,5,5,6,6,6,2,7,5,6,6,6,2,7,6,6,6,2,7,8,8,3,9,8,3,9,3,9,4
T:1125|TOM subgroup #1125 order 108|2|1,2,2,3,3,3,2,1,4,2,2,3,3,3,2,1,4,5,2,2,2,5,2,6,2,2,2,5,2,6,1,1,2,3,4,1,2,3,4,2,3,4,2,6,4
T:1126|TOM subgroup #1126 order 108|0|1,2,2,2,1,2,2,2,3,2,2,2,1,2,2,2,3,4,4,2,5,5,5,6,4,2,5,5,5,6,2,5,5,5,6,2,2,2,3,4,4,6,4,6,6
T:1127|TOM subgroup #1127 order 108|2|1,1,1,1,2,1,2,1,3,4,4,5,1,4,1,5,6,5,4,1,5,1,4,6,4,1,5,1,4,6,1,4,1,5,6,1,2,1,3,1,4,6,1,3,6
T:1128|TOM subgroup #1128 order 108|2|1,2,2,3,3,3,2,1,4,2,2,3,3,3,2,1,4,5,2,2,2,5,2,6,2,2,2,5,2,6,1,1,2,3,4,1,2,3,4,2,3,4,2,6,4
T:1129|TOM subgroup #1129 order 108|2|1,2,1,3,1,2,3,2,4,5,6,1,6,5,1,5,7,5,2,5,8,2,8,9,1,6,5,1,5,7,1,2,3,2,4,5,1,5,7,2,8,9,2,4,9
T:1130|TOM subgroup #1130 order 108|0|1,2,2,2,1,2,2,2,3,2,2,2,1,2,2,2,3,4,4,2,5,5,5,6,4,2,5,5,5,6,2,5,5,5,6,2,2,2,3,4,4,6,4,6,6
T:1131|TOM subgroup #1131 order 108|2|1,2,1,2,2,2,2,2,3,2,1,2,2,2,2,2,3,2,1,2,2,2,1,3,2,2,2,2,2,3,2,2,2,1,3,1,1,2,3,1,2,3,2,3,3
T:1132|TOM subgroup #1132 order 112|0|1,2,2,2,1,2,2,2,2,1,1,1,3,1,1,1,1,2,2,1,2,2,2,2,2,1,2,2,2,2,1,2,2,2,2,1,1,1,1,2,2,2,2,2,2
T:1147|TOM subgroup #1147 order 120|2|1,1,2,3,3,3,3,2,4,2,1,3,3,3,3,2,4,2,3,3,3,3,1,4,3,3,3,3,1,4,5,5,5,3,6,5,5,3,6,5,3,6,3,6,4
T:1148|TOM subgroup #1148 order 120|2|1,2,2,3,2,3,2,4,1,2,2,3,2,1,2,4,3,5,2,5,2,5,6,2,2,5,2,5,6,2,2,1,2,4,1,2,5,6,2,2,4,3,6,2,4
T:1149|TOM subgroup #1149 order 120|2|1,2,3,2,1,2,3,2,4,2,3,2,3,2,1,2,4,2,5,2,5,2,5,6,2,1,2,1,2,4,2,5,2,5,6,2,3,2,4,2,5,6,2,4,6
T:1150|TOM subgroup #1150 order 120|2|1,2,3,3,1,3,3,3,1,1,4,4,5,4,4,4,5,3,3,1,3,3,3,1,6,4,6,6,6,4,4,6,6,6,4,4,4,4,5,6,6,4,6,4,4
T:1151|TOM subgroup #1151 order 120|2|1,2,2,3,2,2,3,2,3,2,2,3,2,2,3,2,3,4,5,4,4,5,4,5,5,4,4,5,4,5,5,5,6,5,6,4,5,4,5,5,4,5,5,6,5
T:1152|TOM subgroup #1152 order 120|2|1,2,2,2,1,3,2,3,3,1,1,1,4,5,1,5,5,2,2,1,3,2,3,3,2,1,3,2,3,3,1,3,2,3,3,5,1,5,5,3,6,6,3,3,6
T:1153|TOM subgroup #1153 order 120|2|1,2,2,3,2,3,2,3,2,4,4,5,4,5,4,5,4,6,7,6,7,6,7,6,7,6,7,6,7,6,7,8,7,8,7,7,6,7,6,7,8,7,7,6,7
T:1154|TOM subgroup #1154 order 120|2|1,2,3,2,1,2,3,3,2,1,4,1,5,1,4,4,1,3,2,1,2,3,3,2,3,4,3,6,6,3,1,2,3,3,2,1,4,4,1,3,3,2,6,3,3
T:1155|TOM subgroup #1155 order 120|2|1,2,3,2,1,4,4,3,1,1,1,1,5,6,6,1,5,2,3,1,4,4,3,1,3,1,4,4,2,1,1,4,4,2,1,6,6,1,5,7,4,6,4,6,1
T:1156|TOM subgroup #1156 order 120|2|1,2,2,2,1,2,3,3,2,4,4,4,5,4,1,1,4,6,6,4,6,2,2,6,6,4,6,2,2,6,4,6,2,2,6,4,1,1,4,2,2,6,3,2,2
T:1158|TOM subgroup #1158 order 126|3|1,2,2,2,1,2,2,2,1,1,1,1,3,1,1,1,3,2,2,1,2,2,2,1,2,1,2,2,2,1,1,2,2,2,1,1,1,1,3,2,2,1,2,1,1
T:1159|TOM subgroup #1159 order 126|3|1,2,2,2,1,2,2,2,1,1,1,1,3,1,1,1,3,2,2,1,2,2,2,1,2,1,2,2,2,1,1,2,2,2,1,1,1,1,3,2,2,1,2,1,1
T:1160|TOM subgroup #1160 order 128|P2|1,2,3,2,1,4,4,3,5,1,1,1,6,1,1,1,1,4,5,1,3,3,4,2,4,1,2,2,5,3,1,3,3,4,2,1,1,1,1,5,2,4,2,4,3
T:1161|TOM subgroup #1161 order 128|P2|1,2,1,2,3,1,3,1,4,1,4,1,3,2,3,2,1,1,4,3,1,3,1,2,1,3,2,3,2,1,3,1,3,1,2,3,5,3,3,3,4,1,3,3,1
T:1162|TOM subgroup #1162 order 128|P2|1,2,1,2,3,1,3,1,4,1,4,1,3,2,3,2,1,1,4,3,1,3,1,2,1,3,2,3,2,1,3,1,3,1,2,3,5,3,3,3,4,1,3,3,1
T:1163|TOM subgroup #1163 order 128|P2|1,2,1,2,3,1,3,1,4,2,4,2,1,3,1,3,1,2,5,2,2,2,2,2,2,1,3,1,3,1,2,2,2,2,2,1,4,1,3,1,4,1,1,3,1
T:1164|TOM subgroup #1164 order 128|P2|1,1,1,1,1,1,1,1,2,3,4,4,5,5,5,5,1,4,4,5,5,5,5,1,3,5,5,5,5,1,5,5,5,5,1,3,4,4,1,4,4,1,3,1,1
T:1165|TOM subgroup #1165 order 128|P2|1,2,3,4,1,2,2,4,2,1,1,1,5,1,1,1,1,2,2,1,4,3,2,4,4,1,2,2,4,2,1,2,2,3,2,1,1,1,1,4,2,3,2,4,2
T:1166|TOM subgroup #1166 order 128|P2|1,2,3,2,1,2,2,3,4,1,1,1,5,1,1,1,1,2,4,1,3,3,2,2,2,1,2,2,4,3,1,3,3,2,2,1,1,1,1,4,2,2,2,2,3
T:1167|TOM subgroup #1167 order 128|P2|1,2,2,3,1,2,2,3,4,1,1,1,5,1,1,1,1,3,2,1,3,4,2,2,2,1,4,3,2,2,1,2,2,4,3,1,1,1,1,3,2,2,2,2,3
T:1168|TOM subgroup #1168 order 128|P2|1,2,1,2,3,1,3,1,4,2,4,2,1,3,1,3,1,2,5,2,2,2,2,2,2,1,3,1,3,1,2,2,2,2,2,1,4,1,3,1,4,1,1,3,1
T:1169|TOM subgroup #1169 order 128|P2|1,2,3,4,5,4,3,4,4,1,1,5,6,5,1,5,5,3,4,5,4,3,4,4,4,5,4,2,4,4,1,3,4,2,3,1,5,1,1,4,3,2,4,4,3
T:1170|TOM subgroup #1170 order 128|P2|1,2,2,2,1,3,4,2,3,1,1,1,5,1,1,1,1,3,3,1,2,2,4,2,4,1,2,2,3,2,1,2,2,3,2,1,1,1,1,3,2,4,2,3,2
T:1171|TOM subgroup #1171 order 128|P2|1,2,2,3,4,4,4,4,5,1,1,1,1,1,1,1,6,3,2,4,4,4,4,5,2,4,4,4,4,5,4,4,4,4,5,2,2,3,5,3,2,5,2,5,5
T:1172|TOM subgroup #1172 order 128|P2|1,2,1,2,3,2,3,2,4,2,4,2,3,2,3,2,1,2,4,3,1,3,1,2,2,3,2,3,2,1,3,1,3,1,2,3,5,3,3,3,4,2,3,3,2
T:1173|TOM subgroup #1173 order 128|P2|1,1,1,1,2,2,2,2,3,4,5,4,6,6,6,6,1,4,5,6,6,6,6,1,4,6,6,6,6,1,6,6,6,6,1,7,8,7,2,7,8,2,7,2,2
T:1174|TOM subgroup #1174 order 128|P2|1,2,1,2,3,2,3,2,4,2,4,2,3,2,3,2,1,2,4,3,1,3,1,2,2,3,2,3,2,1,3,1,3,1,2,3,5,3,3,3,4,2,3,3,2
T:1175|TOM subgroup #1175 order 144|3|1,2,1,2,1,2,1,3,2,4,5,4,5,4,5,6,4,4,7,4,7,4,8,7,4,5,4,5,6,4,4,7,4,8,7,4,5,6,4,4,8,7,6,4,8
T:1176|TOM subgroup #1176 order 144|3|1,1,1,2,1,2,1,2,1,3,4,1,4,1,4,1,4,4,1,4,1,4,1,4,1,3,1,4,1,4,1,2,1,2,1,1,4,1,4,1,2,1,1,3,1
T:1177|TOM subgroup #1177 order 144|2|1,2,3,4,1,5,3,3,1,1,6,1,7,1,6,6,7,3,5,1,4,3,3,1,3,6,3,8,8,6,1,2,3,3,1,1,6,6,7,3,3,1,8,6,6
T:1178|TOM subgroup #1178 order 144|2|1,1,1,2,1,3,1,4,1,5,5,1,6,1,6,1,6,5,1,6,1,6,1,6,1,6,1,6,1,6,1,4,1,3,1,1,5,1,5,1,2,1,1,5,1
T:1179|TOM subgroup #1179 order 144|2|1,2,3,4,1,2,2,4,3,5,1,6,7,5,5,6,1,2,8,5,9,9,8,2,4,1,2,2,4,3,6,8,8,10,4,5,5,6,1,9,8,2,8,2,4
T:1180|TOM subgroup #1180 order 144|2|1,2,3,4,1,2,2,4,3,1,1,5,6,1,1,5,1,2,4,1,3,3,4,2,4,1,2,2,4,3,5,4,4,7,4,1,1,5,1,3,4,2,4,2,4
T:1181|TOM subgroup #1181 order 144|2|1,2,2,3,2,2,4,2,2,2,2,4,2,2,3,2,2,5,2,6,6,2,6,5,2,6,6,2,6,5,2,2,1,2,2,5,2,5,6,2,5,6,2,2,6
T:1182|TOM subgroup #1182 order 144|2|1,2,3,2,1,4,3,2,4,1,5,1,6,1,5,1,1,3,4,1,2,3,4,2,3,5,3,7,3,3,1,2,3,4,2,1,5,1,1,3,2,4,3,3,2
T:1197|TOM subgroup #1197 order 144|2|1,1,1,2,1,3,1,3,1,4,4,1,5,1,5,1,5,4,1,5,1,5,1,5,1,5,1,5,1,5,1,3,1,3,1,1,4,1,4,1,2,1,1,4,1
T:1198|TOM subgroup #1198 order 144|2|1,1,1,2,1,2,1,3,1,4,4,1,5,1,5,1,5,4,1,5,1,5,1,5,1,5,1,5,1,5,1,3,1,2,1,1,4,1,4,1,2,1,1,4,1
T:1199|TOM subgroup #1199 order 144|2|1,2,2,3,4,4,3,4,2,2,2,3,4,4,3,4,2,5,4,6,6,4,6,5,4,6,6,4,6,5,2,2,1,2,4,5,2,5,6,2,5,6,2,4,6
T:1200|TOM subgroup #1200 order 144|2|1,1,2,3,2,3,1,4,2,5,6,2,6,2,5,1,6,6,2,6,2,5,1,6,1,5,1,6,2,5,1,4,2,3,1,1,6,2,5,2,3,1,1,6,2
T:1201|TOM subgroup #1201 order 144|2|1,1,1,2,1,2,1,3,1,4,4,1,5,1,5,1,5,4,1,5,1,5,1,5,1,5,1,5,1,5,1,3,1,2,1,1,4,1,4,1,2,1,1,4,1
T:1202|TOM subgroup #1202 order 144|2|1,2,2,3,2,2,3,2,2,2,2,3,2,2,3,2,2,4,2,5,5,2,5,4,2,5,5,2,5,4,2,2,1,2,2,4,2,4,5,2,4,5,2,2,5
T:1203|TOM subgroup #1203 order 144|2|1,2,2,2,3,3,4,1,4,2,2,2,3,3,4,1,4,1,1,4,4,3,2,3,1,4,4,3,2,3,4,4,3,2,3,5,6,3,6,6,3,6,4,5,4
T:1204|TOM subgroup #1204 order 144|2|1,1,1,2,1,3,1,3,1,4,4,1,5,1,5,1,5,4,1,5,1,5,1,5,1,5,1,5,1,5,1,3,1,3,1,1,4,1,4,1,2,1,1,4,1
T:1205|TOM subgroup #1205 order 144|2|1,1,1,2,1,3,1,4,1,5,6,1,6,1,5,1,6,6,1,6,1,5,1,6,1,5,1,6,1,5,1,4,1,3,1,1,6,1,5,1,2,1,1,6,1
T:1206|TOM subgroup #1206 order 144|2|1,1,1,2,1,3,1,4,1,5,5,1,6,1,6,1,6,5,1,6,1,6,1,6,1,6,1,6,1,6,1,4,1,3,1,1,5,1,5,1,2,1,1,5,1
T:1207|TOM subgroup #1207 order 144|2|1,1,1,2,1,2,1,3,1,4,5,1,5,1,4,1,5,5,1,5,1,4,1,5,1,4,1,5,1,4,1,3,1,2,1,1,5,1,4,1,2,1,1,5,1
T:1208|TOM subgroup #1208 order 144|2|1,1,2,3,2,4,1,5,2,6,7,2,7,2,6,1,7,7,2,7,2,6,1,7,1,6,1,7,2,6,1,5,2,4,1,1,7,2,6,2,3,1,1,7,2
T:1209|TOM subgroup #1209 order 144|2|1,1,1,2,3,4,3,4,3,5,5,1,6,3,6,3,6,5,1,6,3,6,3,6,1,6,3,6,3,6,3,4,3,4,3,1,5,1,5,1,2,1,1,5,1
T:1210|TOM subgroup #1210 order 144|2|1,2,3,4,1,2,3,4,2,1,5,1,6,1,5,1,1,3,2,1,4,3,2,4,3,5,3,7,3,3,1,2,3,4,2,1,5,1,1,3,2,4,3,3,2
T:1211|TOM subgroup #1211 order 144|2|1,2,3,3,1,2,4,4,3,5,1,1,6,5,1,1,1,2,2,5,7,2,2,2,4,1,2,3,3,4,1,2,3,3,4,5,1,1,1,2,2,2,4,3,3
T:1212|TOM subgroup #1212 order 144|2|1,2,2,2,3,2,2,2,4,5,5,5,6,5,5,5,3,7,8,5,7,7,8,2,7,5,8,8,7,2,5,7,7,8,2,5,5,5,1,8,7,2,7,2,2
T:1213|TOM subgroup #1213 order 144|2|1,2,2,1,3,3,3,4,4,1,1,5,1,1,1,6,6,2,1,3,3,3,4,4,1,3,3,3,4,4,1,1,1,6,6,2,2,4,4,2,4,4,4,4,7
T:1214|TOM subgroup #1214 order 144|2|1,2,3,2,1,4,3,2,4,1,5,1,6,1,5,1,1,3,4,1,2,3,4,2,3,5,3,7,3,3,1,2,3,4,2,1,5,1,1,3,2,4,3,3,2
T:1215|TOM subgroup #1215 order 144|2|1,2,3,4,1,2,5,4,2,1,6,1,7,1,6,1,1,5,2,1,4,3,2,4,3,6,5,8,3,5,1,2,5,4,2,1,6,1,1,3,2,4,5,3,2
T:1216|TOM subgroup #1216 order 144|2|1,2,3,4,1,3,2,3,4,5,1,1,6,1,5,1,1,2,2,5,2,7,2,2,3,1,4,2,4,3,1,3,2,3,4,1,5,1,1,2,4,3,2,2,3
T:1217|TOM subgroup #1217 order 144|2|1,2,1,1,1,3,1,1,4,5,6,6,7,1,7,7,8,5,5,5,2,5,5,9,6,7,1,7,7,8,7,1,7,7,8,1,6,6,8,1,1,4,6,8,8
T:1218|TOM subgroup #1218 order 144|2|1,2,2,3,2,2,3,2,2,2,2,3,2,2,3,2,2,4,2,5,5,2,5,4,2,5,5,2,5,4,2,2,1,2,2,4,2,4,5,2,4,5,2,2,5
T:1219|TOM subgroup #1219 order 144|2|1,1,1,2,1,3,1,3,1,4,4,1,5,1,5,1,5,4,1,5,1,5,1,5,1,5,1,5,1,5,1,3,1,3,1,1,4,1,4,1,2,1,1,4,1
T:1220|TOM subgroup #1220 order 144|2|1,2,3,4,1,4,4,3,1,1,1,5,6,5,5,1,6,3,4,1,4,4,3,1,4,1,4,4,2,1,5,7,7,4,5,5,5,1,6,7,4,5,4,5,1
T:1221|TOM subgroup #1221 order 144|2|1,1,1,2,1,3,1,3,1,4,4,1,5,1,5,1,5,4,1,5,1,5,1,5,1,5,1,5,1,5,1,3,1,3,1,1,4,1,4,1,2,1,1,4,1
T:1222|TOM subgroup #1222 order 144|2|1,1,2,3,2,4,1,3,2,5,6,1,6,1,5,1,6,6,1,6,1,5,1,6,2,7,2,6,2,7,2,3,1,4,2,2,6,2,7,1,3,2,1,6,2
T:1223|TOM subgroup #1223 order 144|2|1,1,1,2,3,4,3,4,3,5,5,1,6,1,6,1,6,5,1,6,1,6,1,6,1,6,1,6,1,6,3,4,3,4,3,3,7,3,7,3,2,3,3,7,3
T:1224|TOM subgroup #1224 order 144|2|1,2,2,3,1,3,3,3,1,1,1,4,5,4,4,4,5,2,3,1,3,3,3,1,3,1,3,3,3,1,4,6,6,7,4,4,4,4,5,7,6,4,6,4,4
T:1225|TOM subgroup #1225 order 144|2|1,2,2,3,4,4,3,4,2,2,2,3,4,4,3,4,2,5,2,6,6,2,6,5,2,6,6,2,6,5,4,4,1,4,2,7,4,7,6,4,7,6,4,2,6
T:1226|TOM subgroup #1226 order 144|2|1,2,2,3,2,2,3,2,2,2,2,3,2,2,3,2,2,4,2,5,5,2,5,4,2,5,5,2,5,4,2,2,1,2,2,4,2,4,5,2,4,5,2,2,5
T:1227|TOM subgroup #1227 order 144|2|1,1,1,2,3,4,3,4,3,5,5,1,6,3,6,3,6,5,1,6,3,6,3,6,1,6,3,6,3,6,3,4,3,4,3,1,5,1,5,1,2,1,1,5,1
T:1228|TOM subgroup #1228 order 144|2|1,1,1,2,1,3,1,3,1,4,4,1,5,1,5,1,5,4,1,5,1,5,1,5,1,5,1,5,1,5,1,3,1,3,1,1,4,1,4,1,2,1,1,4,1
T:1229|TOM subgroup #1229 order 144|2|1,1,1,2,1,3,1,3,1,4,4,1,5,1,5,1,5,4,1,5,1,5,1,5,1,5,1,5,1,5,1,3,1,3,1,1,4,1,4,1,2,1,1,4,1
T:1233|TOM subgroup #1233 order 144|2|1,1,1,2,1,3,1,3,1,4,4,1,5,1,5,1,5,4,1,5,1,5,1,5,1,5,1,5,1,5,1,3,1,3,1,1,4,1,4,1,2,1,1,4,1
T:1234|TOM subgroup #1234 order 144|2|1,1,1,2,1,3,1,3,1,4,4,1,5,1,5,1,5,4,1,5,1,5,1,5,1,5,1,5,1,5,1,3,1,3,1,1,4,1,4,1,2,1,1,4,1
T:1235|TOM subgroup #1235 order 144|2|1,2,3,4,1,4,4,3,1,1,1,5,6,5,5,1,6,3,4,1,4,4,3,1,4,1,4,4,2,1,5,7,7,4,5,5,5,1,6,7,4,5,4,5,1
T:1236|TOM subgroup #1236 order 144|2|1,2,2,3,1,3,3,3,1,1,1,4,5,4,4,4,5,2,3,1,3,3,3,1,3,1,3,3,3,1,4,6,6,7,4,4,4,4,5,7,6,4,6,4,4
T:1243|TOM subgroup #1243 order 144|2|1,2,3,4,1,4,4,3,1,1,1,5,6,5,5,1,6,3,4,1,4,4,3,1,4,1,4,4,2,1,5,7,7,4,5,5,5,1,6,7,4,5,4,5,1
T:1244|TOM subgroup #1244 order 144|2|1,1,1,2,1,3,1,3,1,4,4,1,5,1,5,1,5,4,1,5,1,5,1,5,1,5,1,5,1,5,1,3,1,3,1,1,4,1,4,1,2,1,1,4,1
T:1245|TOM subgroup #1245 order 144|2|1,2,2,3,1,3,3,3,1,1,1,4,5,4,4,4,5,2,3,1,3,3,3,1,3,1,3,3,3,1,4,6,6,7,4,4,4,4,5,7,6,4,6,4,4
T:1246|TOM subgroup #1246 order 144|2|1,1,1,2,1,3,1,3,1,4,4,1,5,1,5,1,5,4,1,5,1,5,1,5,1,5,1,5,1,5,1,3,1,3,1,1,4,1,4,1,2,1,1,4,1
T:1247|TOM subgroup #1247 order 144|2|1,1,1,1,1,1,1,1,2,1,1,1,1,1,1,1,2,1,1,1,1,1,1,2,1,1,1,1,1,2,1,1,1,1,2,1,1,1,2,1,1,2,1,2,2
T:1248|TOM subgroup #1248 order 160|2|1,1,1,1,2,2,2,2,3,2,3,2,1,2,1,2,1,2,3,2,1,2,1,1,2,1,2,1,2,1,2,1,2,1,1,1,3,1,2,1,3,2,1,2,2
T:1249|TOM subgroup #1249 order 160|2|1,1,2,2,2,2,1,1,3,3,1,1,2,2,2,2,1,1,1,2,2,2,2,1,3,1,1,2,2,2,1,1,2,2,2,3,1,1,2,1,1,2,3,1,1
T:1250|TOM subgroup #1250 order 160|0|1,1,1,1,2,2,2,2,3,2,3,2,1,2,1,2,1,2,3,2,1,2,1,1,2,1,2,1,2,1,2,1,2,1,1,1,3,1,2,1,3,2,1,2,2
T:1251|TOM subgroup #1251 order 160|2|1,1,2,2,1,1,2,2,3,1,2,2,1,1,2,2,3,2,2,1,1,2,2,3,4,2,2,5,5,6,2,2,5,5,6,1,2,2,3,2,2,3,4,6,6
T:1252|TOM subgroup #1252 order 162|0|1,2,2,2,2,2,2,1,3,2,2,2,2,2,2,1,3,2,2,2,1,1,2,3,1,1,2,2,2,3,1,2,2,2,3,2,2,2,3,1,2,3,2,3,3
T:1253|TOM subgroup #1253 order 162|0|1,1,1,2,1,1,2,1,3,2,1,1,2,1,1,1,3,1,1,2,1,1,1,3,1,1,2,1,2,3,1,1,2,1,3,1,1,1,3,1,2,3,1,3,3
T:1254|TOM subgroup #1254 order 162|0|1,2,2,2,2,2,2,1,3,2,2,2,2,2,2,1,3,1,1,2,2,2,2,3,1,2,2,2,2,3,2,2,2,2,3,1,1,2,3,1,2,3,2,3,3
T:1257|TOM subgroup #1257 order 168|3|1,1,1,1,1,1,1,2,1,3,3,3,3,3,3,4,3,3,3,3,3,3,4,3,3,3,3,3,4,3,3,3,3,4,3,3,3,4,3,3,4,3,4,3,4
T:1260|TOM subgroup #1260 order 192|2|1,2,3,3,1,4,3,3,5,1,6,6,7,1,6,6,1,3,3,1,5,3,3,4,8,6,3,8,8,3,6,3,8,8,3,1,6,6,1,3,3,2,8,3,3
T:1261|TOM subgroup #1261 order 192|2|1,2,3,2,2,2,2,2,4,2,4,2,2,2,2,2,3,2,5,6,6,6,6,2,2,2,2,2,2,1,6,6,6,6,2,6,5,6,2,6,5,2,6,2,2
T:1262|TOM subgroup #1262 order 192|2|1,2,3,2,1,4,4,3,2,1,5,1,6,7,7,5,1,3,2,1,4,4,3,2,3,5,8,8,9,3,1,4,4,3,2,7,7,5,1,10,8,4,8,4,3
T:1263|TOM subgroup #1263 order 192|2|1,2,1,2,2,2,2,2,3,4,5,4,4,4,4,4,1,4,6,7,7,7,7,2,4,4,4,4,4,1,7,7,7,7,2,7,6,7,2,7,6,2,7,2,2
T:1264|TOM subgroup #1264 order 192|2|1,2,2,3,1,3,2,3,3,1,1,1,4,1,1,1,1,2,3,1,3,2,3,3,3,1,3,2,3,3,1,2,3,2,2,1,1,1,1,3,2,2,3,3,2
T:1265|TOM subgroup #1265 order 192|2|1,2,3,3,1,2,3,2,2,4,1,1,5,4,1,4,4,2,2,4,6,2,6,6,3,1,2,3,2,2,1,2,3,2,2,4,1,4,4,2,6,6,2,2,6
T:1266|TOM subgroup #1266 order 192|2|1,1,1,2,1,2,1,2,1,3,4,1,4,1,4,1,4,4,1,4,1,4,1,4,1,3,1,4,1,4,1,2,1,2,1,1,4,1,4,1,2,1,1,3,1
T:1267|TOM subgroup #1267 order 192|0|1,1,1,1,1,1,1,1,2,3,4,4,4,4,4,4,1,4,4,4,4,4,4,1,3,4,4,4,4,1,4,4,4,4,1,3,4,4,1,4,4,1,3,1,1
T:1268|TOM subgroup #1268 order 192|0|1,2,2,3,2,2,2,2,4,1,1,1,1,1,1,1,5,2,2,2,3,2,2,4,2,2,2,3,2,4,2,2,2,2,4,2,2,3,4,2,2,4,2,4,4
T:1269|TOM subgroup #1269 order 192|2|1,2,3,3,1,3,3,3,3,1,1,1,4,1,1,1,1,3,3,1,3,3,3,3,3,1,3,2,3,3,1,3,3,2,3,1,1,1,1,3,3,2,3,3,3
T:1270|TOM subgroup #1270 order 192|2|1,2,3,3,3,3,3,3,4,2,3,3,3,3,3,3,4,2,2,2,2,2,2,5,1,3,3,3,3,4,3,3,3,3,4,1,3,3,4,3,3,4,1,4,4
T:1271|TOM subgroup #1271 order 192|2|1,1,2,1,1,1,1,3,4,3,2,1,1,1,1,1,4,2,1,1,1,1,1,4,2,2,2,2,2,5,3,1,1,1,4,1,1,1,4,3,1,4,1,4,4
T:1272|TOM subgroup #1272 order 192|2|1,1,1,1,1,1,1,1,2,3,4,4,4,4,4,4,1,4,4,4,4,4,4,1,3,4,4,4,4,1,4,4,4,4,1,3,4,4,1,4,4,1,3,1,1
T:1273|TOM subgroup #1273 order 192|0|1,1,1,1,2,1,2,1,3,1,3,1,2,1,2,1,1,1,3,2,1,2,1,1,1,2,1,2,1,1,2,1,2,1,1,2,4,2,2,2,3,1,2,2,1
T:1274|TOM subgroup #1274 order 192|2|1,2,1,2,2,2,2,2,3,2,3,2,2,2,2,2,1,2,4,5,5,5,5,2,2,2,2,2,2,1,5,5,5,5,2,5,4,5,2,5,4,2,5,2,2
T:1275|TOM subgroup #1275 order 192|2|1,2,3,3,1,4,3,3,4,1,5,5,6,1,5,5,1,3,3,1,4,3,3,4,7,5,3,7,7,3,5,3,7,7,3,1,5,5,1,3,3,2,7,3,3
T:1276|TOM subgroup #1276 order 192|2|1,2,1,2,2,2,2,2,3,2,3,2,2,2,2,2,1,2,4,5,5,5,5,2,2,2,2,2,2,1,5,5,5,5,2,5,4,5,2,5,4,2,5,2,2
T:1277|TOM subgroup #1277 order 192|2|1,2,3,2,1,2,4,3,2,5,1,5,6,5,1,1,5,2,7,5,7,2,2,7,2,1,2,3,4,2,5,7,2,2,7,5,1,1,5,2,2,7,3,2,2
T:1278|TOM subgroup #1278 order 192|0|1,2,1,2,1,2,1,2,3,2,3,2,1,2,1,2,1,2,4,2,5,2,5,2,2,1,2,1,2,1,2,5,2,5,2,2,3,2,1,2,4,2,2,1,2
T:1279|TOM subgroup #1279 order 192|0|1,2,3,2,1,3,2,2,3,4,1,4,5,1,4,4,1,2,6,4,2,6,7,2,2,1,3,2,2,3,4,2,7,6,2,1,4,4,1,2,2,3,6,2,2
T:1280|TOM subgroup #1280 order 192|2|1,2,1,2,1,2,1,2,3,2,3,2,1,2,1,2,1,2,4,2,5,2,5,2,2,1,2,1,2,1,2,5,2,5,2,2,3,2,1,2,4,2,2,1,2
T:1281|TOM subgroup #1281 order 192|2|1,2,1,2,1,2,1,2,3,2,3,2,1,2,1,2,1,2,4,2,5,2,5,2,2,1,2,1,2,1,2,5,2,5,2,2,3,2,1,2,4,2,2,1,2
T:1282|TOM subgroup #1282 order 192|2|1,1,1,1,2,2,2,2,3,1,3,1,2,2,2,2,1,1,3,2,2,2,2,1,1,2,2,2,2,1,2,2,2,2,1,4,5,4,2,4,5,2,4,2,2
T:1283|TOM subgroup #1283 order 192|2|1,2,1,2,2,1,2,1,3,2,3,2,2,1,2,1,1,2,4,5,2,5,2,2,2,2,1,2,1,1,5,2,5,2,2,2,4,2,2,2,3,1,2,2,1
T:1284|TOM subgroup #1284 order 192|2|1,2,1,2,1,2,1,2,3,2,3,2,1,2,1,2,1,2,4,2,5,2,5,2,2,1,2,1,2,1,2,5,2,5,2,2,3,2,1,2,4,2,2,1,2
T:1285|TOM subgroup #1285 order 192|2|1,1,1,2,1,3,1,3,1,4,5,1,5,1,5,1,5,5,1,5,1,5,1,5,1,4,1,5,1,5,1,3,1,3,1,1,5,1,5,1,2,1,1,4,1
T:1286|TOM subgroup #1286 order 192|2|1,2,1,2,1,2,1,2,3,2,3,2,1,2,1,2,1,2,4,2,5,2,5,2,2,1,2,1,2,1,2,5,2,5,2,2,3,2,1,2,4,2,2,1,2
T:1287|TOM subgroup #1287 order 192|2|1,2,2,3,2,2,3,2,2,2,2,3,2,2,3,2,2,4,2,4,4,2,4,5,2,5,4,2,4,4,2,2,1,2,2,4,2,4,4,2,5,4,2,2,4
T:1288|TOM subgroup #1288 order 192|2|1,1,2,3,2,3,2,3,2,4,5,1,5,1,5,1,5,5,1,5,1,5,1,5,2,6,2,7,2,7,2,3,2,3,2,2,7,2,7,2,3,2,2,6,2
T:1289|TOM subgroup #1289 order 192|2|1,2,3,3,1,2,2,2,3,4,1,1,5,4,4,4,1,2,2,4,6,6,7,2,3,1,2,2,2,3,1,2,2,2,3,4,4,4,1,7,6,2,6,2,2
T:1290|TOM subgroup #1290 order 192|2|1,2,3,2,1,3,3,3,2,1,4,1,5,4,4,4,1,3,2,1,3,3,3,2,3,4,6,6,7,3,1,3,3,3,2,4,4,4,1,7,6,3,6,3,3
T:1291|TOM subgroup #1291 order 192|2|1,2,3,3,1,2,2,2,3,4,1,1,5,6,6,4,1,2,2,6,7,7,8,2,3,1,2,2,2,3,1,2,2,2,3,4,4,6,1,8,7,2,7,2,2
T:1292|TOM subgroup #1292 order 192|2|1,1,2,3,2,3,2,3,2,4,5,1,5,1,5,1,5,5,1,5,1,5,1,5,2,6,2,7,2,7,2,3,2,3,2,2,7,2,7,2,3,2,2,6,2
T:1293|TOM subgroup #1293 order 192|2|1,1,2,3,2,3,2,3,2,4,5,1,5,1,5,1,5,5,1,5,1,5,1,5,2,6,2,7,2,7,2,3,2,3,2,2,7,2,7,2,3,2,2,6,2
T:1294|TOM subgroup #1294 order 192|2|1,2,2,3,2,4,3,4,2,2,2,3,2,4,3,4,2,5,2,5,6,2,6,5,2,5,6,2,6,5,2,4,1,4,2,6,2,6,5,4,7,6,4,2,6
T:1295|TOM subgroup #1295 order 192|2|1,2,2,3,3,2,2,3,4,5,5,1,1,5,5,1,6,7,2,2,8,8,2,9,2,2,8,8,2,9,3,2,2,3,4,2,2,3,4,7,2,9,2,9,4
T:1296|TOM subgroup #1296 order 192|2|1,2,1,2,2,2,2,2,3,2,3,2,2,2,2,2,1,2,4,5,5,5,5,2,2,2,2,2,2,1,5,5,5,5,2,5,4,5,2,5,4,2,5,2,2
T:1297|TOM subgroup #1297 order 192|2|1,2,1,2,2,2,2,2,3,2,3,2,2,2,2,2,1,2,4,5,5,5,5,2,2,2,2,2,2,1,5,5,5,5,2,5,4,5,2,5,4,2,5,2,2
T:1298|TOM subgroup #1298 order 192|2|1,2,3,4,1,2,4,2,2,5,1,1,6,5,1,5,5,2,2,5,7,2,7,7,4,1,2,4,2,2,1,2,3,2,2,5,1,5,5,2,7,7,2,2,7
T:1299|TOM subgroup #1299 order 192|2|1,1,2,3,2,3,2,3,2,4,5,1,5,1,5,1,5,5,1,5,1,5,1,5,2,6,2,7,2,7,2,3,2,3,2,2,7,2,7,2,3,2,2,6,2
T:1300|TOM subgroup #1300 order 192|2|1,2,2,3,1,3,2,3,3,1,1,1,4,1,1,1,1,2,3,1,3,2,3,3,3,1,3,2,3,3,1,2,3,2,2,1,1,1,1,3,2,2,3,3,2
T:1301|TOM subgroup #1301 order 192|2|1,2,2,3,4,3,2,3,3,1,1,4,5,4,1,4,4,2,3,4,3,2,3,3,3,4,3,2,3,3,1,2,3,2,2,1,4,1,1,3,2,2,3,3,2
T:1302|TOM subgroup #1302 order 192|2|1,2,2,2,1,3,3,3,3,1,1,1,4,1,1,1,1,2,2,1,3,3,3,3,2,1,3,3,3,3,1,3,3,3,3,1,1,1,1,2,2,2,2,2,2
T:1303|TOM subgroup #1303 order 192|2|1,1,1,1,1,1,1,2,1,3,4,4,4,4,3,5,3,4,4,4,4,3,5,3,3,3,3,4,5,4,3,3,4,5,4,3,4,5,4,4,5,4,5,3,5
T:1304|TOM subgroup #1304 order 192|0|1,2,2,3,1,3,2,3,3,1,1,1,4,1,1,1,1,2,3,1,3,2,3,3,3,1,3,2,3,3,1,2,3,2,2,1,1,1,1,3,2,2,3,3,2
T:1305|TOM subgroup #1305 order 200|2|1,2,2,2,2,2,1,1,1,2,2,2,2,2,1,1,1,1,1,1,1,2,2,2,1,1,1,2,2,2,1,1,2,2,2,1,2,2,2,2,2,2,1,1,1
T:1306|TOM subgroup #1306 order 200|2|1,2,2,2,2,2,3,3,1,2,2,2,2,2,3,1,3,1,1,3,3,2,2,2,3,3,1,2,2,2,1,3,2,2,2,1,2,2,2,2,2,2,1,1,3
T:1307|TOM subgroup #1307 order 200|2|1,2,1,2,1,2,1,2,1,1,3,1,3,1,3,1,3,1,2,1,2,1,2,1,1,3,1,3,1,3,1,2,1,2,1,1,3,1,3,1,2,1,1,3,1
T:1308|TOM subgroup #1308 order 200|2|1,2,2,2,2,2,1,1,1,2,2,2,2,2,1,1,1,1,1,1,1,2,2,2,1,1,1,2,2,2,1,1,2,2,2,1,2,2,2,2,2,2,1,1,1
T:1309|TOM subgroup #1309 order 200|2|1,2,2,2,2,2,1,1,1,2,2,2,2,2,1,1,1,1,1,1,1,2,2,2,1,1,1,2,2,2,1,1,2,2,2,1,2,2,2,2,2,2,1,1,1
T:1310|TOM subgroup #1310 order 200|2|1,2,2,2,2,2,3,3,1,2,2,2,2,2,3,1,3,4,4,4,4,2,2,2,4,4,4,2,2,2,4,4,2,2,2,4,2,2,2,2,2,2,1,1,3
T:1311|TOM subgroup #1311 order 200|0|1,2,1,2,1,2,1,2,1,1,2,1,2,1,2,1,2,1,2,1,2,1,2,1,1,2,1,2,1,2,1,2,1,2,1,1,2,1,2,1,2,1,1,2,1
T:1315|TOM subgroup #1315 order 216|2|1,2,1,3,1,2,3,2,4,5,6,1,6,5,1,5,7,5,2,5,8,2,8,9,1,6,5,1,5,7,1,2,3,2,4,5,1,5,7,2,8,9,2,4,9
T:1316|TOM subgroup #1316 order 216|2|1,2,2,3,3,3,2,1,4,2,2,3,3,3,2,1,4,5,2,2,2,5,2,6,2,2,2,5,2,6,1,1,2,3,4,1,2,3,4,2,3,4,2,6,4
T:1321|TOM subgroup #1321 order 216|2|1,2,2,3,3,3,2,1,4,2,2,3,3,3,2,1,4,5,2,2,2,5,2,6,2,2,2,5,2,6,1,1,2,3,4,1,2,3,4,2,3,4,2,6,4
T:1322|TOM subgroup #1322 order 216|2|1,2,2,2,2,2,2,1,3,2,2,2,2,2,2,1,3,4,5,4,5,4,2,6,4,5,4,5,2,6,4,5,4,2,6,4,5,2,6,4,2,6,2,6,3
T:1323|TOM subgroup #1323 order 216|2|1,2,2,2,2,2,2,1,3,2,2,2,2,2,2,1,3,4,5,4,5,4,2,6,4,5,4,5,2,6,4,5,4,2,6,4,5,2,6,4,2,6,2,6,3
T:1324|TOM subgroup #1324 order 216|2|1,2,2,2,2,2,2,1,3,2,2,2,2,2,2,1,3,4,5,4,5,4,2,6,4,5,4,5,2,6,4,5,4,2,6,4,5,2,6,4,2,6,2,6,3
T:1325|TOM subgroup #1325 order 216|2|1,2,2,2,2,2,2,1,3,2,2,2,2,2,2,1,3,4,5,4,5,4,2,6,4,5,4,5,2,6,4,5,4,2,6,4,5,2,6,4,2,6,2,6,3
T:1346|TOM subgroup #1346 order 240|2|1,2,2,3,2,3,2,3,2,4,4,1,4,1,4,1,4,5,2,5,2,5,2,5,2,5,2,5,2,5,2,3,2,3,2,2,5,2,5,2,3,2,2,5,2
T:1347|TOM subgroup #1347 order 240|2|1,2,1,2,1,2,1,2,3,2,1,2,1,2,1,2,3,2,4,2,4,2,4,5,2,1,2,1,2,3,2,4,2,4,5,2,1,2,3,2,4,5,2,3,5
T:1348|TOM subgroup #1348 order 240|2|1,2,3,2,1,2,3,2,4,2,3,2,3,2,1,2,4,2,5,2,5,2,5,6,2,1,2,1,2,4,2,5,2,5,6,2,3,2,4,2,5,6,2,4,6
T:1349|TOM subgroup #1349 order 240|2|1,2,3,2,1,3,3,2,3,4,1,4,5,1,1,4,1,2,6,4,2,2,6,2,2,1,3,3,2,3,4,2,2,6,2,1,1,4,1,3,2,3,2,3,2
T:1351|TOM subgroup #1351 order 256|P2|1,2,3,2,1,2,2,3,4,1,1,1,5,1,1,1,1,2,4,1,3,3,2,2,2,1,2,2,4,3,1,3,3,2,2,1,1,1,1,4,2,2,2,2,3
T:1356|TOM subgroup #1356 order 288|3|1,2,3,2,1,3,3,3,2,1,4,1,5,4,4,4,1,3,2,1,3,3,3,2,3,4,6,6,6,3,1,3,3,3,2,4,4,4,1,6,6,3,6,3,3
T:1357|TOM subgroup #1357 order 288|3|1,1,1,2,1,2,1,2,1,3,4,1,4,1,4,1,4,4,1,4,1,4,1,4,1,3,1,4,1,4,1,2,1,2,1,1,4,1,4,1,2,1,1,3,1
T:1358|TOM subgroup #1358 order 288|2|1,1,1,2,1,3,1,4,1,5,5,1,6,1,6,1,6,5,1,6,1,6,1,6,1,6,1,6,1,6,1,4,1,3,1,1,5,1,5,1,2,1,1,5,1
T:1359|TOM subgroup #1359 order 288|2|1,2,3,2,1,4,3,2,4,1,5,1,6,1,5,1,1,3,4,1,2,3,4,2,3,5,3,7,3,3,1,2,3,4,2,1,5,1,1,3,2,4,3,3,2
T:1368|TOM subgroup #1368 order 288|2|1,2,2,3,2,2,3,2,2,2,2,3,2,2,3,2,2,4,2,5,5,2,5,4,2,5,5,2,5,4,2,2,1,2,2,4,2,4,5,2,4,5,2,2,5
T:1369|TOM subgroup #1369 order 288|2|1,1,1,2,1,3,1,3,1,4,4,1,5,1,5,1,5,4,1,5,1,5,1,5,1,5,1,5,1,5,1,3,1,3,1,1,4,1,4,1,2,1,1,4,1
T:1370|TOM subgroup #1370 order 288|2|1,1,1,2,1,3,1,3,1,4,4,1,5,1,5,1,5,4,1,5,1,5,1,5,1,5,1,5,1,5,1,3,1,3,1,1,4,1,4,1,2,1,1,4,1
T:1371|TOM subgroup #1371 order 288|2|1,1,1,2,1,3,1,3,1,4,4,1,5,1,5,1,5,4,1,5,1,5,1,5,1,5,1,5,1,5,1,3,1,3,1,1,4,1,4,1,2,1,1,4,1
T:1372|TOM subgroup #1372 order 288|2|1,1,1,2,1,3,1,3,1,4,4,1,5,1,5,1,5,4,1,5,1,5,1,5,1,5,1,5,1,5,1,3,1,3,1,1,4,1,4,1,2,1,1,4,1
T:1373|TOM subgroup #1373 order 288|2|1,1,1,2,1,3,1,3,1,4,4,1,5,1,5,1,5,4,1,5,1,5,1,5,1,5,1,5,1,5,1,3,1,3,1,1,4,1,4,1,2,1,1,4,1
T:1374|TOM subgroup #1374 order 288|2|1,1,1,2,3,4,3,4,3,5,5,1,6,3,6,3,6,5,1,6,3,6,3,6,1,6,3,6,3,6,3,4,3,4,3,1,5,1,5,1,2,1,1,5,1
T:1375|TOM subgroup #1375 order 288|2|1,1,1,2,1,3,1,3,1,4,4,1,5,1,5,1,5,4,1,5,1,5,1,5,1,5,1,5,1,5,1,3,1,3,1,1,4,1,4,1,2,1,1,4,1
T:1376|TOM subgroup #1376 order 288|2|1,1,1,2,1,3,1,3,1,4,4,1,5,1,5,1,5,4,1,5,1,5,1,5,1,5,1,5,1,5,1,3,1,3,1,1,4,1,4,1,2,1,1,4,1
T:1377|TOM subgroup #1377 order 288|2|1,1,1,2,1,3,1,3,1,4,4,1,5,1,5,1,5,4,1,5,1,5,1,5,1,5,1,5,1,5,1,3,1,3,1,1,4,1,4,1,2,1,1,4,1
T:1378|TOM subgroup #1378 order 288|2|1,1,1,2,1,3,1,3,1,4,4,1,5,1,5,1,5,4,1,5,1,5,1,5,1,5,1,5,1,5,1,3,1,3,1,1,4,1,4,1,2,1,1,4,1
T:1379|TOM subgroup #1379 order 288|2|1,1,1,2,3,4,3,4,3,5,5,1,6,1,6,1,6,5,1,6,1,6,1,6,1,6,1,6,1,6,3,4,3,4,3,3,7,3,7,3,2,3,3,7,3
T:1380|TOM subgroup #1380 order 288|2|1,1,1,2,1,3,1,3,1,4,4,1,5,1,5,1,5,4,1,5,1,5,1,5,1,5,1,5,1,5,1,3,1,3,1,1,4,1,4,1,2,1,1,4,1
T:1385|TOM subgroup #1385 order 320|2|1,1,1,1,1,1,1,1,2,2,1,1,1,1,1,1,1,1,1,1,1,1,1,1,2,1,1,1,1,1,1,1,1,1,1,2,1,1,1,1,1,1,2,1,1
T:1386|TOM subgroup #1386 order 320|2|1,1,1,1,1,1,1,1,2,1,2,1,1,1,1,1,1,1,2,1,1,1,1,1,1,1,1,1,1,1,1,1,1,1,1,1,2,1,1,1,2,1,1,1,1
T:1387|TOM subgroup #1387 order 320|2|1,1,1,1,2,2,2,2,3,2,3,2,1,2,1,2,1,2,3,2,1,2,1,1,2,1,2,1,2,1,2,1,2,1,1,1,3,1,2,1,3,2,1,2,2
T:1389|TOM subgroup #1389 order 324|2|1,1,1,2,1,1,2,1,3,2,1,1,2,1,1,1,3,1,1,2,1,1,1,3,1,1,2,1,2,3,1,1,2,1,3,1,1,1,3,1,2,3,1,3,3
T:1394|TOM subgroup #1394 order 336|3|1,2,2,2,1,2,2,2,2,1,1,1,3,1,1,1,1,2,2,1,2,2,2,2,2,1,2,2,2,2,1,2,2,2,2,1,1,1,1,2,2,2,2,2,2
T:1407|TOM subgroup #1407 order 384|2|1,2,3,2,1,2,2,2,2,1,1,1,4,1,1,1,1,2,2,1,2,3,2,2,2,1,2,2,2,2,1,2,2,3,2,1,1,1,1,2,2,3,2,2,2
T:1408|TOM subgroup #1408 order 384|2|1,1,1,1,1,1,1,1,2,3,4,3,3,3,3,3,1,3,4,3,3,3,3,1,3,3,3,3,3,1,3,3,3,3,1,3,4,3,1,3,4,1,3,1,1
T:1409|TOM subgroup #1409 order 384|2|1,1,1,1,1,1,1,1,2,3,4,4,4,4,4,4,1,4,4,4,4,4,4,1,3,4,4,4,4,1,4,4,4,4,1,3,4,4,1,4,4,1,3,1,1
T:1410|TOM subgroup #1410 order 384|2|1,2,2,3,2,2,2,2,4,1,1,1,1,1,1,1,5,2,2,2,3,2,2,4,2,2,2,3,2,4,2,2,2,2,4,2,2,3,4,2,2,4,2,4,4
T:1411|TOM subgroup #1411 order 384|0|1,2,3,2,1,2,2,2,2,1,1,1,4,1,1,1,1,2,2,1,2,3,2,2,2,1,2,2,2,2,1,2,2,3,2,1,1,1,1,2,2,3,2,2,2
T:1412|TOM subgroup #1412 order 384|2|1,2,3,3,1,3,3,3,3,1,1,1,4,1,1,1,1,3,3,1,3,3,3,3,2,1,3,3,3,3,1,3,3,3,3,1,1,1,1,3,3,2,2,3,3
T:1413|TOM subgroup #1413 order 384|2|1,1,1,1,2,1,2,1,3,1,3,1,2,1,2,1,1,1,3,2,1,2,1,1,1,2,1,2,1,1,2,1,2,1,1,2,4,2,2,2,3,1,2,2,1
T:1414|TOM subgroup #1414 order 384|2|1,2,1,2,1,2,1,2,3,2,3,2,1,2,1,2,1,2,4,2,5,2,5,2,2,1,2,1,2,1,2,5,2,5,2,2,3,2,1,2,4,2,2,1,2
T:1415|TOM subgroup #1415 order 384|2|1,2,3,2,1,3,2,2,3,4,1,4,5,1,4,4,1,2,6,4,2,6,7,2,2,1,3,2,2,3,4,2,7,6,2,1,4,4,1,2,2,3,6,2,2
T:1416|TOM subgroup #1416 order 384|2|1,2,2,3,1,3,2,3,3,1,1,1,4,1,1,1,1,2,3,1,3,2,3,3,3,1,3,2,3,3,1,2,3,2,2,1,1,1,1,3,2,2,3,3,2
T:1417|TOM subgroup #1417 order 400|2|1,2,2,2,2,2,1,1,1,2,2,2,2,2,1,1,1,3,3,3,3,2,2,2,3,3,3,2,2,2,3,3,2,2,2,3,2,2,2,2,2,2,1,1,1
T:1418|TOM subgroup #1418 order 400|2|1,2,2,2,2,2,1,1,1,2,2,2,2,2,1,1,1,1,1,1,1,2,2,2,1,1,1,2,2,2,1,1,2,2,2,1,2,2,2,2,2,2,1,1,1
T:1419|TOM subgroup #1419 order 400|2|1,2,2,2,2,2,1,1,1,2,2,2,2,2,1,1,1,1,1,1,1,2,2,2,1,1,1,2,2,2,1,1,2,2,2,1,2,2,2,2,2,2,1,1,1
T:1431|TOM subgroup #1431 order 432|2|1,2,2,2,2,2,2,1,3,2,2,2,2,2,2,1,3,4,5,4,5,4,2,6,4,5,4,5,2,6,4,5,4,2,6,4,5,2,6,4,2,6,2,6,3
T:1447|TOM subgroup #1447 order 480|2|1,2,1,2,1,2,1,2,3,2,1,2,1,2,1,2,3,2,4,2,4,2,4,5,2,1,2,1,2,3,2,4,2,4,5,2,1,2,3,2,4,5,2,3,5
T:1468|TOM subgroup #1468 order 576|2|1,1,1,2,1,3,1,3,1,4,4,1,5,1,5,1,5,4,1,5,1,5,1,5,1,5,1,5,1,5,1,3,1,3,1,1,4,1,4,1,2,1,1,4,1
T:1472|TOM subgroup #1472 order 640|2|1,1,1,1,1,1,1,1,2,1,2,1,1,1,1,1,1,1,2,1,1,1,1,1,1,1,1,1,1,1,1,1,1,1,1,1,2,1,1,1,2,1,1,1,1
T:1495|TOM subgroup #1495 order 768|2|1,1,1,1,1,1,1,1,2,3,4,3,3,3,3,3,1,3,4,3,3,3,3,1,3,3,3,3,3,1,3,3,3,3,1,3,4,3,1,3,4,1,3,1,1
T:1496|TOM subgroup #1496 order 800|2|1,2,2,2,2,2,1,1,1,2,2,2,2,2,1,1,1,1,1,1,1,2,2,2,1,1,1,2,2,2,1,1,2,2,2,1,2,2,2,2,2,2,1,1,1
