863ms  resuming with 0 done keys
863ms  === stage TOM: all subgroup classes of S12 from the table of marks ===
1336ms  stage TOM: 10723 subgroup classes
1359ms  emitted T:89  t=12  tag=0
1375ms  emitted T:152  t=12  tag=P2
1386ms  TOM progress 200/10723
1405ms  emitted T:281  t=12  tag=P2
1405ms  emitted T:283  t=12  tag=P2
1407ms  emitted T:291  t=12  tag=P2
1407ms  emitted T:292  t=11  tag=P2
1408ms  emitted T:294  t=11  tag=P2
1408ms  emitted T:295  t=12  tag=P2
1408ms  emitted T:296  t=11  tag=P2
1408ms  emitted T:297  t=12  tag=P2
1409ms  emitted T:299  t=12  tag=P2
1409ms  emitted T:300  t=12  tag=P2
1409ms  emitted T:301  t=10  tag=P2
1410ms  emitted T:303  t=10  tag=P3
1410ms  emitted T:306  t=12  tag=P3
1410ms  emitted T:309  t=10  tag=P3
1411ms  emitted T:310  t=8  tag=P3
1411ms  emitted T:311  t=10  tag=P3
1411ms  emitted T:312  t=8  tag=P3
1416ms  emitted T:317  t=10  tag=0
1419ms  emitted T:318  t=10  tag=0
1422ms  emitted T:319  t=10  tag=0
1425ms  emitted T:320  t=12  tag=0
1427ms  emitted T:324  t=12  tag=0
1428ms  emitted T:325  t=8  tag=0
1429ms  emitted T:326  t=8  tag=0
1429ms  emitted T:327  t=6  tag=P11
1434ms  emitted T:335  t=7  tag=0
1437ms  emitted T:336  t=8  tag=0
1440ms  emitted T:337  t=9  tag=0
1443ms  emitted T:338  t=10  tag=0
1446ms  emitted T:339  t=10  tag=0
1472ms  emitted T:396  t=12  tag=2
1485ms  emitted T:398  t=12  tag=2
1485ms  TOM progress 400/10723
1498ms  emitted T:413  t=9  tag=2
1510ms  emitted T:415  t=12  tag=2
1525ms  emitted T:417  t=12  tag=2
1536ms  emitted T:420  t=10  tag=2
1547ms  emitted T:421  t=10  tag=2
1594ms  emitted T:422  t=9  tag=2
1604ms  emitted T:423  t=11  tag=2
1613ms  emitted T:450  t=12  tag=0
1616ms  emitted T:452  t=9  tag=0
1619ms  emitted T:453  t=7  tag=0
1628ms  emitted T:463  t=6  tag=0
1631ms  emitted T:470  t=12  tag=0
1633ms  emitted T:471  t=12  tag=0
1635ms  emitted T:472  t=6  tag=0
1638ms  emitted T:475  t=12  tag=0
1639ms  emitted T:477  t=12  tag=0
1640ms  emitted T:479  t=12  tag=0
1641ms  emitted T:482  t=12  tag=P2
1644ms  emitted T:493  t=12  tag=P2
1659ms  emitted T:547  t=12  tag=P2
1673ms  TOM progress 600/10723
1693ms  emitted T:679  t=12  tag=P2
1696ms  emitted T:689  t=12  tag=P2
1702ms  emitted T:713  t=12  tag=P2
1709ms  emitted T:743  t=11  tag=P2
1709ms  emitted T:744  t=11  tag=P2
1710ms  emitted T:745  t=11  tag=P2
1710ms  emitted T:746  t=10  tag=P2
1710ms  emitted T:747  t=10  tag=P2
1710ms  emitted T:748  t=10  tag=P2
1710ms  emitted T:749  t=12  tag=P2
1711ms  emitted T:750  t=10  tag=P2
1711ms  emitted T:751  t=10  tag=P2
1711ms  emitted T:752  t=10  tag=P2
1711ms  emitted T:753  t=9  tag=P2
1712ms  emitted T:755  t=11  tag=P2
1712ms  emitted T:756  t=12  tag=P2
1712ms  emitted T:757  t=11  tag=P2
1713ms  emitted T:758  t=11  tag=P2
1713ms  emitted T:759  t=12  tag=P2
1713ms  emitted T:760  t=11  tag=P2
1713ms  emitted T:761  t=12  tag=P2
1714ms  emitted T:762  t=11  tag=P2
1714ms  emitted T:764  t=11  tag=P2
1714ms  emitted T:765  t=11  tag=P2
1715ms  emitted T:766  t=10  tag=P2
1715ms  emitted T:767  t=10  tag=P2
1715ms  emitted T:768  t=11  tag=P2
1716ms  emitted T:769  t=11  tag=P2
1716ms  emitted T:770  t=12  tag=P2
1716ms  emitted T:771  t=11  tag=P2
1716ms  emitted T:772  t=11  tag=P2
1717ms  emitted T:773  t=11  tag=P2
1717ms  emitted T:774  t=10  tag=P2
1717ms  emitted T:775  t=10  tag=P2
1717ms  emitted T:776  t=12  tag=P2
1718ms  emitted T:777  t=12  tag=P2
1718ms  emitted T:779  t=12  tag=P2
1719ms  emitted T:782  t=12  tag=P2
1720ms  emitted T:786  t=11  tag=P2
1720ms  emitted T:787  t=12  tag=P2
1721ms  emitted T:793  t=11  tag=P2
1723ms  emitted T:794  t=12  tag=P2
1723ms  emitted T:795  t=11  tag=P2
1724ms  emitted T:796  t=11  tag=P2
1724ms  emitted T:797  t=10  tag=P2
1724ms  emitted T:798  t=11  tag=P2
1725ms  emitted T:799  t=12  tag=P2
1725ms  TOM progress 800/10723
1725ms  emitted T:802  t=12  tag=P2
1725ms  emitted T:803  t=11  tag=P2
1732ms  emitted T:829  t=12  tag=P2
1732ms  emitted T:831  t=12  tag=P2
1733ms  emitted T:834  t=12  tag=P2
1734ms  emitted T:836  t=12  tag=P2
1735ms  emitted T:841  t=12  tag=P2
1735ms  emitted T:842  t=11  tag=P2
1735ms  emitted T:844  t=11  tag=P2
1736ms  emitted T:845  t=9  tag=P2
1736ms  emitted T:846  t=10  tag=P2
1736ms  emitted T:847  t=10  tag=P2
1747ms  emitted T:892  t=11  tag=P2
1747ms  emitted T:893  t=10  tag=P2
1747ms  emitted T:894  t=11  tag=P2
1748ms  emitted T:895  t=10  tag=P2
1748ms  emitted T:896  t=11  tag=P2
1748ms  emitted T:897  t=12  tag=P2
1751ms  emitted T:910  t=12  tag=P2
1752ms  emitted T:911  t=12  tag=P2
1752ms  emitted T:912  t=10  tag=P2
1752ms  emitted T:913  t=10  tag=P2
1753ms  emitted T:914  t=12  tag=P2
1753ms  emitted T:915  t=9  tag=P2
1753ms  emitted T:916  t=12  tag=P2
1753ms  emitted T:917  t=11  tag=P2
1754ms  emitted T:918  t=10  tag=P2
1754ms  emitted T:919  t=10  tag=P2
1754ms  emitted T:920  t=8  tag=P2
1754ms  emitted T:921  t=9  tag=P2
1755ms  emitted T:922  t=9  tag=P2
1755ms  emitted T:923  t=8  tag=P2
1768ms  emitted T:974  t=10  tag=P2
1768ms  emitted T:976  t=12  tag=P2
1769ms  emitted T:977  t=12  tag=P2
1769ms  emitted T:978  t=12  tag=P2
1769ms  emitted T:980  t=12  tag=P2
1769ms  emitted T:981  t=11  tag=P2
1770ms  emitted T:982  t=12  tag=P2
1770ms  emitted T:983  t=11  tag=P2
1770ms  emitted T:984  t=11  tag=P2
1770ms  emitted T:985  t=12  tag=P2
1771ms  emitted T:986  t=11  tag=P2
1772ms  emitted T:990  t=9  tag=P2
1772ms  emitted T:991  t=10  tag=P2
1772ms  emitted T:992  t=11  tag=P2
1773ms  emitted T:993  t=10  tag=P2
1773ms  emitted T:994  t=11  tag=P2
1773ms  emitted T:995  t=12  tag=P2
1773ms  emitted T:996  t=9  tag=P2
1774ms  emitted T:997  t=10  tag=P2
1774ms  emitted T:998  t=10  tag=P2
1774ms  emitted T:999  t=12  tag=P2
1775ms  emitted T:1000  t=11  tag=P2
1775ms  TOM progress 1000/10723
1775ms  emitted T:1001  t=10  tag=P2
1775ms  emitted T:1002  t=10  tag=P2
1775ms  emitted T:1003  t=9  tag=P2
1776ms  emitted T:1004  t=9  tag=P2
1776ms  emitted T:1005  t=10  tag=P2
1776ms  emitted T:1006  t=10  tag=P2
1776ms  emitted T:1007  t=8  tag=P2
1777ms  emitted T:1008  t=9  tag=P2
1777ms  emitted T:1009  t=9  tag=P2
1777ms  emitted T:1010  t=8  tag=P2
1778ms  emitted T:1012  t=11  tag=P2
1778ms  emitted T:1013  t=10  tag=P2
1778ms  emitted T:1014  t=8  tag=P2
1778ms  emitted T:1015  t=9  tag=P2
1779ms  emitted T:1016  t=9  tag=P2
1779ms  emitted T:1017  t=10  tag=P2
1779ms  emitted T:1018  t=9  tag=P2
1779ms  emitted T:1019  t=11  tag=P2
1780ms  emitted T:1020  t=10  tag=P2
1780ms  emitted T:1021  t=11  tag=P2
1780ms  emitted T:1022  t=8  tag=P2
1781ms  emitted T:1023  t=9  tag=P2
1781ms  emitted T:1024  t=7  tag=P2
1781ms  emitted T:1025  t=9  tag=P2
1781ms  emitted T:1026  t=8  tag=P2
1782ms  emitted T:1028  t=10  tag=P2
1782ms  emitted T:1029  t=10  tag=P2
1783ms  emitted T:1030  t=12  tag=P2
1783ms  emitted T:1031  t=9  tag=P2
1783ms  emitted T:1032  t=12  tag=P2
1783ms  emitted T:1033  t=10  tag=P2
1784ms  emitted T:1034  t=11  tag=P2
1784ms  emitted T:1035  t=10  tag=P2
1784ms  emitted T:1036  t=9  tag=P2
1784ms  emitted T:1037  t=10  tag=P2
1785ms  emitted T:1038  t=9  tag=P2
1785ms  emitted T:1039  t=10  tag=P2
1785ms  emitted T:1040  t=10  tag=P2
1785ms  emitted T:1041  t=9  tag=P2
1785ms  emitted T:1042  t=10  tag=P2
1786ms  emitted T:1043  t=11  tag=P2
1786ms  emitted T:1044  t=10  tag=P2
1786ms  emitted T:1045  t=10  tag=P2
1786ms  emitted T:1046  t=11  tag=P2
1787ms  emitted T:1047  t=9  tag=P2
1787ms  emitted T:1048  t=9  tag=P2
1787ms  emitted T:1049  t=9  tag=P2
1787ms  emitted T:1050  t=9  tag=P2
1788ms  emitted T:1051  t=12  tag=P2
1788ms  emitted T:1052  t=11  tag=P2
1788ms  emitted T:1053  t=11  tag=P2
1789ms  emitted T:1054  t=12  tag=P2
1789ms  emitted T:1055  t=11  tag=P2
1789ms  emitted T:1056  t=10  tag=P2
1789ms  emitted T:1057  t=9  tag=P2
1790ms  emitted T:1058  t=10  tag=P2
1790ms  emitted T:1059  t=11  tag=P2
1790ms  emitted T:1060  t=9  tag=P2
1791ms  emitted T:1062  t=10  tag=P2
1791ms  emitted T:1063  t=12  tag=P2
1791ms  emitted T:1064  t=10  tag=P2
1792ms  emitted T:1065  t=10  tag=P2
1792ms  emitted T:1066  t=10  tag=P2
1792ms  emitted T:1067  t=9  tag=P2
1792ms  emitted T:1068  t=12  tag=P2
1793ms  emitted T:1069  t=11  tag=P2
1793ms  emitted T:1070  t=11  tag=P2
1793ms  emitted T:1071  t=9  tag=P2
1793ms  emitted T:1072  t=8  tag=P2
1794ms  emitted T:1073  t=9  tag=P2
1794ms  emitted T:1075  t=11  tag=P2
1794ms  emitted T:1076  t=9  tag=P2
1795ms  emitted T:1077  t=9  tag=P2
1795ms  emitted T:1078  t=9  tag=P2
1795ms  emitted T:1079  t=8  tag=P2
1796ms  emitted T:1080  t=9  tag=P2
1796ms  emitted T:1081  t=11  tag=P2
1796ms  emitted T:1082  t=10  tag=P2
1798ms  emitted T:1083  t=10  tag=P2
1798ms  emitted T:1084  t=8  tag=P2
1798ms  emitted T:1085  t=8  tag=P2
1799ms  emitted T:1086  t=7  tag=P2
1805ms  emitted T:1090  t=10  tag=0
1810ms  emitted T:1093  t=10  tag=0
1813ms  emitted T:1094  t=8  tag=0
1819ms  emitted T:1098  t=10  tag=0
1823ms  emitted T:1099  t=12  tag=0
1828ms  emitted T:1101  t=11  tag=0
1835ms  emitted T:1102  t=10  tag=0
1840ms  emitted T:1103  t=9  tag=0
1844ms  emitted T:1104  t=11  tag=0
1849ms  emitted T:1107  t=7  tag=0
1856ms  emitted T:1121  t=11  tag=0
1861ms  emitted T:1122  t=9  tag=0
1867ms  emitted T:1123  t=10  tag=0
1872ms  emitted T:1124  t=11  tag=0
1877ms  emitted T:1125  t=9  tag=0
1882ms  emitted T:1126  t=7  tag=0
1887ms  emitted T:1127  t=8  tag=0
1891ms  emitted T:1133  t=11  tag=0
1898ms  emitted T:1134  t=12  tag=0
1902ms  emitted T:1135  t=11  tag=0
1907ms  emitted T:1138  t=9  tag=0
1911ms  emitted T:1139  t=8  tag=0
1916ms  emitted T:1140  t=8  tag=0
1921ms  emitted T:1141  t=7  tag=0
1927ms  emitted T:1142  t=9  tag=0
1931ms  emitted T:1143  t=7  tag=0
1935ms  emitted T:1144  t=6  tag=0
1940ms  emitted T:1145  t=7  tag=0
1943ms  emitted T:1149  t=8  tag=0
1946ms  emitted T:1152  t=10  tag=0
1949ms  emitted T:1153  t=10  tag=0
1953ms  emitted T:1154  t=8  tag=0
1957ms  emitted T:1156  t=8  tag=0
1960ms  emitted T:1157  t=12  tag=0
1963ms  emitted T:1158  t=10  tag=0
1967ms  emitted T:1159  t=8  tag=0
1971ms  emitted T:1160  t=7  tag=0
1973ms  emitted T:1161  t=8  tag=0
1979ms  emitted T:1167  t=11  tag=0
1985ms  emitted T:1168  t=9  tag=0
1988ms  emitted T:1169  t=7  tag=0
1992ms  emitted T:1170  t=7  tag=0
1996ms  emitted T:1171  t=7  tag=0
2010ms  emitted T:1182  t=9  tag=2
2022ms  emitted T:1183  t=7  tag=2
2033ms  emitted T:1184  t=7  tag=2
2044ms  emitted T:1185  t=8  tag=2
2055ms  emitted T:1188  t=10  tag=2
2065ms  emitted T:1189  t=8  tag=2
2071ms  emitted T:1195  t=7  tag=0
2073ms  emitted T:1197  t=12  tag=0
2079ms  emitted T:1199  t=12  tag=0
2079ms  TOM progress 1200/10723
2082ms  emitted T:1201  t=8  tag=0
2083ms  emitted T:1202  t=10  tag=0
2086ms  emitted T:1203  t=6  tag=0
2100ms  emitted T:1220  t=12  tag=2
2108ms  emitted T:1221  t=11  tag=2
2116ms  emitted T:1225  t=10  tag=2
2124ms  emitted T:1226  t=8  tag=2
2131ms  emitted T:1227  t=7  tag=2
2138ms  emitted T:1228  t=9  tag=2
2147ms  emitted T:1229  t=9  tag=2
2154ms  emitted T:1230  t=7  tag=2
2162ms  emitted T:1231  t=7  tag=2
2169ms  emitted T:1232  t=6  tag=2
2178ms  emitted T:1233  t=11  tag=2
2185ms  emitted T:1234  t=10  tag=2
2192ms  emitted T:1235  t=9  tag=2
2200ms  emitted T:1236  t=11  tag=2
2208ms  emitted T:1239  t=9  tag=2
2215ms  emitted T:1240  t=11  tag=2
2224ms  emitted T:1241  t=11  tag=2
2231ms  emitted T:1242  t=6  tag=2
2240ms  emitted T:1243  t=5  tag=2
2247ms  emitted T:1244  t=11  tag=2
2255ms  emitted T:1245  t=10  tag=2
2263ms  emitted T:1246  t=10  tag=2
2271ms  emitted T:1248  t=7  tag=2
2279ms  emitted T:1249  t=6  tag=2
2287ms  emitted T:1250  t=10  tag=2
2295ms  emitted T:1262  t=12  tag=0
2301ms  emitted T:1268  t=11  tag=0
2307ms  emitted T:1269  t=12  tag=0
2312ms  emitted T:1270  t=12  tag=0
2315ms  emitted T:1271  t=12  tag=0
2320ms  emitted T:1272  t=8  tag=0
2325ms  emitted T:1273  t=8  tag=0
2329ms  emitted T:1274  t=8  tag=0
2335ms  emitted T:1275  t=7  tag=0
2340ms  emitted T:1276  t=10  tag=0
2345ms  emitted T:1277  t=9  tag=0
2350ms  emitted T:1278  t=9  tag=0
2355ms  emitted T:1279  t=8  tag=0
2359ms  emitted T:1280  t=7  tag=0
2366ms  emitted T:1282  t=11  tag=0
2371ms  emitted T:1283  t=7  tag=0
2375ms  emitted T:1284  t=5  tag=0
2379ms  emitted T:1285  t=5  tag=0
2383ms  emitted T:1286  t=6  tag=0
2427ms  emitted T:1293  t=12  tag=2
2466ms  emitted T:1294  t=12  tag=2
2506ms  emitted T:1295  t=11  tag=2
2547ms  emitted T:1296  t=12  tag=2
2591ms  emitted T:1297  t=10  tag=2
2630ms  emitted T:1298  t=11  tag=2
2670ms  emitted T:1299  t=11  tag=2
2746ms  emitted T:1300  t=11  tag=2
2786ms  emitted T:1301  t=11  tag=2
2824ms  emitted T:1302  t=10  tag=2
2864ms  emitted T:1303  t=11  tag=2
2905ms  emitted T:1305  t=11  tag=2
2943ms  emitted T:1306  t=10  tag=2
2983ms  emitted T:1307  t=11  tag=2
3028ms  emitted T:1308  t=11  tag=2
3069ms  emitted T:1309  t=10  tag=2
3114ms  emitted T:1310  t=11  tag=2
3156ms  emitted T:1311  t=12  tag=2
3206ms  emitted T:1312  t=11  tag=2
3252ms  emitted T:1320  t=12  tag=2
3295ms  emitted T:1321  t=12  tag=2
3336ms  emitted T:1328  t=12  tag=2
3377ms  emitted T:1336  t=12  tag=2
3416ms  emitted T:1337  t=12  tag=2
3458ms  emitted T:1341  t=12  tag=2
3532ms  emitted T:1344  t=12  tag=2
3570ms  emitted T:1345  t=12  tag=2
3608ms  emitted T:1346  t=12  tag=2
3648ms  emitted T:1349  t=12  tag=2
3689ms  emitted T:1354  t=11  tag=2
3700ms  TOM progress 1400/10723
3739ms  emitted T:1402  t=7  tag=2
3776ms  emitted T:1403  t=8  tag=2
3815ms  emitted T:1404  t=12  tag=2
3821ms  emitted T:1405  t=11  tag=0
3831ms  emitted T:1417  t=11  tag=0
3835ms  emitted T:1418  t=11  tag=0
3840ms  emitted T:1419  t=11  tag=0
3846ms  emitted T:1420  t=10  tag=0
3851ms  emitted T:1421  t=12  tag=0
3856ms  emitted T:1422  t=12  tag=0
3861ms  emitted T:1424  t=12  tag=0
3868ms  emitted T:1426  t=12  tag=0
3884ms  emitted T:1430  t=11  tag=2
3902ms  emitted T:1432  t=10  tag=2
3920ms  emitted T:1433  t=11  tag=2
3938ms  emitted T:1434  t=11  tag=2
3955ms  emitted T:1435  t=11  tag=2
3973ms  emitted T:1436  t=10  tag=2
3990ms  emitted T:1437  t=10  tag=2
4008ms  emitted T:1438  t=9  tag=2
4026ms  emitted T:1439  t=10  tag=2
4045ms  emitted T:1440  t=9  tag=2
4064ms  emitted T:1441  t=10  tag=2
4082ms  emitted T:1442  t=9  tag=2
4100ms  emitted T:1443  t=10  tag=2
4119ms  emitted T:1444  t=10  tag=2
4137ms  emitted T:1445  t=10  tag=2
4156ms  emitted T:1446  t=10  tag=2
4175ms  emitted T:1447  t=12  tag=2
4195ms  emitted T:1455  t=12  tag=2
4214ms  emitted T:1456  t=11  tag=2
4234ms  emitted T:1457  t=11  tag=2
4252ms  emitted T:1458  t=12  tag=2
4271ms  emitted T:1459  t=11  tag=2
4295ms  emitted T:1476  t=12  tag=2
4349ms  emitted T:1477  t=10  tag=2
4365ms  emitted T:1481  t=12  tag=2
4385ms  emitted T:1483  t=12  tag=2
4402ms  emitted T:1484  t=12  tag=2
4420ms  emitted T:1485  t=12  tag=2
4436ms  emitted T:1486  t=6  tag=2
4453ms  emitted T:1487  t=5  tag=2
4473ms  emitted T:1492  t=12  tag=2
4490ms  emitted T:1493  t=11  tag=2
4509ms  emitted T:1494  t=12  tag=2
4528ms  emitted T:1495  t=11  tag=2
4544ms  emitted T:1496  t=11  tag=2
4563ms  emitted T:1497  t=10  tag=2
4582ms  emitted T:1498  t=10  tag=2
4602ms  emitted T:1499  t=10  tag=2
4621ms  emitted T:1500  t=10  tag=2
4640ms  emitted T:1501  t=12  tag=2
4659ms  emitted T:1502  t=10  tag=2
4678ms  emitted T:1503  t=9  tag=2
4698ms  emitted T:1510  t=10  tag=2
4720ms  emitted T:1512  t=12  tag=2
4738ms  emitted T:1514  t=12  tag=2
4756ms  emitted T:1516  t=12  tag=2
4775ms  emitted T:1518  t=6  tag=2
4800ms  emitted T:1523  t=10  tag=2
4822ms  emitted T:1524  t=11  tag=2
4847ms  emitted T:1525  t=11  tag=2
4871ms  emitted T:1526  t=10  tag=2
4895ms  emitted T:1527  t=10  tag=2
4919ms  emitted T:1528  t=10  tag=2
4945ms  emitted T:1529  t=9  tag=2
4968ms  emitted T:1530  t=12  tag=2
4991ms  emitted T:1531  t=10  tag=2
5016ms  emitted T:1532  t=12  tag=2
5041ms  emitted T:1533  t=12  tag=2
5099ms  emitted T:1534  t=11  tag=2
5122ms  emitted T:1541  t=12  tag=2
5147ms  emitted T:1544  t=9  tag=2
5171ms  emitted T:1547  t=12  tag=2
5191ms  emitted T:1548  t=12  tag=2
5213ms  emitted T:1549  t=5  tag=2
5221ms  emitted T:1564  t=10  tag=0
5228ms  emitted T:1567  t=12  tag=0
5233ms  emitted T:1568  t=11  tag=0
5237ms  emitted T:1569  t=11  tag=0
5241ms  emitted T:1570  t=12  tag=0
5246ms  emitted T:1571  t=9  tag=0
5250ms  emitted T:1572  t=12  tag=0
5256ms  emitted T:1573  t=10  tag=0
5260ms  emitted T:1574  t=10  tag=0
5264ms  emitted T:1575  t=10  tag=0
5268ms  emitted T:1576  t=10  tag=0
5272ms  emitted T:1577  t=10  tag=0
5276ms  emitted T:1578  t=9  tag=0
5282ms  emitted T:1579  t=10  tag=0
5286ms  emitted T:1580  t=5  tag=0
5291ms  emitted T:1581  t=8  tag=0
5296ms  emitted T:1582  t=12  tag=0
5300ms  emitted T:1583  t=6  tag=0
5304ms  emitted T:1584  t=5  tag=0
5308ms  emitted T:1585  t=12  tag=0
5314ms  emitted T:1589  t=9  tag=0
5319ms  emitted T:1593  t=10  tag=0
5323ms  emitted T:1594  t=10  tag=0
5328ms  emitted T:1595  t=9  tag=0
5332ms  emitted T:1596  t=10  tag=0
5336ms  emitted T:1597  t=11  tag=0
5358ms  emitted T:1598  t=12  tag=2
5359ms  TOM progress 1600/10723
5382ms  emitted T:1601  t=11  tag=2
5403ms  emitted T:1602  t=10  tag=2
5423ms  emitted T:1603  t=10  tag=2
5446ms  emitted T:1604  t=9  tag=2
5469ms  emitted T:1605  t=9  tag=2
5490ms  emitted T:1609  t=11  tag=2
5512ms  emitted T:1610  t=12  tag=2
5532ms  emitted T:1611  t=8  tag=2
5541ms  emitted T:1612  t=8  tag=0
5544ms  emitted T:1613  t=8  tag=0
5544ms  emitted T:1614  t=10  tag=P5
5544ms  emitted T:1616  t=10  tag=P3
5545ms  emitted T:1617  t=12  tag=P3
5545ms  emitted T:1618  t=10  tag=P3
5545ms  emitted T:1619  t=6  tag=P3
5545ms  emitted T:1620  t=8  tag=P3
5545ms  emitted T:1621  t=6  tag=P3
5545ms  emitted T:1622  t=4  tag=P3
5546ms  emitted T:1623  t=8  tag=P3
5546ms  emitted T:1624  t=6  tag=P3
5546ms  emitted T:1625  t=6  tag=P3
5546ms  emitted T:1626  t=4  tag=P3
5549ms  emitted T:1627  t=9  tag=0
5552ms  emitted T:1628  t=11  tag=0
5565ms  emitted T:1630  t=12  tag=2
5575ms  emitted T:1631  t=11  tag=2
5587ms  emitted T:1632  t=11  tag=2
5599ms  emitted T:1633  t=9  tag=2
5605ms  emitted T:1634  t=8  tag=0
5607ms  emitted T:1635  t=8  tag=0
5611ms  emitted T:1637  t=12  tag=0
5618ms  emitted T:1638  t=9  tag=0
5623ms  emitted T:1640  t=11  tag=0
5630ms  emitted T:1642  t=12  tag=0
5636ms  emitted T:1643  t=12  tag=0
5643ms  emitted T:1645  t=8  tag=0
5651ms  emitted T:1647  t=12  tag=2
5658ms  emitted T:1648  t=9  tag=2
5666ms  emitted T:1650  t=11  tag=2
5668ms  emitted T:1651  t=12  tag=0
5670ms  emitted T:1653  t=8  tag=0
5672ms  emitted T:1659  t=11  tag=P2
5672ms  emitted T:1660  t=12  tag=P2
5677ms  emitted T:1676  t=12  tag=P2
5678ms  emitted T:1679  t=10  tag=P2
5678ms  emitted T:1680  t=9  tag=P2
5681ms  emitted T:1688  t=11  tag=P2
5681ms  emitted T:1689  t=12  tag=P2
5682ms  emitted T:1690  t=11  tag=P2
5682ms  emitted T:1691  t=12  tag=P2
5685ms  emitted T:1703  t=10  tag=P2
5686ms  emitted T:1705  t=11  tag=P2
5686ms  emitted T:1706  t=8  tag=P2
5687ms  emitted T:1707  t=8  tag=P2
5687ms  emitted T:1708  t=9  tag=P2
5687ms  emitted T:1709  t=9  tag=P2
5687ms  emitted T:1710  t=8  tag=P2
5688ms  emitted T:1711  t=8  tag=P2
5688ms  emitted T:1712  t=9  tag=P2
5688ms  emitted T:1713  t=12  tag=P2
5689ms  emitted T:1714  t=9  tag=P2
5689ms  emitted T:1715  t=10  tag=P2
5689ms  emitted T:1716  t=9  tag=P2
5689ms  emitted T:1717  t=11  tag=P2
5690ms  emitted T:1718  t=10  tag=P2
5690ms  emitted T:1719  t=9  tag=P2
5690ms  emitted T:1720  t=10  tag=P2
5691ms  emitted T:1721  t=10  tag=P2
5691ms  emitted T:1722  t=9  tag=P2
5691ms  emitted T:1723  t=9  tag=P2
5691ms  emitted T:1724  t=9  tag=P2
5692ms  emitted T:1725  t=10  tag=P2
5692ms  emitted T:1726  t=10  tag=P2
5692ms  emitted T:1727  t=9  tag=P2
5693ms  emitted T:1728  t=9  tag=P2
5693ms  emitted T:1729  t=9  tag=P2
5693ms  emitted T:1730  t=12  tag=P2
5694ms  emitted T:1731  t=11  tag=P2
5694ms  emitted T:1732  t=11  tag=P2
5694ms  emitted T:1734  t=12  tag=P2
5695ms  emitted T:1738  t=12  tag=P2
5696ms  emitted T:1739  t=11  tag=P2
5696ms  emitted T:1740  t=11  tag=P2
5696ms  emitted T:1741  t=10  tag=P2
5697ms  emitted T:1742  t=10  tag=P2
5697ms  emitted T:1743  t=12  tag=P2
5697ms  emitted T:1744  t=12  tag=P2
5697ms  emitted T:1745  t=11  tag=P2
5698ms  emitted T:1746  t=12  tag=P2
5698ms  emitted T:1747  t=12  tag=P2
5698ms  emitted T:1748  t=12  tag=P2
5699ms  emitted T:1749  t=12  tag=P2
5700ms  emitted T:1750  t=12  tag=P2
5700ms  emitted T:1751  t=11  tag=P2
5700ms  emitted T:1752  t=12  tag=P2
5700ms  emitted T:1753  t=11  tag=P2
5701ms  emitted T:1754  t=11  tag=P2
5701ms  emitted T:1755  t=12  tag=P2
5701ms  emitted T:1756  t=11  tag=P2
5702ms  emitted T:1757  t=12  tag=P2
5702ms  emitted T:1758  t=11  tag=P2
5702ms  emitted T:1760  t=10  tag=P2
5703ms  emitted T:1761  t=11  tag=P2
5703ms  emitted T:1762  t=12  tag=P2
5704ms  emitted T:1767  t=12  tag=P2
5707ms  emitted T:1776  t=12  tag=P2
5709ms  emitted T:1782  t=12  tag=P2
5714ms  TOM progress 1800/10723
5723ms  emitted T:1833  t=12  tag=P2
5727ms  emitted T:1848  t=12  tag=P2
5729ms  emitted T:1853  t=10  tag=P2
5729ms  emitted T:1854  t=11  tag=P2
5729ms  emitted T:1855  t=10  tag=P2
5729ms  emitted T:1856  t=10  tag=P2
5730ms  emitted T:1857  t=9  tag=P2
5730ms  emitted T:1858  t=8  tag=P2
5730ms  emitted T:1859  t=9  tag=P2
5730ms  emitted T:1860  t=9  tag=P2
5731ms  emitted T:1861  t=10  tag=P2
5731ms  emitted T:1862  t=9  tag=P2
5731ms  emitted T:1863  t=10  tag=P2
5755ms  emitted T:1943  t=11  tag=P2
5755ms  emitted T:1944  t=10  tag=P2
5755ms  emitted T:1945  t=10  tag=P2
5756ms  emitted T:1946  t=10  tag=P2
5756ms  emitted T:1947  t=11  tag=P2
5756ms  emitted T:1948  t=10  tag=P2
5756ms  emitted T:1949  t=10  tag=P2
5757ms  emitted T:1950  t=10  tag=P2
5757ms  emitted T:1951  t=10  tag=P2
5757ms  emitted T:1952  t=11  tag=P2
5758ms  emitted T:1953  t=11  tag=P2
5758ms  emitted T:1954  t=10  tag=P2
5758ms  emitted T:1955  t=12  tag=P2
5760ms  emitted T:1960  t=12  tag=P2
5760ms  emitted T:1961  t=10  tag=P2
5760ms  emitted T:1962  t=10  tag=P2
5761ms  emitted T:1963  t=10  tag=P2
5761ms  emitted T:1964  t=10  tag=P2
5761ms  emitted T:1965  t=9  tag=P2
5761ms  emitted T:1966  t=9  tag=P2
5762ms  emitted T:1967  t=9  tag=P2
5762ms  emitted T:1968  t=9  tag=P2
5766ms  emitted T:1981  t=12  tag=P2
5767ms  emitted T:1985  t=12  tag=P2
5769ms  emitted T:1992  t=12  tag=P2
5769ms  emitted T:1993  t=12  tag=P2
5771ms  emitted T:1997  t=12  tag=P2
5771ms  emitted T:1998  t=12  tag=P2
5771ms  emitted T:1999  t=12  tag=P2
5771ms  TOM progress 2000/10723
5773ms  emitted T:2005  t=12  tag=P2
5774ms  emitted T:2010  t=12  tag=P2
5775ms  emitted T:2011  t=12  tag=P2
5775ms  emitted T:2012  t=12  tag=P2
5775ms  emitted T:2013  t=12  tag=P2
5777ms  emitted T:2019  t=12  tag=P2
5777ms  emitted T:2021  t=12  tag=P2
5779ms  emitted T:2026  t=12  tag=P2
5779ms  emitted T:2029  t=12  tag=P2
5780ms  emitted T:2032  t=12  tag=P2
5780ms  emitted T:2033  t=12  tag=P2
5781ms  emitted T:2034  t=11  tag=P2
5781ms  emitted T:2035  t=11  tag=P2
5781ms  emitted T:2036  t=8  tag=P2
5782ms  emitted T:2037  t=8  tag=P2
5782ms  emitted T:2038  t=9  tag=P2
5782ms  emitted T:2039  t=9  tag=P2
5782ms  emitted T:2040  t=8  tag=P2
5783ms  emitted T:2041  t=8  tag=P2
5783ms  emitted T:2042  t=9  tag=P2
5783ms  emitted T:2043  t=8  tag=P2
5784ms  emitted T:2044  t=9  tag=P2
5784ms  emitted T:2045  t=9  tag=P2
5784ms  emitted T:2046  t=9  tag=P2
5784ms  emitted T:2047  t=10  tag=P2
5785ms  emitted T:2048  t=8  tag=P2
5785ms  emitted T:2049  t=7  tag=P2
5785ms  emitted T:2050  t=8  tag=P2
5785ms  emitted T:2051  t=8  tag=P2
5786ms  emitted T:2052  t=9  tag=P2
5791ms  emitted T:2070  t=10  tag=P2
5792ms  emitted T:2071  t=11  tag=P2
5792ms  emitted T:2072  t=12  tag=P2
5792ms  emitted T:2073  t=10  tag=P2
5793ms  emitted T:2075  t=11  tag=P2
5793ms  emitted T:2076  t=12  tag=P2
5793ms  emitted T:2077  t=9  tag=P2
5794ms  emitted T:2078  t=11  tag=P2
5794ms  emitted T:2079  t=11  tag=P2
5794ms  emitted T:2080  t=11  tag=P2
5794ms  emitted T:2081  t=12  tag=P2
5795ms  emitted T:2083  t=10  tag=P2
5795ms  emitted T:2084  t=10  tag=P2
5796ms  emitted T:2085  t=11  tag=P2
5796ms  emitted T:2086  t=12  tag=P2
5796ms  emitted T:2087  t=10  tag=P2
5796ms  emitted T:2088  t=11  tag=P2
5797ms  emitted T:2089  t=11  tag=P2
5797ms  emitted T:2090  t=10  tag=P2
5797ms  emitted T:2091  t=11  tag=P2
5798ms  emitted T:2092  t=11  tag=P2
5798ms  emitted T:2093  t=10  tag=P2
5798ms  emitted T:2094  t=11  tag=P2
5799ms  emitted T:2096  t=11  tag=P2
5799ms  emitted T:2097  t=10  tag=P2
5800ms  emitted T:2098  t=10  tag=P2
5800ms  emitted T:2099  t=9  tag=P2
5800ms  emitted T:2100  t=11  tag=P2
5801ms  emitted T:2101  t=10  tag=P2
5801ms  emitted T:2102  t=9  tag=P2
5801ms  emitted T:2103  t=8  tag=P2
5801ms  emitted T:2104  t=9  tag=P2
5802ms  emitted T:2105  t=9  tag=P2
5802ms  emitted T:2106  t=10  tag=P2
5802ms  emitted T:2107  t=10  tag=P2
5802ms  emitted T:2108  t=9  tag=P2
5803ms  emitted T:2109  t=10  tag=P2
5803ms  emitted T:2110  t=10  tag=P2
5803ms  emitted T:2111  t=10  tag=P2
5804ms  emitted T:2112  t=11  tag=P2
5804ms  emitted T:2113  t=11  tag=P2
5804ms  emitted T:2114  t=11  tag=P2
5805ms  emitted T:2115  t=12  tag=P2
5805ms  emitted T:2117  t=12  tag=P2
5806ms  emitted T:2118  t=12  tag=P2
5807ms  emitted T:2120  t=12  tag=P2
5807ms  emitted T:2121  t=12  tag=P2
5807ms  emitted T:2122  t=12  tag=P2
5808ms  emitted T:2125  t=12  tag=P2
5809ms  emitted T:2129  t=8  tag=P2
5810ms  emitted T:2130  t=8  tag=P2
5810ms  emitted T:2131  t=8  tag=P2
5811ms  emitted T:2135  t=11  tag=P2
5811ms  emitted T:2136  t=12  tag=P2
5811ms  emitted T:2137  t=11  tag=P2
5812ms  emitted T:2138  t=9  tag=P2
5812ms  emitted T:2139  t=12  tag=P2
5812ms  emitted T:2140  t=9  tag=P2
5813ms  emitted T:2141  t=8  tag=P2
5813ms  emitted T:2142  t=11  tag=P2
5813ms  emitted T:2143  t=9  tag=P2
5814ms  emitted T:2144  t=11  tag=P2
5814ms  emitted T:2145  t=9  tag=P2
5814ms  emitted T:2146  t=9  tag=P2
5815ms  emitted T:2147  t=8  tag=P2
5815ms  emitted T:2148  t=9  tag=P2
5815ms  emitted T:2149  t=8  tag=P2
5815ms  emitted T:2150  t=7  tag=P2
5816ms  emitted T:2151  t=11  tag=P2
5816ms  emitted T:2152  t=8  tag=P2
5816ms  emitted T:2153  t=8  tag=P2
5816ms  emitted T:2154  t=9  tag=P2
5817ms  emitted T:2155  t=8  tag=P2
5817ms  emitted T:2156  t=6  tag=P2
5817ms  emitted T:2157  t=6  tag=P2
5818ms  emitted T:2158  t=8  tag=P2
5818ms  emitted T:2159  t=6  tag=P2
5818ms  emitted T:2160  t=7  tag=P2
5818ms  emitted T:2161  t=6  tag=P2
5819ms  emitted T:2162  t=8  tag=P2
5819ms  emitted T:2163  t=7  tag=P2
5819ms  emitted T:2164  t=6  tag=P2
5819ms  emitted T:2165  t=8  tag=P2
5820ms  emitted T:2166  t=12  tag=P2
5820ms  emitted T:2167  t=11  tag=P2
5820ms  emitted T:2168  t=10  tag=P2
5821ms  emitted T:2169  t=10  tag=P2
5821ms  emitted T:2170  t=10  tag=P2
5821ms  emitted T:2171  t=11  tag=P2
5821ms  emitted T:2172  t=12  tag=P2
5822ms  emitted T:2174  t=11  tag=P2
5822ms  emitted T:2175  t=9  tag=P2
5823ms  emitted T:2176  t=8  tag=P2
5823ms  emitted T:2177  t=9  tag=P2
5823ms  emitted T:2178  t=9  tag=P2
5824ms  emitted T:2179  t=8  tag=P2
5824ms  emitted T:2180  t=7  tag=P2
5824ms  emitted T:2181  t=7  tag=P2
5825ms  emitted T:2182  t=6  tag=P2
5825ms  emitted T:2183  t=11  tag=P2
5825ms  emitted T:2184  t=10  tag=P2
5827ms  emitted T:2190  t=12  tag=P2
5828ms  emitted T:2191  t=12  tag=P2
5828ms  emitted T:2193  t=12  tag=P2
5829ms  emitted T:2195  t=12  tag=P2
5830ms  emitted T:2198  t=12  tag=P2
5830ms  emitted T:2199  t=12  tag=P2
5830ms  TOM progress 2200/10723
5831ms  emitted T:2201  t=12  tag=P2
5833ms  emitted T:2209  t=10  tag=P2
5833ms  emitted T:2210  t=12  tag=P2
5833ms  emitted T:2211  t=10  tag=P2
5834ms  emitted T:2212  t=9  tag=P2
5834ms  emitted T:2213  t=9  tag=P2
5834ms  emitted T:2214  t=11  tag=P2
5835ms  emitted T:2215  t=11  tag=P2
5835ms  emitted T:2216  t=9  tag=P2
5835ms  emitted T:2217  t=10  tag=P2
5835ms  emitted T:2218  t=11  tag=P2
5836ms  emitted T:2219  t=10  tag=P2
5836ms  emitted T:2220  t=9  tag=P2
5836ms  emitted T:2221  t=9  tag=P2
5836ms  emitted T:2222  t=8  tag=P2
5838ms  emitted T:2225  t=8  tag=P2
5838ms  emitted T:2226  t=10  tag=P2
5838ms  emitted T:2227  t=7  tag=P2
5839ms  emitted T:2228  t=9  tag=P2
5839ms  emitted T:2229  t=9  tag=P2
5839ms  emitted T:2230  t=8  tag=P2
5839ms  emitted T:2231  t=8  tag=P2
5840ms  emitted T:2232  t=8  tag=P2
5840ms  emitted T:2233  t=7  tag=P2
5840ms  emitted T:2234  t=8  tag=P2
5841ms  emitted T:2235  t=7  tag=P2
5841ms  emitted T:2236  t=9  tag=P2
5841ms  emitted T:2237  t=9  tag=P2
5841ms  emitted T:2238  t=8  tag=P2
5842ms  emitted T:2239  t=8  tag=P2
5842ms  emitted T:2240  t=8  tag=P2
5842ms  emitted T:2241  t=8  tag=P2
5842ms  emitted T:2242  t=9  tag=P2
5847ms  emitted T:2257  t=12  tag=P2
5847ms  emitted T:2258  t=12  tag=P2
5848ms  emitted T:2260  t=12  tag=P2
5848ms  emitted T:2261  t=12  tag=P2
5849ms  emitted T:2262  t=12  tag=P2
5850ms  emitted T:2266  t=12  tag=P2
5850ms  emitted T:2267  t=12  tag=P2
5851ms  emitted T:2269  t=12  tag=P2
5851ms  emitted T:2271  t=12  tag=P2
5852ms  emitted T:2273  t=12  tag=P2
5852ms  emitted T:2274  t=12  tag=P2
5853ms  emitted T:2276  t=12  tag=P2
5853ms  emitted T:2277  t=12  tag=P2
5853ms  emitted T:2279  t=12  tag=P2
5854ms  emitted T:2283  t=12  tag=P2
5855ms  emitted T:2286  t=12  tag=P2
5857ms  emitted T:2291  t=12  tag=P2
5857ms  emitted T:2292  t=12  tag=P2
5857ms  emitted T:2293  t=12  tag=P2
5858ms  emitted T:2295  t=12  tag=P2
5859ms  emitted T:2299  t=11  tag=P2
5860ms  emitted T:2300  t=12  tag=P2
5860ms  emitted T:2301  t=10  tag=P2
5860ms  emitted T:2302  t=11  tag=P2
5860ms  emitted T:2303  t=10  tag=P2
5861ms  emitted T:2304  t=11  tag=P2
5861ms  emitted T:2305  t=10  tag=P2
5861ms  emitted T:2306  t=11  tag=P2
5862ms  emitted T:2307  t=10  tag=P2
5862ms  emitted T:2308  t=11  tag=P2
5862ms  emitted T:2309  t=9  tag=P2
5862ms  emitted T:2310  t=11  tag=P2
5863ms  emitted T:2311  t=11  tag=P2
5863ms  emitted T:2312  t=11  tag=P2
5863ms  emitted T:2313  t=10  tag=P2
5864ms  emitted T:2314  t=10  tag=P2
5864ms  emitted T:2315  t=12  tag=P2
5864ms  emitted T:2316  t=9  tag=P2
5865ms  emitted T:2317  t=11  tag=P2
5865ms  emitted T:2318  t=11  tag=P2
5865ms  emitted T:2319  t=11  tag=P2
5866ms  emitted T:2320  t=10  tag=P2
5867ms  emitted T:2321  t=10  tag=P2
5867ms  emitted T:2322  t=10  tag=P2
5867ms  emitted T:2323  t=10  tag=P2
5867ms  emitted T:2324  t=11  tag=P2
5868ms  emitted T:2325  t=10  tag=P2
5868ms  emitted T:2326  t=9  tag=P2
5872ms  emitted T:2341  t=7  tag=P2
5873ms  emitted T:2342  t=7  tag=P2
5873ms  emitted T:2343  t=9  tag=P2
5873ms  emitted T:2344  t=9  tag=P2
5874ms  emitted T:2345  t=10  tag=P2
5874ms  emitted T:2346  t=9  tag=P2
5874ms  emitted T:2347  t=10  tag=P2
5874ms  emitted T:2348  t=10  tag=P2
5875ms  emitted T:2349  t=10  tag=P2
5875ms  emitted T:2350  t=10  tag=P2
5875ms  emitted T:2351  t=10  tag=P2
5876ms  emitted T:2352  t=7  tag=P2
5876ms  emitted T:2353  t=7  tag=P2
5876ms  emitted T:2355  t=9  tag=P2
5877ms  emitted T:2356  t=11  tag=P2
5877ms  emitted T:2357  t=9  tag=P2
5877ms  emitted T:2358  t=9  tag=P2
5878ms  emitted T:2359  t=9  tag=P2
5878ms  emitted T:2360  t=8  tag=P2
5878ms  emitted T:2361  t=6  tag=P2
5878ms  emitted T:2362  t=6  tag=P2
5879ms  emitted T:2363  t=8  tag=P2
5879ms  emitted T:2364  t=8  tag=P2
5879ms  emitted T:2365  t=6  tag=P2
5879ms  emitted T:2366  t=7  tag=P2
5880ms  emitted T:2367  t=6  tag=P2
5880ms  emitted T:2368  t=11  tag=P2
5880ms  emitted T:2369  t=10  tag=P2
5881ms  emitted T:2370  t=10  tag=P2
5881ms  emitted T:2372  t=11  tag=P2
5882ms  emitted T:2373  t=9  tag=P2
5882ms  emitted T:2374  t=9  tag=P2
5882ms  emitted T:2375  t=8  tag=P2
5883ms  emitted T:2376  t=9  tag=P2
5883ms  emitted T:2377  t=9  tag=P2
5883ms  emitted T:2378  t=8  tag=P2
5884ms  emitted T:2379  t=9  tag=P2
5884ms  emitted T:2380  t=8  tag=P2
5884ms  emitted T:2381  t=9  tag=P2
5884ms  emitted T:2382  t=8  tag=P2
5885ms  emitted T:2383  t=8  tag=P2
5885ms  emitted T:2384  t=8  tag=P2
5885ms  emitted T:2385  t=9  tag=P2
5886ms  emitted T:2386  t=9  tag=P2
5886ms  emitted T:2387  t=8  tag=P2
5886ms  emitted T:2388  t=8  tag=P2
5887ms  emitted T:2389  t=8  tag=P2
5887ms  emitted T:2390  t=7  tag=P2
5888ms  emitted T:2391  t=8  tag=P2
5888ms  emitted T:2392  t=7  tag=P2
5888ms  emitted T:2393  t=7  tag=P2
5889ms  emitted T:2394  t=8  tag=P2
5889ms  emitted T:2395  t=7  tag=P2
5889ms  emitted T:2396  t=7  tag=P2
5890ms  emitted T:2397  t=6  tag=P2
5890ms  emitted T:2398  t=8  tag=P2
5890ms  emitted T:2399  t=10  tag=P2
5890ms  emitted T:2400  t=10  tag=P2
5890ms  TOM progress 2400/10723
5891ms  emitted T:2401  t=11  tag=P2
5891ms  emitted T:2402  t=10  tag=P2
5891ms  emitted T:2403  t=10  tag=P2
5894ms  emitted T:2413  t=12  tag=P2
5895ms  emitted T:2417  t=12  tag=P2
5896ms  emitted T:2418  t=12  tag=P2
5896ms  emitted T:2419  t=12  tag=P2
5896ms  emitted T:2420  t=12  tag=P2
5896ms  emitted T:2421  t=12  tag=P2
5897ms  emitted T:2422  t=12  tag=P2
5897ms  emitted T:2423  t=12  tag=P2
5898ms  emitted T:2425  t=12  tag=P2
5899ms  emitted T:2429  t=12  tag=P2
5900ms  emitted T:2433  t=9  tag=P2
5900ms  emitted T:2434  t=7  tag=P2
5900ms  emitted T:2435  t=9  tag=P2
5901ms  emitted T:2436  t=9  tag=P2
5901ms  emitted T:2437  t=7  tag=P2
5901ms  emitted T:2438  t=7  tag=P2
5902ms  emitted T:2439  t=8  tag=P2
5902ms  emitted T:2440  t=8  tag=P2
5902ms  emitted T:2441  t=8  tag=P2
5902ms  emitted T:2442  t=8  tag=P2
5903ms  emitted T:2443  t=8  tag=P2
5903ms  emitted T:2444  t=10  tag=P2
5903ms  emitted T:2445  t=10  tag=P2
5904ms  emitted T:2446  t=10  tag=P2
5904ms  emitted T:2447  t=12  tag=P2
5904ms  emitted T:2448  t=11  tag=P2
5904ms  emitted T:2449  t=11  tag=P2
5905ms  emitted T:2450  t=10  tag=P2
5905ms  emitted T:2451  t=11  tag=P2
5905ms  emitted T:2452  t=11  tag=P2
5906ms  emitted T:2453  t=10  tag=P2
5906ms  emitted T:2454  t=12  tag=P2
5906ms  emitted T:2455  t=10  tag=P2
5906ms  emitted T:2456  t=9  tag=P2
5907ms  emitted T:2457  t=10  tag=P2
5908ms  emitted T:2458  t=11  tag=P2
5910ms  emitted T:2466  t=10  tag=P2
5911ms  emitted T:2467  t=9  tag=P2
5911ms  emitted T:2468  t=12  tag=P2
5911ms  emitted T:2469  t=10  tag=P2
5911ms  emitted T:2470  t=10  tag=P2
5912ms  emitted T:2471  t=10  tag=P2
5912ms  emitted T:2472  t=10  tag=P2
5912ms  emitted T:2473  t=10  tag=P2
5913ms  emitted T:2475  t=12  tag=P2
5913ms  emitted T:2476  t=12  tag=P2
5913ms  emitted T:2477  t=12  tag=P2
5914ms  emitted T:2478  t=9  tag=P2
5914ms  emitted T:2479  t=11  tag=P2
5914ms  emitted T:2480  t=11  tag=P2
5914ms  emitted T:2481  t=11  tag=P2
5915ms  emitted T:2482  t=11  tag=P2
5915ms  emitted T:2483  t=10  tag=P2
5915ms  emitted T:2484  t=10  tag=P2
5916ms  emitted T:2485  t=11  tag=P2
5916ms  emitted T:2486  t=11  tag=P2
5917ms  emitted T:2487  t=10  tag=P2
5917ms  emitted T:2488  t=10  tag=P2
5917ms  emitted T:2489  t=11  tag=P2
5918ms  emitted T:2491  t=10  tag=P2
5918ms  emitted T:2492  t=11  tag=P2
5919ms  emitted T:2494  t=12  tag=P2
5920ms  emitted T:2497  t=12  tag=P2
5920ms  emitted T:2498  t=12  tag=P2
5921ms  emitted T:2501  t=12  tag=P2
5921ms  emitted T:2502  t=12  tag=P2
5922ms  emitted T:2504  t=12  tag=P2
5922ms  emitted T:2505  t=12  tag=P2
5923ms  emitted T:2506  t=12  tag=P2
5923ms  emitted T:2507  t=12  tag=P2
5926ms  emitted T:2517  t=12  tag=P2
5926ms  emitted T:2518  t=12  tag=P2
5929ms  emitted T:2524  t=9  tag=P2
5929ms  emitted T:2525  t=8  tag=P2
5929ms  emitted T:2526  t=9  tag=P2
5930ms  emitted T:2527  t=9  tag=P2
5930ms  emitted T:2528  t=9  tag=P2
5930ms  emitted T:2529  t=8  tag=P2
5930ms  emitted T:2530  t=8  tag=P2
5931ms  emitted T:2531  t=8  tag=P2
5931ms  emitted T:2532  t=8  tag=P2
5931ms  emitted T:2533  t=8  tag=P2
5931ms  emitted T:2534  t=8  tag=P2
5932ms  emitted T:2535  t=8  tag=P2
5932ms  emitted T:2536  t=7  tag=P2
5932ms  emitted T:2537  t=10  tag=P2
5933ms  emitted T:2538  t=9  tag=P2
5933ms  emitted T:2539  t=9  tag=P2
5933ms  emitted T:2540  t=10  tag=P2
5933ms  emitted T:2541  t=9  tag=P2
5935ms  emitted T:2547  t=11  tag=P2
5935ms  emitted T:2548  t=8  tag=P2
5935ms  emitted T:2549  t=7  tag=P2
5936ms  emitted T:2550  t=8  tag=P2
5936ms  emitted T:2551  t=7  tag=P2
5936ms  emitted T:2552  t=8  tag=P2
5937ms  emitted T:2553  t=9  tag=P2
5937ms  emitted T:2554  t=9  tag=P2
5937ms  emitted T:2555  t=8  tag=P2
5938ms  emitted T:2556  t=9  tag=P2
5938ms  emitted T:2557  t=8  tag=P2
5938ms  emitted T:2558  t=10  tag=P2
5939ms  emitted T:2559  t=10  tag=P2
5939ms  emitted T:2560  t=9  tag=P2
5939ms  emitted T:2561  t=9  tag=P2
5939ms  emitted T:2562  t=9  tag=P2
5940ms  emitted T:2563  t=9  tag=P2
5940ms  emitted T:2564  t=9  tag=P2
5940ms  emitted T:2565  t=10  tag=P2
5941ms  emitted T:2566  t=9  tag=P2
5941ms  emitted T:2567  t=9  tag=P2
5941ms  emitted T:2568  t=9  tag=P2
5941ms  emitted T:2569  t=10  tag=P2
5942ms  emitted T:2570  t=9  tag=P2
5942ms  emitted T:2571  t=8  tag=P2
5942ms  emitted T:2572  t=8  tag=P2
5943ms  emitted T:2573  t=9  tag=P2
5943ms  emitted T:2574  t=8  tag=P2
5943ms  emitted T:2575  t=11  tag=P2
5943ms  emitted T:2576  t=7  tag=P2
5944ms  emitted T:2577  t=8  tag=P2
5944ms  emitted T:2578  t=7  tag=P2
5944ms  emitted T:2579  t=8  tag=P2
5945ms  emitted T:2580  t=7  tag=P2
5945ms  emitted T:2581  t=7  tag=P2
5945ms  emitted T:2582  t=7  tag=P2
5945ms  emitted T:2583  t=7  tag=P2
5946ms  emitted T:2584  t=8  tag=P2
5946ms  emitted T:2585  t=7  tag=P2
5946ms  emitted T:2586  t=7  tag=P2
5947ms  emitted T:2587  t=8  tag=P2
5947ms  emitted T:2588  t=7  tag=P2
5947ms  emitted T:2589  t=8  tag=P2
5947ms  emitted T:2590  t=8  tag=P2
5948ms  emitted T:2591  t=7  tag=P2
5949ms  emitted T:2592  t=9  tag=P2
5949ms  emitted T:2593  t=8  tag=P2
5949ms  emitted T:2594  t=9  tag=P2
5949ms  emitted T:2595  t=9  tag=P2
5950ms  emitted T:2596  t=9  tag=P2
5950ms  emitted T:2597  t=10  tag=P2
5950ms  emitted T:2598  t=10  tag=P2
5950ms  emitted T:2599  t=9  tag=P2
5951ms  emitted T:2600  t=9  tag=P2
5951ms  TOM progress 2600/10723
5951ms  emitted T:2601  t=11  tag=P2
5951ms  emitted T:2602  t=8  tag=P2
5952ms  emitted T:2603  t=8  tag=P2
5952ms  emitted T:2604  t=8  tag=P2
5952ms  emitted T:2605  t=7  tag=P2
5953ms  emitted T:2606  t=7  tag=P2
5953ms  emitted T:2607  t=7  tag=P2
5953ms  emitted T:2608  t=7  tag=P2
5953ms  emitted T:2609  t=8  tag=P2
5954ms  emitted T:2610  t=7  tag=P2
5954ms  emitted T:2611  t=7  tag=P2
5954ms  emitted T:2612  t=8  tag=P2
5954ms  emitted T:2613  t=7  tag=P2
5955ms  emitted T:2614  t=7  tag=P2
5955ms  emitted T:2615  t=6  tag=P2
5955ms  emitted T:2616  t=7  tag=P2
5955ms  emitted T:2617  t=7  tag=P2
5956ms  emitted T:2618  t=8  tag=P2
5956ms  emitted T:2619  t=6  tag=P2
5956ms  emitted T:2620  t=7  tag=P2
5957ms  emitted T:2621  t=7  tag=P2
5957ms  emitted T:2622  t=8  tag=P2
5957ms  emitted T:2623  t=8  tag=P2
5957ms  emitted T:2624  t=9  tag=P2
5958ms  emitted T:2625  t=8  tag=P2
5958ms  emitted T:2626  t=9  tag=P2
5958ms  emitted T:2627  t=8  tag=P2
5958ms  emitted T:2628  t=8  tag=P2
5959ms  emitted T:2629  t=10  tag=P2
5959ms  emitted T:2630  t=8  tag=P2
5960ms  emitted T:2631  t=6  tag=P2
5960ms  emitted T:2632  t=7  tag=P2
5960ms  emitted T:2633  t=7  tag=P2
5961ms  emitted T:2634  t=7  tag=P2
5961ms  emitted T:2635  t=6  tag=P2
5961ms  emitted T:2636  t=6  tag=P2
5961ms  emitted T:2637  t=7  tag=P2
5962ms  emitted T:2638  t=6  tag=P2
5962ms  emitted T:2639  t=7  tag=P2
5962ms  emitted T:2640  t=6  tag=P2
5963ms  emitted T:2641  t=6  tag=P2
5963ms  emitted T:2642  t=6  tag=P2
5964ms  emitted T:2643  t=6  tag=0
5989ms  emitted T:2652  t=12  tag=2
6010ms  emitted T:2654  t=12  tag=2
6035ms  emitted T:2662  t=9  tag=2
6061ms  emitted T:2663  t=8  tag=2
6086ms  emitted T:2664  t=9  tag=2
6110ms  emitted T:2665  t=8  tag=2
6136ms  emitted T:2666  t=7  tag=2
6161ms  emitted T:2667  t=7  tag=2
6184ms  emitted T:2668  t=7  tag=2
6210ms  emitted T:2669  t=7  tag=2
6237ms  emitted T:2670  t=7  tag=2
6300ms  emitted T:2671  t=6  tag=2
6333ms  emitted T:2684  t=12  tag=2
6362ms  emitted T:2685  t=12  tag=2
6382ms  emitted T:2686  t=11  tag=2
6403ms  emitted T:2690  t=9  tag=2
6428ms  emitted T:2691  t=12  tag=2
6452ms  emitted T:2693  t=12  tag=2
6475ms  emitted T:2694  t=11  tag=2
6500ms  emitted T:2695  t=11  tag=2
6522ms  emitted T:2696  t=11  tag=2
6547ms  emitted T:2697  t=12  tag=2
6572ms  emitted T:2698  t=11  tag=2
6595ms  emitted T:2699  t=12  tag=2
6613ms  emitted T:2700  t=11  tag=2
6638ms  emitted T:2701  t=10  tag=2
6661ms  emitted T:2702  t=10  tag=2
6683ms  emitted T:2704  t=6  tag=2
6706ms  emitted T:2705  t=10  tag=2
6731ms  emitted T:2706  t=11  tag=2
6754ms  emitted T:2707  t=9  tag=2
6778ms  emitted T:2708  t=9  tag=2
6803ms  emitted T:2709  t=9  tag=2
6826ms  emitted T:2710  t=9  tag=2
6849ms  emitted T:2711  t=7  tag=2
6873ms  emitted T:2712  t=8  tag=2
6897ms  emitted T:2713  t=12  tag=2
6918ms  emitted T:2715  t=7  tag=2
6938ms  emitted T:2716  t=7  tag=2
6961ms  emitted T:2720  t=6  tag=2
6967ms  emitted T:2725  t=8  tag=0
6973ms  emitted T:2726  t=11  tag=0
6980ms  emitted T:2727  t=11  tag=0
6986ms  emitted T:2728  t=5  tag=0
6992ms  emitted T:2729  t=6  tag=0
6998ms  emitted T:2730  t=7  tag=0
7003ms  emitted T:2731  t=6  tag=0
7019ms  emitted T:2737  t=9  tag=3
7032ms  emitted T:2738  t=7  tag=3
7045ms  emitted T:2739  t=9  tag=3
7058ms  emitted T:2740  t=10  tag=3
7070ms  emitted T:2741  t=3  tag=3
7096ms  emitted T:2754  t=8  tag=2
7120ms  emitted T:2755  t=12  tag=2
7143ms  emitted T:2756  t=12  tag=2
7168ms  emitted T:2757  t=11  tag=2
7192ms  emitted T:2758  t=11  tag=2
7217ms  emitted T:2760  t=8  tag=2
7241ms  emitted T:2761  t=7  tag=2
7300ms  emitted T:2762  t=8  tag=2
7320ms  emitted T:2765  t=9  tag=2
7341ms  emitted T:2766  t=8  tag=2
7365ms  emitted T:2767  t=9  tag=2
7383ms  emitted T:2773  t=7  tag=2+3
7405ms  emitted T:2774  t=11  tag=2+3
7432ms  emitted T:2784  t=12  tag=2
7455ms  emitted T:2785  t=12  tag=2
7478ms  emitted T:2793  t=12  tag=2
7503ms  emitted T:2794  t=11  tag=2
7526ms  emitted T:2796  t=12  tag=2
7555ms  emitted T:2799  t=12  tag=2
7579ms  emitted T:2800  t=10  tag=2
7579ms  TOM progress 2800/10723
7608ms  emitted T:2801  t=12  tag=2
7637ms  emitted T:2802  t=11  tag=2
7665ms  emitted T:2803  t=11  tag=2
7695ms  emitted T:2804  t=12  tag=2
7723ms  emitted T:2805  t=11  tag=2
7753ms  emitted T:2806  t=11  tag=2
7783ms  emitted T:2807  t=11  tag=2
7807ms  emitted T:2808  t=10  tag=2
7836ms  emitted T:2811  t=10  tag=2
7863ms  emitted T:2812  t=10  tag=2
7892ms  emitted T:2813  t=9  tag=2
7920ms  emitted T:2814  t=9  tag=2
7947ms  emitted T:2817  t=8  tag=2
7977ms  emitted T:2818  t=6  tag=2
8006ms  emitted T:2819  t=8  tag=2
8038ms  emitted T:2820  t=7  tag=2
8100ms  emitted T:2821  t=7  tag=2
8124ms  emitted T:2822  t=6  tag=2
8148ms  emitted T:2823  t=5  tag=2
8175ms  emitted T:2824  t=7  tag=2
8180ms  emitted T:2825  t=12  tag=0
8192ms  emitted T:2828  t=12  tag=0
8200ms  emitted T:2830  t=11  tag=0
8207ms  emitted T:2831  t=11  tag=0
8215ms  emitted T:2832  t=12  tag=0
8224ms  emitted T:2833  t=4  tag=0
8240ms  emitted T:2834  t=8  tag=2
8264ms  emitted T:2846  t=12  tag=2
8286ms  emitted T:2847  t=11  tag=2
8305ms  emitted T:2848  t=12  tag=2
8331ms  emitted T:2849  t=10  tag=2
8352ms  emitted T:2850  t=10  tag=2
8376ms  emitted T:2851  t=6  tag=2
8399ms  emitted T:2852  t=5  tag=2
8420ms  emitted T:2853  t=5  tag=2
8441ms  emitted T:2854  t=6  tag=2
8462ms  emitted T:2855  t=6  tag=2
8484ms  emitted T:2856  t=7  tag=2
8528ms  emitted T:2858  t=12  tag=2
8568ms  emitted T:2859  t=12  tag=2
8614ms  emitted T:2861  t=12  tag=2
8656ms  emitted T:2868  t=7  tag=2
8675ms  emitted T:2871  t=11  tag=2
8693ms  emitted T:2872  t=12  tag=2
8711ms  emitted T:2873  t=11  tag=2
8729ms  emitted T:2874  t=11  tag=2
8748ms  emitted T:2875  t=11  tag=2
8766ms  emitted T:2876  t=12  tag=2
8772ms  emitted T:2878  t=11  tag=0
8777ms  emitted T:2879  t=11  tag=0
8782ms  emitted T:2880  t=12  tag=0
8805ms  emitted T:2882  t=11  tag=2
8826ms  emitted T:2883  t=11  tag=2
8849ms  emitted T:2884  t=12  tag=2
8855ms  emitted T:2885  t=12  tag=0
8874ms  emitted T:2888  t=12  tag=2
8926ms  emitted T:2889  t=11  tag=2
8941ms  emitted T:2890  t=11  tag=2
8946ms  emitted T:2891  t=11  tag=0
8967ms  emitted T:2892  t=11  tag=2
8971ms  emitted T:2894  t=12  tag=0
8975ms  emitted T:2895  t=10  tag=0
8979ms  emitted T:2896  t=6  tag=0
8983ms  emitted T:2897  t=8  tag=0
8991ms  emitted T:2898  t=10  tag=2
8997ms  emitted T:2899  t=8  tag=2
9001ms  emitted T:2900  t=10  tag=0
9005ms  emitted T:2901  t=8  tag=0
9011ms  emitted T:2902  t=10  tag=0
9018ms  emitted T:2903  t=8  tag=0
9021ms  emitted T:2904  t=8  tag=0
9026ms  emitted T:2905  t=12  tag=0
9031ms  emitted T:2906  t=10  tag=0
9037ms  emitted T:2907  t=6  tag=0
9040ms  emitted T:2908  t=10  tag=0
9067ms  emitted T:2933  t=12  tag=2
9088ms  emitted T:2934  t=12  tag=2
9109ms  emitted T:2935  t=11  tag=2
9128ms  emitted T:2936  t=12  tag=2
9150ms  emitted T:2937  t=12  tag=2
9173ms  emitted T:2938  t=12  tag=2
9194ms  emitted T:2939  t=12  tag=2
9213ms  emitted T:2940  t=12  tag=2
9234ms  emitted T:2941  t=12  tag=2
9256ms  emitted T:2942  t=12  tag=2
9279ms  emitted T:2943  t=12  tag=2
9302ms  emitted T:2944  t=12  tag=2
9323ms  emitted T:2945  t=12  tag=2
9345ms  emitted T:2946  t=11  tag=2
9367ms  emitted T:2947  t=11  tag=2
9391ms  emitted T:2956  t=11  tag=2
9411ms  emitted T:2957  t=12  tag=2
9433ms  emitted T:2959  t=11  tag=2
9454ms  emitted T:2961  t=9  tag=2
9482ms  emitted T:2978  t=11  tag=2
9505ms  emitted T:2979  t=11  tag=2
9529ms  emitted T:2980  t=11  tag=2
9550ms  emitted T:2981  t=10  tag=2
9570ms  emitted T:2982  t=9  tag=2
9595ms  emitted T:2983  t=10  tag=2
9619ms  emitted T:2984  t=10  tag=2
9643ms  emitted T:2985  t=10  tag=2
9667ms  emitted T:2986  t=10  tag=2
9690ms  emitted T:2987  t=10  tag=2
9715ms  emitted T:2988  t=10  tag=2
9774ms  emitted T:2989  t=10  tag=2
9794ms  emitted T:2990  t=9  tag=2
9816ms  emitted T:2991  t=7  tag=2
9837ms  emitted T:2992  t=7  tag=2
9858ms  emitted T:2993  t=7  tag=2
9881ms  emitted T:2994  t=8  tag=2
9900ms  emitted T:2995  t=9  tag=2
9923ms  emitted T:2996  t=8  tag=2
9945ms  emitted T:2997  t=7  tag=2
9964ms  emitted T:2998  t=8  tag=2
9986ms  emitted T:2999  t=9  tag=2
10007ms  emitted T:3000  t=9  tag=2
10007ms  TOM progress 3000/10723
10028ms  emitted T:3001  t=11  tag=2
10047ms  emitted T:3002  t=8  tag=2
10070ms  emitted T:3003  t=9  tag=2
10089ms  emitted T:3004  t=9  tag=2
10111ms  emitted T:3005  t=8  tag=2
10133ms  emitted T:3006  t=9  tag=2
10153ms  emitted T:3007  t=9  tag=2
10173ms  emitted T:3008  t=8  tag=2
10194ms  emitted T:3009  t=8  tag=2
10214ms  emitted T:3010  t=6  tag=2
10233ms  emitted T:3011  t=9  tag=2
10253ms  emitted T:3012  t=6  tag=2
10273ms  emitted T:3013  t=7  tag=2
10294ms  emitted T:3014  t=7  tag=2
10317ms  emitted T:3015  t=7  tag=2
10336ms  emitted T:3016  t=6  tag=2
10359ms  emitted T:3017  t=7  tag=2
10381ms  emitted T:3018  t=7  tag=2
10400ms  emitted T:3019  t=6  tag=2
10420ms  emitted T:3022  t=6  tag=2
10441ms  emitted T:3023  t=5  tag=2
10462ms  emitted T:3024  t=5  tag=2
10483ms  emitted T:3025  t=4  tag=2
10506ms  emitted T:3029  t=11  tag=2
10529ms  emitted T:3030  t=10  tag=2
10552ms  emitted T:3031  t=11  tag=2
10575ms  emitted T:3032  t=10  tag=2
10629ms  emitted T:3033  t=10  tag=2
10648ms  emitted T:3034  t=11  tag=2
10667ms  emitted T:3035  t=11  tag=2
10687ms  emitted T:3036  t=11  tag=2
10707ms  emitted T:3037  t=11  tag=2
10728ms  emitted T:3038  t=11  tag=2
10748ms  emitted T:3039  t=11  tag=2
10768ms  emitted T:3040  t=10  tag=2
10788ms  emitted T:3041  t=7  tag=2
10797ms  emitted T:3045  t=9  tag=0
10807ms  emitted T:3050  t=11  tag=0
10817ms  emitted T:3052  t=12  tag=0
10825ms  emitted T:3053  t=12  tag=0
10833ms  emitted T:3054  t=12  tag=0
10842ms  emitted T:3055  t=12  tag=0
10849ms  emitted T:3056  t=11  tag=0
10856ms  emitted T:3059  t=11  tag=0
10864ms  emitted T:3060  t=11  tag=0
10875ms  emitted T:3061  t=11  tag=0
10883ms  emitted T:3064  t=11  tag=0
10892ms  emitted T:3069  t=10  tag=0
10902ms  emitted T:3070  t=10  tag=0
10911ms  emitted T:3071  t=10  tag=0
10918ms  emitted T:3072  t=8  tag=0
10928ms  emitted T:3073  t=7  tag=0
10935ms  emitted T:3076  t=8  tag=0
10943ms  emitted T:3077  t=8  tag=0
10953ms  emitted T:3078  t=9  tag=0
10961ms  emitted T:3079  t=9  tag=0
10968ms  emitted T:3080  t=8  tag=0
10978ms  emitted T:3081  t=7  tag=0
10985ms  emitted T:3082  t=4  tag=0
10992ms  emitted T:3083  t=5  tag=0
11000ms  emitted T:3084  t=12  tag=0
11009ms  emitted T:3085  t=10  tag=0
11015ms  emitted T:3087  t=7  tag=0
11021ms  emitted T:3088  t=4  tag=0
11026ms  emitted T:3089  t=9  tag=0
11033ms  emitted T:3090  t=9  tag=0
11038ms  emitted T:3091  t=7  tag=0
11043ms  emitted T:3092  t=6  tag=0
11274ms  emitted T:3093  t=11  tag=2
11495ms  emitted T:3102  t=11  tag=2
11751ms  emitted T:3103  t=10  tag=2
11954ms  emitted T:3104  t=11  tag=2
12150ms  emitted T:3105  t=10  tag=2
12392ms  emitted T:3106  t=10  tag=2
12588ms  emitted T:3107  t=10  tag=2
12791ms  emitted T:3108  t=11  tag=2
13013ms  emitted T:3109  t=10  tag=2
13277ms  emitted T:3110  t=10  tag=2
13485ms  emitted T:3111  t=11  tag=2
13695ms  emitted T:3112  t=10  tag=2
13912ms  emitted T:3115  t=12  tag=2
14180ms  emitted T:3116  t=12  tag=2
14388ms  emitted T:3117  t=12  tag=2
14601ms  emitted T:3118  t=12  tag=2
14818ms  emitted T:3119  t=12  tag=2
15059ms  emitted T:3120  t=12  tag=2
15253ms  emitted T:3123  t=12  tag=2
15463ms  emitted T:3124  t=12  tag=2
15671ms  emitted T:3125  t=12  tag=2
15929ms  emitted T:3137  t=12  tag=2
15948ms  emitted T:3144  t=10  tag=0
15963ms  emitted T:3145  t=12  tag=0
16030ms  emitted T:3154  t=12  tag=2
16096ms  emitted T:3155  t=11  tag=2
16158ms  emitted T:3156  t=11  tag=2
16225ms  emitted T:3157  t=12  tag=2
16295ms  emitted T:3158  t=11  tag=2
16364ms  emitted T:3159  t=11  tag=2
16432ms  emitted T:3160  t=11  tag=2
16497ms  emitted T:3161  t=10  tag=2
16565ms  emitted T:3162  t=10  tag=2
16635ms  emitted T:3163  t=10  tag=2
16733ms  emitted T:3164  t=11  tag=2
16793ms  emitted T:3165  t=10  tag=2
16853ms  emitted T:3166  t=11  tag=2
16916ms  emitted T:3167  t=10  tag=2
16977ms  emitted T:3168  t=9  tag=2
17039ms  emitted T:3169  t=9  tag=2
17105ms  emitted T:3170  t=9  tag=2
17169ms  emitted T:3171  t=9  tag=2
17234ms  emitted T:3172  t=9  tag=2
17299ms  emitted T:3173  t=10  tag=2
17367ms  emitted T:3174  t=10  tag=2
17472ms  emitted T:3175  t=9  tag=2
17536ms  emitted T:3176  t=9  tag=2
17596ms  emitted T:3177  t=10  tag=2
17660ms  emitted T:3178  t=9  tag=2
17723ms  emitted T:3179  t=9  tag=2
17786ms  emitted T:3180  t=12  tag=2
17849ms  emitted T:3181  t=10  tag=2
17917ms  emitted T:3182  t=9  tag=2
17986ms  emitted T:3183  t=9  tag=2
18054ms  emitted T:3184  t=9  tag=2
18124ms  emitted T:3185  t=10  tag=2
18188ms  emitted T:3186  t=9  tag=2
18290ms  emitted T:3187  t=9  tag=2
18349ms  emitted T:3188  t=9  tag=2
18416ms  emitted T:3189  t=10  tag=2
18480ms  emitted T:3190  t=10  tag=2
18545ms  emitted T:3191  t=9  tag=2
18612ms  emitted T:3192  t=9  tag=2
18682ms  emitted T:3193  t=10  tag=2
18749ms  emitted T:3194  t=10  tag=2
18820ms  emitted T:3195  t=9  tag=2
18891ms  emitted T:3196  t=10  tag=2
18964ms  emitted T:3197  t=10  tag=2
19035ms  emitted T:3198  t=9  tag=2
19146ms  emitted T:3199  t=9  tag=2
19211ms  emitted T:3200  t=9  tag=2
19211ms  TOM progress 3200/10723
19276ms  emitted T:3201  t=10  tag=2
19343ms  emitted T:3202  t=10  tag=2
19412ms  emitted T:3203  t=10  tag=2
19479ms  emitted T:3204  t=10  tag=2
19542ms  emitted T:3205  t=9  tag=2
19611ms  emitted T:3206  t=10  tag=2
19679ms  emitted T:3207  t=9  tag=2
19747ms  emitted T:3208  t=9  tag=2
19814ms  emitted T:3209  t=9  tag=2
19894ms  emitted T:3238  t=10  tag=2
20003ms  emitted T:3239  t=9  tag=2
20073ms  emitted T:3240  t=9  tag=2
20140ms  emitted T:3241  t=12  tag=2
20211ms  emitted T:3244  t=12  tag=2
20275ms  emitted T:3245  t=12  tag=2
20345ms  emitted T:3247  t=12  tag=2
20412ms  emitted T:3248  t=12  tag=2
20480ms  emitted T:3249  t=12  tag=2
20550ms  emitted T:3251  t=11  tag=2
20614ms  emitted T:3252  t=12  tag=2
20678ms  emitted T:3254  t=12  tag=2
20741ms  emitted T:3255  t=12  tag=2
20842ms  emitted T:3256  t=12  tag=2
20902ms  emitted T:3257  t=12  tag=2
20960ms  emitted T:3258  t=12  tag=2
21018ms  emitted T:3260  t=5  tag=2
21026ms  emitted T:3263  t=11  tag=0
21032ms  emitted T:3264  t=8  tag=0
21041ms  emitted T:3265  t=9  tag=0
21049ms  emitted T:3266  t=9  tag=0
21055ms  emitted T:3267  t=10  tag=0
21062ms  emitted T:3268  t=10  tag=0
21071ms  emitted T:3270  t=10  tag=0
21077ms  emitted T:3271  t=7  tag=0
21083ms  emitted T:3272  t=4  tag=0
21099ms  emitted T:3275  t=11  tag=2
21111ms  emitted T:3276  t=8  tag=2
21126ms  emitted T:3277  t=9  tag=2
21139ms  emitted T:3278  t=9  tag=2
21154ms  emitted T:3279  t=10  tag=2
21166ms  emitted T:3280  t=10  tag=2
21181ms  emitted T:3282  t=7  tag=2
21196ms  emitted T:3283  t=10  tag=2
21206ms  emitted T:3284  t=5  tag=2
21219ms  emitted T:3285  t=3  tag=2
21228ms  emitted T:3286  t=12  tag=0
21240ms  emitted T:3288  t=9  tag=0
21316ms  emitted T:3289  t=12  tag=2
21389ms  emitted T:3291  t=9  tag=2
21398ms  emitted T:3292  t=12  tag=2
21409ms  emitted T:3293  t=8  tag=2
21420ms  emitted T:3294  t=9  tag=2
21432ms  emitted T:3295  t=5  tag=2
21442ms  emitted T:3296  t=6  tag=2
21510ms  emitted T:3297  t=8  tag=2
21602ms  emitted T:3298  t=12  tag=2
21735ms  emitted T:3299  t=12  tag=2
21825ms  emitted T:3301  t=12  tag=2
21908ms  emitted T:3303  t=10  tag=2
21990ms  emitted T:3304  t=9  tag=2
22074ms  emitted T:3305  t=9  tag=2
22156ms  emitted T:3306  t=10  tag=2
22238ms  emitted T:3307  t=9  tag=2
22324ms  emitted T:3308  t=10  tag=2
22410ms  emitted T:3309  t=10  tag=2
22501ms  emitted T:3310  t=9  tag=2
22616ms  emitted T:3311  t=9  tag=2
22698ms  emitted T:3312  t=9  tag=2
22785ms  emitted T:3320  t=9  tag=2
22866ms  emitted T:3321  t=11  tag=2
22968ms  emitted T:3322  t=12  tag=2
22976ms  emitted T:3323  t=11  tag=0
22984ms  emitted T:3324  t=11  tag=0
22991ms  emitted T:3325  t=12  tag=0
23000ms  emitted T:3326  t=11  tag=0
23007ms  emitted T:3327  t=11  tag=0
23015ms  emitted T:3328  t=11  tag=0
23023ms  emitted T:3329  t=12  tag=0
23031ms  emitted T:3330  t=8  tag=0
23105ms  emitted T:3331  t=11  tag=2
23180ms  emitted T:3332  t=12  tag=2
23251ms  emitted T:3333  t=12  tag=2
23320ms  emitted T:3334  t=12  tag=2
23387ms  emitted T:3336  t=10  tag=2
23490ms  emitted T:3337  t=9  tag=2
23552ms  emitted T:3338  t=10  tag=2
23613ms  emitted T:3339  t=9  tag=2
23676ms  emitted T:3340  t=9  tag=2
23739ms  emitted T:3341  t=9  tag=2
23802ms  emitted T:3342  t=9  tag=2
23866ms  emitted T:3343  t=10  tag=2
23930ms  emitted T:3344  t=10  tag=2
23998ms  emitted T:3345  t=9  tag=2
24074ms  emitted T:3354  t=9  tag=2
24140ms  emitted T:3355  t=12  tag=2
24209ms  emitted T:3356  t=11  tag=2
24243ms  emitted T:3357  t=12  tag=2
24281ms  emitted T:3358  t=11  tag=2
24348ms  emitted T:3359  t=12  tag=2
24377ms  emitted T:3360  t=11  tag=2
24410ms  emitted T:3361  t=11  tag=2
24440ms  emitted T:3362  t=8  tag=2
24451ms  emitted T:3363  t=12  tag=0
24464ms  emitted T:3364  t=11  tag=0
24473ms  emitted T:3365  t=12  tag=0
24483ms  emitted T:3366  t=12  tag=0
24498ms  emitted T:3377  t=9  tag=0
24508ms  emitted T:3378  t=9  tag=0
24520ms  emitted T:3379  t=10  tag=0
24530ms  emitted T:3380  t=9  tag=0
24542ms  emitted T:3381  t=9  tag=0
24552ms  emitted T:3382  t=9  tag=0
24561ms  emitted T:3383  t=9  tag=0
24573ms  emitted T:3384  t=10  tag=0
24584ms  emitted T:3385  t=9  tag=0
24596ms  emitted T:3386  t=10  tag=0
24605ms  emitted T:3387  t=9  tag=0
24615ms  emitted T:3388  t=11  tag=0
24684ms  emitted T:3389  t=12  tag=2
24748ms  emitted T:3390  t=12  tag=2
24818ms  emitted T:3391  t=12  tag=2
24886ms  emitted T:3392  t=12  tag=2
24951ms  emitted T:3393  t=11  tag=2
25025ms  emitted T:3394  t=12  tag=2
25095ms  emitted T:3397  t=12  tag=2
25160ms  emitted T:3398  t=10  tag=2
25236ms  emitted T:3399  t=11  tag=2
25334ms  emitted T:3400  t=10  tag=2
25334ms  TOM progress 3400/10723
25397ms  emitted T:3401  t=9  tag=2
25458ms  emitted T:3402  t=9  tag=2
25522ms  emitted T:3403  t=9  tag=2
25585ms  emitted T:3404  t=10  tag=2
25647ms  emitted T:3405  t=9  tag=2
25710ms  emitted T:3406  t=9  tag=2
25774ms  emitted T:3407  t=10  tag=2
25839ms  emitted T:3408  t=9  tag=2
25908ms  emitted T:3409  t=9  tag=2
25981ms  emitted T:3410  t=9  tag=2
26054ms  emitted T:3411  t=9  tag=2
26150ms  emitted T:3412  t=10  tag=2
26212ms  emitted T:3413  t=10  tag=2
26273ms  emitted T:3414  t=9  tag=2
26336ms  emitted T:3415  t=9  tag=2
26401ms  emitted T:3416  t=9  tag=2
26466ms  emitted T:3417  t=9  tag=2
26541ms  emitted T:3434  t=9  tag=2
26605ms  emitted T:3435  t=9  tag=2
26669ms  emitted T:3436  t=11  tag=2
26732ms  emitted T:3437  t=11  tag=2
26798ms  emitted T:3438  t=12  tag=2
26865ms  emitted T:3439  t=12  tag=2
26952ms  emitted T:3440  t=11  tag=2
26986ms  emitted T:3441  t=11  tag=2
27032ms  emitted T:3442  t=11  tag=2
27071ms  emitted T:3443  t=11  tag=2
27109ms  emitted T:3444  t=11  tag=2
27114ms  emitted T:3445  t=3  tag=0
27153ms  emitted T:3446  t=11  tag=2
27193ms  emitted T:3447  t=11  tag=2
27232ms  emitted T:3448  t=12  tag=2
27271ms  emitted T:3449  t=12  tag=2
27311ms  emitted T:3450  t=11  tag=2
27350ms  emitted T:3451  t=11  tag=2
27390ms  emitted T:3452  t=11  tag=2
27435ms  emitted T:3453  t=12  tag=2
27510ms  emitted T:3454  t=8  tag=2
27573ms  emitted T:3455  t=8  tag=2
27638ms  emitted T:3456  t=8  tag=2
27703ms  emitted T:3457  t=8  tag=2
27710ms  emitted T:3458  t=7  tag=0
27738ms  emitted T:3459  t=7  tag=2
27807ms  emitted T:3460  t=8  tag=2
27871ms  emitted T:3461  t=8  tag=2
27881ms  emitted T:3462  t=8  tag=0
27890ms  emitted T:3463  t=8  tag=0
27897ms  emitted T:3464  t=9  tag=0
27924ms  emitted T:3465  t=8  tag=2
27950ms  emitted T:3466  t=7  tag=2
27987ms  emitted T:3467  t=7  tag=2
28025ms  emitted T:3468  t=8  tag=2
28034ms  emitted T:3469  t=8  tag=0
28059ms  emitted T:3470  t=8  tag=2
28086ms  emitted T:3471  t=8  tag=2
28093ms  emitted T:3472  t=7  tag=0
28121ms  emitted T:3473  t=7  tag=2
28150ms  emitted T:3474  t=7  tag=2
28156ms  emitted T:3475  t=8  tag=0
28162ms  emitted T:3476  t=8  tag=0
28169ms  emitted T:3477  t=10  tag=0
28174ms  emitted T:3478  t=8  tag=0
28179ms  emitted T:3479  t=10  tag=0
28184ms  emitted T:3480  t=6  tag=0
28188ms  emitted T:3481  t=6  tag=0
28198ms  emitted T:3484  t=9  tag=0
28208ms  emitted T:3485  t=10  tag=0
28217ms  emitted T:3486  t=11  tag=0
28227ms  emitted T:3487  t=10  tag=0
28236ms  emitted T:3488  t=6  tag=0
28245ms  emitted T:3490  t=8  tag=0
28255ms  emitted T:3491  t=6  tag=0
28265ms  emitted T:3492  t=5  tag=0
28274ms  emitted T:3493  t=9  tag=0
28283ms  emitted T:3494  t=9  tag=0
28293ms  emitted T:3495  t=7  tag=0
28304ms  emitted T:3496  t=7  tag=0
28313ms  emitted T:3497  t=8  tag=0
28322ms  emitted T:3498  t=7  tag=0
28333ms  emitted T:3500  t=10  tag=0
28343ms  emitted T:3501  t=12  tag=0
28353ms  emitted T:3502  t=11  tag=0
28363ms  emitted T:3505  t=7  tag=0
28372ms  emitted T:3506  t=6  tag=0
28382ms  emitted T:3507  t=11  tag=0
28391ms  emitted T:3509  t=12  tag=0
28399ms  emitted T:3510  t=10  tag=0
28408ms  emitted T:3511  t=11  tag=0
28417ms  emitted T:3512  t=9  tag=0
28460ms  emitted T:3513  t=8  tag=0
28468ms  emitted T:3514  t=7  tag=0
28476ms  emitted T:3515  t=8  tag=0
28483ms  emitted T:3516  t=7  tag=0
28490ms  emitted T:3517  t=7  tag=0
28501ms  emitted T:3519  t=6  tag=0
28508ms  emitted T:3520  t=8  tag=0
28515ms  emitted T:3522  t=6  tag=0
28522ms  emitted T:3523  t=5  tag=0
28529ms  emitted T:3524  t=11  tag=0
28537ms  emitted T:3525  t=8  tag=0
28544ms  emitted T:3526  t=6  tag=0
28550ms  emitted T:3527  t=5  tag=0
28556ms  emitted T:3528  t=4  tag=0
28561ms  emitted T:3529  t=8  tag=0
28567ms  emitted T:3530  t=8  tag=0
28577ms  emitted T:3531  t=4  tag=0
28584ms  emitted T:3532  t=6  tag=0
28590ms  emitted T:3533  t=4  tag=0
28596ms  emitted T:3534  t=5  tag=0
28602ms  emitted T:3535  t=6  tag=0
28611ms  emitted T:3536  t=6  tag=0
28616ms  emitted T:3537  t=6  tag=0
28622ms  emitted T:3538  t=8  tag=0
28628ms  emitted T:3539  t=6  tag=0
28633ms  emitted T:3540  t=4  tag=0
28638ms  emitted T:3541  t=5  tag=0
28646ms  emitted T:3542  t=6  tag=0
28652ms  emitted T:3543  t=6  tag=0
28659ms  emitted T:3544  t=6  tag=0
28665ms  emitted T:3545  t=6  tag=0
28667ms  emitted T:3546  t=2  tag=0
28671ms  emitted T:3547  t=11  tag=0
28712ms  emitted T:3548  t=9  tag=2
28751ms  emitted T:3549  t=11  tag=2
28770ms  emitted T:3550  t=8  tag=2
28787ms  emitted T:3551  t=8  tag=2
28806ms  emitted T:3552  t=8  tag=2
28828ms  emitted T:3553  t=8  tag=2
28833ms  emitted T:3554  t=8  tag=0
28847ms  emitted T:3562  t=9  tag=0
28852ms  emitted T:3563  t=11  tag=0
28879ms  emitted T:3565  t=12  tag=2
28904ms  emitted T:3566  t=12  tag=2
28930ms  emitted T:3567  t=12  tag=2
28958ms  emitted T:3568  t=11  tag=2
28985ms  emitted T:3569  t=11  tag=2
29011ms  emitted T:3570  t=11  tag=2
29037ms  emitted T:3571  t=9  tag=2
29064ms  emitted T:3572  t=8  tag=2
29090ms  emitted T:3573  t=8  tag=2
29119ms  emitted T:3577  t=9  tag=2
29145ms  emitted T:3578  t=11  tag=2
29155ms  emitted T:3580  t=11  tag=0
29162ms  emitted T:3581  t=11  tag=0
29172ms  emitted T:3583  t=7  tag=0
29179ms  emitted T:3584  t=7  tag=0
29186ms  emitted T:3586  t=7  tag=0
29191ms  emitted T:3587  t=7  tag=0
29208ms  emitted T:3589  t=11  tag=2
29223ms  emitted T:3590  t=8  tag=2
29242ms  emitted T:3591  t=7  tag=2
29258ms  emitted T:3593  t=10  tag=2
29267ms  emitted T:3594  t=8  tag=0
29278ms  emitted T:3595  t=8  tag=0
29309ms  emitted T:3596  t=9  tag=2
29344ms  emitted T:3597  t=11  tag=2
29380ms  emitted T:3598  t=12  tag=2
29417ms  emitted T:3599  t=11  tag=2
29417ms  TOM progress 3600/10723
29453ms  emitted T:3601  t=8  tag=2
29523ms  emitted T:3602  t=11  tag=2
29545ms  emitted T:3603  t=12  tag=2
29572ms  emitted T:3604  t=11  tag=2
29599ms  emitted T:3605  t=9  tag=2
29629ms  emitted T:3607  t=8  tag=2
29649ms  emitted T:3608  t=9  tag=2
29672ms  emitted T:3609  t=12  tag=2
29694ms  emitted T:3610  t=11  tag=2
29718ms  emitted T:3611  t=11  tag=2
29738ms  emitted T:3613  t=8  tag=2
29752ms  emitted T:3614  t=8  tag=2
29756ms  emitted T:3615  t=8  tag=0
29768ms  emitted T:3616  t=8  tag=3
29771ms  emitted T:3617  t=12  tag=P2
29772ms  emitted T:3621  t=10  tag=P2
29772ms  emitted T:3622  t=9  tag=P2
29773ms  emitted T:3623  t=10  tag=P2
29773ms  emitted T:3624  t=11  tag=P2
29773ms  emitted T:3625  t=12  tag=P2
29774ms  emitted T:3626  t=11  tag=P2
29774ms  emitted T:3627  t=11  tag=P2
29775ms  emitted T:3628  t=11  tag=P2
29775ms  emitted T:3629  t=12  tag=P2
29775ms  emitted T:3630  t=11  tag=P2
29776ms  emitted T:3631  t=11  tag=P2
29781ms  emitted T:3651  t=12  tag=P2
29787ms  emitted T:3669  t=10  tag=P2
29787ms  emitted T:3670  t=11  tag=P2
29788ms  emitted T:3675  t=10  tag=P2
29789ms  emitted T:3676  t=9  tag=P2
29789ms  emitted T:3677  t=9  tag=P2
29789ms  emitted T:3678  t=12  tag=P2
29790ms  emitted T:3679  t=10  tag=P2
29790ms  emitted T:3680  t=11  tag=P2
29790ms  emitted T:3681  t=8  tag=P2
29791ms  emitted T:3682  t=9  tag=P2
29791ms  emitted T:3683  t=9  tag=P2
29792ms  emitted T:3684  t=10  tag=P2
29792ms  emitted T:3685  t=10  tag=P2
29792ms  emitted T:3686  t=8  tag=P2
29792ms  emitted T:3687  t=11  tag=P2
29793ms  emitted T:3688  t=9  tag=P2
29793ms  emitted T:3689  t=9  tag=P2
29794ms  emitted T:3690  t=9  tag=P2
29794ms  emitted T:3691  t=8  tag=P2
29794ms  emitted T:3692  t=9  tag=P2
29795ms  emitted T:3693  t=8  tag=P2
29795ms  emitted T:3694  t=8  tag=P2
29795ms  emitted T:3695  t=8  tag=P2
29795ms  emitted T:3696  t=8  tag=P2
29796ms  emitted T:3697  t=9  tag=P2
29796ms  emitted T:3698  t=10  tag=P2
29796ms  emitted T:3699  t=8  tag=P2
29797ms  emitted T:3700  t=8  tag=P2
29797ms  emitted T:3701  t=9  tag=P2
29797ms  emitted T:3702  t=11  tag=P2
29798ms  emitted T:3703  t=12  tag=P2
29798ms  emitted T:3704  t=11  tag=P2
29798ms  emitted T:3705  t=10  tag=P2
29799ms  emitted T:3706  t=10  tag=P2
29799ms  emitted T:3707  t=11  tag=P2
29799ms  emitted T:3708  t=10  tag=P2
29800ms  emitted T:3709  t=10  tag=P2
29800ms  emitted T:3710  t=11  tag=P2
29800ms  emitted T:3711  t=9  tag=P2
29801ms  emitted T:3712  t=8  tag=P2
29801ms  emitted T:3713  t=8  tag=P2
29801ms  emitted T:3714  t=8  tag=P2
29802ms  emitted T:3715  t=9  tag=P2
29802ms  emitted T:3716  t=7  tag=P2
29802ms  emitted T:3717  t=7  tag=P2
29803ms  emitted T:3718  t=8  tag=P2
29803ms  emitted T:3719  t=6  tag=P2
29803ms  emitted T:3720  t=8  tag=P2
29804ms  emitted T:3721  t=7  tag=P2
29804ms  emitted T:3722  t=7  tag=P2
29804ms  emitted T:3723  t=8  tag=P2
29805ms  emitted T:3724  t=7  tag=P2
29805ms  emitted T:3725  t=7  tag=P2
29805ms  emitted T:3726  t=6  tag=P2
29806ms  emitted T:3727  t=6  tag=P2
29806ms  emitted T:3728  t=6  tag=P2
29806ms  emitted T:3729  t=6  tag=P2
29807ms  emitted T:3732  t=9  tag=P2
29808ms  emitted T:3733  t=11  tag=P2
29808ms  emitted T:3734  t=9  tag=P2
29808ms  emitted T:3735  t=9  tag=P2
29809ms  emitted T:3736  t=9  tag=P2
29809ms  emitted T:3737  t=11  tag=P2
29809ms  emitted T:3738  t=8  tag=P2
29810ms  emitted T:3739  t=8  tag=P2
29810ms  emitted T:3740  t=9  tag=P2
29812ms  emitted T:3741  t=9  tag=P2
29812ms  emitted T:3742  t=9  tag=P2
29812ms  emitted T:3743  t=9  tag=P2
29813ms  emitted T:3744  t=7  tag=P2
29813ms  emitted T:3745  t=8  tag=P2
29813ms  emitted T:3746  t=9  tag=P2
29814ms  emitted T:3747  t=7  tag=P2
29814ms  emitted T:3748  t=8  tag=P2
29814ms  emitted T:3749  t=7  tag=P2
29815ms  emitted T:3750  t=7  tag=P2
29815ms  emitted T:3751  t=7  tag=P2
29815ms  emitted T:3752  t=8  tag=P2
29816ms  emitted T:3753  t=7  tag=P2
29816ms  emitted T:3754  t=6  tag=P2
29817ms  emitted T:3755  t=6  tag=P2
29817ms  emitted T:3756  t=7  tag=P2
29817ms  emitted T:3757  t=6  tag=P2
29818ms  emitted T:3758  t=11  tag=P2
29818ms  emitted T:3759  t=10  tag=P2
29818ms  emitted T:3760  t=11  tag=P2
29819ms  emitted T:3761  t=10  tag=P2
29819ms  emitted T:3762  t=10  tag=P2
29819ms  emitted T:3763  t=10  tag=P2
29820ms  emitted T:3764  t=9  tag=P2
29820ms  emitted T:3765  t=9  tag=P2
29821ms  emitted T:3766  t=10  tag=P2
29821ms  emitted T:3767  t=10  tag=P2
29821ms  emitted T:3768  t=10  tag=P2
29822ms  emitted T:3769  t=10  tag=P2
29822ms  emitted T:3770  t=9  tag=P2
29822ms  emitted T:3771  t=10  tag=P2
29823ms  emitted T:3772  t=11  tag=P2
29823ms  emitted T:3773  t=12  tag=P2
29824ms  emitted T:3775  t=12  tag=P2
29824ms  emitted T:3776  t=12  tag=P2
29824ms  emitted T:3777  t=12  tag=P2
29825ms  emitted T:3778  t=12  tag=P2
29825ms  emitted T:3779  t=12  tag=P2
29825ms  emitted T:3780  t=12  tag=P2
29826ms  emitted T:3781  t=12  tag=P2
29826ms  emitted T:3782  t=12  tag=P2
29827ms  emitted T:3784  t=8  tag=P2
29827ms  emitted T:3786  t=10  tag=P2
29828ms  emitted T:3787  t=11  tag=P2
29828ms  emitted T:3788  t=10  tag=P2
29828ms  emitted T:3789  t=11  tag=P2
29829ms  emitted T:3790  t=10  tag=P2
29829ms  emitted T:3791  t=8  tag=P2
29829ms  emitted T:3792  t=12  tag=P2
29830ms  emitted T:3795  t=12  tag=P2
29831ms  emitted T:3796  t=12  tag=P2
29831ms  emitted T:3797  t=9  tag=P2
29832ms  emitted T:3799  t=11  tag=P2
29832ms  emitted T:3800  t=9  tag=P2
29832ms  TOM progress 3800/10723
29832ms  emitted T:3801  t=9  tag=P2
29833ms  emitted T:3802  t=9  tag=P2
29833ms  emitted T:3803  t=9  tag=P2
29833ms  emitted T:3804  t=8  tag=P2
29834ms  emitted T:3805  t=8  tag=P2
29834ms  emitted T:3806  t=7  tag=P2
29834ms  emitted T:3807  t=7  tag=P2
29835ms  emitted T:3808  t=8  tag=P2
29835ms  emitted T:3809  t=7  tag=P2
29835ms  emitted T:3810  t=7  tag=P2
29836ms  emitted T:3811  t=6  tag=P2
29836ms  emitted T:3812  t=10  tag=P2
29836ms  emitted T:3813  t=10  tag=P2
29837ms  emitted T:3814  t=11  tag=P2
29837ms  emitted T:3815  t=9  tag=P2
29837ms  emitted T:3816  t=12  tag=P2
29838ms  emitted T:3817  t=12  tag=P2
29838ms  emitted T:3818  t=9  tag=P2
29838ms  emitted T:3819  t=9  tag=P2
29839ms  emitted T:3820  t=10  tag=P2
29839ms  emitted T:3821  t=10  tag=P2
29839ms  emitted T:3822  t=9  tag=P2
29840ms  emitted T:3823  t=12  tag=P2
29840ms  emitted T:3824  t=9  tag=P2
29840ms  emitted T:3825  t=9  tag=P2
29841ms  emitted T:3826  t=10  tag=P2
29841ms  emitted T:3827  t=10  tag=P2
29841ms  emitted T:3828  t=8  tag=P2
29842ms  emitted T:3829  t=8  tag=P2
29842ms  emitted T:3830  t=8  tag=P2
29842ms  emitted T:3831  t=7  tag=P2
29843ms  emitted T:3832  t=7  tag=P2
29843ms  emitted T:3833  t=10  tag=P2
29843ms  emitted T:3834  t=10  tag=P2
29844ms  emitted T:3835  t=12  tag=P2
29844ms  emitted T:3836  t=12  tag=P2
29845ms  emitted T:3838  t=9  tag=P2
29845ms  emitted T:3839  t=11  tag=P2
29845ms  emitted T:3840  t=9  tag=P2
29846ms  emitted T:3841  t=9  tag=P2
29846ms  emitted T:3842  t=8  tag=P2
29846ms  emitted T:3843  t=8  tag=P2
29847ms  emitted T:3844  t=9  tag=P2
29847ms  emitted T:3845  t=9  tag=P2
29848ms  emitted T:3846  t=8  tag=P2
29848ms  emitted T:3847  t=9  tag=P2
29848ms  emitted T:3848  t=9  tag=P2
29849ms  emitted T:3849  t=9  tag=P2
29849ms  emitted T:3850  t=8  tag=P2
29849ms  emitted T:3851  t=8  tag=P2
29849ms  emitted T:3852  t=8  tag=P2
29850ms  emitted T:3853  t=8  tag=P2
29850ms  emitted T:3854  t=8  tag=P2
29850ms  emitted T:3855  t=8  tag=P2
29851ms  emitted T:3856  t=10  tag=P2
29851ms  emitted T:3857  t=10  tag=P2
29852ms  emitted T:3858  t=11  tag=P2
29852ms  emitted T:3859  t=10  tag=P2
29852ms  emitted T:3860  t=10  tag=P2
29853ms  emitted T:3861  t=8  tag=P2
29853ms  emitted T:3862  t=8  tag=P2
29853ms  emitted T:3863  t=8  tag=P2
29854ms  emitted T:3864  t=8  tag=P2
29854ms  emitted T:3865  t=7  tag=P2
29854ms  emitted T:3866  t=7  tag=P2
29855ms  emitted T:3867  t=6  tag=P2
29855ms  emitted T:3868  t=7  tag=P2
29855ms  emitted T:3869  t=7  tag=P2
29856ms  emitted T:3870  t=6  tag=P2
29856ms  emitted T:3871  t=6  tag=P2
29856ms  emitted T:3872  t=6  tag=P2
29857ms  emitted T:3873  t=6  tag=P2
29858ms  emitted T:3874  t=9  tag=P2
29859ms  emitted T:3875  t=9  tag=P2
29859ms  emitted T:3876  t=12  tag=P2
29859ms  emitted T:3877  t=9  tag=P2
29860ms  emitted T:3878  t=10  tag=P2
29860ms  emitted T:3879  t=9  tag=P2
29860ms  emitted T:3880  t=11  tag=P2
29861ms  emitted T:3881  t=10  tag=P2
29861ms  emitted T:3882  t=11  tag=P2
29861ms  emitted T:3883  t=10  tag=P2
29862ms  emitted T:3884  t=10  tag=P2
29862ms  emitted T:3885  t=10  tag=P2
29863ms  emitted T:3886  t=10  tag=P2
29863ms  emitted T:3887  t=12  tag=P2
29863ms  emitted T:3888  t=10  tag=P2
29864ms  emitted T:3890  t=10  tag=P2
29864ms  emitted T:3891  t=11  tag=P2
29864ms  emitted T:3892  t=10  tag=P2
29865ms  emitted T:3893  t=11  tag=P2
29865ms  emitted T:3894  t=11  tag=P2
29865ms  emitted T:3895  t=10  tag=P2
29866ms  emitted T:3896  t=10  tag=P2
29866ms  emitted T:3897  t=11  tag=P2
29866ms  emitted T:3898  t=9  tag=P2
29867ms  emitted T:3899  t=10  tag=P2
29867ms  emitted T:3900  t=11  tag=P2
29867ms  emitted T:3901  t=10  tag=P2
29868ms  emitted T:3902  t=10  tag=P2
29868ms  emitted T:3903  t=9  tag=P2
29869ms  emitted T:3904  t=10  tag=P2
29869ms  emitted T:3905  t=10  tag=P2
29869ms  emitted T:3906  t=9  tag=P2
29869ms  emitted T:3907  t=9  tag=P2
29870ms  emitted T:3908  t=9  tag=P2
29870ms  emitted T:3909  t=9  tag=P2
29870ms  emitted T:3910  t=9  tag=P2
29871ms  emitted T:3911  t=8  tag=P2
29871ms  emitted T:3912  t=8  tag=P2
29871ms  emitted T:3913  t=8  tag=P2
29872ms  emitted T:3914  t=7  tag=P2
29872ms  emitted T:3915  t=8  tag=P2
29872ms  emitted T:3916  t=8  tag=P2
29873ms  emitted T:3917  t=8  tag=P2
29873ms  emitted T:3918  t=9  tag=P2
29874ms  emitted T:3921  t=12  tag=P2
29875ms  emitted T:3924  t=12  tag=P2
29875ms  emitted T:3925  t=12  tag=P2
29876ms  emitted T:3927  t=12  tag=P2
29876ms  emitted T:3929  t=12  tag=P2
29877ms  emitted T:3930  t=12  tag=P2
29877ms  emitted T:3931  t=12  tag=P2
29878ms  emitted T:3933  t=12  tag=P2
29878ms  emitted T:3934  t=12  tag=P2
29879ms  emitted T:3936  t=12  tag=P2
29880ms  emitted T:3940  t=12  tag=P2
29880ms  emitted T:3941  t=12  tag=P2
29880ms  emitted T:3942  t=12  tag=P2
29881ms  emitted T:3943  t=12  tag=P2
29881ms  emitted T:3944  t=12  tag=P2
29882ms  emitted T:3946  t=12  tag=P2
29882ms  emitted T:3947  t=12  tag=P2
29883ms  emitted T:3949  t=12  tag=P2
29883ms  emitted T:3950  t=12  tag=P2
29883ms  emitted T:3951  t=12  tag=P2
29884ms  emitted T:3953  t=12  tag=P2
29885ms  emitted T:3956  t=11  tag=P2
29886ms  emitted T:3960  t=10  tag=P2
29886ms  emitted T:3961  t=9  tag=P2
29886ms  emitted T:3962  t=10  tag=P2
29887ms  emitted T:3963  t=9  tag=P2
29887ms  emitted T:3964  t=9  tag=P2
29888ms  emitted T:3965  t=9  tag=P2
29888ms  emitted T:3966  t=9  tag=P2
29888ms  emitted T:3967  t=11  tag=P2
29888ms  emitted T:3968  t=9  tag=P2
29889ms  emitted T:3969  t=8  tag=P2
29889ms  emitted T:3970  t=8  tag=P2
29891ms  emitted T:3975  t=12  tag=P2
29891ms  emitted T:3977  t=12  tag=P2
29892ms  emitted T:3978  t=12  tag=P2
29892ms  emitted T:3980  t=12  tag=P2
29893ms  emitted T:3981  t=12  tag=P2
29893ms  emitted T:3983  t=12  tag=P2
29894ms  emitted T:3984  t=12  tag=P2
29894ms  emitted T:3985  t=12  tag=P2
29896ms  emitted T:3990  t=12  tag=P2
29896ms  emitted T:3992  t=12  tag=P2
29897ms  emitted T:3993  t=12  tag=P2
29899ms  emitted T:3996  t=12  tag=P2
29899ms  emitted T:3997  t=12  tag=P2
29900ms  emitted T:3998  t=12  tag=P2
29900ms  emitted T:3999  t=12  tag=P2
29900ms  TOM progress 4000/10723
29901ms  emitted T:4001  t=12  tag=P2
29901ms  emitted T:4003  t=12  tag=P2
29902ms  emitted T:4004  t=12  tag=P2
29902ms  emitted T:4005  t=12  tag=P2
29902ms  emitted T:4006  t=12  tag=P2
29903ms  emitted T:4007  t=12  tag=P2
29903ms  emitted T:4008  t=12  tag=P2
29903ms  emitted T:4010  t=12  tag=P2
29904ms  emitted T:4011  t=12  tag=P2
29904ms  emitted T:4012  t=12  tag=P2
29904ms  emitted T:4013  t=12  tag=P2
29905ms  emitted T:4015  t=12  tag=P2
29905ms  emitted T:4016  t=12  tag=P2
29906ms  emitted T:4017  t=12  tag=P2
29907ms  emitted T:4020  t=12  tag=P2
29907ms  emitted T:4022  t=12  tag=P2
29908ms  emitted T:4023  t=12  tag=P2
29908ms  emitted T:4025  t=12  tag=P2
29909ms  emitted T:4027  t=12  tag=P2
29909ms  emitted T:4028  t=12  tag=P2
29910ms  emitted T:4029  t=12  tag=P2
29910ms  emitted T:4030  t=12  tag=P2
29911ms  emitted T:4031  t=12  tag=P2
29911ms  emitted T:4032  t=12  tag=P2
29911ms  emitted T:4034  t=12  tag=P2
29912ms  emitted T:4035  t=12  tag=P2
29912ms  emitted T:4036  t=12  tag=P2
29912ms  emitted T:4037  t=12  tag=P2
29915ms  emitted T:4047  t=10  tag=P2
29916ms  emitted T:4048  t=10  tag=P2
29916ms  emitted T:4049  t=10  tag=P2
29916ms  emitted T:4050  t=12  tag=P2
29917ms  emitted T:4051  t=10  tag=P2
29917ms  emitted T:4052  t=10  tag=P2
29917ms  emitted T:4053  t=10  tag=P2
29918ms  emitted T:4054  t=11  tag=P2
29918ms  emitted T:4055  t=11  tag=P2
29918ms  emitted T:4056  t=9  tag=P2
29919ms  emitted T:4057  t=10  tag=P2
29919ms  emitted T:4058  t=10  tag=P2
29919ms  emitted T:4059  t=10  tag=P2
29920ms  emitted T:4060  t=10  tag=P2
29920ms  emitted T:4061  t=10  tag=P2
29920ms  emitted T:4062  t=10  tag=P2
29921ms  emitted T:4063  t=10  tag=P2
29921ms  emitted T:4064  t=10  tag=P2
29921ms  emitted T:4065  t=10  tag=P2
29922ms  emitted T:4066  t=10  tag=P2
29922ms  emitted T:4067  t=9  tag=P2
29922ms  emitted T:4068  t=11  tag=P2
29923ms  emitted T:4069  t=11  tag=P2
29923ms  emitted T:4070  t=11  tag=P2
29923ms  emitted T:4071  t=10  tag=P2
29924ms  emitted T:4072  t=11  tag=P2
29924ms  emitted T:4073  t=11  tag=P2
29924ms  emitted T:4074  t=10  tag=P2
29924ms  emitted T:4075  t=9  tag=P2
29925ms  emitted T:4076  t=9  tag=P2
29925ms  emitted T:4077  t=7  tag=P2
29925ms  emitted T:4078  t=8  tag=P2
29926ms  emitted T:4079  t=8  tag=P2
29926ms  emitted T:4080  t=8  tag=P2
29926ms  emitted T:4081  t=9  tag=P2
29927ms  emitted T:4082  t=7  tag=P2
29927ms  emitted T:4083  t=8  tag=P2
29927ms  emitted T:4084  t=8  tag=P2
29928ms  emitted T:4085  t=8  tag=P2
29928ms  emitted T:4086  t=9  tag=P2
29928ms  emitted T:4087  t=10  tag=P2
29929ms  emitted T:4088  t=10  tag=P2
29929ms  emitted T:4089  t=9  tag=P2
29929ms  emitted T:4090  t=10  tag=P2
29930ms  emitted T:4091  t=9  tag=P2
29930ms  emitted T:4092  t=10  tag=P2
29930ms  emitted T:4093  t=10  tag=P2
29931ms  emitted T:4094  t=9  tag=P2
29931ms  emitted T:4095  t=9  tag=P2
29931ms  emitted T:4096  t=9  tag=P2
29932ms  emitted T:4097  t=9  tag=P2
29932ms  emitted T:4098  t=9  tag=P2
29932ms  emitted T:4099  t=10  tag=P2
29933ms  emitted T:4100  t=9  tag=P2
29933ms  emitted T:4101  t=9  tag=P2
29933ms  emitted T:4102  t=9  tag=P2
29934ms  emitted T:4103  t=9  tag=P2
29934ms  emitted T:4104  t=9  tag=P2
29934ms  emitted T:4105  t=10  tag=P2
29935ms  emitted T:4106  t=10  tag=P2
29935ms  emitted T:4107  t=10  tag=P2
29935ms  emitted T:4108  t=7  tag=P2
29936ms  emitted T:4109  t=7  tag=P2
29936ms  emitted T:4110  t=7  tag=P2
29936ms  emitted T:4111  t=7  tag=P2
29937ms  emitted T:4112  t=8  tag=P2
29937ms  emitted T:4113  t=9  tag=P2
29937ms  emitted T:4114  t=9  tag=P2
29938ms  emitted T:4115  t=9  tag=P2
29938ms  emitted T:4116  t=9  tag=P2
29940ms  emitted T:4117  t=7  tag=P2
29940ms  emitted T:4118  t=8  tag=P2
29941ms  emitted T:4119  t=9  tag=P2
29941ms  emitted T:4120  t=9  tag=P2
29941ms  emitted T:4121  t=9  tag=P2
29942ms  emitted T:4122  t=9  tag=P2
29942ms  emitted T:4123  t=9  tag=P2
29942ms  emitted T:4124  t=9  tag=P2
29943ms  emitted T:4125  t=9  tag=P2
29943ms  emitted T:4126  t=10  tag=P2
29943ms  emitted T:4127  t=9  tag=P2
29944ms  emitted T:4128  t=9  tag=P2
29944ms  emitted T:4129  t=10  tag=P2
29944ms  emitted T:4130  t=9  tag=P2
29945ms  emitted T:4131  t=9  tag=P2
29945ms  emitted T:4132  t=9  tag=P2
29945ms  emitted T:4133  t=10  tag=P2
29946ms  emitted T:4134  t=7  tag=P2
29946ms  emitted T:4135  t=9  tag=P2
29946ms  emitted T:4136  t=10  tag=P2
29947ms  emitted T:4137  t=9  tag=P2
29947ms  emitted T:4138  t=10  tag=P2
29947ms  emitted T:4139  t=9  tag=P2
29948ms  emitted T:4140  t=10  tag=P2
29948ms  emitted T:4141  t=9  tag=P2
29948ms  emitted T:4142  t=10  tag=P2
29949ms  emitted T:4143  t=10  tag=P2
29949ms  emitted T:4144  t=10  tag=P2
29949ms  emitted T:4145  t=10  tag=P2
29950ms  emitted T:4146  t=10  tag=P2
29950ms  emitted T:4147  t=9  tag=P2
29950ms  emitted T:4148  t=9  tag=P2
29951ms  emitted T:4149  t=10  tag=P2
29951ms  emitted T:4150  t=10  tag=P2
29951ms  emitted T:4151  t=9  tag=P2
29952ms  emitted T:4152  t=9  tag=P2
29952ms  emitted T:4153  t=10  tag=P2
29952ms  emitted T:4154  t=10  tag=P2
29953ms  emitted T:4155  t=9  tag=P2
29953ms  emitted T:4156  t=9  tag=P2
29953ms  emitted T:4157  t=9  tag=P2
29954ms  emitted T:4158  t=9  tag=P2
29954ms  emitted T:4159  t=9  tag=P2
29954ms  emitted T:4160  t=7  tag=P2
29955ms  emitted T:4161  t=7  tag=P2
29955ms  emitted T:4162  t=7  tag=P2
29955ms  emitted T:4163  t=7  tag=P2
29956ms  emitted T:4164  t=7  tag=P2
29956ms  emitted T:4165  t=9  tag=P2
29956ms  emitted T:4166  t=8  tag=P2
29957ms  emitted T:4167  t=10  tag=P2
29957ms  emitted T:4168  t=9  tag=P2
29957ms  emitted T:4169  t=10  tag=P2
29958ms  emitted T:4170  t=8  tag=P2
29958ms  emitted T:4171  t=8  tag=P2
29958ms  emitted T:4172  t=8  tag=P2
29959ms  emitted T:4173  t=9  tag=P2
29959ms  emitted T:4174  t=8  tag=P2
29959ms  emitted T:4175  t=9  tag=P2
29960ms  emitted T:4176  t=9  tag=P2
29960ms  emitted T:4177  t=8  tag=P2
29960ms  emitted T:4178  t=8  tag=P2
29961ms  emitted T:4179  t=10  tag=P2
29961ms  emitted T:4180  t=8  tag=P2
29961ms  emitted T:4181  t=9  tag=P2
29962ms  emitted T:4182  t=7  tag=P2
29962ms  emitted T:4183  t=8  tag=P2
29962ms  emitted T:4184  t=8  tag=P2
29962ms  emitted T:4185  t=9  tag=P2
29963ms  emitted T:4186  t=6  tag=P2
29963ms  emitted T:4187  t=6  tag=P2
29963ms  emitted T:4188  t=6  tag=P2
29964ms  emitted T:4189  t=6  tag=P2
29964ms  emitted T:4190  t=7  tag=P2
29964ms  emitted T:4191  t=7  tag=P2
29965ms  emitted T:4192  t=7  tag=P2
29965ms  emitted T:4193  t=8  tag=P2
29965ms  emitted T:4194  t=9  tag=P2
29966ms  emitted T:4195  t=8  tag=P2
29966ms  emitted T:4196  t=6  tag=P2
29966ms  emitted T:4197  t=7  tag=P2
29967ms  emitted T:4198  t=8  tag=P2
29967ms  emitted T:4199  t=7  tag=P2
29967ms  emitted T:4200  t=11  tag=P2
29967ms  TOM progress 4200/10723
29968ms  emitted T:4201  t=10  tag=P2
29968ms  emitted T:4202  t=10  tag=P2
29969ms  emitted T:4203  t=10  tag=P2
29969ms  emitted T:4204  t=10  tag=P2
29969ms  emitted T:4205  t=9  tag=P2
29970ms  emitted T:4206  t=10  tag=P2
29970ms  emitted T:4207  t=10  tag=P2
29970ms  emitted T:4208  t=11  tag=P2
29971ms  emitted T:4209  t=11  tag=P2
29971ms  emitted T:4210  t=10  tag=P2
29971ms  emitted T:4211  t=10  tag=P2
29971ms  emitted T:4212  t=10  tag=P2
29972ms  emitted T:4213  t=12  tag=P2
29972ms  emitted T:4214  t=12  tag=P2
29972ms  emitted T:4215  t=12  tag=P2
29973ms  emitted T:4217  t=12  tag=P2
29973ms  emitted T:4218  t=12  tag=P2
29974ms  emitted T:4219  t=12  tag=P2
29974ms  emitted T:4220  t=12  tag=P2
29974ms  emitted T:4221  t=12  tag=P2
29975ms  emitted T:4224  t=12  tag=P2
29976ms  emitted T:4225  t=12  tag=P2
29976ms  emitted T:4226  t=12  tag=P2
29976ms  emitted T:4227  t=12  tag=P2
29977ms  emitted T:4228  t=8  tag=P2
29977ms  emitted T:4229  t=8  tag=P2
29978ms  emitted T:4231  t=9  tag=P2
29978ms  emitted T:4232  t=10  tag=P2
29979ms  emitted T:4233  t=10  tag=P2
29979ms  emitted T:4234  t=10  tag=P2
29979ms  emitted T:4235  t=10  tag=P2
29980ms  emitted T:4236  t=9  tag=P2
29980ms  emitted T:4237  t=11  tag=P2
29980ms  emitted T:4238  t=10  tag=P2
29981ms  emitted T:4239  t=11  tag=P2
29981ms  emitted T:4240  t=10  tag=P2
29981ms  emitted T:4241  t=10  tag=P2
29982ms  emitted T:4242  t=10  tag=P2
29982ms  emitted T:4243  t=10  tag=P2
29982ms  emitted T:4244  t=10  tag=P2
29983ms  emitted T:4245  t=11  tag=P2
29983ms  emitted T:4246  t=10  tag=P2
29985ms  emitted T:4247  t=11  tag=P2
29985ms  emitted T:4248  t=10  tag=P2
29985ms  emitted T:4249  t=10  tag=P2
29986ms  emitted T:4250  t=10  tag=P2
29986ms  emitted T:4251  t=9  tag=P2
29986ms  emitted T:4252  t=12  tag=P2
29987ms  emitted T:4253  t=12  tag=P2
29987ms  emitted T:4254  t=12  tag=P2
29987ms  emitted T:4256  t=12  tag=P2
29988ms  emitted T:4257  t=12  tag=P2
29988ms  emitted T:4258  t=12  tag=P2
29988ms  emitted T:4259  t=12  tag=P2
29989ms  emitted T:4260  t=12  tag=P2
29989ms  emitted T:4261  t=12  tag=P2
29990ms  emitted T:4263  t=12  tag=P2
29990ms  emitted T:4264  t=12  tag=P2
29990ms  emitted T:4265  t=12  tag=P2
29991ms  emitted T:4266  t=12  tag=P2
29991ms  emitted T:4267  t=12  tag=P2
29991ms  emitted T:4268  t=12  tag=P2
29992ms  emitted T:4269  t=12  tag=P2
29993ms  emitted T:4273  t=12  tag=P2
29993ms  emitted T:4274  t=12  tag=P2
29994ms  emitted T:4275  t=12  tag=P2
29994ms  emitted T:4276  t=12  tag=P2
29994ms  emitted T:4277  t=12  tag=P2
29995ms  emitted T:4278  t=12  tag=P2
29995ms  emitted T:4279  t=12  tag=P2
29995ms  emitted T:4280  t=12  tag=P2
29996ms  emitted T:4282  t=8  tag=P2
29996ms  emitted T:4283  t=8  tag=P2
29996ms  emitted T:4284  t=8  tag=P2
29997ms  emitted T:4285  t=8  tag=P2
29998ms  emitted T:4288  t=8  tag=P2
29998ms  emitted T:4289  t=9  tag=P2
29998ms  emitted T:4290  t=8  tag=P2
29999ms  emitted T:4291  t=9  tag=P2
29999ms  emitted T:4292  t=8  tag=P2
29999ms  emitted T:4293  t=7  tag=P2
30000ms  emitted T:4294  t=8  tag=P2
30000ms  emitted T:4295  t=7  tag=P2
30000ms  emitted T:4296  t=6  tag=P2
30001ms  emitted T:4297  t=7  tag=P2
30001ms  emitted T:4298  t=10  tag=P2
30001ms  emitted T:4299  t=9  tag=P2
30002ms  emitted T:4300  t=9  tag=P2
30002ms  emitted T:4301  t=10  tag=P2
30002ms  emitted T:4302  t=10  tag=P2
30003ms  emitted T:4303  t=9  tag=P2
30003ms  emitted T:4304  t=9  tag=P2
30003ms  emitted T:4305  t=9  tag=P2
30004ms  emitted T:4306  t=10  tag=P2
30004ms  emitted T:4307  t=9  tag=P2
30004ms  emitted T:4308  t=9  tag=P2
30005ms  emitted T:4309  t=10  tag=P2
30005ms  emitted T:4310  t=9  tag=P2
30005ms  emitted T:4311  t=9  tag=P2
30006ms  emitted T:4312  t=10  tag=P2
30006ms  emitted T:4313  t=9  tag=P2
30006ms  emitted T:4314  t=9  tag=P2
30007ms  emitted T:4315  t=9  tag=P2
30007ms  emitted T:4316  t=9  tag=P2
30008ms  emitted T:4317  t=10  tag=P2
30008ms  emitted T:4318  t=7  tag=P2
30008ms  emitted T:4319  t=7  tag=P2
30008ms  emitted T:4320  t=7  tag=P2
30009ms  emitted T:4321  t=8  tag=P2
30009ms  emitted T:4322  t=7  tag=P2
30009ms  emitted T:4323  t=9  tag=P2
30010ms  emitted T:4324  t=9  tag=P2
30010ms  emitted T:4325  t=9  tag=P2
30010ms  emitted T:4326  t=9  tag=P2
30011ms  emitted T:4327  t=7  tag=P2
30011ms  emitted T:4328  t=8  tag=P2
30011ms  emitted T:4329  t=8  tag=P2
30012ms  emitted T:4330  t=9  tag=P2
30012ms  emitted T:4331  t=7  tag=P2
30013ms  emitted T:4332  t=7  tag=P2
30013ms  emitted T:4333  t=9  tag=P2
30013ms  emitted T:4334  t=9  tag=P2
30014ms  emitted T:4335  t=9  tag=P2
30014ms  emitted T:4336  t=9  tag=P2
30014ms  emitted T:4337  t=7  tag=P2
30015ms  emitted T:4338  t=7  tag=P2
30015ms  emitted T:4339  t=8  tag=P2
30015ms  emitted T:4340  t=7  tag=P2
30016ms  emitted T:4341  t=6  tag=P2
30016ms  emitted T:4342  t=7  tag=P2
30016ms  emitted T:4343  t=7  tag=P2
30017ms  emitted T:4344  t=8  tag=P2
30017ms  emitted T:4345  t=8  tag=P2
30017ms  emitted T:4346  t=8  tag=P2
30018ms  emitted T:4347  t=9  tag=P2
30018ms  emitted T:4348  t=8  tag=P2
30018ms  emitted T:4349  t=8  tag=P2
30018ms  emitted T:4350  t=8  tag=P2
30019ms  emitted T:4351  t=9  tag=P2
30019ms  emitted T:4352  t=8  tag=P2
30019ms  emitted T:4353  t=8  tag=P2
30020ms  emitted T:4354  t=8  tag=P2
30020ms  emitted T:4355  t=10  tag=P2
30020ms  emitted T:4356  t=7  tag=P2
30021ms  emitted T:4357  t=8  tag=P2
30021ms  emitted T:4358  t=7  tag=P2
30021ms  emitted T:4359  t=7  tag=P2
30022ms  emitted T:4360  t=7  tag=P2
30022ms  emitted T:4361  t=7  tag=P2
30022ms  emitted T:4362  t=6  tag=P2
30023ms  emitted T:4363  t=6  tag=P2
30023ms  emitted T:4364  t=9  tag=P2
30023ms  emitted T:4365  t=10  tag=P2
30024ms  emitted T:4366  t=9  tag=P2
30024ms  emitted T:4367  t=9  tag=P2
30024ms  emitted T:4368  t=9  tag=P2
30025ms  emitted T:4369  t=9  tag=P2
30025ms  emitted T:4370  t=10  tag=P2
30025ms  emitted T:4371  t=9  tag=P2
30026ms  emitted T:4372  t=9  tag=P2
30026ms  emitted T:4373  t=10  tag=P2
30026ms  emitted T:4374  t=9  tag=P2
30027ms  emitted T:4375  t=9  tag=P2
30027ms  emitted T:4376  t=7  tag=P2
30027ms  emitted T:4377  t=7  tag=P2
30029ms  emitted T:4378  t=6  tag=P2
30029ms  emitted T:4379  t=8  tag=P2
30029ms  emitted T:4380  t=8  tag=P2
30030ms  emitted T:4381  t=6  tag=P2
30030ms  emitted T:4382  t=7  tag=P2
30030ms  emitted T:4383  t=6  tag=P2
30031ms  emitted T:4384  t=6  tag=P2
30031ms  emitted T:4385  t=6  tag=P2
30031ms  emitted T:4386  t=6  tag=P2
30032ms  emitted T:4387  t=6  tag=P2
30032ms  emitted T:4388  t=7  tag=P2
30032ms  emitted T:4389  t=8  tag=P2
30033ms  emitted T:4390  t=8  tag=P2
30033ms  emitted T:4391  t=8  tag=P2
30033ms  emitted T:4392  t=9  tag=P2
30034ms  emitted T:4393  t=8  tag=P2
30034ms  emitted T:4394  t=9  tag=P2
30034ms  emitted T:4395  t=8  tag=P2
30035ms  emitted T:4396  t=6  tag=P2
30035ms  emitted T:4397  t=7  tag=P2
30036ms  emitted T:4398  t=6  tag=P2
30036ms  emitted T:4399  t=6  tag=P2
30036ms  emitted T:4400  t=7  tag=P2
30036ms  TOM progress 4400/10723
30037ms  emitted T:4401  t=7  tag=P2
30037ms  emitted T:4402  t=8  tag=P2
30037ms  emitted T:4403  t=6  tag=P2
30038ms  emitted T:4404  t=10  tag=P2
30038ms  emitted T:4405  t=6  tag=P2
30038ms  emitted T:4406  t=7  tag=P2
30039ms  emitted T:4407  t=7  tag=P2
30039ms  emitted T:4408  t=6  tag=P2
30039ms  emitted T:4409  t=6  tag=P2
30040ms  emitted T:4410  t=6  tag=P2
30040ms  emitted T:4411  t=7  tag=P2
30040ms  emitted T:4412  t=7  tag=P2
30041ms  emitted T:4413  t=7  tag=P2
30041ms  emitted T:4414  t=7  tag=P2
30041ms  emitted T:4415  t=7  tag=P2
30042ms  emitted T:4416  t=7  tag=P2
30042ms  emitted T:4417  t=8  tag=P2
30042ms  emitted T:4418  t=7  tag=P2
30043ms  emitted T:4419  t=8  tag=P2
30043ms  emitted T:4420  t=7  tag=P2
30043ms  emitted T:4421  t=7  tag=P2
30044ms  emitted T:4422  t=6  tag=P2
30044ms  emitted T:4423  t=7  tag=P2
30044ms  emitted T:4424  t=7  tag=P2
30045ms  emitted T:4425  t=6  tag=P2
30045ms  emitted T:4426  t=6  tag=P2
30045ms  emitted T:4427  t=7  tag=P2
30046ms  emitted T:4428  t=7  tag=P2
30046ms  emitted T:4429  t=7  tag=P2
30046ms  emitted T:4430  t=8  tag=P2
30047ms  emitted T:4431  t=7  tag=P2
30047ms  emitted T:4432  t=7  tag=P2
30047ms  emitted T:4433  t=7  tag=P2
30048ms  emitted T:4434  t=8  tag=P2
30048ms  emitted T:4435  t=7  tag=P2
30048ms  emitted T:4436  t=7  tag=P2
30049ms  emitted T:4437  t=8  tag=P2
30049ms  emitted T:4438  t=7  tag=P2
30049ms  emitted T:4439  t=7  tag=P2
30050ms  emitted T:4440  t=7  tag=P2
30050ms  emitted T:4441  t=7  tag=P2
30050ms  emitted T:4442  t=7  tag=P2
30051ms  emitted T:4443  t=6  tag=P2
30051ms  emitted T:4444  t=6  tag=P2
30051ms  emitted T:4445  t=7  tag=P2
30052ms  emitted T:4446  t=6  tag=P2
30052ms  emitted T:4447  t=6  tag=P2
30052ms  emitted T:4448  t=6  tag=P2
30053ms  emitted T:4449  t=6  tag=P2
30053ms  emitted T:4450  t=7  tag=P2
30053ms  emitted T:4451  t=6  tag=P2
30054ms  emitted T:4452  t=6  tag=P2
30054ms  emitted T:4453  t=6  tag=P2
30054ms  emitted T:4454  t=6  tag=P2
30054ms  emitted T:4455  t=6  tag=P2
30055ms  emitted T:4456  t=6  tag=P2
30055ms  emitted T:4457  t=6  tag=P2
30055ms  emitted T:4458  t=6  tag=P2
30056ms  emitted T:4459  t=6  tag=P2
30056ms  emitted T:4460  t=6  tag=P2
30056ms  emitted T:4461  t=6  tag=P2
30057ms  emitted T:4462  t=7  tag=P2
30057ms  emitted T:4463  t=7  tag=P2
30057ms  emitted T:4464  t=7  tag=P2
30058ms  emitted T:4465  t=6  tag=P2
30058ms  emitted T:4466  t=7  tag=P2
30058ms  emitted T:4467  t=6  tag=P2
30059ms  emitted T:4468  t=6  tag=P2
30059ms  emitted T:4469  t=6  tag=P2
30059ms  emitted T:4470  t=6  tag=P2
30060ms  emitted T:4471  t=7  tag=P2
30060ms  emitted T:4472  t=7  tag=P2
30060ms  emitted T:4473  t=7  tag=P2
30060ms  emitted T:4474  t=6  tag=P2
30061ms  emitted T:4475  t=6  tag=P2
30061ms  emitted T:4476  t=8  tag=P2
30061ms  emitted T:4477  t=7  tag=P2
30062ms  emitted T:4478  t=7  tag=P2
30062ms  emitted T:4479  t=7  tag=P2
30062ms  emitted T:4480  t=7  tag=P2
30063ms  emitted T:4481  t=6  tag=P2
30063ms  emitted T:4482  t=6  tag=P2
30063ms  emitted T:4483  t=6  tag=P2
30064ms  emitted T:4484  t=6  tag=P2
30064ms  emitted T:4485  t=6  tag=P2
30064ms  emitted T:4486  t=6  tag=P2
30071ms  emitted T:4487  t=6  tag=2
30080ms  emitted T:4488  t=6  tag=0
30085ms  emitted T:4489  t=6  tag=0
30114ms  emitted T:4500  t=12  tag=2
30140ms  emitted T:4501  t=12  tag=2
30165ms  emitted T:4503  t=12  tag=2
30187ms  emitted T:4510  t=8  tag=2
30213ms  emitted T:4511  t=11  tag=2
30239ms  emitted T:4512  t=11  tag=2
30265ms  emitted T:4513  t=12  tag=2
30294ms  emitted T:4514  t=9  tag=2
30318ms  emitted T:4515  t=9  tag=2
30344ms  emitted T:4516  t=9  tag=2
30370ms  emitted T:4517  t=8  tag=2
30396ms  emitted T:4518  t=9  tag=2
30422ms  emitted T:4519  t=11  tag=2
30445ms  emitted T:4520  t=12  tag=2
30475ms  emitted T:4521  t=10  tag=2
30500ms  emitted T:4522  t=11  tag=2
30526ms  emitted T:4523  t=5  tag=2
30552ms  emitted T:4524  t=5  tag=2
30579ms  emitted T:4525  t=4  tag=2
30602ms  emitted T:4526  t=6  tag=2
30624ms  emitted T:4527  t=6  tag=2
30651ms  emitted T:4528  t=7  tag=2
30680ms  emitted T:4529  t=5  tag=2
31793ms  TOM progress 4600/10723
32030ms  emitted T:4608  t=12  tag=2
32109ms  emitted T:4609  t=12  tag=2
32194ms  emitted T:4610  t=12  tag=2
32281ms  emitted T:4619  t=7  tag=2
32364ms  emitted T:4620  t=11  tag=2
32488ms  emitted T:4622  t=12  tag=2
32558ms  emitted T:4625  t=12  tag=2
32632ms  emitted T:4626  t=12  tag=2
32708ms  emitted T:4627  t=11  tag=2
32787ms  emitted T:4628  t=12  tag=2
32864ms  emitted T:4629  t=12  tag=2
32940ms  emitted T:4630  t=12  tag=2
33018ms  emitted T:4631  t=11  tag=2
33097ms  emitted T:4632  t=11  tag=2
33178ms  emitted T:4633  t=11  tag=2
33264ms  emitted T:4634  t=11  tag=2
33348ms  emitted T:4635  t=12  tag=2
33484ms  emitted T:4653  t=12  tag=2
33558ms  emitted T:4654  t=10  tag=2
33630ms  emitted T:4655  t=11  tag=2
33704ms  emitted T:4656  t=10  tag=2
33777ms  emitted T:4657  t=10  tag=2
33848ms  emitted T:4658  t=10  tag=2
33923ms  emitted T:4659  t=10  tag=2
34001ms  emitted T:4660  t=9  tag=2
34074ms  emitted T:4661  t=9  tag=2
34149ms  emitted T:4662  t=10  tag=2
34243ms  emitted T:4664  t=12  tag=2
34339ms  emitted T:4665  t=12  tag=2
34473ms  emitted T:4666  t=12  tag=2
34554ms  emitted T:4667  t=12  tag=2
34640ms  emitted T:4669  t=12  tag=2
34730ms  emitted T:4672  t=12  tag=2
34804ms  emitted T:4675  t=12  tag=2
34877ms  emitted T:4676  t=11  tag=2
34968ms  emitted T:4687  t=12  tag=2
35054ms  emitted T:4688  t=11  tag=2
35140ms  emitted T:4689  t=11  tag=2
35237ms  emitted T:4690  t=11  tag=2
35335ms  emitted T:4691  t=11  tag=2
35455ms  emitted T:4692  t=11  tag=2
35542ms  emitted T:4693  t=11  tag=2
35629ms  emitted T:4694  t=11  tag=2
35715ms  emitted T:4695  t=11  tag=2
35804ms  emitted T:4696  t=12  tag=2
35880ms  emitted T:4697  t=10  tag=2
35970ms  emitted T:4699  t=8  tag=2
36062ms  emitted T:4700  t=8  tag=2
36154ms  emitted T:4701  t=7  tag=2
36247ms  emitted T:4702  t=7  tag=2
36349ms  emitted T:4703  t=7  tag=2
36479ms  emitted T:4704  t=7  tag=2
36567ms  emitted T:4705  t=6  tag=2
36644ms  emitted T:4706  t=5  tag=2
36724ms  emitted T:4708  t=7  tag=2
36812ms  emitted T:4709  t=9  tag=2
36908ms  emitted T:4710  t=9  tag=2
36940ms  emitted T:4715  t=12  tag=2
36975ms  emitted T:4716  t=12  tag=2
37008ms  emitted T:4717  t=12  tag=2
37041ms  emitted T:4718  t=11  tag=2
37074ms  emitted T:4719  t=12  tag=2
37109ms  emitted T:4720  t=11  tag=2
37143ms  emitted T:4721  t=9  tag=2
37176ms  emitted T:4722  t=9  tag=2
37207ms  emitted T:4723  t=11  tag=2
37243ms  emitted T:4727  t=5  tag=2
37277ms  emitted T:4728  t=4  tag=2
37307ms  emitted T:4729  t=6  tag=2
37419ms  emitted T:4730  t=12  tag=2+3
37435ms  emitted T:4732  t=7  tag=2
37459ms  emitted T:4733  t=4  tag=2
37478ms  emitted T:4734  t=5  tag=2
37574ms  emitted T:4740  t=11  tag=2
37668ms  emitted T:4741  t=11  tag=2
37760ms  emitted T:4742  t=12  tag=2
37851ms  emitted T:4743  t=11  tag=2
37947ms  emitted T:4744  t=12  tag=2
38050ms  emitted T:4746  t=11  tag=2
38174ms  emitted T:4747  t=12  tag=2
38323ms  emitted T:4748  t=12  tag=2
38422ms  emitted T:4750  t=12  tag=2
38507ms  emitted T:4751  t=10  tag=2
38592ms  emitted T:4752  t=10  tag=2
38681ms  emitted T:4753  t=10  tag=2
38769ms  emitted T:4754  t=9  tag=2
38873ms  emitted T:4757  t=11  tag=2
38988ms  emitted T:4758  t=11  tag=2
39138ms  emitted T:4759  t=7  tag=2
39165ms  emitted T:4762  t=12  tag=3
39195ms  emitted T:4763  t=10  tag=3
39225ms  emitted T:4764  t=10  tag=3
39255ms  emitted T:4765  t=9  tag=3
39283ms  emitted T:4766  t=7  tag=3
39311ms  emitted T:4767  t=9  tag=3
39341ms  emitted T:4769  t=6  tag=3
39371ms  emitted T:4770  t=6  tag=3
39402ms  emitted T:4771  t=10  tag=3
39430ms  emitted T:4772  t=10  tag=3
39458ms  emitted T:4773  t=10  tag=3
39488ms  emitted T:4774  t=9  tag=3
39519ms  emitted T:4775  t=7  tag=3
39555ms  emitted T:4776  t=12  tag=2
39594ms  emitted T:4777  t=11  tag=2
39632ms  emitted T:4778  t=11  tag=2
39672ms  emitted T:4779  t=12  tag=2
39710ms  emitted T:4780  t=11  tag=2
39749ms  emitted T:4781  t=11  tag=2
39796ms  emitted T:4784  t=12  tag=2
39848ms  emitted T:4785  t=11  tag=2
39927ms  emitted T:4786  t=11  tag=2
39957ms  emitted T:4788  t=11  tag=2+3
39988ms  emitted T:4789  t=12  tag=2+3
40018ms  emitted T:4790  t=11  tag=2+3
40061ms  emitted T:4792  t=11  tag=2
40103ms  emitted T:4793  t=9  tag=2
40149ms  emitted T:4795  t=12  tag=2
40197ms  emitted T:4796  t=11  tag=2
40240ms  emitted T:4797  t=11  tag=2
40284ms  emitted T:4798  t=4  tag=2
40322ms  emitted T:4799  t=11  tag=2+3
40362ms  emitted T:4800  t=11  tag=2
40362ms  TOM progress 4800/10723
40395ms  emitted T:4801  t=11  tag=2
40433ms  emitted T:4802  t=12  tag=2
40480ms  emitted T:4804  t=11  tag=2
40487ms  emitted T:4805  t=7  tag=0
40493ms  emitted T:4806  t=5  tag=0
40502ms  emitted T:4807  t=3  tag=0
40545ms  emitted T:4808  t=11  tag=2
40587ms  emitted T:4809  t=9  tag=2
40633ms  emitted T:4810  t=9  tag=2
40712ms  emitted T:4811  t=9  tag=2
40750ms  emitted T:4812  t=9  tag=2
40788ms  emitted T:4813  t=8  tag=2
40825ms  emitted T:4814  t=11  tag=2
40866ms  emitted T:4815  t=10  tag=2
40908ms  emitted T:4816  t=11  tag=2
40953ms  emitted T:4817  t=11  tag=2
40994ms  emitted T:4818  t=12  tag=2
41037ms  emitted T:4819  t=11  tag=2
41082ms  emitted T:4820  t=11  tag=2
41127ms  emitted T:4821  t=12  tag=2
41166ms  emitted T:4824  t=4  tag=2
41203ms  emitted T:4825  t=8  tag=2
41238ms  emitted T:4826  t=9  tag=2
41275ms  emitted T:4827  t=9  tag=2
41312ms  emitted T:4828  t=11  tag=2
41352ms  emitted T:4829  t=9  tag=2
41390ms  emitted T:4830  t=9  tag=2
41431ms  emitted T:4833  t=11  tag=2
41474ms  emitted T:4834  t=10  tag=2
41548ms  emitted T:4835  t=11  tag=2
41585ms  emitted T:4836  t=11  tag=2
41628ms  emitted T:4837  t=12  tag=2
41667ms  emitted T:4838  t=11  tag=2
41705ms  emitted T:4839  t=12  tag=2
41746ms  emitted T:4840  t=11  tag=2
41780ms  emitted T:4841  t=4  tag=2
41817ms  emitted T:4842  t=9  tag=2
41855ms  emitted T:4843  t=9  tag=2
41892ms  emitted T:4844  t=8  tag=2
41936ms  emitted T:4846  t=12  tag=2
41980ms  emitted T:4847  t=11  tag=2
42022ms  emitted T:4848  t=11  tag=2
42059ms  emitted T:4849  t=10  tag=2
42109ms  emitted T:4850  t=8  tag=2
42158ms  emitted T:4851  t=9  tag=2
42210ms  emitted T:4852  t=9  tag=2
42271ms  emitted T:4853  t=11  tag=2
42340ms  emitted T:4854  t=11  tag=2
42423ms  emitted T:4855  t=12  tag=2
42466ms  emitted T:4857  t=10  tag=2
42517ms  emitted T:4858  t=8  tag=2
42561ms  emitted T:4859  t=9  tag=2
42609ms  emitted T:4860  t=9  tag=2
42664ms  emitted T:4861  t=12  tag=2
42720ms  emitted T:4862  t=11  tag=2
42774ms  emitted T:4863  t=11  tag=2
42822ms  emitted T:4864  t=10  tag=2
42862ms  emitted T:4866  t=10  tag=2
42903ms  emitted T:4867  t=8  tag=2
42942ms  emitted T:4868  t=9  tag=2
42981ms  emitted T:4869  t=9  tag=2
43026ms  emitted T:4870  t=12  tag=2
43070ms  emitted T:4871  t=11  tag=2
43114ms  emitted T:4872  t=11  tag=2
43168ms  emitted T:4874  t=9  tag=2
43259ms  emitted T:4875  t=11  tag=2
43280ms  emitted T:4876  t=6  tag=3
43362ms  emitted T:4878  t=11  tag=2
43449ms  emitted T:4879  t=10  tag=2
43532ms  emitted T:4880  t=11  tag=2
43620ms  emitted T:4881  t=12  tag=2
43706ms  emitted T:4882  t=11  tag=2
43794ms  emitted T:4889  t=5  tag=2
43799ms  emitted T:4890  t=6  tag=0
43839ms  emitted T:4893  t=10  tag=2
43876ms  emitted T:4894  t=11  tag=2
43917ms  emitted T:4895  t=10  tag=2
43959ms  emitted T:4896  t=10  tag=2
44002ms  emitted T:4897  t=10  tag=2
44046ms  emitted T:4898  t=11  tag=2
44292ms  emitted T:4900  t=12  tag=2
44326ms  emitted T:4903  t=11  tag=2
44365ms  emitted T:4904  t=10  tag=2
44411ms  emitted T:4905  t=10  tag=2
44450ms  emitted T:4906  t=10  tag=2
44502ms  emitted T:4907  t=11  tag=2
44550ms  emitted T:4908  t=10  tag=2
44624ms  emitted T:4910  t=11  tag=2
44690ms  emitted T:4911  t=11  tag=2
44758ms  emitted T:4912  t=11  tag=2
44830ms  emitted T:4913  t=11  tag=2
44911ms  emitted T:4914  t=11  tag=2
44989ms  emitted T:4915  t=12  tag=2
45088ms  emitted T:4916  t=11  tag=2
45157ms  emitted T:4917  t=11  tag=2
45220ms  emitted T:4918  t=11  tag=2
45302ms  emitted T:4919  t=11  tag=2
45367ms  emitted T:4920  t=11  tag=2
45378ms  emitted T:4921  t=11  tag=0
45378ms  emitted T:4922  t=10  tag=P3
45378ms  emitted T:4923  t=4  tag=P3
45378ms  emitted T:4924  t=8  tag=P3
45378ms  emitted T:4925  t=4  tag=P3
45378ms  emitted T:4926  t=6  tag=P3
45379ms  emitted T:4927  t=4  tag=P3
45379ms  emitted T:4928  t=4  tag=P3
45383ms  emitted T:4929  t=7  tag=0
45416ms  emitted T:4930  t=7  tag=2+3
45447ms  emitted T:4931  t=9  tag=2+3
45455ms  emitted T:4932  t=5  tag=3
45486ms  emitted T:4933  t=8  tag=2
45512ms  emitted T:4934  t=8  tag=2
45541ms  emitted T:4935  t=8  tag=2
45566ms  emitted T:4936  t=8  tag=2
45593ms  emitted T:4937  t=10  tag=2
45620ms  emitted T:4938  t=8  tag=2
45645ms  emitted T:4939  t=8  tag=2
45677ms  emitted T:4940  t=12  tag=2
45709ms  emitted T:4941  t=7  tag=2
45742ms  emitted T:4942  t=9  tag=2
45774ms  emitted T:4943  t=10  tag=2
45808ms  emitted T:4944  t=9  tag=2
45842ms  emitted T:4945  t=6  tag=2
45851ms  emitted T:4946  t=6  tag=0
45862ms  emitted T:4947  t=6  tag=0
45902ms  emitted T:4948  t=10  tag=2+3
45923ms  emitted T:4949  t=10  tag=2
45967ms  emitted T:4950  t=10  tag=0
45973ms  emitted T:4951  t=10  tag=0
45980ms  emitted T:4952  t=7  tag=0
45994ms  emitted T:4953  t=7  tag=2
46013ms  emitted T:4954  t=10  tag=2
46033ms  emitted T:4955  t=9  tag=0
46048ms  emitted T:4956  t=7  tag=0
46066ms  emitted T:4961  t=12  tag=0
46083ms  emitted T:4963  t=11  tag=0
46101ms  emitted T:4965  t=9  tag=0
46116ms  emitted T:4966  t=9  tag=0
46133ms  emitted T:4967  t=9  tag=0
46147ms  emitted T:4968  t=10  tag=0
46165ms  emitted T:4969  t=9  tag=0
46179ms  emitted T:4970  t=11  tag=0
46199ms  emitted T:4972  t=11  tag=0
46218ms  emitted T:4973  t=11  tag=0
46233ms  emitted T:4974  t=11  tag=0
46250ms  emitted T:4975  t=11  tag=0
46268ms  emitted T:4976  t=12  tag=0
46286ms  emitted T:4977  t=11  tag=0
46304ms  emitted T:4979  t=8  tag=0
46381ms  emitted T:4982  t=12  tag=2
46449ms  emitted T:4988  t=12  tag=2
46517ms  emitted T:4990  t=12  tag=2
46587ms  emitted T:4991  t=12  tag=2
46661ms  emitted T:4995  t=11  tag=2
46738ms  emitted T:4998  t=11  tag=2
46825ms  emitted T:4999  t=11  tag=2
46921ms  emitted T:5000  t=9  tag=2
46921ms  TOM progress 5000/10723
47045ms  emitted T:5001  t=11  tag=2
47119ms  emitted T:5002  t=9  tag=2
47186ms  emitted T:5003  t=7  tag=2
47251ms  emitted T:5004  t=8  tag=2
47323ms  emitted T:5005  t=7  tag=2
47391ms  emitted T:5006  t=7  tag=2
47470ms  emitted T:5020  t=9  tag=2
47543ms  emitted T:5021  t=9  tag=2
47614ms  emitted T:5022  t=10  tag=2
47681ms  emitted T:5023  t=10  tag=2
47758ms  emitted T:5024  t=9  tag=2
47837ms  emitted T:5025  t=9  tag=2
47945ms  emitted T:5026  t=9  tag=2
48013ms  emitted T:5027  t=9  tag=2
48085ms  emitted T:5028  t=10  tag=2
48161ms  emitted T:5029  t=10  tag=2
48238ms  emitted T:5030  t=9  tag=2
48318ms  emitted T:5031  t=9  tag=2
48387ms  emitted T:5032  t=9  tag=2
48461ms  emitted T:5033  t=9  tag=2
48532ms  emitted T:5034  t=9  tag=2
48615ms  emitted T:5035  t=10  tag=2
48688ms  emitted T:5036  t=9  tag=2
48795ms  emitted T:5037  t=9  tag=2
48856ms  emitted T:5038  t=9  tag=2
48924ms  emitted T:5039  t=10  tag=2
48991ms  emitted T:5040  t=10  tag=2
49063ms  emitted T:5041  t=10  tag=2
49142ms  emitted T:5042  t=9  tag=2
49217ms  emitted T:5043  t=9  tag=2
49285ms  emitted T:5044  t=7  tag=2
49357ms  emitted T:5045  t=8  tag=2
49433ms  emitted T:5055  t=11  tag=2
49509ms  emitted T:5056  t=11  tag=2
49589ms  emitted T:5057  t=11  tag=2
49684ms  emitted T:5058  t=11  tag=2
49755ms  emitted T:5059  t=11  tag=2
49832ms  emitted T:5060  t=11  tag=2
49907ms  emitted T:5061  t=11  tag=2
49984ms  emitted T:5062  t=11  tag=2
50060ms  emitted T:5064  t=11  tag=2
50131ms  emitted T:5065  t=11  tag=2
50209ms  emitted T:5066  t=12  tag=2
50280ms  emitted T:5067  t=12  tag=2
50350ms  emitted T:5068  t=11  tag=2
50432ms  emitted T:5069  t=11  tag=2
50548ms  emitted T:5070  t=12  tag=2
50615ms  emitted T:5071  t=11  tag=2
50685ms  emitted T:5072  t=12  tag=2
50756ms  emitted T:5073  t=11  tag=2
50827ms  emitted T:5074  t=11  tag=2
50894ms  emitted T:5075  t=12  tag=2
50963ms  emitted T:5076  t=11  tag=2
51040ms  emitted T:5077  t=12  tag=2
51109ms  emitted T:5078  t=12  tag=2
51183ms  emitted T:5079  t=12  tag=2
51264ms  emitted T:5080  t=11  tag=2
51348ms  emitted T:5081  t=11  tag=2
51462ms  emitted T:5082  t=12  tag=2
51531ms  emitted T:5083  t=12  tag=2
51604ms  emitted T:5084  t=11  tag=2
51683ms  emitted T:5085  t=12  tag=2
51760ms  emitted T:5086  t=11  tag=2
51833ms  emitted T:5087  t=11  tag=2
51903ms  emitted T:5088  t=11  tag=2
51980ms  emitted T:5089  t=11  tag=2
52054ms  emitted T:5090  t=11  tag=2
52135ms  emitted T:5091  t=11  tag=2
52215ms  emitted T:5092  t=11  tag=2
52335ms  emitted T:5103  t=11  tag=2
52401ms  emitted T:5104  t=8  tag=2
52466ms  emitted T:5105  t=8  tag=2
52533ms  emitted T:5106  t=8  tag=2
52598ms  emitted T:5107  t=9  tag=2
52665ms  emitted T:5108  t=8  tag=2
52735ms  emitted T:5109  t=8  tag=2
52804ms  emitted T:5110  t=9  tag=2
52874ms  emitted T:5111  t=8  tag=2
52940ms  emitted T:5113  t=10  tag=2
53008ms  emitted T:5114  t=6  tag=2
53079ms  emitted T:5115  t=7  tag=2
53146ms  emitted T:5116  t=5  tag=2
53260ms  emitted T:5117  t=11  tag=2
53273ms  emitted T:5118  t=12  tag=2
53285ms  emitted T:5119  t=10  tag=2
53301ms  emitted T:5121  t=10  tag=2
53313ms  emitted T:5122  t=4  tag=2
53326ms  emitted T:5123  t=5  tag=2
53341ms  emitted T:5124  t=4  tag=2
53354ms  emitted T:5125  t=3  tag=2
53370ms  emitted T:5126  t=11  tag=2
53385ms  emitted T:5128  t=6  tag=2
53401ms  emitted T:5129  t=6  tag=2
53415ms  emitted T:5130  t=6  tag=2
53429ms  emitted T:5131  t=6  tag=2
53445ms  emitted T:5132  t=7  tag=2
53458ms  emitted T:5133  t=6  tag=2
53475ms  emitted T:5134  t=7  tag=2
53488ms  emitted T:5135  t=7  tag=2
53505ms  emitted T:5136  t=9  tag=2
53520ms  emitted T:5137  t=9  tag=2
53535ms  emitted T:5138  t=9  tag=2
53547ms  emitted T:5139  t=4  tag=2
53561ms  emitted T:5140  t=5  tag=2
53570ms  emitted T:5141  t=12  tag=0
53577ms  emitted T:5142  t=6  tag=0
53585ms  emitted T:5143  t=5  tag=0
53595ms  emitted T:5144  t=4  tag=0
53603ms  emitted T:5145  t=4  tag=0
55069ms  emitted T:5149  t=12  tag=2
56630ms  emitted T:5150  t=10  tag=2
56674ms  emitted T:5152  t=12  tag=2
56713ms  emitted T:5154  t=12  tag=2
56755ms  emitted T:5155  t=11  tag=2
56793ms  emitted T:5156  t=12  tag=2
56829ms  emitted T:5157  t=12  tag=2
56873ms  emitted T:5158  t=9  tag=2
56914ms  emitted T:5159  t=11  tag=2
56962ms  emitted T:5160  t=10  tag=2
57000ms  emitted T:5161  t=8  tag=2
57046ms  emitted T:5162  t=9  tag=2
57091ms  emitted T:5163  t=9  tag=2
57135ms  emitted T:5164  t=8  tag=2
57180ms  emitted T:5165  t=8  tag=2
57221ms  emitted T:5166  t=9  tag=2
57266ms  emitted T:5167  t=8  tag=2
57315ms  emitted T:5168  t=8  tag=2
57361ms  emitted T:5169  t=8  tag=2
57406ms  emitted T:5170  t=8  tag=2
57453ms  emitted T:5171  t=8  tag=2
57507ms  emitted T:5172  t=8  tag=2
57594ms  emitted T:5173  t=9  tag=2
57631ms  emitted T:5174  t=10  tag=2
57673ms  emitted T:5175  t=10  tag=2
57711ms  emitted T:5176  t=10  tag=2
57749ms  emitted T:5177  t=10  tag=2
57789ms  emitted T:5181  t=7  tag=2
57827ms  emitted T:5182  t=6  tag=2
57861ms  emitted T:5183  t=6  tag=2
57896ms  emitted T:5184  t=7  tag=2
57938ms  emitted T:5185  t=10  tag=2
57970ms  emitted T:5186  t=4  tag=2
57982ms  emitted T:5188  t=12  tag=0
57994ms  emitted T:5189  t=12  tag=0
58008ms  emitted T:5191  t=11  tag=0
58023ms  emitted T:5192  t=12  tag=0
58035ms  emitted T:5193  t=12  tag=0
58049ms  emitted T:5194  t=8  tag=0
58061ms  emitted T:5195  t=7  tag=0
58073ms  emitted T:5196  t=6  tag=0
58085ms  emitted T:5197  t=6  tag=0
58097ms  emitted T:5198  t=8  tag=0
58111ms  emitted T:5199  t=8  tag=0
58124ms  emitted T:5200  t=8  tag=0
58124ms  TOM progress 5200/10723
58135ms  emitted T:5201  t=8  tag=0
58149ms  emitted T:5202  t=8  tag=0
58162ms  emitted T:5203  t=8  tag=0
58175ms  emitted T:5204  t=9  tag=0
58186ms  emitted T:5205  t=9  tag=0
58199ms  emitted T:5206  t=9  tag=0
58211ms  emitted T:5207  t=8  tag=0
58222ms  emitted T:5208  t=8  tag=0
58234ms  emitted T:5209  t=9  tag=0
58246ms  emitted T:5210  t=10  tag=0
58258ms  emitted T:5211  t=10  tag=0
58269ms  emitted T:5212  t=10  tag=0
58281ms  emitted T:5213  t=10  tag=0
58297ms  emitted T:5217  t=10  tag=0
58310ms  emitted T:5218  t=10  tag=0
58324ms  emitted T:5219  t=9  tag=0
58336ms  emitted T:5220  t=8  tag=0
58348ms  emitted T:5221  t=10  tag=0
58361ms  emitted T:5222  t=4  tag=0
58393ms  emitted T:5225  t=12  tag=2
58427ms  emitted T:5226  t=12  tag=2
58465ms  emitted T:5228  t=12  tag=2
58499ms  emitted T:5230  t=12  tag=2
58536ms  emitted T:5231  t=12  tag=2
58573ms  emitted T:5232  t=11  tag=2
58648ms  emitted T:5233  t=11  tag=2
58680ms  emitted T:5234  t=12  tag=2
58711ms  emitted T:5235  t=12  tag=2
58746ms  emitted T:5236  t=12  tag=2
58778ms  emitted T:5237  t=9  tag=2
58810ms  emitted T:5238  t=8  tag=2
58843ms  emitted T:5239  t=9  tag=2
58877ms  emitted T:5240  t=9  tag=2
58909ms  emitted T:5241  t=8  tag=2
58943ms  emitted T:5242  t=8  tag=2
58976ms  emitted T:5243  t=8  tag=2
59010ms  emitted T:5244  t=8  tag=2
59040ms  emitted T:5245  t=8  tag=2
59072ms  emitted T:5246  t=8  tag=2
59108ms  emitted T:5247  t=9  tag=2
59143ms  emitted T:5248  t=8  tag=2
59175ms  emitted T:5249  t=8  tag=2
59209ms  emitted T:5250  t=8  tag=2
59241ms  emitted T:5251  t=9  tag=2
59277ms  emitted T:5252  t=8  tag=2
59313ms  emitted T:5253  t=8  tag=2
59347ms  emitted T:5254  t=8  tag=2
59382ms  emitted T:5255  t=9  tag=2
59421ms  emitted T:5256  t=8  tag=2
59461ms  emitted T:5257  t=8  tag=2
59531ms  emitted T:5258  t=9  tag=2
59564ms  emitted T:5259  t=8  tag=2
59597ms  emitted T:5260  t=9  tag=2
59630ms  emitted T:5267  t=10  tag=2
59658ms  emitted T:5268  t=10  tag=2
59687ms  emitted T:5269  t=10  tag=2
59717ms  emitted T:5270  t=10  tag=2
59751ms  emitted T:5271  t=10  tag=2
59782ms  emitted T:5272  t=10  tag=2
59812ms  emitted T:5273  t=10  tag=2
59843ms  emitted T:5274  t=10  tag=2
59875ms  emitted T:5275  t=10  tag=2
59911ms  emitted T:5276  t=10  tag=2
59943ms  emitted T:5277  t=10  tag=2
59978ms  emitted T:5278  t=10  tag=2
60010ms  emitted T:5279  t=8  tag=2
60042ms  emitted T:5280  t=9  tag=2
60074ms  emitted T:5281  t=8  tag=2
60109ms  emitted T:5282  t=8  tag=2
60143ms  emitted T:5283  t=6  tag=2
60174ms  emitted T:5284  t=6  tag=2
60208ms  emitted T:5285  t=6  tag=2
60241ms  emitted T:5286  t=7  tag=2
60276ms  emitted T:5287  t=6  tag=2
60311ms  emitted T:5288  t=7  tag=2
60347ms  emitted T:5289  t=10  tag=2
60426ms  emitted T:5290  t=10  tag=2
60450ms  emitted T:5291  t=5  tag=2
60477ms  emitted T:5292  t=4  tag=2
60504ms  emitted T:5293  t=3  tag=2
60513ms  emitted T:5294  t=11  tag=0
60521ms  emitted T:5296  t=7  tag=0
60531ms  emitted T:5297  t=7  tag=0
60539ms  emitted T:5298  t=7  tag=0
60547ms  emitted T:5299  t=7  tag=0
60555ms  emitted T:5300  t=9  tag=0
60562ms  emitted T:5301  t=4  tag=0
60573ms  emitted T:5302  t=5  tag=0
60580ms  emitted T:5303  t=12  tag=0
60588ms  emitted T:5304  t=10  tag=0
60596ms  emitted T:5305  t=10  tag=0
60606ms  emitted T:5306  t=6  tag=0
60614ms  emitted T:5307  t=4  tag=0
60621ms  emitted T:5308  t=3  tag=0
60629ms  emitted T:5309  t=4  tag=0
60661ms  emitted T:5311  t=12  tag=2
60693ms  emitted T:5312  t=12  tag=2
60728ms  emitted T:5314  t=11  tag=2
60761ms  emitted T:5315  t=12  tag=2
60794ms  emitted T:5316  t=12  tag=2
60826ms  emitted T:5317  t=8  tag=2
60858ms  emitted T:5318  t=7  tag=2
60888ms  emitted T:5319  t=6  tag=2
60917ms  emitted T:5320  t=6  tag=2
60949ms  emitted T:5321  t=10  tag=2
60980ms  emitted T:5322  t=10  tag=2
61012ms  emitted T:5323  t=10  tag=2
61043ms  emitted T:5324  t=10  tag=2
61075ms  emitted T:5325  t=8  tag=2
61110ms  emitted T:5326  t=8  tag=2
61143ms  emitted T:5327  t=8  tag=2
61175ms  emitted T:5328  t=8  tag=2
61208ms  emitted T:5329  t=8  tag=2
61244ms  emitted T:5330  t=8  tag=2
61281ms  emitted T:5331  t=9  tag=2
61322ms  emitted T:5332  t=9  tag=2
61387ms  emitted T:5333  t=9  tag=2
61421ms  emitted T:5334  t=9  tag=2
61453ms  emitted T:5335  t=8  tag=2
61488ms  emitted T:5336  t=8  tag=2
61531ms  emitted T:5337  t=9  tag=2
61566ms  emitted T:5338  t=10  tag=2
61600ms  emitted T:5339  t=10  tag=2
61632ms  emitted T:5340  t=8  tag=2
61668ms  emitted T:5344  t=10  tag=2
61694ms  emitted T:5345  t=4  tag=2
61708ms  emitted T:5346  t=6  tag=0
61753ms  emitted T:5347  t=9  tag=2
61798ms  emitted T:5348  t=10  tag=2
61843ms  emitted T:5349  t=12  tag=2
61887ms  emitted T:5350  t=11  tag=2
61927ms  emitted T:5351  t=12  tag=2
61967ms  emitted T:5352  t=7  tag=2
62007ms  emitted T:5353  t=6  tag=2
62048ms  emitted T:5354  t=8  tag=2
62087ms  emitted T:5355  t=9  tag=2
62128ms  emitted T:5356  t=8  tag=2
62175ms  emitted T:5357  t=8  tag=2
62259ms  emitted T:5358  t=8  tag=2
62294ms  emitted T:5359  t=10  tag=2
62307ms  emitted T:5361  t=9  tag=0
62320ms  emitted T:5362  t=10  tag=0
62334ms  emitted T:5363  t=11  tag=0
62346ms  emitted T:5364  t=12  tag=0
62359ms  emitted T:5365  t=12  tag=0
62371ms  emitted T:5366  t=7  tag=0
62382ms  emitted T:5367  t=6  tag=0
62394ms  emitted T:5368  t=8  tag=0
62405ms  emitted T:5369  t=9  tag=0
62418ms  emitted T:5370  t=8  tag=0
62430ms  emitted T:5371  t=8  tag=0
62441ms  emitted T:5372  t=8  tag=0
62454ms  emitted T:5374  t=10  tag=0
62490ms  emitted T:5375  t=8  tag=0
62520ms  emitted T:5376  t=6  tag=2
62838ms  emitted T:5377  t=12  tag=2
63179ms  emitted T:5378  t=12  tag=2
63523ms  emitted T:5381  t=9  tag=2
63842ms  emitted T:5382  t=9  tag=2
63940ms  emitted T:5383  t=8  tag=2
64046ms  emitted T:5384  t=12  tag=2
64210ms  emitted T:5385  t=11  tag=2
64301ms  emitted T:5386  t=11  tag=2
64344ms  emitted T:5387  t=12  tag=0
64379ms  emitted T:5389  t=9  tag=0
64399ms  emitted T:5390  t=8  tag=0
64417ms  emitted T:5391  t=12  tag=0
64437ms  emitted T:5392  t=11  tag=0
64457ms  emitted T:5393  t=11  tag=0
64928ms  emitted T:5394  t=12  tag=2
65392ms  emitted T:5396  t=9  tag=2
65706ms  emitted T:5397  t=12  tag=2
66035ms  emitted T:5399  t=9  tag=2
66049ms  emitted T:5400  t=6  tag=0
66049ms  TOM progress 5400/10723
66063ms  emitted T:5401  t=7  tag=0
66438ms  emitted T:5402  t=11  tag=2
66768ms  emitted T:5403  t=12  tag=2
67169ms  emitted T:5404  t=12  tag=2
67464ms  emitted T:5405  t=12  tag=2
67804ms  emitted T:5406  t=12  tag=2
68220ms  emitted T:5407  t=12  tag=2
68543ms  emitted T:5409  t=12  tag=2
68864ms  emitted T:5410  t=12  tag=2
69209ms  emitted T:5411  t=10  tag=2
69498ms  emitted T:5412  t=9  tag=2
69798ms  emitted T:5413  t=9  tag=2
70148ms  emitted T:5414  t=9  tag=2
70441ms  emitted T:5415  t=9  tag=2
70754ms  emitted T:5416  t=10  tag=2
71102ms  emitted T:5417  t=9  tag=2
71396ms  emitted T:5418  t=9  tag=2
71712ms  emitted T:5419  t=10  tag=2
72048ms  emitted T:5420  t=9  tag=2
72341ms  emitted T:5421  t=9  tag=2
72661ms  emitted T:5422  t=9  tag=2
72985ms  emitted T:5423  t=9  tag=2
73283ms  emitted T:5424  t=9  tag=2
73645ms  emitted T:5425  t=9  tag=2
73935ms  emitted T:5426  t=9  tag=2
74236ms  emitted T:5427  t=9  tag=2
74596ms  emitted T:5428  t=9  tag=2
74891ms  emitted T:5429  t=9  tag=2
75188ms  emitted T:5430  t=9  tag=2
75557ms  emitted T:5431  t=9  tag=2
75843ms  emitted T:5432  t=10  tag=2
76210ms  emitted T:5449  t=9  tag=2
76573ms  emitted T:5450  t=12  tag=2
76855ms  emitted T:5451  t=11  tag=2
76888ms  emitted T:5452  t=7  tag=2
76922ms  emitted T:5453  t=8  tag=2
76960ms  emitted T:5454  t=7  tag=2
76973ms  emitted T:5455  t=7  tag=0
77078ms  emitted T:5456  t=11  tag=2
77187ms  emitted T:5457  t=12  tag=2
77300ms  emitted T:5458  t=11  tag=2
77443ms  emitted T:5459  t=11  tag=2
77547ms  emitted T:5460  t=11  tag=2
77637ms  emitted T:5461  t=12  tag=2
77728ms  emitted T:5462  t=11  tag=2
77834ms  emitted T:5463  t=11  tag=2
77936ms  emitted T:5464  t=8  tag=2
78257ms  emitted T:5465  t=8  tag=2
78528ms  emitted T:5466  t=8  tag=2
78669ms  emitted T:5467  t=11  tag=2
78812ms  emitted T:5468  t=12  tag=2
78958ms  emitted T:5469  t=12  tag=2
79135ms  emitted T:5470  t=11  tag=2
79262ms  emitted T:5471  t=11  tag=2
79400ms  emitted T:5472  t=8  tag=2
79410ms  emitted T:5473  t=8  tag=0
79422ms  emitted T:5474  t=7  tag=0
79431ms  emitted T:5475  t=7  tag=0
79533ms  emitted T:5476  t=12  tag=2
79636ms  emitted T:5477  t=11  tag=2
79732ms  emitted T:5478  t=11  tag=2
79830ms  emitted T:5479  t=11  tag=2
79939ms  emitted T:5480  t=11  tag=2
80062ms  emitted T:5481  t=11  tag=2
80162ms  emitted T:5482  t=12  tag=2
80262ms  emitted T:5483  t=8  tag=2
80280ms  emitted T:5484  t=11  tag=0
80292ms  emitted T:5485  t=6  tag=0
80393ms  emitted T:5486  t=11  tag=2
80497ms  emitted T:5487  t=11  tag=2
80593ms  emitted T:5488  t=11  tag=2
80691ms  emitted T:5489  t=11  tag=2
80938ms  emitted T:5490  t=11  tag=2
81078ms  emitted T:5491  t=11  tag=2
81113ms  emitted T:5492  t=7  tag=2
81120ms  emitted T:5493  t=3  tag=0
81131ms  emitted T:5494  t=3  tag=2
81144ms  emitted T:5495  t=3  tag=2
81155ms  emitted T:5496  t=3  tag=2
81168ms  emitted T:5497  t=3  tag=2
81188ms  emitted T:5498  t=6  tag=2
81198ms  emitted T:5499  t=4  tag=0
81298ms  emitted T:5500  t=11  tag=2
81424ms  emitted T:5501  t=11  tag=2
81561ms  emitted T:5502  t=11  tag=2
81664ms  emitted T:5503  t=11  tag=2
81782ms  emitted T:5504  t=11  tag=2
82065ms  emitted T:5505  t=8  tag=2
82148ms  emitted T:5506  t=7  tag=2
82243ms  emitted T:5507  t=11  tag=2
82331ms  emitted T:5508  t=11  tag=2
82432ms  emitted T:5509  t=11  tag=2
82533ms  emitted T:5510  t=11  tag=2
82653ms  emitted T:5511  t=11  tag=2
82746ms  emitted T:5512  t=11  tag=2
82760ms  emitted T:5513  t=7  tag=0
82854ms  emitted T:5514  t=11  tag=2
82939ms  emitted T:5515  t=11  tag=2
82959ms  emitted T:5516  t=11  tag=0
83082ms  emitted T:5517  t=11  tag=2
83208ms  emitted T:5518  t=11  tag=2
83303ms  emitted T:5519  t=11  tag=2
83455ms  emitted T:5520  t=11  tag=2
83552ms  emitted T:5521  t=11  tag=2
83640ms  emitted T:5522  t=11  tag=2
83716ms  emitted T:5523  t=7  tag=2
83731ms  emitted T:5524  t=11  tag=0
83749ms  emitted T:5525  t=11  tag=0
83761ms  emitted T:5526  t=7  tag=0
83803ms  emitted T:5527  t=7  tag=2
83842ms  emitted T:5528  t=7  tag=2
83922ms  emitted T:5529  t=7  tag=2
83965ms  emitted T:5530  t=7  tag=2
84002ms  emitted T:5531  t=8  tag=2
84048ms  emitted T:5532  t=7  tag=2
84181ms  emitted T:5533  t=11  tag=2
84320ms  emitted T:5534  t=11  tag=2
84352ms  emitted T:5535  t=7  tag=2
84384ms  emitted T:5536  t=8  tag=2
84417ms  emitted T:5537  t=7  tag=2
84452ms  emitted T:5538  t=6  tag=2
84487ms  emitted T:5539  t=9  tag=2
84577ms  emitted T:5540  t=7  tag=2
84594ms  emitted T:5541  t=5  tag=2
84636ms  emitted T:5542  t=7  tag=2
84757ms  emitted T:5543  t=7  tag=2
85042ms  emitted T:5544  t=8  tag=2
85130ms  emitted T:5545  t=7  tag=2
85139ms  emitted T:5546  t=3  tag=0
85146ms  emitted T:5547  t=3  tag=0
85155ms  emitted T:5548  t=5  tag=0
85162ms  emitted T:5549  t=3  tag=0
85256ms  emitted T:5550  t=7  tag=2
85356ms  emitted T:5551  t=7  tag=2
85463ms  emitted T:5552  t=8  tag=2
85619ms  emitted T:5553  t=7  tag=2
85644ms  emitted T:5554  t=8  tag=2
85650ms  emitted T:5555  t=8  tag=0
85657ms  emitted T:5556  t=6  tag=0
85680ms  emitted T:5557  t=8  tag=2
85701ms  emitted T:5558  t=8  tag=2
85724ms  emitted T:5559  t=10  tag=2
85741ms  emitted T:5560  t=6  tag=2
85762ms  emitted T:5561  t=6  tag=2
85779ms  emitted T:5562  t=5  tag=2
85786ms  emitted T:5563  t=6  tag=0
85795ms  emitted T:5564  t=8  tag=0
85801ms  emitted T:5565  t=6  tag=0
85806ms  emitted T:5566  t=6  tag=0
85813ms  emitted T:5567  t=9  tag=0
85820ms  emitted T:5568  t=7  tag=0
85830ms  emitted T:5569  t=9  tag=0
85837ms  emitted T:5570  t=7  tag=0
85865ms  emitted T:5571  t=8  tag=2
85885ms  emitted T:5572  t=5  tag=2
85890ms  emitted T:5573  t=4  tag=0
85922ms  emitted T:5575  t=4  tag=2
85960ms  emitted T:5576  t=8  tag=2
85995ms  emitted T:5577  t=6  tag=2
86030ms  emitted T:5578  t=5  tag=2
86066ms  emitted T:5579  t=9  tag=2
86106ms  emitted T:5580  t=8  tag=2
86143ms  emitted T:5581  t=8  tag=2
86178ms  emitted T:5582  t=7  tag=2
86218ms  emitted T:5584  t=11  tag=2
86256ms  emitted T:5585  t=11  tag=2
86294ms  emitted T:5586  t=10  tag=2
86329ms  emitted T:5588  t=5  tag=2
86410ms  emitted T:5590  t=7  tag=3
86418ms  emitted T:5592  t=9  tag=0
86429ms  emitted T:5593  t=11  tag=0
86440ms  emitted T:5594  t=4  tag=0
86449ms  emitted T:5595  t=7  tag=0
86459ms  emitted T:5596  t=3  tag=0
86513ms  emitted T:5597  t=9  tag=2
86573ms  emitted T:5598  t=9  tag=2
86635ms  emitted T:5599  t=8  tag=2
86704ms  emitted T:5600  t=7  tag=2
86704ms  TOM progress 5600/10723
86821ms  emitted T:5601  t=8  tag=2
86871ms  emitted T:5602  t=8  tag=2
86919ms  emitted T:5603  t=8  tag=2
86975ms  emitted T:5604  t=8  tag=2
87020ms  emitted T:5605  t=7  tag=2
87071ms  emitted T:5606  t=7  tag=2
87122ms  emitted T:5607  t=12  tag=2
87176ms  emitted T:5608  t=11  tag=2
87228ms  emitted T:5612  t=5  tag=2
87278ms  emitted T:5613  t=7  tag=2
87327ms  emitted T:5614  t=7  tag=2
87377ms  emitted T:5615  t=6  tag=2
87426ms  emitted T:5616  t=7  tag=2
87478ms  emitted T:5617  t=6  tag=2
87532ms  emitted T:5618  t=5  tag=2
87582ms  emitted T:5619  t=11  tag=2
87635ms  emitted T:5620  t=10  tag=2
87691ms  emitted T:5621  t=11  tag=2
87756ms  emitted T:5622  t=10  tag=2
87815ms  emitted T:5623  t=10  tag=2
87873ms  emitted T:5626  t=4  tag=2
87941ms  emitted T:5627  t=5  tag=2
88037ms  emitted T:5628  t=5  tag=2
88049ms  emitted T:5629  t=8  tag=0
88057ms  emitted T:5631  t=3  tag=0
88065ms  emitted T:5632  t=11  tag=0
88072ms  emitted T:5633  t=4  tag=0
88085ms  emitted T:5634  t=8  tag=0
88130ms  emitted T:5635  t=9  tag=2
88177ms  emitted T:5636  t=9  tag=2
88226ms  emitted T:5637  t=8  tag=2
88272ms  emitted T:5638  t=8  tag=2
88320ms  emitted T:5639  t=8  tag=2
88365ms  emitted T:5640  t=8  tag=2
88414ms  emitted T:5641  t=8  tag=2
88458ms  emitted T:5642  t=7  tag=2
88502ms  emitted T:5643  t=7  tag=2
88553ms  emitted T:5644  t=7  tag=2
88600ms  emitted T:5646  t=7  tag=2
88646ms  emitted T:5647  t=6  tag=2
88692ms  emitted T:5648  t=6  tag=2
88740ms  emitted T:5649  t=7  tag=2
88792ms  emitted T:5654  t=11  tag=2
88847ms  emitted T:5655  t=10  tag=2
88905ms  emitted T:5656  t=11  tag=2
88963ms  emitted T:5657  t=6  tag=2
89059ms  emitted T:5658  t=5  tag=2
89101ms  emitted T:5659  t=10  tag=2
89145ms  emitted T:5660  t=11  tag=2
89189ms  emitted T:5661  t=10  tag=2
89246ms  emitted T:5663  t=8  tag=2
89296ms  emitted T:5665  t=8  tag=2
89342ms  emitted T:5666  t=8  tag=2
89389ms  emitted T:5667  t=10  tag=2
89437ms  emitted T:5668  t=6  tag=2
89527ms  emitted T:5670  t=8  tag=2
89623ms  emitted T:5671  t=8  tag=2
89716ms  emitted T:5672  t=6  tag=2
89805ms  emitted T:5673  t=10  tag=2
89836ms  emitted T:5674  t=6  tag=2
89869ms  emitted T:5675  t=8  tag=2
89902ms  emitted T:5676  t=6  tag=2
89935ms  emitted T:5677  t=6  tag=2
89968ms  emitted T:5678  t=6  tag=2
90038ms  emitted T:5679  t=4  tag=2
90061ms  emitted T:5680  t=5  tag=2
90095ms  emitted T:5681  t=6  tag=2
90132ms  emitted T:5682  t=6  tag=2
90164ms  emitted T:5683  t=6  tag=2
90195ms  emitted T:5684  t=6  tag=2
90199ms  emitted T:5685  t=2  tag=0
90204ms  emitted T:5686  t=7  tag=0
90212ms  emitted T:5687  t=8  tag=0
90273ms  emitted T:5688  t=8  tag=2
90679ms  emitted T:5719  t=10  tag=2
90696ms  emitted T:5720  t=7  tag=2
90717ms  emitted T:5721  t=7  tag=2
90737ms  emitted T:5722  t=7  tag=2
90843ms  emitted T:5724  t=11  tag=2
90887ms  emitted T:5725  t=11  tag=2
90933ms  emitted T:5726  t=11  tag=2
90978ms  emitted T:5727  t=10  tag=2
91030ms  emitted T:5728  t=10  tag=2
91077ms  emitted T:5729  t=10  tag=2
91120ms  emitted T:5730  t=8  tag=2
91166ms  emitted T:5731  t=7  tag=2
91209ms  emitted T:5732  t=7  tag=2
91256ms  emitted T:5733  t=7  tag=2
91303ms  emitted T:5734  t=8  tag=2
91351ms  emitted T:5735  t=7  tag=2
91397ms  emitted T:5739  t=10  tag=2
91420ms  emitted T:5741  t=7  tag=2
91442ms  emitted T:5742  t=10  tag=2
91464ms  emitted T:5743  t=7  tag=2
91487ms  emitted T:5744  t=7  tag=2
91506ms  emitted T:5746  t=7  tag=2
91525ms  emitted T:5747  t=7  tag=2
91544ms  emitted T:5748  t=10  tag=2
91563ms  emitted T:5749  t=7  tag=2
91678ms  emitted T:5750  t=9  tag=2
91806ms  emitted T:5751  t=11  tag=2
91925ms  emitted T:5752  t=9  tag=2
92046ms  emitted T:5753  t=11  tag=2
92156ms  emitted T:5754  t=9  tag=2
92264ms  emitted T:5755  t=11  tag=2
92312ms  emitted T:5756  t=8  tag=2
92351ms  emitted T:5757  t=8  tag=2
92384ms  emitted T:5758  t=8  tag=2
92420ms  emitted T:5759  t=8  tag=2
92471ms  emitted T:5760  t=10  tag=2
92519ms  emitted T:5761  t=11  tag=2
92569ms  emitted T:5762  t=10  tag=2
92617ms  emitted T:5763  t=8  tag=2
92669ms  emitted T:5764  t=7  tag=2
92720ms  emitted T:5766  t=7  tag=2
92730ms  emitted T:5767  t=7  tag=0
92737ms  emitted T:5768  t=10  tag=0
92846ms  emitted T:5769  t=11  tag=2
92961ms  emitted T:5770  t=11  tag=2
93145ms  emitted T:5771  t=11  tag=2
93235ms  emitted T:5772  t=12  tag=2
93328ms  emitted T:5773  t=11  tag=2
93417ms  emitted T:5774  t=11  tag=2
93507ms  emitted T:5775  t=11  tag=2
93602ms  emitted T:5776  t=9  tag=2
93700ms  emitted T:5777  t=9  tag=2
93795ms  emitted T:5778  t=9  tag=2
93894ms  emitted T:5780  t=8  tag=2
93945ms  emitted T:5781  t=8  tag=2
93993ms  emitted T:5782  t=8  tag=2
94058ms  emitted T:5783  t=8  tag=2
94116ms  emitted T:5784  t=8  tag=2
94166ms  emitted T:5785  t=8  tag=2
94226ms  emitted T:5786  t=8  tag=2
94331ms  emitted T:5787  t=8  tag=2
94372ms  emitted T:5788  t=8  tag=2
94420ms  emitted T:5789  t=8  tag=2
94428ms  emitted T:5790  t=8  tag=0
94468ms  emitted T:5791  t=8  tag=2
94511ms  emitted T:5792  t=8  tag=2
94556ms  emitted T:5793  t=8  tag=2
94598ms  emitted T:5794  t=8  tag=2
94656ms  emitted T:5795  t=10  tag=2
94712ms  emitted T:5796  t=11  tag=2
94772ms  emitted T:5797  t=10  tag=2
94833ms  emitted T:5798  t=7  tag=2
94892ms  emitted T:5799  t=8  tag=2
94892ms  TOM progress 5800/10723
94951ms  emitted T:5801  t=7  tag=2
95007ms  emitted T:5802  t=8  tag=2
95042ms  emitted T:5803  t=8  tag=2
95093ms  emitted T:5804  t=8  tag=2
95147ms  emitted T:5805  t=8  tag=2
95170ms  emitted T:5806  t=6  tag=3
95189ms  emitted T:5807  t=8  tag=3
95232ms  emitted T:5808  t=6  tag=3
95318ms  emitted T:5811  t=8  tag=3
95363ms  emitted T:5812  t=6  tag=3
95363ms  emitted T:5813  t=11  tag=P2
95364ms  emitted T:5816  t=8  tag=P2
95364ms  emitted T:5817  t=9  tag=P2
95365ms  emitted T:5818  t=8  tag=P2
95365ms  emitted T:5819  t=11  tag=P2
95366ms  emitted T:5820  t=10  tag=P2
95366ms  emitted T:5821  t=10  tag=P2
95366ms  emitted T:5822  t=9  tag=P2
95369ms  emitted T:5823  t=12  tag=P2
95369ms  emitted T:5825  t=12  tag=P2
95370ms  emitted T:5826  t=12  tag=P2
95370ms  emitted T:5827  t=9  tag=P2
95371ms  emitted T:5828  t=9  tag=P2
95371ms  emitted T:5829  t=10  tag=P2
95371ms  emitted T:5830  t=8  tag=P2
95372ms  emitted T:5831  t=7  tag=P2
95372ms  emitted T:5832  t=10  tag=P2
95372ms  emitted T:5833  t=9  tag=P2
95373ms  emitted T:5834  t=9  tag=P2
95373ms  emitted T:5835  t=8  tag=P2
95373ms  emitted T:5836  t=8  tag=P2
95374ms  emitted T:5837  t=9  tag=P2
95374ms  emitted T:5838  t=9  tag=P2
95375ms  emitted T:5839  t=8  tag=P2
95375ms  emitted T:5840  t=9  tag=P2
95375ms  emitted T:5841  t=9  tag=P2
95376ms  emitted T:5842  t=10  tag=P2
95376ms  emitted T:5843  t=8  tag=P2
95377ms  emitted T:5844  t=9  tag=P2
95377ms  emitted T:5845  t=8  tag=P2
95377ms  emitted T:5846  t=8  tag=P2
95378ms  emitted T:5847  t=8  tag=P2
95378ms  emitted T:5848  t=8  tag=P2
95378ms  emitted T:5849  t=8  tag=P2
95379ms  emitted T:5850  t=8  tag=P2
95379ms  emitted T:5851  t=8  tag=P2
95380ms  emitted T:5852  t=7  tag=P2
95380ms  emitted T:5853  t=9  tag=P2
95380ms  emitted T:5854  t=8  tag=P2
95381ms  emitted T:5855  t=7  tag=P2
95381ms  emitted T:5856  t=6  tag=P2
95381ms  emitted T:5857  t=7  tag=P2
95382ms  emitted T:5858  t=8  tag=P2
95382ms  emitted T:5859  t=7  tag=P2
95383ms  emitted T:5860  t=6  tag=P2
95383ms  emitted T:5861  t=7  tag=P2
95383ms  emitted T:5862  t=7  tag=P2
95384ms  emitted T:5863  t=6  tag=P2
95384ms  emitted T:5864  t=11  tag=P2
95385ms  emitted T:5865  t=10  tag=P2
95386ms  emitted T:5867  t=9  tag=P2
95386ms  emitted T:5868  t=9  tag=P2
95387ms  emitted T:5869  t=11  tag=P2
95387ms  emitted T:5870  t=9  tag=P2
95387ms  emitted T:5871  t=9  tag=P2
95388ms  emitted T:5872  t=9  tag=P2
95388ms  emitted T:5873  t=9  tag=P2
95388ms  emitted T:5874  t=8  tag=P2
95389ms  emitted T:5875  t=8  tag=P2
95389ms  emitted T:5876  t=8  tag=P2
95390ms  emitted T:5877  t=8  tag=P2
95390ms  emitted T:5878  t=9  tag=P2
95390ms  emitted T:5879  t=8  tag=P2
95391ms  emitted T:5880  t=8  tag=P2
95391ms  emitted T:5881  t=8  tag=P2
95391ms  emitted T:5882  t=8  tag=P2
95392ms  emitted T:5883  t=9  tag=P2
95393ms  emitted T:5884  t=9  tag=P2
95393ms  emitted T:5885  t=8  tag=P2
95393ms  emitted T:5886  t=9  tag=P2
95394ms  emitted T:5887  t=8  tag=P2
95394ms  emitted T:5888  t=8  tag=P2
95395ms  emitted T:5889  t=8  tag=P2
95395ms  emitted T:5890  t=9  tag=P2
95396ms  emitted T:5891  t=8  tag=P2
95396ms  emitted T:5892  t=9  tag=P2
95396ms  emitted T:5893  t=8  tag=P2
95397ms  emitted T:5894  t=8  tag=P2
95397ms  emitted T:5895  t=10  tag=P2
95397ms  emitted T:5896  t=10  tag=P2
95398ms  emitted T:5897  t=10  tag=P2
95398ms  emitted T:5898  t=11  tag=P2
95398ms  emitted T:5899  t=10  tag=P2
95399ms  emitted T:5900  t=10  tag=P2
95399ms  emitted T:5901  t=10  tag=P2
95400ms  emitted T:5902  t=7  tag=P2
95400ms  emitted T:5903  t=7  tag=P2
95401ms  emitted T:5904  t=7  tag=P2
95401ms  emitted T:5905  t=7  tag=P2
95402ms  emitted T:5906  t=8  tag=P2
95402ms  emitted T:5907  t=8  tag=P2
95402ms  emitted T:5908  t=8  tag=P2
95403ms  emitted T:5909  t=7  tag=P2
95403ms  emitted T:5910  t=7  tag=P2
95403ms  emitted T:5911  t=6  tag=P2
95404ms  emitted T:5912  t=8  tag=P2
95404ms  emitted T:5913  t=7  tag=P2
95404ms  emitted T:5914  t=7  tag=P2
95405ms  emitted T:5915  t=7  tag=P2
95405ms  emitted T:5916  t=6  tag=P2
95405ms  emitted T:5917  t=6  tag=P2
95406ms  emitted T:5918  t=6  tag=P2
95406ms  emitted T:5919  t=7  tag=P2
95407ms  emitted T:5920  t=6  tag=P2
95407ms  emitted T:5921  t=9  tag=P2
95407ms  emitted T:5922  t=9  tag=P2
95408ms  emitted T:5923  t=7  tag=P2
95408ms  emitted T:5924  t=8  tag=P2
95409ms  emitted T:5925  t=7  tag=P2
95409ms  emitted T:5926  t=8  tag=P2
95409ms  emitted T:5927  t=7  tag=P2
95410ms  emitted T:5928  t=9  tag=P2
95410ms  emitted T:5929  t=8  tag=P2
95411ms  emitted T:5930  t=8  tag=P2
95411ms  emitted T:5931  t=9  tag=P2
95411ms  emitted T:5932  t=7  tag=P2
95412ms  emitted T:5933  t=7  tag=P2
95412ms  emitted T:5934  t=7  tag=P2
95412ms  emitted T:5935  t=6  tag=P2
95413ms  emitted T:5936  t=6  tag=P2
95413ms  emitted T:5937  t=6  tag=P2
95414ms  emitted T:5938  t=7  tag=P2
95414ms  emitted T:5939  t=6  tag=P2
95414ms  emitted T:5940  t=6  tag=P2
95415ms  emitted T:5941  t=10  tag=P2
95415ms  emitted T:5942  t=12  tag=P2
95415ms  emitted T:5943  t=7  tag=P2
95416ms  emitted T:5944  t=10  tag=P2
95416ms  emitted T:5945  t=9  tag=P2
95417ms  emitted T:5946  t=9  tag=P2
95417ms  emitted T:5947  t=10  tag=P2
95418ms  emitted T:5948  t=10  tag=P2
95418ms  emitted T:5949  t=12  tag=P2
95419ms  emitted T:5950  t=12  tag=P2
95419ms  emitted T:5951  t=10  tag=P2
95419ms  emitted T:5952  t=12  tag=P2
95420ms  emitted T:5953  t=7  tag=P2
95420ms  emitted T:5954  t=8  tag=P2
95420ms  emitted T:5955  t=9  tag=P2
95421ms  emitted T:5956  t=9  tag=P2
95421ms  emitted T:5957  t=7  tag=P2
95422ms  emitted T:5958  t=8  tag=P2
95422ms  emitted T:5959  t=7  tag=P2
95422ms  emitted T:5960  t=10  tag=P2
95423ms  emitted T:5961  t=9  tag=P2
95423ms  emitted T:5962  t=9  tag=P2
95424ms  emitted T:5963  t=6  tag=P2
95424ms  emitted T:5964  t=6  tag=P2
95425ms  emitted T:5965  t=6  tag=P2
95425ms  emitted T:5966  t=6  tag=P2
95425ms  emitted T:5967  t=6  tag=P2
95426ms  emitted T:5968  t=6  tag=P2
95426ms  emitted T:5969  t=6  tag=P2
95427ms  emitted T:5970  t=6  tag=P2
95427ms  emitted T:5971  t=6  tag=P2
95427ms  emitted T:5972  t=6  tag=P2
95428ms  emitted T:5973  t=6  tag=P2
95428ms  emitted T:5974  t=6  tag=P2
95428ms  emitted T:5975  t=6  tag=P2
95429ms  emitted T:5976  t=6  tag=P2
95429ms  emitted T:5977  t=6  tag=P2
95430ms  emitted T:5978  t=6  tag=P2
95430ms  emitted T:5979  t=6  tag=P2
95430ms  emitted T:5980  t=7  tag=P2
95431ms  emitted T:5981  t=7  tag=P2
95431ms  emitted T:5982  t=7  tag=P2
95431ms  emitted T:5983  t=8  tag=P2
95432ms  emitted T:5984  t=7  tag=P2
95432ms  emitted T:5985  t=7  tag=P2
95433ms  emitted T:5986  t=6  tag=P2
95433ms  emitted T:5987  t=6  tag=P2
95434ms  emitted T:5988  t=8  tag=P2
95434ms  emitted T:5989  t=8  tag=P2
95435ms  emitted T:5990  t=9  tag=P2
95435ms  emitted T:5991  t=8  tag=P2
95435ms  emitted T:5992  t=9  tag=P2
95436ms  emitted T:5993  t=8  tag=P2
95436ms  emitted T:5994  t=8  tag=P2
95437ms  emitted T:5995  t=10  tag=P2
95437ms  emitted T:5996  t=6  tag=P2
95437ms  emitted T:5997  t=6  tag=P2
95438ms  emitted T:5998  t=7  tag=P2
95438ms  emitted T:5999  t=6  tag=P2
95439ms  emitted T:6000  t=6  tag=P2
95439ms  TOM progress 6000/10723
95439ms  emitted T:6001  t=8  tag=P2
95440ms  emitted T:6002  t=7  tag=P2
95440ms  emitted T:6003  t=7  tag=P2
95440ms  emitted T:6004  t=7  tag=P2
95441ms  emitted T:6005  t=7  tag=P2
95441ms  emitted T:6006  t=7  tag=P2
95441ms  emitted T:6007  t=7  tag=P2
95442ms  emitted T:6008  t=7  tag=P2
95443ms  emitted T:6009  t=7  tag=P2
95443ms  emitted T:6010  t=8  tag=P2
95443ms  emitted T:6011  t=7  tag=P2
95444ms  emitted T:6012  t=8  tag=P2
95444ms  emitted T:6013  t=8  tag=P2
95445ms  emitted T:6014  t=8  tag=P2
95445ms  emitted T:6015  t=8  tag=P2
95446ms  emitted T:6016  t=8  tag=P2
95446ms  emitted T:6017  t=9  tag=P2
95446ms  emitted T:6018  t=9  tag=P2
95447ms  emitted T:6019  t=8  tag=P2
95447ms  emitted T:6020  t=9  tag=P2
95448ms  emitted T:6021  t=8  tag=P2
95448ms  emitted T:6022  t=8  tag=P2
95448ms  emitted T:6023  t=8  tag=P2
95449ms  emitted T:6024  t=9  tag=P2
95449ms  emitted T:6025  t=8  tag=P2
95449ms  emitted T:6026  t=10  tag=P2
95450ms  emitted T:6027  t=10  tag=P2
95451ms  emitted T:6029  t=12  tag=P2
95451ms  emitted T:6030  t=12  tag=P2
95452ms  emitted T:6031  t=12  tag=P2
95452ms  emitted T:6032  t=12  tag=P2
95453ms  emitted T:6033  t=12  tag=P2
95453ms  emitted T:6034  t=12  tag=P2
95453ms  emitted T:6035  t=12  tag=P2
95454ms  emitted T:6036  t=12  tag=P2
95454ms  emitted T:6037  t=12  tag=P2
95454ms  emitted T:6038  t=12  tag=P2
95455ms  emitted T:6039  t=12  tag=P2
95455ms  emitted T:6040  t=12  tag=P2
95456ms  emitted T:6042  t=12  tag=P2
95456ms  emitted T:6043  t=12  tag=P2
95457ms  emitted T:6044  t=12  tag=P2
95457ms  emitted T:6045  t=12  tag=P2
95457ms  emitted T:6046  t=12  tag=P2
95458ms  emitted T:6047  t=10  tag=P2
95458ms  emitted T:6048  t=10  tag=P2
95458ms  emitted T:6049  t=10  tag=P2
95459ms  emitted T:6050  t=10  tag=P2
95459ms  emitted T:6051  t=9  tag=P2
95460ms  emitted T:6052  t=10  tag=P2
95460ms  emitted T:6053  t=10  tag=P2
95460ms  emitted T:6054  t=10  tag=P2
95461ms  emitted T:6055  t=11  tag=P2
95461ms  emitted T:6056  t=10  tag=P2
95462ms  emitted T:6057  t=10  tag=P2
95462ms  emitted T:6058  t=8  tag=P2
95463ms  emitted T:6060  t=8  tag=P2
95463ms  emitted T:6061  t=8  tag=P2
95464ms  emitted T:6062  t=8  tag=P2
95464ms  emitted T:6063  t=9  tag=P2
95464ms  emitted T:6064  t=9  tag=P2
95465ms  emitted T:6065  t=8  tag=P2
95465ms  emitted T:6066  t=8  tag=P2
95465ms  emitted T:6067  t=8  tag=P2
95466ms  emitted T:6068  t=8  tag=P2
95466ms  emitted T:6069  t=8  tag=P2
95467ms  emitted T:6070  t=8  tag=P2
95467ms  emitted T:6071  t=7  tag=P2
95467ms  emitted T:6072  t=7  tag=P2
95468ms  emitted T:6073  t=8  tag=P2
95468ms  emitted T:6074  t=7  tag=P2
95469ms  emitted T:6075  t=6  tag=P2
95469ms  emitted T:6076  t=6  tag=P2
95470ms  emitted T:6077  t=7  tag=P2
95470ms  emitted T:6078  t=7  tag=P2
95470ms  emitted T:6079  t=6  tag=P2
95471ms  emitted T:6080  t=10  tag=P2
95471ms  emitted T:6081  t=7  tag=P2
95472ms  emitted T:6082  t=6  tag=P2
95472ms  emitted T:6083  t=6  tag=P2
95473ms  emitted T:6084  t=10  tag=P2
95473ms  emitted T:6085  t=10  tag=P2
95474ms  emitted T:6086  t=9  tag=P2
95474ms  emitted T:6087  t=9  tag=P2
95474ms  emitted T:6088  t=9  tag=P2
95475ms  emitted T:6089  t=9  tag=P2
95475ms  emitted T:6090  t=10  tag=P2
95476ms  emitted T:6091  t=10  tag=P2
95476ms  emitted T:6092  t=9  tag=P2
95476ms  emitted T:6093  t=9  tag=P2
95477ms  emitted T:6094  t=7  tag=P2
95477ms  emitted T:6095  t=7  tag=P2
95478ms  emitted T:6096  t=9  tag=P2
95478ms  emitted T:6097  t=10  tag=P2
95478ms  emitted T:6098  t=9  tag=P2
95479ms  emitted T:6099  t=9  tag=P2
95479ms  emitted T:6100  t=9  tag=P2
95480ms  emitted T:6101  t=9  tag=P2
95480ms  emitted T:6102  t=9  tag=P2
95480ms  emitted T:6103  t=10  tag=P2
95481ms  emitted T:6104  t=9  tag=P2
95481ms  emitted T:6105  t=9  tag=P2
95482ms  emitted T:6106  t=9  tag=P2
95482ms  emitted T:6107  t=7  tag=P2
95482ms  emitted T:6108  t=6  tag=P2
95483ms  emitted T:6109  t=8  tag=P2
95483ms  emitted T:6110  t=8  tag=P2
95483ms  emitted T:6111  t=7  tag=P2
95484ms  emitted T:6112  t=7  tag=P2
95484ms  emitted T:6113  t=7  tag=P2
95484ms  emitted T:6114  t=6  tag=P2
95485ms  emitted T:6115  t=6  tag=P2
95485ms  emitted T:6116  t=6  tag=P2
95486ms  emitted T:6117  t=7  tag=P2
95486ms  emitted T:6118  t=6  tag=P2
95486ms  emitted T:6119  t=6  tag=P2
95487ms  emitted T:6120  t=7  tag=P2
95487ms  emitted T:6121  t=6  tag=P2
95488ms  emitted T:6122  t=6  tag=P2
95488ms  emitted T:6123  t=7  tag=P2
95489ms  emitted T:6124  t=8  tag=P2
95489ms  emitted T:6125  t=7  tag=P2
95490ms  emitted T:6126  t=7  tag=P2
95490ms  emitted T:6127  t=9  tag=P2
95490ms  emitted T:6128  t=7  tag=P2
95491ms  emitted T:6129  t=7  tag=P2
95491ms  emitted T:6130  t=6  tag=P2
95491ms  emitted T:6131  t=9  tag=P2
95492ms  emitted T:6132  t=10  tag=P2
95492ms  emitted T:6133  t=10  tag=P2
95493ms  emitted T:6134  t=9  tag=P2
95493ms  emitted T:6135  t=9  tag=P2
95494ms  emitted T:6136  t=7  tag=P2
95494ms  emitted T:6137  t=6  tag=P2
95494ms  emitted T:6138  t=6  tag=P2
95495ms  emitted T:6139  t=10  tag=P2
95495ms  emitted T:6140  t=9  tag=P2
95496ms  emitted T:6141  t=10  tag=P2
95496ms  emitted T:6142  t=9  tag=P2
95496ms  emitted T:6143  t=9  tag=P2
95497ms  emitted T:6144  t=9  tag=P2
95497ms  emitted T:6145  t=9  tag=P2
95497ms  emitted T:6146  t=9  tag=P2
95498ms  emitted T:6147  t=10  tag=P2
95498ms  emitted T:6148  t=9  tag=P2
95499ms  emitted T:6149  t=9  tag=P2
95499ms  emitted T:6150  t=9  tag=P2
95499ms  emitted T:6151  t=9  tag=P2
95500ms  emitted T:6152  t=10  tag=P2
95500ms  emitted T:6153  t=7  tag=P2
95500ms  emitted T:6154  t=7  tag=P2
95501ms  emitted T:6155  t=9  tag=P2
95501ms  emitted T:6156  t=9  tag=P2
95502ms  emitted T:6157  t=9  tag=P2
95502ms  emitted T:6158  t=9  tag=P2
95503ms  emitted T:6159  t=9  tag=P2
95503ms  emitted T:6160  t=9  tag=P2
95503ms  emitted T:6161  t=9  tag=P2
95504ms  emitted T:6162  t=9  tag=P2
95504ms  emitted T:6163  t=9  tag=P2
95505ms  emitted T:6164  t=7  tag=P2
95505ms  emitted T:6165  t=6  tag=P2
95505ms  emitted T:6166  t=7  tag=P2
95506ms  emitted T:6167  t=8  tag=P2
95506ms  emitted T:6168  t=6  tag=P2
95507ms  emitted T:6169  t=6  tag=P2
95507ms  emitted T:6170  t=9  tag=P2
95507ms  emitted T:6171  t=9  tag=P2
95508ms  emitted T:6172  t=9  tag=P2
95508ms  emitted T:6173  t=9  tag=P2
95508ms  emitted T:6174  t=6  tag=P2
95509ms  emitted T:6175  t=7  tag=P2
95509ms  emitted T:6176  t=9  tag=P2
95510ms  emitted T:6177  t=9  tag=P2
95510ms  emitted T:6178  t=9  tag=P2
95511ms  emitted T:6179  t=9  tag=P2
95511ms  emitted T:6180  t=10  tag=P2
95511ms  emitted T:6181  t=10  tag=P2
95512ms  emitted T:6182  t=9  tag=P2
95512ms  emitted T:6183  t=9  tag=P2
95512ms  emitted T:6184  t=9  tag=P2
95513ms  emitted T:6185  t=9  tag=P2
95513ms  emitted T:6186  t=7  tag=P2
95513ms  emitted T:6187  t=7  tag=P2
95514ms  emitted T:6188  t=7  tag=P2
95514ms  emitted T:6189  t=9  tag=P2
95514ms  emitted T:6190  t=9  tag=P2
95515ms  emitted T:6191  t=6  tag=P2
95515ms  emitted T:6192  t=6  tag=P2
95516ms  emitted T:6193  t=9  tag=P2
95516ms  emitted T:6194  t=9  tag=P2
95517ms  emitted T:6195  t=9  tag=P2
95517ms  emitted T:6196  t=9  tag=P2
95518ms  emitted T:6197  t=7  tag=P2
95518ms  emitted T:6198  t=7  tag=P2
95518ms  emitted T:6199  t=6  tag=P2
95519ms  emitted T:6200  t=6  tag=P2
95519ms  TOM progress 6200/10723
95519ms  emitted T:6201  t=7  tag=P2
95520ms  emitted T:6202  t=6  tag=P2
95520ms  emitted T:6203  t=6  tag=P2
95520ms  emitted T:6204  t=6  tag=P2
95521ms  emitted T:6205  t=6  tag=P2
95521ms  emitted T:6206  t=7  tag=P2
95522ms  emitted T:6207  t=6  tag=P2
95522ms  emitted T:6208  t=6  tag=P2
95522ms  emitted T:6209  t=9  tag=P2
95523ms  emitted T:6210  t=9  tag=P2
95523ms  emitted T:6211  t=9  tag=P2
95523ms  emitted T:6212  t=9  tag=P2
95524ms  emitted T:6213  t=9  tag=P2
95524ms  emitted T:6214  t=9  tag=P2
95525ms  emitted T:6215  t=9  tag=P2
95525ms  emitted T:6216  t=9  tag=P2
95526ms  emitted T:6217  t=9  tag=P2
95526ms  emitted T:6218  t=9  tag=P2
95526ms  emitted T:6219  t=9  tag=P2
95527ms  emitted T:6220  t=9  tag=P2
95527ms  emitted T:6221  t=9  tag=P2
95527ms  emitted T:6222  t=7  tag=P2
95528ms  emitted T:6223  t=6  tag=P2
95528ms  emitted T:6224  t=6  tag=P2
95529ms  emitted T:6225  t=7  tag=P2
95529ms  emitted T:6226  t=6  tag=P2
95529ms  emitted T:6227  t=7  tag=P2
95530ms  emitted T:6228  t=7  tag=P2
95530ms  emitted T:6229  t=8  tag=P2
95530ms  emitted T:6230  t=7  tag=P2
95531ms  emitted T:6231  t=7  tag=P2
95531ms  emitted T:6232  t=6  tag=P2
95532ms  emitted T:6233  t=6  tag=P2
95532ms  emitted T:6234  t=6  tag=P2
95533ms  emitted T:6235  t=6  tag=P2
95533ms  emitted T:6236  t=6  tag=P2
95533ms  emitted T:6237  t=7  tag=P2
95534ms  emitted T:6238  t=6  tag=P2
95534ms  emitted T:6239  t=6  tag=P2
95535ms  emitted T:6240  t=6  tag=P2
95535ms  emitted T:6241  t=6  tag=P2
95535ms  emitted T:6242  t=6  tag=P2
95536ms  emitted T:6243  t=6  tag=P2
95536ms  emitted T:6244  t=6  tag=P2
95536ms  emitted T:6245  t=6  tag=P2
95537ms  emitted T:6246  t=8  tag=P2
95537ms  emitted T:6247  t=7  tag=P2
95538ms  emitted T:6248  t=6  tag=P2
95538ms  emitted T:6249  t=8  tag=P2
95538ms  emitted T:6250  t=7  tag=P2
95539ms  emitted T:6251  t=6  tag=P2
95539ms  emitted T:6252  t=6  tag=P2
95540ms  emitted T:6253  t=6  tag=P2
95540ms  emitted T:6254  t=7  tag=P2
95541ms  emitted T:6255  t=6  tag=P2
95541ms  emitted T:6256  t=6  tag=P2
95542ms  emitted T:6257  t=6  tag=P2
95542ms  emitted T:6258  t=6  tag=P2
95542ms  emitted T:6259  t=6  tag=P2
95543ms  emitted T:6260  t=6  tag=P2
95543ms  emitted T:6261  t=6  tag=P2
95544ms  emitted T:6262  t=6  tag=P2
95544ms  emitted T:6263  t=6  tag=P2
95544ms  emitted T:6264  t=6  tag=P2
95545ms  emitted T:6265  t=6  tag=P2
95545ms  emitted T:6266  t=9  tag=P2
95545ms  emitted T:6267  t=9  tag=P2
95546ms  emitted T:6268  t=9  tag=P2
95546ms  emitted T:6269  t=9  tag=P2
95547ms  emitted T:6270  t=6  tag=P2
95547ms  emitted T:6271  t=6  tag=P2
95547ms  emitted T:6272  t=6  tag=P2
95548ms  emitted T:6273  t=6  tag=P2
95548ms  emitted T:6274  t=6  tag=P2
95548ms  emitted T:6275  t=6  tag=P2
95549ms  emitted T:6276  t=7  tag=P2
95549ms  emitted T:6277  t=6  tag=P2
95550ms  emitted T:6278  t=6  tag=P2
95550ms  emitted T:6279  t=6  tag=P2
95550ms  emitted T:6280  t=6  tag=P2
95551ms  emitted T:6281  t=6  tag=P2
95551ms  emitted T:6282  t=6  tag=P2
95552ms  emitted T:6283  t=6  tag=P2
95552ms  emitted T:6284  t=6  tag=P2
95552ms  emitted T:6285  t=6  tag=P2
95553ms  emitted T:6286  t=6  tag=P2
95553ms  emitted T:6287  t=6  tag=P2
95554ms  emitted T:6288  t=6  tag=P2
95554ms  emitted T:6289  t=7  tag=P2
95554ms  emitted T:6290  t=6  tag=P2
95555ms  emitted T:6291  t=6  tag=P2
95555ms  emitted T:6292  t=6  tag=P2
95562ms  emitted T:6293  t=5  tag=0
95607ms  emitted T:6294  t=6  tag=2
95679ms  emitted T:6295  t=5  tag=2
95704ms  emitted T:6297  t=5  tag=3
95733ms  emitted T:6298  t=9  tag=3
95757ms  emitted T:6299  t=9  tag=3
95786ms  emitted T:6300  t=9  tag=3
95814ms  emitted T:6301  t=7  tag=3
95832ms  emitted T:6302  t=2  tag=3
99487ms  emitted T:6384  t=12  tag=2
99888ms  emitted T:6385  t=12  tag=2
100367ms  emitted T:6386  t=12  tag=2
100799ms  emitted T:6387  t=12  tag=2
101229ms  emitted T:6389  t=12  tag=2
101766ms  emitted T:6390  t=12  tag=2
102104ms  emitted T:6391  t=10  tag=2
102451ms  emitted T:6392  t=9  tag=2
102917ms  emitted T:6393  t=10  tag=2
103250ms  emitted T:6394  t=10  tag=2
103615ms  emitted T:6395  t=9  tag=2
104009ms  emitted T:6396  t=9  tag=2
104400ms  emitted T:6397  t=9  tag=2
104742ms  emitted T:6398  t=11  tag=2
105135ms  emitted T:6399  t=11  tag=2
105569ms  emitted T:6400  t=11  tag=2
105569ms  TOM progress 6400/10723
105936ms  emitted T:6401  t=11  tag=2
106305ms  emitted T:6402  t=12  tag=2
106736ms  emitted T:6403  t=11  tag=2
107078ms  emitted T:6404  t=12  tag=2
107435ms  emitted T:6405  t=11  tag=2
107869ms  emitted T:6406  t=11  tag=2
108278ms  emitted T:6417  t=7  tag=2
108717ms  emitted T:6418  t=11  tag=2
108831ms  emitted T:6419  t=11  tag=3
108975ms  emitted T:6421  t=10  tag=3
109061ms  emitted T:6422  t=8  tag=3
109140ms  emitted T:6423  t=6  tag=3
109168ms  emitted T:6424  t=9  tag=3
109530ms  emitted T:6426  t=12  tag=2
109656ms  emitted T:6427  t=11  tag=2
109783ms  emitted T:6428  t=10  tag=2
109919ms  emitted T:6429  t=9  tag=2
110112ms  emitted T:6430  t=9  tag=2
110222ms  emitted T:6431  t=10  tag=2
110340ms  emitted T:6432  t=10  tag=2
110459ms  emitted T:6433  t=11  tag=2
110576ms  emitted T:6434  t=11  tag=2
110698ms  emitted T:6435  t=12  tag=2
110824ms  emitted T:6436  t=12  tag=2
110954ms  emitted T:6437  t=11  tag=2
111061ms  emitted T:6441  t=12  tag=2
111183ms  emitted T:6442  t=12  tag=2
111309ms  emitted T:6443  t=12  tag=2
111396ms  emitted T:6444  t=12  tag=2
111483ms  emitted T:6445  t=11  tag=2
111571ms  emitted T:6446  t=11  tag=2
111656ms  emitted T:6447  t=12  tag=2
111742ms  emitted T:6448  t=12  tag=2
111828ms  emitted T:6450  t=11  tag=2
111915ms  emitted T:6451  t=12  tag=2
112007ms  emitted T:6452  t=11  tag=2
112100ms  emitted T:6453  t=12  tag=2
112196ms  emitted T:6454  t=12  tag=2
112297ms  emitted T:6455  t=11  tag=2
112421ms  emitted T:6457  t=12  tag=2
112542ms  emitted T:6458  t=11  tag=2
112626ms  emitted T:6459  t=11  tag=2
112712ms  emitted T:6460  t=11  tag=2
112795ms  emitted T:6461  t=12  tag=2
112881ms  emitted T:6462  t=12  tag=2
112977ms  emitted T:6470  t=10  tag=2
113063ms  emitted T:6471  t=9  tag=2
113151ms  emitted T:6472  t=10  tag=2
113247ms  emitted T:6473  t=9  tag=2
113340ms  emitted T:6474  t=9  tag=2
113437ms  emitted T:6475  t=12  tag=2
113545ms  emitted T:6476  t=9  tag=2
113714ms  emitted T:6477  t=10  tag=2
113801ms  emitted T:6478  t=8  tag=2
113887ms  emitted T:6479  t=10  tag=2
113975ms  emitted T:6480  t=10  tag=2
114057ms  emitted T:6481  t=9  tag=2
114148ms  emitted T:6482  t=9  tag=2
114234ms  emitted T:6483  t=10  tag=2
114322ms  emitted T:6484  t=11  tag=2
114411ms  emitted T:6485  t=9  tag=2
114508ms  emitted T:6486  t=10  tag=2
114606ms  emitted T:6487  t=10  tag=2
114705ms  emitted T:6488  t=11  tag=2
114817ms  emitted T:6489  t=10  tag=2
114990ms  emitted T:6490  t=10  tag=2
115082ms  emitted T:6491  t=9  tag=2
115172ms  emitted T:6492  t=9  tag=2
115281ms  emitted T:6493  t=9  tag=2
115375ms  emitted T:6494  t=8  tag=2
115473ms  emitted T:6495  t=8  tag=2
115580ms  emitted T:6496  t=11  tag=2
115669ms  emitted T:6497  t=12  tag=2
115760ms  emitted T:6498  t=10  tag=2
115855ms  emitted T:6499  t=11  tag=2
115954ms  emitted T:6500  t=11  tag=2
116034ms  emitted T:6501  t=6  tag=2
116139ms  emitted T:6502  t=4  tag=2
116265ms  emitted T:6503  t=5  tag=2
121047ms  emitted T:6589  t=12  tag=2
121487ms  emitted T:6590  t=9  tag=2
122040ms  emitted T:6591  t=11  tag=2
122198ms  emitted T:6592  t=9  tag=2
122355ms  emitted T:6593  t=9  tag=2
122504ms  emitted T:6594  t=8  tag=2
122665ms  emitted T:6595  t=8  tag=2
122829ms  emitted T:6596  t=8  tag=2
123051ms  emitted T:6597  t=12  tag=2
123274ms  emitted T:6598  t=11  tag=2
123444ms  emitted T:6599  t=11  tag=2
123621ms  emitted T:6600  t=11  tag=2
123621ms  TOM progress 6600/10723
123798ms  emitted T:6601  t=11  tag=2
123958ms  emitted T:6602  t=10  tag=2
124015ms  emitted T:6604  t=8  tag=2
124092ms  emitted T:6605  t=9  tag=2
124176ms  emitted T:6606  t=8  tag=2
124248ms  emitted T:6607  t=9  tag=2
124343ms  emitted T:6608  t=9  tag=2
124409ms  emitted T:6609  t=9  tag=2
124474ms  emitted T:6610  t=10  tag=2
124524ms  emitted T:6611  t=10  tag=2
124647ms  emitted T:6612  t=10  tag=2
124765ms  emitted T:6613  t=11  tag=2
124885ms  emitted T:6614  t=11  tag=2
125017ms  emitted T:6615  t=9  tag=2
125148ms  emitted T:6616  t=9  tag=2
125288ms  emitted T:6617  t=9  tag=2
125469ms  emitted T:6618  t=9  tag=2
125589ms  emitted T:6619  t=8  tag=2
125708ms  emitted T:6620  t=8  tag=2
125827ms  emitted T:6621  t=9  tag=2
125944ms  emitted T:6622  t=9  tag=2
126069ms  emitted T:6623  t=8  tag=2
126210ms  emitted T:6624  t=11  tag=2
126362ms  emitted T:6625  t=12  tag=2
126570ms  emitted T:6626  t=12  tag=2
126700ms  emitted T:6627  t=11  tag=2
126835ms  emitted T:6628  t=11  tag=2
126969ms  emitted T:6629  t=11  tag=2
127102ms  emitted T:6630  t=11  tag=2
127237ms  emitted T:6631  t=11  tag=2
127381ms  emitted T:6632  t=11  tag=2
127535ms  emitted T:6633  t=11  tag=2
127731ms  emitted T:6636  t=4  tag=2
127846ms  emitted T:6638  t=9  tag=2
127960ms  emitted T:6639  t=8  tag=2
128078ms  emitted T:6640  t=9  tag=2
128195ms  emitted T:6641  t=8  tag=2
128317ms  emitted T:6642  t=8  tag=2
128442ms  emitted T:6643  t=10  tag=2
128587ms  emitted T:6644  t=12  tag=2
128761ms  emitted T:6645  t=11  tag=2
128927ms  emitted T:6646  t=11  tag=2
129064ms  emitted T:6647  t=11  tag=2
129200ms  emitted T:6648  t=11  tag=2
129250ms  emitted T:6649  t=9  tag=2
129301ms  emitted T:6650  t=8  tag=2
129354ms  emitted T:6651  t=9  tag=2
129408ms  emitted T:6652  t=11  tag=2
129465ms  emitted T:6653  t=9  tag=2
129521ms  emitted T:6654  t=9  tag=2
129574ms  emitted T:6655  t=8  tag=2
129631ms  emitted T:6656  t=9  tag=2
129691ms  emitted T:6657  t=9  tag=2
129748ms  emitted T:6658  t=9  tag=2
129810ms  emitted T:6659  t=9  tag=2
129872ms  emitted T:6660  t=8  tag=2
129949ms  emitted T:6661  t=11  tag=2
130042ms  emitted T:6662  t=9  tag=2
130098ms  emitted T:6663  t=9  tag=2
130149ms  emitted T:6664  t=9  tag=2
130198ms  emitted T:6665  t=8  tag=2
130254ms  emitted T:6666  t=9  tag=2
130304ms  emitted T:6667  t=10  tag=2
130358ms  emitted T:6668  t=11  tag=2
130409ms  emitted T:6669  t=10  tag=2
130457ms  emitted T:6670  t=10  tag=2
130508ms  emitted T:6671  t=10  tag=2
130563ms  emitted T:6672  t=11  tag=2
130621ms  emitted T:6673  t=4  tag=2
130676ms  emitted T:6674  t=4  tag=2
130766ms  emitted T:6676  t=9  tag=2
130821ms  emitted T:6677  t=9  tag=2
130879ms  emitted T:6678  t=8  tag=2
130935ms  emitted T:6679  t=10  tag=2
131188ms  emitted T:6680  t=11  tag=2
131397ms  emitted T:6681  t=9  tag=2
131451ms  emitted T:6682  t=9  tag=2
131501ms  emitted T:6683  t=11  tag=2
131554ms  emitted T:6684  t=9  tag=2
131607ms  emitted T:6685  t=8  tag=2
131662ms  emitted T:6686  t=9  tag=2
131718ms  emitted T:6687  t=9  tag=2
131773ms  emitted T:6688  t=11  tag=2
131825ms  emitted T:6689  t=10  tag=2
131877ms  emitted T:6690  t=4  tag=2
131997ms  emitted T:6691  t=11  tag=2
132122ms  emitted T:6692  t=11  tag=2
132259ms  emitted T:6693  t=11  tag=2
132435ms  emitted T:6694  t=11  tag=2
132547ms  emitted T:6695  t=11  tag=2
132657ms  emitted T:6696  t=12  tag=2
132772ms  emitted T:6697  t=11  tag=2
132911ms  emitted T:6701  t=10  tag=3
133019ms  emitted T:6702  t=11  tag=2+3
133153ms  emitted T:6703  t=11  tag=2
133295ms  emitted T:6704  t=11  tag=2
133515ms  emitted T:6705  t=11  tag=2
133651ms  emitted T:6706  t=11  tag=2
133723ms  emitted T:6707  t=5  tag=2
133753ms  emitted T:6708  t=7  tag=2
133788ms  emitted T:6709  t=5  tag=2
133824ms  emitted T:6710  t=5  tag=2
133855ms  emitted T:6711  t=5  tag=2
133893ms  emitted T:6712  t=3  tag=2
134098ms  emitted T:6713  t=11  tag=2
134292ms  emitted T:6714  t=12  tag=2
134468ms  emitted T:6715  t=11  tag=2
134728ms  emitted T:6716  t=11  tag=2
134884ms  emitted T:6717  t=11  tag=2
135056ms  emitted T:6718  t=11  tag=2
135221ms  emitted T:6719  t=11  tag=2
135370ms  emitted T:6720  t=9  tag=2
135526ms  emitted T:6721  t=8  tag=2
135685ms  emitted T:6722  t=8  tag=2
135911ms  emitted T:6723  t=8  tag=2
136041ms  emitted T:6724  t=9  tag=2
136173ms  emitted T:6725  t=8  tag=2
136305ms  emitted T:6726  t=8  tag=2
136442ms  emitted T:6728  t=10  tag=2
136603ms  emitted T:6729  t=11  tag=2
136783ms  emitted T:6730  t=11  tag=2
137014ms  emitted T:6731  t=9  tag=2
137143ms  emitted T:6732  t=8  tag=2
137284ms  emitted T:6734  t=11  tag=2
137423ms  emitted T:6735  t=12  tag=2
137568ms  emitted T:6736  t=11  tag=2
137713ms  emitted T:6737  t=11  tag=2
137865ms  emitted T:6738  t=11  tag=2
138029ms  emitted T:6739  t=11  tag=2
138248ms  emitted T:6740  t=11  tag=2
138361ms  emitted T:6741  t=9  tag=2
138483ms  emitted T:6742  t=8  tag=2
138610ms  emitted T:6743  t=8  tag=2
138735ms  emitted T:6744  t=8  tag=2
138858ms  emitted T:6745  t=8  tag=2
138988ms  emitted T:6746  t=8  tag=2
139120ms  emitted T:6747  t=9  tag=2
139268ms  emitted T:6748  t=10  tag=2
139472ms  emitted T:6749  t=11  tag=2
139614ms  emitted T:6750  t=11  tag=2
139759ms  emitted T:6751  t=11  tag=2
139904ms  emitted T:6752  t=11  tag=2
140051ms  emitted T:6753  t=12  tag=2
140208ms  emitted T:6754  t=11  tag=2
140372ms  emitted T:6755  t=11  tag=2
140575ms  emitted T:6756  t=11  tag=2
140752ms  emitted T:6757  t=11  tag=2
140891ms  emitted T:6758  t=11  tag=2
141039ms  emitted T:6759  t=11  tag=2
141179ms  emitted T:6760  t=12  tag=2
141318ms  emitted T:6761  t=11  tag=2
141468ms  emitted T:6762  t=11  tag=2
141606ms  emitted T:6765  t=9  tag=2
141816ms  emitted T:6766  t=8  tag=2
141933ms  emitted T:6767  t=8  tag=2
142051ms  emitted T:6768  t=8  tag=2
142167ms  emitted T:6769  t=9  tag=2
142287ms  emitted T:6770  t=8  tag=2
142411ms  emitted T:6771  t=8  tag=2
142539ms  emitted T:6772  t=8  tag=2
142668ms  emitted T:6773  t=8  tag=2
142807ms  emitted T:6774  t=9  tag=2
143008ms  emitted T:6775  t=8  tag=2
143125ms  emitted T:6776  t=8  tag=2
143246ms  emitted T:6777  t=8  tag=2
143362ms  emitted T:6778  t=9  tag=2
143485ms  emitted T:6779  t=10  tag=2
143607ms  emitted T:6780  t=10  tag=2
143756ms  emitted T:6781  t=11  tag=2
143917ms  emitted T:6782  t=11  tag=2
144124ms  emitted T:6783  t=9  tag=2
144242ms  emitted T:6784  t=8  tag=2
144382ms  emitted T:6785  t=11  tag=2
144502ms  emitted T:6786  t=8  tag=2
144713ms  emitted T:6787  t=11  tag=2
144906ms  emitted T:6788  t=8  tag=2
145143ms  emitted T:6789  t=11  tag=2
145380ms  emitted T:6790  t=8  tag=2
145513ms  emitted T:6791  t=8  tag=2
145673ms  emitted T:6792  t=11  tag=2
145751ms  emitted T:6794  t=5  tag=2
145828ms  emitted T:6797  t=5  tag=2
145839ms  emitted T:6798  t=5  tag=2
145849ms  emitted T:6799  t=6  tag=2
145864ms  emitted T:6800  t=6  tag=2
145864ms  TOM progress 6800/10723
145871ms  emitted T:6801  t=5  tag=0
145877ms  emitted T:6802  t=5  tag=0
145886ms  emitted T:6803  t=6  tag=0
146435ms  emitted T:6804  t=11  tag=2
146627ms  emitted T:6807  t=10  tag=2
146755ms  emitted T:6808  t=10  tag=2
146882ms  emitted T:6809  t=10  tag=2
147008ms  emitted T:6810  t=10  tag=2
147135ms  emitted T:6811  t=11  tag=2
147273ms  emitted T:6812  t=10  tag=2
147429ms  emitted T:6813  t=10  tag=2
147607ms  emitted T:6814  t=10  tag=2
147828ms  emitted T:6815  t=10  tag=2
147961ms  emitted T:6816  t=10  tag=2
148160ms  emitted T:6817  t=10  tag=2
148516ms  emitted T:6818  t=11  tag=2
148540ms  emitted T:6819  t=10  tag=0
148566ms  emitted T:6820  t=10  tag=0
148587ms  emitted T:6821  t=7  tag=0
148607ms  emitted T:6822  t=10  tag=0
148619ms  emitted T:6823  t=7  tag=0
148637ms  emitted T:6824  t=10  tag=0
148651ms  emitted T:6825  t=6  tag=0
148665ms  emitted T:6826  t=7  tag=0
148674ms  emitted T:6827  t=4  tag=0
148682ms  emitted T:6828  t=8  tag=0
148691ms  emitted T:6829  t=4  tag=0
148699ms  emitted T:6830  t=5  tag=0
148708ms  emitted T:6831  t=6  tag=0
148720ms  emitted T:6832  t=4  tag=0
148730ms  emitted T:6833  t=8  tag=0
148739ms  emitted T:6834  t=6  tag=0
148747ms  emitted T:6835  t=5  tag=0
148755ms  emitted T:6836  t=4  tag=0
148764ms  emitted T:6837  t=4  tag=0
148777ms  emitted T:6838  t=4  tag=0
148788ms  emitted T:6839  t=8  tag=0
148797ms  emitted T:6840  t=6  tag=0
148808ms  emitted T:6841  t=4  tag=0
148817ms  emitted T:6842  t=6  tag=0
148831ms  emitted T:6843  t=4  tag=0
148840ms  emitted T:6844  t=6  tag=0
148854ms  emitted T:6845  t=4  tag=0
148866ms  emitted T:6846  t=4  tag=0
148878ms  emitted T:6847  t=4  tag=0
148889ms  emitted T:6848  t=4  tag=0
148900ms  emitted T:6849  t=4  tag=0
148913ms  emitted T:6850  t=4  tag=0
148928ms  emitted T:6853  t=11  tag=3
148939ms  emitted T:6854  t=5  tag=3
149151ms  emitted T:6855  t=7  tag=2
149261ms  emitted T:6856  t=9  tag=2
149279ms  emitted T:6857  t=7  tag=2
149299ms  emitted T:6858  t=7  tag=2
149319ms  emitted T:6859  t=7  tag=2
149325ms  emitted T:6860  t=5  tag=0
149433ms  emitted T:6862  t=8  tag=2
149483ms  emitted T:6863  t=6  tag=2
149528ms  emitted T:6864  t=6  tag=2
149575ms  emitted T:6865  t=6  tag=2+3
149630ms  emitted T:6866  t=6  tag=2
149692ms  emitted T:6867  t=6  tag=2
149749ms  emitted T:6872  t=7  tag=3
149814ms  emitted T:6873  t=10  tag=2
149871ms  emitted T:6874  t=7  tag=2
149913ms  emitted T:6875  t=9  tag=2
149938ms  emitted T:6876  t=7  tag=2
149999ms  emitted T:6877  t=10  tag=2
150051ms  emitted T:6878  t=7  tag=2
150106ms  emitted T:6879  t=10  tag=2
150118ms  emitted T:6880  t=7  tag=0
150204ms  emitted T:6881  t=9  tag=2+3
150314ms  emitted T:6882  t=9  tag=2
150352ms  emitted T:6883  t=6  tag=2
150395ms  emitted T:6884  t=10  tag=2
150438ms  emitted T:6885  t=7  tag=2
150496ms  emitted T:6886  t=10  tag=2
150552ms  emitted T:6887  t=7  tag=2
150567ms  emitted T:6888  t=6  tag=2
150901ms  emitted T:6889  t=9  tag=2
151238ms  emitted T:6890  t=7  tag=2
151651ms  emitted T:6898  t=10  tag=2
151993ms  emitted T:6899  t=11  tag=2
152360ms  emitted T:6900  t=10  tag=2
152815ms  emitted T:6902  t=12  tag=2
153168ms  emitted T:6903  t=12  tag=2
153493ms  emitted T:6904  t=12  tag=2
153856ms  emitted T:6905  t=12  tag=2
154232ms  emitted T:6906  t=12  tag=2
154573ms  emitted T:6907  t=12  tag=2
154892ms  emitted T:6910  t=11  tag=2
155283ms  emitted T:6911  t=9  tag=2
155625ms  emitted T:6912  t=9  tag=2
155968ms  emitted T:6913  t=9  tag=2
156308ms  emitted T:6914  t=9  tag=2
156679ms  emitted T:6915  t=9  tag=2
156976ms  emitted T:6916  t=9  tag=2
157303ms  emitted T:6917  t=9  tag=2
157726ms  emitted T:6918  t=9  tag=2
158045ms  emitted T:6919  t=9  tag=2
158385ms  emitted T:6920  t=10  tag=2
158798ms  emitted T:6921  t=9  tag=2
159079ms  emitted T:6922  t=9  tag=2
159403ms  emitted T:6924  t=11  tag=2
159836ms  emitted T:6925  t=11  tag=2
160173ms  emitted T:6926  t=11  tag=2
160517ms  emitted T:6927  t=11  tag=2
160903ms  emitted T:6928  t=11  tag=2
161249ms  emitted T:6929  t=11  tag=2
161590ms  emitted T:6930  t=11  tag=2
161931ms  emitted T:6931  t=11  tag=2
162272ms  emitted T:6932  t=11  tag=2
162582ms  emitted T:6933  t=11  tag=2
162950ms  emitted T:6934  t=11  tag=2
163317ms  emitted T:6935  t=11  tag=2
163647ms  emitted T:6936  t=12  tag=2
163972ms  emitted T:6938  t=8  tag=2
164030ms  emitted T:6939  t=10  tag=0
164081ms  emitted T:6941  t=12  tag=0
164131ms  emitted T:6942  t=9  tag=0
164183ms  emitted T:6943  t=11  tag=0
164199ms  emitted T:6944  t=6  tag=0
164217ms  emitted T:6945  t=8  tag=0
164234ms  emitted T:6946  t=10  tag=0
164249ms  emitted T:6947  t=4  tag=0
164266ms  emitted T:6948  t=7  tag=0
164284ms  emitted T:6949  t=7  tag=0
164305ms  emitted T:6950  t=12  tag=2
164326ms  emitted T:6951  t=8  tag=2
164348ms  emitted T:6952  t=9  tag=2
164370ms  emitted T:6953  t=6  tag=2
164392ms  emitted T:6954  t=5  tag=2
164416ms  emitted T:6955  t=4  tag=2
164443ms  emitted T:6956  t=12  tag=2
164508ms  emitted T:6957  t=8  tag=2
164524ms  emitted T:6958  t=9  tag=2
164539ms  emitted T:6959  t=6  tag=2
164559ms  emitted T:6960  t=5  tag=2
164574ms  emitted T:6961  t=4  tag=2
164583ms  emitted T:6962  t=12  tag=0
164599ms  emitted T:6963  t=8  tag=0
164608ms  emitted T:6964  t=9  tag=0
164618ms  emitted T:6965  t=6  tag=0
164628ms  emitted T:6966  t=5  tag=0
164725ms  emitted T:6968  t=12  tag=2
164835ms  emitted T:6969  t=12  tag=2
164956ms  emitted T:6970  t=12  tag=2
165062ms  emitted T:6971  t=12  tag=2
165163ms  emitted T:6972  t=12  tag=2
165279ms  emitted T:6974  t=12  tag=2
165399ms  emitted T:6975  t=12  tag=2
165513ms  emitted T:6976  t=12  tag=2
165641ms  emitted T:6977  t=11  tag=2
165808ms  emitted T:6978  t=12  tag=2
165913ms  emitted T:6979  t=11  tag=2
166009ms  emitted T:6980  t=11  tag=2
166106ms  emitted T:6981  t=11  tag=2
166202ms  emitted T:6982  t=11  tag=2
166316ms  emitted T:6983  t=11  tag=2
166420ms  emitted T:6984  t=12  tag=2
166544ms  emitted T:6985  t=12  tag=2
166651ms  emitted T:6986  t=11  tag=2
166759ms  emitted T:6987  t=11  tag=2
166900ms  emitted T:6988  t=11  tag=2
167056ms  emitted T:6989  t=11  tag=2
167170ms  emitted T:6990  t=11  tag=2
167279ms  emitted T:6991  t=12  tag=2
167383ms  emitted T:6992  t=11  tag=2
167489ms  emitted T:6993  t=11  tag=2
167599ms  emitted T:6994  t=11  tag=2
167727ms  emitted T:6995  t=11  tag=2
167847ms  emitted T:6996  t=8  tag=2
167979ms  emitted T:6997  t=7  tag=2
168112ms  emitted T:6998  t=7  tag=2
168310ms  emitted T:6999  t=7  tag=2
168406ms  emitted T:7000  t=6  tag=2
168406ms  TOM progress 7000/10723
168503ms  emitted T:7001  t=6  tag=2
168601ms  emitted T:7002  t=6  tag=2
168709ms  emitted T:7003  t=6  tag=2
168813ms  emitted T:7004  t=6  tag=2
168929ms  emitted T:7005  t=6  tag=2
169050ms  emitted T:7006  t=8  tag=2
169169ms  emitted T:7007  t=8  tag=2
169296ms  emitted T:7008  t=9  tag=2
169441ms  emitted T:7009  t=8  tag=2
169614ms  emitted T:7010  t=8  tag=2
169714ms  emitted T:7011  t=8  tag=2
169811ms  emitted T:7012  t=8  tag=2
169916ms  emitted T:7013  t=8  tag=2
170014ms  emitted T:7014  t=9  tag=2
170123ms  emitted T:7015  t=8  tag=2
170223ms  emitted T:7016  t=8  tag=2
170324ms  emitted T:7017  t=8  tag=2
170434ms  emitted T:7018  t=8  tag=2
170569ms  emitted T:7019  t=8  tag=2
170720ms  emitted T:7020  t=8  tag=2
170870ms  emitted T:7021  t=8  tag=2
170988ms  emitted T:7022  t=8  tag=2
171099ms  emitted T:7023  t=8  tag=2
171216ms  emitted T:7024  t=8  tag=2
171323ms  emitted T:7025  t=8  tag=2
171445ms  emitted T:7026  t=9  tag=2
171552ms  emitted T:7027  t=8  tag=2
171661ms  emitted T:7028  t=9  tag=2
171785ms  emitted T:7029  t=9  tag=2
171930ms  emitted T:7030  t=8  tag=2
172090ms  emitted T:7031  t=8  tag=2
172201ms  emitted T:7032  t=8  tag=2
172304ms  emitted T:7033  t=8  tag=2
172427ms  emitted T:7034  t=8  tag=2
172545ms  emitted T:7035  t=9  tag=2
172655ms  emitted T:7036  t=8  tag=2
172770ms  emitted T:7037  t=8  tag=2
172889ms  emitted T:7038  t=8  tag=2
172998ms  emitted T:7039  t=8  tag=2
173128ms  emitted T:7040  t=8  tag=2
173285ms  emitted T:7041  t=8  tag=2
173398ms  emitted T:7042  t=8  tag=2
173527ms  emitted T:7043  t=8  tag=2
173633ms  emitted T:7044  t=8  tag=2
173748ms  emitted T:7045  t=8  tag=2
173880ms  emitted T:7046  t=8  tag=2
174003ms  emitted T:7047  t=9  tag=2
174126ms  emitted T:7048  t=8  tag=2
174256ms  emitted T:7049  t=8  tag=2
174388ms  emitted T:7050  t=8  tag=2
174546ms  emitted T:7051  t=8  tag=2
174657ms  emitted T:7052  t=8  tag=2
174763ms  emitted T:7053  t=8  tag=2
174872ms  emitted T:7054  t=8  tag=2
174978ms  emitted T:7055  t=8  tag=2
175090ms  emitted T:7056  t=8  tag=2
175219ms  emitted T:7057  t=8  tag=2
175335ms  emitted T:7058  t=8  tag=2
175454ms  emitted T:7059  t=9  tag=2
175596ms  emitted T:7060  t=8  tag=2
175753ms  emitted T:7061  t=8  tag=2
175864ms  emitted T:7069  t=9  tag=2
175979ms  emitted T:7070  t=10  tag=2
176088ms  emitted T:7071  t=9  tag=2
176197ms  emitted T:7072  t=9  tag=2
176294ms  emitted T:7073  t=9  tag=2
176407ms  emitted T:7074  t=10  tag=2
176523ms  emitted T:7075  t=9  tag=2
176644ms  emitted T:7076  t=10  tag=2
176778ms  emitted T:7077  t=8  tag=2
176941ms  emitted T:7078  t=10  tag=2
177041ms  emitted T:7079  t=9  tag=2
177136ms  emitted T:7080  t=8  tag=2
177232ms  emitted T:7081  t=10  tag=2
177328ms  emitted T:7082  t=10  tag=2
177428ms  emitted T:7083  t=10  tag=2
177531ms  emitted T:7084  t=10  tag=2
177638ms  emitted T:7085  t=10  tag=2
177745ms  emitted T:7086  t=10  tag=2
177856ms  emitted T:7087  t=10  tag=2
177998ms  emitted T:7088  t=10  tag=2
178134ms  emitted T:7089  t=10  tag=2
178218ms  emitted T:7090  t=4  tag=2
178363ms  emitted T:7091  t=9  tag=2
178509ms  emitted T:7092  t=11  tag=2
178642ms  emitted T:7093  t=8  tag=2
178667ms  emitted T:7094  t=6  tag=2
178691ms  emitted T:7095  t=5  tag=2
178715ms  emitted T:7096  t=3  tag=2
178740ms  emitted T:7097  t=7  tag=2
178771ms  emitted T:7098  t=9  tag=0
178800ms  emitted T:7099  t=11  tag=0
178827ms  emitted T:7100  t=8  tag=0
178943ms  emitted T:7101  t=6  tag=2
178981ms  emitted T:7102  t=8  tag=2
179020ms  emitted T:7103  t=7  tag=2
179059ms  emitted T:7104  t=8  tag=2
179102ms  emitted T:7105  t=7  tag=2
179149ms  emitted T:7106  t=5  tag=2
179244ms  emitted T:7107  t=9  tag=2
179273ms  emitted T:7108  t=5  tag=2
179306ms  emitted T:7109  t=3  tag=2
179339ms  emitted T:7110  t=4  tag=2
179372ms  emitted T:7111  t=4  tag=2
179403ms  emitted T:7112  t=11  tag=2
179439ms  emitted T:7113  t=10  tag=2
179474ms  emitted T:7114  t=10  tag=2
179510ms  emitted T:7115  t=8  tag=2
179546ms  emitted T:7116  t=6  tag=2
179578ms  emitted T:7117  t=6  tag=2
179618ms  emitted T:7118  t=6  tag=2
179654ms  emitted T:7119  t=6  tag=2
179691ms  emitted T:7121  t=7  tag=2
179727ms  emitted T:7122  t=7  tag=2
179766ms  emitted T:7123  t=7  tag=2
179801ms  emitted T:7124  t=7  tag=2
179841ms  emitted T:7125  t=7  tag=2
179879ms  emitted T:7126  t=9  tag=2
179915ms  emitted T:7127  t=12  tag=2
179952ms  emitted T:7128  t=8  tag=2
179991ms  emitted T:7129  t=8  tag=2
180022ms  emitted T:7130  t=10  tag=2
180058ms  emitted T:7131  t=7  tag=2
180093ms  emitted T:7132  t=8  tag=2
180134ms  emitted T:7133  t=8  tag=2
180169ms  emitted T:7134  t=9  tag=2
180208ms  emitted T:7135  t=10  tag=2
180246ms  emitted T:7136  t=9  tag=2
180286ms  emitted T:7137  t=7  tag=2
180331ms  emitted T:7138  t=4  tag=2
180379ms  emitted T:7139  t=4  tag=2
180460ms  emitted T:7140  t=4  tag=2
180494ms  emitted T:7141  t=3  tag=2
180521ms  emitted T:7142  t=3  tag=2
180555ms  emitted T:7143  t=6  tag=2
180567ms  emitted T:7144  t=7  tag=0
180657ms  emitted T:7145  t=8  tag=2
180722ms  emitted T:7146  t=8  tag=2
180819ms  emitted T:7147  t=8  tag=2
180894ms  emitted T:7148  t=8  tag=2
180966ms  emitted T:7149  t=8  tag=2
180995ms  emitted T:7150  t=9  tag=0
181026ms  emitted T:7151  t=8  tag=0
181053ms  emitted T:7152  t=9  tag=0
181078ms  emitted T:7153  t=9  tag=0
181108ms  emitted T:7154  t=10  tag=0
181134ms  emitted T:7155  t=11  tag=0
181165ms  emitted T:7156  t=11  tag=0
181199ms  emitted T:7157  t=11  tag=0
181228ms  emitted T:7158  t=12  tag=0
181258ms  emitted T:7159  t=12  tag=0
181290ms  emitted T:7160  t=11  tag=0
181319ms  emitted T:7161  t=11  tag=0
181349ms  emitted T:7162  t=7  tag=0
181379ms  emitted T:7163  t=6  tag=0
181408ms  emitted T:7165  t=9  tag=0
181440ms  emitted T:7166  t=8  tag=0
181469ms  emitted T:7167  t=8  tag=0
181498ms  emitted T:7168  t=8  tag=0
181525ms  emitted T:7169  t=8  tag=0
181554ms  emitted T:7170  t=8  tag=0
181584ms  emitted T:7171  t=8  tag=0
181613ms  emitted T:7172  t=8  tag=0
181642ms  emitted T:7173  t=8  tag=0
181673ms  emitted T:7174  t=8  tag=0
181702ms  emitted T:7175  t=8  tag=0
181729ms  emitted T:7176  t=10  tag=0
181814ms  emitted T:7177  t=9  tag=2
181903ms  emitted T:7178  t=8  tag=2
181996ms  emitted T:7179  t=8  tag=2
182122ms  emitted T:7180  t=8  tag=2
182194ms  emitted T:7181  t=9  tag=2
182265ms  emitted T:7182  t=6  tag=2
182389ms  emitted T:7183  t=8  tag=2
182519ms  emitted T:7184  t=9  tag=2
182647ms  emitted T:7185  t=9  tag=2
182776ms  emitted T:7186  t=10  tag=2
182914ms  emitted T:7187  t=9  tag=2
183035ms  emitted T:7188  t=11  tag=2
183180ms  emitted T:7189  t=11  tag=2
183339ms  emitted T:7190  t=12  tag=2
183522ms  emitted T:7191  t=11  tag=2
183647ms  emitted T:7192  t=11  tag=2
183775ms  emitted T:7193  t=12  tag=2
183902ms  emitted T:7194  t=11  tag=2
184017ms  emitted T:7195  t=7  tag=2
184133ms  emitted T:7196  t=6  tag=2
184245ms  emitted T:7197  t=8  tag=2
184363ms  emitted T:7198  t=8  tag=2
184488ms  emitted T:7199  t=8  tag=2
184632ms  emitted T:7200  t=9  tag=2
184632ms  TOM progress 7200/10723
184788ms  emitted T:7201  t=8  tag=2
184889ms  emitted T:7202  t=8  tag=2
184990ms  emitted T:7203  t=8  tag=2
185102ms  emitted T:7204  t=8  tag=2
185215ms  emitted T:7205  t=8  tag=2
185329ms  emitted T:7206  t=8  tag=2
185428ms  emitted T:7207  t=8  tag=2
185546ms  emitted T:7209  t=10  tag=2
185567ms  emitted T:7210  t=9  tag=0
185588ms  emitted T:7211  t=8  tag=0
185610ms  emitted T:7212  t=9  tag=0
185629ms  emitted T:7213  t=8  tag=0
185651ms  emitted T:7214  t=8  tag=0
185673ms  emitted T:7215  t=6  tag=0
185849ms  emitted T:7216  t=9  tag=2
186045ms  emitted T:7217  t=9  tag=2
186179ms  emitted T:7218  t=9  tag=2
186318ms  emitted T:7219  t=10  tag=2
186460ms  emitted T:7220  t=7  tag=2
186585ms  emitted T:7221  t=6  tag=2
186718ms  emitted T:7222  t=11  tag=2
186868ms  emitted T:7223  t=11  tag=2
187038ms  emitted T:7224  t=12  tag=2
187242ms  emitted T:7225  t=11  tag=2
187384ms  emitted T:7226  t=11  tag=2
187509ms  emitted T:7227  t=11  tag=2
187649ms  emitted T:7228  t=12  tag=2
187780ms  emitted T:7229  t=8  tag=2
187917ms  emitted T:7230  t=8  tag=2
188059ms  emitted T:7231  t=8  tag=2
188207ms  emitted T:7232  t=9  tag=2
188413ms  emitted T:7233  t=8  tag=2
188542ms  emitted T:7234  t=8  tag=2
188683ms  emitted T:7235  t=8  tag=2
188835ms  emitted T:7236  t=8  tag=2
188984ms  emitted T:7237  t=8  tag=2
189127ms  emitted T:7238  t=8  tag=2
189277ms  emitted T:7239  t=8  tag=2
189443ms  emitted T:7241  t=10  tag=2
189466ms  emitted T:7242  t=8  tag=0
189485ms  emitted T:7243  t=8  tag=0
189649ms  emitted T:7244  t=9  tag=2
189756ms  emitted T:7245  t=9  tag=2
189863ms  emitted T:7246  t=9  tag=2
189973ms  emitted T:7247  t=10  tag=2
190071ms  emitted T:7248  t=8  tag=2
190180ms  emitted T:7249  t=9  tag=2
190294ms  emitted T:7250  t=10  tag=2
190413ms  emitted T:7251  t=9  tag=2
190522ms  emitted T:7252  t=9  tag=2
190663ms  emitted T:7253  t=11  tag=2
190816ms  emitted T:7254  t=12  tag=2
190919ms  emitted T:7255  t=11  tag=2
191029ms  emitted T:7256  t=11  tag=2
191140ms  emitted T:7257  t=11  tag=2
191258ms  emitted T:7258  t=11  tag=2
191379ms  emitted T:7259  t=12  tag=2
191501ms  emitted T:7260  t=11  tag=2
191624ms  emitted T:7261  t=12  tag=2
191738ms  emitted T:7262  t=11  tag=2
191868ms  emitted T:7263  t=12  tag=2
192041ms  emitted T:7264  t=11  tag=2
192156ms  emitted T:7265  t=11  tag=2
192280ms  emitted T:7266  t=11  tag=2
192397ms  emitted T:7267  t=7  tag=2
192506ms  emitted T:7268  t=7  tag=2
192618ms  emitted T:7269  t=6  tag=2
192717ms  emitted T:7270  t=6  tag=2
192824ms  emitted T:7271  t=10  tag=2
192950ms  emitted T:7272  t=10  tag=2
193077ms  emitted T:7275  t=8  tag=2
193233ms  emitted T:7276  t=8  tag=2
193330ms  emitted T:7277  t=8  tag=2
193430ms  emitted T:7278  t=8  tag=2
193548ms  emitted T:7279  t=9  tag=2
193653ms  emitted T:7280  t=8  tag=2
193761ms  emitted T:7281  t=8  tag=2
193882ms  emitted T:7282  t=8  tag=2
193995ms  emitted T:7283  t=8  tag=2
194116ms  emitted T:7284  t=9  tag=2
194247ms  emitted T:7285  t=8  tag=2
194416ms  emitted T:7286  t=8  tag=2
194520ms  emitted T:7287  t=8  tag=2
194611ms  emitted T:7288  t=8  tag=2
194729ms  emitted T:7289  t=8  tag=2
194831ms  emitted T:7290  t=8  tag=2
194942ms  emitted T:7291  t=8  tag=2
195043ms  emitted T:7292  t=8  tag=2
195154ms  emitted T:7293  t=8  tag=2
195264ms  emitted T:7294  t=8  tag=2
195393ms  emitted T:7295  t=8  tag=2
195560ms  emitted T:7296  t=8  tag=2
195573ms  emitted T:7297  t=8  tag=0
195588ms  emitted T:7298  t=9  tag=0
195614ms  emitted T:7299  t=8  tag=0
195643ms  emitted T:7300  t=7  tag=0
197595ms  emitted T:7301  t=8  tag=2
197709ms  emitted T:7302  t=8  tag=2
197840ms  emitted T:7303  t=7  tag=2
197933ms  emitted T:7304  t=9  tag=2
198050ms  emitted T:7305  t=9  tag=2
198118ms  emitted T:7306  t=8  tag=2
198173ms  emitted T:7307  t=8  tag=2
198242ms  emitted T:7308  t=9  tag=2
198309ms  emitted T:7309  t=8  tag=2
198384ms  emitted T:7310  t=8  tag=2
198455ms  emitted T:7311  t=8  tag=2
198523ms  emitted T:7312  t=6  tag=2
198633ms  emitted T:7313  t=6  tag=2
198742ms  emitted T:7314  t=6  tag=2
198755ms  emitted T:7315  t=6  tag=0
198765ms  emitted T:7316  t=4  tag=0
198775ms  emitted T:7317  t=3  tag=0
198788ms  emitted T:7318  t=8  tag=0
198801ms  emitted T:7319  t=7  tag=0
198814ms  emitted T:7320  t=8  tag=0
198828ms  emitted T:7321  t=7  tag=0
198839ms  emitted T:7322  t=9  tag=0
198852ms  emitted T:7323  t=4  tag=0
198865ms  emitted T:7324  t=3  tag=0
198977ms  emitted T:7325  t=6  tag=2
199097ms  emitted T:7326  t=6  tag=2
199126ms  emitted T:7327  t=6  tag=0
199195ms  emitted T:7328  t=5  tag=2
199216ms  emitted T:7329  t=5  tag=0
199367ms  emitted T:7330  t=6  tag=2
199861ms  emitted T:7331  t=8  tag=2
200431ms  emitted T:7332  t=12  tag=2
200977ms  emitted T:7333  t=11  tag=2
201521ms  emitted T:7334  t=11  tag=2
203507ms  emitted T:7335  t=12  tag=2
205709ms  emitted T:7337  t=9  tag=2
205863ms  emitted T:7338  t=6  tag=2
205955ms  emitted T:7339  t=7  tag=2
206010ms  emitted T:7340  t=7  tag=2
206069ms  emitted T:7341  t=7  tag=2
206123ms  emitted T:7342  t=7  tag=2
206181ms  emitted T:7343  t=7  tag=2
206247ms  emitted T:7344  t=11  tag=0
206267ms  emitted T:7345  t=5  tag=0
206822ms  emitted T:7346  t=11  tag=2
206882ms  emitted T:7347  t=5  tag=2
207085ms  emitted T:7348  t=7  tag=2
207200ms  emitted T:7349  t=8  tag=2
207323ms  emitted T:7350  t=7  tag=2
207505ms  emitted T:7351  t=7  tag=2
207566ms  emitted T:7352  t=6  tag=2
207624ms  emitted T:7353  t=5  tag=2
207742ms  emitted T:7354  t=8  tag=2
207864ms  emitted T:7355  t=7  tag=2
208000ms  emitted T:7356  t=7  tag=2
208051ms  emitted T:7357  t=7  tag=2
208108ms  emitted T:7358  t=7  tag=2
208200ms  emitted T:7359  t=6  tag=2
208244ms  emitted T:7360  t=6  tag=2
208352ms  emitted T:7361  t=7  tag=2
208408ms  emitted T:7362  t=7  tag=2
208461ms  emitted T:7363  t=7  tag=2
208480ms  emitted T:7364  t=7  tag=0
208526ms  emitted T:7365  t=6  tag=2
208553ms  emitted T:7366  t=7  tag=0
208728ms  emitted T:7367  t=8  tag=2
208923ms  emitted T:7368  t=7  tag=2
209134ms  emitted T:7369  t=7  tag=2
209152ms  emitted T:7370  t=7  tag=0
209168ms  emitted T:7371  t=7  tag=0
209228ms  emitted T:7372  t=5  tag=2
209748ms  emitted T:7373  t=11  tag=2
209875ms  emitted T:7374  t=7  tag=2
210396ms  emitted T:7375  t=11  tag=2
210906ms  emitted T:7376  t=11  tag=2
211382ms  emitted T:7377  t=11  tag=2
211392ms  emitted T:7378  t=3  tag=0
211406ms  emitted T:7379  t=3  tag=0
211456ms  emitted T:7380  t=5  tag=2
211504ms  emitted T:7381  t=7  tag=2
211643ms  emitted T:7382  t=7  tag=2
211684ms  emitted T:7383  t=3  tag=2
211727ms  emitted T:7384  t=3  tag=2
211809ms  emitted T:7385  t=3  tag=2
211826ms  emitted T:7386  t=3  tag=2
211835ms  emitted T:7387  t=3  tag=0
211856ms  emitted T:7388  t=6  tag=0
212319ms  emitted T:7389  t=11  tag=2
212833ms  emitted T:7390  t=11  tag=2
212895ms  emitted T:7391  t=5  tag=2
213569ms  emitted T:7392  t=11  tag=2
214017ms  emitted T:7393  t=7  tag=2
214037ms  emitted T:7394  t=5  tag=0
214071ms  emitted T:7395  t=3  tag=2
214112ms  emitted T:7396  t=3  tag=2
214197ms  emitted T:7397  t=3  tag=2
214221ms  emitted T:7398  t=3  tag=2
214680ms  emitted T:7399  t=11  tag=2
214724ms  emitted T:7400  t=5  tag=2
214724ms  TOM progress 7400/10723
214918ms  emitted T:7401  t=7  tag=2
215434ms  emitted T:7402  t=11  tag=2
215831ms  emitted T:7403  t=11  tag=2
215840ms  emitted T:7404  t=3  tag=0
215887ms  emitted T:7405  t=5  tag=2
215930ms  emitted T:7406  t=5  tag=2
216398ms  emitted T:7407  t=11  tag=2
216905ms  emitted T:7408  t=11  tag=2
217029ms  emitted T:7409  t=7  tag=2
217154ms  emitted T:7410  t=7  tag=2
217164ms  emitted T:7411  t=3  tag=0
217176ms  emitted T:7412  t=3  tag=0
217194ms  emitted T:7413  t=4  tag=2
217218ms  emitted T:7414  t=5  tag=2
217243ms  emitted T:7415  t=6  tag=2
217266ms  emitted T:7416  t=4  tag=2
217295ms  emitted T:7417  t=5  tag=2
217322ms  emitted T:7418  t=5  tag=2
217345ms  emitted T:7419  t=5  tag=2
217369ms  emitted T:7420  t=6  tag=2
217411ms  emitted T:7421  t=8  tag=2
217455ms  emitted T:7422  t=6  tag=2
217497ms  emitted T:7423  t=6  tag=2
217542ms  emitted T:7424  t=6  tag=2
217583ms  emitted T:7425  t=5  tag=2
217623ms  emitted T:7426  t=4  tag=2
217663ms  emitted T:7427  t=4  tag=2
217707ms  emitted T:7428  t=5  tag=2
217738ms  emitted T:7429  t=5  tag=2
217772ms  emitted T:7430  t=4  tag=2
217805ms  emitted T:7431  t=5  tag=2
217904ms  emitted T:7432  t=6  tag=2
217938ms  emitted T:7433  t=5  tag=2
218020ms  emitted T:7434  t=8  tag=2
218088ms  emitted T:7435  t=5  tag=2
218133ms  emitted T:7436  t=6  tag=2
218176ms  emitted T:7437  t=7  tag=2
218219ms  emitted T:7438  t=7  tag=2
218261ms  emitted T:7439  t=7  tag=2
218307ms  emitted T:7440  t=9  tag=2
218352ms  emitted T:7441  t=7  tag=2
218407ms  emitted T:7442  t=7  tag=2
218417ms  emitted T:7443  t=5  tag=0
218424ms  emitted T:7444  t=5  tag=0
218445ms  emitted T:7445  t=4  tag=2
218453ms  emitted T:7446  t=4  tag=0
218474ms  emitted T:7447  t=4  tag=2+3
218614ms  emitted T:7449  t=7  tag=2
218753ms  emitted T:7450  t=6  tag=2
218900ms  emitted T:7451  t=7  tag=2
219066ms  emitted T:7452  t=5  tag=2
219271ms  emitted T:7453  t=6  tag=2
219400ms  emitted T:7454  t=6  tag=2
219543ms  emitted T:7458  t=9  tag=2
219683ms  emitted T:7459  t=8  tag=2
219820ms  emitted T:7460  t=8  tag=2
219966ms  emitted T:7461  t=8  tag=2
220122ms  emitted T:7462  t=8  tag=2
220277ms  emitted T:7463  t=8  tag=2
220475ms  emitted T:7464  t=7  tag=2
220698ms  emitted T:7466  t=4  tag=2
220834ms  emitted T:7467  t=10  tag=2
220965ms  emitted T:7468  t=11  tag=2
221104ms  emitted T:7469  t=10  tag=2
221241ms  emitted T:7470  t=10  tag=2
221398ms  emitted T:7471  t=10  tag=2
221552ms  emitted T:7472  t=11  tag=2
221701ms  emitted T:7473  t=5  tag=2
222599ms  emitted T:7486  t=10  tag=3
222780ms  emitted T:7487  t=7  tag=3
222841ms  emitted T:7489  t=7  tag=2
222902ms  emitted T:7490  t=7  tag=2
222965ms  emitted T:7491  t=6  tag=2
223034ms  emitted T:7492  t=10  tag=2
223108ms  emitted T:7493  t=10  tag=2
223193ms  emitted T:7494  t=11  tag=2
223288ms  emitted T:7495  t=8  tag=2
223337ms  emitted T:7496  t=4  tag=2
223383ms  emitted T:7497  t=3  tag=2
223428ms  emitted T:7498  t=8  tag=2
223470ms  emitted T:7499  t=7  tag=2
223517ms  emitted T:7500  t=6  tag=2
223561ms  emitted T:7501  t=6  tag=2
223604ms  emitted T:7502  t=7  tag=2
223651ms  emitted T:7503  t=6  tag=2
223689ms  emitted T:7506  t=3  tag=2
223727ms  emitted T:7507  t=3  tag=2
223773ms  emitted T:7508  t=11  tag=2
223819ms  emitted T:7509  t=10  tag=2
223865ms  emitted T:7510  t=10  tag=2
223907ms  emitted T:7511  t=10  tag=2
223956ms  emitted T:7512  t=10  tag=2
224001ms  emitted T:7513  t=11  tag=2
224048ms  emitted T:7514  t=8  tag=2
224096ms  emitted T:7515  t=8  tag=2
224140ms  emitted T:7516  t=4  tag=2
224291ms  emitted T:7518  t=10  tag=2
224518ms  emitted T:7519  t=8  tag=2
224644ms  emitted T:7520  t=6  tag=2
224688ms  emitted T:7521  t=3  tag=2
224730ms  emitted T:7522  t=7  tag=2
224777ms  emitted T:7523  t=6  tag=2
224820ms  emitted T:7524  t=7  tag=2
224862ms  emitted T:7526  t=11  tag=2
224905ms  emitted T:7527  t=10  tag=2
224951ms  emitted T:7528  t=10  tag=2
224994ms  emitted T:7529  t=8  tag=2
225035ms  emitted T:7530  t=4  tag=2
225073ms  emitted T:7531  t=3  tag=2
225134ms  emitted T:7533  t=9  tag=2
225192ms  emitted T:7534  t=11  tag=2
225252ms  emitted T:7535  t=10  tag=2
225312ms  emitted T:7536  t=10  tag=2
225372ms  emitted T:7537  t=6  tag=2
225437ms  emitted T:7538  t=7  tag=2
225502ms  emitted T:7539  t=6  tag=2
225559ms  emitted T:7540  t=4  tag=2
225626ms  emitted T:7541  t=3  tag=2
226861ms  emitted T:7562  t=8  tag=2
227092ms  emitted T:7563  t=8  tag=2
227249ms  emitted T:7564  t=10  tag=2
227427ms  emitted T:7565  t=6  tag=2
227489ms  emitted T:7566  t=6  tag=2
227552ms  emitted T:7567  t=10  tag=2
227737ms  emitted T:7569  t=10  tag=2
227942ms  emitted T:7570  t=10  tag=2
228263ms  emitted T:7571  t=8  tag=2
228467ms  emitted T:7572  t=8  tag=2
228647ms  emitted T:7573  t=6  tag=2
228841ms  emitted T:7574  t=6  tag=2
228909ms  emitted T:7575  t=10  tag=2
228985ms  emitted T:7576  t=6  tag=2
228996ms  emitted T:7577  t=3  tag=0
229009ms  emitted T:7578  t=3  tag=0
229049ms  emitted T:7579  t=3  tag=2
229154ms  emitted T:7580  t=6  tag=2
229166ms  emitted T:7581  t=5  tag=0
229177ms  emitted T:7582  t=6  tag=0
229184ms  emitted T:7583  t=4  tag=0
229277ms  TOM progress 7600/10723
229997ms  emitted T:7636  t=8  tag=2
230240ms  emitted T:7637  t=10  tag=2
230279ms  emitted T:7638  t=12  tag=2
230315ms  emitted T:7639  t=6  tag=2
230358ms  emitted T:7640  t=9  tag=2
230401ms  emitted T:7641  t=6  tag=2
230445ms  emitted T:7642  t=6  tag=2
231001ms  emitted T:7643  t=9  tag=2
231492ms  emitted T:7644  t=11  tag=2
231530ms  emitted T:7645  t=12  tag=2
231562ms  emitted T:7646  t=9  tag=2
231600ms  emitted T:7647  t=6  tag=2
231637ms  emitted T:7648  t=6  tag=2
231674ms  emitted T:7649  t=6  tag=2
231726ms  emitted T:7651  t=10  tag=2
231785ms  emitted T:7652  t=10  tag=2
231845ms  emitted T:7653  t=10  tag=2
231908ms  emitted T:7654  t=7  tag=2
231978ms  emitted T:7655  t=7  tag=2
232096ms  emitted T:7656  t=7  tag=2
232150ms  emitted T:7657  t=7  tag=2
232203ms  emitted T:7658  t=7  tag=2
232406ms  emitted T:7659  t=8  tag=2
232602ms  emitted T:7660  t=10  tag=2
232734ms  emitted T:7661  t=7  tag=2
232832ms  emitted T:7662  t=7  tag=2
232998ms  emitted T:7663  t=8  tag=2
233175ms  emitted T:7664  t=8  tag=2
233328ms  emitted T:7665  t=7  tag=2
233420ms  emitted T:7666  t=7  tag=2
233512ms  emitted T:7667  t=7  tag=2
233603ms  emitted T:7668  t=7  tag=2
233687ms  emitted T:7669  t=7  tag=2
233773ms  emitted T:7670  t=7  tag=2
233872ms  emitted T:7671  t=7  tag=2
233973ms  emitted T:7672  t=7  tag=2
234093ms  emitted T:7673  t=7  tag=2
234188ms  emitted T:7674  t=7  tag=2
234281ms  emitted T:7675  t=7  tag=2
234417ms  emitted T:7676  t=7  tag=2
234687ms  emitted T:7677  t=10  tag=2
234861ms  emitted T:7678  t=11  tag=2
235043ms  emitted T:7679  t=10  tag=2
235224ms  emitted T:7680  t=10  tag=2
235414ms  emitted T:7681  t=10  tag=2
235612ms  emitted T:7682  t=10  tag=2
235872ms  emitted T:7683  t=10  tag=2
236106ms  emitted T:7684  t=8  tag=2
236277ms  emitted T:7685  t=7  tag=2
236462ms  emitted T:7686  t=8  tag=2
236650ms  emitted T:7687  t=8  tag=2
236847ms  emitted T:7689  t=7  tag=2
236895ms  emitted T:7690  t=10  tag=2
236944ms  emitted T:7691  t=7  tag=2
237025ms  emitted T:7692  t=10  tag=2
237110ms  emitted T:7693  t=7  tag=2
237298ms  emitted T:7694  t=7  tag=2
237403ms  emitted T:7695  t=7  tag=2
237558ms  emitted T:7696  t=8  tag=2
237714ms  emitted T:7697  t=8  tag=2
237870ms  emitted T:7698  t=8  tag=2
238045ms  emitted T:7699  t=8  tag=2
238235ms  emitted T:7700  t=8  tag=2
238418ms  emitted T:7701  t=8  tag=2
238650ms  emitted T:7702  t=8  tag=2
238773ms  emitted T:7703  t=8  tag=2
238940ms  emitted T:7704  t=8  tag=2
238993ms  emitted T:7705  t=10  tag=2
239048ms  emitted T:7706  t=7  tag=2
239200ms  emitted T:7707  t=8  tag=2
239434ms  emitted T:7708  t=8  tag=2
239434ms  emitted T:7709  t=4  tag=P3
239472ms  emitted T:7710  t=5  tag=3
240095ms  emitted T:7718  t=8  tag=P2
240095ms  emitted T:7719  t=7  tag=P2
240095ms  emitted T:7720  t=9  tag=P2
240096ms  emitted T:7721  t=8  tag=P2
240096ms  emitted T:7722  t=9  tag=P2
240097ms  emitted T:7723  t=9  tag=P2
240097ms  emitted T:7724  t=9  tag=P2
240097ms  emitted T:7725  t=9  tag=P2
240098ms  emitted T:7726  t=7  tag=P2
240098ms  emitted T:7727  t=7  tag=P2
240099ms  emitted T:7728  t=6  tag=P2
240099ms  emitted T:7729  t=6  tag=P2
240099ms  emitted T:7730  t=7  tag=P2
240100ms  emitted T:7731  t=7  tag=P2
240100ms  emitted T:7732  t=6  tag=P2
240101ms  emitted T:7733  t=7  tag=P2
240101ms  emitted T:7734  t=7  tag=P2
240102ms  emitted T:7735  t=8  tag=P2
240102ms  emitted T:7736  t=8  tag=P2
240102ms  emitted T:7737  t=9  tag=P2
240103ms  emitted T:7738  t=7  tag=P2
240103ms  emitted T:7739  t=6  tag=P2
240104ms  emitted T:7740  t=7  tag=P2
240104ms  emitted T:7741  t=8  tag=P2
240104ms  emitted T:7742  t=10  tag=P2
240105ms  emitted T:7743  t=12  tag=P2
240105ms  emitted T:7744  t=7  tag=P2
240106ms  emitted T:7745  t=8  tag=P2
240106ms  emitted T:7746  t=7  tag=P2
240106ms  emitted T:7747  t=9  tag=P2
240107ms  emitted T:7748  t=10  tag=P2
240107ms  emitted T:7749  t=9  tag=P2
240108ms  emitted T:7750  t=7  tag=P2
240108ms  emitted T:7751  t=6  tag=P2
240108ms  emitted T:7752  t=8  tag=P2
240109ms  emitted T:7753  t=7  tag=P2
240109ms  emitted T:7754  t=6  tag=P2
240110ms  emitted T:7755  t=7  tag=P2
240110ms  emitted T:7756  t=6  tag=P2
240111ms  emitted T:7757  t=6  tag=P2
240111ms  emitted T:7758  t=6  tag=P2
240111ms  emitted T:7759  t=6  tag=P2
240112ms  emitted T:7760  t=6  tag=P2
240112ms  emitted T:7761  t=6  tag=P2
240113ms  emitted T:7762  t=7  tag=P2
240113ms  emitted T:7763  t=6  tag=P2
240113ms  emitted T:7764  t=6  tag=P2
240114ms  emitted T:7765  t=7  tag=P2
240114ms  emitted T:7766  t=7  tag=P2
240115ms  emitted T:7767  t=6  tag=P2
240115ms  emitted T:7768  t=7  tag=P2
240116ms  emitted T:7769  t=6  tag=P2
240116ms  emitted T:7770  t=6  tag=P2
240117ms  emitted T:7771  t=6  tag=P2
240117ms  emitted T:7772  t=7  tag=P2
240117ms  emitted T:7773  t=7  tag=P2
240118ms  emitted T:7774  t=7  tag=P2
240118ms  emitted T:7775  t=7  tag=P2
240119ms  emitted T:7776  t=7  tag=P2
240119ms  emitted T:7777  t=7  tag=P2
240120ms  emitted T:7778  t=7  tag=P2
240120ms  emitted T:7779  t=7  tag=P2
240121ms  emitted T:7780  t=8  tag=P2
240121ms  emitted T:7781  t=7  tag=P2
240122ms  emitted T:7782  t=8  tag=P2
240122ms  emitted T:7783  t=8  tag=P2
240122ms  emitted T:7784  t=8  tag=P2
240123ms  emitted T:7785  t=8  tag=P2
240123ms  emitted T:7786  t=9  tag=P2
240124ms  emitted T:7787  t=8  tag=P2
240124ms  emitted T:7788  t=8  tag=P2
240125ms  emitted T:7789  t=8  tag=P2
240125ms  emitted T:7790  t=8  tag=P2
240126ms  emitted T:7791  t=9  tag=P2
240126ms  emitted T:7792  t=8  tag=P2
240126ms  emitted T:7793  t=8  tag=P2
240127ms  emitted T:7794  t=8  tag=P2
240127ms  emitted T:7795  t=8  tag=P2
240127ms  emitted T:7796  t=8  tag=P2
240128ms  emitted T:7797  t=10  tag=P2
240128ms  emitted T:7798  t=7  tag=P2
240129ms  emitted T:7799  t=6  tag=P2
240129ms  emitted T:7800  t=6  tag=P2
240129ms  TOM progress 7800/10723
240129ms  emitted T:7801  t=9  tag=P2
240130ms  emitted T:7802  t=6  tag=P2
240130ms  emitted T:7803  t=6  tag=P2
240131ms  emitted T:7804  t=6  tag=P2
240131ms  emitted T:7805  t=6  tag=P2
240132ms  emitted T:7806  t=6  tag=P2
240132ms  emitted T:7807  t=6  tag=P2
240133ms  emitted T:7808  t=6  tag=P2
240133ms  emitted T:7809  t=6  tag=P2
240138ms  emitted T:7810  t=6  tag=P2
240139ms  emitted T:7811  t=6  tag=P2
240139ms  emitted T:7812  t=7  tag=P2
240140ms  emitted T:7813  t=6  tag=P2
240140ms  emitted T:7814  t=6  tag=P2
240140ms  emitted T:7815  t=6  tag=P2
240141ms  emitted T:7816  t=7  tag=P2
240141ms  emitted T:7817  t=6  tag=P2
240142ms  emitted T:7818  t=6  tag=P2
240142ms  emitted T:7819  t=6  tag=P2
240142ms  emitted T:7820  t=6  tag=P2
240143ms  emitted T:7821  t=6  tag=P2
240143ms  emitted T:7822  t=6  tag=P2
240144ms  emitted T:7823  t=6  tag=P2
240144ms  emitted T:7824  t=6  tag=P2
240145ms  emitted T:7825  t=6  tag=P2
240145ms  emitted T:7826  t=6  tag=P2
240145ms  emitted T:7827  t=6  tag=P2
240146ms  emitted T:7828  t=6  tag=P2
240146ms  emitted T:7829  t=6  tag=P2
240147ms  emitted T:7830  t=6  tag=P2
240147ms  emitted T:7831  t=6  tag=P2
240148ms  emitted T:7832  t=6  tag=P2
240148ms  emitted T:7833  t=7  tag=P2
240148ms  emitted T:7834  t=6  tag=P2
240149ms  emitted T:7835  t=6  tag=P2
240149ms  emitted T:7836  t=6  tag=P2
240150ms  emitted T:7837  t=6  tag=P2
240150ms  emitted T:7838  t=6  tag=P2
240150ms  emitted T:7839  t=6  tag=P2
240151ms  emitted T:7840  t=6  tag=P2
240151ms  emitted T:7841  t=6  tag=P2
240152ms  emitted T:7842  t=6  tag=P2
240152ms  emitted T:7843  t=7  tag=P2
240152ms  emitted T:7844  t=6  tag=P2
240153ms  emitted T:7845  t=7  tag=P2
240153ms  emitted T:7846  t=6  tag=P2
240154ms  emitted T:7847  t=6  tag=P2
240154ms  emitted T:7848  t=9  tag=P2
240154ms  emitted T:7849  t=9  tag=P2
240155ms  emitted T:7850  t=6  tag=P2
240155ms  emitted T:7851  t=6  tag=P2
240156ms  emitted T:7852  t=6  tag=P2
240156ms  emitted T:7853  t=6  tag=P2
240156ms  emitted T:7854  t=7  tag=P2
240157ms  emitted T:7855  t=7  tag=P2
240157ms  emitted T:7856  t=6  tag=P2
240158ms  emitted T:7857  t=6  tag=P2
240158ms  emitted T:7858  t=6  tag=P2
240158ms  emitted T:7859  t=6  tag=P2
240159ms  emitted T:7860  t=6  tag=P2
240159ms  emitted T:7861  t=6  tag=P2
240160ms  emitted T:7862  t=6  tag=P2
240160ms  emitted T:7863  t=6  tag=P2
240160ms  emitted T:7864  t=6  tag=P2
240161ms  emitted T:7865  t=6  tag=P2
240161ms  emitted T:7866  t=6  tag=P2
240162ms  emitted T:7867  t=6  tag=P2
240162ms  emitted T:7868  t=6  tag=P2
240163ms  emitted T:7869  t=9  tag=P2
240163ms  emitted T:7870  t=6  tag=P2
240163ms  emitted T:7871  t=6  tag=P2
240164ms  emitted T:7872  t=6  tag=P2
240164ms  emitted T:7873  t=6  tag=P2
240165ms  emitted T:7874  t=9  tag=P2
240165ms  emitted T:7875  t=9  tag=P2
240166ms  emitted T:7876  t=9  tag=P2
240166ms  emitted T:7877  t=6  tag=P2
240166ms  emitted T:7878  t=6  tag=P2
240167ms  emitted T:7879  t=6  tag=P2
240167ms  emitted T:7880  t=6  tag=P2
240167ms  emitted T:7881  t=6  tag=P2
240168ms  emitted T:7882  t=6  tag=P2
240168ms  emitted T:7883  t=6  tag=P2
240169ms  emitted T:7884  t=6  tag=P2
240169ms  emitted T:7885  t=6  tag=P2
240170ms  emitted T:7886  t=6  tag=P2
240170ms  emitted T:7887  t=6  tag=P2
240170ms  emitted T:7888  t=6  tag=P2
240171ms  emitted T:7889  t=6  tag=P2
240171ms  emitted T:7890  t=6  tag=P2
240172ms  emitted T:7891  t=6  tag=P2
240172ms  emitted T:7892  t=6  tag=P2
240172ms  emitted T:7893  t=6  tag=P2
240173ms  emitted T:7894  t=6  tag=P2
240173ms  emitted T:7895  t=6  tag=P2
240174ms  emitted T:7896  t=6  tag=P2
240174ms  emitted T:7897  t=9  tag=P2
240174ms  emitted T:7898  t=9  tag=P2
240175ms  emitted T:7899  t=6  tag=P2
240175ms  emitted T:7900  t=6  tag=P2
240223ms  emitted T:7901  t=5  tag=2
241986ms  emitted T:7946  t=11  tag=3
242056ms  emitted T:7948  t=5  tag=3
242127ms  emitted T:7949  t=5  tag=3
242203ms  emitted T:7950  t=9  tag=3
242283ms  emitted T:7951  t=7  tag=3
242361ms  emitted T:7952  t=7  tag=3
242494ms  emitted T:7953  t=5  tag=3
242887ms  emitted T:7954  t=10  tag=2
243321ms  emitted T:7955  t=9  tag=2
243859ms  emitted T:7956  t=9  tag=2
244273ms  emitted T:7957  t=9  tag=2
244707ms  emitted T:7958  t=9  tag=2
245219ms  emitted T:7959  t=10  tag=2
245622ms  emitted T:7960  t=10  tag=2
246065ms  emitted T:7961  t=9  tag=2
246542ms  emitted T:7962  t=9  tag=2
246951ms  emitted T:7963  t=8  tag=2
247461ms  emitted T:7964  t=9  tag=2
247943ms  emitted T:7965  t=9  tag=2
248380ms  emitted T:7966  t=11  tag=2
248940ms  emitted T:7967  t=11  tag=2
249375ms  emitted T:7968  t=11  tag=2
249849ms  emitted T:7969  t=11  tag=2
250369ms  emitted T:7970  t=11  tag=2
250808ms  emitted T:7971  t=12  tag=2
251289ms  emitted T:7972  t=11  tag=2
251831ms  emitted T:7973  t=11  tag=2
252244ms  emitted T:7974  t=12  tag=2
252701ms  emitted T:7975  t=11  tag=2
253180ms  emitted T:7976  t=11  tag=2
253598ms  emitted T:7977  t=11  tag=2
257541ms  emitted T:7989  t=9  tag=2
260571ms  emitted T:7990  t=12  tag=2
262965ms  emitted T:7992  t=11  tag=2
263624ms  emitted T:7993  t=9  tag=2
264301ms  emitted T:7994  t=11  tag=2
265184ms  TOM progress 8000/10723
265614ms  emitted T:8005  t=6  tag=3
272919ms  emitted T:8058  t=8  tag=2
273070ms  emitted T:8059  t=9  tag=2
273236ms  emitted T:8060  t=8  tag=2
273395ms  emitted T:8061  t=9  tag=2
273647ms  emitted T:8062  t=8  tag=2
273794ms  emitted T:8063  t=8  tag=2
273940ms  emitted T:8064  t=8  tag=2
274094ms  emitted T:8065  t=8  tag=2
274242ms  emitted T:8066  t=8  tag=2
274411ms  emitted T:8067  t=9  tag=2
274569ms  emitted T:8068  t=8  tag=2
274722ms  emitted T:8069  t=8  tag=2
274903ms  emitted T:8070  t=8  tag=2
275085ms  emitted T:8071  t=9  tag=2
275220ms  emitted T:8072  t=10  tag=2
275355ms  emitted T:8073  t=10  tag=2
275496ms  emitted T:8074  t=8  tag=2
275639ms  emitted T:8075  t=8  tag=2
275792ms  emitted T:8076  t=8  tag=2
275954ms  emitted T:8077  t=8  tag=2
276189ms  emitted T:8078  t=11  tag=2
276336ms  emitted T:8079  t=9  tag=2
276479ms  emitted T:8080  t=9  tag=2
276626ms  emitted T:8081  t=8  tag=2
276771ms  emitted T:8082  t=9  tag=2
276921ms  emitted T:8083  t=9  tag=2
277074ms  emitted T:8084  t=9  tag=2
277262ms  emitted T:8085  t=8  tag=2
277464ms  emitted T:8086  t=9  tag=2
277609ms  emitted T:8087  t=8  tag=2
277755ms  emitted T:8088  t=9  tag=2
277901ms  emitted T:8089  t=9  tag=2
278056ms  emitted T:8090  t=9  tag=2
278211ms  emitted T:8091  t=8  tag=2
278380ms  emitted T:8092  t=8  tag=2
278605ms  emitted T:8093  t=8  tag=2
278753ms  emitted T:8094  t=9  tag=2
278895ms  emitted T:8095  t=8  tag=2
279041ms  emitted T:8096  t=8  tag=2
279196ms  emitted T:8097  t=8  tag=2
279346ms  emitted T:8098  t=8  tag=2
279504ms  emitted T:8099  t=8  tag=2
279681ms  emitted T:8100  t=9  tag=2
279889ms  emitted T:8101  t=9  tag=2
280025ms  emitted T:8102  t=10  tag=2
280170ms  emitted T:8103  t=11  tag=2
280325ms  emitted T:8104  t=10  tag=2
280470ms  emitted T:8105  t=10  tag=2
280627ms  emitted T:8106  t=4  tag=2
281655ms  emitted T:8109  t=8  tag=2
282621ms  emitted T:8110  t=11  tag=2
282798ms  emitted T:8111  t=8  tag=2
282985ms  emitted T:8112  t=8  tag=2
283168ms  emitted T:8113  t=9  tag=2
283361ms  emitted T:8114  t=8  tag=2
283641ms  emitted T:8115  t=9  tag=2
283809ms  emitted T:8116  t=8  tag=2
283985ms  emitted T:8117  t=8  tag=2
284158ms  emitted T:8118  t=10  tag=2
284338ms  emitted T:8119  t=9  tag=2
284519ms  emitted T:8120  t=8  tag=2
284725ms  emitted T:8121  t=8  tag=2
284966ms  emitted T:8122  t=8  tag=2
285160ms  emitted T:8123  t=8  tag=2
285334ms  emitted T:8124  t=8  tag=2
285512ms  emitted T:8125  t=9  tag=2
285690ms  emitted T:8126  t=10  tag=2
285918ms  emitted T:8127  t=8  tag=2
286277ms  emitted T:8128  t=8  tag=2
286552ms  emitted T:8131  t=10  tag=3
287295ms  emitted T:8133  t=11  tag=2
288001ms  emitted T:8134  t=11  tag=2
288711ms  emitted T:8135  t=11  tag=2
289372ms  emitted T:8136  t=12  tag=2
290086ms  emitted T:8137  t=11  tag=2
290775ms  emitted T:8138  t=11  tag=2
291530ms  emitted T:8139  t=11  tag=2
292165ms  emitted T:8140  t=11  tag=2
292888ms  emitted T:8141  t=11  tag=2
293479ms  emitted T:8142  t=11  tag=2
294241ms  emitted T:8143  t=11  tag=2
294748ms  emitted T:8144  t=8  tag=2
295329ms  emitted T:8145  t=8  tag=2
295990ms  emitted T:8146  t=8  tag=2
296566ms  emitted T:8147  t=9  tag=2
297154ms  emitted T:8148  t=8  tag=2
297969ms  emitted T:8149  t=8  tag=2
298563ms  emitted T:8150  t=9  tag=2
299185ms  emitted T:8151  t=8  tag=2
299947ms  emitted T:8152  t=8  tag=2
300500ms  emitted T:8153  t=8  tag=2
301152ms  emitted T:8154  t=8  tag=2
301877ms  emitted T:8155  t=10  tag=2
302446ms  emitted T:8162  t=8  tag=2
302602ms  emitted T:8163  t=8  tag=2
302774ms  emitted T:8164  t=9  tag=2
302974ms  emitted T:8165  t=8  tag=2
303264ms  emitted T:8166  t=9  tag=2
303403ms  emitted T:8167  t=8  tag=2
303545ms  emitted T:8168  t=8  tag=2
303685ms  emitted T:8169  t=8  tag=2
303832ms  emitted T:8170  t=9  tag=2
303978ms  emitted T:8171  t=8  tag=2
304129ms  emitted T:8172  t=8  tag=2
304285ms  emitted T:8173  t=8  tag=2
304454ms  emitted T:8174  t=9  tag=2
304642ms  emitted T:8175  t=8  tag=2
304947ms  emitted T:8176  t=10  tag=2
305087ms  emitted T:8177  t=10  tag=2
305447ms  emitted T:8180  t=8  tag=2
305676ms  emitted T:8181  t=9  tag=2
305908ms  emitted T:8182  t=8  tag=2
306149ms  emitted T:8183  t=8  tag=2
306456ms  emitted T:8184  t=9  tag=2
306769ms  emitted T:8185  t=8  tag=2
307099ms  emitted T:8188  t=8  tag=2
307257ms  emitted T:8189  t=8  tag=2
307420ms  emitted T:8190  t=9  tag=2
307582ms  emitted T:8191  t=8  tag=2
307756ms  emitted T:8192  t=8  tag=2
307940ms  emitted T:8193  t=8  tag=2
308143ms  emitted T:8194  t=9  tag=2
308428ms  emitted T:8195  t=10  tag=2
308477ms  emitted T:8196  t=6  tag=3
308848ms  TOM progress 8200/10723
309590ms  emitted T:8203  t=11  tag=2
310326ms  emitted T:8204  t=8  tag=2
310985ms  emitted T:8205  t=11  tag=2
311030ms  emitted T:8206  t=4  tag=3
312051ms  emitted T:8209  t=9  tag=2
312610ms  emitted T:8210  t=8  tag=2
313529ms  emitted T:8211  t=11  tag=2
314164ms  emitted T:8212  t=11  tag=2
314382ms  emitted T:8213  t=9  tag=2
314607ms  emitted T:8214  t=8  tag=2
314851ms  emitted T:8215  t=8  tag=2
315709ms  emitted T:8216  t=11  tag=2
316407ms  emitted T:8217  t=11  tag=2
317220ms  emitted T:8218  t=8  tag=2
317799ms  emitted T:8219  t=8  tag=2
318964ms  emitted T:8220  t=11  tag=2
319686ms  emitted T:8221  t=8  tag=2
320521ms  emitted T:8222  t=11  tag=2
321161ms  emitted T:8223  t=8  tag=2
321262ms  emitted T:8224  t=5  tag=2
321386ms  emitted T:8228  t=5  tag=2
321415ms  emitted T:8229  t=5  tag=2
321446ms  emitted T:8230  t=5  tag=2
321478ms  emitted T:8231  t=5  tag=2
321511ms  emitted T:8232  t=5  tag=2
321541ms  emitted T:8233  t=6  tag=2
321557ms  emitted T:8234  t=4  tag=2
321580ms  emitted T:8235  t=4  tag=2
321601ms  emitted T:8236  t=5  tag=2
321623ms  emitted T:8237  t=5  tag=2
321633ms  emitted T:8238  t=5  tag=0
322510ms  emitted T:8239  t=10  tag=2
322616ms  emitted T:8240  t=10  tag=2
322711ms  emitted T:8241  t=6  tag=2
322820ms  emitted T:8242  t=7  tag=2
323021ms  emitted T:8243  t=10  tag=2
323218ms  emitted T:8244  t=7  tag=2
323309ms  emitted T:8245  t=10  tag=2
323394ms  emitted T:8246  t=4  tag=2
323489ms  emitted T:8247  t=7  tag=2
323597ms  emitted T:8248  t=7  tag=2
323696ms  emitted T:8249  t=6  tag=2
323882ms  emitted T:8254  t=7  tag=2
323988ms  emitted T:8255  t=7  tag=2
324119ms  emitted T:8256  t=10  tag=2
324268ms  emitted T:8257  t=5  tag=2
324285ms  emitted T:8258  t=6  tag=0
324351ms  emitted T:8259  t=7  tag=0
324526ms  emitted T:8260  t=7  tag=2
324717ms  emitted T:8261  t=7  tag=2
324922ms  emitted T:8262  t=10  tag=2
325102ms  emitted T:8263  t=5  tag=2
325116ms  emitted T:8264  t=7  tag=0
325135ms  emitted T:8265  t=7  tag=0
325148ms  emitted T:8266  t=6  tag=0
325158ms  emitted T:8267  t=3  tag=0
325277ms  emitted T:8268  t=7  tag=2
325400ms  emitted T:8269  t=7  tag=2
325530ms  emitted T:8270  t=7  tag=2
325665ms  emitted T:8271  t=10  tag=2
325792ms  emitted T:8272  t=5  tag=2
325840ms  emitted T:8273  t=8  tag=2
325889ms  emitted T:8274  t=6  tag=2
325943ms  emitted T:8275  t=6  tag=2
325995ms  emitted T:8276  t=6  tag=2
326049ms  emitted T:8277  t=4  tag=2
326101ms  emitted T:8278  t=5  tag=2
326243ms  emitted T:8279  t=4  tag=2
326303ms  emitted T:8280  t=4  tag=2
326366ms  emitted T:8281  t=4  tag=2
326420ms  emitted T:8282  t=4  tag=2
326510ms  emitted T:8283  t=4  tag=2
326584ms  emitted T:8284  t=4  tag=2
326660ms  emitted T:8285  t=4  tag=2
326704ms  emitted T:8286  t=6  tag=2
326761ms  emitted T:8287  t=6  tag=2
326800ms  emitted T:8288  t=6  tag=2
326877ms  emitted T:8289  t=4  tag=2
326996ms  emitted T:8297  t=7  tag=3
327014ms  emitted T:8298  t=8  tag=3
327044ms  emitted T:8299  t=5  tag=2
327096ms  emitted T:8300  t=7  tag=2
327296ms  emitted T:8301  t=6  tag=2
328323ms  emitted T:8345  t=7  tag=2
328432ms  emitted T:8346  t=9  tag=2
328486ms  emitted T:8347  t=7  tag=2
328542ms  emitted T:8348  t=7  tag=2
328707ms  emitted T:8349  t=7  tag=2
328894ms  emitted T:8350  t=10  tag=2
328948ms  emitted T:8351  t=7  tag=2
329046ms  emitted T:8352  t=6  tag=2
329155ms  emitted T:8353  t=9  tag=2
329231ms  emitted T:8354  t=7  tag=2
329319ms  emitted T:8355  t=6  tag=2
329508ms  emitted T:8356  t=9  tag=2
329724ms  emitted T:8357  t=6  tag=2
329820ms  emitted T:8358  t=9  tag=2
329907ms  emitted T:8359  t=6  tag=2
332458ms  emitted T:8360  t=10  tag=2
335182ms  emitted T:8362  t=12  tag=2
337771ms  emitted T:8363  t=11  tag=2
340172ms  emitted T:8364  t=9  tag=2
340303ms  emitted T:8365  t=6  tag=2
340438ms  emitted T:8366  t=7  tag=2
340592ms  emitted T:8367  t=8  tag=2
340728ms  emitted T:8368  t=4  tag=2
341006ms  emitted T:8369  t=10  tag=2
341118ms  emitted T:8370  t=6  tag=2
341229ms  emitted T:8371  t=7  tag=2
341257ms  emitted T:8372  t=6  tag=0
341278ms  emitted T:8373  t=7  tag=0
341316ms  emitted T:8374  t=12  tag=2
341353ms  emitted T:8375  t=8  tag=2
341391ms  emitted T:8376  t=8  tag=2
341429ms  emitted T:8377  t=8  tag=2
341470ms  emitted T:8378  t=7  tag=2
341510ms  emitted T:8379  t=7  tag=2
341551ms  emitted T:8380  t=7  tag=2
341592ms  emitted T:8381  t=6  tag=2
341630ms  emitted T:8382  t=5  tag=2
341670ms  emitted T:8383  t=9  tag=2
341707ms  emitted T:8384  t=9  tag=2
341753ms  emitted T:8385  t=9  tag=2
341791ms  emitted T:8386  t=6  tag=2
341876ms  emitted T:8387  t=6  tag=0
341895ms  emitted T:8388  t=4  tag=0
341920ms  emitted T:8389  t=6  tag=0
341947ms  emitted T:8390  t=7  tag=0
342002ms  emitted T:8391  t=6  tag=2
342057ms  emitted T:8392  t=5  tag=2
342117ms  emitted T:8393  t=5  tag=2
342172ms  emitted T:8394  t=3  tag=2
342243ms  emitted T:8395  t=7  tag=2
342312ms  emitted T:8396  t=7  tag=2
342923ms  emitted T:8397  t=9  tag=2
343468ms  emitted T:8398  t=11  tag=2
344141ms  emitted T:8399  t=8  tag=2
344725ms  emitted T:8400  t=9  tag=2
344725ms  TOM progress 8400/10723
345275ms  emitted T:8401  t=9  tag=2
345897ms  emitted T:8402  t=11  tag=2
346484ms  emitted T:8403  t=11  tag=2
347051ms  emitted T:8404  t=8  tag=2
347804ms  emitted T:8405  t=8  tag=2
347985ms  emitted T:8406  t=6  tag=2
348142ms  emitted T:8407  t=9  tag=2
348339ms  emitted T:8408  t=8  tag=2
348540ms  emitted T:8409  t=8  tag=2
348583ms  emitted T:8410  t=6  tag=0
348629ms  emitted T:8411  t=8  tag=0
348672ms  emitted T:8412  t=9  tag=0
348712ms  emitted T:8413  t=8  tag=0
348777ms  emitted T:8414  t=5  tag=2
348846ms  emitted T:8415  t=7  tag=2
349788ms  emitted T:8416  t=9  tag=2
350484ms  emitted T:8417  t=11  tag=2
351415ms  emitted T:8418  t=8  tag=2
351444ms  emitted T:8419  t=7  tag=0
351527ms  emitted T:8420  t=9  tag=0
351620ms  emitted T:8421  t=11  tag=0
351705ms  emitted T:8422  t=8  tag=0
351762ms  emitted T:8423  t=5  tag=2
351817ms  emitted T:8424  t=7  tag=2
352015ms  emitted T:8425  t=8  tag=2
352206ms  emitted T:8426  t=9  tag=2
352407ms  emitted T:8427  t=8  tag=2
352612ms  emitted T:8428  t=8  tag=2
352837ms  emitted T:8429  t=8  tag=2
353159ms  emitted T:8430  t=9  tag=2
353344ms  emitted T:8431  t=8  tag=2
353527ms  emitted T:8432  t=8  tag=2
353716ms  emitted T:8433  t=6  tag=2
354065ms  emitted T:8434  t=8  tag=2
354338ms  emitted T:8435  t=8  tag=2
354367ms  emitted T:8436  t=6  tag=0
354399ms  emitted T:8437  t=5  tag=0
354429ms  emitted T:8438  t=5  tag=0
354446ms  emitted T:8439  t=5  tag=0
355054ms  emitted T:8440  t=6  tag=2
355510ms  emitted T:8441  t=6  tag=2
355520ms  emitted T:8442  t=3  tag=0
355714ms  emitted T:8443  t=8  tag=2
355914ms  emitted T:8444  t=8  tag=2
356122ms  emitted T:8445  t=8  tag=2
356373ms  emitted T:8446  t=8  tag=2
356419ms  emitted T:8447  t=5  tag=2
356735ms  emitted T:8448  t=9  tag=2
356967ms  emitted T:8449  t=8  tag=2
357206ms  emitted T:8450  t=9  tag=2
357455ms  emitted T:8451  t=8  tag=2
357724ms  emitted T:8452  t=8  tag=2
358033ms  emitted T:8453  t=6  tag=2
358104ms  emitted T:8454  t=6  tag=2
358251ms  emitted T:8455  t=8  tag=2
358288ms  emitted T:8456  t=7  tag=2
358334ms  emitted T:8457  t=7  tag=2
358379ms  emitted T:8458  t=9  tag=2
358564ms  emitted T:8459  t=9  tag=2
358754ms  emitted T:8460  t=8  tag=2
358942ms  emitted T:8461  t=8  tag=2
359114ms  emitted T:8462  t=8  tag=2
359293ms  emitted T:8463  t=9  tag=2
359480ms  emitted T:8464  t=8  tag=2
359743ms  emitted T:8465  t=8  tag=2
359992ms  emitted T:8466  t=6  tag=2
360078ms  emitted T:8467  t=6  tag=2
360166ms  emitted T:8468  t=5  tag=2
360258ms  emitted T:8469  t=5  tag=2
360275ms  emitted T:8470  t=6  tag=0
360298ms  emitted T:8471  t=8  tag=0
360315ms  emitted T:8472  t=7  tag=0
360339ms  emitted T:8473  t=7  tag=0
360356ms  emitted T:8474  t=9  tag=0
360398ms  emitted T:8475  t=8  tag=2
360443ms  emitted T:8476  t=7  tag=2
360496ms  emitted T:8477  t=7  tag=2
360539ms  emitted T:8478  t=6  tag=2
360583ms  emitted T:8479  t=9  tag=2
360606ms  emitted T:8480  t=5  tag=0
360700ms  emitted T:8481  t=5  tag=2
361279ms  emitted T:8482  t=8  tag=2
361883ms  emitted T:8483  t=9  tag=2
362322ms  emitted T:8484  t=9  tag=2
362882ms  emitted T:8485  t=10  tag=2
363490ms  emitted T:8486  t=9  tag=2
363984ms  emitted T:8487  t=9  tag=2
364620ms  emitted T:8488  t=9  tag=2
365183ms  emitted T:8489  t=9  tag=2
365713ms  emitted T:8490  t=9  tag=2
366257ms  emitted T:8491  t=11  tag=2
366847ms  emitted T:8492  t=11  tag=2
367363ms  emitted T:8493  t=12  tag=2
368001ms  emitted T:8494  t=11  tag=2
368593ms  emitted T:8495  t=11  tag=2
369079ms  emitted T:8496  t=11  tag=2
369749ms  emitted T:8497  t=11  tag=2
370290ms  emitted T:8498  t=11  tag=2
370786ms  emitted T:8499  t=11  tag=2
371315ms  emitted T:8500  t=12  tag=2
371912ms  emitted T:8501  t=11  tag=2
372380ms  emitted T:8502  t=11  tag=2
372984ms  emitted T:8503  t=11  tag=2
373645ms  emitted T:8504  t=11  tag=2
374100ms  emitted T:8505  t=11  tag=2
374658ms  emitted T:8506  t=7  tag=2
375262ms  emitted T:8507  t=6  tag=2
375753ms  emitted T:8508  t=9  tag=2
376253ms  emitted T:8509  t=8  tag=2
376843ms  emitted T:8510  t=8  tag=2
377289ms  emitted T:8511  t=8  tag=2
377836ms  emitted T:8512  t=8  tag=2
378467ms  emitted T:8513  t=8  tag=2
378921ms  emitted T:8514  t=8  tag=2
379538ms  emitted T:8515  t=8  tag=2
380104ms  emitted T:8516  t=8  tag=2
380601ms  emitted T:8517  t=8  tag=2
381290ms  emitted T:8518  t=8  tag=2
381789ms  emitted T:8519  t=8  tag=2
382286ms  emitted T:8520  t=8  tag=2
382851ms  emitted T:8521  t=8  tag=2
383349ms  emitted T:8522  t=8  tag=2
383872ms  emitted T:8523  t=8  tag=2
384663ms  emitted T:8524  t=8  tag=2
385110ms  emitted T:8525  t=8  tag=2
385577ms  emitted T:8526  t=8  tag=2
386102ms  emitted T:8527  t=8  tag=2
386684ms  emitted T:8528  t=8  tag=2
387182ms  emitted T:8529  t=8  tag=2
387804ms  emitted T:8530  t=8  tag=2
388304ms  emitted T:8531  t=10  tag=2
388339ms  emitted T:8533  t=5  tag=2
388385ms  emitted T:8534  t=8  tag=0
388415ms  emitted T:8535  t=5  tag=0
388446ms  emitted T:8536  t=4  tag=2
388478ms  emitted T:8537  t=6  tag=2
388491ms  emitted T:8538  t=4  tag=0
389129ms  emitted T:8539  t=8  tag=2
389895ms  emitted T:8540  t=7  tag=2
390072ms  emitted T:8541  t=8  tag=2
390219ms  emitted T:8542  t=8  tag=2
390249ms  emitted T:8543  t=5  tag=0
390408ms  emitted T:8544  t=8  tag=2
390593ms  emitted T:8545  t=8  tag=2
390764ms  emitted T:8546  t=8  tag=2
390942ms  emitted T:8547  t=8  tag=2
391386ms  emitted T:8548  t=8  tag=2
391555ms  emitted T:8549  t=8  tag=2
391734ms  emitted T:8550  t=8  tag=2
391903ms  emitted T:8551  t=8  tag=2
392059ms  emitted T:8552  t=8  tag=2
392266ms  emitted T:8553  t=8  tag=2
392467ms  emitted T:8554  t=8  tag=2
392677ms  emitted T:8555  t=8  tag=2
392906ms  emitted T:8556  t=8  tag=2
393062ms  emitted T:8557  t=5  tag=2
393161ms  emitted T:8558  t=8  tag=0
393246ms  emitted T:8559  t=5  tag=2
393460ms  emitted T:8560  t=8  tag=2
393674ms  emitted T:8561  t=8  tag=2
393691ms  emitted T:8562  t=5  tag=0
393937ms  emitted T:8563  t=8  tag=2
394166ms  emitted T:8564  t=8  tag=2
394221ms  emitted T:8565  t=5  tag=2
394275ms  emitted T:8566  t=6  tag=2
394322ms  emitted T:8567  t=3  tag=2
394379ms  emitted T:8568  t=4  tag=2
394574ms  emitted T:8569  t=5  tag=2
394616ms  emitted T:8570  t=8  tag=0
394657ms  emitted T:8571  t=8  tag=0
394910ms  emitted T:8572  t=5  tag=2
394958ms  emitted T:8573  t=5  tag=2
395003ms  emitted T:8574  t=5  tag=2
395049ms  emitted T:8575  t=6  tag=2
395095ms  emitted T:8576  t=5  tag=2
395135ms  emitted T:8577  t=3  tag=2
395179ms  emitted T:8578  t=4  tag=2
395280ms  emitted T:8579  t=7  tag=2
395385ms  emitted T:8580  t=8  tag=2
395494ms  emitted T:8581  t=7  tag=2
395610ms  emitted T:8582  t=7  tag=2
395713ms  emitted T:8583  t=7  tag=2
395828ms  emitted T:8584  t=7  tag=2
395942ms  emitted T:8585  t=8  tag=2
396071ms  emitted T:8586  t=7  tag=2
396214ms  emitted T:8587  t=6  tag=2
396432ms  emitted T:8588  t=6  tag=2
396532ms  emitted T:8589  t=4  tag=2
396620ms  emitted T:8590  t=3  tag=2
396718ms  emitted T:8591  t=9  tag=2
396775ms  emitted T:8592  t=5  tag=2
396991ms  emitted T:8593  t=8  tag=2
397188ms  emitted T:8594  t=8  tag=2
397282ms  emitted T:8595  t=5  tag=2
397350ms  emitted T:8596  t=6  tag=2
397408ms  emitted T:8597  t=5  tag=2
397474ms  emitted T:8598  t=4  tag=2
397533ms  emitted T:8599  t=3  tag=2
397560ms  emitted T:8600  t=6  tag=0
397560ms  TOM progress 8600/10723
397578ms  emitted T:8601  t=5  tag=0
397594ms  emitted T:8602  t=3  tag=0
397612ms  emitted T:8603  t=4  tag=0
398223ms  emitted T:8604  t=6  tag=2
398305ms  emitted T:8605  t=6  tag=2
398393ms  emitted T:8606  t=5  tag=2
398482ms  emitted T:8607  t=5  tag=2
398572ms  emitted T:8608  t=5  tag=2
399071ms  emitted T:8609  t=6  tag=2
399313ms  emitted T:8610  t=5  tag=2
399428ms  emitted T:8611  t=5  tag=2
399468ms  emitted T:8612  t=5  tag=0
399728ms  emitted T:8613  t=5  tag=2
399745ms  emitted T:8614  t=5  tag=0
399833ms  emitted T:8615  t=3  tag=2
399921ms  emitted T:8616  t=3  tag=2
399969ms  emitted T:8617  t=3  tag=2
400010ms  emitted T:8618  t=3  tag=2
400050ms  emitted T:8619  t=3  tag=2
400197ms  emitted T:8620  t=7  tag=2
400353ms  emitted T:8621  t=7  tag=2
400507ms  emitted T:8622  t=7  tag=2
400675ms  emitted T:8623  t=7  tag=2
400872ms  emitted T:8624  t=7  tag=2
404234ms  emitted T:8625  t=11  tag=2
404283ms  emitted T:8626  t=3  tag=2
404305ms  emitted T:8627  t=3  tag=0
404778ms  emitted T:8628  t=7  tag=2
405010ms  emitted T:8629  t=7  tag=2
405169ms  emitted T:8630  t=5  tag=2
405415ms  emitted T:8631  t=7  tag=2
405579ms  emitted T:8632  t=7  tag=2
406482ms  emitted T:8633  t=7  tag=2
406518ms  emitted T:8634  t=7  tag=0
406656ms  emitted T:8635  t=7  tag=2
406817ms  emitted T:8636  t=5  tag=2
406989ms  emitted T:8637  t=5  tag=2
407151ms  emitted T:8638  t=6  tag=2
407174ms  emitted T:8639  t=3  tag=0
407309ms  emitted T:8640  t=5  tag=2
407401ms  emitted T:8641  t=4  tag=2
407489ms  emitted T:8642  t=4  tag=2
407569ms  emitted T:8643  t=5  tag=2
407663ms  emitted T:8644  t=4  tag=2
407750ms  emitted T:8645  t=4  tag=2
407839ms  emitted T:8646  t=5  tag=2
407949ms  emitted T:8647  t=4  tag=2
408068ms  emitted T:8648  t=5  tag=2
408129ms  emitted T:8649  t=5  tag=2
408198ms  emitted T:8650  t=5  tag=2
408278ms  emitted T:8651  t=4  tag=2
408542ms  emitted T:8652  t=6  tag=2
408676ms  emitted T:8653  t=4  tag=2
408765ms  emitted T:8654  t=4  tag=2
408852ms  emitted T:8655  t=6  tag=2
408940ms  emitted T:8656  t=6  tag=2
409026ms  emitted T:8657  t=8  tag=2
409193ms  emitted T:8658  t=7  tag=2
409252ms  emitted T:8659  t=4  tag=2
409293ms  emitted T:8661  t=3  tag=2+3
409356ms  emitted T:8662  t=4  tag=2
409397ms  emitted T:8663  t=3  tag=2
409569ms  emitted T:8664  t=9  tag=3
415328ms  emitted T:8715  t=7  tag=2
415477ms  emitted T:8716  t=6  tag=2
415633ms  emitted T:8717  t=6  tag=2
415790ms  emitted T:8718  t=7  tag=2
415951ms  emitted T:8719  t=6  tag=2
416117ms  emitted T:8720  t=6  tag=2
416288ms  emitted T:8721  t=6  tag=2
416476ms  emitted T:8723  t=10  tag=2
416691ms  emitted T:8724  t=10  tag=2
416955ms  emitted T:8725  t=10  tag=2
417104ms  emitted T:8726  t=10  tag=2
417262ms  emitted T:8727  t=10  tag=2
417410ms  emitted T:8728  t=11  tag=2
417565ms  emitted T:8729  t=10  tag=2
417726ms  emitted T:8730  t=8  tag=2
417864ms  emitted T:8731  t=4  tag=2
418004ms  emitted T:8732  t=3  tag=2
418950ms  emitted T:8734  t=6  tag=2
419596ms  emitted T:8735  t=10  tag=2
420365ms  emitted T:8736  t=8  tag=2
420540ms  emitted T:8737  t=3  tag=2
426325ms  emitted T:8778  t=10  tag=2
426552ms  emitted T:8779  t=6  tag=2
426794ms  emitted T:8780  t=10  tag=2
427072ms  emitted T:8781  t=6  tag=2
427351ms  emitted T:8782  t=10  tag=2
427605ms  emitted T:8783  t=10  tag=2
427769ms  emitted T:8784  t=6  tag=2
427941ms  emitted T:8785  t=6  tag=2
428116ms  emitted T:8786  t=6  tag=2
428307ms  emitted T:8787  t=10  tag=2
428395ms  emitted T:8788  t=3  tag=2
428509ms  emitted T:8790  t=3  tag=2
428573ms  emitted T:8791  t=3  tag=2
428654ms  emitted T:8792  t=3  tag=2
428717ms  emitted T:8793  t=3  tag=2
428736ms  emitted T:8794  t=4  tag=0
429113ms  TOM progress 8800/10723
432582ms  emitted T:8862  t=8  tag=2
433674ms  emitted T:8863  t=10  tag=2
433767ms  emitted T:8864  t=12  tag=2
433847ms  emitted T:8865  t=9  tag=2
433950ms  emitted T:8866  t=9  tag=2
434043ms  emitted T:8867  t=9  tag=2
434141ms  emitted T:8868  t=6  tag=2
434245ms  emitted T:8869  t=6  tag=2
434350ms  emitted T:8870  t=6  tag=2
434466ms  emitted T:8871  t=6  tag=2
434594ms  emitted T:8872  t=6  tag=2
435594ms  emitted T:8877  t=8  tag=2
435926ms  emitted T:8878  t=7  tag=2
436474ms  emitted T:8879  t=7  tag=2
436766ms  emitted T:8880  t=7  tag=2
437057ms  emitted T:8881  t=7  tag=2
437174ms  emitted T:8882  t=9  tag=2
437303ms  emitted T:8883  t=6  tag=2
437630ms  emitted T:8884  t=7  tag=2
437824ms  emitted T:8885  t=10  tag=2
438091ms  emitted T:8886  t=7  tag=2
438473ms  emitted T:8887  t=7  tag=2
438769ms  emitted T:8888  t=7  tag=2
438868ms  emitted T:8889  t=9  tag=2
438967ms  emitted T:8890  t=6  tag=2
439321ms  emitted T:8891  t=7  tag=2
439997ms  emitted T:8892  t=7  tag=2
440381ms  emitted T:8893  t=7  tag=2
440701ms  emitted T:8894  t=7  tag=2
441075ms  emitted T:8895  t=7  tag=2
441097ms  emitted T:8896  t=4  tag=0
441111ms  emitted T:8897  t=4  tag=0
441131ms  emitted T:8898  t=4  tag=0
441153ms  emitted T:8899  t=4  tag=0
441175ms  emitted T:8900  t=4  tag=0
441197ms  emitted T:8901  t=4  tag=0
441218ms  emitted T:8902  t=4  tag=0
441511ms  emitted T:8909  t=5  tag=3
441970ms  emitted T:8911  t=9  tag=P2
441971ms  emitted T:8912  t=7  tag=P2
441971ms  emitted T:8913  t=8  tag=P2
441971ms  emitted T:8914  t=7  tag=P2
441972ms  emitted T:8915  t=6  tag=P2
441972ms  emitted T:8916  t=6  tag=P2
441973ms  emitted T:8917  t=6  tag=P2
441973ms  emitted T:8918  t=6  tag=P2
441974ms  emitted T:8919  t=6  tag=P2
441974ms  emitted T:8920  t=6  tag=P2
441975ms  emitted T:8921  t=6  tag=P2
441975ms  emitted T:8922  t=6  tag=P2
441976ms  emitted T:8923  t=6  tag=P2
441976ms  emitted T:8924  t=7  tag=P2
441977ms  emitted T:8925  t=6  tag=P2
441977ms  emitted T:8926  t=6  tag=P2
441978ms  emitted T:8927  t=6  tag=P2
441978ms  emitted T:8928  t=6  tag=P2
441979ms  emitted T:8929  t=6  tag=P2
441979ms  emitted T:8930  t=6  tag=P2
441979ms  emitted T:8931  t=6  tag=P2
441980ms  emitted T:8932  t=6  tag=P2
441980ms  emitted T:8933  t=6  tag=P2
441981ms  emitted T:8934  t=6  tag=P2
441981ms  emitted T:8935  t=6  tag=P2
441982ms  emitted T:8936  t=6  tag=P2
441982ms  emitted T:8937  t=6  tag=P2
441983ms  emitted T:8938  t=6  tag=P2
441983ms  emitted T:8939  t=6  tag=P2
441984ms  emitted T:8940  t=6  tag=P2
441984ms  emitted T:8941  t=6  tag=P2
443110ms  emitted T:8962  t=8  tag=3
443326ms  emitted T:8963  t=10  tag=3
443676ms  emitted T:8964  t=5  tag=3
443858ms  emitted T:8965  t=7  tag=3
446772ms  TOM progress 9000/10723
447323ms  emitted T:9005  t=6  tag=3
447366ms  emitted T:9006  t=2  tag=3
447445ms  emitted T:9007  t=6  tag=3
449300ms  emitted T:9025  t=7  tag=3
459906ms  emitted T:9065  t=9  tag=2
462978ms  emitted T:9066  t=11  tag=2
463240ms  emitted T:9069  t=2  tag=0
463727ms  emitted T:9076  t=6  tag=3
467992ms  emitted T:9077  t=11  tag=2
471871ms  emitted T:9078  t=8  tag=2
472547ms  emitted T:9079  t=8  tag=2
473450ms  emitted T:9080  t=8  tag=2
474075ms  emitted T:9081  t=8  tag=2
474786ms  emitted T:9082  t=8  tag=2
475535ms  emitted T:9083  t=9  tag=2
476159ms  emitted T:9084  t=8  tag=2
476986ms  emitted T:9085  t=8  tag=2
477598ms  emitted T:9086  t=8  tag=2
478291ms  emitted T:9087  t=8  tag=2
479037ms  emitted T:9088  t=8  tag=2
479672ms  emitted T:9089  t=8  tag=2
480500ms  emitted T:9090  t=8  tag=2
481112ms  emitted T:9091  t=9  tag=2
481817ms  emitted T:9092  t=8  tag=2
482540ms  emitted T:9093  t=8  tag=2
483183ms  emitted T:9094  t=10  tag=2
484072ms  emitted T:9095  t=8  tag=2
484755ms  emitted T:9096  t=8  tag=2
485714ms  emitted T:9097  t=8  tag=2
486430ms  emitted T:9098  t=9  tag=2
488703ms  emitted T:9106  t=8  tag=2
489482ms  emitted T:9107  t=8  tag=2
490850ms  emitted T:9109  t=8  tag=2
492925ms  emitted T:9115  t=8  tag=2
493602ms  emitted T:9116  t=8  tag=2
495731ms  emitted T:9121  t=8  tag=2
496594ms  emitted T:9123  t=8  tag=2
497021ms  emitted T:9137  t=4  tag=2
497077ms  emitted T:9138  t=4  tag=2
497141ms  emitted T:9139  t=4  tag=2
497206ms  emitted T:9140  t=4  tag=2
497285ms  emitted T:9141  t=4  tag=2
497385ms  emitted T:9142  t=5  tag=2
497538ms  emitted T:9143  t=5  tag=2
497779ms  emitted T:9144  t=10  tag=2
497974ms  emitted T:9145  t=4  tag=2
498194ms  emitted T:9146  t=6  tag=2
498438ms  emitted T:9147  t=7  tag=2
498488ms  emitted T:9148  t=4  tag=2
498567ms  emitted T:9149  t=6  tag=2
498646ms  emitted T:9150  t=4  tag=2
498970ms  emitted T:9151  t=10  tag=2
499425ms  emitted T:9152  t=7  tag=2
499642ms  emitted T:9153  t=7  tag=2
499860ms  emitted T:9154  t=5  tag=2
500232ms  emitted T:9155  t=10  tag=2
500593ms  emitted T:9156  t=7  tag=2
500977ms  emitted T:9157  t=7  tag=2
501490ms  emitted T:9158  t=5  tag=2
501994ms  emitted T:9172  t=7  tag=2
502091ms  emitted T:9173  t=7  tag=2
502189ms  emitted T:9174  t=6  tag=2
502268ms  emitted T:9175  t=3  tag=2
502390ms  emitted T:9176  t=7  tag=2
502506ms  emitted T:9177  t=7  tag=2
502892ms  emitted T:9178  t=10  tag=2
503422ms  emitted T:9179  t=7  tag=2
503740ms  emitted T:9180  t=7  tag=2
504022ms  emitted T:9181  t=5  tag=2
504064ms  emitted T:9182  t=4  tag=2
504110ms  emitted T:9183  t=6  tag=2
504163ms  emitted T:9184  t=5  tag=2
504274ms  emitted T:9185  t=7  tag=2
504486ms  emitted T:9186  t=7  tag=2
504573ms  emitted T:9187  t=7  tag=2
504663ms  emitted T:9188  t=7  tag=2
504761ms  emitted T:9189  t=6  tag=2
504866ms  emitted T:9190  t=5  tag=2
504950ms  emitted T:9191  t=3  tag=2
505100ms  emitted T:9192  t=7  tag=2
505306ms  emitted T:9193  t=7  tag=2
505403ms  emitted T:9194  t=5  tag=2
505504ms  emitted T:9195  t=6  tag=2
505592ms  emitted T:9196  t=3  tag=2
505764ms  emitted T:9198  t=7  tag=2
505890ms  emitted T:9199  t=5  tag=2
506002ms  emitted T:9200  t=7  tag=2
506002ms  TOM progress 9200/10723
506107ms  emitted T:9201  t=5  tag=2
506220ms  emitted T:9202  t=7  tag=2
506322ms  emitted T:9203  t=5  tag=2
506415ms  emitted T:9204  t=7  tag=2
506506ms  emitted T:9205  t=5  tag=2
506525ms  emitted T:9206  t=3  tag=0
506815ms  emitted T:9208  t=4  tag=2
507047ms  emitted T:9209  t=6  tag=2
507366ms  emitted T:9216  t=5  tag=3
507419ms  emitted T:9217  t=6  tag=3
507428ms  emitted T:9218  t=3  tag=0
507644ms  emitted T:9227  t=3  tag=3
507682ms  emitted T:9228  t=4  tag=3
511754ms  emitted T:9318  t=6  tag=2
512055ms  emitted T:9319  t=6  tag=2
512391ms  emitted T:9320  t=9  tag=2
512580ms  emitted T:9321  t=7  tag=2
512698ms  emitted T:9322  t=6  tag=2
512812ms  emitted T:9323  t=6  tag=2
512933ms  emitted T:9324  t=6  tag=2
512978ms  emitted T:9325  t=6  tag=0
513023ms  emitted T:9326  t=7  tag=0
516133ms  emitted T:9327  t=6  tag=2
516281ms  emitted T:9328  t=6  tag=2
516439ms  emitted T:9329  t=7  tag=2
516502ms  emitted T:9330  t=6  tag=0
516561ms  emitted T:9331  t=5  tag=0
516714ms  emitted T:9332  t=6  tag=2
516881ms  emitted T:9333  t=7  tag=2
517234ms  emitted T:9334  t=6  tag=2
517511ms  emitted T:9335  t=5  tag=2
520444ms  emitted T:9336  t=9  tag=2
524172ms  emitted T:9337  t=11  tag=2
527442ms  emitted T:9338  t=8  tag=2
527599ms  emitted T:9339  t=5  tag=2
527762ms  emitted T:9340  t=7  tag=2
528232ms  emitted T:9341  t=6  tag=2
528764ms  emitted T:9342  t=7  tag=2
528783ms  emitted T:9343  t=4  tag=0
529702ms  emitted T:9344  t=6  tag=2
530574ms  emitted T:9345  t=9  tag=2
531555ms  emitted T:9346  t=8  tag=2
532285ms  emitted T:9347  t=8  tag=2
532369ms  emitted T:9348  t=5  tag=2
532512ms  emitted T:9349  t=5  tag=2
532670ms  emitted T:9350  t=5  tag=2
532731ms  emitted T:9351  t=5  tag=0
532936ms  emitted T:9352  t=5  tag=2
533048ms  emitted T:9353  t=5  tag=2
533104ms  emitted T:9354  t=5  tag=2
533171ms  emitted T:9355  t=5  tag=2
533235ms  emitted T:9356  t=5  tag=2
533298ms  emitted T:9357  t=5  tag=2
533426ms  emitted T:9358  t=6  tag=2
533574ms  emitted T:9359  t=6  tag=2
533712ms  emitted T:9360  t=6  tag=2
533846ms  emitted T:9361  t=8  tag=2
533993ms  emitted T:9362  t=7  tag=2
534141ms  emitted T:9363  t=7  tag=2
534313ms  emitted T:9364  t=7  tag=2
534606ms  emitted T:9365  t=7  tag=2
534728ms  emitted T:9366  t=7  tag=2
534846ms  emitted T:9367  t=7  tag=2
534972ms  emitted T:9368  t=9  tag=2
535083ms  emitted T:9369  t=5  tag=2
535209ms  emitted T:9370  t=5  tag=2
535341ms  emitted T:9371  t=5  tag=2
535442ms  emitted T:9372  t=5  tag=2
536493ms  emitted T:9373  t=8  tag=2
536729ms  emitted T:9374  t=5  tag=2
536755ms  emitted T:9375  t=5  tag=0
536784ms  emitted T:9376  t=5  tag=0
536806ms  emitted T:9377  t=5  tag=0
537103ms  emitted T:9378  t=6  tag=2
537420ms  emitted T:9379  t=5  tag=2
537771ms  emitted T:9380  t=5  tag=2
537799ms  emitted T:9381  t=5  tag=0
537840ms  emitted T:9382  t=5  tag=0
537874ms  emitted T:9383  t=5  tag=0
537914ms  emitted T:9384  t=5  tag=0
537937ms  emitted T:9385  t=3  tag=0
537960ms  emitted T:9386  t=3  tag=0
538000ms  emitted T:9387  t=5  tag=0
538322ms  emitted T:9388  t=5  tag=2
538619ms  emitted T:9389  t=6  tag=2
538843ms  emitted T:9390  t=5  tag=2
539637ms  emitted T:9391  t=8  tag=2
540628ms  emitted T:9392  t=8  tag=2
541287ms  emitted T:9393  t=8  tag=2
541540ms  emitted T:9394  t=5  tag=2
541795ms  emitted T:9395  t=5  tag=2
542057ms  emitted T:9396  t=6  tag=2
542406ms  emitted T:9397  t=5  tag=2
542523ms  emitted T:9398  t=5  tag=2
542554ms  emitted T:9399  t=3  tag=2
542578ms  emitted T:9400  t=3  tag=2
542578ms  TOM progress 9400/10723
542610ms  emitted T:9401  t=3  tag=2
542682ms  emitted T:9402  t=5  tag=2
542714ms  emitted T:9403  t=3  tag=2
543045ms  emitted T:9404  t=5  tag=2
543062ms  emitted T:9405  t=3  tag=0
544064ms  emitted T:9406  t=8  tag=2
544201ms  emitted T:9407  t=5  tag=2
544261ms  emitted T:9408  t=5  tag=2
544471ms  emitted T:9409  t=5  tag=2
544589ms  emitted T:9410  t=8  tag=0
544651ms  emitted T:9411  t=5  tag=2
544723ms  emitted T:9412  t=5  tag=2
544786ms  emitted T:9413  t=5  tag=2
544857ms  emitted T:9414  t=5  tag=2
544927ms  emitted T:9415  t=5  tag=2
544992ms  emitted T:9416  t=5  tag=2
545049ms  emitted T:9417  t=5  tag=2
545134ms  emitted T:9418  t=5  tag=2
545213ms  emitted T:9419  t=5  tag=2
546096ms  emitted T:9420  t=8  tag=2
546860ms  emitted T:9421  t=8  tag=2
547019ms  emitted T:9422  t=5  tag=2
547178ms  emitted T:9423  t=5  tag=2
548344ms  emitted T:9424  t=8  tag=2
549158ms  emitted T:9425  t=8  tag=2
549985ms  emitted T:9426  t=5  tag=2
550182ms  emitted T:9427  t=5  tag=2
550325ms  emitted T:9428  t=5  tag=2
550480ms  emitted T:9429  t=6  tag=2
550641ms  emitted T:9430  t=5  tag=2
550810ms  emitted T:9431  t=5  tag=2
550948ms  emitted T:9432  t=3  tag=2
551109ms  emitted T:9433  t=4  tag=2
551962ms  emitted T:9434  t=8  tag=2
552751ms  emitted T:9435  t=8  tag=2
552934ms  emitted T:9436  t=5  tag=2
553170ms  emitted T:9437  t=5  tag=2
553850ms  emitted T:9438  t=8  tag=2
554541ms  emitted T:9439  t=8  tag=2
554833ms  emitted T:9440  t=5  tag=2
555111ms  emitted T:9441  t=5  tag=2
555411ms  emitted T:9442  t=5  tag=2
555455ms  emitted T:9443  t=5  tag=0
555495ms  emitted T:9444  t=4  tag=2
555527ms  emitted T:9445  t=4  tag=2
555760ms  emitted T:9446  t=5  tag=2
556578ms  emitted T:9447  t=7  tag=2
556859ms  emitted T:9448  t=3  tag=2
556901ms  emitted T:9449  t=4  tag=2
556972ms  emitted T:9450  t=5  tag=2
557034ms  emitted T:9451  t=4  tag=2
557096ms  emitted T:9452  t=5  tag=2
557158ms  emitted T:9453  t=4  tag=2
557331ms  emitted T:9454  t=4  tag=2
557709ms  emitted T:9455  t=4  tag=2
558085ms  emitted T:9456  t=6  tag=2
558268ms  emitted T:9461  t=3  tag=2
579673ms  emitted T:9555  t=10  tag=2
580521ms  emitted T:9556  t=6  tag=2
580884ms  emitted T:9558  t=3  tag=2
585933ms  emitted T:9590  t=9  tag=2
586373ms  emitted T:9591  t=6  tag=2
587765ms  emitted T:9592  t=7  tag=2
588020ms  emitted T:9595  t=4  tag=2
588148ms  emitted T:9596  t=4  tag=2
588300ms  emitted T:9597  t=4  tag=2
588404ms  emitted T:9598  t=4  tag=2
588489ms  emitted T:9599  t=4  tag=2
588575ms  emitted T:9600  t=4  tag=2
588575ms  TOM progress 9600/10723
588658ms  emitted T:9601  t=4  tag=2
589004ms  emitted T:9611  t=6  tag=P2
596033ms  emitted T:9663  t=7  tag=3
599333ms  emitted T:9685  t=4  tag=3
609194ms  emitted T:9730  t=4  tag=3
610172ms  emitted T:9739  t=2  tag=2
616414ms  emitted T:9750  t=8  tag=2
617597ms  emitted T:9768  t=4  tag=2
619070ms  emitted T:9769  t=10  tag=2
620046ms  emitted T:9770  t=5  tag=2
621398ms  emitted T:9771  t=7  tag=2
621530ms  emitted T:9772  t=5  tag=2
621640ms  emitted T:9773  t=6  tag=2
621757ms  emitted T:9774  t=5  tag=2
621860ms  emitted T:9775  t=5  tag=2
621949ms  emitted T:9776  t=3  tag=2
622127ms  emitted T:9777  t=6  tag=2
622310ms  emitted T:9778  t=5  tag=2
622467ms  emitted T:9779  t=4  tag=2
623114ms  emitted T:9786  t=5  tag=2
623316ms  emitted T:9787  t=6  tag=2
623465ms  emitted T:9788  t=3  tag=2
623533ms  emitted T:9789  t=3  tag=2
623801ms  emitted T:9790  t=7  tag=2
624038ms  emitted T:9791  t=5  tag=2
624308ms  emitted T:9792  t=5  tag=2
624591ms  emitted T:9793  t=6  tag=2
624911ms  emitted T:9794  t=7  tag=2
625274ms  emitted T:9795  t=7  tag=2
625621ms  emitted T:9796  t=3  tag=2
625989ms  emitted T:9797  t=7  tag=2
626320ms  emitted T:9798  t=5  tag=2
626433ms  emitted T:9799  t=5  tag=2
626566ms  emitted T:9800  t=4  tag=2
626566ms  TOM progress 9800/10723
626926ms  emitted T:9801  t=7  tag=2
627619ms  emitted T:9804  t=7  tag=2
627938ms  emitted T:9805  t=7  tag=2
628182ms  emitted T:9806  t=5  tag=2
628448ms  emitted T:9807  t=5  tag=2
628573ms  emitted T:9809  t=3  tag=2
628865ms  emitted T:9810  t=7  tag=2
629158ms  emitted T:9811  t=5  tag=2
629221ms  emitted T:9812  t=3  tag=2
629861ms  emitted T:9814  t=5  tag=2
630216ms  emitted T:9815  t=7  tag=2
630613ms  emitted T:9822  t=3  tag=2
631092ms  emitted T:9829  t=4  tag=3
642530ms  emitted T:9940  t=6  tag=2
643688ms  emitted T:9944  t=6  tag=2
644697ms  emitted T:9945  t=5  tag=2
645321ms  emitted T:9946  t=6  tag=2
645828ms  emitted T:9947  t=7  tag=2
646139ms  emitted T:9948  t=5  tag=2
646541ms  emitted T:9949  t=5  tag=2
646648ms  emitted T:9950  t=3  tag=2
646688ms  emitted T:9951  t=3  tag=0
646745ms  emitted T:9952  t=3  tag=2
646910ms  emitted T:9953  t=5  tag=2
647093ms  emitted T:9954  t=5  tag=2
647273ms  emitted T:9955  t=5  tag=2
647338ms  emitted T:9956  t=3  tag=2
647395ms  emitted T:9957  t=3  tag=2
647583ms  emitted T:9958  t=5  tag=2
647773ms  emitted T:9959  t=5  tag=2
647993ms  emitted T:9960  t=5  tag=2
648077ms  emitted T:9961  t=5  tag=0
648557ms  emitted T:9962  t=5  tag=2
648624ms  emitted T:9963  t=3  tag=2
648680ms  emitted T:9964  t=3  tag=2
648920ms  emitted T:9965  t=5  tag=2
649118ms  emitted T:9966  t=5  tag=2
649331ms  emitted T:9967  t=5  tag=2
654273ms  emitted T:9968  t=8  tag=2
654455ms  emitted T:9969  t=5  tag=2
654731ms  emitted T:9970  t=5  tag=2
654971ms  emitted T:9971  t=5  tag=2
655368ms  emitted T:9972  t=5  tag=2
655792ms  emitted T:9973  t=5  tag=2
656165ms  emitted T:9974  t=5  tag=2
656517ms  emitted T:9975  t=5  tag=2
656680ms  emitted T:9976  t=5  tag=2
656852ms  emitted T:9977  t=5  tag=2
657137ms  emitted T:9978  t=5  tag=2
657195ms  emitted T:9979  t=5  tag=0
658345ms  emitted T:9980  t=5  tag=2
658982ms  emitted T:9981  t=5  tag=2
659051ms  emitted T:9982  t=4  tag=2
659336ms  emitted T:9983  t=4  tag=2
659849ms  emitted T:9986  t=6  tag=3
659966ms  emitted T:9987  t=2  tag=3
660007ms  emitted T:9988  t=2  tag=3
662415ms  TOM progress 10000/10723
677791ms  emitted T:10052  t=4  tag=2
677943ms  emitted T:10055  t=3  tag=3
698134ms  emitted T:10150  t=4  tag=3
704332ms  emitted T:10179  t=4  tag=2
704600ms  emitted T:10180  t=5  tag=2
704896ms  emitted T:10181  t=6  tag=2
705210ms  emitted T:10182  t=5  tag=2
705515ms  emitted T:10183  t=3  tag=2
705718ms  emitted T:10184  t=3  tag=2
705824ms  emitted T:10185  t=4  tag=2
705920ms  emitted T:10186  t=3  tag=2
706022ms  emitted T:10187  t=3  tag=2
706278ms  emitted T:10188  t=5  tag=2
707487ms  emitted T:10189  t=7  tag=2
708577ms  emitted T:10190  t=5  tag=2
708850ms  emitted T:10191  t=5  tag=2
709132ms  emitted T:10192  t=5  tag=2
709328ms  emitted T:10193  t=3  tag=2
709455ms  emitted T:10194  t=3  tag=2
709944ms  emitted T:10195  t=5  tag=2
710500ms  TOM progress 10200/10723
724332ms  emitted T:10284  t=3  tag=2
725643ms  emitted T:10285  t=5  tag=2
726572ms  emitted T:10286  t=5  tag=2
751515ms  TOM progress 10400/10723
752155ms  emitted T:10407  t=4  tag=2
752396ms  emitted T:10408  t=3  tag=2
752473ms  emitted T:10409  t=2  tag=3
752611ms  emitted T:10410  t=3  tag=2
752868ms  emitted T:10411  t=3  tag=2
753022ms  emitted T:10412  t=3  tag=2
753167ms  emitted T:10413  t=3  tag=2
754454ms  emitted T:10414  t=5  tag=2
774670ms  emitted T:10522  t=3  tag=2
785191ms  TOM progress 10600/10723
797951ms  stage TOM complete
797951ms  ALL SELECTED STAGES COMPLETE
