n,C(n3),b3_census,delta3,witness
6,20,2,0.10000000,2x3 (m=1)
10,120,20,0.16666667,2x5 (m=1)
12,220,12,0.05454545,3x4 (m=1)
14,364,28,0.07692308,2x7 (m=1)
15,455,30,0.06593407,3x5 (m=1)
18,816,24,0.02941176,2x9 (m=1)
20,1140,40,0.03508772,4x5 (m=1)
21,1330,42,0.03157895,3x7 (m=1)
22,1540,110,0.07142857,2x11 (m=1)
24,2024,168,0.08300395,3x8 (m=1)
26,2600,104,0.04000000,2x13 (m=1)
28,3276,56,0.01709402,4x7 (m=1)
30,4060,60,0.01477833,6x5 (m=1)
33,5456,165,0.03024194,3x11 (m=1)
34,5984,272,0.04545455,2x17 (m=1)
35,6545,70,0.01069519,7x5 (m=1)
36,7140,114,0.01596639,"1x19 + 1x17* (m=1, q=2, t=16)"
38,8436,228,0.02702703,2x19 (m=1)
39,9139,156,0.01706970,3x13 (m=1)
40,9880,280,0.02834008,5x8 (m=1)
42,11480,136,0.01184669,"1x25 + 1x17* (m=1, q=2, t=16)"
44,13244,220,0.01661130,4x11 (m=1)
45,14190,112,0.00789288,"2x8 + 1x29* (m=1, q=7, t=7)"
46,15180,506,0.03333333,2x23 (m=1)
48,17296,336,0.01942646,6x8 (m=1)
50,19600,400,0.02040816,2x25 (m=1)
51,20825,408,0.01959184,3x17 (m=1)
52,22100,253,0.01144796,"1x29 + 1x23* (m=1, q=11, t=11)"
54,24804,253,0.01019997,"1x31 + 1x23* (m=1, q=11, t=11)"
55,26235,275,0.01048218,5x11 (m=1)
56,27720,392,0.01414141,7x8 (m=1)
57,29260,342,0.01168831,3x19 (m=1)
58,30856,812,0.02631579,2x29 (m=1)
60,34220,253,0.00739334,"1x37 + 1x23* (m=1, q=11, t=11)"
62,37820,620,0.01639344,2x31 (m=1)
63,39711,253,0.00637103,"5x8 + 1x23* (m=1, q=11, t=11)"
65,43680,260,0.00595238,5x13 (m=1)
66,45760,330,0.00721154,6x11 (m=1)
68,50116,544,0.01085482,4x17 (m=1)
69,52394,759,0.01448639,3x23 (m=1)
70,54740,253,0.00462185,"1x23 + 1x47* (m=1, q=23, t=23)"
72,59640,504,0.00845070,9x8 (m=1)
74,64824,888,0.01369863,2x37 (m=1)
75,67525,600,0.00888560,3x25 (m=1)
76,70300,456,0.00648649,4x19 (m=1)
77,73150,385,0.00526316,7x11 (m=1)
78,76076,312,0.00410116,6x13 (m=1)
80,82160,560,0.00681597,10x8 (m=1)
82,88560,1640,0.01851852,2x41 (m=1)
84,95284,444,0.00465975,"1x37 + 1x47* (m=1, q=23, t=23)"
85,98770,689,0.00697580,"1x32 + 1x53* (m=1, q=13, t=13)"
86,102340,1204,0.01176471,2x43 (m=1)
87,105995,1218,0.01149111,3x29 (m=1)
88,109736,820,0.00747248,"1x41 + 1x47* (m=1, q=23, t=23)"
90,117480,602,0.00512428,"1x43 + 1x47* (m=1, q=23, t=23)"
91,121485,992,0.00816562,"1x32 + 1x59* (m=1, q=29, t=29)"
92,125580,1012,0.00805861,4x23 (m=1)
93,129766,930,0.00716675,3x31 (m=1)
94,134044,2162,0.01612903,2x47 (m=1)
95,138415,570,0.00411805,5x19 (m=1)
96,142880,14880,0.10414334,3x32 (m=5)
98,152096,1568,0.01030928,2x49 (m=1)
99,156849,737,0.00469879,"1x32 + 1x67* (m=1, q=11, t=11)"
100,161700,1081,0.00668522,"1x53 + 1x47* (m=1, q=23, t=23)"
102,171700,816,0.00475248,6x17 (m=1)
104,182104,728,0.00399772,13x8 (m=1)
105,187460,812,0.00433159,"2x29 + 1x47* (m=1, q=23, t=23)"
106,192920,2756,0.01428571,2x53 (m=1)
108,204156,1081,0.00529497,"1x61 + 1x47* (m=1, q=23, t=23)"
110,215820,602,0.00278936,"1x43 + 1x67* (m=1, q=11, t=11)"
111,221815,1332,0.00600500,3x37 (m=1)
112,227920,1378,0.00604598,"1x53 + 1x59* (m=1, q=29, t=29)"
114,240464,1081,0.00449548,"1x67 + 1x47* (m=1, q=23, t=23)"
115,246905,1265,0.00512343,5x23 (m=1)
116,253460,1624,0.00640732,4x29 (m=1)
117,260130,812,0.00312152,"2x29 + 1x59* (m=1, q=29, t=29)"
118,266916,3422,0.01282051,2x59 (m=1)
119,273819,952,0.00347675,7x17 (m=1)
120,280840,1220,0.00434411,"1x61 + 1x59* (m=1, q=29, t=29)"
122,295240,2440,0.00826446,2x61 (m=1)
123,302621,2460,0.00812898,3x41 (m=1)
124,310124,1240,0.00399840,4x31 (m=1)
126,325500,1474,0.00452842,"1x67 + 1x59* (m=1, q=29, t=29)"
129,349504,1806,0.00516732,3x43 (m=1)
130,357760,1711,0.00478254,"1x71 + 1x59* (m=1, q=29, t=29)"
132,374660,1711,0.00456681,"1x73 + 1x59* (m=1, q=29, t=29)"
133,383306,2525,0.00658743,"1x32 + 1x101* (m=5, q=5, t=25)"
134,392084,2948,0.00751880,2x67 (m=1)
135,400995,992,0.00247385,"1x32 + 1x103* (m=1, q=17, t=17)"
136,410040,1378,0.00336065,"1x53 + 1x83* (m=1, q=41, t=41)"
138,428536,1711,0.00399266,"1x79 + 1x59* (m=1, q=29, t=29)"
140,447580,1080,0.00241298,"1x81 + 1x59* (m=1, q=29, t=29)"
141,457310,3243,0.00709147,3x47 (m=1)
142,467180,4970,0.01063830,2x71 (m=1)
143,477191,1081,0.00226534,"3x32 + 1x47* (m=1, q=23, t=23)"
144,487344,1220,0.00250337,"1x61 + 1x83* (m=1, q=41, t=41)"
145,497640,2030,0.00407925,5x29 (m=1)
146,508080,3504,0.00689655,2x73 (m=1)
147,518665,2352,0.00453472,3x49 (m=1)
148,529396,1776,0.00335477,4x37 (m=1)
150,551300,1474,0.00267368,"1x67 + 1x83* (m=1, q=41, t=41)"
152,573800,1064,0.00185430,19x8 (m=1)
153,585276,1711,0.00292341,"2x47 + 1x59* (m=1, q=29, t=29)"
154,596904,2485,0.00416315,"1x71 + 1x83* (m=1, q=41, t=41)"
155,608685,1711,0.00281098,"3x32 + 1x59* (m=1, q=29, t=29)"
156,620620,1752,0.00282298,"1x73 + 1x83* (m=1, q=41, t=41)"
158,644956,4108,0.00636943,2x79 (m=1)
159,657359,4134,0.00628880,3x53 (m=1)
160,669920,24800,0.03701935,5x32 (m=5)
161,682640,1771,0.00259434,7x23 (m=1)
162,695520,2160,0.00310559,2x81 (m=1)
164,721764,3280,0.00454442,4x41 (m=1)
165,735130,2525,0.00343477,"2x32 + 1x101* (m=5, q=5, t=25)"
166,748660,6806,0.00909091,2x83 (m=1)
168,776216,1711,0.00220428,"1x109 + 1x59* (m=1, q=29, t=29)"
170,804440,1552,0.00192929,"1x73 + 1x97* (m=1, q=2, t=32)"
171,818805,1984,0.00242304,"2x32 + 1x107* (m=1, q=53, t=53)"
172,833340,3403,0.00408357,"1x89 + 1x83* (m=1, q=41, t=41)"
174,862924,2436,0.00282296,6x29 (m=1)
175,877975,1624,0.00184971,"4x29 + 1x59* (m=1, q=29, t=29)"
176,893200,1751,0.00196037,"1x73 + 1x103* (m=1, q=17, t=17)"
177,908600,5133,0.00564935,3x59 (m=1)
178,924176,7832,0.00847458,2x89 (m=1)
180,955860,3104,0.00324734,"1x97 + 1x83* (m=1, q=41, t=41)"
182,988260,1751,0.00177180,"1x79 + 1x103* (m=1, q=17, t=17)"
183,1004731,3775,0.00375722,"1x32 + 1x151* (m=5, q=5, t=25)"
184,1021384,3403,0.00333175,"1x101 + 1x83* (m=1, q=41, t=41)"
185,1038220,2220,0.00213828,5x37 (m=1)
186,1055240,3403,0.00322486,"1x103 + 1x83* (m=1, q=41, t=41)"
187,1072445,1711,0.00159542,"4x32 + 1x59* (m=1, q=29, t=29)"
188,1089836,4324,0.00396757,4x47 (m=1)
189,1107414,2756,0.00248868,"2x53 + 1x83* (m=1, q=41, t=41)"
190,1125180,3403,0.00302440,"1x83 + 1x107* (m=1, q=53, t=53)"
192,1161280,29760,0.02562689,6x32 (m=5)
194,1198144,6208,0.00518135,2x97 (m=1)
195,1216865,2162,0.00177670,"2x47 + 1x101* (m=1, q=5, t=25)"
196,1235780,3916,0.00316885,"1x89 + 1x107* (m=1, q=53, t=53)"
198,1274196,2525,0.00198164,"1x97 + 1x101* (m=1, q=5, t=25)"
200,1313400,1751,0.00133318,"1x97 + 1x103* (m=1, q=17, t=17)"
201,1333300,4422,0.00331658,3x67 (m=1)
202,1353400,10100,0.00746269,2x101 (m=1)
203,1373701,2976,0.00216641,"3x32 + 1x107* (m=1, q=53, t=53)"
204,1394204,3403,0.00244082,"1x121 + 1x83* (m=1, q=41, t=41)"
205,1414910,4100,0.00289771,5x41 (m=1)
206,1435820,7004,0.00487805,2x103 (m=1)
207,1456935,2525,0.00173309,"2x53 + 1x101* (m=1, q=5, t=25)"
208,1478256,5050,0.00341619,"1x101 + 1x107* (m=1, q=53, t=53)"
209,1499784,1751,0.00116750,"2x53 + 1x103* (m=1, q=17, t=17)"
210,1521520,3502,0.00230165,"1x103 + 1x107* (m=1, q=53, t=53)"
212,1565620,5512,0.00352065,4x53 (m=1)
213,1587986,7455,0.00469463,3x71 (m=1)
214,1610564,11342,0.00704225,2x107 (m=1)
215,1633355,3775,0.00231119,"2x32 + 1x151* (m=5, q=5, t=25)"
216,1656360,3924,0.00236905,"1x109 + 1x107* (m=1, q=53, t=53)"
217,1679580,2948,0.00175520,"2x67 + 1x83* (m=1, q=41, t=41)"
218,1703016,7848,0.00460829,2x109 (m=1)
219,1726669,5256,0.00304401,3x73 (m=1)
220,1750540,5671,0.00323957,"1x113 + 1x107* (m=1, q=53, t=53)"
221,1774630,1984,0.00111798,"2x32 + 1x157* (m=1, q=13, t=13)"
222,1798940,3403,0.00189167,"1x139 + 1x83* (m=1, q=41, t=41)"
224,1848224,34720,0.01878560,7x32 (m=5)
225,1873200,3422,0.00182682,"2x59 + 1x107* (m=1, q=53, t=53)"
226,1898400,12656,0.00666667,2x113 (m=1)
228,1949476,4840,0.00248272,"1x121 + 1x107* (m=1, q=53, t=53)"
230,2001460,2530,0.00126408,10x23 (m=1)
231,2027795,2162,0.00106618,"2x47 + 1x137* (m=1, q=17, t=17)"
232,2054360,5671,0.00276047,"1x125 + 1x107* (m=1, q=53, t=53)"
234,2108184,5334,0.00253014,"1x127 + 1x107* (m=1, q=53, t=53)"
235,2135445,5671,0.00265565,"1x128 + 1x107* (m=1, q=53, t=53)"
236,2162940,6844,0.00316421,4x59 (m=1)
237,2190670,6162,0.00281284,3x79 (m=1)
238,2218636,5671,0.00255607,"1x131 + 1x107* (m=1, q=53, t=53)"
240,2275280,3775,0.00165914,"1x89 + 1x151* (m=1, q=5, t=25)"
242,2332880,9680,0.00414938,2x121 (m=1)
244,2391444,5671,0.00237137,"1x137 + 1x107* (m=1, q=53, t=53)"
245,2421090,3920,0.00161911,5x49 (m=1)
246,2450980,5671,0.00231377,"1x139 + 1x107* (m=1, q=53, t=53)"
247,2481115,3775,0.00152149,"3x32 + 1x151* (m=5, q=5, t=25)"
248,2511496,3243,0.00129126,"3x47 + 1x107* (m=1, q=53, t=53)"
249,2542124,10209,0.00401593,3x83 (m=1)
250,2573000,15500,0.00602410,2x125 (m=1)
252,2635500,3916,0.00148587,"1x89 + 1x163* (m=1, q=3, t=81)"
253,2667126,3504,0.00131377,"2x73 + 1x107* (m=1, q=53, t=53)"
254,2699004,10668,0.00395257,2x127 (m=1)
255,2731135,2756,0.00100910,"2x53 + 1x149* (m=1, q=37, t=37)"
258,2829056,5671,0.00200456,"1x151 + 1x107* (m=1, q=53, t=53)"
259,2862209,3108,0.00108587,7x37 (m=1)
260,2895620,3775,0.00130369,"1x109 + 1x151* (m=1, q=5, t=25)"
261,2929290,3654,0.00124740,9x29 (m=1)
262,2963220,17030,0.00574713,2x131 (m=1)
264,3031864,5671,0.00187047,"1x157 + 1x107* (m=1, q=53, t=53)"
265,3066580,6890,0.00224680,5x53 (m=1)
266,3101560,4134,0.00133288,"3x53 + 1x107* (m=1, q=53, t=53)"
267,3136805,11748,0.00374521,3x89 (m=1)
268,3172316,5896,0.00185858,4x67 (m=1)
270,3244140,5671,0.00174807,"1x163 + 1x107* (m=1, q=53, t=53)"
272,3317040,3924,0.00118298,"1x109 + 1x163* (m=1, q=3, t=81)"
273,3353896,5671,0.00169087,"2x83 + 1x107* (m=1, q=53, t=53)"
274,3391024,18632,0.00549451,2x137 (m=1)
275,3428425,3403,0.00099258,"6x32 + 1x83* (m=1, q=41, t=41)"
276,3466100,5671,0.00163613,"1x169 + 1x107* (m=1, q=53, t=53)"
278,3542276,12788,0.00361011,2x139 (m=1)
279,3580779,3775,0.00105424,"4x32 + 1x151* (m=1, q=5, t=25)"
280,3619560,6328,0.00174828,"1x113 + 1x167* (m=1, q=83, t=83)"
282,3697960,6486,0.00175394,6x47 (m=1)
284,3777484,9940,0.00263138,4x71 (m=1)
285,3817670,5671,0.00148546,"2x89 + 1x107* (m=1, q=53, t=53)"
286,3858140,6328,0.00164017,"1x113 + 1x173* (m=1, q=43, t=43)"
287,3898895,5740,0.00147221,7x41 (m=1)
288,3939936,44640,0.01133013,9x32 (m=5)
290,4022880,4401,0.00109399,"1x127 + 1x163* (m=1, q=3, t=81)"
291,4064785,9312,0.00229090,3x97 (m=1)
292,4106980,7750,0.00188703,"1x125 + 1x167* (m=1, q=83, t=83)"
294,4192244,5334,0.00127235,"1x127 + 1x167* (m=1, q=83, t=83)"
295,4235315,13861,0.00327272,"1x128 + 1x167* (m=1, q=83, t=83)"
296,4278680,3552,0.00083016,8x37 (m=1)
297,4322340,3504,0.00081067,"2x73 + 1x151* (m=1, q=5, t=25)"
298,4366296,22052,0.00505051,2x149 (m=1)
299,4410549,5671,0.00128578,"6x32 + 1x107* (m=1, q=53, t=53)"
300,4455100,5671,0.00127292,"1x107 + 1x193* (m=1, q=2, t=64)"
301,4499950,7439,0.00165313,"1x128 + 1x173* (m=1, q=43, t=43)"
302,4545100,15100,0.00332226,2x151 (m=1)
303,4590551,15150,0.00330026,3x101 (m=1)
304,4636304,9316,0.00200936,"1x137 + 1x167* (m=1, q=83, t=83)"
305,4682360,6100,0.00130276,5x61 (m=1)
306,4728720,6394,0.00135216,"1x139 + 1x167* (m=1, q=83, t=83)"
308,4822356,4422,0.00091698,"3x67 + 1x107* (m=1, q=53, t=53)"
309,4869634,10506,0.00215745,3x103 (m=1)
310,4917220,8515,0.00173167,"1x131 + 1x179* (m=1, q=89, t=89)"
312,5013320,6394,0.00127540,"1x139 + 1x173* (m=1, q=43, t=43)"
314,5110664,16328,0.00319489,2x157 (m=1)
315,5159805,9920,0.00192255,"2x32 + 1x251* (m=5, q=5, t=125)"
316,5209260,11026,0.00211662,"1x149 + 1x167* (m=1, q=83, t=83)"
318,5309116,8268,0.00155732,6x53 (m=1)
319,5359519,5512,0.00102845,"4x53 + 1x107* (m=1, q=53, t=53)"
320,5410240,49600,0.00916780,10x32 (m=5)
321,5461280,17013,0.00311520,3x107 (m=1)
322,5512640,7750,0.00140586,"1x125 + 1x197* (m=1, q=7, t=49)"
323,5564321,4401,0.00079093,"5x32 + 1x163* (m=1, q=3, t=81)"
324,5616324,8164,0.00145362,"1x157 + 1x167* (m=1, q=83, t=83)"
325,5668650,9653,0.00170287,"1x128 + 1x197* (m=1, q=7, t=49)"
326,5721300,17604,0.00307692,2x163 (m=1)
327,5774275,11772,0.00203870,3x109 (m=1)
328,5827576,11026,0.00189204,"1x149 + 1x179* (m=1, q=89, t=89)"
329,5881204,7567,0.00128664,7x47 (m=1)
330,5935160,8802,0.00148303,"1x163 + 1x167* (m=1, q=83, t=83)"
332,6044060,13612,0.00225213,4x83 (m=1)
333,6099006,6806,0.00111592,"2x83 + 1x167* (m=1, q=83, t=83)"
334,6154284,27722,0.00450450,2x167 (m=1)
335,6209895,7370,0.00118682,5x67 (m=1)
336,6265840,9464,0.00151041,"1x169 + 1x167* (m=1, q=83, t=83)"
338,6378736,18928,0.00296736,2x169 (m=1)
339,6435689,18984,0.00294980,3x113 (m=1)
340,6492980,13861,0.00213477,"1x173 + 1x167* (m=1, q=83, t=83)"
341,6550610,5513,0.00084160,"6x32 + 1x149* (m=1, q=37, t=37)"
342,6608580,8802,0.00133190,"1x163 + 1x179* (m=1, q=89, t=89)"
344,6725544,6176,0.00091829,"1x151 + 1x193* (m=1, q=2, t=64)"
345,6784540,7832,0.00115439,"2x89 + 1x167* (m=1, q=83, t=83)"
346,6843880,29756,0.00434783,2x173 (m=1)
348,6963596,10860,0.00155954,"1x181 + 1x167* (m=1, q=83, t=83)"
350,7084700,6176,0.00087174,"1x157 + 1x193* (m=1, q=2, t=64)"
351,7145775,8251,0.00115467,"1x128 + 1x223* (m=1, q=37, t=37)"
352,7207200,54560,0.00757021,11x32 (m=5)
354,7331104,10266,0.00140033,6x59 (m=1)
355,7393585,16256,0.00219866,"1x128 + 1x227* (m=1, q=113, t=113)"
356,7456420,15664,0.00210074,4x89 (m=1)
357,7519610,7832,0.00104154,"2x89 + 1x179* (m=1, q=89, t=89)"
358,7583156,31862,0.00420168,2x179 (m=1)
360,7711320,12352,0.00160180,"1x193 + 1x167* (m=1, q=83, t=83)"
362,7840920,21720,0.00277008,2x181 (m=1)
363,7906261,14520,0.00183652,3x121 (m=1)
364,7971964,13861,0.00173872,"1x197 + 1x167* (m=1, q=83, t=83)"
365,8038030,8760,0.00108982,5x73 (m=1)
366,8104460,13134,0.00162059,"1x199 + 1x167* (m=1, q=83, t=83)"
368,8238416,5256,0.00063799,"3x73 + 1x149* (m=1, q=37, t=37)"
369,8305944,10100,0.00121600,"2x101 + 1x167* (m=1, q=83, t=83)"
370,8373840,15931,0.00190247,"1x191 + 1x179* (m=1, q=89, t=89)"
371,8442105,9646,0.00114261,7x53 (m=1)
372,8510740,12352,0.00145134,"1x193 + 1x179* (m=1, q=89, t=89)"
374,8649124,7550,0.00087292,"1x151 + 1x223* (m=1, q=37, t=37)"
375,8718875,23250,0.00266663,3x125 (m=1)
376,8789000,15931,0.00181261,"1x197 + 1x179* (m=1, q=89, t=89)"
377,8859500,5278,0.00059574,13x29 (m=1)
378,8930376,13861,0.00155212,"1x211 + 1x167* (m=1, q=83, t=83)"
380,9073260,8164,0.00089979,"1x157 + 1x223* (m=1, q=37, t=37)"
381,9145270,16002,0.00174976,3x127 (m=1)
382,9217660,36290,0.00393701,2x191 (m=1)
384,9363584,341376,0.03645783,3x128 (m=7)
385,9437120,16256,0.00172256,"1x128 + 1x257* (m=1, q=2, t=256)"
386,9511040,24704,0.00259740,2x193 (m=1)
387,9585345,7439,0.00077608,"2x107 + 1x173* (m=1, q=43, t=43)"
388,9660036,12416,0.00128530,4x97 (m=1)
390,9810580,14770,0.00150552,"1x211 + 1x179* (m=1, q=89, t=89)"
391,9886435,16256,0.00164427,"1x128 + 1x263* (m=1, q=131, t=131)"
392,9962680,8251,0.00082819,"1x169 + 1x223* (m=1, q=37, t=37)"
393,10039316,25545,0.00254450,3x131 (m=1)
394,10116344,38612,0.00381679,2x197 (m=1)
395,10193765,10270,0.00100748,5x79 (m=1)
396,10271580,13861,0.00134945,"1x229 + 1x167* (m=1, q=83, t=83)"
398,10428396,26268,0.00251889,2x199 (m=1)
399,10507399,9653,0.00091869,"2x101 + 1x197* (m=1, q=7, t=49)"
400,10586800,14878,0.00140533,"1x173 + 1x227* (m=1, q=113, t=113)"
402,10746800,15931,0.00148239,"1x223 + 1x179* (m=1, q=89, t=89)"
403,10827401,7004,0.00064688,"2x103 + 1x197* (m=1, q=7, t=49)"
404,10908404,20200,0.00185178,4x101 (m=1)
405,10989810,12656,0.00115161,"2x113 + 1x179* (m=1, q=89, t=89)"
406,11071620,15931,0.00143890,"1x179 + 1x227* (m=1, q=113, t=113)"
407,11153835,6176,0.00055371,"2x107 + 1x193* (m=1, q=2, t=64)"
408,11236456,15931,0.00141780,"1x229 + 1x179* (m=1, q=89, t=89)"
410,11402920,9801,0.00085952,"1x243 + 1x167* (m=1, q=83, t=83)"
411,11486765,27948,0.00243306,3x137 (m=1)
412,11571020,15931,0.00137680,"1x233 + 1x179* (m=1, q=89, t=89)"
413,11655686,11977,0.00102757,7x59 (m=1)
414,11740764,8802,0.00074970,"1x163 + 1x251* (m=1, q=5, t=125)"
415,11826255,17015,0.00143875,5x83 (m=1)
416,11912160,64480,0.00541296,13x32 (m=5)
417,11998480,19182,0.00159870,3x139 (m=1)
418,12085216,18145,0.00150142,"1x191 + 1x227* (m=1, q=113, t=113)"
420,12259940,15931,0.00129944,"1x241 + 1x179* (m=1, q=89, t=89)"
422,12436340,29540,0.00237530,2x211 (m=1)
423,12525171,13861,0.00110665,"2x128 + 1x167* (m=1, q=83, t=83)"
424,12614424,19306,0.00153047,"1x197 + 1x227* (m=1, q=113, t=113)"
425,12704100,8251,0.00064948,"2x101 + 1x223* (m=1, q=37, t=37)"
426,12794200,14910,0.00116537,6x71 (m=1)
427,12884725,8540,0.00066280,7x61 (m=1)
428,12975676,22684,0.00174819,4x107 (m=1)
429,13067054,15500,0.00118619,"2x125 + 1x179* (m=1, q=89, t=89)"
430,13158860,15931,0.00121067,"1x179 + 1x251* (m=1, q=5, t=125)"
432,13343760,11026,0.00082630,"1x149 + 1x283* (m=1, q=47, t=47)"
434,13530384,11748,0.00086827,"3x89 + 1x167* (m=1, q=83, t=83)"
435,13624345,15931,0.00116930,"2x128 + 1x179* (m=1, q=89, t=89)"
436,13718740,15931,0.00116126,"1x179 + 1x257* (m=1, q=2, t=256)"
437,13813570,8251,0.00059731,"2x107 + 1x223* (m=1, q=37, t=37)"
438,13908836,14770,0.00106191,"1x211 + 1x227* (m=1, q=113, t=113)"
440,14100680,9653,0.00068458,"1x243 + 1x197* (m=1, q=7, t=49)"
441,14197260,15931,0.00112212,"2x131 + 1x179* (m=1, q=89, t=89)"
442,14294280,18145,0.00126939,"1x191 + 1x251* (m=1, q=5, t=125)"
444,14489644,13861,0.00095661,"1x277 + 1x167* (m=1, q=83, t=83)"
445,14587990,19580,0.00134220,5x89 (m=1)
446,14686780,33004,0.00224719,2x223 (m=1)
447,14786015,33078,0.00223711,3x149 (m=1)
448,14885696,69440,0.00466488,14x32 (m=5)
450,15086400,16502,0.00109383,"1x223 + 1x227* (m=1, q=113, t=113)"
451,15187425,9940,0.00065449,"4x71 + 1x167* (m=1, q=83, t=83)"
452,15288900,25312,0.00165558,4x113 (m=1)
453,15390826,22650,0.00147166,3x151 (m=1)
454,15493204,51302,0.00331126,2x227 (m=1)
455,15596035,8928,0.00057245,"9x32 + 1x167* (m=1, q=83, t=83)"
456,15699320,17404,0.00110858,"1x229 + 1x227* (m=1, q=113, t=113)"
458,15907256,34808,0.00218818,2x229 (m=1)
459,16011909,10100,0.00063078,"2x101 + 1x257* (m=1, q=2, t=256)"
460,16117020,25651,0.00159155,"1x233 + 1x227* (m=1, q=113, t=113)"
462,16328620,15931,0.00097565,"1x283 + 1x179* (m=1, q=89, t=89)"
464,16542064,10860,0.00065651,"1x181 + 1x283* (m=1, q=47, t=47)"
465,16649480,13861,0.00083252,"2x149 + 1x167* (m=1, q=83, t=83)"
466,16757360,54056,0.00322581,2x233 (m=1)
468,16974516,19280,0.00113582,"1x241 + 1x227* (m=1, q=113, t=113)"
469,17083794,13861,0.00081135,"2x151 + 1x167* (m=1, q=83, t=83)"
470,17193540,13861,0.00080617,"3x101 + 1x167* (m=1, q=83, t=83)"
471,17303755,24492,0.00141542,3x157 (m=1)
472,17414440,15931,0.00091482,"1x179 + 1x293* (m=1, q=73, t=73)"
473,17525596,8251,0.00047080,"2x125 + 1x223* (m=1, q=37, t=37)"
474,17637224,16502,0.00093563,"1x223 + 1x251* (m=1, q=5, t=125)"
475,17749325,31375,0.00176767,"7x32 + 1x251* (m=5, q=5, t=125)"
476,17861900,12352,0.00069153,"1x193 + 1x283* (m=1, q=47, t=47)"
477,17974950,15931,0.00088629,"2x149 + 1x179* (m=1, q=89, t=89)"
478,18088476,56882,0.00314465,2x239 (m=1)
480,18316960,74400,0.00406181,15x32 (m=5)
481,18431920,15100,0.00081923,"2x151 + 1x179* (m=1, q=89, t=89)"
482,18547360,38560,0.00207900,2x241 (m=1)
483,18663281,25651,0.00137441,"2x128 + 1x227* (m=1, q=113, t=113)"
484,18779684,27028,0.00143921,"1x233 + 1x251* (m=1, q=5, t=125)"
485,18896570,15520,0.00082131,5x97 (m=1)
486,19013940,19602,0.00103093,2x243 (m=1)
488,19250136,13861,0.00072005,"3x107 + 1x167* (m=1, q=83, t=83)"
489,19368964,26406,0.00136332,3x163 (m=1)
490,19488280,28441,0.00145939,"1x239 + 1x251* (m=1, q=5, t=125)"
492,19728380,19280,0.00097727,"1x241 + 1x251* (m=1, q=5, t=125)"
493,19849166,15931,0.00080260,"2x157 + 1x179* (m=1, q=89, t=89)"
494,19970444,13301,0.00066603,"1x211 + 1x283* (m=1, q=47, t=47)"
495,20092215,16256,0.00080907,"1x128 + 1x367* (m=1, q=61, t=61)"
496,20214480,28441,0.00140696,"1x239 + 1x257* (m=1, q=2, t=256)"
497,20337240,17395,0.00085533,7x71 (m=1)
498,20460496,24390,0.00119205,"1x271 + 1x227* (m=1, q=113, t=113)"
500,20708500,31000,0.00149697,4x125 (m=1)
501,20833250,41583,0.00199599,3x167 (m=1)
502,20958500,62750,0.00299401,2x251 (m=1)
504,21210504,25484,0.00120148,"1x277 + 1x227* (m=1, q=113, t=113)"
505,21337260,25250,0.00118338,5x101 (m=1)
506,21464520,13861,0.00064576,"3x113 + 1x167* (m=1, q=83, t=83)"
507,21592285,31375,0.00145307,"8x32 + 1x251* (m=5, q=5, t=125)"
508,21720556,31375,0.00144448,"1x251 + 1x257* (m=1, q=2, t=256)"
510,21978620,25651,0.00116709,"1x283 + 1x227* (m=1, q=113, t=113)"
511,22108415,16256,0.00073529,"1x128 + 1x383* (m=1, q=191, t=191)"
513,22369536,32512,0.00145341,"2x128 + 1x257* (m=1, q=2, t=256)"
514,22500864,65792,0.00292398,2x257 (m=1)
515,22632705,17510,0.00077366,5x103 (m=1)
516,22765060,25651,0.00112677,"1x289 + 1x227* (m=1, q=113, t=113)"
517,22897930,16256,0.00070993,"1x128 + 1x389* (m=1, q=97, t=97)"
518,23031316,15931,0.00069171,"3x113 + 1x179* (m=1, q=89, t=89)"
519,23165219,44634,0.00192677,3x173 (m=1)
520,23299640,32896,0.00141187,"1x257 + 1x263* (m=1, q=131, t=131)"
522,23570040,24390,0.00103479,"1x271 + 1x251* (m=1, q=5, t=125)"
524,23842524,34060,0.00142854,4x131 (m=1)
525,23979550,22052,0.00091962,"2x149 + 1x227* (m=1, q=113, t=113)"
526,24117100,68906,0.00285714,2x263 (m=1)
527,24255175,7832,0.00032290,"2x89 + 1x349* (m=1, q=29, t=29)"
528,24393776,25484,0.00104469,"1x277 + 1x251* (m=1, q=5, t=125)"
530,24672560,15150,0.00061404,"3x101 + 1x227* (m=1, q=113, t=113)"
531,24812745,18632,0.00075090,"2x137 + 1x257* (m=1, q=2, t=256)"
532,24953460,34453,0.00138069,"1x269 + 1x263* (m=1, q=131, t=131)"
533,25094706,13301,0.00053003,"2x125 + 1x283* (m=1, q=47, t=47)"
534,25236484,26602,0.00105411,"1x283 + 1x251* (m=1, q=5, t=125)"
535,25378795,28355,0.00111727,5x107 (m=1)
536,25521640,11792,0.00046204,8x67 (m=1)
537,25665020,47793,0.00186218,3x179 (m=1)
538,25808936,72092,0.00279330,2x269 (m=1)
539,25953389,31375,0.00120890,"9x32 + 1x251* (m=5, q=5, t=125)"
540,26098380,27744,0.00106305,"1x289 + 1x251* (m=1, q=5, t=125)"
542,26389980,48780,0.00184843,2x271 (m=1)
543,26536591,32580,0.00122774,3x181 (m=1)
544,26683744,84320,0.00315998,17x32 (m=5)
545,26831440,19620,0.00073123,5x109 (m=1)
546,26979680,27744,0.00102833,"1x289 + 1x257* (m=1, q=2, t=256)"
548,27277796,37264,0.00136609,4x137 (m=1)
549,27427674,22052,0.00080401,"2x149 + 1x251* (m=1, q=5, t=125)"
550,27578100,32896,0.00119283,"1x293 + 1x257* (m=1, q=2, t=256)"
551,27729075,13861,0.00049987,"3x128 + 1x167* (m=1, q=83, t=83)"
552,27880600,27744,0.00099510,"1x289 + 1x263* (m=1, q=131, t=131)"
553,28032676,17604,0.00062798,"2x163 + 1x227* (m=1, q=113, t=113)"
554,28185304,50968,0.00180832,2x277 (m=1)
555,28338485,22052,0.00077816,"2x149 + 1x257* (m=1, q=2, t=256)"
556,28492220,34453,0.00120921,"1x293 + 1x263* (m=1, q=131, t=131)"
558,28801356,31314,0.00108724,"1x307 + 1x251* (m=1, q=5, t=125)"
559,28956759,16256,0.00056139,"1x128 + 1x431* (m=1, q=43, t=43)"
560,29112720,15931,0.00054722,"3x127 + 1x179* (m=1, q=89, t=89)"
561,29269240,25651,0.00087638,"2x167 + 1x227* (m=1, q=113, t=113)"
562,29426320,78680,0.00267380,2x281 (m=1)
564,29742164,31375,0.00105490,"1x313 + 1x251* (m=1, q=5, t=125)"
565,29900930,31640,0.00105816,5x113 (m=1)
566,30060260,53204,0.00176991,2x283 (m=1)
567,30220155,18632,0.00061654,"2x137 + 1x293* (m=1, q=73, t=73)"
568,30380616,32896,0.00108280,"1x311 + 1x257* (m=1, q=2, t=256)"
570,30703240,32552,0.00106021,"1x313 + 1x257* (m=1, q=2, t=256)"
572,31028140,17013,0.00054831,"3x107 + 1x251* (m=1, q=5, t=125)"
573,31191446,54435,0.00174519,3x191 (m=1)
574,31355324,34453,0.00109879,"1x311 + 1x263* (m=1, q=131, t=131)"
575,31519775,10121,0.00032110,"2x113 + 1x349* (m=1, q=29, t=29)"
576,31684800,89280,0.00281775,18x32 (m=5)
578,32016576,55488,0.00173310,2x289 (m=1)
579,32183329,37056,0.00115140,3x193 (m=1)
580,32350660,34453,0.00106499,"1x317 + 1x263* (m=1, q=131, t=131)"
581,32518570,23821,0.00073254,7x83 (m=1)
582,32687060,31375,0.00095986,"1x331 + 1x251* (m=1, q=5, t=125)"
583,32856131,17604,0.00053579,"2x163 + 1x257* (m=1, q=2, t=256)"
584,33025784,17013,0.00051514,"3x107 + 1x263* (m=1, q=131, t=131)"
585,33196020,27722,0.00083510,"2x167 + 1x251* (m=1, q=5, t=125)"
586,33366840,85556,0.00256410,2x293 (m=1)
588,33710236,32896,0.00097585,"1x331 + 1x257* (m=1, q=2, t=256)"
589,33882814,21720,0.00064103,"2x181 + 1x227* (m=1, q=113, t=113)"
590,34055980,18984,0.00055744,"3x113 + 1x251* (m=1, q=5, t=125)"
591,34229735,57918,0.00169204,3x197 (m=1)
592,34404080,27028,0.00078560,"1x233 + 1x359* (m=1, q=179, t=179)"
594,34754544,34453,0.00099132,"1x331 + 1x263* (m=1, q=131, t=131)"
595,34930665,18928,0.00054187,"2x169 + 1x257* (m=1, q=2, t=256)"
596,35107380,44104,0.00125626,4x149 (m=1)
597,35284690,39402,0.00111669,3x199 (m=1)
598,35462596,31375,0.00088474,"1x251 + 1x347* (m=1, q=173, t=173)"
600,35820200,34453,0.00096183,"1x337 + 1x263* (m=1, q=131, t=131)"
602,36180200,23250,0.00064262,"3x125 + 1x227* (m=1, q=113, t=113)"
603,36361101,32512,0.00089414,"2x128 + 1x347* (m=1, q=173, t=173)"
604,36542604,32896,0.00090021,"1x257 + 1x347* (m=1, q=173, t=173)"
605,36724710,24200,0.00065896,5x121 (m=1)
606,36907420,34453,0.00093350,"1x343 + 1x263* (m=1, q=131, t=131)"
608,37274656,94240,0.00252826,19x32 (m=5)
609,37459184,31375,0.00083758,"2x179 + 1x251* (m=1, q=5, t=125)"
610,37644320,34453,0.00091522,"1x263 + 1x347* (m=1, q=173, t=173)"
611,37830065,25651,0.00067806,"3x128 + 1x227* (m=1, q=113, t=113)"
612,38016420,34453,0.00090627,"1x349 + 1x263* (m=1, q=131, t=131)"
614,38390964,62628,0.00163132,2x307 (m=1)
615,38579155,32512,0.00084273,"2x128 + 1x359* (m=1, q=179, t=179)"
616,38767960,36046,0.00092979,"1x269 + 1x347* (m=1, q=173, t=173)"
618,39147416,32896,0.00084031,"1x361 + 1x257* (m=1, q=2, t=256)"
620,39529340,25545,0.00064623,"3x131 + 1x227* (m=1, q=113, t=113)"
621,39721230,31862,0.00080214,"2x179 + 1x263* (m=1, q=131, t=131)"
622,39913740,96410,0.00241546,2x311 (m=1)
623,40106871,27412,0.00068347,7x89 (m=1)
624,40300624,34453,0.00085490,"1x361 + 1x263* (m=1, q=131, t=131)"
626,40690000,65104,0.00160000,2x313 (m=1)
627,40885625,21389,0.00052314,"2x167 + 1x293* (m=1, q=73, t=73)"
628,41081876,39340,0.00095760,"1x281 + 1x347* (m=1, q=173, t=173)"
629,41278754,17030,0.00041256,"2x131 + 1x367* (m=1, q=61, t=61)"
630,41476260,34453,0.00083067,"1x367 + 1x263* (m=1, q=131, t=131)"
632,41873160,23250,0.00055525,"3x125 + 1x257* (m=1, q=2, t=256)"
633,42072556,44310,0.00105318,3x211 (m=1)
634,42272584,100172,0.00236967,2x317 (m=1)
635,42473245,31375,0.00073870,"12x32 + 1x251* (m=5, q=5, t=125)"
636,42674540,34453,0.00080734,"1x373 + 1x263* (m=1, q=131, t=131)"
637,42876470,24704,0.00057617,"2x193 + 1x251* (m=1, q=5, t=125)"
638,43079036,25651,0.00059544,"3x137 + 1x227* (m=1, q=113, t=113)"
639,43282239,32896,0.00076003,"2x191 + 1x257* (m=1, q=2, t=256)"
640,43486080,568960,0.01308373,5x128 (m=7)
642,43895680,34453,0.00078488,"1x379 + 1x263* (m=1, q=131, t=131)"
644,44307844,25545,0.00057653,"3x131 + 1x251* (m=1, q=5, t=125)"
645,44514890,34453,0.00077397,"2x191 + 1x263* (m=1, q=131, t=131)"
646,44722580,34453,0.00077037,"1x263 + 1x383* (m=1, q=191, t=191)"
648,45139896,31375,0.00069506,"1x397 + 1x251* (m=1, q=5, t=125)"
649,45349524,26268,0.00057923,"2x199 + 1x251* (m=1, q=5, t=125)"
650,45559800,25545,0.00056069,"3x131 + 1x257* (m=1, q=2, t=256)"
651,45770725,32896,0.00071871,"2x197 + 1x257* (m=1, q=2, t=256)"
652,45982300,42778,0.00093031,"1x293 + 1x359* (m=1, q=179, t=179)"
654,46407404,32896,0.00070885,"1x397 + 1x257* (m=1, q=2, t=256)"
655,46620935,42575,0.00091322,5x131 (m=1)
656,46835120,25545,0.00054542,"3x131 + 1x263* (m=1, q=131, t=131)"
657,47049960,34453,0.00073226,"2x197 + 1x263* (m=1, q=131, t=131)"
658,47265456,48205,0.00101988,"1x311 + 1x347* (m=1, q=173, t=173)"
660,47698420,34453,0.00072231,"1x397 + 1x263* (m=1, q=131, t=131)"
662,48134020,72820,0.00151286,2x331 (m=1)
663,48352811,25043,0.00051792,"2x173 + 1x317* (m=1, q=79, t=79)"
664,48572264,50086,0.00103116,"1x317 + 1x347* (m=1, q=173, t=173)"
665,48792380,22052,0.00045196,"2x149 + 1x367* (m=1, q=61, t=61)"
666,49013160,32896,0.00067117,"1x409 + 1x257* (m=1, q=2, t=256)"
667,49234605,31375,0.00063726,"13x32 + 1x251* (m=5, q=5, t=125)"
668,49456716,55444,0.00112106,4x167 (m=1)
669,49679494,49506,0.00099651,3x223 (m=1)
670,49902940,48205,0.00096598,"1x311 + 1x359* (m=1, q=179, t=179)"
671,50127055,13420,0.00026772,11x61 (m=1)
672,50351840,104160,0.00206864,21x32 (m=5)
674,50803424,75488,0.00148588,2x337 (m=1)
675,51030225,25043,0.00049075,"2x179 + 1x317* (m=1, q=79, t=79)"
676,51257700,50086,0.00097714,"1x317 + 1x359* (m=1, q=179, t=179)"
678,51714676,37968,0.00073418,6x113 (m=1)
679,51944179,29540,0.00056869,"2x211 + 1x257* (m=1, q=2, t=256)"
680,52174360,22650,0.00043412,"3x151 + 1x227* (m=1, q=113, t=113)"
681,52405220,76953,0.00146842,3x227 (m=1)
682,52636760,37733,0.00071686,"1x293 + 1x389* (m=1, q=97, t=97)"
684,53101884,37744,0.00071078,"1x337 + 1x347* (m=1, q=173, t=173)"
685,53335470,46580,0.00087334,5x137 (m=1)
686,53569740,78204,0.00145985,2x343 (m=1)
687,53804695,52212,0.00097040,3x229 (m=1)
688,54040336,32896,0.00060873,"1x431 + 1x257* (m=1, q=2, t=256)"
689,54276664,17914,0.00033005,13x53 (m=1)
690,54513680,39102,0.00071729,"1x343 + 1x347* (m=1, q=173, t=173)"
692,54989780,59512,0.00108224,4x173 (m=1)
693,55228866,29756,0.00053878,"2x173 + 1x347* (m=1, q=173, t=173)"
694,55468644,120062,0.00216450,2x347 (m=1)
695,55709115,32047,0.00057526,"2x128 + 1x439* (m=1, q=73, t=73)"
696,55950280,40484,0.00072357,"1x349 + 1x347* (m=1, q=173, t=173)"
697,56192140,31375,0.00055835,"2x223 + 1x251* (m=1, q=5, t=125)"
698,56434696,80968,0.00143472,2x349 (m=1)
699,56677949,81084,0.00143061,3x233 (m=1)
700,56921900,60031,0.00105462,"1x353 + 1x347* (m=1, q=173, t=173)"
702,57411900,39102,0.00068108,"1x343 + 1x359* (m=1, q=179, t=179)"
703,57657951,32896,0.00057054,"2x223 + 1x257* (m=1, q=2, t=256)"
704,57904704,109120,0.00188448,22x32 (m=5)
705,58152160,31862,0.00054791,"2x179 + 1x347* (m=1, q=173, t=173)"
706,58400320,124256,0.00212766,2x353 (m=1)
707,58649185,35350,0.00060274,7x101 (m=1)
708,58898756,43320,0.00073550,"1x361 + 1x347* (m=1, q=173, t=173)"
710,59400020,33078,0.00055687,"3x149 + 1x263* (m=1, q=131, t=131)"
711,59651715,32896,0.00055147,"2x227 + 1x257* (m=1, q=2, t=256)"
712,59904120,62128,0.00103712,"1x353 + 1x359* (m=1, q=179, t=179)"
713,60157236,22387,0.00037214,"2x173 + 1x367* (m=1, q=61, t=61)"
714,60411064,44774,0.00074116,"1x367 + 1x347* (m=1, q=173, t=173)"
715,60665605,32896,0.00054225,"2x229 + 1x257* (m=1, q=2, t=256)"
716,60920860,63724,0.00104601,4x179 (m=1)
717,61176830,85323,0.00139469,3x239 (m=1)
718,61433516,128522,0.00209205,2x359 (m=1)
720,61949040,46252,0.00074661,"1x373 + 1x347* (m=1, q=173, t=173)"
721,62207880,34453,0.00055384,"2x229 + 1x263* (m=1, q=131, t=131)"
722,62467440,86640,0.00138696,2x361 (m=1)
723,62727721,57840,0.00092208,3x241 (m=1)
724,62988724,43440,0.00068965,4x181 (m=1)
725,63250450,22387,0.00035394,"2x179 + 1x367* (m=1, q=61, t=61)"
726,63512900,47754,0.00075188,"1x379 + 1x347* (m=1, q=173, t=173)"
728,64039976,27744,0.00043323,"1x289 + 1x439* (m=1, q=73, t=73)"
730,64569960,60031,0.00092970,"1x347 + 1x383* (m=1, q=191, t=191)"
731,64836045,48768,0.00075217,"3x128 + 1x347* (m=1, q=173, t=173)"
732,65102860,46252,0.00071044,"1x373 + 1x359* (m=1, q=179, t=179)"
734,65638684,89548,0.00136426,2x367 (m=1)
735,65907695,32896,0.00049912,"2x239 + 1x257* (m=1, q=2, t=256)"
736,66177440,114080,0.00172385,23x32 (m=5)
737,66447920,22052,0.00033187,"2x149 + 1x439* (m=1, q=73, t=73)"
738,66719136,47754,0.00071575,"1x379 + 1x359* (m=1, q=179, t=179)"
740,67263780,26406,0.00039257,"3x163 + 1x251* (m=1, q=5, t=125)"
741,67537210,38612,0.00057171,"2x197 + 1x347* (m=1, q=173, t=173)"
742,67811380,64261,0.00094764,"1x359 + 1x383* (m=1, q=191, t=191)"
744,68361944,52404,0.00076657,"1x397 + 1x347* (m=1, q=173, t=173)"
745,68638340,55130,0.00080320,5x149 (m=1)
746,68915480,92504,0.00134228,2x373 (m=1)
747,69193365,31862,0.00046048,"2x179 + 1x389* (m=1, q=97, t=97)"
748,69471996,64261,0.00092499,"1x389 + 1x359* (m=1, q=179, t=179)"
749,69751374,39697,0.00056912,7x107 (m=1)
750,70031500,46500,0.00066399,6x125 (m=1)
752,70594000,32047,0.00045396,"1x313 + 1x439* (m=1, q=73, t=73)"
753,70876376,94125,0.00132802,3x251 (m=1)
754,71159504,34453,0.00048417,"1x491 + 1x263* (m=1, q=131, t=131)"
755,71443385,37750,0.00052839,5x151 (m=1)
756,71728020,55624,0.00077548,"1x409 + 1x347* (m=1, q=173, t=173)"
758,72299556,95508,0.00132100,2x379 (m=1)
759,72586459,32896,0.00045320,"2x251 + 1x257* (m=1, q=2, t=256)"
760,72874120,64261,0.00088181,"1x401 + 1x359* (m=1, q=179, t=179)"
762,73451720,47754,0.00065014,"1x379 + 1x383* (m=1, q=191, t=191)"
763,73741661,31375,0.00042547,"16x32 + 1x251* (m=5, q=5, t=125)"
764,74032364,72580,0.00098038,4x191 (m=1)
765,74323830,36290,0.00048827,"2x191 + 1x383* (m=1, q=191, t=191)"
766,74616060,146306,0.00196078,2x383 (m=1)
767,74909055,48768,0.00065103,"3x128 + 1x383* (m=1, q=191, t=191)"
768,75202816,682752,0.00907881,6x128 (m=7)
770,75792640,32047,0.00042282,"1x331 + 1x439* (m=1, q=73, t=73)"
771,76088705,98688,0.00129701,3x257 (m=1)
772,76385540,73153,0.00095768,"1x389 + 1x383* (m=1, q=191, t=191)"
774,76981524,31375,0.00040757,"1x523 + 1x251* (m=1, q=5, t=125)"
775,77280675,34453,0.00044582,"4x128 + 1x263* (m=1, q=131, t=131)"
776,77580600,32896,0.00042402,"3x173 + 1x257* (m=1, q=2, t=256)"
777,77881300,38612,0.00049578,"2x197 + 1x383* (m=1, q=191, t=191)"
778,78182776,150932,0.00193050,2x389 (m=1)
779,78485029,19602,0.00024975,"2x243 + 1x293* (m=1, q=73, t=73)"
780,78788060,60031,0.00076193,"1x433 + 1x347* (m=1, q=173, t=173)"
781,79091870,32896,0.00041592,"4x131 + 1x257* (m=1, q=2, t=256)"
782,79396460,34453,0.00043394,"3x173 + 1x263* (m=1, q=131, t=131)"
783,79701831,37733,0.00047343,"2x197 + 1x389* (m=1, q=97, t=97)"
784,80007984,73153,0.00091432,"1x401 + 1x383* (m=1, q=191, t=191)"
785,80314920,40820,0.00050825,5x157 (m=1)
786,80622640,60031,0.00074459,"1x439 + 1x347* (m=1, q=173, t=173)"
788,81240436,77224,0.00095056,4x197 (m=1)
789,81550514,103359,0.00126742,3x263 (m=1)
790,81861380,64261,0.00078500,"1x431 + 1x359* (m=1, q=179, t=179)"
791,82173035,44296,0.00053906,7x113 (m=1)
792,82485480,62352,0.00075591,"1x433 + 1x359* (m=1, q=179, t=179)"
793,82798716,33004,0.00039861,"2x223 + 1x347* (m=1, q=173, t=173)"
794,83112744,104808,0.00126103,2x397 (m=1)
795,83427565,32896,0.00039431,"2x269 + 1x257* (m=1, q=2, t=256)"
796,83743180,60031,0.00071685,"1x449 + 1x347* (m=1, q=173, t=173)"
798,84376796,64094,0.00075962,"1x439 + 1x359* (m=1, q=179, t=179)"
799,84694799,32896,0.00038841,"2x271 + 1x257* (m=1, q=2, t=256)"
800,85013600,124000,0.00145859,25x32 (m=5)
801,85333200,51302,0.00060120,"2x227 + 1x347* (m=1, q=173, t=173)"
802,85653600,160400,0.00187266,2x401 (m=1)
803,85974801,19602,0.00022800,"2x243 + 1x317* (m=1, q=79, t=79)"
804,86296804,60031,0.00069563,"1x457 + 1x347* (m=1, q=173, t=173)"
805,86619610,34808,0.00040185,"2x229 + 1x347* (m=1, q=173, t=173)"
806,86943220,33078,0.00038046,"3x149 + 1x359* (m=1, q=179, t=179)"
807,87267635,108138,0.00123915,3x269 (m=1)
808,87592856,64261,0.00073363,"1x449 + 1x359* (m=1, q=179, t=179)"
810,88245720,60031,0.00068027,"1x463 + 1x347* (m=1, q=173, t=173)"
812,88901820,32552,0.00036616,"1x313 + 1x499* (m=1, q=83, t=83)"
813,89231086,73170,0.00082001,3x271 (m=1)
814,89561164,73153,0.00081679,"1x431 + 1x383* (m=1, q=191, t=191)"
815,89892055,44010,0.00048959,5x163 (m=1)
816,90223760,64261,0.00071224,"1x457 + 1x359* (m=1, q=179, t=179)"
817,90556280,34808,0.00038438,"2x229 + 1x359* (m=1, q=179, t=179)"
818,90889616,111248,0.00122399,2x409 (m=1)
819,91223769,32896,0.00036061,"2x281 + 1x257* (m=1, q=2, t=256)"
820,91558740,64261,0.00070186,"1x461 + 1x359* (m=1, q=179, t=179)"
822,92231140,64261,0.00069674,"1x463 + 1x359* (m=1, q=179, t=179)"
824,92906824,37744,0.00040626,"1x337 + 1x487* (m=1, q=3, t=243)"
825,93245900,56882,0.00061002,"2x239 + 1x347* (m=1, q=173, t=173)"
826,93585800,73153,0.00078167,"1x443 + 1x383* (m=1, q=191, t=191)"
828,94268076,43320,0.00045954,"1x361 + 1x467* (m=1, q=233, t=233)"
830,94953660,39102,0.00041180,"1x343 + 1x487* (m=1, q=3, t=243)"
831,95297695,76452,0.00080224,3x277 (m=1)
832,95642560,128960,0.00134835,26x32 (m=5)
833,95988256,32047,0.00033386,"2x197 + 1x439* (m=1, q=73, t=73)"
834,96334784,60031,0.00062315,"1x487 + 1x347* (m=1, q=173, t=173)"
835,96682145,69305,0.00071683,5x167 (m=1)
836,97030340,39447,0.00040654,"1x349 + 1x487* (m=1, q=3, t=243)"
837,97379370,56882,0.00058413,"2x239 + 1x359* (m=1, q=179, t=179)"
838,97729236,175142,0.00179211,2x419 (m=1)
840,98431480,69464,0.00070571,"1x457 + 1x383* (m=1, q=191, t=191)"
842,99137080,117880,0.00118906,2x421 (m=1)
843,99491141,118020,0.00118624,3x281 (m=1)
844,99846044,73153,0.00073266,"1x461 + 1x383* (m=1, q=191, t=191)"
845,100201790,47320,0.00047225,5x169 (m=1)
846,100558380,71302,0.00070906,"1x463 + 1x383* (m=1, q=191, t=191)"
847,100915815,34808,0.00034492,"2x229 + 1x389* (m=1, q=97, t=97)"
848,101274096,41583,0.00041060,"3x167 + 1x347* (m=1, q=173, t=173)"
849,101633224,79806,0.00078524,3x283 (m=1)
850,101993200,73153,0.00071723,"1x383 + 1x467* (m=1, q=233, t=233)"
851,102354025,48768,0.00047646,"3x128 + 1x467* (m=1, q=233, t=233)"
852,102715700,46252,0.00045029,"1x373 + 1x479* (m=1, q=239, t=239)"
854,103441604,39447,0.00038135,"1x367 + 1x487* (m=1, q=3, t=243)"
855,103805835,37733,0.00036350,"2x233 + 1x389* (m=1, q=97, t=97)"
856,104170920,75466,0.00072444,"1x389 + 1x467* (m=1, q=233, t=233)"
858,104903656,64261,0.00061257,"1x499 + 1x359* (m=1, q=179, t=179)"
860,105639820,41583,0.00039363,"3x167 + 1x359* (m=1, q=179, t=179)"
861,106009190,62750,0.00059193,"2x251 + 1x359* (m=1, q=179, t=179)"
862,106379420,185330,0.00174216,2x431 (m=1)
864,107122464,133920,0.00125016,27x32 (m=5)
865,107495280,74390,0.00069203,5x173 (m=1)
866,107868960,124704,0.00115607,2x433 (m=1)
867,108243505,83232,0.00076893,3x289 (m=1)
868,108618916,80200,0.00073836,"1x401 + 1x467* (m=1, q=233, t=233)"
869,108995194,36290,0.00033295,"2x191 + 1x487* (m=1, q=3, t=243)"
870,109372340,73153,0.00066884,"1x487 + 1x383* (m=1, q=191, t=191)"
871,109750355,64261,0.00058552,"4x128 + 1x359* (m=1, q=179, t=179)"
872,110129240,41417,0.00037608,"1x373 + 1x499* (m=1, q=83, t=83)"
873,110508996,64261,0.00058150,"2x257 + 1x359* (m=1, q=179, t=179)"
874,110889624,73153,0.00065969,"1x491 + 1x383* (m=1, q=191, t=191)"
875,111271125,54250,0.00048755,7x125 (m=1)
876,111653500,60031,0.00053765,"1x529 + 1x347* (m=1, q=173, t=173)"
878,112420876,128188,0.00114025,2x439 (m=1)
879,112805879,128334,0.00113765,3x293 (m=1)
880,113191760,80200,0.00070853,"1x401 + 1x479* (m=1, q=239, t=239)"
882,113966160,73153,0.00064188,"1x499 + 1x383* (m=1, q=191, t=191)"
884,114744084,47793,0.00041652,"3x179 + 1x347* (m=1, q=173, t=173)"
885,115134370,64261,0.00055814,"2x263 + 1x359* (m=1, q=179, t=179)"
886,115525540,195806,0.00169492,2x443 (m=1)
888,116310536,64261,0.00055250,"1x529 + 1x359* (m=1, q=179, t=179)"
889,116704364,48780,0.00041798,"2x271 + 1x347* (m=1, q=173, t=173)"
890,117099080,39160,0.00033442,10x89 (m=1)
891,117494685,37733,0.00032115,"2x251 + 1x389* (m=1, q=97, t=97)"
892,117891180,75466,0.00064013,"1x389 + 1x503* (m=1, q=251, t=251)"
893,118288566,48768,0.00041228,"3x128 + 1x509* (m=1, q=127, t=127)"
894,118686844,66156,0.00055740,6x149 (m=1)
895,119086015,79655,0.00066889,5x179 (m=1)
896,119486080,796544,0.00666642,7x128 (m=7)
897,119887040,65792,0.00054878,"2x257 + 1x383* (m=1, q=191, t=191)"
898,120288896,201152,0.00167224,2x449 (m=1)
899,120691649,32896,0.00027256,"6x107 + 1x257* (m=1, q=2, t=256)"
900,121095300,64261,0.00053066,"1x541 + 1x359* (m=1, q=179, t=179)"
901,121499850,50968,0.00041949,"2x277 + 1x347* (m=1, q=173, t=173)"
902,121905300,44634,0.00036614,"3x173 + 1x383* (m=1, q=191, t=191)"
903,122311651,38612,0.00031569,"2x197 + 1x509* (m=1, q=127, t=127)"
904,122718904,80200,0.00065353,"1x401 + 1x503* (m=1, q=251, t=251)"
905,123127060,54300,0.00044101,5x181 (m=1)
906,123536120,73153,0.00059216,"1x523 + 1x383* (m=1, q=191, t=191)"
908,124356956,102604,0.00082508,4x227 (m=1)
909,124768734,68906,0.00055227,"2x263 + 1x383* (m=1, q=191, t=191)"
910,125181420,97903,0.00078209,"1x443 + 1x467* (m=1, q=233, t=233)"
912,126009520,73153,0.00058054,"1x529 + 1x383* (m=1, q=191, t=191)"
913,126424936,53204,0.00042083,"2x283 + 1x347* (m=1, q=173, t=173)"
914,126841264,138928,0.00109529,2x457 (m=1)
915,127258505,37733,0.00029651,"2x263 + 1x389* (m=1, q=97, t=97)"
916,127676660,100576,0.00078774,"1x449 + 1x467* (m=1, q=233, t=233)"
917,128095730,59605,0.00046532,7x131 (m=1)
918,128515716,64094,0.00049872,"1x439 + 1x479* (m=1, q=239, t=239)"
920,129358440,54435,0.00042081,"3x191 + 1x347* (m=1, q=173, t=173)"
921,129781180,93942,0.00072385,3x307 (m=1)
922,130204840,212060,0.00162866,2x461 (m=1)
923,130629421,32305,0.00024730,13x71 (m=1)
924,131054924,73153,0.00055819,"1x541 + 1x383* (m=1, q=191, t=191)"
925,131481350,55488,0.00042202,"2x289 + 1x347* (m=1, q=173, t=173)"
926,131908700,142604,0.00108108,2x463 (m=1)
927,132336975,37733,0.00028513,"2x269 + 1x389* (m=1, q=97, t=97)"
928,132766176,143840,0.00108341,29x32 (m=5)
930,133627360,73153,0.00054744,"1x547 + 1x383* (m=1, q=191, t=191)"
931,134059345,37733,0.00028146,"2x271 + 1x389* (m=1, q=97, t=97)"
932,134492260,108112,0.00080385,4x233 (m=1)
933,134926106,144615,0.00107181,3x311 (m=1)
934,135360884,217622,0.00160772,2x467 (m=1)
935,135796595,32896,0.00024224,"6x113 + 1x257* (m=1, q=2, t=256)"
936,136233240,69464,0.00050989,"1x457 + 1x479* (m=1, q=239, t=239)"
938,137109336,57918,0.00042242,"3x197 + 1x347* (m=1, q=173, t=173)"
939,137548789,97656,0.00070997,3x313 (m=1)
940,137989180,106030,0.00076839,"1x461 + 1x479* (m=1, q=239, t=239)"
942,138872780,71302,0.00051343,"1x463 + 1x479* (m=1, q=239, t=239)"
943,139315991,44104,0.00031658,"4x149 + 1x347* (m=1, q=173, t=173)"
944,139760144,39447,0.00028225,"1x457 + 1x487* (m=1, q=3, t=243)"
945,140205240,73153,0.00052176,"2x281 + 1x383* (m=1, q=191, t=191)"
946,140651280,108811,0.00077362,"1x467 + 1x479* (m=1, q=239, t=239)"
948,141546196,64094,0.00045281,"1x439 + 1x509* (m=1, q=127, t=127)"
949,141995074,53204,0.00037469,"2x283 + 1x383* (m=1, q=191, t=191)"
950,142444900,57918,0.00040660,"3x197 + 1x359* (m=1, q=179, t=179)"
951,142895675,150258,0.00105152,3x317 (m=1)
952,143347400,100576,0.00070162,"1x449 + 1x503* (m=1, q=251, t=251)"
954,144253704,78894,0.00054691,"1x487 + 1x467* (m=1, q=233, t=233)"
955,144708285,90725,0.00062695,5x191 (m=1)
956,145163820,113764,0.00078369,4x239 (m=1)
957,145620310,56882,0.00039062,"2x239 + 1x479* (m=1, q=239, t=239)"
958,146077756,228962,0.00156740,2x479 (m=1)
959,146536159,65212,0.00044502,7x137 (m=1)
960,146995520,148800,0.00101228,30x32 (m=5)
962,147917120,41417,0.00028000,"1x463 + 1x499* (m=1, q=83, t=83)"
963,148379361,51302,0.00034575,"2x227 + 1x509* (m=1, q=127, t=127)"
964,148842564,106030,0.00071236,"1x461 + 1x503* (m=1, q=251, t=251)"
965,149306730,61760,0.00041365,5x193 (m=1)
966,149771860,82834,0.00055307,"1x499 + 1x467* (m=1, q=233, t=233)"
968,150705016,43320,0.00028745,"1x361 + 1x607* (m=1, q=101, t=101)"
969,151173044,73153,0.00048390,"2x293 + 1x383* (m=1, q=191, t=191)"
970,151642040,114481,0.00075494,"1x491 + 1x479* (m=1, q=239, t=239)"
972,152582940,64643,0.00042366,"1x463 + 1x509* (m=1, q=127, t=127)"
973,153054846,62628,0.00040919,"2x307 + 1x359* (m=1, q=179, t=179)"
974,153527724,157788,0.00102775,2x487 (m=1)
975,154001575,54056,0.00035101,"2x233 + 1x509* (m=1, q=127, t=127)"
976,154476400,108811,0.00070439,"1x509 + 1x467* (m=1, q=233, t=233)"
978,155428976,82834,0.00053294,"1x499 + 1x479* (m=1, q=239, t=239)"
979,155906729,108811,0.00069792,"1x512 + 1x467* (m=1, q=233, t=233)"
980,156385460,46252,0.00029576,"1x373 + 1x607* (m=1, q=101, t=101)"
981,156865170,65792,0.00041942,"2x257 + 1x467* (m=1, q=233, t=233)"
982,157345860,240590,0.00152905,2x491 (m=1)
984,158310184,73153,0.00046209,"1x601 + 1x383* (m=1, q=191, t=191)"
985,158793820,96530,0.00060790,5x197 (m=1)
986,159278440,47754,0.00029981,"1x379 + 1x607* (m=1, q=101, t=101)"
987,159764045,60031,0.00037575,"5x128 + 1x347* (m=1, q=173, t=173)"
988,160250636,114481,0.00071439,"1x509 + 1x479* (m=1, q=239, t=239)"
989,160738214,39447,0.00024541,"2x251 + 1x487* (m=1, q=3, t=243)"
990,161226780,91002,0.00056443,"1x523 + 1x467* (m=1, q=233, t=233)"
992,162206880,153760,0.00094793,31x32 (m=5)
993,162698416,109230,0.00067136,3x331 (m=1)
994,163190944,120295,0.00073714,"1x491 + 1x503* (m=1, q=251, t=251)"
995,163684465,65670,0.00040120,5x199 (m=1)
996,164178980,93104,0.00056709,"1x529 + 1x467* (m=1, q=233, t=233)"
998,165170996,165668,0.00100301,2x499 (m=1)
999,165668499,64261,0.00038789,"5x128 + 1x359* (m=1, q=179, t=179)"
1000,166167000,114481,0.00068895,"1x521 + 1x479* (m=1, q=239, t=239)"
1001,166666500,41417,0.00024850,"2x251 + 1x499* (m=1, q=83, t=83)"
1002,167167000,91002,0.00054438,"1x523 + 1x479* (m=1, q=239, t=239)"
1003,167668501,48768,0.00029086,"3x128 + 1x619* (m=1, q=103, t=103)"
1004,168171004,125500,0.00074626,4x251 (m=1)
1005,168674510,73153,0.00043369,"2x311 + 1x383* (m=1, q=191, t=191)"
1006,169179020,252506,0.00149254,2x503 (m=1)
1007,169684535,39680,0.00023385,"8x32 + 1x751* (m=5, q=5, t=125)"
1008,170191056,97380,0.00057218,"1x541 + 1x467* (m=1, q=233, t=233)"
1010,171207120,50500,0.00029496,10x101 (m=1)
1011,171716665,113232,0.00065941,3x337 (m=1)
1012,172227220,126253,0.00073306,"1x509 + 1x503* (m=1, q=251, t=251)"
1014,173251364,99554,0.00057462,"1x547 + 1x467* (m=1, q=233, t=233)"
1015,173764955,126253,0.00072657,"1x512 + 1x503* (m=1, q=251, t=251)"
1016,174279560,55624,0.00031917,"1x409 + 1x607* (m=1, q=101, t=101)"
1017,174795180,73153,0.00041851,"2x317 + 1x383* (m=1, q=191, t=191)"
1018,175311816,258572,0.00147493,2x509 (m=1)
1020,176348140,97380,0.00055220,"1x541 + 1x479* (m=1, q=239, t=239)"
1022,177388540,47754,0.00026921,"1x379 + 1x643* (m=1, q=107, t=107)"
1023,177910271,73153,0.00041118,"5x128 + 1x383* (m=1, q=191, t=191)"
1025,178956800,41417,0.00023144,"2x263 + 1x499* (m=1, q=83, t=83)"
1026,179481600,99554,0.00055468,"1x547 + 1x479* (m=1, q=239, t=239)"
1027,180007425,55444,0.00030801,"4x167 + 1x359* (m=1, q=179, t=179)"
1028,180534276,131584,0.00072886,4x257 (m=1)
1029,181062154,117306,0.00064788,3x343 (m=1)
1030,181591060,108811,0.00059921,"1x467 + 1x563* (m=1, q=281, t=281)"
1032,182651960,93104,0.00050973,"1x529 + 1x503* (m=1, q=251, t=251)"
1034,183716984,52212,0.00028420,"3x229 + 1x347* (m=1, q=173, t=173)"
1035,184251045,64643,0.00035084,"2x263 + 1x509* (m=1, q=127, t=127)"
1036,184786140,114481,0.00061953,"1x557 + 1x479* (m=1, q=239, t=239)"
1037,185322270,48768,0.00026315,"3x128 + 1x653* (m=1, q=163, t=163)"
1038,185859436,108490,0.00058372,"1x571 + 1x467* (m=1, q=233, t=233)"
1040,186936880,64261,0.00034376,"3x227 + 1x359* (m=1, q=179, t=179)"
1041,187477160,180093,0.00096061,3x347 (m=1)
1042,188018480,270920,0.00144092,2x521 (m=1)
1043,188560841,77182,0.00040932,7x149 (m=1)
1044,189104244,108811,0.00057540,"1x577 + 1x467* (m=1, q=233, t=233)"
1045,189648690,72820,0.00038397,"2x331 + 1x383* (m=1, q=191, t=191)"
1046,190194180,182004,0.00095694,2x523 (m=1)
1047,190740715,121452,0.00063674,3x349 (m=1)
1048,191288296,114481,0.00059847,"1x569 + 1x479* (m=1, q=239, t=239)"
1050,192386600,108490,0.00056392,"1x571 + 1x479* (m=1, q=239, t=239)"
1052,193489100,137812,0.00071225,4x263 (m=1)
1053,194041926,85556,0.00044092,"2x293 + 1x467* (m=1, q=233, t=233)"
1054,194595804,120295,0.00061818,"1x491 + 1x563* (m=1, q=281, t=281)"
1055,195150735,73850,0.00037843,5x211 (m=1)
1056,195706720,163680,0.00083635,33x32 (m=5)
1057,196263760,73153,0.00037273,"2x337 + 1x383* (m=1, q=191, t=191)"
1058,196821856,186208,0.00094607,2x529 (m=1)
1059,197381009,186384,0.00094429,3x353 (m=1)
1060,197941220,126253,0.00063783,"1x557 + 1x503* (m=1, q=251, t=251)"
1062,199064820,82834,0.00041612,"1x499 + 1x563* (m=1, q=281, t=281)"
1064,200192664,73153,0.00036541,"3x227 + 1x383* (m=1, q=191, t=191)"
1065,200758180,85556,0.00042616,"2x293 + 1x479* (m=1, q=239, t=239)"
1066,201324760,126253,0.00062711,"1x503 + 1x563* (m=1, q=281, t=281)"
1067,201892405,37733,0.00018690,"6x113 + 1x389* (m=1, q=97, t=97)"
1068,202461116,108811,0.00053744,"1x601 + 1x467* (m=1, q=233, t=233)"
1070,203601740,61307,0.00030111,"1x463 + 1x607* (m=1, q=101, t=101)"
1071,204173655,65792,0.00032224,"2x257 + 1x557* (m=1, q=139, t=139)"
1072,204746640,129286,0.00063144,"1x509 + 1x563* (m=1, q=281, t=281)"
1073,205320696,54056,0.00026328,"2x233 + 1x607* (m=1, q=101, t=101)"
1074,205895824,108811,0.00052848,"1x607 + 1x467* (m=1, q=233, t=233)"
1075,206472025,158203,0.00076622,"1x512 + 1x563* (m=1, q=281, t=281)"
1076,207049300,144184,0.00069638,4x269 (m=1)
1077,207627650,192783,0.00092850,3x359 (m=1)
1078,208207076,120295,0.00057777,"1x491 + 1x587* (m=1, q=293, t=293)"
1079,208787579,44239,0.00021189,13x83 (m=1)
1080,209369160,114481,0.00054679,"1x601 + 1x479* (m=1, q=239, t=239)"
1081,209951820,73153,0.00034843,"2x349 + 1x383* (m=1, q=191, t=191)"
1082,210535560,194760,0.00092507,2x541 (m=1)
1083,211120381,129960,0.00061557,3x361 (m=1)
1084,211706284,135460,0.00063985,"1x521 + 1x563* (m=1, q=281, t=281)"
1085,212293270,56882,0.00026794,"2x239 + 1x607* (m=1, q=101, t=101)"
1086,212881340,114481,0.00053777,"1x607 + 1x479* (m=1, q=239, t=239)"
1088,214060736,168640,0.00078781,34x32 (m=5)
1089,214652064,96410,0.00044915,"2x311 + 1x467* (m=1, q=233, t=233)"
1090,215244480,126253,0.00058656,"1x503 + 1x587* (m=1, q=293, t=293)"
1092,216432580,114481,0.00052895,"1x613 + 1x479* (m=1, q=239, t=239)"
1094,217625044,199108,0.00091491,2x547 (m=1)
1095,218222915,72092,0.00033036,"2x269 + 1x557* (m=1, q=139, t=139)"
1096,218821880,129286,0.00059083,"1x509 + 1x587* (m=1, q=293, t=293)"
1098,220023096,114481,0.00052031,"1x619 + 1x479* (m=1, q=239, t=239)"
1099,220625349,171991,0.00077956,"1x512 + 1x587* (m=1, q=293, t=293)"
1100,221228700,73153,0.00033067,"3x239 + 1x383* (m=1, q=191, t=191)"
1101,221833150,134322,0.00060551,3x367 (m=1)
1102,222438700,126253,0.00056759,"1x599 + 1x503* (m=1, q=251, t=251)"
1104,223653104,120200,0.00053744,"1x601 + 1x503* (m=1, q=251, t=251)"
1105,224261960,73153,0.00032619,"2x361 + 1x383* (m=1, q=191, t=191)"
1106,224871920,68801,0.00030596,"1x463 + 1x643* (m=1, q=107, t=107)"
1107,225482985,81280,0.00036047,"5x128 + 1x467* (m=1, q=233, t=233)"
1108,226095156,135460,0.00059913,"1x521 + 1x587* (m=1, q=293, t=293)"
1110,227322820,122614,0.00053938,"1x607 + 1x503* (m=1, q=251, t=251)"
1111,227938315,60031,0.00026337,"4x191 + 1x347* (m=1, q=173, t=173)"
1112,228554920,73153,0.00032007,"1x729 + 1x383* (m=1, q=191, t=191)"
1113,229172636,100172,0.00043710,"2x317 + 1x479* (m=1, q=239, t=239)"
1114,229791464,309692,0.00134771,2x557 (m=1)
1115,230411405,82510,0.00035810,5x223 (m=1)
1116,231032460,125052,0.00054127,"1x613 + 1x503* (m=1, q=251, t=251)"
1118,232277916,63757,0.00027449,"1x499 + 1x619* (m=1, q=103, t=103)"
1119,232902319,138756,0.00059577,3x373 (m=1)
1120,233527840,173600,0.00074338,35x32 (m=5)
1121,234154480,62750,0.00026799,"2x251 + 1x619* (m=1, q=103, t=103)"
1122,234782240,126253,0.00053775,"1x619 + 1x503* (m=1, q=251, t=251)"
1124,236041124,157360,0.00066666,4x281 (m=1)
1125,236672250,96410,0.00040736,"2x311 + 1x503* (m=1, q=251, t=251)"
1126,237304500,316406,0.00133333,2x563 (m=1)
1127,237937875,64261,0.00027007,"6x128 + 1x359* (m=1, q=179, t=179)"
1128,238572376,126253,0.00052920,"1x625 + 1x503* (m=1, q=251, t=251)"
1130,239844760,68801,0.00028686,"1x487 + 1x643* (m=1, q=107, t=107)"
1131,240482645,64643,0.00026881,"2x311 + 1x509* (m=1, q=127, t=127)"
1132,241121660,158203,0.00065611,"1x569 + 1x563* (m=1, q=281, t=281)"
1133,241761806,63757,0.00026372,"2x257 + 1x619* (m=1, q=103, t=103)"
1134,242403084,126253,0.00052084,"1x631 + 1x503* (m=1, q=251, t=251)"
1135,243045495,128255,0.00052770,5x227 (m=1)
1136,243689040,73153,0.00030019,"3x251 + 1x383* (m=1, q=191, t=191)"
1137,244333720,143262,0.00058634,3x379 (m=1)
1138,244979536,323192,0.00131926,2x569 (m=1)
1139,245626489,43267,0.00017615,"2x128 + 1x883* (m=7, q=7, t=49)"
1140,246274580,114481,0.00046485,"1x661 + 1x479* (m=1, q=239, t=239)"
1141,246923810,75488,0.00030571,"2x337 + 1x467* (m=1, q=233, t=233)"
1142,247574180,216980,0.00087642,2x571 (m=1)
1143,248225691,81280,0.00032744,"5x128 + 1x503* (m=1, q=251, t=251)"
1144,248878344,154846,0.00062218,"1x557 + 1x587* (m=1, q=293, t=293)"
1145,249532140,87020,0.00034873,5x229 (m=1)
1146,250187080,126253,0.00050463,"1x643 + 1x503* (m=1, q=251, t=251)"
1147,250843165,72580,0.00028934,"4x191 + 1x383* (m=1, q=191, t=191)"
1148,251500396,76953,0.00030598,"3x227 + 1x467* (m=1, q=233, t=233)"
1149,252158774,219459,0.00087032,3x383 (m=1)
1150,252818300,158203,0.00062576,"1x563 + 1x587* (m=1, q=293, t=293)"
1152,254140800,1024128,0.00402977,9x128 (m=7)
1154,255467904,221568,0.00086730,2x577 (m=1)
1155,256133185,68801,0.00026861,"1x512 + 1x643* (m=1, q=107, t=107)"
1156,256799620,161596,0.00062927,"1x569 + 1x587* (m=1, q=293, t=293)"
1157,257467210,65792,0.00025554,"2x257 + 1x643* (m=1, q=107, t=107)"
1158,258135956,108811,0.00042153,"1x691 + 1x467* (m=1, q=233, t=233)"
1159,258805859,59512,0.00022995,"4x173 + 1x467* (m=1, q=233, t=233)"
1160,259476920,76953,0.00029657,"3x227 + 1x479* (m=1, q=239, t=239)"
1161,260149140,108811,0.00041826,"2x347 + 1x467* (m=1, q=233, t=233)"
1162,260822520,158203,0.00060655,"1x599 + 1x563* (m=1, q=281, t=281)"
1164,262172764,126253,0.00048156,"1x661 + 1x503* (m=1, q=251, t=251)"
1165,262849630,135140,0.00051413,5x233 (m=1)
1166,263527660,81084,0.00030769,"3x233 + 1x467* (m=1, q=233, t=233)"
1167,264206855,226398,0.00085690,3x389 (m=1)
1168,264887216,114413,0.00043193,"1x491 + 1x677* (m=1, q=13, t=169)"
1169,265568744,97027,0.00036536,7x167 (m=1)
1170,266251440,122614,0.00046052,"1x607 + 1x563* (m=1, q=281, t=281)"
1172,267620340,171112,0.00063938,4x293 (m=1)
1173,268306546,114481,0.00042668,"2x347 + 1x479* (m=1, q=239, t=239)"
1174,268993924,343982,0.00127877,2x587 (m=1)
1175,269682475,41831,0.00015511,"2x233 + 1x709* (m=1, q=59, t=59)"
1176,270372200,126253,0.00046696,"1x673 + 1x503* (m=1, q=251, t=251)"
1177,271063100,80968,0.00029871,"2x349 + 1x479* (m=1, q=239, t=239)"
1178,271755176,81084,0.00029837,"3x233 + 1x479* (m=1, q=239, t=239)"
1179,272448429,77423,0.00028417,"2x311 + 1x557* (m=1, q=139, t=139)"
1180,273142860,171991,0.00062967,"1x593 + 1x587* (m=1, q=293, t=293)"
1182,274535260,127514,0.00046447,"1x619 + 1x563* (m=1, q=281, t=281)"
1183,275233231,66248,0.00024070,7x169 (m=1)
1184,275932384,183520,0.00066509,37x32 (m=5)
1185,276632720,114481,0.00041384,"2x353 + 1x479* (m=1, q=239, t=239)"
1186,277334240,351056,0.00126582,2x593 (m=1)
1188,278740836,130000,0.00046638,"1x625 + 1x563* (m=1, q=281, t=281)"
1189,279445914,114413,0.00040943,"1x512 + 1x677* (m=1, q=13, t=169)"
1190,280152180,73153,0.00026112,"3x269 + 1x383* (m=1, q=191, t=191)"
1191,280859635,157212,0.00055975,3x397 (m=1)
1192,281568280,88208,0.00031327,8x149 (m=1)
1194,282989144,132510,0.00046825,"1x631 + 1x563* (m=1, q=281, t=281)"
1195,283701365,142205,0.00050125,5x239 (m=1)
1196,284414780,88452,0.00031100,"1x729 + 1x467* (m=1, q=233, t=233)"
1197,285129390,120062,0.00042108,"2x347 + 1x503* (m=1, q=251, t=251)"
1198,285845196,358202,0.00125313,2x599 (m=1)
1199,286562199,69440,0.00024232,"14x32 + 1x751* (m=5, q=5, t=125)"
1200,287280400,125052,0.00043530,"1x613 + 1x587* (m=1, q=293, t=293)"
1202,288720400,240400,0.00083264,2x601 (m=1)
1203,289442201,240600,0.00083125,3x401 (m=1)
1204,290165204,171991,0.00059273,"1x617 + 1x587* (m=1, q=293, t=293)"
1205,290889410,96400,0.00033140,5x241 (m=1)
1206,291614820,137602,0.00047186,"1x643 + 1x563* (m=1, q=281, t=281)"
1207,292341435,64643,0.00022112,"2x349 + 1x509* (m=1, q=127, t=127)"
1208,293069256,88452,0.00030181,"1x729 + 1x479* (m=1, q=239, t=239)"
1209,293798284,124256,0.00042293,"2x353 + 1x503* (m=1, q=251, t=251)"
1210,294528520,158203,0.00053714,"1x647 + 1x563* (m=1, q=281, t=281)"
1211,295259965,104146,0.00035273,7x173 (m=1)
1212,295992620,130000,0.00043920,"1x625 + 1x587* (m=1, q=293, t=293)"
1214,297461564,245228,0.00082440,2x607 (m=1)
1215,298197855,78680,0.00026385,"2x281 + 1x653* (m=1, q=163, t=163)"
1216,298935360,188480,0.00063050,38x32 (m=5)
1218,300414016,132510,0.00044109,"1x631 + 1x587* (m=1, q=293, t=293)"
1219,301155169,72820,0.00024180,"2x331 + 1x557* (m=1, q=139, t=139)"
1220,301897540,94125,0.00031178,"3x251 + 1x467* (m=1, q=233, t=233)"
1221,302641130,126253,0.00041717,"2x359 + 1x503* (m=1, q=251, t=251)"
1222,303385940,158203,0.00052146,"1x659 + 1x563* (m=1, q=281, t=281)"
1224,304879224,145420,0.00047698,"1x661 + 1x563* (m=1, q=281, t=281)"
1225,305627700,95508,0.00031250,"2x379 + 1x467* (m=1, q=233, t=233)"
1226,306377400,250104,0.00081633,2x613 (m=1)
1227,307128325,166872,0.00054333,3x409 (m=1)
1228,307880476,171991,0.00055863,"1x641 + 1x587* (m=1, q=293, t=293)"
1230,309388460,137602,0.00044475,"1x643 + 1x587* (m=1, q=293, t=293)"
1232,310901360,94125,0.00030275,"3x251 + 1x479* (m=1, q=239, t=239)"
1233,311659656,108811,0.00034913,"2x383 + 1x467* (m=1, q=233, t=233)"
1234,312419184,380072,0.00121655,2x617 (m=1)
1235,313179945,97536,0.00031144,"6x128 + 1x467* (m=1, q=233, t=233)"
1236,313941940,150752,0.00048019,"1x673 + 1x563* (m=1, q=281, t=281)"
1238,315469636,255028,0.00080841,2x619 (m=1)
1239,316235339,87967,0.00027817,"1x512 + 1x727* (m=1, q=11, t=121)"
1240,317002280,171991,0.00054255,"1x653 + 1x587* (m=1, q=293, t=293)"
1241,317770460,65792,0.00020704,"2x257 + 1x727* (m=1, q=11, t=121)"
1242,318539880,126253,0.00039635,"1x739 + 1x503* (m=1, q=251, t=251)"
1243,319310541,77423,0.00024247,"2x343 + 1x557* (m=1, q=139, t=139)"
1244,320082444,192820,0.00060241,4x311 (m=1)
1245,320855590,114481,0.00035680,"2x383 + 1x479* (m=1, q=239, t=239)"
1246,321629980,171991,0.00053475,"1x659 + 1x587* (m=1, q=293, t=293)"
1247,322405615,97536,0.00030253,"6x128 + 1x479* (m=1, q=239, t=239)"
1248,323182496,193440,0.00059855,39x32 (m=5)
1250,324740000,260000,0.00080064,2x625 (m=1)
1251,325520625,77423,0.00023784,"2x347 + 1x557* (m=1, q=139, t=139)"
1252,326302500,130208,0.00039904,4x313 (m=1)
1253,327085626,111517,0.00034094,7x179 (m=1)
1254,327870004,158203,0.00048252,"1x691 + 1x563* (m=1, q=281, t=281)"
1255,328655635,156875,0.00047732,5x251 (m=1)
1256,329442520,103359,0.00031374,"3x263 + 1x467* (m=1, q=233, t=233)"
1257,330230660,262713,0.00079554,3x419 (m=1)
1258,331020056,106030,0.00032031,"1x461 + 1x797* (m=1, q=199, t=199)"
1260,332602620,150752,0.00045325,"1x673 + 1x587* (m=1, q=293, t=293)"
1261,333395790,104808,0.00031437,"2x397 + 1x467* (m=1, q=233, t=233)"
1262,334190220,265020,0.00079302,2x631 (m=1)
1263,334985911,176820,0.00052784,3x421 (m=1)
1264,335782864,171991,0.00051221,"1x677 + 1x587* (m=1, q=293, t=293)"
1265,336581080,72092,0.00021419,"2x269 + 1x727* (m=1, q=11, t=121)"
1266,337380560,114481,0.00033932,"1x787 + 1x479* (m=1, q=239, t=239)"
1267,338181305,77224,0.00022835,"4x197 + 1x479* (m=1, q=239, t=239)"
1268,338983316,200344,0.00059101,4x317 (m=1)
1269,339786594,126253,0.00037157,"2x383 + 1x503* (m=1, q=251, t=251)"
1270,340591140,171991,0.00050498,"1x683 + 1x587* (m=1, q=293, t=293)"
1271,341396955,97536,0.00028570,"6x128 + 1x503* (m=1, q=251, t=251)"
1272,342204040,158203,0.00046231,"1x709 + 1x563* (m=1, q=281, t=281)"
1273,343012396,104808,0.00030555,"2x397 + 1x479* (m=1, q=239, t=239)"
1274,343822024,108138,0.00031452,"3x269 + 1x467* (m=1, q=233, t=233)"
1275,344632925,96410,0.00027975,"2x311 + 1x653* (m=1, q=163, t=163)"
1276,345445100,154846,0.00044825,"1x557 + 1x719* (m=1, q=359, t=359)"
1278,347073276,158930,0.00045791,"1x691 + 1x587* (m=1, q=293, t=293)"
1280,348706560,1137920,0.00326326,10x128 (m=7)
1281,349525120,128522,0.00036770,"2x359 + 1x563* (m=1, q=281, t=281)"
1282,350344960,410240,0.00117096,2x641 (m=1)
1284,351988484,114413,0.00032505,"1x607 + 1x677* (m=1, q=13, t=169)"
1285,352812170,164480,0.00046620,5x257 (m=1)
1286,353637140,275204,0.00077821,2x643 (m=1)
1287,354463395,100172,0.00028260,"2x317 + 1x653* (m=1, q=163, t=163)"
1288,355290936,171991,0.00048408,"1x701 + 1x587* (m=1, q=293, t=293)"
1290,356949880,158203,0.00044321,"1x727 + 1x563* (m=1, q=281, t=281)"
1292,358613980,103359,0.00028822,"3x263 + 1x503* (m=1, q=251, t=251)"
1293,359447966,277995,0.00077339,3x431 (m=1)
1294,360283244,417962,0.00116009,2x647 (m=1)
1295,361119815,84320,0.00023350,"17x32 + 1x751* (m=5, q=5, t=125)"
1296,361957680,167324,0.00046228,"1x709 + 1x587* (m=1, q=293, t=293)"
1298,363637296,93875,0.00025816,"1x547 + 1x751* (m=1, q=5, t=125)"
1299,364479049,187056,0.00051321,3x433 (m=1)
1300,365322100,126253,0.00034559,"1x503 + 1x797* (m=1, q=199, t=199)"
1302,367012100,158203,0.00043106,"1x739 + 1x563* (m=1, q=281, t=281)"
1304,368707304,87967,0.00023858,"1x577 + 1x727* (m=1, q=11, t=121)"
1305,369556860,128522,0.00034777,"2x359 + 1x587* (m=1, q=293, t=293)"
1306,370407720,425756,0.00114943,2x653 (m=1)
1308,372113356,114481,0.00030765,"1x829 + 1x479* (m=1, q=239, t=239)"
1309,372968134,158603,0.00042525,"1x512 + 1x797* (m=1, q=199, t=199)"
1310,373824220,108811,0.00029108,"3x281 + 1x467* (m=1, q=233, t=233)"
1311,374681615,100172,0.00026735,"2x317 + 1x677* (m=1, q=13, t=169)"
1312,375540320,203360,0.00054151,41x32 (m=5)
1313,376400336,85556,0.00022730,"2x293 + 1x727* (m=1, q=11, t=121)"
1314,377261664,171991,0.00045589,"1x727 + 1x587* (m=1, q=293, t=293)"
1315,378124305,172265,0.00045558,5x263 (m=1)
1316,378988260,98432,0.00025972,"1x547 + 1x769* (m=1, q=2, t=256)"
1317,379853530,192282,0.00050620,3x439 (m=1)
1318,380720116,433622,0.00113895,2x659 (m=1)
1320,382457240,171991,0.00044970,"1x733 + 1x587* (m=1, q=293, t=293)"
1322,384199640,290840,0.00075700,2x661 (m=1)
1323,385072821,77423,0.00020106,"2x383 + 1x557* (m=1, q=139, t=139)"
1324,385947324,158203,0.00040991,"1x761 + 1x563* (m=1, q=281, t=281)"
1325,386823150,77423,0.00020015,"6x128 + 1x557* (m=1, q=139, t=139)"
1326,387700300,171991,0.00044362,"1x739 + 1x587* (m=1, q=293, t=293)"
1328,389458576,97380,0.00025004,"1x541 + 1x787* (m=1, q=131, t=131)"
1329,390339704,293709,0.00075244,3x443 (m=1)
1330,391222160,171991,0.00043962,"1x743 + 1x587* (m=1, q=293, t=293)"
1332,392991060,158203,0.00040256,"1x769 + 1x563* (m=1, q=281, t=281)"
1333,393877506,108811,0.00027626,"2x433 + 1x467* (m=1, q=233, t=233)"
1334,394765284,99554,0.00025219,"1x547 + 1x787* (m=1, q=131, t=131)"
1335,395654395,112751,0.00028497,"1x512 + 1x823* (m=1, q=137, t=137)"
1336,396544840,190036,0.00047923,"1x617 + 1x719* (m=1, q=359, t=359)"
1337,397436620,127015,0.00031959,7x191 (m=1)
1338,398329736,171991,0.00043178,"1x751 + 1x587* (m=1, q=293, t=293)"
1339,399224189,78204,0.00019589,"2x343 + 1x653* (m=1, q=163, t=163)"
1340,400119980,98432,0.00024601,"1x571 + 1x769* (m=1, q=2, t=256)"
1341,401017110,150932,0.00037637,"2x389 + 1x563* (m=1, q=281, t=281)"
1342,401915580,149189,0.00037119,"1x569 + 1x773* (m=1, q=193, t=193)"
1343,402815391,54056,0.00013420,"2x233 + 1x877* (m=1, q=73, t=73)"
1344,403716544,208320,0.00051601,42x32 (m=5)
1345,404619040,180230,0.00044543,5x269 (m=1)
1346,405522880,301504,0.00074349,2x673 (m=1)
1347,406428065,301728,0.00074239,3x449 (m=1)
1348,407334596,171991,0.00042224,"1x761 + 1x587* (m=1, q=293, t=293)"
1349,408242474,87967,0.00021548,"2x311 + 1x727* (m=1, q=11, t=121)"
1350,409151700,158203,0.00038666,"1x787 + 1x563* (m=1, q=281, t=281)"
1351,410062275,261632,0.00063803,"1x512 + 1x839* (m=1, q=419, t=419)"
1352,410974200,103359,0.00025150,"3x263 + 1x563* (m=1, q=281, t=281)"
1353,411887476,146306,0.00035521,"2x383 + 1x587* (m=1, q=293, t=293)"
1354,412802104,457652,0.00110865,2x677 (m=1)
1355,413718085,121950,0.00029477,5x271 (m=1)
1356,414635420,171991,0.00041480,"1x769 + 1x587* (m=1, q=293, t=293)"
1357,415554110,114481,0.00027549,"2x439 + 1x479* (m=1, q=239, t=239)"
1358,416474156,114481,0.00027488,"3x293 + 1x479* (m=1, q=239, t=239)"
1359,417395559,106439,0.00025501,"2x353 + 1x653* (m=1, q=163, t=163)"
1360,418318320,205120,0.00049034,"1x641 + 1x719* (m=1, q=359, t=359)"
1362,420167920,153906,0.00036630,6x227 (m=1)
1363,421094761,108811,0.00025840,"7x128 + 1x467* (m=1, q=233, t=233)"
1364,422022964,103097,0.00024429,"1x577 + 1x787* (m=1, q=131, t=131)"
1365,422952530,158203,0.00037404,"2x401 + 1x563* (m=1, q=281, t=281)"
1366,423883460,465806,0.00109890,2x683 (m=1)
1368,425749416,114413,0.00026873,"1x691 + 1x677* (m=1, q=13, t=169)"
1370,427620840,108138,0.00025288,"3x269 + 1x563* (m=1, q=281, t=281)"
1371,428558605,208392,0.00048626,3x457 (m=1)
1372,429497740,212878,0.00049564,"1x653 + 1x719* (m=1, q=359, t=359)"
1374,431380124,171991,0.00039870,"1x787 + 1x587* (m=1, q=293, t=293)"
1375,432323375,261632,0.00060518,"1x512 + 1x863* (m=1, q=431, t=431)"
1376,433268000,213280,0.00049226,43x32 (m=5)
1377,434214000,114481,0.00026365,"2x449 + 1x479* (m=1, q=239, t=239)"
1378,435161376,216811,0.00049823,"1x659 + 1x719* (m=1, q=359, t=359)"
1379,436110129,135142,0.00030988,7x197 (m=1)
1380,437060260,145420,0.00033272,"1x661 + 1x719* (m=1, q=359, t=359)"
1382,438964660,317860,0.00072411,2x691 (m=1)
1383,439918931,318090,0.00072307,3x461 (m=1)
1384,440874584,171991,0.00039011,"1x797 + 1x587* (m=1, q=293, t=293)"
1385,441831620,127420,0.00028839,5x277 (m=1)
1386,442790040,158203,0.00035729,"1x823 + 1x563* (m=1, q=281, t=281)"
1387,443749845,102604,0.00023122,"4x227 + 1x479* (m=1, q=239, t=239)"
1388,444711036,240124,0.00053996,4x347 (m=1)
1389,445673614,213906,0.00047996,3x463 (m=1)
1390,446637580,158603,0.00035510,"1x593 + 1x797* (m=1, q=199, t=199)"
1391,447602935,96410,0.00021539,"2x311 + 1x769* (m=1, q=2, t=256)"
1392,448569680,158203,0.00035268,"1x829 + 1x563* (m=1, q=281, t=281)"
1393,449537816,114481,0.00025466,"2x457 + 1x479* (m=1, q=239, t=239)"
1394,450507344,108490,0.00024082,"1x571 + 1x823* (m=1, q=137, t=137)"
1395,451478265,114413,0.00025342,"2x359 + 1x677* (m=1, q=13, t=169)"
1396,452450580,228826,0.00050575,"1x677 + 1x719* (m=1, q=359, t=359)"
1397,453424290,66156,0.00014590,"6x149 + 1x503* (m=1, q=251, t=251)"
1398,454399396,171991,0.00037850,"1x811 + 1x587* (m=1, q=293, t=293)"
1400,456353800,110784,0.00024276,"1x577 + 1x823* (m=1, q=137, t=137)"
1401,457333100,326433,0.00071378,3x467 (m=1)
1402,458313800,490700,0.00107066,2x701 (m=1)
1403,459295901,98432,0.00021431,"2x317 + 1x769* (m=1, q=2, t=256)"
1404,460279404,158203,0.00034371,"1x841 + 1x563* (m=1, q=281, t=281)"
1405,461264310,196700,0.00042644,5x281 (m=1)
1406,462250620,118020,0.00025532,"3x281 + 1x563* (m=1, q=281, t=281)"
1407,463238335,100172,0.00021624,"2x317 + 1x773* (m=1, q=193, t=193)"
1408,464227456,1251712,0.00269633,11x128 (m=7)
1410,466209920,171991,0.00036891,"1x823 + 1x587* (m=1, q=293, t=293)"
1411,467203265,108112,0.00023140,"4x233 + 1x479* (m=1, q=239, t=239)"
1412,468198020,248512,0.00053078,4x353 (m=1)
1413,469194186,120062,0.00025589,"2x347 + 1x719* (m=1, q=359, t=359)"
1414,470191764,171991,0.00036579,"1x827 + 1x587* (m=1, q=293, t=293)"
1415,471190755,133010,0.00028228,5x283 (m=1)
1416,472191160,171991,0.00036424,"1x829 + 1x587* (m=1, q=293, t=293)"
1417,473192980,126253,0.00026681,"2x457 + 1x503* (m=1, q=251, t=251)"
1418,474196216,334648,0.00070572,2x709 (m=1)
1419,475200869,136957,0.00028821,"1x512 + 1x907* (m=1, q=151, t=151)"
1420,476206940,245350,0.00051522,"1x701 + 1x719* (m=1, q=359, t=359)"
1421,477214430,100172,0.00020991,"2x317 + 1x787* (m=1, q=131, t=131)"
1422,478223340,158203,0.00033081,"1x859 + 1x563* (m=1, q=281, t=281)"
1424,480245424,112751,0.00023478,"1x601 + 1x823* (m=1, q=137, t=137)"
1425,481258600,171991,0.00035738,"2x419 + 1x587* (m=1, q=293, t=293)"
1426,482273200,171991,0.00035663,"1x587 + 1x839* (m=1, q=419, t=419)"
1428,484306676,171991,0.00035513,"1x841 + 1x587* (m=1, q=293, t=293)"
1430,486345860,118020,0.00024267,"3x281 + 1x587* (m=1, q=293, t=293)"
1431,487367595,106439,0.00021840,"2x389 + 1x653* (m=1, q=163, t=163)"
1432,488390760,175528,0.00035940,"1x593 + 1x839* (m=1, q=419, t=419)"
1434,490441384,170646,0.00034794,6x239 (m=1)
1435,491468845,113764,0.00023148,"4x239 + 1x479* (m=1, q=239, t=239)"
1436,492497740,257044,0.00052192,4x359 (m=1)
1437,493528070,343443,0.00069589,3x479 (m=1)
1438,494559836,516242,0.00104384,2x719 (m=1)
1440,496627680,223200,0.00044943,45x32 (m=5)
1441,497663760,128188,0.00025758,"2x439 + 1x563* (m=1, q=281, t=281)"
1442,498701280,128334,0.00025734,"3x293 + 1x563* (m=1, q=281, t=281)"
1443,499740241,114413,0.00022894,"2x383 + 1x677* (m=1, q=13, t=169)"
1444,500780644,173280,0.00034602,4x361 (m=1)
1445,501822490,138720,0.00027643,5x289 (m=1)
1446,502865780,175934,0.00034986,"1x727 + 1x719* (m=1, q=359, t=359)"
1448,504956696,112751,0.00022329,"1x625 + 1x823* (m=1, q=137, t=137)"
1449,506004324,171991,0.00033990,"2x431 + 1x587* (m=1, q=293, t=293)"
1450,507053400,171991,0.00033920,"1x587 + 1x863* (m=1, q=431, t=431)"
1452,509155900,178852,0.00035127,"1x733 + 1x719* (m=1, q=359, t=359)"
1454,511264204,351868,0.00068823,2x727 (m=1)
1455,512320535,114413,0.00022332,"2x389 + 1x677* (m=1, q=13, t=169)"
1456,513378320,190036,0.00037017,"1x617 + 1x839* (m=1, q=419, t=419)"
1457,514437560,100172,0.00019472,"2x317 + 1x823* (m=1, q=137, t=137)"
1458,515498256,181794,0.00035266,"1x739 + 1x719* (m=1, q=359, t=359)"
1460,517624020,108811,0.00021021,"3x331 + 1x467* (m=1, q=233, t=233)"
1461,518689090,236682,0.00045631,3x487 (m=1)
1462,519755620,258121,0.00049662,"1x743 + 1x719* (m=1, q=359, t=359)"
1463,520823611,98432,0.00018899,"2x347 + 1x769* (m=1, q=2, t=256)"
1464,521893064,171991,0.00032955,"1x877 + 1x587* (m=1, q=293, t=293)"
1465,522963980,213890,0.00040900,5x293 (m=1)
1466,524036360,357704,0.00068259,2x733 (m=1)
1467,525110205,120062,0.00022864,"2x347 + 1x773* (m=1, q=193, t=193)"
1468,526185516,179096,0.00034037,4x367 (m=1)
1469,527262294,93875,0.00017804,"2x359 + 1x751* (m=1, q=5, t=125)"
1470,528340540,187750,0.00035536,"1x751 + 1x719* (m=1, q=359, t=359)"
1472,530501440,228160,0.00043008,46x32 (m=5)
1473,531584096,360885,0.00067889,3x491 (m=1)
1474,532668224,171991,0.00032289,"1x587 + 1x887* (m=1, q=443, t=443)"
1475,533753825,98432,0.00018441,"2x353 + 1x769* (m=1, q=2, t=256)"
1476,534840900,190764,0.00035667,"1x757 + 1x719* (m=1, q=359, t=359)"
1477,535929450,138928,0.00025923,"2x457 + 1x563* (m=1, q=281, t=281)"
1478,537019476,363588,0.00067705,2x739 (m=1)
1479,538110979,124256,0.00023091,"2x353 + 1x773* (m=1, q=193, t=193)"
1480,539203960,258121,0.00047871,"1x761 + 1x719* (m=1, q=359, t=359)"
1482,541394360,158203,0.00029221,"1x919 + 1x563* (m=1, q=281, t=281)"
1484,543590684,112751,0.00020742,"1x661 + 1x823* (m=1, q=137, t=137)"
1485,544691070,171991,0.00031576,"2x449 + 1x587* (m=1, q=293, t=293)"
1486,545792940,551306,0.00101010,2x743 (m=1)
1488,548001136,196864,0.00035924,"1x769 + 1x719* (m=1, q=359, t=359)"
1490,550215280,113232,0.00020580,"3x337 + 1x479* (m=1, q=239, t=239)"
1491,551324585,128522,0.00023311,"2x359 + 1x773* (m=1, q=193, t=193)"
1492,552435380,258121,0.00046724,"1x773 + 1x719* (m=1, q=359, t=359)"
1494,554661444,171991,0.00031008,"1x907 + 1x587* (m=1, q=293, t=293)"
1495,555776715,261632,0.00047075,"1x512 + 1x983* (m=1, q=491, t=491)"
1496,556893480,144615,0.00025968,"3x311 + 1x563* (m=1, q=281, t=281)"
1497,558011740,248502,0.00044533,3x499 (m=1)
1498,559131496,216811,0.00038776,"1x659 + 1x839* (m=1, q=419, t=419)"
1500,561375500,158203,0.00028181,"1x937 + 1x563* (m=1, q=281, t=281)"
1501,562499750,138928,0.00024698,"2x457 + 1x587* (m=1, q=293, t=293)"
1502,563625500,375500,0.00066622,2x751 (m=1)
1503,564752751,124749,0.00022089,9x167 (m=1)
1504,565881504,233120,0.00041196,47x32 (m=5)
1505,567011760,103097,0.00018183,"2x359 + 1x787* (m=1, q=131, t=131)"
1506,568143520,206194,0.00036293,"1x787 + 1x719* (m=1, q=359, t=359)"
1507,569276785,125500,0.00022046,"4x251 + 1x503* (m=1, q=251, t=251)"
1508,570411556,120200,0.00021073,"1x601 + 1x907* (m=1, q=151, t=151)"
1509,571547834,378759,0.00066269,3x503 (m=1)
1510,572685620,208981,0.00036491,"1x647 + 1x863* (m=1, q=431, t=431)"
1512,574965720,150752,0.00026219,"1x673 + 1x839* (m=1, q=419, t=419)"
1513,576108036,142604,0.00024753,"2x463 + 1x587* (m=1, q=293, t=293)"
1514,577251864,381528,0.00066094,2x757 (m=1)
1515,578397205,128522,0.00022220,"2x359 + 1x797* (m=1, q=199, t=199)"
1516,579544060,258121,0.00044539,"1x797 + 1x719* (m=1, q=359, t=359)"
1517,580692430,112751,0.00019417,"2x347 + 1x823* (m=1, q=137, t=137)"
1518,581842316,132510,0.00022774,"1x631 + 1x887* (m=1, q=443, t=443)"
1519,582993719,114413,0.00019625,"2x421 + 1x677* (m=1, q=13, t=169)"
1520,584146640,144615,0.00024757,"3x311 + 1x587* (m=1, q=293, t=293)"
1521,585301080,171991,0.00029385,"2x467 + 1x587* (m=1, q=293, t=293)"
1522,586457040,578360,0.00098619,2x761 (m=1)
1524,588773524,171991,0.00029212,"1x937 + 1x587* (m=1, q=293, t=293)"
1525,589934050,114481,0.00019406,"2x523 + 1x479* (m=1, q=239, t=239)"
1526,591096100,127514,0.00021572,"1x619 + 1x907* (m=1, q=151, t=151)"
1527,592259675,387858,0.00065488,3x509 (m=1)
1528,593424776,258121,0.00043497,"1x809 + 1x719* (m=1, q=359, t=359)"
1529,594591404,112751,0.00018963,"2x353 + 1x823* (m=1, q=137, t=137)"
1530,595759560,218970,0.00036755,"1x811 + 1x719* (m=1, q=359, t=359)"
1532,598100460,292612,0.00048924,4x383 (m=1)
1533,599273206,120062,0.00020035,"2x347 + 1x839* (m=1, q=419, t=419)"
1534,600447484,208981,0.00034804,"1x647 + 1x887* (m=1, q=443, t=443)"
1535,601623295,156570,0.00026025,5x307 (m=1)
1536,602800640,1365504,0.00226527,12x128 (m=7)
1537,603979520,157788,0.00026125,"2x487 + 1x563* (m=1, q=281, t=281)"
1538,605159936,393728,0.00065062,2x769 (m=1)
1539,606341889,146306,0.00024129,"2x383 + 1x773* (m=1, q=193, t=193)"
1540,607525380,258121,0.00042487,"1x821 + 1x719* (m=1, q=359, t=359)"
1541,608710410,112751,0.00018523,"2x359 + 1x823* (m=1, q=137, t=137)"
1542,609896980,225502,0.00036974,"1x823 + 1x719* (m=1, q=359, t=359)"
1544,612274744,126253,0.00020620,"3x347 + 1x503* (m=1, q=251, t=251)"
1545,613465940,171991,0.00028036,"2x479 + 1x587* (m=1, q=293, t=293)"
1546,614658680,596756,0.00097087,2x773 (m=1)
1547,615852965,98432,0.00015983,"2x389 + 1x769* (m=1, q=2, t=256)"
1548,617048796,228804,0.00037080,"1x829 + 1x719* (m=1, q=359, t=359)"
1550,619445100,136957,0.00022110,"1x643 + 1x907* (m=1, q=151, t=151)"
1551,620645575,179747,0.00028961,"1x512 + 1x1039* (m=1, q=173, t=173)"
1552,621847600,161596,0.00025986,"1x569 + 1x983* (m=1, q=491, t=491)"
1554,624256304,171991,0.00027551,"1x967 + 1x587* (m=1, q=293, t=293)"
1555,625462985,241025,0.00038535,5x311 (m=1)
1556,626671220,301864,0.00048169,4x389 (m=1)
1557,627881010,175142,0.00027894,"2x419 + 1x719* (m=1, q=359, t=359)"
1558,629092356,258121,0.00041031,"1x719 + 1x839* (m=1, q=419, t=419)"
1560,631519720,235480,0.00037288,"1x841 + 1x719* (m=1, q=359, t=359)"
1561,632735740,158203,0.00025003,"2x499 + 1x563* (m=1, q=281, t=281)"
1562,633953320,126253,0.00019915,"3x353 + 1x503* (m=1, q=251, t=251)"
1563,635172461,406380,0.00063979,3x521 (m=1)
1564,636393164,245350,0.00038553,"1x701 + 1x863* (m=1, q=431, t=431)"
1565,637615430,162760,0.00025526,5x313 (m=1)
1566,638839260,175934,0.00027540,"1x727 + 1x839* (m=1, q=419, t=419)"
1568,641291616,243040,0.00037899,49x32 (m=5)
1569,642520144,273006,0.00042490,3x523 (m=1)
1570,643750240,232903,0.00036179,"1x683 + 1x887* (m=1, q=443, t=443)"
1572,646215140,242252,0.00037488,"1x853 + 1x719* (m=1, q=359, t=359)"
1573,647449946,114481,0.00017682,"2x547 + 1x479* (m=1, q=239, t=239)"
1574,648686324,412388,0.00063573,2x787 (m=1)
1575,649924275,150932,0.00023223,"2x389 + 1x797* (m=1, q=199, t=199)"
1576,651163800,258121,0.00039640,"1x857 + 1x719* (m=1, q=359, t=359)"
1577,652404900,95586,0.00014651,"6x179 + 1x503* (m=1, q=251, t=251)"
1578,653647576,245674,0.00037585,"1x859 + 1x719* (m=1, q=359, t=359)"
1580,656137660,136957,0.00020873,"1x673 + 1x907* (m=1, q=151, t=151)"
1581,657385070,185330,0.00028192,"2x431 + 1x719* (m=1, q=359, t=359)"
1582,658634060,275653,0.00041852,"1x743 + 1x839* (m=1, q=419, t=419)"
1584,661136784,171991,0.00026014,"1x997 + 1x587* (m=1, q=293, t=293)"
1585,662390520,250430,0.00037807,5x317 (m=1)
1586,663645840,126253,0.00019024,"3x361 + 1x503* (m=1, q=251, t=251)"
1587,664902745,279312,0.00042008,3x529 (m=1)
1588,666161236,245350,0.00036830,"1x701 + 1x887* (m=1, q=443, t=443)"
1589,667421314,179557,0.00026903,7x227 (m=1)
1590,668682980,187750,0.00028078,"1x751 + 1x839* (m=1, q=419, t=419)"
1591,669946235,131584,0.00019641,"4x257 + 1x563* (m=1, q=281, t=281)"
1592,671211080,117306,0.00017477,"3x343 + 1x563* (m=1, q=281, t=281)"
1593,672477516,171991,0.00025576,"2x503 + 1x587* (m=1, q=293, t=293)"
1594,673745544,634412,0.00094162,2x797 (m=1)
1595,675015165,77423,0.00011470,"6x173 + 1x557* (m=1, q=139, t=139)"
1596,676286380,256084,0.00037866,"1x877 + 1x719* (m=1, q=359, t=359)"
1598,678833596,136957,0.00020175,"1x691 + 1x907* (m=1, q=151, t=151)"
1599,680109599,196747,0.00028929,"1x512 + 1x1087* (m=1, q=181, t=181)"
1600,681387200,289180,0.00042440,"1x761 + 1x839* (m=1, q=419, t=419)"
1602,683947200,258121,0.00037740,"1x883 + 1x719* (m=1, q=359, t=359)"
1603,685229601,121828,0.00017779,7x229 (m=1)
1604,686513604,320800,0.00046729,4x401 (m=1)
1605,687799210,195806,0.00028468,"2x443 + 1x719* (m=1, q=359, t=359)"
1606,689086420,275653,0.00040003,"1x743 + 1x863* (m=1, q=431, t=431)"
1608,691665656,196864,0.00028462,"1x769 + 1x839* (m=1, q=419, t=419)"
1610,694251320,121452,0.00017494,"3x349 + 1x563* (m=1, q=281, t=281)"
1611,695546565,171991,0.00024727,"2x512 + 1x587* (m=1, q=293, t=293)"
1612,696843420,298378,0.00042819,"1x773 + 1x839* (m=1, q=419, t=419)"
1614,699441964,216276,0.00030921,6x269 (m=1)
1615,700743655,137812,0.00019667,"4x263 + 1x563* (m=1, q=281, t=281)"
1616,702046960,136957,0.00019508,"1x709 + 1x907* (m=1, q=151, t=151)"
1617,703351880,201152,0.00028599,"2x449 + 1x719* (m=1, q=359, t=359)"
1618,704658416,653672,0.00092764,2x809 (m=1)
1620,707276340,190764,0.00026972,"1x757 + 1x863* (m=1, q=431, t=431)"
1622,709900740,437940,0.00061690,2x811 (m=1)
1623,711215371,292140,0.00041076,3x541 (m=1)
1624,712531624,289180,0.00040585,"1x761 + 1x863* (m=1, q=431, t=431)"
1625,713849500,128522,0.00018004,"2x359 + 1x907* (m=1, q=151, t=151)"
1626,715169000,258121,0.00036092,"1x907 + 1x719* (m=1, q=359, t=359)"
1628,717812876,171991,0.00023960,"3x347 + 1x587* (m=1, q=293, t=293)"
1629,719137254,227584,0.00031647,"2x128 + 1x1373* (m=7, q=7, t=343)"
1630,720463260,275653,0.00038261,"1x743 + 1x887* (m=1, q=443, t=443)"
1631,721790895,189196,0.00026212,7x233 (m=1)
1632,723120160,252960,0.00034982,51x32 (m=5)
1633,724451056,171991,0.00023741,"2x523 + 1x587* (m=1, q=293, t=293)"
1634,725783584,136957,0.00018870,"1x727 + 1x907* (m=1, q=151, t=151)"
1635,727117745,158603,0.00021813,"2x419 + 1x797* (m=1, q=199, t=199)"
1636,728453540,317206,0.00043545,"1x797 + 1x839* (m=1, q=419, t=419)"
1638,731130036,258121,0.00035304,"1x919 + 1x719* (m=1, q=359, t=359)"
1639,732470739,144184,0.00019685,"4x269 + 1x563* (m=1, q=281, t=281)"
1640,733813080,158203,0.00021559,"3x359 + 1x563* (m=1, q=281, t=281)"
1641,735157060,298662,0.00040626,3x547 (m=1)
1642,736502680,673220,0.00091408,2x821 (m=1)
1643,737849941,69616,0.00009435,"4x229 + 1x727* (m=1, q=11, t=121)"
1644,739198844,190764,0.00025807,"1x757 + 1x887* (m=1, q=443, t=443)"
1645,740549390,171991,0.00023225,"2x529 + 1x587* (m=1, q=293, t=293)"
1646,741901580,451004,0.00060790,2x823 (m=1)
1647,743255415,98432,0.00013243,"2x439 + 1x769* (m=1, q=2, t=256)"
1648,744610896,326836,0.00043894,"1x809 + 1x839* (m=1, q=419, t=419)"
1649,745968024,108870,0.00014594,"6x191 + 1x503* (m=1, q=251, t=251)"
1650,747326800,218970,0.00029300,"1x811 + 1x839* (m=1, q=419, t=419)"
1651,748687225,128188,0.00017122,"2x439 + 1x773* (m=1, q=193, t=193)"
1652,750049300,144615,0.00019281,"3x311 + 1x719* (m=1, q=359, t=359)"
1653,751413026,217622,0.00028962,"2x467 + 1x719* (m=1, q=359, t=359)"
1654,752778404,683102,0.00090744,2x827 (m=1)
1655,754145435,182050,0.00024140,5x331 (m=1)
1656,755514120,258121,0.00034165,"1x937 + 1x719* (m=1, q=359, t=359)"
1658,758256456,457608,0.00060350,2x829 (m=1)
1659,759630109,158603,0.00020879,"2x431 + 1x797* (m=1, q=199, t=199)"
1660,761005420,336610,0.00044232,"1x821 + 1x839* (m=1, q=419, t=419)"
1661,762382390,114481,0.00015016,"6x197 + 1x479* (m=1, q=239, t=239)"
1662,763761020,225502,0.00029525,"1x823 + 1x839* (m=1, q=419, t=419)"
1664,766523264,1479296,0.00192988,13x128 (m=7)
1665,767906880,160400,0.00020888,"2x401 + 1x863* (m=1, q=431, t=431)"
1666,769292160,341551,0.00044398,"1x827 + 1x839* (m=1, q=419, t=419)"
1668,772067716,228804,0.00029635,"1x829 + 1x839* (m=1, q=419, t=419)"
1670,774849940,150258,0.00019392,"3x317 + 1x719* (m=1, q=359, t=359)"
1671,776243555,464538,0.00059844,3x557 (m=1)
1672,777638840,326836,0.00042029,"1x809 + 1x863* (m=1, q=431, t=431)"
1673,779035796,199087,0.00025556,7x239 (m=1)
1674,780434424,218970,0.00028057,"1x811 + 1x863* (m=1, q=431, t=431)"
1675,781834725,128188,0.00016396,"2x439 + 1x797* (m=1, q=199, t=199)"
1676,783236700,350284,0.00044723,4x419 (m=1)
1677,784640350,228962,0.00029181,"2x479 + 1x719* (m=1, q=359, t=359)"
1678,786045676,703082,0.00089445,2x839 (m=1)
1679,787452679,93875,0.00011921,"29x32 + 1x751* (m=5, q=5, t=125)"
1680,788861360,258121,0.00032721,"1x961 + 1x719* (m=1, q=359, t=359)"
1682,791683760,470960,0.00059488,2x841 (m=1)
1683,793097481,158603,0.00019998,"2x443 + 1x797* (m=1, q=199, t=199)"
1684,794512884,336610,0.00042367,"1x821 + 1x863* (m=1, q=431, t=431)"
1685,795929970,188720,0.00023711,5x337 (m=1)
1686,797348740,258121,0.00032372,"1x967 + 1x719* (m=1, q=359, t=359)"
1687,798769195,157360,0.00019700,"4x281 + 1x563* (m=1, q=281, t=281)"
1688,800191336,134322,0.00016786,"3x367 + 1x587* (m=1, q=293, t=293)"
1689,801615164,474609,0.00059207,3x563 (m=1)
1690,803040680,341551,0.00042532,"1x827 + 1x863* (m=1, q=431, t=431)"
1691,804467885,98432,0.00012236,"2x461 + 1x769* (m=1, q=2, t=256)"
1692,805896780,242252,0.00030060,"1x853 + 1x839* (m=1, q=419, t=419)"
1694,808759644,136957,0.00016934,"1x787 + 1x907* (m=1, q=151, t=151)"
1695,810193615,158603,0.00019576,"2x449 + 1x797* (m=1, q=199, t=199)"
1696,811629280,351541,0.00043313,"1x857 + 1x839* (m=1, q=419, t=419)"
1698,814505696,245674,0.00030162,"1x859 + 1x839* (m=1, q=419, t=419)"
1700,817388900,145420,0.00017791,"1x661 + 1x1039* (m=1, q=173, t=173)"
1701,818833050,240590,0.00029382,"2x491 + 1x719* (m=1, q=359, t=359)"
1702,820278900,351541,0.00042856,"1x839 + 1x863* (m=1, q=431, t=431)"
1703,821726451,110695,0.00013471,13x131 (m=1)
1704,823175704,235480,0.00028606,"1x841 + 1x863* (m=1, q=431, t=431)"
1705,824626660,177757,0.00021556,"1x512 + 1x1193* (m=1, q=149, t=149)"
1706,826079320,484504,0.00058651,2x853 (m=1)
1707,827533685,484788,0.00058582,3x569 (m=1)
1708,828989756,336610,0.00040605,"1x821 + 1x887* (m=1, q=443, t=443)"
1710,831907020,258121,0.00031028,"1x991 + 1x719* (m=1, q=359, t=359)"
1711,833368215,157360,0.00018882,"4x281 + 1x587* (m=1, q=293, t=293)"
1712,834831120,158203,0.00018950,"3x383 + 1x563* (m=1, q=281, t=281)"
1713,836295736,325470,0.00038918,3x571 (m=1)
1714,837762064,733592,0.00087566,2x857 (m=1)
1715,839230105,195510,0.00023296,5x343 (m=1)
1716,840699860,258121,0.00030703,"1x997 + 1x719* (m=1, q=359, t=359)"
1717,842171330,165668,0.00019672,"2x499 + 1x719* (m=1, q=359, t=359)"
1718,843644516,491348,0.00058241,2x859 (m=1)
1719,845119419,163305,0.00019323,9x191 (m=1)
1720,846596040,366796,0.00043326,"1x857 + 1x863* (m=1, q=431, t=431)"
1722,849554440,259602,0.00030557,"1x883 + 1x839* (m=1, q=419, t=419)"
1724,852519724,370660,0.00043478,4x431 (m=1)
1725,854004950,252506,0.00029567,"2x503 + 1x719* (m=1, q=359, t=359)"
1726,855491900,743906,0.00086957,2x863 (m=1)
1727,856980575,98432,0.00011486,"2x479 + 1x769* (m=1, q=2, t=256)"
1728,858470976,267840,0.00031200,54x32 (m=5)
1729,859963104,171991,0.00020000,"2x571 + 1x587* (m=1, q=293, t=293)"
1730,861456960,158930,0.00018449,"1x691 + 1x1039* (m=1, q=173, t=173)"
1731,862952545,332352,0.00038513,3x577 (m=1)
1732,864449860,258121,0.00029860,"1x1013 + 1x719* (m=1, q=359, t=359)"
1734,867449684,196747,0.00022681,"1x647 + 1x1087* (m=1, q=181, t=181)"
1735,868952195,300155,0.00034542,5x347 (m=1)
1736,870456440,171991,0.00019759,"3x383 + 1x587* (m=1, q=293, t=293)"
1737,871962420,258121,0.00029602,"2x509 + 1x719* (m=1, q=359, t=359)"
1738,873470136,258121,0.00029551,"1x719 + 1x1019* (m=1, q=509, t=509)"
1739,874979589,146304,0.00016721,"9x128 + 1x587* (m=1, q=293, t=293)"
1740,876490780,258121,0.00029449,"1x1021 + 1x719* (m=1, q=359, t=359)"
1742,879518380,128334,0.00014591,"3x293 + 1x863* (m=1, q=431, t=431)"
1743,881034791,258121,0.00029297,"2x512 + 1x719* (m=1, q=359, t=359)"
1744,882552944,371953,0.00042145,"1x881 + 1x863* (m=1, q=431, t=431)"
1745,884072840,202420,0.00022896,5x349 (m=1)
1746,885594480,273914,0.00030930,"1x907 + 1x839* (m=1, q=419, t=419)"
1748,888642996,167324,0.00018829,"1x709 + 1x1039* (m=1, q=173, t=173)"
1749,890169874,195806,0.00021996,"2x443 + 1x863* (m=1, q=431, t=431)"
1750,891698500,371953,0.00041713,"1x863 + 1x887* (m=1, q=443, t=443)"
1751,893228875,98432,0.00011020,"2x491 + 1x769* (m=1, q=2, t=256)"
1752,894761000,258121,0.00028848,"1x1033 + 1x719* (m=1, q=359, t=359)"
1754,897830504,512168,0.00057045,2x877 (m=1)
1755,899367885,158603,0.00017635,"2x479 + 1x797* (m=1, q=199, t=199)"
1756,900907020,298378,0.00033120,"1x773 + 1x983* (m=1, q=491, t=491)"
1757,902447910,341376,0.00037828,"3x128 + 1x1373* (m=7, q=7, t=343)"
1758,903990556,281214,0.00031108,"1x919 + 1x839* (m=1, q=419, t=419)"
1760,907081120,272800,0.00030074,55x32 (m=5)
1761,908629040,515973,0.00056786,3x587 (m=1)
1762,910178720,775280,0.00085179,2x881 (m=1)
1763,911730161,95141,0.00010435,"2x347 + 1x1069* (m=1, q=89, t=89)"
1764,913283364,256084,0.00028040,"1x877 + 1x887* (m=1, q=443, t=443)"
1765,914838330,310640,0.00033956,5x353 (m=1)
1766,916395060,519204,0.00056657,2x883 (m=1)
1767,917953555,128522,0.00014001,"2x359 + 1x1049* (m=1, q=131, t=131)"
1768,919513816,387640,0.00042157,"1x881 + 1x887* (m=1, q=443, t=443)"
1769,921075844,136957,0.00014869,"2x431 + 1x907* (m=1, q=151, t=151)"
1770,922639640,273914,0.00029688,"1x907 + 1x863* (m=1, q=431, t=431)"
1771,924205205,157788,0.00017073,"2x487 + 1x797* (m=1, q=199, t=199)"
1772,925772540,391612,0.00042301,4x443 (m=1)
1773,927341646,217622,0.00023467,"2x467 + 1x839* (m=1, q=419, t=419)"
1774,928912524,785882,0.00084602,2x887 (m=1)
1775,930485175,98432,0.00010579,"2x503 + 1x769* (m=1, q=2, t=256)"
1776,932059600,292344,0.00031365,"1x937 + 1x839* (m=1, q=419, t=419)"
1778,935213776,186384,0.00019930,"3x353 + 1x719* (m=1, q=359, t=359)"
1779,936793529,526584,0.00056211,3x593 (m=1)
1780,938375060,351541,0.00037463,"1x941 + 1x839* (m=1, q=419, t=419)"
1781,939958370,121108,0.00012884,13x137 (m=1)
1782,941543460,281214,0.00029867,"1x919 + 1x863* (m=1, q=431, t=431)"
1784,944718984,136957,0.00014497,"1x877 + 1x907* (m=1, q=151, t=151)"
1785,946309420,212060,0.00022409,"2x461 + 1x863* (m=1, q=431, t=431)"
1786,947901640,351541,0.00037086,"1x947 + 1x839* (m=1, q=419, t=419)"
1788,951091436,258121,0.00027139,"1x1069 + 1x719* (m=1, q=359, t=359)"
1790,954288380,179747,0.00018836,"1x751 + 1x1039* (m=1, q=173, t=173)"
1791,955889535,149189,0.00015607,"2x509 + 1x773* (m=1, q=193, t=193)"
1792,957492480,1593088,0.00166381,14x128 (m=7)
1793,959097216,136957,0.00014280,"2x443 + 1x907* (m=1, q=151, t=151)"
1794,960703744,273914,0.00028512,"1x907 + 1x887* (m=1, q=443, t=443)"
1795,962312065,321305,0.00033389,5x359 (m=1)
1796,963922180,402304,0.00041736,4x449 (m=1)
1797,965534090,537303,0.00055648,3x599 (m=1)
1798,967147796,392941,0.00040629,"1x911 + 1x887* (m=1, q=443, t=443)"
1799,968763299,230272,0.00023770,7x257 (m=1)
1800,970380600,307520,0.00031691,"1x961 + 1x839* (m=1, q=419, t=419)"
1802,973620600,129960,0.00013348,"3x361 + 1x719* (m=1, q=359, t=359)"
1803,975243301,360600,0.00036975,3x601 (m=1)
1804,976867804,371953,0.00038076,"1x941 + 1x863* (m=1, q=431, t=431)"
1805,978494110,216600,0.00022136,5x361 (m=1)
1806,980122220,311374,0.00031769,"1x967 + 1x839* (m=1, q=419, t=419)"
1807,981752135,158203,0.00016114,"4x311 + 1x563* (m=1, q=281, t=281)"
1808,983383856,179747,0.00018278,"1x769 + 1x1039* (m=1, q=173, t=173)"
1809,985017384,212060,0.00021529,"2x461 + 1x887* (m=1, q=443, t=443)"
1810,986652720,371953,0.00037698,"1x947 + 1x863* (m=1, q=431, t=431)"
1812,989928820,258121,0.00026075,"1x1093 + 1x719* (m=1, q=359, t=359)"
1813,991569586,199108,0.00020080,"2x547 + 1x719* (m=1, q=359, t=359)"
1814,993212164,547828,0.00055157,2x907 (m=1)
1815,994856555,158603,0.00015942,"2x509 + 1x797* (m=1, q=199, t=199)"
1816,996502760,392941,0.00039432,"1x929 + 1x887* (m=1, q=443, t=443)"
1817,998150780,150932,0.00015121,"2x389 + 1x1039* (m=1, q=173, t=173)"
1818,999800616,171991,0.00017203,"1x1231 + 1x587* (m=1, q=293, t=293)"
1819,1001452269,261632,0.00026125,"1x512 + 1x1307* (m=1, q=653, t=653)"
1820,1003105740,178852,0.00017830,"1x733 + 1x1087* (m=1, q=181, t=181)"
1821,1004761030,367842,0.00036610,3x607 (m=1)
1822,1006418140,829010,0.00082372,2x911 (m=1)
1824,1009737824,307520,0.00030455,"1x961 + 1x863* (m=1, q=431, t=431)"
1825,1011400400,171991,0.00017005,"2x619 + 1x587* (m=1, q=293, t=293)"
1826,1013064800,181794,0.00017945,"1x739 + 1x1087* (m=1, q=181, t=181)"
1827,1014731025,137419,0.00013542,"2x389 + 1x1049* (m=1, q=131, t=131)"
1828,1016399076,392941,0.00038660,"1x941 + 1x887* (m=1, q=443, t=443)"
1829,1018068954,136957,0.00013453,"2x461 + 1x907* (m=1, q=151, t=151)"
1830,1019740660,327030,0.00032070,"1x991 + 1x839* (m=1, q=419, t=419)"
1832,1023089560,149189,0.00014582,"3x353 + 1x773* (m=1, q=193, t=193)"
1833,1024766756,258121,0.00025188,"2x557 + 1x719* (m=1, q=359, t=359)"
1834,1026445784,392941,0.00038282,"1x947 + 1x887* (m=1, q=443, t=443)"
1835,1028126645,223870,0.00021775,5x367 (m=1)
1836,1029809340,331004,0.00032142,"1x997 + 1x839* (m=1, q=419, t=419)"
1837,1031493870,171991,0.00016674,"2x625 + 1x587* (m=1, q=293, t=293)"
1838,1033180236,562428,0.00054437,2x919 (m=1)
1839,1034868439,375156,0.00036252,3x613 (m=1)
1840,1036558480,392941,0.00037908,"1x953 + 1x887* (m=1, q=443, t=443)"
1841,1038250360,241171,0.00023229,7x263 (m=1)
1842,1039944080,258121,0.00024821,"1x1123 + 1x719* (m=1, q=359, t=359)"
1843,1041639641,158603,0.00015226,"2x523 + 1x797* (m=1, q=199, t=199)"
1844,1043337044,424120,0.00040650,4x461 (m=1)
1845,1045036290,258121,0.00024700,"2x563 + 1x719* (m=1, q=359, t=359)"
1846,1046737380,371953,0.00035535,"1x863 + 1x983* (m=1, q=491, t=491)"
1848,1050145096,339024,0.00032284,"1x1009 + 1x839* (m=1, q=419, t=419)"
1850,1053560200,179747,0.00017061,"1x811 + 1x1039* (m=1, q=173, t=173)"
1851,1055270525,570108,0.00054025,3x617 (m=1)
1852,1056982700,351541,0.00033259,"1x1013 + 1x839* (m=1, q=419, t=419)"
1853,1058696726,146306,0.00013819,"2x383 + 1x1087* (m=1, q=181, t=181)"
1854,1060412604,327030,0.00030840,"1x991 + 1x863* (m=1, q=431, t=431)"
1855,1062130335,171991,0.00016193,"4x317 + 1x587* (m=1, q=293, t=293)"
1856,1063849920,287680,0.00027041,58x32 (m=5)
1857,1065571360,382542,0.00035900,3x619 (m=1)
1858,1067294656,862112,0.00080775,2x929 (m=1)
1859,1069019809,114413,0.00010703,"6x197 + 1x677* (m=1, q=13, t=169)"
1860,1070746820,347140,0.00032420,"1x1021 + 1x839* (m=1, q=419, t=419)"
1862,1074206420,179747,0.00016733,"1x823 + 1x1039* (m=1, q=173, t=173)"
1863,1075939011,351541,0.00032673,"2x512 + 1x839* (m=1, q=419, t=419)"
1864,1077673464,392941,0.00036462,"1x977 + 1x887* (m=1, q=443, t=443)"
1865,1079409780,231260,0.00021425,5x373 (m=1)
1866,1081147960,289230,0.00026752,6x311 (m=1)
1868,1084629916,435244,0.00040128,4x467 (m=1)
1869,1086373694,252506,0.00023243,"2x503 + 1x863* (m=1, q=431, t=431)"
1870,1088119340,392941,0.00036112,"1x887 + 1x983* (m=1, q=491, t=491)"
1872,1091616240,351541,0.00032204,"1x1033 + 1x839* (m=1, q=419, t=419)"
1874,1095120624,584688,0.00053390,2x937 (m=1)
1875,1096875625,390000,0.00035556,3x625 (m=1)
1876,1098632500,371953,0.00033856,"1x1013 + 1x863* (m=1, q=431, t=431)"
1878,1102151876,351541,0.00031896,"1x1039 + 1x839* (m=1, q=419, t=419)"
1880,1105678760,180093,0.00016288,"3x347 + 1x839* (m=1, q=419, t=419)"
1881,1107445020,270920,0.00024464,"2x521 + 1x839* (m=1, q=419, t=419)"
1882,1109213160,884540,0.00079745,2x941 (m=1)
1883,1110983181,252322,0.00022712,7x269 (m=1)
1884,1112755084,347140,0.00031196,"1x1021 + 1x863* (m=1, q=431, t=431)"
1885,1114528870,455168,0.00040839,"4x128 + 1x1373* (m=7, q=7, t=343)"
1886,1116304540,226398,0.00020281,"3x389 + 1x719* (m=1, q=359, t=359)"
1887,1118082095,371953,0.00033267,"2x512 + 1x863* (m=1, q=431, t=431)"
1888,1119861536,351541,0.00031391,"1x1049 + 1x839* (m=1, q=419, t=419)"
1890,1123426080,351541,0.00031292,"1x1051 + 1x839* (m=1, q=419, t=419)"
1891,1125211185,171112,0.00015207,"4x293 + 1x719* (m=1, q=359, t=359)"
1892,1126998180,179747,0.00015949,"1x853 + 1x1039* (m=1, q=173, t=173)"
1893,1128787066,397530,0.00035217,3x631 (m=1)
1894,1130577844,895862,0.00079239,2x947 (m=1)
1895,1132370515,238770,0.00021086,5x379 (m=1)
1896,1134165080,355352,0.00031332,"1x1033 + 1x863* (m=1, q=431, t=431)"
1897,1135961540,186208,0.00016392,"2x529 + 1x839* (m=1, q=419, t=419)"
1898,1137759896,196747,0.00017292,"1x811 + 1x1087* (m=1, q=181, t=181)"
1899,1139560149,150289,0.00013188,"2x401 + 1x1097* (m=1, q=137, t=137)"
1900,1141362300,392941,0.00034427,"1x1013 + 1x887* (m=1, q=443, t=443)"
1902,1144972300,359494,0.00031398,"1x1039 + 1x863* (m=1, q=431, t=431)"
1903,1146780151,163658,0.00014271,11x173 (m=1)
1904,1148589904,180093,0.00015679,"3x347 + 1x863* (m=1, q=431, t=431)"
1905,1150401560,270920,0.00023550,"2x521 + 1x863* (m=1, q=431, t=431)"
1906,1152215120,907256,0.00078740,2x953 (m=1)
1908,1155847956,351541,0.00030414,"1x1069 + 1x839* (m=1, q=419, t=419)"
1909,1157667234,182004,0.00015722,"2x523 + 1x863* (m=1, q=431, t=431)"
1910,1159488420,196747,0.00016968,"1x823 + 1x1087* (m=1, q=181, t=181)"
1911,1161311515,392941,0.00033836,"2x512 + 1x887* (m=1, q=443, t=443)"
1912,1163136520,431056,0.00037060,"1x929 + 1x983* (m=1, q=491, t=491)"
1914,1166792264,367850,0.00031527,"1x1051 + 1x863* (m=1, q=431, t=431)"
1915,1168623005,365765,0.00031299,5x383 (m=1)
1916,1170455660,457924,0.00039124,4x479 (m=1)
1917,1172290230,258121,0.00022019,"2x599 + 1x719* (m=1, q=359, t=359)"
1918,1174126716,392941,0.00033467,"1x1031 + 1x887* (m=1, q=443, t=443)"
1919,1175965119,122513,0.00010418,"2x353 + 1x1213* (m=1, q=101, t=101)"
1920,1177805440,1706880,0.00144920,15x128 (m=7)
1921,1179647680,240400,0.00020379,"2x601 + 1x719* (m=1, q=359, t=359)"
1922,1181491840,615040,0.00052056,2x961 (m=1)
1923,1183337921,615360,0.00052002,3x641 (m=1)
1924,1185185924,442270,0.00037317,"1x941 + 1x983* (m=1, q=491, t=491)"
1925,1187035850,179747,0.00015143,"2x443 + 1x1039* (m=1, q=173, t=173)"
1926,1188887700,371953,0.00031286,"1x1063 + 1x863* (m=1, q=431, t=431)"
1927,1190741475,149189,0.00012529,"2x577 + 1x773* (m=1, q=193, t=193)"
1928,1192597176,196747,0.00016497,"1x841 + 1x1087* (m=1, q=181, t=181)"
1929,1194454804,412806,0.00034560,3x643 (m=1)
1930,1196314360,447931,0.00037443,"1x947 + 1x983* (m=1, q=491, t=491)"
1932,1200039260,371953,0.00030995,"1x1069 + 1x863* (m=1, q=431, t=431)"
1934,1203771884,622748,0.00051733,2x967 (m=1)
1935,1205641095,158603,0.00013155,"2x569 + 1x797* (m=1, q=199, t=199)"
1936,1207512240,453628,0.00037567,"1x953 + 1x983* (m=1, q=491, t=491)"
1937,1209385320,179747,0.00014863,"2x449 + 1x1039* (m=1, q=173, t=173)"
1938,1211260336,367850,0.00030369,"1x1051 + 1x887* (m=1, q=443, t=443)"
1939,1213137289,178388,0.00014705,7x277 (m=1)
1940,1215016180,196747,0.00016193,"1x853 + 1x1087* (m=1, q=181, t=181)"
1941,1216897010,626943,0.00051520,3x647 (m=1)
1942,1218779780,941870,0.00077280,2x971 (m=1)
1943,1220664491,124256,0.00010179,"2x353 + 1x1237* (m=1, q=103, t=103)"
1944,1222551144,307520,0.00025154,"1x961 + 1x983* (m=1, q=491, t=491)"
1945,1224439740,377330,0.00030817,5x389 (m=1)
1946,1226330280,196747,0.00016044,"1x859 + 1x1087* (m=1, q=181, t=181)"
1947,1228222765,175142,0.00014260,"2x419 + 1x1109* (m=1, q=277, t=277)"
1948,1230117196,431056,0.00035042,"1x929 + 1x1019* (m=1, q=509, t=509)"
1950,1233911900,376302,0.00030497,"1x1063 + 1x887* (m=1, q=443, t=443)"
1952,1237714400,302560,0.00024445,61x32 (m=5)
1953,1239618576,309692,0.00024983,"2x557 + 1x839* (m=1, q=419, t=419)"
1954,1241524704,953552,0.00076805,2x977 (m=1)
1955,1243432785,127411,0.00010247,"2x359 + 1x1237* (m=1, q=103, t=103)"
1956,1245342820,380564,0.00030559,"1x1069 + 1x887* (m=1, q=443, t=443)"
1957,1247254810,255028,0.00020447,"2x619 + 1x719* (m=1, q=359, t=359)"
1958,1249168756,179747,0.00014389,"1x919 + 1x1039* (m=1, q=173, t=173)"
1959,1251084659,638634,0.00051046,3x653 (m=1)
1960,1253002520,476776,0.00038051,"1x977 + 1x983* (m=1, q=491, t=491)"
1961,1254922340,179747,0.00014323,"2x461 + 1x1039* (m=1, q=173, t=173)"
1962,1256844120,351541,0.00027970,"1x1123 + 1x839* (m=1, q=419, t=419)"
1963,1258767861,192820,0.00015318,"4x311 + 1x719* (m=1, q=359, t=359)"
1964,1260693564,481180,0.00038168,4x491 (m=1)
1965,1262621230,316406,0.00025059,"2x563 + 1x839* (m=1, q=419, t=419)"
1966,1264550860,965306,0.00076336,2x983 (m=1)
1967,1266482455,275380,0.00021744,7x281 (m=1)
1968,1268416016,351541,0.00027715,"1x1129 + 1x839* (m=1, q=419, t=419)"
1969,1270351544,258121,0.00020319,"2x625 + 1x719* (m=1, q=359, t=359)"
1970,1272289040,196747,0.00015464,"1x883 + 1x1087* (m=1, q=181, t=181)"
1971,1274228505,261632,0.00020533,"1x512 + 1x1459* (m=1, q=3, t=729)"
1972,1276169940,453628,0.00035546,"1x953 + 1x1019* (m=1, q=509, t=509)"
1974,1280058724,392941,0.00030697,"1x1087 + 1x887* (m=1, q=443, t=443)"
1975,1282006075,171991,0.00013416,"4x347 + 1x587* (m=1, q=293, t=293)"
1976,1283955400,258121,0.00020104,"3x419 + 1x719* (m=1, q=359, t=359)"
1977,1285906700,650433,0.00050582,3x659 (m=1)
1978,1287859976,392941,0.00030511,"1x1091 + 1x887* (m=1, q=443, t=443)"
1980,1291772460,392941,0.00030419,"1x1093 + 1x887* (m=1, q=443, t=443)"
1981,1293731670,258121,0.00019952,"2x631 + 1x719* (m=1, q=359, t=359)"
1982,1295692860,654060,0.00050480,2x991 (m=1)
1983,1297656031,436260,0.00033619,3x661 (m=1)
1984,1299621184,392941,0.00030235,"1x1097 + 1x887* (m=1, q=443, t=443)"
1985,1301588320,262020,0.00020131,5x397 (m=1)
1986,1303557440,371953,0.00028534,"1x1123 + 1x863* (m=1, q=431, t=431)"
1988,1307501636,219459,0.00016785,"3x383 + 1x839* (m=1, q=419, t=419)"
1989,1309476714,316406,0.00024163,"2x563 + 1x863* (m=1, q=431, t=431)"
1990,1311453780,470935,0.00035909,"1x971 + 1x1019* (m=1, q=509, t=509)"
1991,1313432835,146304,0.00011139,"9x128 + 1x839* (m=1, q=419, t=419)"
1992,1315413880,371953,0.00028276,"1x1129 + 1x863* (m=1, q=431, t=431)"
1994,1319381944,662008,0.00050176,2x997 (m=1)
1995,1321368965,195806,0.00014818,"2x443 + 1x1109* (m=1, q=277, t=277)"
1996,1323357980,482653,0.00036472,"1x1013 + 1x983* (m=1, q=491, t=491)"
1998,1327341996,258121,0.00019446,"1x1279 + 1x719* (m=1, q=359, t=359)"
2000,1331334000,179747,0.00013501,"1x961 + 1x1039* (m=1, q=173, t=173)"
