n,s,s_over_n,shape,config
6,3,0.500000,S2,2x3
7,7,1.000000,S1,"AGL(1,7)"
8,8,1.000000,S1,"AGL(1,8)"
9,9,1.000000,S1,"AGL(1,9)"
10,5,0.500000,S2,2x5
11,11,1.000000,S1,"AGL(1,11)"
12,5,0.416667,S3,1x5 + 7* (q=3)
13,13,1.000000,S1,"AGL(1,13)"
14,7,0.500000,S2,2x7
15,5,0.333333,S2,3x5
16,16,1.000000,S1,"AGL(1,16)"
17,17,1.000000,S1,"AGL(1,17)"
18,9,0.500000,S2,2x9
19,19,1.000000,S1,"AGL(1,19)"
20,9,0.450000,S3,1x9 + 11* (q=5)
21,7,0.333333,S2,3x7
22,11,0.500000,S2,2x11
23,23,1.000000,S1,"AGL(1,23)"
24,11,0.458333,S3,1x13 + 11* (q=5)
25,25,1.000000,S1,"AGL(1,25)"
26,13,0.500000,S2,2x13
27,27,1.000000,S1,"AGL(1,27)"
28,11,0.392857,S3,1x11 + 17* (q=2)
29,29,1.000000,S1,"AGL(1,29)"
30,13,0.433333,S3,1x13 + 17* (q=2)
31,31,1.000000,S1,"AGL(1,31)"
32,32,1.000000,S1,"AGL(1,32)"
33,16,0.484848,S3,1x16 + 17* (q=2)
34,17,0.500000,S2,2x17
35,16,0.457143,S3,1x16 + 19* (q=3)
36,17,0.472222,S3,1x17 + 19* (q=3)
37,37,1.000000,S1,"AGL(1,37)"
38,19,0.500000,S2,2x19
39,16,0.410256,S3,1x16 + 23* (q=11)
40,17,0.425000,S3,1x17 + 23* (q=11)
41,41,1.000000,S1,"AGL(1,41)"
42,19,0.452381,S3,1x19 + 23* (q=11)
43,43,1.000000,S1,"AGL(1,43)"
44,19,0.431818,S3,1x25 + 19* (q=3)
45,13,0.288889,S7f2,2x13 + 19* (q=3)
46,23,0.500000,S2,2x23
47,47,1.000000,S1,"AGL(1,47)"
48,23,0.479167,S3,1x25 + 23* (q=11)
49,49,1.000000,S1,"AGL(1,49)"
50,25,0.500000,S2,2x25
51,19,0.372549,S3,1x32 + 19* (q=3)
52,23,0.442308,S3,1x29 + 23* (q=11)
53,53,1.000000,S1,"AGL(1,53)"
54,27,0.500000,S2,2x27
55,23,0.418182,S3,1x32 + 23* (q=11)
56,19,0.339286,S3,1x37 + 19* (q=3)
57,19,0.333333,S2,3x19
58,29,0.500000,S2,2x29
59,59,1.000000,S1,"AGL(1,59)"
60,23,0.383333,S3,1x37 + 23* (q=11)
61,61,1.000000,S1,"AGL(1,61)"
62,31,0.500000,S2,2x31
63,17,0.269841,S7f2,2x23 + 17* (q=2)
64,64,1.000000,S1,"AGL(1,64)"
65,19,0.292308,S7f2,2x23 + 19* (q=3)
66,23,0.348485,S3,1x43 + 23* (q=11)
67,67,1.000000,S1,"AGL(1,67)"
68,19,0.279412,S3,1x49 + 19* (q=3)
69,23,0.333333,S2,3x23
70,23,0.328571,S3,1x23 + 47* (q=23)
71,71,1.000000,S1,"AGL(1,71)"
72,25,0.347222,S3,1x25 + 47* (q=23)
73,73,1.000000,S1,"AGL(1,73)"
74,37,0.500000,S2,2x37
75,25,0.333333,S2,3x25
76,29,0.381579,S3,1x29 + 47* (q=23)
77,23,0.298701,S7f2,2x27 + 23* (q=11)
78,31,0.397436,S3,1x31 + 47* (q=23)
79,79,1.000000,S1,"AGL(1,79)"
80,19,0.237500,S7f3,3x19 + 23* (q=11)
81,81,1.000000,S1,"AGL(1,81)"
82,41,0.500000,S2,2x41
83,83,1.000000,S1,"AGL(1,83)"
84,37,0.440476,S3,1x37 + 47* (q=23)
85,23,0.270588,S7f2,2x31 + 23* (q=11)
86,43,0.500000,S2,2x43
87,29,0.333333,S2,3x29
88,41,0.465909,S3,1x41 + 47* (q=23)
89,89,1.000000,S1,"AGL(1,89)"
90,43,0.477778,S3,1x43 + 47* (q=23)
91,32,0.351648,S3,1x32 + 59* (q=29)
92,23,0.250000,S2,4x23
93,31,0.333333,S2,3x31
94,47,0.500000,S2,2x47
95,19,0.200000,S2,5x19
96,47,0.489583,S3,1x49 + 47* (q=23)
97,97,1.000000,S1,"AGL(1,97)"
98,49,0.500000,S2,2x49
99,19,0.191919,S7f4,4x19 + 23* (q=11)
100,47,0.470000,S3,1x53 + 47* (q=23)
101,101,1.000000,S1,"AGL(1,101)"
102,43,0.421569,S3,1x43 + 59* (q=29)
103,103,1.000000,S1,"AGL(1,103)"
104,23,0.221154,S7f3,3x27 + 23* (q=11)
105,29,0.276190,S7f2,2x29 + 47* (q=23)
106,53,0.500000,S2,2x53
107,107,1.000000,S1,"AGL(1,107)"
108,49,0.453704,S3,1x49 + 59* (q=29)
109,109,1.000000,S1,"AGL(1,109)"
110,27,0.245455,S3,1x27 + 83* (q=41)
111,47,0.423423,S3,1x64 + 47* (q=23)
112,53,0.473214,S3,1x53 + 59* (q=29)
113,113,1.000000,S1,"AGL(1,113)"
114,47,0.412281,S3,1x67 + 47* (q=23)
115,32,0.278261,S3,1x32 + 83* (q=41)
116,29,0.250000,S2,4x29
117,29,0.247863,S7f2,2x29 + 59* (q=29)
118,59,0.500000,S2,2x59
119,23,0.193277,S7f3,3x32 + 23* (q=11)
120,59,0.491667,S3,1x61 + 59* (q=29)
121,121,1.000000,S1,"AGL(1,121)"
122,61,0.500000,S2,2x61
123,59,0.479675,S3,1x64 + 59* (q=29)
124,41,0.330645,S3,1x41 + 83* (q=41)
125,125,1.000000,S1,"AGL(1,125)"
126,59,0.468254,S3,1x67 + 59* (q=29)
127,127,1.000000,S1,"AGL(1,127)"
128,128,1.000000,S1,"AGL(1,128)"
129,43,0.333333,S2,3x43
130,59,0.453846,S3,1x71 + 59* (q=29)
131,131,1.000000,S1,"AGL(1,131)"
132,59,0.446970,S3,1x73 + 59* (q=29)
133,43,0.323308,S7f2,2x43 + 47* (q=23)
134,67,0.500000,S2,2x67
135,27,0.200000,S2,5x27
136,53,0.389706,S3,1x53 + 83* (q=41)
137,137,1.000000,S1,"AGL(1,137)"
138,59,0.427536,S3,1x79 + 59* (q=29)
139,139,1.000000,S1,"AGL(1,139)"
140,59,0.421429,S3,1x81 + 59* (q=29)
141,47,0.333333,S2,3x47
142,71,0.500000,S2,2x71
143,32,0.223776,S7f3,3x32 + 47* (q=23)
144,61,0.423611,S3,1x61 + 83* (q=41)
145,47,0.324138,S7f2,2x49 + 47* (q=23)
146,73,0.500000,S2,2x73
147,64,0.435374,S3,1x64 + 83* (q=41)
148,59,0.398649,S3,1x89 + 59* (q=29)
149,149,1.000000,S1,"AGL(1,149)"
150,67,0.446667,S3,1x67 + 83* (q=41)
151,151,1.000000,S1,"AGL(1,151)"
152,31,0.203947,S7f3,3x31 + 59* (q=29)
153,47,0.307190,S7f2,2x47 + 59* (q=29)
154,71,0.461039,S3,1x71 + 83* (q=41)
155,32,0.206452,S7f3,3x32 + 59* (q=29)
156,73,0.467949,S3,1x73 + 83* (q=41)
157,157,1.000000,S1,"AGL(1,157)"
158,79,0.500000,S2,2x79
159,53,0.333333,S2,3x53
160,59,0.368750,S3,1x101 + 59* (q=29)
161,27,0.167702,S7f2,2x27 + 107* (q=53)
162,81,0.500000,S2,2x81
163,163,1.000000,S1,"AGL(1,163)"
164,81,0.493902,S3,1x81 + 83* (q=41)
165,53,0.321212,S7f2,2x53 + 59* (q=29)
166,83,0.500000,S2,2x83
167,167,1.000000,S1,"AGL(1,167)"
168,61,0.363095,S3,1x61 + 107* (q=53)
169,169,1.000000,S1,"AGL(1,169)"
170,41,0.241176,S7f3,3x41 + 47* (q=23)
171,64,0.374269,S3,1x64 + 107* (q=53)
172,83,0.482558,S3,1x89 + 83* (q=41)
173,173,1.000000,S1,"AGL(1,173)"
174,67,0.385057,S3,1x67 + 107* (q=53)
175,47,0.268571,S7f2,2x64 + 47* (q=23)
176,43,0.244318,S7f3,3x43 + 47* (q=23)
177,59,0.333333,S2,3x59
178,89,0.500000,S2,2x89
179,179,1.000000,S1,"AGL(1,179)"
180,83,0.461111,S3,1x97 + 83* (q=41)
181,181,1.000000,S1,"AGL(1,181)"
182,41,0.225275,S7f3,3x41 + 59* (q=29)
183,61,0.333333,S2,3x61
184,83,0.451087,S3,1x101 + 83* (q=41)
185,37,0.200000,S2,5x37
186,83,0.446237,S3,1x103 + 83* (q=41)
187,59,0.315508,S7f2,2x64 + 59* (q=29)
188,81,0.430851,S3,1x81 + 107* (q=53)
189,53,0.280423,S7f2,2x53 + 83* (q=41)
190,83,0.436842,S3,1x83 + 107* (q=53)
191,191,1.000000,S1,"AGL(1,191)"
192,83,0.432292,S3,1x109 + 83* (q=41)
193,193,1.000000,S1,"AGL(1,193)"
194,97,0.500000,S2,2x97
195,37,0.189744,S7f4,4x37 + 47* (q=23)
196,89,0.454082,S3,1x89 + 107* (q=53)
197,197,1.000000,S1,"AGL(1,197)"
198,59,0.297980,S3,1x139 + 59* (q=29)
199,199,1.000000,S1,"AGL(1,199)"
200,47,0.235000,S7f3,3x47 + 59* (q=29)
201,67,0.333333,S2,3x67
202,101,0.500000,S2,2x101
203,32,0.157635,S7f3,3x32 + 107* (q=53)
204,97,0.475490,S3,1x97 + 107* (q=53)
205,61,0.297561,S7f2,2x61 + 83* (q=41)
206,103,0.500000,S2,2x103
207,37,0.178744,S7f4,4x37 + 59* (q=29)
208,101,0.485577,S3,1x101 + 107* (q=53)
209,47,0.224880,S7f2,2x81 + 47* (q=23)
210,103,0.490476,S3,1x103 + 107* (q=53)
211,211,1.000000,S1,"AGL(1,211)"
212,53,0.250000,S2,4x53
213,71,0.333333,S2,3x71
214,107,0.500000,S2,2x107
215,43,0.200000,S2,5x43
216,107,0.495370,S3,1x109 + 107* (q=53)
217,67,0.308756,S7f2,2x67 + 83* (q=41)
218,109,0.500000,S2,2x109
219,73,0.333333,S2,3x73
220,107,0.486364,S3,1x113 + 107* (q=53)
221,59,0.266968,S7f2,2x81 + 59* (q=29)
222,83,0.373874,S3,1x139 + 83* (q=41)
223,223,1.000000,S1,"AGL(1,223)"
224,61,0.272321,S3,1x61 + 163* (q=3)
225,71,0.315556,S7f2,2x71 + 83* (q=41)
226,113,0.500000,S2,2x113
227,227,1.000000,S1,"AGL(1,227)"
228,107,0.469298,S3,1x121 + 107* (q=53)
229,229,1.000000,S1,"AGL(1,229)"
230,67,0.291304,S3,1x67 + 163* (q=3)
231,64,0.277056,S3,1x64 + 167* (q=83)
232,107,0.461207,S3,1x125 + 107* (q=53)
233,233,1.000000,S1,"AGL(1,233)"
234,107,0.457265,S3,1x127 + 107* (q=53)
235,107,0.455319,S3,1x128 + 107* (q=53)
236,73,0.309322,S3,1x73 + 163* (q=3)
237,79,0.333333,S2,3x79
238,107,0.449580,S3,1x131 + 107* (q=53)
239,239,1.000000,S1,"AGL(1,239)"
240,83,0.345833,S3,1x157 + 83* (q=41)
241,241,1.000000,S1,"AGL(1,241)"
242,121,0.500000,S2,2x121
243,243,1.000000,S1,"AGL(1,243)"
244,107,0.438525,S3,1x137 + 107* (q=53)
245,81,0.330612,S7f2,2x81 + 83* (q=41)
246,107,0.434959,S3,1x139 + 107* (q=53)
247,47,0.190283,S7f4,4x47 + 59* (q=29)
248,81,0.326613,S3,1x81 + 167* (q=83)
249,83,0.333333,S2,3x83
250,125,0.500000,S2,2x125
251,251,1.000000,S1,"AGL(1,251)"
252,89,0.353175,S3,1x89 + 163* (q=3)
253,73,0.288538,S7f2,2x73 + 107* (q=53)
254,127,0.500000,S2,2x127
255,49,0.192157,S7f4,4x49 + 59* (q=29)
256,256,1.000000,S1,"AGL(1,256)"
257,257,1.000000,S1,"AGL(1,257)"
258,107,0.414729,S3,1x151 + 107* (q=53)
259,47,0.181467,S7f4,4x53 + 47* (q=23)
260,97,0.373077,S3,1x97 + 163* (q=3)
261,83,0.318008,S7f2,2x89 + 83* (q=41)
262,131,0.500000,S2,2x131
263,263,1.000000,S1,"AGL(1,263)"
264,107,0.405303,S3,1x157 + 107* (q=53)
265,79,0.298113,S7f2,2x79 + 107* (q=53)
266,103,0.387218,S3,1x103 + 163* (q=3)
267,89,0.333333,S2,3x89
268,101,0.376866,S3,1x101 + 167* (q=83)
269,269,1.000000,S1,"AGL(1,269)"
270,107,0.396296,S3,1x107 + 163* (q=3)
271,271,1.000000,S1,"AGL(1,271)"
272,109,0.400735,S3,1x109 + 163* (q=3)
273,83,0.304029,S7f2,2x83 + 107* (q=53)
274,137,0.500000,S2,2x137
275,64,0.232727,S7f3,3x64 + 83* (q=41)
276,113,0.409420,S3,1x113 + 163* (q=3)
277,277,1.000000,S1,"AGL(1,277)"
278,139,0.500000,S2,2x139
279,49,0.175627,S7f4,4x49 + 83* (q=41)
280,113,0.403571,S3,1x113 + 167* (q=83)
281,281,1.000000,S1,"AGL(1,281)"
282,103,0.365248,S3,1x103 + 179* (q=89)
283,283,1.000000,S1,"AGL(1,283)"
284,121,0.426056,S3,1x121 + 163* (q=3)
285,89,0.312281,S7f2,2x89 + 107* (q=53)
286,107,0.374126,S3,1x107 + 179* (q=89)
287,41,0.142857,S2,7x41
288,125,0.434028,S3,1x125 + 163* (q=3)
289,289,1.000000,S1,"AGL(1,289)"
290,127,0.437931,S3,1x127 + 163* (q=3)
291,128,0.439863,S3,1x128 + 163* (q=3)
292,125,0.428082,S3,1x125 + 167* (q=83)
293,293,1.000000,S1,"AGL(1,293)"
294,131,0.445578,S3,1x131 + 163* (q=3)
295,128,0.433898,S3,1x128 + 167* (q=83)
296,71,0.239865,S7f3,3x71 + 83* (q=41)
297,83,0.279461,S7f2,2x107 + 83* (q=41)
298,149,0.500000,S2,2x149
299,64,0.214047,S7f3,3x64 + 107* (q=53)
300,137,0.456667,S3,1x137 + 163* (q=3)
301,97,0.322259,S7f2,2x97 + 107* (q=53)
302,151,0.500000,S2,2x151
303,101,0.333333,S2,3x101
304,137,0.450658,S3,1x137 + 167* (q=83)
305,71,0.232787,S7f2,2x71 + 163* (q=3)
306,139,0.454248,S3,1x139 + 167* (q=83)
307,307,1.000000,S1,"AGL(1,307)"
308,81,0.262987,S3,1x81 + 227* (q=113)
309,103,0.333333,S2,3x103
310,131,0.422581,S3,1x131 + 179* (q=89)
311,311,1.000000,S1,"AGL(1,311)"
312,149,0.477564,S3,1x149 + 163* (q=3)
313,313,1.000000,S1,"AGL(1,313)"
314,157,0.500000,S2,2x157
315,64,0.203175,S3,1x64 + 251* (q=5)
316,149,0.471519,S3,1x149 + 167* (q=83)
317,317,1.000000,S1,"AGL(1,317)"
318,151,0.474843,S3,1x151 + 167* (q=83)
319,59,0.184953,S7f4,4x59 + 83* (q=41)
320,157,0.490625,S3,1x157 + 163* (q=3)
321,107,0.333333,S2,3x107
322,83,0.257764,S3,1x239 + 83* (q=41)
323,32,0.099071,S7f3,3x32 + 227* (q=113)
324,157,0.484568,S3,1x157 + 167* (q=83)
325,107,0.329231,S7f2,2x109 + 107* (q=53)
326,163,0.500000,S2,2x163
327,109,0.333333,S2,3x109
328,149,0.454268,S3,1x149 + 179* (q=89)
329,83,0.252280,S7f2,2x83 + 163* (q=3)
330,163,0.493939,S3,1x163 + 167* (q=83)
331,331,1.000000,S1,"AGL(1,331)"
332,163,0.490964,S3,1x169 + 163* (q=3)
333,107,0.321321,S7f2,2x113 + 107* (q=53)
334,167,0.500000,S2,2x167
335,67,0.200000,S2,5x67
336,167,0.497024,S3,1x169 + 167* (q=83)
337,337,1.000000,S1,"AGL(1,337)"
338,169,0.500000,S2,2x169
339,113,0.333333,S2,3x113
340,167,0.491176,S3,1x173 + 167* (q=83)
341,89,0.260997,S7f2,2x89 + 163* (q=3)
342,163,0.476608,S3,1x163 + 179* (q=89)
343,343,1.000000,S1,"AGL(1,343)"
344,163,0.473837,S3,1x181 + 163* (q=3)
345,89,0.257971,S7f2,2x89 + 167* (q=83)
346,173,0.500000,S2,2x173
347,347,1.000000,S1,"AGL(1,347)"
348,169,0.485632,S3,1x169 + 179* (q=89)
349,349,1.000000,S1,"AGL(1,349)"
350,107,0.305714,S3,1x243 + 107* (q=53)
351,67,0.190883,S7f4,4x67 + 83* (q=41)
352,173,0.491477,S3,1x173 + 179* (q=89)
353,353,1.000000,S1,"AGL(1,353)"
354,163,0.460452,S3,1x191 + 163* (q=3)
355,128,0.360563,S3,1x128 + 227* (q=113)
356,163,0.457865,S3,1x193 + 163* (q=3)
357,107,0.299720,S7f2,2x125 + 107* (q=53)
358,179,0.500000,S2,2x179
359,359,1.000000,S1,"AGL(1,359)"
360,179,0.497222,S3,1x181 + 179* (q=89)
361,361,1.000000,S1,"AGL(1,361)"
362,181,0.500000,S2,2x181
363,121,0.333333,S2,3x121
364,167,0.458791,S3,1x197 + 167* (q=83)
365,101,0.276712,S7f2,2x101 + 163* (q=3)
366,167,0.456284,S3,1x199 + 167* (q=83)
367,367,1.000000,S1,"AGL(1,367)"
368,67,0.182065,S7f3,3x67 + 167* (q=83)
369,107,0.289973,S7f2,2x131 + 107* (q=53)
370,179,0.483784,S3,1x191 + 179* (q=89)
371,64,0.172507,S7f3,3x64 + 179* (q=89)
372,179,0.481183,S3,1x193 + 179* (q=89)
373,373,1.000000,S1,"AGL(1,373)"
374,163,0.435829,S3,1x211 + 163* (q=3)
375,125,0.333333,S2,3x125
376,179,0.476064,S3,1x197 + 179* (q=89)
377,107,0.283820,S7f2,2x107 + 163* (q=3)
378,179,0.473545,S3,1x199 + 179* (q=89)
379,379,1.000000,S1,"AGL(1,379)"
380,71,0.186842,S7f3,3x71 + 167* (q=83)
381,127,0.333333,S2,3x127
382,191,0.500000,S2,2x191
383,383,1.000000,S1,"AGL(1,383)"
384,157,0.408854,S3,1x157 + 227* (q=113)
385,128,0.332468,S3,1x128 + 257* (q=2)
386,193,0.500000,S2,2x193
387,43,0.111111,S2,9x43
388,137,0.353093,S3,1x137 + 251* (q=5)
389,389,1.000000,S1,"AGL(1,389)"
390,179,0.458974,S3,1x211 + 179* (q=89)
391,128,0.327366,S3,1x128 + 263* (q=131)
392,163,0.415816,S3,1x229 + 163* (q=3)
393,131,0.333333,S2,3x131
394,197,0.500000,S2,2x197
395,79,0.200000,S2,5x79
396,169,0.426768,S3,1x169 + 227* (q=113)
397,397,1.000000,S1,"AGL(1,397)"
398,199,0.500000,S2,2x199
399,79,0.197995,S7f4,4x79 + 83* (q=41)
400,173,0.432500,S3,1x173 + 227* (q=113)
401,401,1.000000,S1,"AGL(1,401)"
402,179,0.445274,S3,1x223 + 179* (q=89)
403,73,0.181141,S7f2,2x73 + 257* (q=2)
404,163,0.403465,S3,1x241 + 163* (q=3)
405,121,0.298765,S7f2,2x121 + 163* (q=3)
406,179,0.440887,S3,1x179 + 227* (q=113)
407,81,0.199017,S7f4,4x81 + 83* (q=41)
408,181,0.443627,S3,1x181 + 227* (q=113)
409,409,1.000000,S1,"AGL(1,409)"
410,167,0.407317,S3,1x243 + 167* (q=83)
411,137,0.333333,S2,3x137
412,179,0.434466,S3,1x233 + 179* (q=89)
413,125,0.302663,S7f2,2x125 + 163* (q=3)
414,163,0.393720,S3,1x163 + 251* (q=5)
415,83,0.200000,S2,5x83
416,103,0.247596,S7f3,3x103 + 107* (q=53)
417,139,0.333333,S2,3x139
418,191,0.456938,S3,1x191 + 227* (q=113)
419,419,1.000000,S1,"AGL(1,419)"
420,193,0.459524,S3,1x193 + 227* (q=113)
421,421,1.000000,S1,"AGL(1,421)"
422,211,0.500000,S2,2x211
423,167,0.394799,S3,1x256 + 167* (q=83)
424,197,0.464623,S3,1x197 + 227* (q=113)
425,131,0.308235,S7f2,2x131 + 163* (q=3)
426,199,0.467136,S3,1x199 + 227* (q=113)
427,64,0.149883,S7f5,5x64 + 107* (q=53)
428,107,0.250000,S2,4x107
429,131,0.305361,S7f2,2x131 + 167* (q=83)
430,179,0.416279,S3,1x179 + 251* (q=5)
431,431,1.000000,S1,"AGL(1,431)"
432,181,0.418981,S3,1x181 + 251* (q=5)
433,433,1.000000,S1,"AGL(1,433)"
434,163,0.375576,S3,1x271 + 163* (q=3)
435,179,0.411494,S3,1x256 + 179* (q=89)
436,179,0.410550,S3,1x179 + 257* (q=2)
437,137,0.313501,S7f2,2x137 + 163* (q=3)
438,211,0.481735,S3,1x211 + 227* (q=113)
439,439,1.000000,S1,"AGL(1,439)"
440,163,0.370455,S3,1x277 + 163* (q=3)
441,139,0.315193,S7f2,2x139 + 163* (q=3)
442,191,0.432127,S3,1x191 + 251* (q=5)
443,443,1.000000,S1,"AGL(1,443)"
444,193,0.434685,S3,1x193 + 251* (q=5)
445,139,0.312360,S7f2,2x139 + 167* (q=83)
446,223,0.500000,S2,2x223
447,149,0.333333,S2,3x149
448,197,0.439732,S3,1x197 + 251* (q=5)
449,449,1.000000,S1,"AGL(1,449)"
450,223,0.495556,S3,1x223 + 227* (q=113)
451,97,0.215078,S7f2,2x97 + 257* (q=2)
452,163,0.360619,S3,1x289 + 163* (q=3)
453,151,0.333333,S2,3x151
454,227,0.500000,S2,2x227
455,73,0.160440,S7f4,4x73 + 163* (q=3)
456,227,0.497807,S3,1x229 + 227* (q=113)
457,457,1.000000,S1,"AGL(1,457)"
458,229,0.500000,S2,2x229
459,101,0.220044,S7f2,2x101 + 257* (q=2)
460,227,0.493478,S3,1x233 + 227* (q=113)
461,461,1.000000,S1,"AGL(1,461)"
462,211,0.456710,S3,1x211 + 251* (q=5)
463,463,1.000000,S1,"AGL(1,463)"
464,83,0.178879,S7f3,3x127 + 83* (q=41)
465,151,0.324731,S7f2,2x151 + 163* (q=3)
466,233,0.500000,S2,2x233
467,467,1.000000,S1,"AGL(1,467)"
468,227,0.485043,S3,1x241 + 227* (q=113)
469,151,0.321962,S7f2,2x151 + 167* (q=83)
470,227,0.482979,S3,1x243 + 227* (q=113)
471,157,0.333333,S2,3x157
472,179,0.379237,S3,1x293 + 179* (q=89)
473,61,0.128964,S7f6,6x61 + 107* (q=53)
474,223,0.470464,S3,1x223 + 251* (q=5)
475,128,0.269474,S3,1x128 + 347* (q=173)
476,163,0.342437,S3,1x313 + 163* (q=3)
477,157,0.329140,S7f2,2x157 + 163* (q=3)
478,239,0.500000,S2,2x239
479,479,1.000000,S1,"AGL(1,479)"
480,229,0.477083,S3,1x229 + 251* (q=5)
481,157,0.326403,S7f2,2x157 + 167* (q=83)
482,241,0.500000,S2,2x241
483,227,0.469979,S3,1x256 + 227* (q=113)
484,233,0.481405,S3,1x233 + 251* (q=5)
485,97,0.200000,S2,5x97
486,243,0.500000,S2,2x243
487,487,1.000000,S1,"AGL(1,487)"
488,107,0.219262,S7f3,3x107 + 167* (q=83)
489,163,0.333333,S2,3x163
490,239,0.487755,S3,1x239 + 251* (q=5)
491,491,1.000000,S1,"AGL(1,491)"
492,241,0.489837,S3,1x241 + 251* (q=5)
493,163,0.330629,S7f2,2x163 + 167* (q=83)
494,243,0.491903,S3,1x243 + 251* (q=5)
495,97,0.195960,S7f4,4x97 + 107* (q=53)
496,239,0.481855,S3,1x239 + 257* (q=2)
497,163,0.327968,S7f2,2x167 + 163* (q=3)
498,241,0.483936,S3,1x241 + 257* (q=2)
499,499,1.000000,S1,"AGL(1,499)"
500,243,0.486000,S3,1x243 + 257* (q=2)
501,167,0.333333,S2,3x167
502,251,0.500000,S2,2x251
503,503,1.000000,S1,"AGL(1,503)"
504,241,0.478175,S3,1x241 + 263* (q=131)
505,167,0.330693,S7f2,2x169 + 167* (q=83)
506,243,0.480237,S3,1x243 + 263* (q=131)
507,251,0.495069,S3,1x256 + 251* (q=5)
508,251,0.494094,S3,1x251 + 257* (q=2)
509,509,1.000000,S1,"AGL(1,509)"
510,227,0.445098,S3,1x283 + 227* (q=113)
511,128,0.250489,S3,1x128 + 383* (q=191)
512,512,1.000000,S1,"AGL(1,512)"
513,256,0.499025,S3,1x256 + 257* (q=2)
514,257,0.500000,S2,2x257
515,103,0.200000,S2,5x103
516,227,0.439922,S3,1x289 + 227* (q=113)
517,169,0.326886,S7f2,2x169 + 179* (q=89)
518,113,0.218147,S7f3,3x113 + 179* (q=89)
519,256,0.493256,S3,1x256 + 263* (q=131)
520,257,0.494231,S3,1x257 + 263* (q=131)
521,521,1.000000,S1,"AGL(1,521)"
522,251,0.480843,S3,1x271 + 251* (q=5)
523,523,1.000000,S1,"AGL(1,523)"
524,163,0.311069,S3,1x361 + 163* (q=3)
525,173,0.329524,S7f2,2x173 + 179* (q=89)
526,263,0.500000,S2,2x263
527,37,0.070209,S7f12,12x37 + 83* (q=41)
528,257,0.486742,S3,1x271 + 257* (q=2)
529,529,1.000000,S1,"AGL(1,529)"
530,163,0.307547,S3,1x367 + 163* (q=3)
531,137,0.258004,S7f2,2x137 + 257* (q=2)
532,263,0.494361,S3,1x269 + 263* (q=131)
533,71,0.133208,S7f6,6x71 + 107* (q=53)
534,263,0.492509,S3,1x271 + 263* (q=131)
535,139,0.259813,S7f2,2x139 + 257* (q=2)
536,163,0.304104,S3,1x373 + 163* (q=3)
537,179,0.333333,S2,3x179
538,269,0.500000,S2,2x269
539,64,0.118738,S7f3,3x64 + 347* (q=173)
540,263,0.487037,S3,1x277 + 263* (q=131)
541,541,1.000000,S1,"AGL(1,541)"
542,271,0.500000,S2,2x271
543,181,0.333333,S2,3x181
544,263,0.483456,S3,1x281 + 263* (q=131)
545,163,0.299083,S7f2,2x191 + 163* (q=3)
546,263,0.481685,S3,1x283 + 263* (q=131)
547,547,1.000000,S1,"AGL(1,547)"
548,137,0.250000,S2,4x137
549,167,0.304189,S7f2,2x191 + 167* (q=83)
550,257,0.467273,S3,1x293 + 257* (q=2)
551,128,0.232305,S7f3,3x128 + 167* (q=83)
552,263,0.476449,S3,1x289 + 263* (q=131)
553,167,0.301989,S7f2,2x193 + 167* (q=83)
554,277,0.500000,S2,2x277
555,149,0.268468,S7f2,2x149 + 257* (q=2)
556,263,0.473022,S3,1x293 + 263* (q=131)
557,557,1.000000,S1,"AGL(1,557)"
558,251,0.449821,S3,1x307 + 251* (q=5)
559,151,0.270125,S7f2,2x151 + 257* (q=2)
560,163,0.291071,S3,1x397 + 163* (q=3)
561,179,0.319073,S7f2,2x191 + 179* (q=89)
562,281,0.500000,S2,2x281
563,563,1.000000,S1,"AGL(1,563)"
564,257,0.455674,S3,1x307 + 257* (q=2)
565,179,0.316814,S7f2,2x193 + 179* (q=89)
566,283,0.500000,S2,2x283
567,101,0.178131,S7f4,4x101 + 163* (q=3)
568,257,0.452465,S3,1x311 + 257* (q=2)
569,569,1.000000,S1,"AGL(1,569)"
570,263,0.461404,S3,1x307 + 263* (q=131)
571,571,1.000000,S1,"AGL(1,571)"
572,163,0.284965,S3,1x409 + 163* (q=3)
573,191,0.333333,S2,3x191
574,263,0.458188,S3,1x311 + 263* (q=131)
575,103,0.179130,S7f4,4x103 + 163* (q=3)
576,263,0.456597,S3,1x313 + 263* (q=131)
577,577,1.000000,S1,"AGL(1,577)"
578,289,0.500000,S2,2x289
579,193,0.333333,S2,3x193
580,263,0.453448,S3,1x317 + 263* (q=131)
581,83,0.142857,S2,7x83
582,251,0.431271,S3,1x331 + 251* (q=5)
583,163,0.279588,S7f2,2x163 + 257* (q=2)
584,163,0.279110,S3,1x421 + 163* (q=3)
585,179,0.305983,S7f2,2x179 + 227* (q=113)
586,293,0.500000,S2,2x293
587,587,1.000000,S1,"AGL(1,587)"
588,257,0.437075,S3,1x331 + 257* (q=2)
589,181,0.307301,S7f2,2x181 + 227* (q=113)
590,243,0.411864,S3,1x243 + 347* (q=173)
591,197,0.333333,S2,3x197
592,233,0.393581,S3,1x233 + 359* (q=179)
593,593,1.000000,S1,"AGL(1,593)"
594,263,0.442761,S3,1x331 + 263* (q=131)
595,169,0.284034,S7f2,2x169 + 257* (q=2)
596,163,0.273490,S3,1x433 + 163* (q=3)
597,199,0.333333,S2,3x199
598,251,0.419732,S3,1x251 + 347* (q=173)
599,599,1.000000,S1,"AGL(1,599)"
600,263,0.438333,S3,1x337 + 263* (q=131)
601,601,1.000000,S1,"AGL(1,601)"
602,243,0.403654,S3,1x243 + 359* (q=179)
603,256,0.424544,S3,1x256 + 347* (q=173)
604,257,0.425497,S3,1x257 + 347* (q=173)
605,121,0.200000,S2,5x121
606,263,0.433993,S3,1x343 + 263* (q=131)
607,607,1.000000,S1,"AGL(1,607)"
608,127,0.208882,S7f3,3x127 + 227* (q=113)
609,191,0.313629,S7f2,2x191 + 227* (q=113)
610,263,0.431148,S3,1x263 + 347* (q=173)
611,128,0.209493,S7f3,3x128 + 227* (q=113)
612,263,0.429739,S3,1x349 + 263* (q=131)
613,613,1.000000,S1,"AGL(1,613)"
614,307,0.500000,S2,2x307
615,256,0.416260,S3,1x256 + 359* (q=179)
616,269,0.436688,S3,1x269 + 347* (q=173)
617,617,1.000000,S1,"AGL(1,617)"
618,271,0.438511,S3,1x271 + 347* (q=173)
619,619,1.000000,S1,"AGL(1,619)"
620,163,0.262903,S3,1x457 + 163* (q=3)
621,197,0.317230,S7f2,2x197 + 227* (q=113)
622,311,0.500000,S2,2x311
623,89,0.142857,S2,7x89
624,277,0.443910,S3,1x277 + 347* (q=173)
625,625,1.000000,S1,"AGL(1,625)"
626,313,0.500000,S2,2x313
627,67,0.106858,S7f4,4x67 + 359* (q=179)
628,281,0.447452,S3,1x281 + 347* (q=173)
629,163,0.259141,S7f2,2x233 + 163* (q=3)
630,283,0.449206,S3,1x283 + 347* (q=173)
631,631,1.000000,S1,"AGL(1,631)"
632,151,0.238924,S7f3,3x151 + 179* (q=89)
633,211,0.333333,S2,3x211
634,317,0.500000,S2,2x317
635,128,0.201575,S7f3,3x128 + 251* (q=5)
636,289,0.454403,S3,1x289 + 347* (q=173)
637,193,0.302983,S7f2,2x193 + 251* (q=5)
638,157,0.246082,S7f3,3x157 + 167* (q=83)
639,256,0.400626,S3,1x256 + 383* (q=191)
640,293,0.457813,S3,1x293 + 347* (q=173)
641,641,1.000000,S1,"AGL(1,641)"
642,283,0.440810,S3,1x283 + 359* (q=179)
643,643,1.000000,S1,"AGL(1,643)"
644,157,0.243789,S3,1x157 + 487* (q=3)
645,197,0.305426,S7f2,2x197 + 251* (q=5)
646,263,0.407121,S3,1x263 + 383* (q=191)
647,647,1.000000,S1,"AGL(1,647)"
648,289,0.445988,S3,1x289 + 359* (q=179)
649,211,0.325116,S7f2,2x211 + 227* (q=113)
650,163,0.250769,S3,1x163 + 487* (q=3)
651,197,0.302611,S7f2,2x197 + 257* (q=2)
652,293,0.449387,S3,1x293 + 359* (q=179)
653,653,1.000000,S1,"AGL(1,653)"
654,307,0.469419,S3,1x307 + 347* (q=173)
655,199,0.303817,S7f2,2x199 + 257* (q=2)
656,169,0.257622,S3,1x169 + 487* (q=3)
657,197,0.299848,S7f2,2x197 + 263* (q=131)
658,311,0.472644,S3,1x311 + 347* (q=173)
659,659,1.000000,S1,"AGL(1,659)"
660,313,0.474242,S3,1x313 + 347* (q=173)
661,661,1.000000,S1,"AGL(1,661)"
662,331,0.500000,S2,2x331
663,125,0.188537,S7f4,4x125 + 163* (q=3)
664,317,0.477410,S3,1x317 + 347* (q=173)
665,179,0.269173,S7f2,2x243 + 179* (q=89)
666,307,0.460961,S3,1x307 + 359* (q=179)
667,125,0.187406,S7f4,4x125 + 167* (q=83)
668,181,0.270958,S3,1x181 + 487* (q=3)
669,223,0.333333,S2,3x223
670,311,0.464179,S3,1x311 + 359* (q=179)
671,127,0.189270,S7f4,4x127 + 163* (q=3)
672,313,0.465774,S3,1x313 + 359* (q=179)
673,673,1.000000,S1,"AGL(1,673)"
674,337,0.500000,S2,2x337
675,163,0.241481,S7f2,2x256 + 163* (q=3)
676,317,0.468935,S3,1x317 + 359* (q=179)
677,677,1.000000,S1,"AGL(1,677)"
678,331,0.488201,S3,1x331 + 347* (q=173)
679,211,0.310751,S7f2,2x211 + 257* (q=2)
680,193,0.283824,S3,1x193 + 487* (q=3)
681,227,0.333333,S2,3x227
682,263,0.385630,S3,1x419 + 263* (q=131)
683,683,1.000000,S1,"AGL(1,683)"
684,337,0.492690,S3,1x337 + 347* (q=173)
685,227,0.331387,S7f2,2x229 + 227* (q=113)
686,343,0.500000,S2,2x343
687,229,0.333333,S2,3x229
688,257,0.373547,S3,1x431 + 257* (q=2)
689,163,0.236575,S7f2,2x263 + 163* (q=3)
690,343,0.497101,S3,1x343 + 347* (q=173)
691,691,1.000000,S1,"AGL(1,691)"
692,173,0.250000,S2,4x173
693,227,0.327561,S7f2,2x233 + 227* (q=113)
694,347,0.500000,S2,2x347
695,139,0.200000,S2,5x139
696,347,0.498563,S3,1x349 + 347* (q=173)
697,223,0.319943,S7f2,2x223 + 251* (q=5)
698,349,0.500000,S2,2x349
699,233,0.333333,S2,3x233
700,347,0.495714,S3,1x353 + 347* (q=173)
701,701,1.000000,S1,"AGL(1,701)"
702,343,0.488604,S3,1x343 + 359* (q=179)
703,223,0.317212,S7f2,2x223 + 257* (q=2)
704,167,0.237216,S7f3,3x179 + 167* (q=83)
705,227,0.321986,S7f2,2x227 + 251* (q=5)
706,353,0.500000,S2,2x353
707,101,0.142857,S2,7x101
708,349,0.492938,S3,1x349 + 359* (q=179)
709,709,1.000000,S1,"AGL(1,709)"
710,243,0.342254,S3,1x243 + 467* (q=233)
711,227,0.319269,S7f2,2x227 + 257* (q=2)
712,353,0.495787,S3,1x353 + 359* (q=179)
713,227,0.318373,S7f2,2x243 + 227* (q=113)
714,347,0.485994,S3,1x367 + 347* (q=173)
715,229,0.320280,S7f2,2x229 + 257* (q=2)
716,229,0.319832,S3,1x229 + 487* (q=3)
717,239,0.333333,S2,3x239
718,359,0.500000,S2,2x359
719,719,1.000000,S1,"AGL(1,719)"
720,359,0.498611,S3,1x361 + 359* (q=179)
721,229,0.317614,S7f2,2x229 + 263* (q=131)
722,361,0.500000,S2,2x361
723,256,0.354080,S3,1x256 + 467* (q=233)
724,263,0.363260,S3,1x461 + 263* (q=131)
725,163,0.224828,S7f2,2x281 + 163* (q=3)
726,359,0.494490,S3,1x367 + 359* (q=179)
727,727,1.000000,S1,"AGL(1,727)"
728,241,0.331044,S3,1x241 + 487* (q=3)
729,729,1.000000,S1,"AGL(1,729)"
730,347,0.475342,S3,1x347 + 383* (q=191)
731,128,0.175103,S7f3,3x128 + 347* (q=173)
732,359,0.490437,S3,1x373 + 359* (q=179)
733,733,1.000000,S1,"AGL(1,733)"
734,367,0.500000,S2,2x367
735,256,0.348299,S3,1x256 + 479* (q=239)
736,353,0.479620,S3,1x353 + 383* (q=191)
737,243,0.329715,S7f2,2x243 + 251* (q=5)
738,359,0.486450,S3,1x379 + 359* (q=179)
739,739,1.000000,S1,"AGL(1,739)"
740,167,0.225676,S7f3,3x191 + 167* (q=83)
741,239,0.322537,S7f2,2x239 + 263* (q=131)
742,359,0.483827,S3,1x359 + 383* (q=191)
743,743,1.000000,S1,"AGL(1,743)"
744,361,0.485215,S3,1x361 + 383* (q=191)
745,241,0.323490,S7f2,2x241 + 263* (q=131)
746,373,0.500000,S2,2x373
747,121,0.161981,S7f4,4x121 + 263* (q=131)
748,359,0.479947,S3,1x389 + 359* (q=179)
749,243,0.324433,S7f2,2x243 + 263* (q=131)
750,367,0.489333,S3,1x367 + 383* (q=191)
751,751,1.000000,S1,"AGL(1,751)"
752,179,0.238032,S7f3,3x191 + 179* (q=89)
753,251,0.333333,S2,3x251
754,263,0.348806,S3,1x491 + 263* (q=131)
755,151,0.200000,S2,5x151
756,373,0.493386,S3,1x373 + 383* (q=191)
757,757,1.000000,S1,"AGL(1,757)"
758,379,0.500000,S2,2x379
759,256,0.337286,S3,1x256 + 503* (q=251)
760,359,0.472368,S3,1x401 + 359* (q=179)
761,761,1.000000,S1,"AGL(1,761)"
762,379,0.497375,S3,1x379 + 383* (q=191)
763,251,0.328965,S7f2,2x256 + 251* (q=5)
764,277,0.362565,S3,1x277 + 487* (q=3)
765,251,0.328105,S7f2,2x251 + 263* (q=131)
766,383,0.500000,S2,2x383
767,151,0.196871,S7f4,4x151 + 163* (q=3)
768,359,0.467448,S3,1x409 + 359* (q=179)
769,769,1.000000,S1,"AGL(1,769)"
770,283,0.367532,S3,1x283 + 487* (q=3)
771,257,0.333333,S2,3x257
772,383,0.496114,S3,1x389 + 383* (q=191)
773,773,1.000000,S1,"AGL(1,773)"
774,307,0.396641,S3,1x307 + 467* (q=233)
775,263,0.339355,S3,1x512 + 263* (q=131)
776,289,0.372423,S3,1x289 + 487* (q=3)
777,257,0.330759,S7f2,2x257 + 263* (q=131)
778,389,0.500000,S2,2x389
779,73,0.093710,S7f4,4x73 + 487* (q=3)
780,383,0.491026,S3,1x397 + 383* (q=191)
781,227,0.290653,S7f2,2x277 + 227* (q=113)
782,173,0.221228,S7f3,3x173 + 263* (q=131)
783,257,0.328225,S7f2,2x263 + 257* (q=2)
784,383,0.488520,S3,1x401 + 383* (q=191)
785,163,0.207643,S7f2,2x311 + 163* (q=3)
786,347,0.441476,S3,1x439 + 347* (q=173)
787,787,1.000000,S1,"AGL(1,787)"
788,197,0.250000,S2,4x197
789,263,0.333333,S2,3x263
790,359,0.454430,S3,1x431 + 359* (q=179)
791,157,0.198483,S7f4,4x157 + 163* (q=3)
792,383,0.483586,S3,1x409 + 383* (q=191)
793,251,0.316520,S7f2,2x271 + 251* (q=5)
794,397,0.500000,S2,2x397
795,257,0.323270,S7f2,2x269 + 257* (q=2)
796,347,0.435930,S3,1x449 + 347* (q=173)
797,797,1.000000,S1,"AGL(1,797)"
798,359,0.449875,S3,1x439 + 359* (q=179)
799,257,0.321652,S7f2,2x271 + 257* (q=2)
800,313,0.391250,S3,1x313 + 487* (q=3)
801,263,0.328340,S7f2,2x269 + 263* (q=131)
802,401,0.500000,S2,2x401
803,128,0.159402,S7f5,5x128 + 163* (q=3)
804,383,0.476368,S3,1x421 + 383* (q=191)
805,263,0.326708,S7f2,2x271 + 263* (q=131)
806,243,0.301489,S3,1x243 + 563* (q=281)
807,269,0.333333,S2,3x269
808,359,0.444307,S3,1x449 + 359* (q=179)
809,809,1.000000,S1,"AGL(1,809)"
810,347,0.428395,S3,1x463 + 347* (q=173)
811,811,1.000000,S1,"AGL(1,811)"
812,179,0.220443,S7f3,3x211 + 179* (q=89)
813,271,0.333333,S2,3x271
814,383,0.470516,S3,1x431 + 383* (q=191)
815,163,0.200000,S2,5x163
816,383,0.469363,S3,1x433 + 383* (q=191)
817,263,0.321909,S7f2,2x277 + 263* (q=131)
818,409,0.500000,S2,2x409
819,257,0.313797,S7f2,2x281 + 257* (q=2)
820,359,0.437805,S3,1x461 + 359* (q=179)
821,821,1.000000,S1,"AGL(1,821)"
822,383,0.465937,S3,1x439 + 383* (q=191)
823,823,1.000000,S1,"AGL(1,823)"
824,337,0.408981,S3,1x337 + 487* (q=3)
825,263,0.318788,S7f2,2x281 + 263* (q=131)
826,383,0.463680,S3,1x443 + 383* (q=191)
827,827,1.000000,S1,"AGL(1,827)"
828,361,0.435990,S3,1x361 + 467* (q=233)
829,829,1.000000,S1,"AGL(1,829)"
830,343,0.413253,S3,1x343 + 487* (q=3)
831,277,0.333333,S2,3x277
832,383,0.460337,S3,1x449 + 383* (q=191)
833,243,0.291717,S7f2,2x243 + 347* (q=173)
834,367,0.440048,S3,1x367 + 467* (q=233)
835,257,0.307784,S7f2,2x289 + 257* (q=2)
836,349,0.417464,S3,1x349 + 487* (q=3)
837,251,0.299881,S7f2,2x293 + 251* (q=5)
838,419,0.500000,S2,2x419
839,839,1.000000,S1,"AGL(1,839)"
840,383,0.455952,S3,1x457 + 383* (q=191)
841,841,1.000000,S1,"AGL(1,841)"
842,421,0.500000,S2,2x421
843,281,0.333333,S2,3x281
844,383,0.453791,S3,1x461 + 383* (q=191)
845,243,0.287574,S7f2,2x243 + 359* (q=179)
846,383,0.452719,S3,1x463 + 383* (q=191)
847,167,0.197166,S7f4,4x167 + 179* (q=89)
848,361,0.425708,S3,1x361 + 487* (q=3)
849,283,0.333333,S2,3x283
850,383,0.450588,S3,1x383 + 467* (q=233)
851,128,0.150411,S7f3,3x128 + 467* (q=233)
852,373,0.437793,S3,1x373 + 479* (q=239)
853,853,1.000000,S1,"AGL(1,853)"
854,367,0.429742,S3,1x367 + 487* (q=3)
855,169,0.197661,S7f4,4x169 + 179* (q=89)
856,389,0.454439,S3,1x389 + 467* (q=233)
857,857,1.000000,S1,"AGL(1,857)"
858,379,0.441725,S3,1x379 + 479* (q=239)
859,859,1.000000,S1,"AGL(1,859)"
860,373,0.433721,S3,1x373 + 487* (q=3)
861,257,0.298490,S7f2,2x257 + 347* (q=173)
862,431,0.500000,S2,2x431
863,863,1.000000,S1,"AGL(1,863)"
864,397,0.459491,S3,1x397 + 467* (q=233)
865,251,0.290173,S7f2,2x307 + 251* (q=5)
866,433,0.500000,S2,2x433
867,289,0.333333,S2,3x289
868,401,0.461982,S3,1x401 + 467* (q=233)
869,243,0.279632,S7f2,2x243 + 383* (q=191)
870,383,0.440230,S3,1x383 + 487* (q=3)
871,359,0.412170,S3,1x512 + 359* (q=179)
872,163,0.186927,S7f3,3x163 + 383* (q=191)
873,263,0.301260,S7f2,2x263 + 347* (q=173)
874,383,0.438215,S3,1x491 + 383* (q=191)
875,125,0.142857,S2,7x125
876,409,0.466895,S3,1x409 + 467* (q=233)
877,877,1.000000,S1,"AGL(1,877)"
878,439,0.500000,S2,2x439
879,293,0.333333,S2,3x293
880,401,0.455682,S3,1x401 + 479* (q=239)
881,881,1.000000,S1,"AGL(1,881)"
882,383,0.434240,S3,1x499 + 383* (q=191)
883,883,1.000000,S1,"AGL(1,883)"
884,397,0.449095,S3,1x397 + 487* (q=3)
885,269,0.303955,S7f2,2x269 + 347* (q=173)
886,443,0.500000,S2,2x443
887,887,1.000000,S1,"AGL(1,887)"
888,421,0.474099,S3,1x421 + 467* (q=233)
889,271,0.304837,S7f2,2x271 + 347* (q=173)
890,211,0.237079,S7f3,3x211 + 257* (q=2)
891,257,0.288440,S7f2,2x317 + 257* (q=2)
892,389,0.436099,S3,1x389 + 503* (q=251)
893,163,0.182531,S11,1x243 + 163* + 487* (q=3)
894,347,0.388143,S3,1x547 + 347* (q=173)
895,383,0.427933,S3,1x512 + 383* (q=191)
896,409,0.456473,S3,1x409 + 487* (q=3)
897,269,0.299889,S7f2,2x269 + 359* (q=179)
898,449,0.500000,S2,2x449
899,107,0.119021,S7f6,6x107 + 257* (q=2)
900,433,0.481111,S3,1x433 + 467* (q=233)
901,277,0.307436,S7f2,2x277 + 347* (q=173)
902,181,0.200665,S7f3,3x181 + 359* (q=179)
903,179,0.198228,S7f4,4x181 + 179* (q=89)
904,401,0.443584,S3,1x401 + 503* (q=251)
905,181,0.200000,S2,5x181
906,439,0.484547,S3,1x439 + 467* (q=233)
907,907,1.000000,S1,"AGL(1,907)"
908,421,0.463656,S3,1x421 + 487* (q=3)
909,281,0.309131,S7f2,2x281 + 347* (q=173)
910,443,0.486813,S3,1x443 + 467* (q=233)
911,911,1.000000,S1,"AGL(1,911)"
912,433,0.474781,S3,1x433 + 479* (q=239)
913,283,0.309967,S7f2,2x283 + 347* (q=173)
914,457,0.500000,S2,2x457
915,163,0.178142,S7f4,4x163 + 263* (q=131)
916,449,0.490175,S3,1x449 + 467* (q=233)
917,131,0.142857,S2,7x131
918,439,0.478214,S3,1x439 + 479* (q=239)
919,919,1.000000,S1,"AGL(1,919)"
920,433,0.470652,S3,1x433 + 487* (q=3)
921,307,0.333333,S2,3x307
922,461,0.500000,S2,2x461
923,109,0.118093,S7f4,4x109 + 487* (q=3)
924,457,0.494589,S3,1x457 + 467* (q=233)
925,289,0.312432,S7f2,2x289 + 347* (q=173)
926,463,0.500000,S2,2x463
927,169,0.182309,S7f4,4x169 + 251* (q=5)
928,461,0.496767,S3,1x461 + 467* (q=233)
929,929,1.000000,S1,"AGL(1,929)"
930,463,0.497849,S3,1x463 + 467* (q=233)
931,257,0.276047,S7f2,2x337 + 257* (q=2)
932,233,0.250000,S2,4x233
933,311,0.333333,S2,3x311
934,467,0.500000,S2,2x467
935,167,0.178610,S7f3,3x256 + 167* (q=83)
936,457,0.488248,S3,1x457 + 479* (q=239)
937,937,1.000000,S1,"AGL(1,937)"
938,229,0.244136,S7f3,3x229 + 251* (q=5)
939,313,0.333333,S2,3x313
940,461,0.490426,S3,1x461 + 479* (q=239)
941,941,1.000000,S1,"AGL(1,941)"
942,463,0.491507,S3,1x463 + 479* (q=239)
943,257,0.272534,S7f2,2x343 + 257* (q=2)
944,457,0.484110,S3,1x457 + 487* (q=3)
945,293,0.310053,S7f2,2x293 + 359* (q=179)
946,467,0.493658,S3,1x467 + 479* (q=239)
947,947,1.000000,S1,"AGL(1,947)"
948,461,0.486287,S3,1x461 + 487* (q=3)
949,283,0.298209,S7f2,2x283 + 383* (q=191)
950,463,0.487368,S3,1x463 + 487* (q=3)
951,317,0.333333,S2,3x317
952,449,0.471639,S3,1x449 + 503* (q=251)
953,953,1.000000,S1,"AGL(1,953)"
954,467,0.489518,S3,1x467 + 487* (q=3)
955,257,0.269110,S7f2,2x349 + 257* (q=2)
956,239,0.250000,S2,4x239
957,263,0.274817,S7f2,2x347 + 263* (q=131)
958,479,0.500000,S2,2x479
959,163,0.169969,S7f4,4x199 + 163* (q=3)
960,457,0.476042,S3,1x457 + 503* (q=251)
961,961,1.000000,S1,"AGL(1,961)"
962,243,0.252599,S3,1x243 + 719* (q=359)
963,257,0.266874,S7f2,2x353 + 257* (q=2)
964,461,0.478216,S3,1x461 + 503* (q=251)
965,243,0.251813,S7f2,2x243 + 479* (q=239)
966,479,0.495859,S3,1x479 + 487* (q=3)
967,967,1.000000,S1,"AGL(1,967)"
968,239,0.246901,S7f3,3x239 + 251* (q=5)
969,311,0.320949,S7f2,2x311 + 347* (q=173)
970,479,0.493814,S3,1x491 + 479* (q=239)
971,971,1.000000,S1,"AGL(1,971)"
972,409,0.420782,S3,1x409 + 563* (q=281)
973,313,0.321686,S7f2,2x313 + 347* (q=173)
974,487,0.500000,S2,2x487
975,257,0.263590,S7f2,2x359 + 257* (q=2)
976,467,0.478484,S3,1x509 + 467* (q=233)
977,977,1.000000,S1,"AGL(1,977)"
978,487,0.497955,S3,1x491 + 487* (q=3)
979,467,0.477017,S3,1x512 + 467* (q=233)
980,251,0.256122,S3,1x729 + 251* (q=5)
981,317,0.323140,S7f2,2x317 + 347* (q=173)
982,491,0.500000,S2,2x491
983,983,1.000000,S1,"AGL(1,983)"
984,421,0.427846,S3,1x421 + 563* (q=281)
985,313,0.317766,S7f2,2x313 + 359* (q=179)
986,487,0.493915,S3,1x499 + 487* (q=3)
987,181,0.183384,S7f4,4x181 + 263* (q=131)
988,479,0.484818,S3,1x509 + 479* (q=239)
989,251,0.253792,S7f2,2x251 + 487* (q=3)
990,487,0.491919,S3,1x487 + 503* (q=251)
991,991,1.000000,S1,"AGL(1,991)"
992,263,0.265121,S3,1x729 + 263* (q=131)
993,331,0.333333,S2,3x331
994,491,0.493964,S3,1x491 + 503* (q=251)
995,227,0.228141,S7f3,3x256 + 227* (q=113)
996,487,0.488956,S3,1x509 + 487* (q=3)
997,997,1.000000,S1,"AGL(1,997)"
998,499,0.500000,S2,2x499
999,487,0.487487,S3,1x512 + 487* (q=3)
1000,479,0.479000,S3,1x521 + 479* (q=239)
1001,257,0.256743,S7f2,2x257 + 487* (q=3)
1002,499,0.498004,S3,1x499 + 503* (q=251)
1003,257,0.256231,S7f2,2x373 + 257* (q=2)
1004,251,0.250000,S2,4x251
1005,311,0.309453,S7f2,2x311 + 383* (q=191)
1006,503,0.500000,S2,2x503
1007,163,0.161867,S7f4,4x211 + 163* (q=3)
1008,487,0.483135,S3,1x521 + 487* (q=3)
1009,1009,1.000000,S1,"AGL(1,1009)"
1010,487,0.482178,S3,1x523 + 487* (q=3)
1011,337,0.333333,S2,3x337
1012,503,0.497036,S3,1x509 + 503* (q=251)
1013,1013,1.000000,S1,"AGL(1,1013)"
1014,467,0.460552,S3,1x547 + 467* (q=233)
1015,503,0.495567,S3,1x512 + 503* (q=251)
1016,487,0.479331,S3,1x529 + 487* (q=3)
1017,317,0.311701,S7f2,2x317 + 383* (q=191)
1018,509,0.500000,S2,2x509
1019,1019,1.000000,S1,"AGL(1,1019)"
1020,479,0.469608,S3,1x541 + 479* (q=239)
1021,1021,1.000000,S1,"AGL(1,1021)"
1022,251,0.245597,S7f3,3x257 + 251* (q=5)
1023,257,0.251222,S7f2,2x383 + 257* (q=2)
1024,1024,1.000000,S1,"AGL(1,1024)"
1025,269,0.262439,S7f2,2x269 + 487* (q=3)
1026,503,0.490253,S3,1x523 + 503* (q=251)
1027,191,0.185979,S7f4,4x191 + 263* (q=131)
1028,487,0.473735,S3,1x541 + 487* (q=3)
1029,343,0.333333,S2,3x343
1030,467,0.453398,S3,1x467 + 563* (q=281)
1031,1031,1.000000,S1,"AGL(1,1031)"
1032,503,0.487403,S3,1x529 + 503* (q=251)
1033,1033,1.000000,S1,"AGL(1,1033)"
1034,487,0.470986,S3,1x547 + 487* (q=3)
1035,257,0.248309,S7f2,2x389 + 257* (q=2)
1036,479,0.462355,S3,1x557 + 479* (q=239)
1037,131,0.126326,S7f6,6x131 + 251* (q=5)
1038,467,0.449904,S3,1x571 + 467* (q=233)
1039,1039,1.000000,S1,"AGL(1,1039)"
1040,251,0.241346,S7f3,3x263 + 251* (q=5)
1041,347,0.333333,S2,3x347
1042,521,0.500000,S2,2x521
1043,149,0.142857,S2,7x149
1044,503,0.481801,S3,1x541 + 503* (q=251)
1045,347,0.332057,S7f2,2x349 + 347* (q=173)
1046,523,0.500000,S2,2x523
1047,349,0.333333,S2,3x349
1048,479,0.457061,S3,1x569 + 479* (q=239)
1049,1049,1.000000,S1,"AGL(1,1049)"
1050,503,0.479048,S3,1x547 + 503* (q=251)
1051,1051,1.000000,S1,"AGL(1,1051)"
1052,263,0.250000,S2,4x263
1053,347,0.329535,S7f2,2x347 + 359* (q=179)
1054,491,0.465844,S3,1x491 + 563* (q=281)
1055,211,0.200000,S2,5x211
1056,487,0.461174,S3,1x569 + 487* (q=3)
1057,349,0.330180,S7f2,2x349 + 359* (q=179)
1058,529,0.500000,S2,2x529
1059,353,0.333333,S2,3x353
1060,503,0.474528,S3,1x557 + 503* (q=251)
1061,1061,1.000000,S1,"AGL(1,1061)"
1062,499,0.469868,S3,1x499 + 563* (q=281)
1063,1063,1.000000,S1,"AGL(1,1063)"
1064,487,0.457707,S3,1x577 + 487* (q=3)
1065,353,0.331455,S7f2,2x353 + 359* (q=179)
1066,503,0.471857,S3,1x503 + 563* (q=281)
1067,139,0.130272,S11,3x139 + 163* + 487* (q=3)
1068,467,0.437266,S3,1x601 + 467* (q=233)
1069,1069,1.000000,S1,"AGL(1,1069)"
1070,263,0.245794,S7f3,3x269 + 263* (q=131)
1071,211,0.197012,S7f4,4x211 + 227* (q=113)
1072,509,0.474813,S3,1x509 + 563* (q=281)
1073,293,0.273066,S7f2,2x293 + 487* (q=3)
1074,503,0.468343,S3,1x571 + 503* (q=251)
1075,512,0.476279,S3,1x512 + 563* (q=281)
1076,347,0.322491,S3,1x729 + 347* (q=173)
1077,359,0.333333,S2,3x359
1078,491,0.455473,S3,1x491 + 587* (q=293)
1079,163,0.151066,S7f4,4x229 + 163* (q=3)
1080,503,0.465741,S3,1x577 + 503* (q=251)
1081,359,0.332100,S7f2,2x361 + 359* (q=179)
1082,541,0.500000,S2,2x541
1083,361,0.333333,S2,3x361
1084,521,0.480627,S3,1x521 + 563* (q=281)
1085,163,0.150230,S7f2,2x461 + 163* (q=3)
1086,523,0.481584,S3,1x523 + 563* (q=281)
1087,1087,1.000000,S1,"AGL(1,1087)"
1088,487,0.447610,S3,1x601 + 487* (q=3)
1089,353,0.324151,S7f2,2x353 + 383* (q=191)
1090,503,0.461468,S3,1x503 + 587* (q=293)
1091,1091,1.000000,S1,"AGL(1,1091)"
1092,529,0.484432,S3,1x529 + 563* (q=281)
1093,1093,1.000000,S1,"AGL(1,1093)"
1094,547,0.500000,S2,2x547
1095,257,0.234703,S7f2,2x419 + 257* (q=2)
1096,509,0.464416,S3,1x509 + 587* (q=293)
1097,1097,1.000000,S1,"AGL(1,1097)"
1098,479,0.436248,S3,1x619 + 479* (q=239)
1099,512,0.465878,S3,1x512 + 587* (q=293)
1100,487,0.442727,S3,1x613 + 487* (q=3)
1101,367,0.333333,S2,3x367
1102,503,0.456443,S3,1x599 + 503* (q=251)
1103,1103,1.000000,S1,"AGL(1,1103)"
1104,541,0.490036,S3,1x541 + 563* (q=281)
1105,361,0.326697,S7f2,2x361 + 383* (q=191)
1106,487,0.440325,S3,1x619 + 487* (q=3)
1107,211,0.190605,S7f4,4x211 + 263* (q=131)
1108,521,0.470217,S3,1x521 + 587* (q=293)
1109,1109,1.000000,S1,"AGL(1,1109)"
1110,547,0.492793,S3,1x547 + 563* (q=281)
1111,191,0.171917,S7f4,4x191 + 347* (q=173)
1112,487,0.437950,S3,1x625 + 487* (q=3)
1113,347,0.311770,S7f2,2x383 + 347* (q=173)
1114,557,0.500000,S2,2x557
1115,256,0.229596,S7f3,3x256 + 347* (q=173)
1116,529,0.474014,S3,1x529 + 587* (q=293)
1117,1117,1.000000,S1,"AGL(1,1117)"
1118,487,0.435599,S3,1x631 + 487* (q=3)
1119,373,0.333333,S2,3x373
1120,557,0.497321,S3,1x557 + 563* (q=281)
1121,317,0.282783,S7f2,2x317 + 487* (q=3)
1122,503,0.448307,S3,1x619 + 503* (q=251)
1123,1123,1.000000,S1,"AGL(1,1123)"
1124,281,0.250000,S2,4x281
1125,359,0.319111,S7f2,2x383 + 359* (q=179)
1126,563,0.500000,S2,2x563
1127,256,0.227152,S7f3,3x256 + 359* (q=179)
1128,541,0.479610,S3,1x541 + 587* (q=293)
1129,1129,1.000000,S1,"AGL(1,1129)"
1130,487,0.430973,S3,1x643 + 487* (q=3)
1131,193,0.170645,S7f4,4x193 + 359* (q=179)
1132,563,0.497350,S3,1x569 + 563* (q=281)
1133,151,0.133274,S7f6,6x151 + 227* (q=113)
1134,563,0.496473,S3,1x571 + 563* (q=281)
1135,257,0.226432,S7f2,2x439 + 257* (q=2)
1136,263,0.231514,S7f3,3x263 + 347* (q=173)
1137,379,0.333333,S2,3x379
1138,569,0.500000,S2,2x569
1139,167,0.146620,S7f4,4x243 + 167* (q=83)
1140,563,0.493860,S3,1x577 + 563* (q=281)
1141,379,0.332165,S7f2,2x379 + 383* (q=191)
1142,571,0.500000,S2,2x571
1143,257,0.224847,S7f2,2x443 + 257* (q=2)
1144,557,0.486888,S3,1x557 + 587* (q=293)
1145,229,0.200000,S2,5x229
1146,503,0.438918,S3,1x643 + 503* (q=251)
1147,197,0.171752,S7f4,4x197 + 359* (q=179)
1148,487,0.424216,S3,1x661 + 487* (q=3)
1149,383,0.333333,S2,3x383
1150,563,0.489565,S3,1x563 + 587* (q=293)
1151,1151,1.000000,S1,"AGL(1,1151)"
1152,479,0.415799,S3,1x673 + 479* (q=239)
1153,1153,1.000000,S1,"AGL(1,1153)"
1154,577,0.500000,S2,2x577
1155,257,0.222511,S7f2,2x449 + 257* (q=2)
1156,569,0.492215,S3,1x569 + 587* (q=293)
1157,163,0.140882,S7f6,6x163 + 179* (q=89)
1158,571,0.493092,S3,1x571 + 587* (q=293)
1159,227,0.195858,S7f4,4x227 + 251* (q=5)
1160,487,0.419828,S3,1x673 + 487* (q=3)
1161,383,0.329888,S7f2,2x389 + 383* (q=191)
1162,563,0.484509,S3,1x599 + 563* (q=281)
1163,1163,1.000000,S1,"AGL(1,1163)"
1164,577,0.495704,S3,1x577 + 587* (q=293)
1165,349,0.299571,S7f2,2x349 + 467* (q=233)
1166,269,0.230703,S7f3,3x269 + 359* (q=179)
1167,389,0.333333,S2,3x389
1168,467,0.399829,S3,1x701 + 467* (q=233)
1169,167,0.142857,S2,7x167
1170,563,0.481197,S3,1x607 + 563* (q=281)
1171,1171,1.000000,S1,"AGL(1,1171)"
1172,293,0.250000,S2,4x293
1173,353,0.300938,S7f2,2x353 + 467* (q=233)
1174,587,0.500000,S2,2x587
1175,89,0.075745,S7f12,12x89 + 107* (q=53)
1176,563,0.478741,S3,1x613 + 563* (q=281)
1177,383,0.325404,S7f2,2x397 + 383* (q=191)
1178,487,0.413413,S3,1x691 + 487* (q=3)
1179,257,0.217981,S7f2,2x461 + 257* (q=2)
1180,587,0.497458,S3,1x593 + 587* (q=293)
1181,1181,1.000000,S1,"AGL(1,1181)"
1182,563,0.476311,S3,1x619 + 563* (q=281)
1183,257,0.217244,S7f2,2x463 + 257* (q=2)
1184,263,0.222128,S7f3,3x307 + 263* (q=131)
1185,383,0.323207,S7f2,2x401 + 383* (q=191)
1186,593,0.500000,S2,2x593
1187,1187,1.000000,S1,"AGL(1,1187)"
1188,587,0.494108,S3,1x601 + 587* (q=293)
1189,361,0.303616,S7f2,2x361 + 467* (q=233)
1190,281,0.236134,S7f3,3x281 + 347* (q=173)
1191,397,0.333333,S2,3x397
1192,383,0.321309,S3,1x809 + 383* (q=191)
1193,1193,1.000000,S1,"AGL(1,1193)"
1194,587,0.491625,S3,1x607 + 587* (q=293)
1195,239,0.200000,S2,5x239
1196,487,0.407191,S3,1x709 + 487* (q=3)
1197,359,0.299916,S7f2,2x359 + 479* (q=239)
1198,599,0.500000,S2,2x599
1199,227,0.189324,S7f4,4x243 + 227* (q=113)
1200,587,0.489167,S3,1x613 + 587* (q=293)
1201,1201,1.000000,S1,"AGL(1,1201)"
1202,601,0.500000,S2,2x601
1203,401,0.333333,S2,3x401
1204,587,0.487542,S3,1x617 + 587* (q=293)
1205,359,0.297925,S7f2,2x359 + 487* (q=3)
1206,587,0.486733,S3,1x619 + 587* (q=293)
1207,239,0.198012,S7f4,4x239 + 251* (q=5)
1208,479,0.396523,S3,1x729 + 479* (q=239)
1209,361,0.298594,S7f2,2x361 + 487* (q=3)
1210,563,0.465289,S3,1x647 + 563* (q=281)
1211,181,0.149463,S7f4,4x181 + 487* (q=3)
1212,587,0.484323,S3,1x625 + 587* (q=293)
1213,1213,1.000000,S1,"AGL(1,1213)"
1214,607,0.500000,S2,2x607
1215,257,0.211523,S7f2,2x479 + 257* (q=2)
1216,563,0.462993,S3,1x653 + 563* (q=281)
1217,1217,1.000000,S1,"AGL(1,1217)"
1218,587,0.481938,S3,1x631 + 587* (q=293)
1219,239,0.196062,S7f4,4x239 + 263* (q=131)
1220,487,0.399180,S3,1x733 + 487* (q=3)
1221,383,0.313677,S7f2,2x419 + 383* (q=191)
1222,563,0.460720,S3,1x659 + 563* (q=281)
1223,1223,1.000000,S1,"AGL(1,1223)"
1224,563,0.459967,S3,1x661 + 563* (q=281)
1225,383,0.312653,S7f2,2x421 + 383* (q=191)
1226,613,0.500000,S2,2x613
1227,409,0.333333,S2,3x409
1228,587,0.478013,S3,1x641 + 587* (q=293)
1229,1229,1.000000,S1,"AGL(1,1229)"
1230,587,0.477236,S3,1x643 + 587* (q=293)
1231,1231,1.000000,S1,"AGL(1,1231)"
1232,503,0.408279,S3,1x729 + 503* (q=251)
1233,383,0.310624,S7f2,2x383 + 467* (q=233)
1234,617,0.500000,S2,2x617
1235,256,0.207287,S7f3,3x256 + 467* (q=233)
1236,563,0.455502,S3,1x673 + 563* (q=281)
1237,1237,1.000000,S1,"AGL(1,1237)"
1238,619,0.500000,S2,2x619
1239,257,0.207425,S7f2,2x491 + 257* (q=2)
1240,587,0.473387,S3,1x653 + 587* (q=293)
1241,169,0.136180,S7f6,6x169 + 227* (q=113)
1242,523,0.421095,S3,1x523 + 719* (q=359)
1243,191,0.153660,S7f4,4x191 + 479* (q=239)
1244,487,0.391479,S3,1x757 + 487* (q=3)
1245,389,0.312450,S7f2,2x389 + 467* (q=233)
1246,587,0.471108,S3,1x659 + 587* (q=293)
1247,256,0.205293,S7f3,3x256 + 479* (q=239)
1248,587,0.470353,S3,1x661 + 587* (q=293)
1249,1249,1.000000,S1,"AGL(1,1249)"
1250,625,0.500000,S2,2x625
1251,227,0.181455,S7f4,4x256 + 227* (q=113)
1252,479,0.382588,S3,1x773 + 479* (q=239)
1253,383,0.305666,S7f2,2x383 + 487* (q=3)
1254,563,0.448963,S3,1x691 + 563* (q=281)
1255,257,0.204781,S7f2,2x499 + 257* (q=2)
1256,487,0.387739,S3,1x769 + 487* (q=3)
1257,419,0.333333,S2,3x419
1258,419,0.333068,S3,1x419 + 839* (q=419)
1259,1259,1.000000,S1,"AGL(1,1259)"
1260,587,0.465873,S3,1x673 + 587* (q=293)
1261,397,0.314830,S7f2,2x397 + 467* (q=233)
1262,631,0.500000,S2,2x631
1263,421,0.333333,S2,3x421
1264,587,0.464399,S3,1x677 + 587* (q=293)
1265,389,0.307510,S7f2,2x389 + 487* (q=3)
1266,547,0.432070,S3,1x547 + 719* (q=359)
1267,251,0.198106,S7f4,4x251 + 263* (q=131)
1268,317,0.250000,S2,4x317
1269,401,0.315997,S7f2,2x401 + 467* (q=233)
1270,587,0.462205,S3,1x683 + 587* (q=293)
1271,256,0.201416,S7f3,3x256 + 503* (q=251)
1272,563,0.442610,S3,1x709 + 563* (q=281)
1273,397,0.311862,S7f2,2x397 + 479* (q=239)
1274,487,0.382261,S3,1x787 + 487* (q=3)
1275,257,0.201569,S7f2,2x509 + 257* (q=2)
1276,557,0.436520,S3,1x557 + 719* (q=359)
1277,1277,1.000000,S1,"AGL(1,1277)"
1278,587,0.459311,S3,1x691 + 587* (q=293)
1279,1279,1.000000,S1,"AGL(1,1279)"
1280,311,0.242969,S7f3,3x311 + 347* (q=173)
1281,401,0.313037,S7f2,2x401 + 479* (q=239)
1282,641,0.500000,S2,2x641
1283,1283,1.000000,S1,"AGL(1,1283)"
1284,487,0.379283,S3,1x797 + 487* (q=3)
1285,409,0.318288,S7f2,2x409 + 467* (q=233)
1286,643,0.500000,S2,2x643
1287,263,0.204351,S7f2,2x512 + 263* (q=131)
1288,587,0.455745,S3,1x701 + 587* (q=293)
1289,1289,1.000000,S1,"AGL(1,1289)"
1290,571,0.442636,S3,1x571 + 719* (q=359)
1291,1291,1.000000,S1,"AGL(1,1291)"
1292,563,0.435759,S3,1x729 + 563* (q=281)
1293,431,0.333333,S2,3x431
1294,647,0.500000,S2,2x647
1295,173,0.133591,S7f6,6x173 + 257* (q=2)
1296,587,0.452932,S3,1x709 + 587* (q=293)
1297,1297,1.000000,S1,"AGL(1,1297)"
1298,487,0.375193,S3,1x811 + 487* (q=3)
1299,433,0.333333,S2,3x433
1300,503,0.386923,S3,1x797 + 503* (q=251)
1301,1301,1.000000,S1,"AGL(1,1301)"
1302,563,0.432412,S3,1x739 + 563* (q=281)
1303,1303,1.000000,S1,"AGL(1,1303)"
1304,307,0.235429,S7f3,3x307 + 383* (q=191)
1305,419,0.321073,S7f2,2x419 + 467* (q=233)
1306,653,0.500000,S2,2x653
1307,1307,1.000000,S1,"AGL(1,1307)"
1308,487,0.372324,S3,1x821 + 487* (q=3)
1309,421,0.321620,S7f2,2x421 + 467* (q=233)
1310,487,0.371756,S3,1x823 + 487* (q=3)
1311,241,0.183829,S7f4,4x241 + 347* (q=173)
1312,593,0.451982,S3,1x593 + 719* (q=359)
1313,181,0.137852,S7f6,6x181 + 227* (q=113)
1314,587,0.446728,S3,1x727 + 587* (q=293)
1315,263,0.200000,S2,5x263
1316,587,0.446049,S3,1x729 + 587* (q=293)
1317,439,0.333333,S2,3x439
1318,659,0.500000,S2,2x659
1319,1319,1.000000,S1,"AGL(1,1319)"
1320,601,0.455303,S3,1x601 + 719* (q=359)
1321,1321,1.000000,S1,"AGL(1,1321)"
1322,661,0.500000,S2,2x661
1323,241,0.182162,S7f4,4x241 + 359* (q=179)
1324,563,0.425227,S3,1x761 + 563* (q=281)
1325,419,0.316226,S7f2,2x419 + 487* (q=3)
1326,607,0.457768,S3,1x607 + 719* (q=359)
1327,1327,1.000000,S1,"AGL(1,1327)"
1328,487,0.366717,S3,1x841 + 487* (q=3)
1329,443,0.333333,S2,3x443
1330,587,0.441353,S3,1x743 + 587* (q=293)
1331,1331,1.000000,S1,"AGL(1,1331)"
1332,613,0.460210,S3,1x613 + 719* (q=359)
1333,433,0.324831,S7f2,2x433 + 467* (q=233)
1334,317,0.237631,S7f3,3x317 + 383* (q=191)
1335,251,0.188015,S7f4,4x271 + 251* (q=5)
1336,617,0.461826,S3,1x617 + 719* (q=359)
1337,191,0.142857,S2,7x191
1338,619,0.462631,S3,1x619 + 719* (q=359)
1339,263,0.196415,S7f4,4x269 + 263* (q=131)
1340,487,0.363433,S3,1x853 + 487* (q=3)
1341,431,0.321402,S7f2,2x431 + 479* (q=239)
1342,503,0.374814,S3,1x503 + 839* (q=419)
1343,181,0.134773,S7f6,6x181 + 257* (q=2)
1344,625,0.465030,S3,1x625 + 719* (q=359)
1345,439,0.326394,S7f2,2x439 + 467* (q=233)
1346,673,0.500000,S2,2x673
1347,449,0.333333,S2,3x449
1348,587,0.435460,S3,1x761 + 587* (q=293)
1349,431,0.319496,S7f2,2x431 + 487* (q=3)
1350,631,0.467407,S3,1x631 + 719* (q=359)
1351,512,0.378979,S3,1x512 + 839* (q=419)
1352,331,0.244822,S7f3,3x331 + 359* (q=179)
1353,443,0.327421,S7f2,2x443 + 467* (q=233)
1354,677,0.500000,S2,2x677
1355,271,0.200000,S2,5x271
1356,587,0.432891,S3,1x769 + 587* (q=293)
1357,439,0.323508,S7f2,2x439 + 479* (q=239)
1358,337,0.248159,S7f3,3x337 + 347* (q=173)
1359,251,0.184695,S7f4,4x277 + 251* (q=5)
1360,641,0.471324,S3,1x641 + 719* (q=359)
1361,1361,1.000000,S1,"AGL(1,1361)"
1362,643,0.472100,S3,1x643 + 719* (q=359)
1363,251,0.184153,S7f4,4x251 + 359* (q=179)
1364,487,0.357038,S3,1x877 + 487* (q=3)
1365,449,0.328938,S7f2,2x449 + 467* (q=233)
1366,683,0.500000,S2,2x683
1367,1367,1.000000,S1,"AGL(1,1367)"
1368,529,0.386696,S3,1x529 + 839* (q=419)
1369,1369,1.000000,S1,"AGL(1,1369)"
1370,487,0.355474,S3,1x883 + 487* (q=3)
1371,457,0.333333,S2,3x457
1372,653,0.475948,S3,1x653 + 719* (q=359)
1373,1373,1.000000,S1,"AGL(1,1373)"
1374,587,0.427220,S3,1x787 + 587* (q=293)
1375,512,0.372364,S3,1x512 + 863* (q=431)
1376,343,0.249273,S7f3,3x343 + 347* (q=173)
1377,449,0.326071,S7f2,2x449 + 479* (q=239)
1378,659,0.478229,S3,1x659 + 719* (q=359)
1379,223,0.161711,S7f4,4x223 + 487* (q=3)
1380,661,0.478986,S3,1x661 + 719* (q=359)
1381,1381,1.000000,S1,"AGL(1,1381)"
1382,691,0.500000,S2,2x691
1383,461,0.333333,S2,3x461
1384,587,0.424133,S3,1x797 + 587* (q=293)
1385,449,0.324188,S7f2,2x449 + 487* (q=3)
1386,563,0.406205,S3,1x823 + 563* (q=281)
1387,263,0.189618,S7f4,4x281 + 263* (q=131)
1388,347,0.250000,S2,4x347
1389,463,0.333333,S2,3x463
1390,563,0.405036,S3,1x827 + 563* (q=281)
1391,163,0.117182,S7f4,4x307 + 163* (q=3)
1392,673,0.483477,S3,1x673 + 719* (q=359)
1393,463,0.332376,S7f2,2x463 + 467* (q=233)
1394,487,0.349354,S3,1x907 + 487* (q=3)
1395,263,0.188530,S7f4,4x283 + 263* (q=131)
1396,677,0.484957,S3,1x677 + 719* (q=359)
1397,191,0.136722,S7f6,6x191 + 251* (q=5)
1398,587,0.419886,S3,1x811 + 587* (q=293)
1399,1399,1.000000,S1,"AGL(1,1399)"
1400,347,0.247857,S7f3,3x347 + 359* (q=179)
1401,467,0.333333,S2,3x467
1402,701,0.500000,S2,2x701
1403,229,0.163222,S7f4,4x229 + 487* (q=3)
1404,563,0.400997,S3,1x841 + 563* (q=281)
1405,463,0.329537,S7f2,2x463 + 479* (q=239)
1406,487,0.346373,S3,1x919 + 487* (q=3)
1407,383,0.272210,S7f2,2x512 + 383* (q=191)
1408,587,0.416903,S3,1x821 + 587* (q=293)
1409,1409,1.000000,S1,"AGL(1,1409)"
1410,691,0.490071,S3,1x691 + 719* (q=359)
1411,263,0.186393,S7f4,4x263 + 359* (q=179)
1412,353,0.250000,S2,4x353
1413,467,0.330502,S7f2,2x467 + 479* (q=239)
1414,587,0.415134,S3,1x827 + 587* (q=293)
1415,283,0.200000,S2,5x283
1416,587,0.414548,S3,1x829 + 587* (q=293)
1417,457,0.322512,S7f2,2x457 + 503* (q=251)
1418,709,0.500000,S2,2x709
1419,263,0.185342,S7f4,4x289 + 263* (q=131)
1420,701,0.493662,S3,1x701 + 719* (q=359)
1421,467,0.328642,S7f2,2x467 + 487* (q=3)
1422,563,0.395921,S3,1x859 + 563* (q=281)
1423,1423,1.000000,S1,"AGL(1,1423)"
1424,487,0.341994,S3,1x937 + 487* (q=3)
1425,467,0.327719,S7f2,2x479 + 467* (q=233)
1426,587,0.411641,S3,1x587 + 839* (q=419)
1427,1427,1.000000,S1,"AGL(1,1427)"
1428,709,0.496499,S3,1x709 + 719* (q=359)
1429,1429,1.000000,S1,"AGL(1,1429)"
1430,349,0.244056,S7f3,3x349 + 383* (q=191)
1431,271,0.189378,S7f4,4x271 + 347* (q=173)
1432,593,0.414106,S3,1x593 + 839* (q=419)
1433,1433,1.000000,S1,"AGL(1,1433)"
1434,571,0.398187,S3,1x571 + 863* (q=431)
1435,269,0.187456,S7f4,4x269 + 359* (q=179)
1436,359,0.250000,S2,4x359
1437,479,0.333333,S2,3x479
1438,719,0.500000,S2,2x719
1439,1439,1.000000,S1,"AGL(1,1439)"
1440,601,0.417361,S3,1x601 + 839* (q=419)
1441,467,0.324080,S7f2,2x487 + 467* (q=233)
1442,359,0.248960,S7f3,3x361 + 359* (q=179)
1443,271,0.187803,S7f4,4x271 + 359* (q=179)
1444,587,0.406510,S3,1x857 + 587* (q=293)
1445,479,0.331488,S7f2,2x479 + 487* (q=3)
1446,719,0.497234,S3,1x727 + 719* (q=359)
1447,1447,1.000000,S1,"AGL(1,1447)"
1448,719,0.496547,S3,1x729 + 719* (q=359)
1449,467,0.322291,S7f2,2x491 + 467* (q=233)
1450,587,0.404828,S3,1x587 + 863* (q=431)
1451,1451,1.000000,S1,"AGL(1,1451)"
1452,719,0.495179,S3,1x733 + 719* (q=359)
1453,1453,1.000000,S1,"AGL(1,1453)"
1454,727,0.500000,S2,2x727
1455,277,0.190378,S7f4,4x277 + 347* (q=173)
1456,617,0.423764,S3,1x617 + 839* (q=419)
1457,199,0.136582,S7f6,6x199 + 263* (q=131)
1458,729,0.500000,S2,2x729
1459,1459,1.000000,S1,"AGL(1,1459)"
1460,359,0.245890,S7f3,3x359 + 383* (q=191)
1461,487,0.333333,S2,3x487
1462,719,0.491792,S3,1x743 + 719* (q=359)
1463,163,0.111415,S11,3x271 + 163* + 487* (q=3)
1464,625,0.426913,S3,1x625 + 839* (q=419)
1465,467,0.318771,S7f2,2x499 + 467* (q=233)
1466,733,0.500000,S2,2x733
1467,277,0.188821,S7f4,4x277 + 359* (q=179)
1468,587,0.399864,S3,1x881 + 587* (q=293)
1469,487,0.331518,S7f2,2x491 + 487* (q=3)
1470,719,0.489116,S3,1x751 + 719* (q=359)
1471,1471,1.000000,S1,"AGL(1,1471)"
1472,331,0.224864,S7f3,3x331 + 479* (q=239)
1473,491,0.333333,S2,3x491
1474,587,0.398236,S3,1x587 + 887* (q=443)
1475,243,0.164746,S7f4,4x243 + 503* (q=251)
1476,719,0.487127,S3,1x757 + 719* (q=359)
1477,487,0.329722,S7f2,2x487 + 503* (q=251)
1478,739,0.500000,S2,2x739
1479,283,0.191346,S7f4,4x283 + 347* (q=173)
1480,719,0.485811,S3,1x761 + 719* (q=359)
1481,1481,1.000000,S1,"AGL(1,1481)"
1482,643,0.433873,S3,1x643 + 839* (q=419)
1483,1483,1.000000,S1,"AGL(1,1483)"
1484,487,0.328167,S3,1x997 + 487* (q=3)
1485,491,0.330640,S7f2,2x491 + 503* (q=251)
1486,743,0.500000,S2,2x743
1487,1487,1.000000,S1,"AGL(1,1487)"
1488,719,0.483199,S3,1x769 + 719* (q=359)
1489,1489,1.000000,S1,"AGL(1,1489)"
1490,337,0.226174,S7f3,3x337 + 479* (q=239)
1491,467,0.313213,S7f2,2x512 + 467* (q=233)
1492,719,0.481903,S3,1x773 + 719* (q=359)
1493,1493,1.000000,S1,"AGL(1,1493)"
1494,631,0.422356,S3,1x631 + 863* (q=431)
1495,512,0.342475,S3,1x512 + 983* (q=491)
1496,487,0.325535,S3,1x1009 + 487* (q=3)
1497,499,0.333333,S2,3x499
1498,659,0.439920,S3,1x659 + 839* (q=419)
1499,1499,1.000000,S1,"AGL(1,1499)"
1500,661,0.440667,S3,1x661 + 839* (q=419)
1501,499,0.332445,S7f2,2x499 + 503* (q=251)
1502,751,0.500000,S2,2x751
1503,479,0.318696,S7f2,2x512 + 479* (q=239)
1504,641,0.426197,S3,1x641 + 863* (q=431)
1505,487,0.323588,S7f2,2x509 + 487* (q=3)
1506,719,0.477424,S3,1x787 + 719* (q=359)
1507,281,0.186463,S7f4,4x281 + 383* (q=191)
1508,487,0.322944,S3,1x1021 + 487* (q=3)
1509,503,0.333333,S2,3x503
1510,647,0.428477,S3,1x647 + 863* (q=431)
1511,1511,1.000000,S1,"AGL(1,1511)"
1512,673,0.445106,S3,1x673 + 839* (q=419)
1513,467,0.308658,S7f2,2x523 + 467* (q=233)
1514,757,0.500000,S2,2x757
1515,289,0.190759,S7f4,4x289 + 359* (q=179)
1516,719,0.474274,S3,1x797 + 719* (q=359)
1517,211,0.139090,S7f6,6x211 + 251* (q=5)
1518,631,0.415679,S3,1x631 + 887* (q=443)
1519,293,0.192890,S7f4,4x293 + 347* (q=173)
1520,487,0.320395,S3,1x1033 + 487* (q=3)
1521,503,0.330703,S7f2,2x509 + 503* (q=251)
1522,761,0.500000,S2,2x761
1523,1523,1.000000,S1,"AGL(1,1523)"
1524,661,0.433727,S3,1x661 + 863* (q=431)
1525,479,0.314098,S7f2,2x523 + 479* (q=239)
1526,487,0.319135,S3,1x1039 + 487* (q=3)
1527,509,0.333333,S2,3x509
1528,719,0.470550,S3,1x809 + 719* (q=359)
1529,487,0.318509,S7f2,2x521 + 487* (q=3)
1530,719,0.469935,S3,1x811 + 719* (q=359)
1531,1531,1.000000,S1,"AGL(1,1531)"
1532,383,0.250000,S2,4x383
1533,487,0.317678,S7f2,2x523 + 487* (q=3)
1534,647,0.421773,S3,1x647 + 887* (q=443)
1535,307,0.200000,S2,5x307
1536,673,0.438151,S3,1x673 + 863* (q=431)
1537,487,0.316851,S7f2,2x487 + 563* (q=281)
1538,769,0.500000,S2,2x769
1539,289,0.187784,S7f4,4x289 + 383* (q=191)
1540,719,0.466883,S3,1x821 + 719* (q=359)
1541,199,0.129137,S7f6,6x199 + 347* (q=173)
1542,719,0.466278,S3,1x823 + 719* (q=359)
1543,1543,1.000000,S1,"AGL(1,1543)"
1544,359,0.232513,S7f3,3x359 + 467* (q=233)
1545,503,0.325566,S7f2,2x521 + 503* (q=251)
1546,773,0.500000,S2,2x773
1547,163,0.105365,S7f8,8x173 + 163* (q=3)
1548,719,0.464470,S3,1x829 + 719* (q=359)
1549,1549,1.000000,S1,"AGL(1,1549)"
1550,487,0.314194,S3,1x1063 + 487* (q=3)
1551,271,0.174726,S7f4,4x271 + 467* (q=233)
1552,569,0.366624,S3,1x569 + 983* (q=491)
1553,1553,1.000000,S1,"AGL(1,1553)"
1554,691,0.444659,S3,1x691 + 863* (q=431)
1555,311,0.200000,S2,5x311
1556,487,0.312982,S3,1x1069 + 487* (q=3)
1557,419,0.269107,S7f2,2x419 + 719* (q=359)
1558,719,0.461489,S3,1x719 + 839* (q=419)
1559,1559,1.000000,S1,"AGL(1,1559)"
1560,719,0.460897,S3,1x841 + 719* (q=359)
1561,503,0.322229,S7f2,2x529 + 503* (q=251)
1562,361,0.231114,S7f3,3x361 + 479* (q=239)
1563,521,0.333333,S2,3x521
1564,701,0.448210,S3,1x701 + 863* (q=431)
1565,313,0.200000,S2,5x313
1566,727,0.464240,S3,1x727 + 839* (q=419)
1567,1567,1.000000,S1,"AGL(1,1567)"
1568,729,0.464923,S3,1x729 + 839* (q=419)
1569,523,0.333333,S2,3x523
1570,683,0.435032,S3,1x683 + 887* (q=443)
1571,1571,1.000000,S1,"AGL(1,1571)"
1572,733,0.466285,S3,1x733 + 839* (q=419)
1573,479,0.304514,S7f2,2x547 + 479* (q=239)
1574,787,0.500000,S2,2x787
1575,307,0.194921,S7f4,4x307 + 347* (q=173)
1576,719,0.456218,S3,1x857 + 719* (q=359)
1577,199,0.126189,S7f6,6x199 + 383* (q=191)
1578,739,0.468314,S3,1x739 + 839* (q=419)
1579,1579,1.000000,S1,"AGL(1,1579)"
1580,487,0.308228,S3,1x1093 + 487* (q=3)
1581,509,0.321948,S7f2,2x509 + 563* (q=281)
1582,743,0.469659,S3,1x743 + 839* (q=419)
1583,1583,1.000000,S1,"AGL(1,1583)"
1584,601,0.379419,S3,1x601 + 983* (q=491)
1585,503,0.317350,S7f2,2x541 + 503* (q=251)
1586,383,0.241488,S7f3,3x401 + 383* (q=191)
1587,563,0.354757,S3,1x1024 + 563* (q=281)
1588,701,0.441436,S3,1x701 + 887* (q=443)
1589,227,0.142857,S2,7x227
1590,751,0.472327,S3,1x751 + 839* (q=419)
1591,311,0.195475,S7f4,4x311 + 347* (q=173)
1592,729,0.457915,S3,1x729 + 863* (q=431)
1593,503,0.315756,S7f2,2x503 + 587* (q=293)
1594,797,0.500000,S2,2x797
1595,277,0.173668,S7f4,4x277 + 487* (q=3)
1596,757,0.474311,S3,1x757 + 839* (q=419)
1597,1597,1.000000,S1,"AGL(1,1597)"
1598,373,0.233417,S7f3,3x373 + 479* (q=239)
1599,313,0.195747,S7f4,4x313 + 347* (q=173)
1600,761,0.475625,S3,1x761 + 839* (q=419)
1601,1601,1.000000,S1,"AGL(1,1601)"
1602,739,0.461298,S3,1x739 + 863* (q=431)
1603,311,0.194011,S7f4,4x311 + 359* (q=179)
1604,487,0.303616,S3,1x1117 + 487* (q=3)
1605,521,0.324611,S7f2,2x521 + 563* (q=281)
1606,743,0.462640,S3,1x743 + 863* (q=431)
1607,1607,1.000000,S1,"AGL(1,1607)"
1608,769,0.478234,S3,1x769 + 839* (q=419)
1609,1609,1.000000,S1,"AGL(1,1609)"
1610,487,0.302484,S3,1x1123 + 487* (q=3)
1611,587,0.364370,S3,1x1024 + 587* (q=293)
1612,773,0.479529,S3,1x773 + 839* (q=419)
1613,1613,1.000000,S1,"AGL(1,1613)"
1614,751,0.465304,S3,1x751 + 863* (q=431)
1615,317,0.196285,S7f4,4x317 + 347* (q=173)
1616,729,0.451114,S3,1x729 + 887* (q=443)
1617,503,0.311070,S7f2,2x557 + 503* (q=251)
1618,809,0.500000,S2,2x809
1619,1619,1.000000,S1,"AGL(1,1619)"
1620,757,0.467284,S3,1x757 + 863* (q=431)
1621,1621,1.000000,S1,"AGL(1,1621)"
1622,811,0.500000,S2,2x811
1623,541,0.333333,S2,3x541
1624,761,0.468596,S3,1x761 + 863* (q=431)
1625,487,0.299692,S7f2,2x569 + 487* (q=3)
1626,787,0.484010,S3,1x787 + 839* (q=419)
1627,1627,1.000000,S1,"AGL(1,1627)"
1628,383,0.235258,S7f3,3x383 + 479* (q=239)
1629,521,0.319828,S7f2,2x521 + 587* (q=293)
1630,743,0.455828,S3,1x743 + 887* (q=443)
1631,256,0.156959,S7f3,3x256 + 863* (q=431)
1632,769,0.471201,S3,1x769 + 863* (q=431)
1633,523,0.320269,S7f2,2x523 + 587* (q=293)
1634,389,0.238066,S7f3,3x389 + 467* (q=233)
1635,313,0.191437,S7f4,4x313 + 383* (q=191)
1636,797,0.487164,S3,1x797 + 839* (q=419)
1637,1637,1.000000,S1,"AGL(1,1637)"
1638,751,0.458486,S3,1x751 + 887* (q=443)
1639,293,0.178768,S7f4,4x293 + 467* (q=233)
1640,487,0.296951,S3,1x1153 + 487* (q=3)
1641,547,0.333333,S2,3x547
1642,821,0.500000,S2,2x821
1643,289,0.175898,S7f4,4x289 + 487* (q=3)
1644,757,0.460462,S3,1x757 + 887* (q=443)
1645,541,0.328875,S7f2,2x541 + 563* (q=281)
1646,823,0.500000,S2,2x823
1647,271,0.164542,S7f4,4x271 + 563* (q=281)
1648,809,0.490898,S3,1x809 + 839* (q=419)
1649,233,0.141298,S7f6,6x233 + 251* (q=5)
1650,811,0.491515,S3,1x811 + 839* (q=419)
1651,317,0.192005,S7f4,4x317 + 383* (q=191)
1652,383,0.231840,S7f3,3x383 + 503* (q=251)
1653,479,0.289776,S7f2,2x587 + 479* (q=239)
1654,827,0.500000,S2,2x827
1655,331,0.200000,S2,5x331
1656,769,0.464372,S3,1x769 + 887* (q=443)
1657,1657,1.000000,S1,"AGL(1,1657)"
1658,829,0.500000,S2,2x829
1659,293,0.176612,S7f4,4x293 + 487* (q=3)
1660,821,0.494578,S3,1x821 + 839* (q=419)
1661,487,0.293197,S7f2,2x587 + 487* (q=3)
1662,823,0.495187,S3,1x823 + 839* (q=419)
1663,1663,1.000000,S1,"AGL(1,1663)"
1664,367,0.220553,S7f3,3x367 + 563* (q=281)
1665,479,0.287688,S7f2,2x593 + 479* (q=239)
1666,827,0.496399,S3,1x827 + 839* (q=419)
1667,1667,1.000000,S1,"AGL(1,1667)"
1668,829,0.497002,S3,1x829 + 839* (q=419)
1669,1669,1.000000,S1,"AGL(1,1669)"
1670,401,0.240120,S7f3,3x401 + 467* (q=233)
1671,557,0.333333,S2,3x557
1672,809,0.483852,S3,1x809 + 863* (q=431)
1673,487,0.291094,S7f2,2x593 + 487* (q=3)
1674,811,0.484468,S3,1x811 + 863* (q=431)
1675,293,0.174925,S7f4,4x293 + 503* (q=251)
1676,419,0.250000,S2,4x419
1677,557,0.332141,S7f2,2x557 + 563* (q=281)
1678,839,0.500000,S2,2x839
1679,163,0.097082,S7f4,4x379 + 163* (q=3)
1680,839,0.499405,S3,1x841 + 839* (q=419)
1681,1681,1.000000,S1,"AGL(1,1681)"
1682,841,0.500000,S2,2x841
1683,331,0.196673,S7f4,4x331 + 359* (q=179)
1684,821,0.487530,S3,1x821 + 863* (q=431)
1685,487,0.289021,S7f2,2x599 + 487* (q=3)
1686,823,0.488138,S3,1x823 + 863* (q=431)
1687,281,0.166568,S7f4,4x281 + 563* (q=281)
1688,487,0.288507,S3,1x1201 + 487* (q=3)
1689,563,0.333333,S2,3x563
1690,827,0.489349,S3,1x827 + 863* (q=431)
1691,243,0.143702,S7f4,4x243 + 719* (q=359)
1692,839,0.495863,S3,1x853 + 839* (q=419)
1693,1693,1.000000,S1,"AGL(1,1693)"
1694,409,0.241440,S7f3,3x409 + 467* (q=233)
1695,337,0.198820,S7f4,4x337 + 347* (q=173)
1696,839,0.494693,S3,1x857 + 839* (q=419)
1697,1697,1.000000,S1,"AGL(1,1697)"
1698,839,0.494111,S3,1x859 + 839* (q=419)
1699,1699,1.000000,S1,"AGL(1,1699)"
1700,487,0.286471,S3,1x1213 + 487* (q=3)
1701,563,0.330982,S7f2,2x569 + 563* (q=281)
1702,839,0.492949,S3,1x839 + 863* (q=431)
1703,241,0.141515,S7f6,6x241 + 257* (q=2)
1704,841,0.493545,S3,1x841 + 863* (q=431)
1705,563,0.330205,S7f2,2x571 + 563* (q=281)
1706,853,0.500000,S2,2x853
1707,569,0.333333,S2,3x569
1708,821,0.480679,S3,1x821 + 887* (q=443)
1709,1709,1.000000,S1,"AGL(1,1709)"
1710,823,0.481287,S3,1x823 + 887* (q=443)
1711,311,0.181765,S7f4,4x311 + 467* (q=233)
1712,729,0.425818,S3,1x729 + 983* (q=491)
1713,571,0.333333,S2,3x571
1714,857,0.500000,S2,2x857
1715,343,0.200000,S2,5x343
1716,853,0.497086,S3,1x853 + 863* (q=431)
1717,563,0.327897,S7f2,2x577 + 563* (q=281)
1718,859,0.500000,S2,2x859
1719,343,0.199535,S7f4,4x343 + 347* (q=173)
1720,857,0.498256,S3,1x857 + 863* (q=431)
1721,1721,1.000000,S1,"AGL(1,1721)"
1722,859,0.498839,S3,1x859 + 863* (q=431)
1723,1723,1.000000,S1,"AGL(1,1723)"
1724,487,0.282483,S3,1x1237 + 487* (q=3)
1725,569,0.329855,S7f2,2x569 + 587* (q=293)
1726,863,0.500000,S2,2x863
1727,163,0.094383,S11,3x359 + 163* + 487* (q=3)
1728,841,0.486690,S3,1x841 + 887* (q=443)
1729,571,0.330249,S7f2,2x571 + 587* (q=293)
1730,421,0.243353,S7f3,3x421 + 467* (q=233)
1731,577,0.333333,S2,3x577
1732,719,0.415127,S3,1x1013 + 719* (q=359)
1733,1733,1.000000,S1,"AGL(1,1733)"
1734,751,0.433103,S3,1x751 + 983* (q=491)
1735,347,0.200000,S2,5x347
1736,487,0.280530,S3,1x1249 + 487* (q=3)
1737,563,0.324122,S7f2,2x587 + 563* (q=281)
1738,719,0.413694,S3,1x719 + 1019* (q=509)
1739,313,0.179988,S7f4,4x313 + 487* (q=3)
1740,863,0.495977,S3,1x877 + 863* (q=431)
1741,1741,1.000000,S1,"AGL(1,1741)"
1742,421,0.241676,S7f3,3x421 + 479* (q=239)
1743,719,0.412507,S3,1x1024 + 719* (q=359)
1744,863,0.494839,S3,1x881 + 863* (q=431)
1745,349,0.200000,S2,5x349
1746,863,0.494273,S3,1x883 + 863* (q=431)
1747,1747,1.000000,S1,"AGL(1,1747)"
1748,729,0.417048,S3,1x729 + 1019* (q=509)
1749,563,0.321898,S7f2,2x593 + 563* (q=281)
1750,863,0.493143,S3,1x863 + 887* (q=443)
1751,256,0.146202,S7f3,3x256 + 983* (q=491)
1752,769,0.438927,S3,1x769 + 983* (q=491)
1753,1753,1.000000,S1,"AGL(1,1753)"
1754,877,0.500000,S2,2x877
1755,349,0.198860,S7f4,4x349 + 359* (q=179)
1756,773,0.440205,S3,1x773 + 983* (q=491)
1757,251,0.142857,S2,7x251
1758,839,0.477247,S3,1x919 + 839* (q=419)
1759,1759,1.000000,S1,"AGL(1,1759)"
1760,431,0.244886,S7f3,3x431 + 467* (q=233)
1761,587,0.333333,S2,3x587
1762,881,0.500000,S2,2x881
1763,251,0.142371,S7f6,6x251 + 257* (q=2)
1764,877,0.497166,S3,1x877 + 887* (q=443)
1765,563,0.318980,S7f2,2x601 + 563* (q=281)
1766,883,0.500000,S2,2x883
1767,256,0.144878,S7f5,5x256 + 487* (q=3)
1768,881,0.498303,S3,1x881 + 887* (q=443)
1769,487,0.275297,S7f2,2x641 + 487* (q=3)
1770,883,0.498870,S3,1x883 + 887* (q=443)
1771,353,0.199322,S7f4,4x353 + 359* (q=179)
1772,443,0.250000,S2,4x443
1773,587,0.331077,S7f2,2x593 + 587* (q=293)
1774,887,0.500000,S2,2x887
1775,127,0.071549,S7f12,12x127 + 251* (q=5)
1776,839,0.472410,S3,1x937 + 839* (q=419)
1777,1777,1.000000,S1,"AGL(1,1777)"
1778,487,0.273903,S3,1x1291 + 487* (q=3)
1779,593,0.333333,S2,3x593
1780,839,0.471348,S3,1x941 + 839* (q=419)
1781,487,0.273442,S7f2,2x647 + 487* (q=3)
1782,863,0.484287,S3,1x919 + 863* (q=431)
1783,1783,1.000000,S1,"AGL(1,1783)"
1784,487,0.272982,S3,1x1297 + 487* (q=3)
1785,587,0.328852,S7f2,2x599 + 587* (q=293)
1786,839,0.469765,S3,1x947 + 839* (q=419)
1787,1787,1.000000,S1,"AGL(1,1787)"
1788,769,0.430089,S3,1x769 + 1019* (q=509)
1789,1789,1.000000,S1,"AGL(1,1789)"
1790,487,0.272067,S3,1x1303 + 487* (q=3)
1791,347,0.193747,S7f4,4x361 + 347* (q=173)
1792,863,0.481585,S3,1x929 + 863* (q=431)
1793,487,0.271612,S7f2,2x653 + 487* (q=3)
1794,887,0.494426,S3,1x907 + 887* (q=443)
1795,512,0.285237,S3,1x512 + 1283* (q=641)
1796,449,0.250000,S2,4x449
1797,599,0.333333,S2,3x599
1798,887,0.493326,S3,1x911 + 887* (q=443)
1799,263,0.146192,S7f3,3x512 + 263* (q=131)
1800,863,0.479444,S3,1x937 + 863* (q=431)
1801,1801,1.000000,S1,"AGL(1,1801)"
1802,433,0.240289,S7f3,3x433 + 503* (q=251)
1803,601,0.333333,S2,3x601
1804,863,0.478381,S3,1x941 + 863* (q=431)
1805,487,0.269806,S7f2,2x659 + 487* (q=3)
1806,887,0.491141,S3,1x919 + 887* (q=443)
1807,311,0.172108,S7f4,4x311 + 563* (q=281)
1808,487,0.269358,S3,1x1321 + 487* (q=3)
1809,503,0.278054,S7f2,2x653 + 503* (q=251)
1810,863,0.476796,S3,1x947 + 863* (q=431)
1811,1811,1.000000,S1,"AGL(1,1811)"
1812,829,0.457506,S3,1x829 + 983* (q=491)
1813,587,0.323773,S7f2,2x613 + 587* (q=293)
1814,907,0.500000,S2,2x907
1815,347,0.191185,S7f4,4x367 + 347* (q=173)
1816,887,0.488436,S3,1x929 + 887* (q=443)
1817,359,0.197578,S7f2,2x729 + 359* (q=179)
1818,631,0.347085,S3,1x631 + 1187* (q=593)
1819,512,0.281473,S3,1x512 + 1307* (q=653)
1820,439,0.241209,S7f3,3x439 + 503* (q=251)
1821,607,0.333333,S2,3x607
1822,911,0.500000,S2,2x911
1823,1823,1.000000,S1,"AGL(1,1823)"
1824,887,0.486294,S3,1x937 + 887* (q=443)
1825,587,0.321644,S7f2,2x619 + 587* (q=293)
1826,449,0.245893,S7f3,3x449 + 479* (q=239)
1827,361,0.197592,S7f4,4x361 + 383* (q=191)
1828,887,0.485230,S3,1x941 + 887* (q=443)
1829,251,0.137233,S7f6,6x263 + 251* (q=5)
1830,863,0.471585,S3,1x967 + 863* (q=431)
1831,1831,1.000000,S1,"AGL(1,1831)"
1832,443,0.241812,S7f3,3x443 + 503* (q=251)
1833,557,0.303873,S7f2,2x557 + 719* (q=359)
1834,887,0.483642,S3,1x947 + 887* (q=443)
1835,367,0.200000,S2,5x367
1836,853,0.464597,S3,1x853 + 983* (q=491)
1837,587,0.319543,S7f2,2x625 + 587* (q=293)
1838,919,0.500000,S2,2x919
1839,613,0.333333,S2,3x613
1840,887,0.482065,S3,1x953 + 887* (q=443)
1841,487,0.264530,S7f2,2x677 + 487* (q=3)
1842,859,0.466341,S3,1x859 + 983* (q=491)
1843,281,0.152469,S7f4,4x281 + 719* (q=359)
1844,461,0.250000,S2,4x461
1845,563,0.305149,S7f2,2x563 + 719* (q=359)
1846,863,0.467497,S3,1x863 + 983* (q=491)
1847,1847,1.000000,S1,"AGL(1,1847)"
1848,887,0.479978,S3,1x961 + 887* (q=443)
1849,1849,1.000000,S1,"AGL(1,1849)"
1850,461,0.249189,S7f3,3x461 + 467* (q=233)
1851,617,0.333333,S2,3x617
1852,839,0.453024,S3,1x1013 + 839* (q=419)
1853,487,0.262817,S7f2,2x683 + 487* (q=3)
1854,887,0.478425,S3,1x967 + 887* (q=443)
1855,347,0.187062,S7f4,4x347 + 467* (q=233)
1856,487,0.262392,S3,1x1369 + 487* (q=3)
1857,619,0.333333,S2,3x619
1858,929,0.500000,S2,2x929
1859,343,0.184508,S7f4,4x343 + 487* (q=3)
1860,877,0.471505,S3,1x877 + 983* (q=491)
1861,1861,1.000000,S1,"AGL(1,1861)"
1862,461,0.247583,S7f3,3x461 + 479* (q=239)
1863,839,0.450349,S3,1x1024 + 839* (q=419)
1864,887,0.475858,S3,1x977 + 887* (q=443)
1865,373,0.200000,S2,5x373
1866,883,0.473205,S3,1x883 + 983* (q=491)
1867,1867,1.000000,S1,"AGL(1,1867)"
1868,487,0.260707,S3,1x1381 + 487* (q=3)
1869,587,0.314072,S7f2,2x641 + 587* (q=293)
1870,887,0.474332,S3,1x887 + 983* (q=491)
1871,1871,1.000000,S1,"AGL(1,1871)"
1872,863,0.461004,S3,1x1009 + 863* (q=431)
1873,1873,1.000000,S1,"AGL(1,1873)"
1874,937,0.500000,S2,2x937
1875,625,0.333333,S2,3x625
1876,863,0.460021,S3,1x1013 + 863* (q=431)
1877,1877,1.000000,S1,"AGL(1,1877)"
1878,887,0.472311,S3,1x991 + 887* (q=443)
1879,1879,1.000000,S1,"AGL(1,1879)"
1880,467,0.248404,S7f3,3x467 + 479* (q=239)
1881,587,0.312068,S7f2,2x647 + 587* (q=293)
1882,941,0.500000,S2,2x941
1883,349,0.185343,S7f4,4x349 + 487* (q=3)
1884,887,0.470807,S3,1x997 + 887* (q=443)
1885,563,0.298674,S7f2,2x661 + 563* (q=281)
1886,487,0.258218,S3,1x1399 + 487* (q=3)
1887,863,0.457340,S3,1x1024 + 863* (q=431)
1888,839,0.444386,S3,1x1049 + 839* (q=419)
1889,1889,1.000000,S1,"AGL(1,1889)"
1890,907,0.479894,S3,1x907 + 983* (q=491)
1891,359,0.189847,S7f4,4x383 + 359* (q=179)
1892,463,0.244715,S7f3,3x463 + 503* (q=251)
1893,631,0.333333,S2,3x631
1894,947,0.500000,S2,2x947
1895,379,0.200000,S2,5x379
1896,887,0.467827,S3,1x1009 + 887* (q=443)
1897,529,0.278861,S7f2,2x529 + 839* (q=419)
1898,439,0.231296,S3,1x439 + 1459* (q=3)
1899,379,0.199579,S7f4,4x379 + 383* (q=191)
1900,887,0.466842,S3,1x1013 + 887* (q=443)
1901,1901,1.000000,S1,"AGL(1,1901)"
1902,919,0.483176,S3,1x919 + 983* (q=491)
1903,359,0.188650,S7f4,4x359 + 467* (q=233)
1904,467,0.245273,S7f3,3x467 + 503* (q=251)
1905,593,0.311286,S7f2,2x593 + 719* (q=359)
1906,953,0.500000,S2,2x953
1907,1907,1.000000,S1,"AGL(1,1907)"
1908,887,0.464885,S3,1x1021 + 887* (q=443)
1909,587,0.307491,S7f2,2x661 + 587* (q=293)
1910,487,0.254974,S3,1x1423 + 487* (q=3)
1911,887,0.464155,S3,1x1024 + 887* (q=443)
1912,929,0.485879,S3,1x929 + 983* (q=491)
1913,1913,1.000000,S1,"AGL(1,1913)"
1914,863,0.450888,S3,1x1051 + 863* (q=431)
1915,383,0.200000,S2,5x383
1916,729,0.380480,S3,1x729 + 1187* (q=593)
1917,599,0.312467,S7f2,2x599 + 719* (q=359)
1918,887,0.462461,S3,1x1031 + 887* (q=443)
1919,383,0.199583,S7f3,3x512 + 383* (q=191)
1920,937,0.488021,S3,1x937 + 983* (q=491)
1921,601,0.312858,S7f2,2x601 + 719* (q=359)
1922,961,0.500000,S2,2x961
1923,641,0.333333,S2,3x641
1924,941,0.489085,S3,1x941 + 983* (q=491)
1925,487,0.252987,S7f2,2x719 + 487* (q=3)
1926,907,0.470924,S3,1x907 + 1019* (q=509)
1927,251,0.130254,S7f4,4x419 + 251* (q=5)
1928,467,0.242220,S7f3,3x487 + 467* (q=233)
1929,643,0.333333,S2,3x643
1930,947,0.490674,S3,1x947 + 983* (q=491)
1931,1931,1.000000,S1,"AGL(1,1931)"
1932,863,0.446687,S3,1x1069 + 863* (q=431)
1933,1933,1.000000,S1,"AGL(1,1933)"
1934,967,0.500000,S2,2x967
1935,367,0.189664,S7f4,4x367 + 467* (q=233)
1936,953,0.492252,S3,1x953 + 983* (q=491)
1937,479,0.247290,S7f2,2x729 + 479* (q=239)
1938,919,0.474200,S3,1x919 + 1019* (q=509)
1939,383,0.197524,S7f4,4x389 + 383* (q=191)
1940,487,0.251031,S3,1x1453 + 487* (q=3)
1941,647,0.333333,S2,3x647
1942,971,0.500000,S2,2x971
1943,257,0.132270,S7f6,6x281 + 257* (q=2)
1944,961,0.494342,S3,1x961 + 983* (q=491)
1945,613,0.315167,S7f2,2x613 + 719* (q=359)
1946,487,0.250257,S3,1x487 + 1459* (q=3)
1947,367,0.188495,S7f4,4x367 + 479* (q=239)
1948,929,0.476899,S3,1x929 + 1019* (q=509)
1949,1949,1.000000,S1,"AGL(1,1949)"
1950,967,0.495897,S3,1x967 + 983* (q=491)
1951,1951,1.000000,S1,"AGL(1,1951)"
1952,479,0.245389,S7f3,3x491 + 479* (q=239)
1953,617,0.315924,S7f2,2x617 + 719* (q=359)
1954,977,0.500000,S2,2x977
1955,367,0.187724,S7f4,4x367 + 487* (q=3)
1956,937,0.479039,S3,1x937 + 1019* (q=509)
1957,619,0.316300,S7f2,2x619 + 719* (q=359)
1958,499,0.254852,S3,1x499 + 1459* (q=3)
1959,653,0.333333,S2,3x653
1960,977,0.498469,S3,1x977 + 983* (q=491)
1961,503,0.256502,S7f2,2x729 + 503* (q=251)
1962,839,0.427625,S3,1x1123 + 839* (q=419)
1963,359,0.182883,S7f4,4x401 + 359* (q=179)
1964,491,0.250000,S2,4x491
1965,563,0.286514,S7f2,2x563 + 839* (q=419)
1966,983,0.500000,S2,2x983
1967,281,0.142857,S2,7x281
1968,839,0.426321,S3,1x1129 + 839* (q=419)
1969,625,0.317420,S7f2,2x625 + 719* (q=359)
1970,487,0.247208,S3,1x1483 + 487* (q=3)
1971,512,0.259767,S3,1x512 + 1459* (q=3)
1972,953,0.483266,S3,1x953 + 1019* (q=509)
1973,1973,1.000000,S1,"AGL(1,1973)"
1974,983,0.497974,S3,1x991 + 983* (q=491)
1975,353,0.178734,S7f4,4x353 + 563* (q=281)
1976,491,0.248482,S7f3,3x491 + 503* (q=251)
1977,659,0.333333,S2,3x659
1978,887,0.448433,S3,1x1091 + 887* (q=443)
1979,1979,1.000000,S1,"AGL(1,1979)"
1980,983,0.496465,S3,1x997 + 983* (q=491)
1981,631,0.318526,S7f2,2x631 + 719* (q=359)
1982,991,0.500000,S2,2x991
1983,661,0.333333,S2,3x661
1984,887,0.447077,S3,1x1097 + 887* (q=443)
1985,397,0.200000,S2,5x397
1986,967,0.486908,S3,1x967 + 1019* (q=509)
1987,1987,1.000000,S1,"AGL(1,1987)"
1988,529,0.266097,S3,1x529 + 1459* (q=3)
1989,587,0.295123,S7f2,2x701 + 587* (q=293)
1990,971,0.487940,S3,1x971 + 1019* (q=509)
1991,257,0.129081,S7f6,6x289 + 257* (q=2)
1992,983,0.493474,S3,1x1009 + 983* (q=491)
1993,1993,1.000000,S1,"AGL(1,1993)"
1994,997,0.500000,S2,2x997
1995,379,0.189975,S7f4,4x379 + 479* (q=239)
1996,983,0.492485,S3,1x1013 + 983* (q=491)
1997,1997,1.000000,S1,"AGL(1,1997)"
1998,811,0.405906,S3,1x811 + 1187* (q=593)
1999,1999,1.000000,S1,"AGL(1,1999)"
2000,541,0.270500,S3,1x541 + 1459* (q=3)
2001,641,0.320340,S7f2,2x641 + 719* (q=359)
2002,983,0.491009,S3,1x983 + 1019* (q=509)
2003,2003,1.000000,S1,"AGL(1,2003)"
2004,983,0.490519,S3,1x1021 + 983* (q=491)
2005,643,0.320698,S7f2,2x643 + 719* (q=359)
2006,547,0.272682,S3,1x547 + 1459* (q=3)
2007,983,0.489786,S3,1x1024 + 983* (q=491)
2008,821,0.408865,S3,1x821 + 1187* (q=593)
2009,487,0.242409,S7f2,2x761 + 487* (q=3)
2010,991,0.493035,S3,1x991 + 1019* (q=509)
2011,2011,1.000000,S1,"AGL(1,2011)"
2012,729,0.362326,S3,1x729 + 1283* (q=641)
2013,647,0.321411,S7f2,2x647 + 719* (q=359)
2014,983,0.488083,S3,1x1031 + 983* (q=491)
2015,479,0.237717,S7f3,3x512 + 479* (q=239)
2016,997,0.494544,S3,1x997 + 1019* (q=509)
2017,2017,1.000000,S1,"AGL(1,2017)"
2018,1009,0.500000,S2,2x1009
2019,673,0.333333,S2,3x673
2020,839,0.415347,S3,1x1181 + 839* (q=419)
2021,563,0.278575,S7f2,2x729 + 563* (q=281)
2022,983,0.486152,S3,1x1039 + 983* (q=491)
2023,487,0.240732,S7f3,3x512 + 487* (q=3)
2024,487,0.240613,S7f3,3x487 + 563* (q=281)
2025,653,0.322469,S7f2,2x653 + 719* (q=359)
2026,1013,0.500000,S2,2x1013
2027,2027,1.000000,S1,"AGL(1,2027)"
2028,1009,0.497535,S3,1x1009 + 1019* (q=509)
2029,2029,1.000000,S1,"AGL(1,2029)"
2030,571,0.281281,S3,1x571 + 1459* (q=3)
2031,677,0.333333,S2,3x677
2032,1013,0.498524,S3,1x1013 + 1019* (q=509)
2033,487,0.239547,S7f2,2x773 + 487* (q=3)
2034,983,0.483284,S3,1x1051 + 983* (q=491)
2035,512,0.251597,S3,1x512 + 1523* (q=761)
2036,729,0.358055,S3,1x729 + 1307* (q=653)
2037,659,0.323515,S7f2,2x659 + 719* (q=359)
2038,1019,0.500000,S2,2x1019
2039,2039,1.000000,S1,"AGL(1,2039)"
2040,1019,0.499510,S3,1x1021 + 1019* (q=509)
2041,661,0.323861,S7f2,2x661 + 719* (q=359)
2042,1021,0.500000,S2,2x1021
2043,1019,0.498776,S3,1x1024 + 1019* (q=509)
2044,983,0.480920,S3,1x1061 + 983* (q=491)
2045,587,0.287042,S7f2,2x729 + 587* (q=293)
2046,983,0.480450,S3,1x1063 + 983* (q=491)
2047,257,0.125550,S7f4,4x257 + 1019* (q=509)
2048,2048,1.000000,S1,"AGL(1,2048)"
2049,683,0.333333,S2,3x683
2050,1019,0.497073,S3,1x1031 + 1019* (q=509)
2051,293,0.142857,S2,7x293
2052,1019,0.496589,S3,1x1033 + 1019* (q=509)
2053,2053,1.000000,S1,"AGL(1,2053)"
2054,487,0.237098,S3,1x1567 + 487* (q=3)
2055,397,0.193187,S7f4,4x397 + 467* (q=233)
2056,863,0.419747,S3,1x1193 + 863* (q=431)
2057,283,0.137579,S7f6,6x283 + 359* (q=179)
2058,1019,0.495141,S3,1x1039 + 1019* (q=509)
2059,389,0.188927,S7f4,4x389 + 503* (q=251)
2060,601,0.291748,S3,1x601 + 1459* (q=3)
2061,599,0.290636,S7f2,2x599 + 863* (q=431)
2062,1031,0.500000,S2,2x1031
2063,2063,1.000000,S1,"AGL(1,2063)"
2064,877,0.424903,S3,1x877 + 1187* (q=593)
2065,673,0.325908,S7f2,2x673 + 719* (q=359)
2066,1033,0.500000,S2,2x1033
2067,397,0.192066,S7f4,4x397 + 479* (q=239)
2068,1019,0.492747,S3,1x1049 + 1019* (q=509)
2069,2069,1.000000,S1,"AGL(1,2069)"
2070,1019,0.492271,S3,1x1051 + 1019* (q=509)
2071,401,0.193626,S7f4,4x401 + 467* (q=233)
2072,613,0.295849,S3,1x613 + 1459* (q=3)
2073,691,0.333333,S2,3x691
2074,983,0.473963,S3,1x1091 + 983* (q=491)
2075,397,0.191325,S7f4,4x397 + 487* (q=3)
2076,983,0.473507,S3,1x1093 + 983* (q=491)
2077,619,0.298026,S7f2,2x619 + 839* (q=419)
2078,1039,0.500000,S2,2x1039
2079,379,0.182299,S7f4,4x379 + 563* (q=281)
2080,1019,0.489904,S3,1x1061 + 1019* (q=509)
2081,2081,1.000000,S1,"AGL(1,2081)"
2082,1019,0.489433,S3,1x1063 + 1019* (q=509)
2083,2083,1.000000,S1,"AGL(1,2083)"
2084,625,0.299904,S3,1x625 + 1459* (q=3)
2085,683,0.327578,S7f2,2x683 + 719* (q=359)
2086,983,0.471237,S3,1x1103 + 983* (q=491)
2087,2087,1.000000,S1,"AGL(1,2087)"
2088,1019,0.488027,S3,1x1069 + 1019* (q=509)
2089,2089,1.000000,S1,"AGL(1,2089)"
2090,631,0.301914,S3,1x631 + 1459* (q=3)
2091,401,0.191774,S7f4,4x401 + 487* (q=3)
2092,983,0.469885,S3,1x1109 + 983* (q=491)
2093,317,0.151457,S7f2,2x317 + 1459* (q=3)
2094,907,0.433142,S3,1x907 + 1187* (q=593)
2095,419,0.200000,S2,5x419
2096,729,0.347805,S3,1x729 + 1367* (q=683)
2097,617,0.294230,S7f2,2x617 + 863* (q=431)
2098,1049,0.500000,S2,2x1049
2099,2099,1.000000,S1,"AGL(1,2099)"
2100,983,0.468095,S3,1x1117 + 983* (q=491)
2101,691,0.328891,S7f2,2x691 + 719* (q=359)
2102,1051,0.500000,S2,2x1051
2103,701,0.333333,S2,3x701
2104,887,0.421578,S3,1x1217 + 887* (q=443)
2105,487,0.231354,S7f2,2x809 + 487* (q=3)
2106,1019,0.483856,S3,1x1087 + 1019* (q=509)
2107,401,0.190318,S7f4,4x401 + 503* (q=251)
2108,487,0.231025,S3,1x1621 + 487* (q=3)
2109,587,0.278331,S7f2,2x761 + 587* (q=293)
2110,1019,0.482938,S3,1x1091 + 1019* (q=509)
2111,2111,1.000000,S1,"AGL(1,2111)"
2112,1019,0.482481,S3,1x1093 + 1019* (q=509)
2113,2113,1.000000,S1,"AGL(1,2113)"
2114,509,0.240776,S7f3,3x509 + 587* (q=293)
2115,409,0.193381,S7f4,4x409 + 479* (q=239)
2116,1019,0.481569,S3,1x1097 + 1019* (q=509)
2117,293,0.138403,S7f6,6x293 + 359* (q=179)
2118,887,0.418791,S3,1x1231 + 887* (q=443)
2119,389,0.183577,S7f4,4x389 + 563* (q=281)
2120,661,0.311792,S3,1x661 + 1459* (q=3)
2121,701,0.330504,S7f2,2x701 + 719* (q=359)
2122,1061,0.500000,S2,2x1061
2123,512,0.241168,S7f3,3x512 + 587* (q=293)
2124,937,0.441149,S3,1x937 + 1187* (q=593)
2125,643,0.302588,S7f2,2x643 + 839* (q=419)
2126,1063,0.500000,S2,2x1063
2127,709,0.333333,S2,3x709
2128,1019,0.478853,S3,1x1109 + 1019* (q=509)
2129,2129,1.000000,S1,"AGL(1,2129)"
2130,839,0.393897,S3,1x1291 + 839* (q=419)
2131,2131,1.000000,S1,"AGL(1,2131)"
2132,673,0.315666,S3,1x673 + 1459* (q=3)
2133,647,0.303329,S7f2,2x647 + 839* (q=419)
2134,983,0.460637,S3,1x1151 + 983* (q=491)
2135,257,0.120375,S7f6,6x313 + 257* (q=2)
2136,1019,0.477060,S3,1x1117 + 1019* (q=509)
2137,2137,1.000000,S1,"AGL(1,2137)"
2138,1069,0.500000,S2,2x1069
2139,409,0.191211,S7f4,4x409 + 503* (q=251)
2140,953,0.445327,S3,1x953 + 1187* (q=593)
2141,2141,1.000000,S1,"AGL(1,2141)"
2142,1019,0.475724,S3,1x1123 + 1019* (q=509)
2143,2143,1.000000,S1,"AGL(1,2143)"
2144,503,0.234608,S7f3,3x547 + 503* (q=251)
2145,653,0.304429,S7f2,2x653 + 839* (q=419)
2146,983,0.458062,S3,1x1163 + 983* (q=491)
2147,163,0.075920,S11,3x499 + 163* + 487* (q=3)
2148,1019,0.474395,S3,1x1129 + 1019* (q=509)
2149,643,0.299209,S7f2,2x643 + 863* (q=431)
2150,691,0.321395,S3,1x691 + 1459* (q=3)
2151,421,0.195723,S7f4,4x421 + 467* (q=233)
2152,863,0.401022,S3,1x1289 + 863* (q=431)
2153,2153,1.000000,S1,"AGL(1,2153)"
2154,983,0.456360,S3,1x1171 + 983* (q=491)
2155,431,0.200000,S2,5x431
2156,523,0.242579,S7f3,3x523 + 587* (q=293)
2157,719,0.333333,S2,3x719
2158,971,0.449954,S3,1x971 + 1187* (q=593)
2159,257,0.119037,S7f6,6x317 + 257* (q=2)
2160,877,0.406019,S3,1x877 + 1283* (q=641)
2161,2161,1.000000,S1,"AGL(1,2161)"
2162,433,0.200278,S7f3,3x433 + 863* (q=431)
2163,421,0.194637,S7f4,4x421 + 479* (q=239)
2164,983,0.454251,S3,1x1181 + 983* (q=491)
2165,487,0.224942,S7f2,2x839 + 487* (q=3)
2166,887,0.409511,S3,1x1279 + 887* (q=443)
2167,401,0.185048,S7f4,4x401 + 563* (q=281)
2168,729,0.336255,S3,1x729 + 1439* (q=719)
2169,653,0.301060,S7f2,2x653 + 863* (q=431)
2170,1019,0.469585,S3,1x1151 + 1019* (q=509)
2171,421,0.193920,S7f4,4x421 + 487* (q=3)
2172,1019,0.469153,S3,1x1153 + 1019* (q=509)
2173,719,0.330879,S7f2,2x727 + 719* (q=359)
2174,1087,0.500000,S2,2x1087
2175,397,0.182529,S7f4,4x397 + 587* (q=293)
2176,983,0.451746,S3,1x1193 + 983* (q=491)
2177,719,0.330271,S7f2,2x729 + 719* (q=359)
2178,991,0.455005,S3,1x991 + 1187* (q=593)
2179,2179,1.000000,S1,"AGL(1,2179)"
2180,487,0.223394,S7f3,3x487 + 719* (q=359)
2181,727,0.333333,S2,3x727
2182,1091,0.500000,S2,2x1091
2183,181,0.082913,S7f4,4x181 + 1459* (q=3)
2184,997,0.456502,S3,1x997 + 1187* (q=593)
2185,719,0.329062,S7f2,2x733 + 719* (q=359)
2186,1093,0.500000,S2,2x1093
2187,2187,1.000000,S1,"AGL(1,2187)"
2188,887,0.405393,S3,1x1301 + 887* (q=443)
2189,307,0.140247,S7f6,6x307 + 347* (q=173)
2190,1019,0.465297,S3,1x1171 + 1019* (q=509)
2191,431,0.196714,S7f4,4x431 + 467* (q=233)
2192,733,0.334398,S3,1x733 + 1459* (q=3)
2193,677,0.308710,S7f2,2x677 + 839* (q=419)
2194,1097,0.500000,S2,2x1097
2195,439,0.200000,S2,5x439
2196,1009,0.459472,S3,1x1009 + 1187* (q=593)
2197,2197,1.000000,S1,"AGL(1,2197)"
2198,739,0.336215,S3,1x739 + 1459* (q=3)
2199,733,0.333333,S2,3x733
2200,1019,0.463182,S3,1x1181 + 1019* (q=509)
2201,487,0.221263,S7f2,2x857 + 487* (q=3)
2202,919,0.417348,S3,1x919 + 1283* (q=641)
2203,2203,1.000000,S1,"AGL(1,2203)"
2204,547,0.248185,S7f3,3x547 + 563* (q=281)
2205,719,0.326077,S7f2,2x743 + 719* (q=359)
2206,1103,0.500000,S2,2x1103
2207,2207,1.000000,S1,"AGL(1,2207)"
2208,1021,0.462409,S3,1x1021 + 1187* (q=593)
2209,2209,1.000000,S1,"AGL(1,2209)"
2210,751,0.339819,S3,1x751 + 1459* (q=3)
2211,1024,0.463139,S3,1x1024 + 1187* (q=593)
2212,1019,0.460669,S3,1x1193 + 1019* (q=509)
2213,2213,1.000000,S1,"AGL(1,2213)"
2214,983,0.443993,S3,1x1231 + 983* (q=491)
2215,443,0.200000,S2,5x443
2216,757,0.341606,S3,1x757 + 1459* (q=3)
2217,739,0.333333,S2,3x739
2218,1109,0.500000,S2,2x1109
2219,433,0.195133,S7f4,4x433 + 487* (q=3)
2220,1033,0.465315,S3,1x1033 + 1187* (q=593)
2221,2221,1.000000,S1,"AGL(1,2221)"
2222,461,0.207471,S7f3,3x461 + 839* (q=419)
2223,439,0.197481,S7f4,4x439 + 467* (q=233)
2224,941,0.423112,S3,1x941 + 1283* (q=641)
2225,383,0.172135,S7f2,2x383 + 1459* (q=3)
2226,1039,0.466757,S3,1x1039 + 1187* (q=593)
2227,431,0.193534,S7f4,4x431 + 503* (q=251)
2228,769,0.345153,S3,1x769 + 1459* (q=3)
2229,743,0.333333,S2,3x743
2230,947,0.424664,S3,1x947 + 1283* (q=641)
2231,193,0.086508,S7f4,4x193 + 1459* (q=3)
2232,1019,0.456541,S3,1x1213 + 1019* (q=509)
2233,719,0.321988,S7f2,2x757 + 719* (q=359)
2234,1117,0.500000,S2,2x1117
2235,439,0.196421,S7f4,4x439 + 479* (q=239)
2236,1049,0.469141,S3,1x1049 + 1187* (q=593)
2237,2237,1.000000,S1,"AGL(1,2237)"
2238,1051,0.469616,S3,1x1051 + 1187* (q=593)
2239,2239,1.000000,S1,"AGL(1,2239)"
2240,487,0.217411,S3,1x1753 + 487* (q=3)
2241,719,0.320839,S7f2,2x761 + 719* (q=359)
2242,1019,0.454505,S3,1x1223 + 1019* (q=509)
2243,2243,1.000000,S1,"AGL(1,2243)"
2244,961,0.428253,S3,1x961 + 1283* (q=641)
2245,691,0.307795,S7f2,2x691 + 863* (q=431)
2246,1123,0.500000,S2,2x1123
2247,421,0.187361,S7f4,4x421 + 563* (q=281)
2248,1061,0.471975,S3,1x1061 + 1187* (q=593)
2249,487,0.216541,S7f2,2x881 + 487* (q=3)
2250,1063,0.472444,S3,1x1063 + 1187* (q=593)
2251,2251,1.000000,S1,"AGL(1,2251)"
2252,729,0.323712,S3,1x729 + 1523* (q=761)
2253,751,0.333333,S2,3x751
2254,971,0.430790,S3,1x971 + 1283* (q=641)
2255,512,0.227051,S7f3,3x512 + 719* (q=359)
2256,1069,0.473848,S3,1x1069 + 1187* (q=593)
2257,719,0.318564,S7f2,2x769 + 719* (q=359)
2258,1129,0.500000,S2,2x1129
2259,443,0.196104,S7f4,4x443 + 487* (q=3)
2260,983,0.434956,S3,1x1277 + 983* (q=491)
2261,487,0.215391,S7f2,2x887 + 487* (q=3)
2262,983,0.434571,S3,1x1279 + 983* (q=491)
2263,449,0.198409,S7f4,4x449 + 467* (q=233)
2264,503,0.222173,S7f3,3x587 + 503* (q=251)
2265,719,0.317439,S7f2,2x773 + 719* (q=359)
2266,983,0.433804,S3,1x983 + 1283* (q=641)
2267,2267,1.000000,S1,"AGL(1,2267)"
2268,1019,0.449295,S3,1x1249 + 1019* (q=509)
2269,2269,1.000000,S1,"AGL(1,2269)"
2270,811,0.357269,S3,1x811 + 1459* (q=3)
2271,757,0.333333,S2,3x757
2272,983,0.432658,S3,1x1289 + 983* (q=491)
2273,2273,1.000000,S1,"AGL(1,2273)"
2274,1087,0.478012,S3,1x1087 + 1187* (q=593)
2275,449,0.197363,S7f4,4x449 + 479* (q=239)
2276,569,0.250000,S2,4x569
2277,719,0.315766,S7f2,2x719 + 839* (q=419)
2278,1091,0.478929,S3,1x1091 + 1187* (q=593)
2279,257,0.112769,S7f6,6x337 + 257* (q=2)
2280,1093,0.479386,S3,1x1093 + 1187* (q=593)
2281,2281,1.000000,S1,"AGL(1,2281)"
2282,823,0.360649,S3,1x823 + 1459* (q=3)
2283,761,0.333333,S2,3x761
2284,1097,0.480298,S3,1x1097 + 1187* (q=593)
2285,457,0.200000,S2,5x457
2286,983,0.430009,S3,1x1303 + 983* (q=491)
2287,2287,1.000000,S1,"AGL(1,2287)"
2288,829,0.362325,S3,1x829 + 1459* (q=3)
2289,701,0.306247,S7f2,2x701 + 887* (q=443)
2290,1103,0.481659,S3,1x1103 + 1187* (q=593)
2291,256,0.111742,S7f3,3x256 + 1523* (q=761)
2292,1009,0.440227,S3,1x1009 + 1283* (q=641)
2293,2293,1.000000,S1,"AGL(1,2293)"
2294,569,0.248038,S7f3,3x569 + 587* (q=293)
2295,457,0.199129,S7f4,4x457 + 467* (q=233)
2296,1109,0.483014,S3,1x1109 + 1187* (q=593)
2297,2297,1.000000,S1,"AGL(1,2297)"
2298,1019,0.443429,S3,1x1279 + 1019* (q=509)
2299,449,0.195302,S7f4,4x449 + 503* (q=251)
2300,841,0.365652,S3,1x841 + 1459* (q=3)
2301,719,0.312473,S7f2,2x719 + 863* (q=431)
2302,1151,0.500000,S2,2x1151
2303,243,0.105515,S7f8,8x243 + 359* (q=179)
2304,1117,0.484809,S3,1x1117 + 1187* (q=593)
2305,733,0.318004,S7f2,2x733 + 839* (q=419)
2306,1153,0.500000,S2,2x1153
2307,1024,0.443866,S3,1x1024 + 1283* (q=641)
2308,1019,0.441508,S3,1x1289 + 1019* (q=509)
2309,2309,1.000000,S1,"AGL(1,2309)"
2310,1123,0.486147,S3,1x1123 + 1187* (q=593)
2311,2311,1.000000,S1,"AGL(1,2311)"
2312,853,0.368945,S3,1x853 + 1459* (q=3)
2313,719,0.310852,S7f2,2x797 + 719* (q=359)
2314,1031,0.445549,S3,1x1031 + 1283* (q=641)
2315,463,0.200000,S2,5x463
2316,1129,0.487478,S3,1x1129 + 1187* (q=593)
2317,739,0.318947,S7f2,2x739 + 839* (q=419)
2318,859,0.370578,S3,1x859 + 1459* (q=3)
2319,773,0.333333,S2,3x773
2320,1019,0.439224,S3,1x1301 + 1019* (q=509)
2321,729,0.314089,S7f2,2x729 + 863* (q=431)
2322,1039,0.447459,S3,1x1039 + 1283* (q=641)
2323,461,0.198450,S7f4,4x461 + 479* (q=239)
2324,563,0.242255,S7f3,3x587 + 563* (q=281)
2325,743,0.319570,S7f2,2x743 + 839* (q=419)
2326,1163,0.500000,S2,2x1163
2327,243,0.104426,S7f8,8x243 + 383* (q=191)
2328,1021,0.438574,S3,1x1021 + 1307* (q=653)
2329,733,0.314727,S7f2,2x733 + 863* (q=431)
2330,479,0.205579,S7f3,3x617 + 479* (q=239)
2331,1024,0.439296,S3,1x1024 + 1307* (q=653)
2332,1049,0.449828,S3,1x1049 + 1283* (q=641)
2333,2333,1.000000,S1,"AGL(1,2333)"
2334,1051,0.450300,S3,1x1051 + 1283* (q=641)
2335,512,0.219272,S3,1x512 + 1823* (q=911)
2336,877,0.375428,S3,1x877 + 1459* (q=3)
2337,719,0.307659,S7f2,2x809 + 719* (q=359)
2338,1151,0.492301,S3,1x1151 + 1187* (q=593)
2339,2339,1.000000,S1,"AGL(1,2339)"
2340,1153,0.492735,S3,1x1153 + 1187* (q=593)
2341,2341,1.000000,S1,"AGL(1,2341)"
2342,1171,0.500000,S2,2x1171
2343,1024,0.437047,S3,1x1024 + 1319* (q=659)
2344,1061,0.452645,S3,1x1061 + 1283* (q=641)
2345,729,0.310874,S7f2,2x729 + 887* (q=443)
2346,1063,0.453112,S3,1x1063 + 1283* (q=641)
2347,2347,1.000000,S1,"AGL(1,2347)"
2348,729,0.310477,S3,1x729 + 1619* (q=809)
2349,743,0.316305,S7f2,2x743 + 863* (q=431)
2350,1163,0.494894,S3,1x1163 + 1187* (q=593)
2351,2351,1.000000,S1,"AGL(1,2351)"
2352,1069,0.454507,S3,1x1069 + 1283* (q=641)
2353,757,0.321717,S7f2,2x757 + 839* (q=419)
2354,503,0.213679,S7f3,3x617 + 503* (q=251)
2355,467,0.198301,S7f4,4x467 + 487* (q=3)
2356,1049,0.445246,S3,1x1049 + 1307* (q=653)
2357,2357,1.000000,S1,"AGL(1,2357)"
2358,1171,0.496607,S3,1x1171 + 1187* (q=593)
2359,449,0.190335,S7f4,4x449 + 563* (q=281)
2360,563,0.238559,S7f3,3x599 + 563* (q=281)
2361,787,0.333333,S2,3x787
2362,1181,0.500000,S2,2x1181
2363,167,0.070673,S7f12,12x167 + 359* (q=179)
2364,997,0.421743,S3,1x997 + 1367* (q=683)
2365,751,0.317548,S7f2,2x751 + 863* (q=431)
2366,907,0.383347,S3,1x907 + 1459* (q=3)
2367,421,0.177862,S11,1x421 + 487* + 1459* (q=3)
2368,1181,0.498733,S3,1x1181 + 1187* (q=593)
2369,487,0.205572,S7f2,2x941 + 487* (q=3)
2370,1087,0.458650,S3,1x1087 + 1283* (q=641)
2371,2371,1.000000,S1,"AGL(1,2371)"
2372,593,0.250000,S2,4x593
2373,743,0.313106,S7f2,2x743 + 887* (q=443)
2374,1187,0.500000,S2,2x1187
2375,512,0.215579,S7f3,3x512 + 839* (q=419)
2376,1093,0.460017,S3,1x1093 + 1283* (q=641)
2377,2377,1.000000,S1,"AGL(1,2377)"
2378,919,0.386459,S3,1x919 + 1459* (q=3)
2379,433,0.182009,S11,1x433 + 487* + 1459* (q=3)
2380,1187,0.498739,S3,1x1193 + 1187* (q=593)
2381,2381,1.000000,S1,"AGL(1,2381)"
2382,1063,0.446264,S3,1x1063 + 1319* (q=659)
2383,2383,1.000000,S1,"AGL(1,2383)"
2384,587,0.246225,S7f3,3x599 + 587* (q=293)
2385,773,0.324109,S7f2,2x773 + 839* (q=419)
2386,1193,0.500000,S2,2x1193
2387,256,0.107248,S7f3,3x256 + 1619* (q=809)
2388,1187,0.497069,S3,1x1201 + 1187* (q=593)
2389,2389,1.000000,S1,"AGL(1,2389)"
2390,587,0.245607,S7f3,3x601 + 587* (q=293)
2391,1024,0.428273,S3,1x1024 + 1367* (q=683)
2392,1109,0.463629,S3,1x1109 + 1283* (q=641)
2393,2393,1.000000,S1,"AGL(1,2393)"
2394,1087,0.454052,S3,1x1087 + 1307* (q=653)
2395,479,0.200000,S2,5x479
2396,937,0.391068,S3,1x937 + 1459* (q=3)
2397,719,0.299958,S7f2,2x839 + 719* (q=359)
2398,1091,0.454962,S3,1x1091 + 1307* (q=653)
2399,2399,1.000000,S1,"AGL(1,2399)"
2400,1187,0.494583,S3,1x1213 + 1187* (q=593)
2401,2401,1.000000,S1,"AGL(1,2401)"
2402,1201,0.500000,S2,2x1201
2403,479,0.199334,S7f4,4x479 + 487* (q=3)
2404,1187,0.493760,S3,1x1217 + 1187* (q=593)
2405,343,0.142620,S7f6,6x343 + 347* (q=173)
2406,1123,0.466750,S3,1x1123 + 1283* (q=641)
2407,461,0.191525,S7f4,4x461 + 563* (q=281)
2408,587,0.243771,S7f3,3x607 + 587* (q=293)
2409,773,0.320880,S7f2,2x773 + 863* (q=431)
2410,1187,0.492531,S3,1x1223 + 1187* (q=593)
2411,2411,1.000000,S1,"AGL(1,2411)"
2412,1129,0.468076,S3,1x1129 + 1283* (q=641)
2413,787,0.326150,S7f2,2x787 + 839* (q=419)
2414,563,0.233223,S7f3,3x617 + 563* (q=281)
2415,467,0.193375,S7f4,4x487 + 467* (q=233)
2416,1187,0.491308,S3,1x1229 + 1187* (q=593)
2417,2417,1.000000,S1,"AGL(1,2417)"
2418,1187,0.490902,S3,1x1231 + 1187* (q=593)
2419,512,0.211658,S3,1x512 + 1907* (q=953)
2420,961,0.397107,S3,1x961 + 1459* (q=3)
2421,719,0.296985,S7f2,2x719 + 983* (q=491)
2422,1103,0.455409,S3,1x1103 + 1319* (q=659)
2423,2423,1.000000,S1,"AGL(1,2423)"
2424,1187,0.489686,S3,1x1237 + 1187* (q=593)
2425,769,0.317113,S7f2,2x769 + 887* (q=443)
2426,1213,0.500000,S2,2x1213
2427,809,0.333333,S2,3x809
2428,1109,0.456755,S3,1x1109 + 1319* (q=659)
2429,487,0.200494,S7f2,2x971 + 487* (q=3)
2430,1123,0.462140,S3,1x1123 + 1307* (q=653)
2431,467,0.192102,S7f4,4x467 + 563* (q=281)
2432,571,0.234786,S7f3,3x571 + 719* (q=359)
2433,811,0.333333,S2,3x811
2434,1217,0.500000,S2,2x1217
2435,487,0.200000,S2,5x487
2436,1187,0.487274,S3,1x1249 + 1187* (q=593)
2437,2437,1.000000,S1,"AGL(1,2437)"
2438,587,0.240771,S7f3,3x617 + 587* (q=293)
2439,463,0.189832,S7f4,4x463 + 587* (q=293)
2440,953,0.390574,S3,1x953 + 1487* (q=743)
2441,2441,1.000000,S1,"AGL(1,2441)"
2442,1123,0.459869,S3,1x1123 + 1319* (q=659)
2443,479,0.196070,S7f4,4x491 + 479* (q=239)
2444,587,0.240180,S7f3,3x619 + 587* (q=293)
2445,719,0.294070,S7f2,2x863 + 719* (q=359)
2446,1223,0.500000,S2,2x1223
2447,2447,1.000000,S1,"AGL(1,2447)"
2448,1129,0.461193,S3,1x1129 + 1319* (q=659)
2449,733,0.299306,S7f2,2x733 + 983* (q=491)
2450,991,0.404490,S3,1x991 + 1459* (q=3)
2451,487,0.198694,S7f4,4x487 + 503* (q=251)
2452,1019,0.415579,S3,1x1433 + 1019* (q=509)
2453,487,0.198532,S7f2,2x983 + 487* (q=3)
2454,1171,0.477180,S3,1x1171 + 1283* (q=641)
2455,491,0.200000,S2,5x491
2456,997,0.405945,S3,1x997 + 1459* (q=3)
2457,809,0.329263,S7f2,2x809 + 839* (q=419)
2458,1229,0.500000,S2,2x1229
2459,2459,1.000000,S1,"AGL(1,2459)"
2460,1153,0.468699,S3,1x1153 + 1307* (q=653)
2461,811,0.329541,S7f2,2x811 + 839* (q=419)
2462,1231,0.500000,S2,2x1231
2463,1024,0.415753,S3,1x1024 + 1439* (q=719)
2464,1187,0.481737,S3,1x1277 + 1187* (q=593)
2465,503,0.204057,S7f2,2x503 + 1459* (q=3)
2466,1187,0.481346,S3,1x1279 + 1187* (q=593)
2467,2467,1.000000,S1,"AGL(1,2467)"
2468,1009,0.408833,S3,1x1009 + 1459* (q=3)
2469,823,0.333333,S2,3x823
2470,1187,0.480567,S3,1x1187 + 1283* (q=641)
2471,353,0.142857,S2,7x353
2472,1153,0.466424,S3,1x1153 + 1319* (q=659)
2473,2473,1.000000,S1,"AGL(1,2473)"
2474,1237,0.500000,S2,2x1237
2475,487,0.196768,S11,1x529 + 487* + 1459* (q=3)
2476,1193,0.481826,S3,1x1193 + 1283* (q=641)
2477,2477,1.000000,S1,"AGL(1,2477)"
2478,1187,0.479015,S3,1x1291 + 1187* (q=593)
2479,479,0.193223,S7f4,4x479 + 563* (q=281)
2480,1021,0.411694,S3,1x1021 + 1459* (q=3)
2481,827,0.333333,S2,3x827
2482,1163,0.468574,S3,1x1163 + 1319* (q=659)
2483,1024,0.412404,S3,1x1024 + 1459* (q=3)
2484,1201,0.483494,S3,1x1201 + 1283* (q=641)
2485,823,0.331187,S7f2,2x823 + 839* (q=419)
2486,563,0.226468,S7f3,3x641 + 563* (q=281)
2487,829,0.333333,S2,3x829
2488,1187,0.477090,S3,1x1301 + 1187* (q=593)
2489,337,0.135396,S7f6,6x337 + 467* (q=233)
2490,1187,0.476707,S3,1x1303 + 1187* (q=593)
2491,479,0.192292,S7f4,4x503 + 479* (q=239)
2492,1033,0.414526,S3,1x1033 + 1459* (q=3)
2493,827,0.331729,S7f2,2x827 + 839* (q=419)
2494,1187,0.475942,S3,1x1187 + 1307* (q=653)
2495,499,0.200000,S2,5x499
2496,1213,0.485978,S3,1x1213 + 1283* (q=641)
2497,829,0.331998,S7f2,2x829 + 839* (q=419)
2498,1249,0.500000,S2,2x1249
2499,499,0.199680,S7f4,4x499 + 503* (q=251)
2500,1217,0.486800,S3,1x1217 + 1283* (q=641)
2501,521,0.208317,S7f2,2x521 + 1459* (q=3)
2502,1063,0.424860,S3,1x1063 + 1439* (q=719)
2503,2503,1.000000,S1,"AGL(1,2503)"
2504,563,0.224840,S7f3,3x647 + 563* (q=281)
2505,821,0.327745,S7f2,2x821 + 863* (q=431)
2506,1223,0.488029,S3,1x1223 + 1283* (q=641)
2507,243,0.096929,S7f8,8x243 + 563* (q=281)
2508,1201,0.478868,S3,1x1201 + 1307* (q=653)
2509,823,0.328019,S7f2,2x823 + 863* (q=431)
2510,1051,0.418725,S3,1x1051 + 1459* (q=3)
2511,1024,0.407806,S3,1x1024 + 1487* (q=743)
2512,1229,0.489252,S3,1x1229 + 1283* (q=641)
2513,487,0.193792,S7f2,2x1013 + 487* (q=3)
2514,1231,0.489658,S3,1x1231 + 1283* (q=641)
2515,503,0.200000,S2,5x503
2516,599,0.238076,S7f3,3x599 + 719* (q=359)
2517,839,0.333333,S2,3x839
2518,1259,0.500000,S2,2x1259
2519,512,0.203255,S7f3,3x512 + 983* (q=491)
2520,1237,0.490873,S3,1x1237 + 1283* (q=641)
2521,2521,1.000000,S1,"AGL(1,2521)"
2522,1063,0.421491,S3,1x1063 + 1459* (q=3)
2523,841,0.333333,S2,3x841
2524,1217,0.482171,S3,1x1217 + 1307* (q=653)
2525,487,0.192871,S7f2,2x1019 + 487* (q=3)
2526,1087,0.430325,S3,1x1087 + 1439* (q=719)
2527,491,0.194302,S7f4,4x491 + 563* (q=281)
2528,1069,0.422864,S3,1x1069 + 1459* (q=3)
2529,821,0.324634,S7f2,2x821 + 887* (q=443)
2530,1223,0.483399,S3,1x1223 + 1307* (q=653)
2531,2531,1.000000,S1,"AGL(1,2531)"
2532,1249,0.493286,S3,1x1249 + 1283* (q=641)
2533,823,0.324911,S7f2,2x823 + 887* (q=443)
2534,557,0.219811,S7f3,3x557 + 863* (q=431)
2535,487,0.192110,S7f4,4x512 + 487* (q=3)
2536,1229,0.484621,S3,1x1229 + 1307* (q=653)
2537,359,0.141506,S7f6,6x359 + 383* (q=191)
2538,1231,0.485028,S3,1x1231 + 1307* (q=653)
2539,2539,1.000000,S1,"AGL(1,2539)"
2540,607,0.238976,S7f3,3x607 + 719* (q=359)
2541,839,0.330185,S7f2,2x839 + 863* (q=431)
2542,1259,0.495279,S3,1x1259 + 1283* (q=641)
2543,2543,1.000000,S1,"AGL(1,2543)"
2544,1237,0.486242,S3,1x1237 + 1307* (q=653)
2545,841,0.330452,S7f2,2x841 + 863* (q=431)
2546,1087,0.426944,S3,1x1087 + 1459* (q=3)
2547,1024,0.402042,S3,1x1024 + 1523* (q=761)
2548,1229,0.482339,S3,1x1229 + 1319* (q=659)
2549,2549,1.000000,S1,"AGL(1,2549)"
2550,1231,0.482745,S3,1x1231 + 1319* (q=659)
2551,2551,1.000000,S1,"AGL(1,2551)"
2552,1093,0.428292,S3,1x1093 + 1459* (q=3)
2553,839,0.328633,S7f2,2x857 + 839* (q=419)
2554,1277,0.500000,S2,2x1277
2555,512,0.200391,S7f3,3x512 + 1019* (q=509)
2556,1249,0.488654,S3,1x1249 + 1307* (q=653)
2557,2557,1.000000,S1,"AGL(1,2557)"
2558,1279,0.500000,S2,2x1279
2559,853,0.333333,S2,3x853
2560,1277,0.498828,S3,1x1277 + 1283* (q=641)
2561,359,0.140180,S7f6,6x367 + 359* (q=179)
2562,1279,0.499219,S3,1x1279 + 1283* (q=641)
2563,487,0.190012,S11,1x617 + 487* + 1459* (q=3)
2564,641,0.250000,S2,4x641
2565,839,0.327096,S7f2,2x839 + 887* (q=443)
2566,1283,0.500000,S2,2x1283
2567,277,0.107908,S7f4,4x277 + 1459* (q=3)
2568,1249,0.486371,S3,1x1249 + 1319* (q=659)
2569,853,0.332036,S7f2,2x853 + 863* (q=431)
2570,617,0.240078,S7f3,3x617 + 719* (q=359)
2571,857,0.333333,S2,3x857
2572,1283,0.498834,S3,1x1289 + 1283* (q=641)
2573,557,0.216479,S7f2,2x557 + 1459* (q=3)
2574,1283,0.498446,S3,1x1291 + 1283* (q=641)
2575,512,0.198835,S3,1x512 + 2063* (q=1031)
2576,1117,0.433618,S3,1x1117 + 1459* (q=3)
2577,859,0.333333,S2,3x859
2578,1289,0.500000,S2,2x1289
2579,2579,1.000000,S1,"AGL(1,2579)"
2580,1283,0.497287,S3,1x1297 + 1283* (q=641)
2581,859,0.332817,S7f2,2x859 + 863* (q=431)
2582,1291,0.500000,S2,2x1291
2583,499,0.193186,S7f4,4x499 + 587* (q=293)
2584,1283,0.496517,S3,1x1301 + 1283* (q=641)
2585,563,0.217795,S7f2,2x563 + 1459* (q=3)
2586,1283,0.496133,S3,1x1303 + 1283* (q=641)
2587,503,0.194434,S7f4,4x521 + 503* (q=251)
2588,1129,0.436244,S3,1x1129 + 1459* (q=3)
2589,863,0.333333,S2,3x863
2590,1283,0.495367,S3,1x1283 + 1307* (q=653)
2591,2591,1.000000,S1,"AGL(1,2591)"
2592,1153,0.444830,S3,1x1153 + 1439* (q=719)
2593,2593,1.000000,S1,"AGL(1,2593)"
2594,1297,0.500000,S2,2x1297
2595,503,0.193834,S7f4,4x523 + 503* (q=251)
2596,1289,0.496533,S3,1x1289 + 1307* (q=653)
2597,569,0.219099,S7f2,2x569 + 1459* (q=3)
2598,1291,0.496921,S3,1x1291 + 1307* (q=653)
2599,509,0.195845,S7f4,4x509 + 563* (q=281)
2600,587,0.225769,S7f3,3x587 + 839* (q=419)
2601,857,0.329489,S7f2,2x857 + 887* (q=443)
2602,1301,0.500000,S2,2x1301
2603,487,0.187092,S7f4,4x529 + 487* (q=3)
2604,1297,0.498080,S3,1x1297 + 1307* (q=653)
2605,859,0.329750,S7f2,2x859 + 887* (q=443)
2606,1303,0.500000,S2,2x1303
2607,487,0.186805,S11,1x661 + 487* + 1459* (q=3)
2608,1301,0.498850,S3,1x1301 + 1307* (q=653)
2609,2609,1.000000,S1,"AGL(1,2609)"
2610,1303,0.499234,S3,1x1303 + 1307* (q=653)
2611,563,0.215626,S7f2,2x1024 + 563* (q=281)
2612,1153,0.441424,S3,1x1153 + 1459* (q=3)
2613,863,0.330272,S7f2,2x863 + 887* (q=443)
2614,1307,0.500000,S2,2x1307
2615,523,0.200000,S2,5x523
2616,1297,0.495795,S3,1x1297 + 1319* (q=659)
2617,2617,1.000000,S1,"AGL(1,2617)"
2618,593,0.226509,S7f3,3x593 + 839* (q=419)
2619,503,0.192058,S7f4,4x529 + 503* (q=251)
2620,1301,0.496565,S3,1x1301 + 1319* (q=659)
2621,2621,1.000000,S1,"AGL(1,2621)"
2622,1303,0.496949,S3,1x1303 + 1319* (q=659)
2623,509,0.194053,S7f4,4x509 + 587* (q=293)
2624,587,0.223704,S7f3,3x587 + 863* (q=431)
2625,863,0.328762,S7f2,2x881 + 863* (q=431)
2626,1307,0.497715,S3,1x1307 + 1319* (q=659)
2627,227,0.086410,S11,3x227 + 487* + 1459* (q=3)
2628,1307,0.497336,S3,1x1321 + 1307* (q=653)
2629,863,0.328262,S7f2,2x883 + 863* (q=431)
2630,1171,0.445247,S3,1x1171 + 1459* (q=3)
2631,877,0.333333,S2,3x877
2632,1193,0.453267,S3,1x1193 + 1439* (q=719)
2633,2633,1.000000,S1,"AGL(1,2633)"
2634,1307,0.496203,S3,1x1327 + 1307* (q=653)
2635,587,0.222770,S7f2,2x1024 + 587* (q=293)
2636,729,0.276555,S3,1x729 + 1907* (q=953)
2637,863,0.327266,S7f2,2x887 + 863* (q=431)
2638,1319,0.500000,S2,2x1319
2639,269,0.101933,S7f8,8x269 + 487* (q=3)
2640,1319,0.499621,S3,1x1321 + 1319* (q=659)
2641,877,0.332071,S7f2,2x877 + 887* (q=443)
2642,1321,0.500000,S2,2x1321
2643,1024,0.387439,S3,1x1024 + 1619* (q=809)
2644,1283,0.485250,S3,1x1361 + 1283* (q=641)
2645,729,0.275614,S7f2,2x729 + 1187* (q=593)
2646,1319,0.498488,S3,1x1327 + 1319* (q=659)
2647,2647,1.000000,S1,"AGL(1,2647)"
2648,643,0.242825,S7f3,3x643 + 719* (q=359)
2649,883,0.333333,S2,3x883
2650,1319,0.497736,S3,1x1331 + 1319* (q=659)
2651,487,0.183704,S7f4,4x541 + 487* (q=3)
2652,1283,0.483786,S3,1x1369 + 1283* (q=641)
2653,883,0.332831,S7f2,2x883 + 887* (q=443)
2654,1327,0.500000,S2,2x1327
2655,523,0.196987,S7f4,4x523 + 563* (q=281)
2656,1289,0.485316,S3,1x1289 + 1367* (q=683)
2657,2657,1.000000,S1,"AGL(1,2657)"
2658,1291,0.485704,S3,1x1291 + 1367* (q=683)
2659,2659,1.000000,S1,"AGL(1,2659)"
2660,1201,0.451504,S3,1x1201 + 1459* (q=3)
2661,887,0.333333,S2,3x887
2662,1331,0.500000,S2,2x1331
2663,2663,1.000000,S1,"AGL(1,2663)"
2664,1297,0.486862,S3,1x1297 + 1367* (q=683)
2665,841,0.315572,S7f2,2x841 + 983* (q=491)
2666,601,0.225431,S7f3,3x601 + 863* (q=431)
2667,503,0.188601,S7f4,4x541 + 503* (q=251)
2668,1307,0.489880,S3,1x1361 + 1307* (q=653)
2669,487,0.182465,S7f2,2x1091 + 487* (q=3)
2670,1303,0.488015,S3,1x1303 + 1367* (q=683)
2671,2671,1.000000,S1,"AGL(1,2671)"
2672,1213,0.453967,S3,1x1213 + 1459* (q=3)
2673,827,0.309390,S7f2,2x827 + 1019* (q=509)
2674,1307,0.488781,S3,1x1307 + 1367* (q=683)
2675,487,0.182056,S7f4,4x547 + 487* (q=3)
2676,1307,0.488416,S3,1x1369 + 1307* (q=653)
2677,2677,1.000000,S1,"AGL(1,2677)"
2678,653,0.243839,S7f3,3x653 + 719* (q=359)
2679,529,0.197462,S7f4,4x529 + 563* (q=281)
2680,1319,0.492164,S3,1x1361 + 1319* (q=659)
2681,487,0.181649,S7f2,2x1097 + 487* (q=3)
2682,1283,0.478374,S3,1x1399 + 1283* (q=641)
2683,2683,1.000000,S1,"AGL(1,2683)"
2684,607,0.226155,S7f3,3x607 + 863* (q=431)
2685,863,0.321415,S7f2,2x911 + 863* (q=431)
2686,1319,0.491065,S3,1x1319 + 1367* (q=683)
2687,2687,1.000000,S1,"AGL(1,2687)"
2688,1321,0.491443,S3,1x1321 + 1367* (q=683)
2689,2689,1.000000,S1,"AGL(1,2689)"
2690,1231,0.457621,S3,1x1231 + 1459* (q=3)
2691,503,0.186919,S7f4,4x547 + 503* (q=251)
2692,1319,0.489970,S3,1x1373 + 1319* (q=659)
2693,2693,1.000000,S1,"AGL(1,2693)"
2694,1327,0.492576,S3,1x1327 + 1367* (q=683)
2695,467,0.173284,S7f4,4x557 + 467* (q=233)
2696,1237,0.458828,S3,1x1237 + 1459* (q=3)
2697,857,0.317760,S7f2,2x857 + 983* (q=491)
2698,1331,0.493328,S3,1x1331 + 1367* (q=683)
2699,2699,1.000000,S1,"AGL(1,2699)"
2700,1319,0.488519,S3,1x1381 + 1319* (q=659)
2701,887,0.328397,S7f2,2x907 + 887* (q=443)
2702,661,0.244634,S7f3,3x661 + 719* (q=359)
2703,529,0.195708,S7f4,4x529 + 587* (q=293)
2704,1217,0.450074,S3,1x1217 + 1487* (q=743)
2705,541,0.200000,S2,5x541
2706,1307,0.483001,S3,1x1399 + 1307* (q=653)
2707,2707,1.000000,S1,"AGL(1,2707)"
2708,1249,0.461226,S3,1x1249 + 1459* (q=3)
2709,887,0.327427,S7f2,2x911 + 887* (q=443)
2710,1283,0.473432,S3,1x1427 + 1283* (q=641)
2711,2711,1.000000,S1,"AGL(1,2711)"
2712,1283,0.473083,S3,1x1429 + 1283* (q=641)
2713,2713,1.000000,S1,"AGL(1,2713)"
2714,625,0.230287,S7f3,3x625 + 839* (q=419)
2715,499,0.183794,S7f4,4x499 + 719* (q=359)
2716,1307,0.481222,S3,1x1409 + 1307* (q=653)
2717,383,0.140964,S7f6,6x389 + 383* (q=191)
2718,1319,0.485283,S3,1x1399 + 1319* (q=659)
2719,2719,1.000000,S1,"AGL(1,2719)"
2720,619,0.227574,S7f3,3x619 + 863* (q=431)
2721,907,0.333333,S2,3x907
2722,1361,0.500000,S2,2x1361
2723,512,0.188028,S7f3,3x512 + 1187* (q=593)
2724,1237,0.454112,S3,1x1237 + 1487* (q=743)
2725,887,0.325505,S7f2,2x919 + 887* (q=443)
2726,613,0.224872,S7f3,3x613 + 887* (q=443)
2727,541,0.198387,S7f4,4x541 + 563* (q=281)
2728,1361,0.498900,S3,1x1361 + 1367* (q=683)
2729,2729,1.000000,S1,"AGL(1,2729)"
2730,1307,0.478755,S3,1x1423 + 1307* (q=653)
2731,2731,1.000000,S1,"AGL(1,2731)"
2732,683,0.250000,S2,4x683
2733,911,0.333333,S2,3x911
2734,1367,0.500000,S2,2x1367
2735,547,0.200000,S2,5x547
2736,1367,0.499635,S3,1x1369 + 1367* (q=683)
2737,877,0.320424,S7f2,2x877 + 983* (q=491)
2738,1369,0.500000,S2,2x1369
2739,487,0.177802,S7f4,4x563 + 487* (q=3)
2740,1367,0.498905,S3,1x1373 + 1367* (q=683)
2741,2741,1.000000,S1,"AGL(1,2741)"
2742,1319,0.481036,S3,1x1423 + 1319* (q=659)
2743,487,0.177543,S11,1x797 + 487* + 1459* (q=3)
2744,619,0.225583,S7f3,3x619 + 887* (q=443)
2745,887,0.323133,S7f2,2x929 + 887* (q=443)
2746,1373,0.500000,S2,2x1373
2747,199,0.072443,S7f12,12x199 + 359* (q=179)
2748,1367,0.497453,S3,1x1381 + 1367* (q=683)
2749,2749,1.000000,S1,"AGL(1,2749)"
2750,1291,0.469455,S3,1x1291 + 1459* (q=3)
2751,547,0.198837,S7f4,4x547 + 563* (q=281)
2752,1319,0.479288,S3,1x1433 + 1319* (q=659)
2753,2753,1.000000,S1,"AGL(1,2753)"
2754,1307,0.474582,S3,1x1447 + 1307* (q=653)
2755,509,0.184755,S7f4,4x509 + 719* (q=359)
2756,1297,0.470610,S3,1x1297 + 1459* (q=3)
2757,919,0.333333,S2,3x919
2758,1319,0.478245,S3,1x1319 + 1439* (q=719)
2759,271,0.098224,S11,3x271 + 487* + 1459* (q=3)
2760,1321,0.478623,S3,1x1321 + 1439* (q=719)
2761,887,0.321260,S7f2,2x937 + 887* (q=443)
2762,1381,0.500000,S2,2x1381
2763,487,0.176258,S7f4,4x569 + 487* (q=3)
2764,1283,0.464182,S3,1x1481 + 1283* (q=641)
2765,729,0.263653,S7f2,2x729 + 1307* (q=653)
2766,1367,0.494215,S3,1x1399 + 1367* (q=683)
2767,2767,1.000000,S1,"AGL(1,2767)"
2768,729,0.263367,S3,1x729 + 2039* (q=1019)
2769,887,0.320332,S7f2,2x941 + 887* (q=443)
2770,1331,0.480505,S3,1x1331 + 1439* (q=719)
2771,487,0.175749,S7f4,4x571 + 487* (q=3)
2772,1319,0.475830,S3,1x1453 + 1319* (q=659)
2773,877,0.316264,S7f2,2x877 + 1019* (q=509)
2774,587,0.211608,S7f3,3x729 + 587* (q=293)
2775,547,0.197117,S7f4,4x547 + 587* (q=293)
2776,1367,0.492435,S3,1x1409 + 1367* (q=683)
2777,2777,1.000000,S1,"AGL(1,2777)"
2778,1319,0.474802,S3,1x1319 + 1459* (q=3)
2779,503,0.181000,S7f4,4x569 + 503* (q=251)
2780,1321,0.475180,S3,1x1321 + 1459* (q=3)
2781,887,0.318950,S7f2,2x947 + 887* (q=443)
2782,1283,0.461179,S3,1x1499 + 1283* (q=641)
2783,331,0.118936,S7f4,4x331 + 1459* (q=3)
2784,1297,0.465876,S3,1x1297 + 1487* (q=743)
2785,883,0.317056,S7f2,2x883 + 1019* (q=509)
2786,1327,0.476310,S3,1x1327 + 1459* (q=3)
2787,929,0.333333,S2,3x929
2788,1307,0.468795,S3,1x1481 + 1307* (q=653)
2789,2789,1.000000,S1,"AGL(1,2789)"
2790,1367,0.489964,S3,1x1423 + 1367* (q=683)
2791,2791,1.000000,S1,"AGL(1,2791)"
2792,729,0.261103,S3,1x729 + 2063* (q=1031)
2793,887,0.317580,S7f2,2x887 + 1019* (q=509)
2794,1367,0.489263,S3,1x1427 + 1367* (q=683)
2795,487,0.174240,S7f4,4x577 + 487* (q=3)
2796,1367,0.488913,S3,1x1429 + 1367* (q=683)
2797,2797,1.000000,S1,"AGL(1,2797)"
2798,1399,0.500000,S2,2x1399
2799,487,0.173991,S11,1x853 + 487* + 1459* (q=3)
2800,1367,0.488214,S3,1x1433 + 1367* (q=683)
2801,2801,1.000000,S1,"AGL(1,2801)"
2802,1319,0.470735,S3,1x1483 + 1319* (q=659)
2803,2803,1.000000,S1,"AGL(1,2803)"
2804,701,0.250000,S2,4x701
2805,911,0.324777,S7f2,2x911 + 983* (q=491)
2806,1367,0.487170,S3,1x1367 + 1439* (q=719)
2807,401,0.142857,S2,7x401
2808,1369,0.487536,S3,1x1369 + 1439* (q=719)
2809,2809,1.000000,S1,"AGL(1,2809)"
2810,641,0.228114,S7f3,3x641 + 887* (q=443)
2811,937,0.333333,S2,3x937
2812,1373,0.488265,S3,1x1373 + 1439* (q=719)
2813,677,0.240668,S7f2,2x677 + 1459* (q=3)
2814,1367,0.485785,S3,1x1447 + 1367* (q=683)
2815,563,0.200000,S2,5x563
2816,659,0.234020,S7f3,3x659 + 839* (q=419)
2817,863,0.306354,S7f2,2x977 + 863* (q=431)
2818,1409,0.500000,S2,2x1409
2819,2819,1.000000,S1,"AGL(1,2819)"
2820,1381,0.489716,S3,1x1381 + 1439* (q=719)
2821,919,0.325771,S7f2,2x919 + 983* (q=491)
2822,701,0.248405,S7f3,3x701 + 719* (q=359)
2823,941,0.333333,S2,3x941
2824,1301,0.460694,S3,1x1301 + 1523* (q=761)
2825,729,0.258053,S7f2,2x729 + 1367* (q=683)
2826,1367,0.483723,S3,1x1367 + 1459* (q=3)
2827,491,0.173682,S7f4,4x491 + 863* (q=431)
2828,1369,0.484088,S3,1x1369 + 1459* (q=3)
2829,887,0.313538,S7f2,2x971 + 887* (q=443)
2830,1319,0.466078,S3,1x1511 + 1319* (q=659)
2831,343,0.121159,S7f4,4x343 + 1459* (q=3)
2832,1373,0.484816,S3,1x1373 + 1459* (q=3)
2833,2833,1.000000,S1,"AGL(1,2833)"
2834,617,0.217713,S7f3,3x617 + 983* (q=491)
2835,529,0.186596,S7f4,4x529 + 719* (q=359)
2836,1283,0.452398,S3,1x1553 + 1283* (q=641)
2837,2837,1.000000,S1,"AGL(1,2837)"
2838,1399,0.492953,S3,1x1399 + 1439* (q=719)
2839,563,0.198309,S7f4,4x563 + 587* (q=293)
2840,1381,0.486268,S3,1x1381 + 1459* (q=3)
2841,947,0.333333,S2,3x947
2842,1319,0.464110,S3,1x1319 + 1523* (q=761)
2843,2843,1.000000,S1,"AGL(1,2843)"
2844,1321,0.464487,S3,1x1321 + 1523* (q=761)
2845,863,0.303339,S7f2,2x991 + 863* (q=431)
2846,1423,0.500000,S2,2x1423
2847,1024,0.359677,S3,1x1024 + 1823* (q=911)
2848,1409,0.494733,S3,1x1409 + 1439* (q=719)
2849,487,0.170937,S7f2,2x1181 + 487* (q=3)
2850,1367,0.479649,S3,1x1483 + 1367* (q=683)
2851,2851,1.000000,S1,"AGL(1,2851)"
2852,523,0.183380,S7f3,3x523 + 1283* (q=641)
2853,887,0.310901,S7f2,2x983 + 887* (q=443)
2854,1427,0.500000,S2,2x1427
2855,571,0.200000,S2,5x571
2856,1369,0.479342,S3,1x1369 + 1487* (q=743)
2857,2857,1.000000,S1,"AGL(1,2857)"
2858,1429,0.500000,S2,2x1429
2859,953,0.333333,S2,3x953
2860,1373,0.480070,S3,1x1373 + 1487* (q=743)
2861,2861,1.000000,S1,"AGL(1,2861)"
2862,1423,0.497205,S3,1x1423 + 1439* (q=719)
2863,569,0.198743,S7f4,4x569 + 587* (q=293)
2864,659,0.230098,S7f3,3x659 + 887* (q=443)
2865,941,0.328447,S7f2,2x941 + 983* (q=491)
2866,1433,0.500000,S2,2x1433
2867,307,0.107081,S11,3x307 + 487* + 1459* (q=3)
2868,1429,0.498257,S3,1x1429 + 1439* (q=719)
2869,887,0.309167,S7f2,2x991 + 887* (q=443)
2870,677,0.235889,S7f3,3x677 + 839* (q=419)
2871,571,0.198885,S7f4,4x571 + 587* (q=293)
2872,1433,0.498955,S3,1x1433 + 1439* (q=719)
2873,487,0.169509,S7f2,2x1193 + 487* (q=3)
2874,1307,0.454767,S3,1x1567 + 1307* (q=653)
2875,509,0.177043,S7f4,4x509 + 839* (q=419)
2876,719,0.250000,S2,4x719
2877,947,0.329162,S7f2,2x947 + 983* (q=491)
2878,1439,0.500000,S2,2x1439
2879,2879,1.000000,S1,"AGL(1,2879)"
2880,1283,0.445486,S3,1x1597 + 1283* (q=641)
2881,887,0.307879,S7f2,2x997 + 887* (q=443)
2882,1423,0.493754,S3,1x1423 + 1459* (q=3)
2883,961,0.333333,S2,3x961
2884,1361,0.471914,S3,1x1361 + 1523* (q=761)
2885,577,0.200000,S2,5x577
2886,1439,0.498614,S3,1x1447 + 1439* (q=719)
2887,2887,1.000000,S1,"AGL(1,2887)"
2888,1429,0.494806,S3,1x1429 + 1459* (q=3)
2889,953,0.329872,S7f2,2x953 + 983* (q=491)
2890,1439,0.497924,S3,1x1451 + 1439* (q=719)
2891,487,0.168454,S7f4,4x601 + 487* (q=3)
2892,1439,0.497580,S3,1x1453 + 1439* (q=719)
2893,937,0.323885,S7f2,2x937 + 1019* (q=509)
2894,1447,0.500000,S2,2x1447
2895,577,0.199309,S7f4,4x577 + 587* (q=293)
2896,1409,0.486533,S3,1x1409 + 1487* (q=743)
2897,2897,1.000000,S1,"AGL(1,2897)"
2898,1439,0.496549,S3,1x1439 + 1459* (q=3)
2899,509,0.175578,S7f4,4x509 + 863* (q=431)
2900,719,0.247931,S7f3,3x727 + 719* (q=359)
2901,967,0.333333,S2,3x967
2902,1451,0.500000,S2,2x1451
2903,2903,1.000000,S1,"AGL(1,2903)"
2904,1381,0.475551,S3,1x1381 + 1523* (q=761)
2905,961,0.330809,S7f2,2x961 + 983* (q=491)
2906,1453,0.500000,S2,2x1453
2907,547,0.188166,S7f4,4x547 + 719* (q=359)
2908,1307,0.449450,S3,1x1601 + 1307* (q=653)
2909,2909,1.000000,S1,"AGL(1,2909)"
2910,1451,0.498625,S3,1x1451 + 1459* (q=3)
2911,863,0.296462,S7f2,2x1024 + 863* (q=431)
2912,1453,0.498970,S3,1x1453 + 1459* (q=3)
2913,971,0.333333,S2,3x971
2914,1427,0.489705,S3,1x1427 + 1487* (q=743)
2915,487,0.167067,S7f4,4x607 + 487* (q=3)
2916,1429,0.490055,S3,1x1429 + 1487* (q=743)
2917,2917,1.000000,S1,"AGL(1,2917)"
2918,1459,0.500000,S2,2x1459
2919,467,0.159986,S7f4,4x613 + 467* (q=233)
2920,1439,0.492808,S3,1x1481 + 1439* (q=719)
2921,487,0.166724,S7f2,2x1217 + 487* (q=3)
2922,1439,0.492471,S3,1x1483 + 1439* (q=719)
2923,521,0.178242,S7f4,4x521 + 839* (q=419)
2924,647,0.221272,S7f3,3x647 + 983* (q=491)
2925,971,0.331966,S7f2,2x971 + 983* (q=491)
2926,1439,0.491798,S3,1x1439 + 1487* (q=743)
2927,2927,1.000000,S1,"AGL(1,2927)"
2928,1439,0.491462,S3,1x1489 + 1439* (q=719)
2929,887,0.302834,S7f2,2x1021 + 887* (q=443)
2930,1459,0.497952,S3,1x1471 + 1459* (q=3)
2931,1024,0.349369,S3,1x1024 + 1907* (q=953)
2932,1439,0.490791,S3,1x1493 + 1439* (q=719)
2933,487,0.166042,S7f2,2x1223 + 487* (q=3)
2934,1447,0.493183,S3,1x1447 + 1487* (q=743)
2935,887,0.302215,S7f2,2x1024 + 887* (q=443)
2936,729,0.248297,S3,1x729 + 2207* (q=1103)
2937,977,0.332652,S7f2,2x977 + 983* (q=491)
2938,1451,0.493873,S3,1x1451 + 1487* (q=743)
2939,2939,1.000000,S1,"AGL(1,2939)"
2940,1459,0.496259,S3,1x1481 + 1459* (q=3)
2941,961,0.326760,S7f2,2x961 + 1019* (q=509)
2942,1471,0.500000,S2,2x1471
2943,487,0.165477,S11,1x997 + 487* + 1459* (q=3)
2944,1307,0.443954,S3,1x1637 + 1307* (q=653)
2945,743,0.252292,S7f2,2x743 + 1459* (q=3)
2946,1459,0.495248,S3,1x1459 + 1487* (q=743)
2947,557,0.189006,S7f4,4x557 + 719* (q=359)
2948,1459,0.494912,S3,1x1489 + 1459* (q=3)
2949,983,0.333333,S2,3x983
2950,1439,0.487797,S3,1x1511 + 1439* (q=719)
2951,373,0.126398,S7f4,4x373 + 1459* (q=3)
2952,1459,0.494241,S3,1x1493 + 1459* (q=3)
2953,2953,1.000000,S1,"AGL(1,2953)"
2954,563,0.190589,S7f3,3x797 + 563* (q=281)
2955,529,0.179019,S7f4,4x529 + 839* (q=419)
2956,1433,0.484777,S3,1x1433 + 1523* (q=761)
2957,2957,1.000000,S1,"AGL(1,2957)"
2958,1471,0.497295,S3,1x1471 + 1487* (q=743)
2959,587,0.198378,S7f4,4x593 + 587* (q=293)
2960,691,0.233446,S7f3,3x691 + 887* (q=443)
2961,971,0.327930,S7f2,2x971 + 1019* (q=509)
2962,1481,0.500000,S2,2x1481
2963,2963,1.000000,S1,"AGL(1,2963)"
2964,1367,0.461201,S3,1x1597 + 1367* (q=683)
2965,983,0.331535,S7f2,2x991 + 983* (q=491)
2966,1483,0.500000,S2,2x1483
2967,563,0.189754,S7f4,4x601 + 563* (q=281)
2968,1481,0.498989,S3,1x1481 + 1487* (q=743)
2969,2969,1.000000,S1,"AGL(1,2969)"
2970,1483,0.499327,S3,1x1483 + 1487* (q=743)
2971,2971,1.000000,S1,"AGL(1,2971)"
2972,743,0.250000,S2,4x743
2973,991,0.333333,S2,3x991
2974,1487,0.500000,S2,2x1487
2975,512,0.172101,S7f3,3x512 + 1439* (q=719)
2976,1487,0.499664,S3,1x1489 + 1487* (q=743)
2977,983,0.330198,S7f2,2x997 + 983* (q=491)
2978,1489,0.500000,S2,2x1489
2979,529,0.177576,S7f4,4x529 + 863* (q=431)
2980,1487,0.498993,S3,1x1493 + 1487* (q=743)
2981,761,0.255283,S7f2,2x761 + 1459* (q=3)
2982,1459,0.489269,S3,1x1459 + 1523* (q=761)
2983,587,0.196782,S7f4,4x599 + 587* (q=293)
2984,599,0.200737,S7f3,3x599 + 1187* (q=593)
2985,983,0.329313,S7f2,2x983 + 1019* (q=509)
2986,1493,0.500000,S2,2x1493
2987,487,0.163040,S7f4,4x625 + 487* (q=3)
2988,1439,0.481593,S3,1x1549 + 1439* (q=719)
2989,887,0.296755,S7f2,2x1051 + 887* (q=443)
2990,1459,0.487960,S3,1x1531 + 1459* (q=3)
2991,997,0.333333,S2,3x997
2992,1439,0.480949,S3,1x1553 + 1439* (q=719)
2993,421,0.140662,S7f6,6x421 + 467* (q=233)
2994,1471,0.491316,S3,1x1471 + 1523* (q=761)
2995,599,0.200000,S2,5x599
2996,719,0.239987,S7f3,3x719 + 839* (q=419)
2997,857,0.285953,S7f2,2x857 + 1283* (q=641)
2998,1499,0.500000,S2,2x1499
2999,2999,1.000000,S1,"AGL(1,2999)"
3000,1381,0.460333,S3,1x1381 + 1619* (q=809)
3001,3001,1.000000,S1,"AGL(1,3001)"
3002,1459,0.486009,S3,1x1543 + 1459* (q=3)
3003,571,0.190143,S7f4,4x571 + 719* (q=359)
3004,1481,0.493009,S3,1x1481 + 1523* (q=761)
3005,773,0.257238,S7f2,2x773 + 1459* (q=3)
3006,1483,0.493347,S3,1x1483 + 1523* (q=761)
3007,487,0.161955,S11,1x1061 + 487* + 1459* (q=3)
3008,1459,0.485040,S3,1x1549 + 1459* (q=3)
3009,983,0.326687,S7f2,2x1013 + 983* (q=491)
3010,1487,0.494020,S3,1x1487 + 1523* (q=761)
3011,3011,1.000000,S1,"AGL(1,3011)"
3012,1489,0.494356,S3,1x1489 + 1523* (q=761)
3013,997,0.330899,S7f2,2x997 + 1019* (q=509)
3014,709,0.235236,S7f3,3x709 + 887* (q=443)
3015,587,0.194693,S7f4,4x607 + 587* (q=293)
3016,1493,0.495027,S3,1x1493 + 1523* (q=761)
3017,431,0.142857,S2,7x431
3018,1487,0.492710,S3,1x1531 + 1487* (q=743)
3019,3019,1.000000,S1,"AGL(1,3019)"
3020,727,0.240728,S7f3,3x727 + 839* (q=419)
3021,983,0.325389,S7f2,2x1019 + 983* (q=491)
3022,1511,0.500000,S2,2x1511
3023,3023,1.000000,S1,"AGL(1,3023)"
3024,1367,0.452050,S3,1x1657 + 1367* (q=683)
3025,983,0.324959,S7f2,2x1021 + 983* (q=491)
3026,1459,0.482155,S3,1x1567 + 1459* (q=3)
3027,1009,0.333333,S2,3x1009
3028,1409,0.465324,S3,1x1409 + 1619* (q=809)
3029,421,0.138990,S7f6,6x421 + 503* (q=251)
3030,1487,0.490759,S3,1x1543 + 1487* (q=743)
3031,983,0.324315,S7f2,2x1024 + 983* (q=491)
3032,683,0.225264,S7f3,3x683 + 983* (q=491)
3033,863,0.284537,S7f2,2x863 + 1307* (q=653)
3034,1511,0.498022,S3,1x1511 + 1523* (q=761)
3035,607,0.200000,S2,5x607
3036,1487,0.489789,S3,1x1549 + 1487* (q=743)
3037,3037,1.000000,S1,"AGL(1,3037)"
3038,1459,0.480250,S3,1x1579 + 1459* (q=3)
3039,1013,0.333333,S2,3x1013
3040,1487,0.489145,S3,1x1553 + 1487* (q=743)
3041,3041,1.000000,S1,"AGL(1,3041)"
3042,1459,0.479619,S3,1x1583 + 1459* (q=3)
3043,487,0.160039,S11,1x1097 + 487* + 1459* (q=3)
3044,761,0.250000,S2,4x761
3045,1013,0.332677,S7f2,2x1013 + 1019* (q=509)
3046,1523,0.500000,S2,2x1523
3047,487,0.159829,S7f5,5x512 + 487* (q=3)
3048,1439,0.472113,S3,1x1609 + 1439* (q=719)
3049,3049,1.000000,S1,"AGL(1,3049)"
3050,863,0.282951,S3,1x2187 + 863* (q=431)
3051,1024,0.335628,S3,1x1024 + 2027* (q=1013)
3052,1439,0.471494,S3,1x1613 + 1439* (q=719)
3053,797,0.261055,S7f2,2x797 + 1459* (q=3)
3054,1523,0.498690,S3,1x1531 + 1523* (q=761)
3055,587,0.192144,S7f4,4x617 + 587* (q=293)
3056,1459,0.477421,S3,1x1597 + 1459* (q=3)
3057,1019,0.333333,S2,3x1019
3058,1487,0.486266,S3,1x1571 + 1487* (q=743)
3059,512,0.167375,S7f3,3x512 + 1523* (q=761)
3060,1459,0.476797,S3,1x1601 + 1459* (q=3)
3061,3061,1.000000,S1,"AGL(1,3061)"
3062,1531,0.500000,S2,2x1531
3063,1024,0.334313,S3,1x1024 + 2039* (q=1019)
3064,1367,0.446149,S3,1x1697 + 1367* (q=683)
3065,613,0.200000,S2,5x613
3066,1523,0.496738,S3,1x1543 + 1523* (q=761)
3067,3067,1.000000,S1,"AGL(1,3067)"
3068,1459,0.475554,S3,1x1609 + 1459* (q=3)
3069,941,0.306615,S7f2,2x941 + 1187* (q=593)
3070,1487,0.484365,S3,1x1583 + 1487* (q=743)
3071,243,0.079127,S7f4,4x243 + 2099* (q=1049)
3072,1523,0.495768,S3,1x1549 + 1523* (q=761)
3073,887,0.288643,S7f2,2x1093 + 887* (q=443)
3074,887,0.288549,S3,1x2187 + 887* (q=443)
3075,547,0.177886,S7f4,4x547 + 887* (q=443)
3076,1523,0.495124,S3,1x1553 + 1523* (q=761)
3077,809,0.262918,S7f2,2x809 + 1459* (q=3)
3078,1459,0.474009,S3,1x1459 + 1619* (q=809)
3079,3079,1.000000,S1,"AGL(1,3079)"
3080,1459,0.473701,S3,1x1621 + 1459* (q=3)
3081,1019,0.330737,S7f2,2x1031 + 1019* (q=509)
3082,1523,0.494160,S3,1x1559 + 1523* (q=761)
3083,3083,1.000000,S1,"AGL(1,3083)"
3084,1487,0.482166,S3,1x1597 + 1487* (q=743)
3085,1019,0.330308,S7f2,2x1033 + 1019* (q=509)
3086,1543,0.500000,S2,2x1543
3087,1024,0.331714,S3,1x1024 + 2063* (q=1031)
3088,1487,0.481541,S3,1x1601 + 1487* (q=743)
3089,3089,1.000000,S1,"AGL(1,3089)"
3090,1523,0.492880,S3,1x1567 + 1523* (q=761)
3091,593,0.191847,S7f4,4x593 + 719* (q=359)
3092,773,0.250000,S2,4x773
3093,1031,0.333333,S2,3x1031
3094,1523,0.492243,S3,1x1571 + 1523* (q=761)
3095,619,0.200000,S2,5x619
3096,1487,0.480297,S3,1x1609 + 1487* (q=743)
3097,1019,0.329028,S7f2,2x1039 + 1019* (q=509)
3098,1549,0.500000,S2,2x1549
3099,1033,0.333333,S2,3x1033
3100,1487,0.479677,S3,1x1613 + 1487* (q=743)
3101,821,0.264753,S7f2,2x821 + 1459* (q=3)
3102,1523,0.490974,S3,1x1579 + 1523* (q=761)
3103,521,0.167902,S7f4,4x521 + 1019* (q=509)
3104,739,0.238080,S7f3,3x739 + 887* (q=443)
3105,983,0.316586,S7f2,2x1061 + 983* (q=491)
3106,1553,0.500000,S2,2x1553
3107,239,0.076923,S2,13x239
3108,1489,0.479086,S3,1x1489 + 1619* (q=809)
3109,3109,1.000000,S1,"AGL(1,3109)"
3110,757,0.243408,S7f3,3x757 + 839* (q=419)
3111,587,0.188685,S7f4,4x631 + 587* (q=293)
3112,1493,0.479756,S3,1x1493 + 1619* (q=809)
3113,827,0.265660,S7f2,2x827 + 1459* (q=3)
3114,1487,0.477521,S3,1x1627 + 1487* (q=743)
3115,599,0.192295,S7f4,4x599 + 719* (q=359)
3116,1459,0.468228,S3,1x1657 + 1459* (q=3)
3117,1039,0.333333,S2,3x1039
3118,1559,0.500000,S2,2x1559
3119,3119,1.000000,S1,"AGL(1,3119)"
3120,1523,0.488141,S3,1x1597 + 1523* (q=761)
3121,3121,1.000000,S1,"AGL(1,3121)"
3122,1459,0.467329,S3,1x1663 + 1459* (q=3)
3123,1024,0.327890,S3,1x1024 + 2099* (q=1049)
3124,1523,0.487516,S3,1x1601 + 1523* (q=761)
3125,3125,1.000000,S1,"AGL(1,3125)"
3126,1459,0.466731,S3,1x1667 + 1459* (q=3)
3127,563,0.180045,S7f4,4x641 + 563* (q=281)
3128,1459,0.466432,S3,1x1669 + 1459* (q=3)
3129,971,0.310323,S7f2,2x971 + 1187* (q=593)
3130,1523,0.486581,S3,1x1607 + 1523* (q=761)
3131,487,0.155541,S7f4,4x661 + 487* (q=3)
3132,1523,0.486271,S3,1x1609 + 1523* (q=761)
3133,907,0.289499,S7f2,2x907 + 1319* (q=659)
3134,1567,0.500000,S2,2x1567
3135,563,0.179585,S7f4,4x643 + 563* (q=281)
3136,1523,0.485651,S3,1x1613 + 1523* (q=761)
3137,3137,1.000000,S1,"AGL(1,3137)"
3138,1439,0.458572,S3,1x1699 + 1439* (q=719)
3139,569,0.181268,S7f4,4x569 + 863* (q=431)
3140,1459,0.464650,S3,1x1681 + 1459* (q=3)
3141,1019,0.324419,S7f2,2x1061 + 1019* (q=509)
3142,1571,0.500000,S2,2x1571
3143,449,0.142857,S2,7x449
3144,1523,0.484415,S3,1x1621 + 1523* (q=761)
3145,1019,0.324006,S7f2,2x1063 + 1019* (q=509)
3146,769,0.244437,S7f3,3x769 + 839* (q=419)
3147,1049,0.333333,S2,3x1049
3148,1439,0.457116,S3,1x1709 + 1439* (q=719)
3149,487,0.154652,S7f2,2x1331 + 487* (q=3)
3150,1531,0.486032,S3,1x1531 + 1619* (q=809)
3151,587,0.186290,S7f4,4x641 + 587* (q=293)
3152,1459,0.462881,S3,1x1693 + 1459* (q=3)
3153,1051,0.333333,S2,3x1051
3154,1487,0.471465,S3,1x1667 + 1487* (q=743)
3155,631,0.200000,S2,5x631
3156,1487,0.471166,S3,1x1669 + 1487* (q=743)
3157,1019,0.322775,S7f2,2x1069 + 1019* (q=509)
3158,1579,0.500000,S2,2x1579
3159,587,0.185818,S7f4,4x643 + 587* (q=293)
3160,1523,0.481962,S3,1x1637 + 1523* (q=761)
3161,449,0.142044,S7f6,6x449 + 467* (q=233)
3162,1543,0.487982,S3,1x1543 + 1619* (q=809)
3163,3163,1.000000,S1,"AGL(1,3163)"
3164,727,0.229772,S7f3,3x727 + 983* (q=491)
3165,983,0.310585,S7f2,2x1091 + 983* (q=491)
3166,1583,0.500000,S2,2x1583
3167,3167,1.000000,S1,"AGL(1,3167)"
3168,1549,0.488952,S3,1x1549 + 1619* (q=809)
3169,3169,1.000000,S1,"AGL(1,3169)"
3170,983,0.310095,S3,1x2187 + 983* (q=491)
3171,613,0.193314,S7f4,4x613 + 719* (q=359)
3172,1553,0.489596,S3,1x1553 + 1619* (q=809)
3173,857,0.270091,S7f2,2x857 + 1459* (q=3)
3174,1307,0.411783,S3,1x1867 + 1307* (q=653)
3175,587,0.184882,S7f4,4x647 + 587* (q=293)
3176,729,0.229534,S3,1x729 + 2447* (q=1223)
3177,983,0.309411,S7f2,2x1097 + 983* (q=491)
3178,1559,0.490560,S3,1x1559 + 1619* (q=809)
3179,487,0.153193,S7f4,4x673 + 487* (q=3)
3180,1523,0.478931,S3,1x1657 + 1523* (q=761)
3181,3181,1.000000,S1,"AGL(1,3181)"
3182,1459,0.458517,S3,1x1723 + 1459* (q=3)
3183,1061,0.333333,S2,3x1061
3184,1487,0.467023,S3,1x1697 + 1487* (q=743)
3185,863,0.270958,S7f2,2x863 + 1459* (q=3)
3186,1567,0.491839,S3,1x1567 + 1619* (q=809)
3187,3187,1.000000,S1,"AGL(1,3187)"
3188,797,0.250000,S2,4x797
3189,1063,0.333333,S2,3x1063
3190,1571,0.492476,S3,1x1571 + 1619* (q=809)
3191,3191,1.000000,S1,"AGL(1,3191)"
3192,1523,0.477130,S3,1x1669 + 1523* (q=761)
3193,1019,0.319136,S7f2,2x1087 + 1019* (q=509)
3194,1597,0.500000,S2,2x1597
3195,619,0.193740,S7f4,4x619 + 719* (q=359)
3196,1487,0.465269,S3,1x1709 + 1487* (q=743)
3197,449,0.140444,S7f6,6x449 + 503* (q=251)
3198,1579,0.493746,S3,1x1579 + 1619* (q=809)
3199,587,0.183495,S7f4,4x653 + 587* (q=293)
3200,1459,0.455937,S3,1x1741 + 1459* (q=3)
3201,1019,0.318338,S7f2,2x1091 + 1019* (q=509)
3202,1601,0.500000,S2,2x1601
3203,3203,1.000000,S1,"AGL(1,3203)"
3204,1523,0.475343,S3,1x1681 + 1523* (q=761)
3205,1019,0.317941,S7f2,2x1093 + 1019* (q=509)
3206,1459,0.455084,S3,1x1747 + 1459* (q=3)
3207,1069,0.333333,S2,3x1069
3208,1487,0.463529,S3,1x1721 + 1487* (q=743)
3209,3209,1.000000,S1,"AGL(1,3209)"
3210,1487,0.463240,S3,1x1723 + 1487* (q=743)
3211,593,0.184678,S7f4,4x593 + 839* (q=419)
3212,1459,0.454234,S3,1x1753 + 1459* (q=3)
3213,1019,0.317149,S7f2,2x1097 + 1019* (q=509)
3214,1607,0.500000,S2,2x1607
3215,643,0.200000,S2,5x643
3216,1597,0.496580,S3,1x1597 + 1619* (q=809)
3217,3217,1.000000,S1,"AGL(1,3217)"
3218,1609,0.500000,S2,2x1609
3219,625,0.194160,S7f4,4x625 + 719* (q=359)
3220,1601,0.497205,S3,1x1601 + 1619* (q=809)
3221,3221,1.000000,S1,"AGL(1,3221)"
3222,1523,0.472688,S3,1x1699 + 1523* (q=761)
3223,587,0.182128,S7f4,4x659 + 587* (q=293)
3224,787,0.244107,S7f3,3x787 + 863* (q=431)
3225,1019,0.315969,S7f2,2x1019 + 1187* (q=593)
3226,1613,0.500000,S2,2x1613
3227,461,0.142857,S2,7x461
3228,1609,0.498451,S3,1x1609 + 1619* (q=809)
3229,3229,1.000000,S1,"AGL(1,3229)"
3230,797,0.246749,S7f3,3x797 + 839* (q=419)
3231,1024,0.316930,S3,1x1024 + 2207* (q=1103)
3232,1613,0.499072,S3,1x1613 + 1619* (q=809)
3233,887,0.274358,S7f2,2x887 + 1459* (q=3)
3234,1487,0.459802,S3,1x1747 + 1487* (q=743)
3235,1187,0.366924,S3,1x2048 + 1187* (q=593)
3236,1459,0.450865,S3,1x1777 + 1459* (q=3)
3237,1019,0.314798,S7f2,2x1109 + 1019* (q=509)
3238,1619,0.500000,S2,2x1619
3239,431,0.133066,S11,3x431 + 487* + 1459* (q=3)
3240,1619,0.499691,S3,1x1621 + 1619* (q=809)
3241,983,0.303301,S7f2,2x1129 + 983* (q=491)
3242,1621,0.500000,S2,2x1621
3243,631,0.194573,S7f4,4x631 + 719* (q=359)
3244,1523,0.469482,S3,1x1721 + 1523* (q=761)
3245,463,0.142681,S7f6,6x463 + 467* (q=233)
3246,1619,0.498768,S3,1x1627 + 1619* (q=809)
3247,557,0.171543,S7f4,4x557 + 1019* (q=509)
3248,1459,0.449200,S3,1x1789 + 1459* (q=3)
3249,1031,0.317328,S7f2,2x1031 + 1187* (q=593)
3250,1439,0.442769,S3,1x1811 + 1439* (q=719)
3251,3251,1.000000,S1,"AGL(1,3251)"
3252,1429,0.439422,S3,1x1429 + 1823* (q=911)
3253,3253,1.000000,S1,"AGL(1,3253)"
3254,1627,0.500000,S2,2x1627
3255,563,0.172965,S7f4,4x673 + 563* (q=281)
3256,1619,0.497236,S3,1x1637 + 1619* (q=809)
3257,3257,1.000000,S1,"AGL(1,3257)"
3258,1307,0.401166,S3,1x1951 + 1307* (q=653)
3259,3259,1.000000,S1,"AGL(1,3259)"
3260,1459,0.447546,S3,1x1801 + 1459* (q=3)
3261,1087,0.333333,S2,3x1087
3262,1439,0.441140,S3,1x1439 + 1823* (q=911)
3263,439,0.134539,S11,3x439 + 487* + 1459* (q=3)
3264,1523,0.466605,S3,1x1741 + 1523* (q=761)
3265,1039,0.318224,S7f2,2x1039 + 1187* (q=593)
3266,809,0.247704,S7f3,3x809 + 839* (q=419)
3267,607,0.185797,S7f4,4x607 + 839* (q=419)
3268,1367,0.418299,S3,1x1901 + 1367* (q=683)
3269,467,0.142857,S2,7x467
3270,1523,0.465749,S3,1x1747 + 1523* (q=761)
3271,3271,1.000000,S1,"AGL(1,3271)"
3272,811,0.247861,S7f3,3x811 + 839* (q=419)
3273,1091,0.333333,S2,3x1091
3274,1637,0.500000,S2,2x1637
3275,443,0.135267,S11,3x443 + 487* + 1459* (q=3)
3276,1619,0.494200,S3,1x1657 + 1619* (q=809)
3277,1019,0.310955,S7f2,2x1129 + 1019* (q=509)
3278,797,0.243136,S7f3,3x797 + 887* (q=443)
3279,1093,0.333333,S2,3x1093
3280,1373,0.418598,S3,1x1373 + 1907* (q=953)
3281,911,0.277659,S7f2,2x911 + 1459* (q=3)
3282,1619,0.493297,S3,1x1663 + 1619* (q=809)
3283,641,0.195248,S7f4,4x641 + 719* (q=359)
3284,821,0.250000,S2,4x821
3285,1049,0.319330,S7f2,2x1049 + 1187* (q=593)
3286,1619,0.492696,S3,1x1667 + 1619* (q=809)
3287,457,0.139033,S7f4,4x457 + 1459* (q=3)
3288,1619,0.492397,S3,1x1669 + 1619* (q=809)
3289,1051,0.319550,S7f2,2x1051 + 1187* (q=593)
3290,1459,0.443465,S3,1x1831 + 1459* (q=3)
3291,1097,0.333333,S2,3x1097
3292,1319,0.400668,S3,1x1973 + 1319* (q=659)
3293,449,0.136350,S11,3x449 + 487* + 1459* (q=3)
3294,1471,0.446570,S3,1x1471 + 1823* (q=911)
3295,659,0.200000,S2,5x659
3296,811,0.246056,S7f3,3x811 + 863* (q=431)
3297,929,0.281771,S7f2,2x929 + 1439* (q=719)
3298,1487,0.450879,S3,1x1811 + 1487* (q=743)
3299,3299,1.000000,S1,"AGL(1,3299)"
3300,1619,0.490606,S3,1x1681 + 1619* (q=809)
3301,3301,1.000000,S1,"AGL(1,3301)"
3302,821,0.248637,S7f3,3x821 + 839* (q=419)
3303,571,0.172873,S7f4,4x571 + 1019* (q=509)
3304,1481,0.448245,S3,1x1481 + 1823* (q=911)
3305,661,0.200000,S2,5x661
3306,1523,0.460678,S3,1x1783 + 1523* (q=761)
3307,3307,1.000000,S1,"AGL(1,3307)"
3308,1459,0.441052,S3,1x1849 + 1459* (q=3)
3309,1103,0.333333,S2,3x1103
3310,1523,0.460121,S3,1x1787 + 1523* (q=761)
3311,463,0.139837,S7f4,4x463 + 1459* (q=3)
3312,1619,0.488829,S3,1x1693 + 1619* (q=809)
3313,3313,1.000000,S1,"AGL(1,3313)"
3314,1657,0.500000,S2,2x1657
3315,619,0.186727,S7f4,4x619 + 839* (q=419)
3316,1619,0.488239,S3,1x1697 + 1619* (q=809)
3317,929,0.280072,S7f2,2x929 + 1459* (q=3)
3318,1619,0.487945,S3,1x1699 + 1619* (q=809)
3319,3319,1.000000,S1,"AGL(1,3319)"
3320,1459,0.439458,S3,1x1861 + 1459* (q=3)
3321,1019,0.306835,S7f2,2x1019 + 1283* (q=641)
3322,1499,0.451234,S3,1x1499 + 1823* (q=911)
3323,3323,1.000000,S1,"AGL(1,3323)"
3324,1523,0.458183,S3,1x1801 + 1523* (q=761)
3325,1069,0.321504,S7f2,2x1069 + 1187* (q=593)
3326,1663,0.500000,S2,2x1663
3327,1109,0.333333,S2,3x1109
3328,1619,0.486478,S3,1x1709 + 1619* (q=809)
3329,3329,1.000000,S1,"AGL(1,3329)"
3330,1459,0.438138,S3,1x1871 + 1459* (q=3)
3331,3331,1.000000,S1,"AGL(1,3331)"
3332,1459,0.437875,S3,1x1873 + 1459* (q=3)
3333,1013,0.303930,S7f2,2x1013 + 1307* (q=653)
3334,1667,0.500000,S2,2x1667
3335,463,0.138831,S11,3x463 + 487* + 1459* (q=3)
3336,1487,0.445743,S3,1x1849 + 1487* (q=743)
3337,1009,0.302367,S7f2,2x1009 + 1319* (q=659)
3338,1669,0.500000,S2,2x1669
3339,625,0.187182,S7f4,4x625 + 839* (q=419)
3340,1619,0.484731,S3,1x1721 + 1619* (q=809)
3341,941,0.281652,S7f2,2x941 + 1459* (q=3)
3342,1619,0.484440,S3,1x1723 + 1619* (q=809)
3343,3343,1.000000,S1,"AGL(1,3343)"
3344,827,0.247309,S7f3,3x827 + 863* (q=431)
3345,1031,0.308221,S7f2,2x1031 + 1283* (q=641)
3346,1523,0.455170,S3,1x1523 + 1823* (q=911)
3347,3347,1.000000,S1,"AGL(1,3347)"
3348,1487,0.444146,S3,1x1861 + 1487* (q=743)
3349,1033,0.308450,S7f2,2x1033 + 1283* (q=641)
3350,829,0.247463,S7f3,3x829 + 863* (q=431)
3351,1117,0.333333,S2,3x1117
3352,1619,0.482995,S3,1x1733 + 1619* (q=809)
3353,947,0.282434,S7f2,2x947 + 1459* (q=3)
3354,1531,0.456470,S3,1x1531 + 1823* (q=911)
3355,1307,0.389568,S3,1x2048 + 1307* (q=653)
3356,839,0.250000,S2,4x839
3357,1019,0.303545,S7f2,2x1019 + 1319* (q=659)
3358,1487,0.442823,S3,1x1871 + 1487* (q=743)
3359,3359,1.000000,S1,"AGL(1,3359)"
3360,1619,0.481845,S3,1x1741 + 1619* (q=809)
3361,3361,1.000000,S1,"AGL(1,3361)"
3362,1681,0.500000,S2,2x1681
3363,661,0.196551,S7f4,4x661 + 719* (q=359)
3364,1487,0.442033,S3,1x1877 + 1487* (q=743)
3365,953,0.283210,S7f2,2x953 + 1459* (q=3)
3366,1619,0.480986,S3,1x1747 + 1619* (q=809)
3367,1319,0.391743,S3,1x2048 + 1319* (q=659)
3368,827,0.245546,S7f3,3x827 + 887* (q=443)
3369,1123,0.333333,S2,3x1123
3370,1523,0.451929,S3,1x1847 + 1523* (q=761)
3371,3371,1.000000,S1,"AGL(1,3371)"
3372,1619,0.480130,S3,1x1753 + 1619* (q=809)
3373,3373,1.000000,S1,"AGL(1,3373)"
3374,1187,0.351808,S3,1x2187 + 1187* (q=593)
3375,547,0.162074,S7f4,4x547 + 1187* (q=593)
3376,1553,0.460012,S3,1x1553 + 1823* (q=911)
3377,479,0.141842,S7f6,6x479 + 503* (q=251)
3378,1619,0.479278,S3,1x1759 + 1619* (q=809)
3379,599,0.177271,S7f4,4x599 + 983* (q=491)
3380,839,0.248225,S7f3,3x839 + 863* (q=431)
3381,1097,0.324460,S7f2,2x1097 + 1187* (q=593)
3382,1559,0.460970,S3,1x1559 + 1823* (q=911)
3383,479,0.141590,S11,3x479 + 487* + 1459* (q=3)
3384,1523,0.450059,S3,1x1861 + 1523* (q=761)
3385,1051,0.310487,S7f2,2x1051 + 1283* (q=641)
3386,1693,0.500000,S2,2x1693
3387,1129,0.333333,S2,3x1129
3388,1487,0.438902,S3,1x1901 + 1487* (q=743)
3389,3389,1.000000,S1,"AGL(1,3389)"
3390,1567,0.462242,S3,1x1567 + 1823* (q=911)
3391,3391,1.000000,S1,"AGL(1,3391)"
3392,1459,0.430130,S3,1x1933 + 1459* (q=3)
3393,1103,0.325081,S7f2,2x1103 + 1187* (q=593)
3394,1697,0.500000,S2,2x1697
3395,487,0.143446,S7f4,4x727 + 487* (q=3)
3396,1619,0.476737,S3,1x1777 + 1619* (q=809)
3397,1039,0.305858,S7f2,2x1039 + 1319* (q=659)
3398,1699,0.500000,S2,2x1699
3399,563,0.165637,S7f4,4x709 + 563* (q=281)
3400,1523,0.447941,S3,1x1877 + 1523* (q=761)
3401,971,0.285504,S7f2,2x971 + 1459* (q=3)
3402,1619,0.475897,S3,1x1783 + 1619* (q=809)
3403,641,0.188363,S7f4,4x641 + 839* (q=419)
3404,839,0.246475,S7f3,3x839 + 887* (q=443)
3405,1109,0.325698,S7f2,2x1109 + 1187* (q=593)
3406,1619,0.475338,S3,1x1787 + 1619* (q=809)
3407,3407,1.000000,S1,"AGL(1,3407)"
3408,1619,0.475059,S3,1x1789 + 1619* (q=809)
3409,1063,0.311822,S7f2,2x1063 + 1283* (q=641)
3410,1459,0.427859,S3,1x1951 + 1459* (q=3)
3411,673,0.197303,S7f4,4x673 + 719* (q=359)
3412,1523,0.446366,S3,1x1889 + 1523* (q=761)
3413,3413,1.000000,S1,"AGL(1,3413)"
3414,1283,0.375806,S3,1x2131 + 1283* (q=641)
3415,1367,0.400293,S3,1x2048 + 1367* (q=683)
3416,839,0.245609,S7f3,3x859 + 839* (q=419)
3417,1049,0.306994,S7f2,2x1049 + 1319* (q=659)
3418,1709,0.500000,S2,2x1709
3419,503,0.147119,S7f4,4x729 + 503* (q=251)
3420,1619,0.473392,S3,1x1801 + 1619* (q=809)
3421,1117,0.326513,S7f2,2x1117 + 1187* (q=593)
3422,853,0.249269,S7f3,3x853 + 863* (q=431)
3423,601,0.175577,S7f4,4x601 + 1019* (q=509)
3424,1601,0.467582,S3,1x1601 + 1823* (q=911)
3425,983,0.287007,S7f2,2x983 + 1459* (q=3)
3426,1439,0.420023,S3,1x1987 + 1439* (q=719)
3427,677,0.197549,S7f4,4x677 + 719* (q=359)
3428,857,0.250000,S2,4x857
3429,1061,0.309420,S7f2,2x1061 + 1307* (q=653)
3430,1619,0.472012,S3,1x1811 + 1619* (q=809)
3431,359,0.104634,S7f6,6x512 + 359* (q=179)
3432,1609,0.468823,S3,1x1609 + 1823* (q=911)
3433,3433,1.000000,S1,"AGL(1,3433)"
3434,857,0.249563,S7f3,3x857 + 863* (q=431)
3435,643,0.187191,S7f4,4x643 + 863* (q=431)
3436,1613,0.469441,S3,1x1613 + 1823* (q=911)
3437,491,0.142857,S2,7x491
3438,1531,0.445317,S3,1x1531 + 1907* (q=953)
3439,563,0.163710,S7f4,4x563 + 1187* (q=593)
3440,859,0.249709,S7f3,3x859 + 863* (q=431)
3441,1061,0.308341,S7f2,2x1061 + 1319* (q=659)
3442,1721,0.500000,S2,2x1721
3443,512,0.148708,S7f3,3x512 + 1907* (q=953)
3444,1621,0.470674,S3,1x1621 + 1823* (q=911)
3445,1129,0.327721,S7f2,2x1129 + 1187* (q=593)
3446,1723,0.500000,S2,2x1723
3447,607,0.176095,S7f4,4x607 + 1019* (q=509)
3448,1409,0.408643,S3,1x1409 + 2039* (q=1019)
3449,3449,1.000000,S1,"AGL(1,3449)"
3450,1627,0.471594,S3,1x1627 + 1823* (q=911)
3451,683,0.197914,S7f4,4x683 + 719* (q=359)
3452,1459,0.422654,S3,1x1993 + 1459* (q=3)
3453,1151,0.333333,S2,3x1151
3454,1523,0.440938,S3,1x1931 + 1523* (q=761)
3455,691,0.200000,S2,5x691
3456,1549,0.448206,S3,1x1549 + 1907* (q=953)
3457,3457,1.000000,S1,"AGL(1,3457)"
3458,1459,0.421920,S3,1x1999 + 1459* (q=3)
3459,1153,0.333333,S2,3x1153
3460,1637,0.473121,S3,1x1637 + 1823* (q=911)
3461,3461,1.000000,S1,"AGL(1,3461)"
3462,1459,0.421433,S3,1x2003 + 1459* (q=3)
3463,3463,1.000000,S1,"AGL(1,3463)"
3464,859,0.247979,S7f3,3x859 + 887* (q=443)
3465,1091,0.314863,S7f2,2x1091 + 1283* (q=641)
3466,1733,0.500000,S2,2x1733
3467,3467,1.000000,S1,"AGL(1,3467)"
3468,1619,0.466840,S3,1x1849 + 1619* (q=809)
3469,3469,1.000000,S1,"AGL(1,3469)"
3470,1459,0.420461,S3,1x2011 + 1459* (q=3)
3471,1024,0.295016,S3,1x1024 + 2447* (q=1223)
3472,1523,0.438652,S3,1x1949 + 1523* (q=761)
3473,487,0.140225,S7f2,2x1493 + 487* (q=3)
3474,1567,0.451065,S3,1x1567 + 1907* (q=953)
3475,659,0.189640,S7f4,4x659 + 839* (q=419)
3476,1459,0.419735,S3,1x2017 + 1459* (q=3)
3477,1097,0.315502,S7f2,2x1097 + 1283* (q=641)
3478,1571,0.451696,S3,1x1571 + 1907* (q=953)
3479,563,0.161828,S7f4,4x729 + 563* (q=281)
3480,1657,0.476149,S3,1x1657 + 1823* (q=911)
3481,3481,1.000000,S1,"AGL(1,3481)"
3482,1741,0.500000,S2,2x1741
3483,1024,0.293999,S3,1x1024 + 2459* (q=1229)
3484,1487,0.426808,S3,1x1997 + 1487* (q=743)
3485,1013,0.290674,S7f2,2x1013 + 1459* (q=3)
3486,1663,0.477051,S3,1x1663 + 1823* (q=911)
3487,1439,0.412676,S3,1x2048 + 1439* (q=719)
3488,1459,0.418291,S3,1x2029 + 1459* (q=3)
3489,1163,0.333333,S2,3x1163
3490,1667,0.477650,S3,1x1667 + 1823* (q=911)
3491,3491,1.000000,S1,"AGL(1,3491)"
3492,1669,0.477950,S3,1x1669 + 1823* (q=911)
3493,1153,0.330089,S7f2,2x1153 + 1187* (q=593)
3494,1747,0.500000,S2,2x1747
3495,619,0.177110,S7f4,4x619 + 1019* (q=509)
3496,1619,0.463101,S3,1x1877 + 1619* (q=809)
3497,1019,0.291393,S7f2,2x1019 + 1459* (q=3)
3498,1619,0.462836,S3,1x1879 + 1619* (q=809)
3499,3499,1.000000,S1,"AGL(1,3499)"
3500,839,0.239714,S7f3,3x839 + 983* (q=491)
3501,1109,0.316767,S7f2,2x1109 + 1283* (q=641)
3502,1523,0.434894,S3,1x1979 + 1523* (q=761)
3503,587,0.167571,S7f4,4x729 + 587* (q=293)
3504,1681,0.479737,S3,1x1681 + 1823* (q=911)
3505,1093,0.311840,S7f2,2x1093 + 1319* (q=659)
3506,1753,0.500000,S2,2x1753
3507,1459,0.416025,S3,1x2048 + 1459* (q=3)
3508,1619,0.461517,S3,1x1889 + 1619* (q=809)
3509,491,0.139926,S7f6,6x491 + 563* (q=281)
3510,1523,0.433903,S3,1x1987 + 1523* (q=761)
3511,3511,1.000000,S1,"AGL(1,3511)"
3512,1459,0.415433,S3,1x2053 + 1459* (q=3)
3513,1171,0.333333,S2,3x1171
3514,1607,0.457314,S3,1x1607 + 1907* (q=953)
3515,487,0.138549,S7f4,4x757 + 487* (q=3)
3516,1693,0.481513,S3,1x1693 + 1823* (q=911)
3517,3517,1.000000,S1,"AGL(1,3517)"
3518,1759,0.500000,S2,2x1759
3519,625,0.177607,S7f4,4x625 + 1019* (q=509)
3520,1697,0.482102,S3,1x1697 + 1823* (q=911)
3521,1031,0.292815,S7f2,2x1031 + 1459* (q=3)
3522,1699,0.482396,S3,1x1699 + 1823* (q=911)
3523,701,0.198978,S7f4,4x701 + 719* (q=359)
3524,881,0.250000,S2,4x881
3525,1109,0.314610,S7f2,2x1109 + 1307* (q=653)
3526,1619,0.459161,S3,1x1619 + 1907* (q=953)
3527,3527,1.000000,S1,"AGL(1,3527)"
3528,1621,0.459467,S3,1x1621 + 1907* (q=953)
3529,3529,1.000000,S1,"AGL(1,3529)"
3530,881,0.249575,S7f3,3x881 + 887* (q=443)
3531,673,0.190598,S7f4,4x673 + 839* (q=419)
3532,1709,0.483862,S3,1x1709 + 1823* (q=911)
3533,3533,1.000000,S1,"AGL(1,3533)"
3534,1627,0.460385,S3,1x1627 + 1907* (q=953)
3535,1487,0.420651,S3,1x2048 + 1487* (q=743)
3536,883,0.249717,S7f3,3x883 + 887* (q=443)
3537,1109,0.313543,S7f2,2x1109 + 1319* (q=659)
3538,1511,0.427077,S3,1x1511 + 2027* (q=1013)
3539,3539,1.000000,S1,"AGL(1,3539)"
3540,1523,0.430226,S3,1x2017 + 1523* (q=761)
3541,3541,1.000000,S1,"AGL(1,3541)"
3542,1459,0.411914,S3,1x2083 + 1459* (q=3)
3543,1181,0.333333,S2,3x1181
3544,1721,0.485609,S3,1x1721 + 1823* (q=911)
3545,709,0.200000,S2,5x709
3546,1723,0.485900,S3,1x1723 + 1823* (q=911)
3547,3547,1.000000,S1,"AGL(1,3547)"
3548,1459,0.411218,S3,1x2089 + 1459* (q=3)
3549,1181,0.332770,S7f2,2x1181 + 1187* (q=593)
3550,1619,0.456056,S3,1x1931 + 1619* (q=809)
3551,523,0.147282,S7f4,4x523 + 1459* (q=3)
3552,1619,0.455800,S3,1x1933 + 1619* (q=809)
3553,1123,0.316071,S7f2,2x1123 + 1307* (q=653)
3554,1777,0.500000,S2,2x1777
3555,709,0.199437,S7f4,4x709 + 719* (q=359)
3556,1733,0.487345,S3,1x1733 + 1823* (q=911)
3557,3557,1.000000,S1,"AGL(1,3557)"
3558,1531,0.430298,S3,1x1531 + 2027* (q=1013)
3559,3559,1.000000,S1,"AGL(1,3559)"
3560,859,0.241292,S7f3,3x859 + 983* (q=491)
3561,1187,0.333333,S2,3x1187
3562,1523,0.427569,S3,1x1523 + 2039* (q=1019)
3563,512,0.143699,S7f3,3x512 + 2027* (q=1013)
3564,1741,0.488496,S3,1x1741 + 1823* (q=911)
3565,1129,0.316690,S7f2,2x1129 + 1307* (q=653)
3566,1783,0.500000,S2,2x1783
3567,571,0.160078,S7f4,4x571 + 1283* (q=641)
3568,1619,0.453756,S3,1x1949 + 1619* (q=809)
3569,487,0.136453,S11,3x541 + 487* + 1459* (q=3)
3570,1747,0.489356,S3,1x1747 + 1823* (q=911)
3571,3571,1.000000,S1,"AGL(1,3571)"
3572,1459,0.408455,S3,1x2113 + 1459* (q=3)
3573,1187,0.332214,S7f2,2x1193 + 1187* (q=593)
3574,1787,0.500000,S2,2x1787
3575,529,0.147972,S7f4,4x529 + 1459* (q=3)
3576,1753,0.490213,S3,1x1753 + 1823* (q=911)
3577,1129,0.315628,S7f2,2x1129 + 1319* (q=659)
3578,1789,0.500000,S2,2x1789
3579,1193,0.333333,S2,3x1193
3580,1553,0.433799,S3,1x1553 + 2027* (q=1013)
3581,3581,1.000000,S1,"AGL(1,3581)"
3582,1759,0.491066,S3,1x1759 + 1823* (q=911)
3583,3583,1.000000,S1,"AGL(1,3583)"
3584,863,0.240792,S7f3,3x907 + 863* (q=431)
3585,1151,0.321060,S7f2,2x1151 + 1283* (q=641)
3586,1559,0.434746,S3,1x1559 + 2027* (q=1013)
3587,487,0.135768,S11,3x547 + 487* + 1459* (q=3)
3588,1681,0.468506,S3,1x1681 + 1907* (q=953)
3589,1187,0.330733,S7f2,2x1201 + 1187* (q=593)
3590,1459,0.406407,S3,1x2131 + 1459* (q=3)
3591,643,0.179059,S7f4,4x643 + 1019* (q=509)
3592,1619,0.450724,S3,1x1973 + 1619* (q=809)
3593,3593,1.000000,S1,"AGL(1,3593)"
3594,1567,0.436004,S3,1x1567 + 2027* (q=1013)
3595,719,0.200000,S2,5x719
3596,1459,0.405729,S3,1x2137 + 1459* (q=3)
3597,1069,0.297192,S7f2,2x1069 + 1459* (q=3)
3598,1619,0.449972,S3,1x1979 + 1619* (q=809)
3599,512,0.142262,S7f3,3x512 + 2063* (q=1031)
3600,1777,0.493611,S3,1x1777 + 1823* (q=911)
3601,1117,0.310192,S7f2,2x1117 + 1367* (q=683)
3602,1801,0.500000,S2,2x1801
3603,1201,0.333333,S2,3x1201
3604,1697,0.470866,S3,1x1697 + 1907* (q=953)
3605,503,0.139528,S7f6,6x503 + 587* (q=293)
3606,1783,0.494454,S3,1x1783 + 1823* (q=911)
3607,3607,1.000000,S1,"AGL(1,3607)"
3608,887,0.245843,S7f3,3x907 + 887* (q=443)
3609,1163,0.322250,S7f2,2x1163 + 1283* (q=641)
3610,1787,0.495014,S3,1x1787 + 1823* (q=911)
3611,271,0.075048,S7f12,12x271 + 359* (q=179)
3612,1789,0.495293,S3,1x1789 + 1823* (q=911)
3613,3613,1.000000,S1,"AGL(1,3613)"
3614,877,0.242667,S7f3,3x877 + 983* (q=491)
3615,607,0.167911,S7f4,4x607 + 1187* (q=593)
3616,1709,0.472622,S3,1x1709 + 1907* (q=953)
3617,3617,1.000000,S1,"AGL(1,3617)"
3618,1619,0.447485,S3,1x1999 + 1619* (q=809)
3619,683,0.188726,S7f4,4x683 + 887* (q=443)
3620,1459,0.403039,S3,1x2161 + 1459* (q=3)
3621,1187,0.327810,S7f2,2x1217 + 1187* (q=593)
3622,1811,0.500000,S2,2x1811
3623,3623,1.000000,S1,"AGL(1,3623)"
3624,1801,0.496965,S3,1x1801 + 1823* (q=911)
3625,1171,0.323034,S7f2,2x1171 + 1283* (q=641)
3626,1439,0.396856,S3,1x2187 + 1439* (q=719)
3627,719,0.198235,S7f4,4x727 + 719* (q=359)
3628,1721,0.474366,S3,1x1721 + 1907* (q=953)
3629,503,0.138606,S7f6,6x521 + 503* (q=251)
3630,1723,0.474656,S3,1x1723 + 1907* (q=953)
3631,3631,1.000000,S1,"AGL(1,3631)"
3632,883,0.243117,S7f3,3x883 + 983* (q=491)
3633,1187,0.326727,S7f2,2x1223 + 1187* (q=593)
3634,1811,0.498349,S3,1x1811 + 1823* (q=911)
3635,727,0.200000,S2,5x727
3636,1619,0.445270,S3,1x2017 + 1619* (q=809)
3637,3637,1.000000,S1,"AGL(1,3637)"
3638,1459,0.401045,S3,1x2179 + 1459* (q=3)
3639,1213,0.333333,S2,3x1213
3640,1733,0.476099,S3,1x1733 + 1907* (q=953)
3641,1091,0.299643,S7f2,2x1091 + 1459* (q=3)
3642,1579,0.433553,S3,1x1579 + 2063* (q=1031)
3643,3643,1.000000,S1,"AGL(1,3643)"
3644,911,0.250000,S2,4x911
3645,1187,0.325652,S7f2,2x1229 + 1187* (q=593)
3646,1823,0.500000,S2,2x1823
3647,547,0.149986,S7f4,4x547 + 1459* (q=3)
3648,1741,0.477248,S3,1x1741 + 1907* (q=953)
3649,1187,0.325295,S7f2,2x1231 + 1187* (q=593)
3650,877,0.240274,S7f3,3x877 + 1019* (q=509)
3651,1217,0.333333,S2,3x1217
3652,1613,0.441676,S3,1x1613 + 2039* (q=1019)
3653,1097,0.300301,S7f2,2x1097 + 1459* (q=3)
3654,1823,0.498905,S3,1x1831 + 1823* (q=911)
3655,659,0.180301,S7f4,4x659 + 1019* (q=509)
3656,1459,0.399070,S3,1x2197 + 1459* (q=3)
3657,1187,0.324583,S7f2,2x1187 + 1283* (q=641)
3658,1619,0.442592,S3,1x1619 + 2039* (q=1019)
3659,3659,1.000000,S1,"AGL(1,3659)"
3660,1753,0.478962,S3,1x1753 + 1907* (q=953)
3661,1187,0.324228,S7f2,2x1237 + 1187* (q=593)
3662,1831,0.500000,S2,2x1831
3663,661,0.180453,S7f4,4x661 + 1019* (q=509)
3664,1637,0.446779,S3,1x1637 + 2027* (q=1013)
3665,1103,0.300955,S7f2,2x1103 + 1459* (q=3)
3666,1759,0.479815,S3,1x1759 + 1907* (q=953)
3667,1619,0.441505,S3,1x2048 + 1619* (q=809)
3668,1459,0.397764,S3,1x2209 + 1459* (q=3)
3669,1223,0.333333,S2,3x1223
3670,1823,0.496730,S3,1x1847 + 1823* (q=911)
3671,3671,1.000000,S1,"AGL(1,3671)"
3672,1823,0.496460,S3,1x1849 + 1823* (q=911)
3673,3673,1.000000,S1,"AGL(1,3673)"
3674,1487,0.404736,S3,1x2187 + 1487* (q=743)
3675,719,0.195646,S7f4,4x739 + 719* (q=359)
3676,1637,0.445321,S3,1x1637 + 2039* (q=1019)
3677,3677,1.000000,S1,"AGL(1,3677)"
3678,1579,0.429309,S3,1x1579 + 2099* (q=1049)
3679,599,0.162816,S7f4,4x599 + 1283* (q=641)
3680,1459,0.396467,S3,1x2221 + 1459* (q=3)
3681,1187,0.322467,S7f2,2x1187 + 1307* (q=653)
3682,1619,0.439707,S3,1x1619 + 2063* (q=1031)
3683,277,0.075210,S7f12,12x277 + 359* (q=179)
3684,1823,0.494843,S3,1x1861 + 1823* (q=911)
3685,1201,0.325916,S7f2,2x1201 + 1283* (q=641)
3686,863,0.234129,S7f3,3x941 + 863* (q=431)
3687,1229,0.333333,S2,3x1229
3688,1619,0.438991,S3,1x2069 + 1619* (q=809)
3689,521,0.141231,S7f6,6x521 + 563* (q=281)
3690,1823,0.494038,S3,1x1867 + 1823* (q=911)
3691,3691,1.000000,S1,"AGL(1,3691)"
3692,751,0.203413,S7f3,3x751 + 1439* (q=719)
3693,1231,0.333333,S2,3x1231
3694,1847,0.500000,S2,2x1847
3695,739,0.200000,S2,5x739
3696,1823,0.493236,S3,1x1873 + 1823* (q=911)
3697,3697,1.000000,S1,"AGL(1,3697)"
3698,1849,0.500000,S2,2x1849
3699,709,0.191673,S7f4,4x709 + 863* (q=431)
3700,1823,0.492703,S3,1x1877 + 1823* (q=911)
3701,3701,1.000000,S1,"AGL(1,3701)"
3702,1823,0.492437,S3,1x1879 + 1823* (q=911)
3703,599,0.161761,S7f4,4x599 + 1307* (q=653)
3704,907,0.244870,S7f3,3x907 + 983* (q=491)
3705,1193,0.321997,S7f2,2x1193 + 1319* (q=659)
3706,1667,0.449811,S3,1x1667 + 2039* (q=1019)
3707,487,0.131373,S11,3x587 + 487* + 1459* (q=3)
3708,1801,0.485707,S3,1x1801 + 1907* (q=953)
3709,3709,1.000000,S1,"AGL(1,3709)"
3710,1523,0.410512,S3,1x2187 + 1523* (q=761)
3711,1237,0.333333,S2,3x1237
3712,1823,0.491110,S3,1x1889 + 1823* (q=911)
3713,521,0.140318,S7f6,6x521 + 587* (q=293)
3714,1367,0.368067,S3,1x2347 + 1367* (q=683)
3715,743,0.200000,S2,5x743
3716,929,0.250000,S2,4x929
3717,1217,0.327415,S7f2,2x1217 + 1283* (q=641)
3718,1811,0.487090,S3,1x1811 + 1907* (q=953)
3719,3719,1.000000,S1,"AGL(1,3719)"
3720,1693,0.455108,S3,1x1693 + 2027* (q=1013)
3721,3721,1.000000,S1,"AGL(1,3721)"
3722,1861,0.500000,S2,2x1861
3723,719,0.193124,S7f4,4x751 + 719* (q=359)
3724,1823,0.489527,S3,1x1901 + 1823* (q=911)
3725,523,0.140403,S7f6,6x523 + 587* (q=293)
3726,1699,0.455985,S3,1x1699 + 2027* (q=1013)
3727,3727,1.000000,S1,"AGL(1,3727)"
3728,1459,0.391363,S3,1x2269 + 1459* (q=3)
3729,1223,0.327970,S7f2,2x1223 + 1283* (q=641)
3730,1823,0.488740,S3,1x1823 + 1907* (q=953)
3731,487,0.130528,S7f4,4x811 + 487* (q=3)
3732,1693,0.453644,S3,1x1693 + 2039* (q=1019)
3733,3733,1.000000,S1,"AGL(1,3733)"
3734,1867,0.500000,S2,2x1867
3735,613,0.164123,S7f4,4x613 + 1283* (q=641)
3736,1823,0.487955,S3,1x1913 + 1823* (q=911)
3737,529,0.141557,S7f6,6x529 + 563* (q=281)
3738,1831,0.489834,S3,1x1831 + 1907* (q=953)
3739,3739,1.000000,S1,"AGL(1,3739)"
3740,1459,0.390107,S3,1x2281 + 1459* (q=3)
3741,1229,0.328522,S7f2,2x1229 + 1283* (q=641)
3742,1871,0.500000,S2,2x1871
3743,571,0.152551,S7f4,4x571 + 1459* (q=3)
3744,1681,0.448985,S3,1x1681 + 2063* (q=1031)
3745,1231,0.328705,S7f2,2x1231 + 1283* (q=641)
3746,1873,0.500000,S2,2x1873
3747,1249,0.333333,S2,3x1249
3748,1721,0.459178,S3,1x1721 + 2027* (q=1013)
3749,503,0.134169,S7f6,6x541 + 503* (q=251)
3750,1723,0.459467,S3,1x1723 + 2027* (q=1013)
3751,683,0.182085,S7f4,4x683 + 1019* (q=509)
3752,1459,0.388859,S3,1x2293 + 1459* (q=3)
3753,1223,0.325873,S7f2,2x1223 + 1307* (q=653)
3754,1877,0.500000,S2,2x1877
3755,751,0.200000,S2,5x751
3756,1849,0.492279,S3,1x1849 + 1907* (q=953)
3757,1237,0.329252,S7f2,2x1237 + 1283* (q=641)
3758,1879,0.500000,S2,2x1879
3759,643,0.171056,S7f4,4x643 + 1187* (q=593)
3760,1733,0.460904,S3,1x1733 + 2027* (q=1013)
3761,3761,1.000000,S1,"AGL(1,3761)"
3762,1723,0.458001,S3,1x1723 + 2039* (q=1019)
3763,719,0.191071,S7f4,4x719 + 887* (q=443)
3764,941,0.250000,S2,4x941
3765,1229,0.326428,S7f2,2x1229 + 1307* (q=653)
3766,1667,0.442645,S3,1x1667 + 2099* (q=1049)
3767,3767,1.000000,S1,"AGL(1,3767)"
3768,1861,0.493896,S3,1x1861 + 1907* (q=953)
3769,3769,1.000000,S1,"AGL(1,3769)"
3770,1459,0.387003,S3,1x2311 + 1459* (q=3)
3771,733,0.194378,S7f4,4x733 + 839* (q=419)
3772,1823,0.483298,S3,1x1949 + 1823* (q=911)
3773,509,0.134906,S7f6,6x509 + 719* (q=359)
3774,1867,0.494701,S3,1x1867 + 1907* (q=953)
3775,647,0.171391,S7f4,4x647 + 1187* (q=593)
3776,919,0.243379,S7f3,3x919 + 1019* (q=509)
3777,1259,0.333333,S2,3x1259
3778,1889,0.500000,S2,2x1889
3779,3779,1.000000,S1,"AGL(1,3779)"
3780,1873,0.495503,S3,1x1873 + 1907* (q=953)
3781,1249,0.330336,S7f2,2x1249 + 1283* (q=641)
3782,821,0.217081,S7f3,3x821 + 1319* (q=659)
3783,691,0.182659,S7f4,4x691 + 1019* (q=509)
3784,1877,0.496036,S3,1x1877 + 1907* (q=953)
3785,1163,0.307266,S7f2,2x1163 + 1459* (q=3)
3786,1879,0.496302,S3,1x1879 + 1907* (q=953)
3787,701,0.185107,S7f4,4x701 + 983* (q=491)
3788,947,0.250000,S2,4x947
3789,1187,0.313275,S7f2,2x1301 + 1187* (q=593)
3790,1583,0.417678,S3,1x1583 + 2207* (q=1103)
3791,719,0.189660,S7f3,3x1024 + 719* (q=359)
3792,1753,0.462289,S3,1x1753 + 2039* (q=1019)
3793,3793,1.000000,S1,"AGL(1,3793)"
3794,937,0.246969,S7f3,3x937 + 983* (q=491)
3795,739,0.194730,S7f4,4x739 + 839* (q=419)
3796,1889,0.497629,S3,1x1889 + 1907* (q=953)
3797,3797,1.000000,S1,"AGL(1,3797)"
3798,1759,0.463138,S3,1x1759 + 2039* (q=1019)
3799,653,0.171887,S7f4,4x653 + 1187* (q=593)
3800,1459,0.383947,S3,1x2341 + 1459* (q=3)
3801,1259,0.331229,S7f2,2x1259 + 1283* (q=641)
3802,1901,0.500000,S2,2x1901
3803,3803,1.000000,S1,"AGL(1,3803)"
3804,1777,0.467140,S3,1x1777 + 2027* (q=1013)
3805,1249,0.328252,S7f2,2x1249 + 1307* (q=653)
3806,1619,0.425381,S3,1x2187 + 1619* (q=809)
3807,631,0.165747,S7f4,4x631 + 1283* (q=641)
3808,1901,0.499212,S3,1x1901 + 1907* (q=953)
3809,541,0.142032,S7f6,6x541 + 563* (q=281)
3810,1823,0.478478,S3,1x1987 + 1823* (q=911)
3811,743,0.194962,S7f4,4x743 + 839* (q=419)
3812,953,0.250000,S2,4x953
3813,1223,0.320745,S7f2,2x1223 + 1367* (q=683)
3814,1907,0.500000,S2,2x1907
3815,289,0.075754,S7f12,12x289 + 347* (q=173)
3816,1823,0.477725,S3,1x1993 + 1823* (q=911)
3817,1249,0.327220,S7f2,2x1249 + 1319* (q=659)
3818,887,0.232321,S7f3,3x977 + 887* (q=443)
3819,739,0.193506,S7f4,4x739 + 863* (q=431)
3820,1907,0.499215,S3,1x1913 + 1907* (q=953)
3821,3821,1.000000,S1,"AGL(1,3821)"
3822,1823,0.476975,S3,1x1999 + 1823* (q=911)
3823,3823,1.000000,S1,"AGL(1,3823)"
3824,947,0.247646,S7f3,3x947 + 983* (q=491)
3825,1259,0.329150,S7f2,2x1259 + 1307* (q=653)
3826,1913,0.500000,S2,2x1913
3827,289,0.075516,S7f12,12x289 + 359* (q=179)
3828,1801,0.470481,S3,1x1801 + 2027* (q=1013)
3829,1231,0.321494,S7f2,2x1231 + 1367* (q=683)
3830,1459,0.380940,S3,1x2371 + 1459* (q=3)
3831,1277,0.333333,S2,3x1277
3832,1733,0.452244,S3,1x1733 + 2099* (q=1049)
3833,3833,1.000000,S1,"AGL(1,3833)"
3834,1823,0.475483,S3,1x2011 + 1823* (q=911)
3835,743,0.193742,S7f4,4x743 + 863* (q=431)
3836,1459,0.380344,S3,1x2377 + 1459* (q=3)
3837,1279,0.333333,S2,3x1279
3838,1907,0.496873,S3,1x1931 + 1907* (q=953)
3839,487,0.126856,S11,3x631 + 487* + 1459* (q=3)
3840,1907,0.496615,S3,1x1933 + 1907* (q=953)
3841,1279,0.332986,S7f2,2x1279 + 1283* (q=641)
3842,1459,0.379750,S3,1x2383 + 1459* (q=3)
3843,1024,0.266458,S3,1x1024 + 2819* (q=1409)
3844,1637,0.425858,S3,1x1637 + 2207* (q=1103)
3845,1193,0.310273,S7f2,2x1193 + 1459* (q=3)
3846,1783,0.463599,S3,1x1783 + 2063* (q=1031)
3847,3847,1.000000,S1,"AGL(1,3847)"
3848,1459,0.379158,S3,1x2389 + 1459* (q=3)
3849,1283,0.333333,S2,3x1283
3850,1823,0.473506,S3,1x1823 + 2027* (q=1013)
3851,3851,1.000000,S1,"AGL(1,3851)"
3852,1823,0.473261,S3,1x2029 + 1823* (q=911)
3853,3853,1.000000,S1,"AGL(1,3853)"
3854,863,0.223923,S7f3,3x997 + 863* (q=431)
3855,709,0.183917,S7f4,4x709 + 1019* (q=509)
3856,1907,0.494554,S3,1x1949 + 1907* (q=953)
3857,523,0.135598,S7f6,6x523 + 719* (q=359)
3858,1907,0.494298,S3,1x1951 + 1907* (q=953)
3859,743,0.192537,S7f4,4x743 + 887* (q=443)
3860,1459,0.377979,S3,1x2401 + 1459* (q=3)
3861,1283,0.332297,S7f2,2x1289 + 1283* (q=641)
3862,1931,0.500000,S2,2x1931
3863,3863,1.000000,S1,"AGL(1,3863)"
3864,1801,0.466097,S3,1x1801 + 2063* (q=1031)
3865,1283,0.331953,S7f2,2x1291 + 1283* (q=641)
3866,1933,0.500000,S2,2x1933
3867,1289,0.333333,S2,3x1289
3868,1487,0.384436,S3,1x2381 + 1487* (q=743)
3869,547,0.141380,S7f6,6x547 + 587* (q=293)
3870,1831,0.473127,S3,1x1831 + 2039* (q=1019)
3871,1823,0.470938,S3,1x2048 + 1823* (q=911)
3872,863,0.222882,S7f3,3x863 + 1283* (q=641)
3873,1291,0.333333,S2,3x1291
3874,1847,0.476768,S3,1x1847 + 2027* (q=1013)
3875,487,0.125677,S11,3x643 + 487* + 1459* (q=3)
3876,1849,0.477038,S3,1x1849 + 2027* (q=1013)
3877,3877,1.000000,S1,"AGL(1,3877)"
3878,953,0.245745,S7f3,3x953 + 1019* (q=509)
3879,673,0.173498,S7f4,4x673 + 1187* (q=593)
3880,1907,0.491495,S3,1x1973 + 1907* (q=953)
3881,3881,1.000000,S1,"AGL(1,3881)"
3882,1783,0.459299,S3,1x1783 + 2099* (q=1049)
3883,761,0.195982,S7f4,4x761 + 839* (q=419)
3884,971,0.250000,S2,4x971
3885,1289,0.331789,S7f2,2x1289 + 1307* (q=653)
3886,1907,0.490736,S3,1x1979 + 1907* (q=953)
3887,607,0.156162,S7f4,4x607 + 1459* (q=3)
3888,1861,0.478652,S3,1x1861 + 2027* (q=1013)
3889,3889,1.000000,S1,"AGL(1,3889)"
3890,863,0.221851,S7f3,3x1009 + 863* (q=431)
3891,1297,0.333333,S2,3x1297
3892,1823,0.468397,S3,1x2069 + 1823* (q=911)
3893,1217,0.312612,S7f2,2x1217 + 1459* (q=3)
3894,1907,0.489728,S3,1x1987 + 1907* (q=953)
3895,719,0.184596,S7f4,4x719 + 1019* (q=509)
3896,1459,0.374487,S3,1x2437 + 1459* (q=3)
3897,1289,0.330767,S7f2,2x1289 + 1319* (q=659)
3898,1949,0.500000,S2,2x1949
3899,729,0.186971,S7f4,4x729 + 983* (q=491)
3900,1907,0.488974,S3,1x1993 + 1907* (q=953)
3901,1297,0.332479,S7f2,2x1297 + 1307* (q=653)
3902,1951,0.500000,S2,2x1951
3903,1301,0.333333,S2,3x1301
3904,1907,0.488473,S3,1x1997 + 1907* (q=953)
3905,1223,0.313188,S7f2,2x1223 + 1459* (q=3)
3906,1907,0.488223,S3,1x1999 + 1907* (q=953)
3907,3907,1.000000,S1,"AGL(1,3907)"
3908,977,0.250000,S2,4x977
3909,1303,0.333333,S2,3x1303
3910,1907,0.487724,S3,1x2003 + 1907* (q=953)
3911,3911,1.000000,S1,"AGL(1,3911)"
3912,1873,0.478783,S3,1x1873 + 2039* (q=1019)
3913,1303,0.332993,S7f2,2x1303 + 1307* (q=653)
3914,977,0.249617,S7f3,3x977 + 983* (q=491)
3915,769,0.196424,S7f4,4x769 + 839* (q=419)
3916,1889,0.482380,S3,1x1889 + 2027* (q=1013)
3917,3917,1.000000,S1,"AGL(1,3917)"
3918,1907,0.486728,S3,1x2011 + 1907* (q=953)
3919,3919,1.000000,S1,"AGL(1,3919)"
3920,967,0.246684,S7f3,3x967 + 1019* (q=509)
3921,1307,0.333333,S2,3x1307
3922,1823,0.464814,S3,1x1823 + 2099* (q=1049)
3923,3923,1.000000,S1,"AGL(1,3923)"
3924,1907,0.485984,S3,1x2017 + 1907* (q=953)
3925,1303,0.331975,S7f2,2x1303 + 1319* (q=659)
3926,1459,0.371625,S3,1x2467 + 1459* (q=3)
3927,1024,0.260759,S3,1x1024 + 2903* (q=1451)
3928,1901,0.483961,S3,1x1901 + 2027* (q=1013)
3929,3929,1.000000,S1,"AGL(1,3929)"
3930,1867,0.475064,S3,1x1867 + 2063* (q=1031)
3931,3931,1.000000,S1,"AGL(1,3931)"
3932,1459,0.371058,S3,1x2473 + 1459* (q=3)
3933,1307,0.332316,S7f2,2x1307 + 1319* (q=659)
3934,1907,0.484748,S3,1x1907 + 2027* (q=1013)
3935,863,0.219314,S7f3,3x1024 + 863* (q=431)
3936,1907,0.484502,S3,1x2029 + 1907* (q=953)
3937,1283,0.325883,S7f2,2x1327 + 1283* (q=641)
3938,877,0.222702,S7f3,3x877 + 1307* (q=653)
3939,769,0.195227,S7f4,4x769 + 863* (q=431)
3940,1913,0.485533,S3,1x1913 + 2027* (q=1013)
3941,563,0.142857,S2,7x563
3942,1879,0.476662,S3,1x1879 + 2063* (q=1031)
3943,3943,1.000000,S1,"AGL(1,3943)"
3944,919,0.233012,S7f3,3x919 + 1187* (q=593)
3945,1307,0.331305,S7f2,2x1319 + 1307* (q=653)
3946,1973,0.500000,S2,2x1973
3947,3947,1.000000,S1,"AGL(1,3947)"
3948,1849,0.468338,S3,1x1849 + 2099* (q=1049)
3949,1307,0.330970,S7f2,2x1321 + 1307* (q=653)
3950,977,0.247342,S7f3,3x977 + 1019* (q=509)
3951,733,0.185523,S7f4,4x733 + 1019* (q=509)
3952,1913,0.484059,S3,1x1913 + 2039* (q=1019)
3953,487,0.123198,S7f2,2x1733 + 487* (q=3)
3954,1823,0.461052,S3,1x2131 + 1823* (q=911)
3955,1907,0.482174,S3,1x2048 + 1907* (q=953)
3956,983,0.248483,S7f3,3x991 + 983* (q=491)
3957,1319,0.333333,S2,3x1319
3958,1979,0.500000,S2,2x1979
3959,887,0.224046,S7f3,3x1024 + 887* (q=443)
3960,1933,0.488131,S3,1x1933 + 2027* (q=1013)
3961,1319,0.332997,S7f2,2x1321 + 1319* (q=659)
3962,1459,0.368248,S3,1x2503 + 1459* (q=3)
3963,1321,0.333333,S2,3x1321
3964,1901,0.479566,S3,1x1901 + 2063* (q=1031)
3965,563,0.141992,S7f6,6x563 + 587* (q=293)
3966,1867,0.470751,S3,1x1867 + 2099* (q=1049)
3967,3967,1.000000,S1,"AGL(1,3967)"
3968,983,0.247732,S7f3,3x983 + 1019* (q=509)
3969,1307,0.329302,S7f2,2x1331 + 1307* (q=653)
3970,1931,0.486398,S3,1x1931 + 2039* (q=1019)
3971,361,0.090909,S2,11x361
3972,1933,0.486657,S3,1x1933 + 2039* (q=1019)
3973,1319,0.331991,S7f2,2x1327 + 1319* (q=659)
3974,1987,0.500000,S2,2x1987
3975,739,0.185912,S7f4,4x739 + 1019* (q=509)
3976,1949,0.490191,S3,1x1949 + 2027* (q=1013)
3977,1259,0.316570,S7f2,2x1259 + 1459* (q=3)
3978,1951,0.490447,S3,1x1951 + 2027* (q=1013)
3979,773,0.194270,S7f4,4x773 + 887* (q=443)
3980,1459,0.366583,S3,1x2521 + 1459* (q=3)
3981,1327,0.333333,S2,3x1327
3982,1523,0.382471,S3,1x1523 + 2459* (q=1229)
3983,631,0.158423,S7f4,4x631 + 1459* (q=3)
3984,1823,0.457580,S3,1x2161 + 1823* (q=911)
3985,1249,0.313425,S7f2,2x1249 + 1487* (q=743)
3986,1993,0.500000,S2,2x1993
3987,1024,0.256835,S3,1x1024 + 2963* (q=1481)
3988,1949,0.488716,S3,1x1949 + 2039* (q=1019)
3989,3989,1.000000,S1,"AGL(1,3989)"
3990,1951,0.488972,S3,1x1951 + 2039* (q=1019)
3991,743,0.186169,S7f4,4x743 + 1019* (q=509)
3992,991,0.248246,S7f3,3x991 + 1019* (q=509)
3993,1331,0.333333,S2,3x1331
3994,1997,0.500000,S2,2x1997
3995,512,0.128160,S7f3,3x512 + 2459* (q=1229)
3996,1933,0.483734,S3,1x1933 + 2063* (q=1031)
3997,1279,0.319990,S7f2,2x1279 + 1439* (q=719)
3998,1999,0.500000,S2,2x1999
3999,673,0.168292,S7f4,4x673 + 1307* (q=653)
4000,1973,0.493250,S3,1x1973 + 2027* (q=1013)
4001,4001,1.000000,S1,"AGL(1,4001)"
4002,1823,0.455522,S3,1x2179 + 1823* (q=911)
4003,4003,1.000000,S1,"AGL(1,4003)"
4004,907,0.226523,S7f3,3x907 + 1283* (q=641)
4005,1319,0.329338,S7f2,2x1319 + 1367* (q=683)
4006,2003,0.500000,S2,2x2003
4007,4007,1.000000,S1,"AGL(1,4007)"
4008,1801,0.449351,S3,1x1801 + 2207* (q=1103)
4009,1321,0.329509,S7f2,2x1321 + 1367* (q=683)
4010,1823,0.454613,S3,1x2187 + 1823* (q=911)
4011,787,0.196210,S7f4,4x787 + 863* (q=431)
4012,1973,0.491775,S3,1x1973 + 2039* (q=1019)
4013,4013,1.000000,S1,"AGL(1,4013)"
4014,1987,0.495017,S3,1x1987 + 2027* (q=1013)
4015,683,0.170112,S7f4,4x683 + 1283* (q=641)
4016,1459,0.363297,S3,1x2557 + 1459* (q=3)
4017,1289,0.320886,S7f2,2x1289 + 1439* (q=719)
4018,1979,0.492534,S3,1x1979 + 2039* (q=1019)
4019,4019,1.000000,S1,"AGL(1,4019)"
4020,1993,0.495771,S3,1x1993 + 2027* (q=1013)
4021,4021,1.000000,S1,"AGL(1,4021)"
4022,2011,0.500000,S2,2x2011
4023,1024,0.254536,S3,1x1024 + 2999* (q=1499)
4024,1997,0.496272,S3,1x1997 + 2027* (q=1013)
4025,1283,0.318758,S7f2,2x1283 + 1459* (q=3)
4026,1999,0.496523,S3,1x1999 + 2027* (q=1013)
4027,4027,1.000000,S1,"AGL(1,4027)"
4028,947,0.235104,S7f3,3x947 + 1187* (q=593)
4029,1331,0.330355,S7f2,2x1331 + 1367* (q=683)
4030,2003,0.497022,S3,1x2003 + 2027* (q=1013)
4031,643,0.159514,S7f4,4x643 + 1459* (q=3)
4032,1993,0.494296,S3,1x1993 + 2039* (q=1019)
4033,1297,0.321597,S7f2,2x1297 + 1439* (q=719)
4034,2017,0.500000,S2,2x2017
4035,787,0.195043,S7f4,4x787 + 887* (q=443)
4036,1997,0.494797,S3,1x1997 + 2039* (q=1019)
4037,1289,0.319297,S7f2,2x1289 + 1459* (q=3)
4038,2011,0.498019,S3,1x2011 + 2027* (q=1013)
4039,683,0.169101,S7f4,4x683 + 1307* (q=653)
4040,983,0.243317,S7f3,3x1019 + 983* (q=491)
4041,1319,0.326404,S7f2,2x1361 + 1319* (q=659)
4042,2003,0.495547,S3,1x2003 + 2039* (q=1019)
4043,311,0.076923,S2,13x311
4044,2017,0.498764,S3,1x2017 + 2027* (q=1013)
4045,1307,0.323115,S7f2,2x1369 + 1307* (q=653)
4046,1009,0.249382,S7f3,3x1009 + 1019* (q=509)
4047,1024,0.253027,S3,1x1024 + 3023* (q=1511)
4048,1949,0.481472,S3,1x1949 + 2099* (q=1049)
4049,4049,1.000000,S1,"AGL(1,4049)"
4050,2011,0.496543,S3,1x2011 + 2039* (q=1019)
4051,4051,1.000000,S1,"AGL(1,4051)"
4052,1459,0.360069,S3,1x2593 + 1459* (q=3)
4053,1319,0.325438,S7f2,2x1367 + 1319* (q=659)
4054,2027,0.500000,S2,2x2027
4055,983,0.242417,S7f3,3x1024 + 983* (q=491)
4056,2027,0.499753,S3,1x2029 + 2027* (q=1013)
4057,4057,1.000000,S1,"AGL(1,4057)"
4058,2029,0.500000,S2,2x2029
4059,769,0.189456,S7f4,4x769 + 983* (q=491)
4060,1997,0.491872,S3,1x1997 + 2063* (q=1031)
4061,1301,0.320364,S7f2,2x1301 + 1459* (q=3)
4062,1999,0.492122,S3,1x1999 + 2063* (q=1031)
4063,761,0.187300,S7f4,4x761 + 1019* (q=509)
4064,919,0.226132,S7f3,3x919 + 1307* (q=653)
4065,1319,0.324477,S7f2,2x1373 + 1319* (q=659)
4066,2027,0.498524,S3,1x2027 + 2039* (q=1019)
4067,307,0.075486,S7f12,12x307 + 383* (q=191)
4068,2029,0.498771,S3,1x2029 + 2039* (q=1019)
4069,1307,0.321209,S7f2,2x1381 + 1307* (q=653)
4070,961,0.236118,S7f3,3x961 + 1187* (q=593)
4071,691,0.169737,S7f4,4x691 + 1307* (q=653)
4072,1973,0.484528,S3,1x1973 + 2099* (q=1049)
4073,4073,1.000000,S1,"AGL(1,4073)"
4074,2011,0.493618,S3,1x2011 + 2063* (q=1031)
4075,2027,0.497423,S3,1x2048 + 2027* (q=1013)
4076,1459,0.357949,S3,1x2617 + 1459* (q=3)
4077,1319,0.323522,S7f2,2x1319 + 1439* (q=719)
4078,2039,0.500000,S2,2x2039
4079,4079,1.000000,S1,"AGL(1,4079)"
4080,2027,0.496814,S3,1x2053 + 2027* (q=1013)
4081,1321,0.323695,S7f2,2x1321 + 1439* (q=719)
4082,1019,0.249633,S7f3,3x1021 + 1019* (q=509)
4083,1361,0.333333,S2,3x1361
4084,1877,0.459598,S3,1x1877 + 2207* (q=1103)
4085,563,0.137821,S7f6,6x587 + 563* (q=281)
4086,1987,0.486295,S3,1x1987 + 2099* (q=1049)
4087,2039,0.498899,S3,1x2048 + 2039* (q=1019)
4088,967,0.236546,S7f3,3x967 + 1187* (q=593)
4089,1361,0.332844,S7f2,2x1361 + 1367* (q=683)
4090,2027,0.495599,S3,1x2027 + 2063* (q=1031)
4091,4091,1.000000,S1,"AGL(1,4091)"
4092,2039,0.498289,S3,1x2053 + 2039* (q=1019)
4093,4093,1.000000,S1,"AGL(1,4093)"
4094,1907,0.465804,S3,1x2187 + 1907* (q=953)
4095,769,0.187790,S7f4,4x769 + 1019* (q=509)
4096,4096,1.000000,S1,"AGL(1,4096)"
4097,1319,0.321943,S7f2,2x1319 + 1459* (q=3)
4098,1999,0.487799,S3,1x1999 + 2099* (q=1049)
4099,4099,1.000000,S1,"AGL(1,4099)"
4100,983,0.239756,S7f3,3x1039 + 983* (q=491)
4101,1367,0.333333,S2,3x1367
4102,2039,0.497075,S3,1x2039 + 2063* (q=1031)
4103,729,0.177675,S7f4,4x729 + 1187* (q=593)
4104,1907,0.464669,S3,1x2197 + 1907* (q=953)
4105,1367,0.333009,S7f2,2x1369 + 1367* (q=683)
4106,2053,0.500000,S2,2x2053
4107,1369,0.333333,S2,3x1369
4108,2039,0.496349,S3,1x2069 + 2039* (q=1019)
4109,587,0.142857,S2,7x587
4110,2027,0.493187,S3,1x2083 + 2027* (q=1013)
4111,4111,1.000000,S1,"AGL(1,4111)"
4112,1019,0.247811,S7f3,3x1031 + 1019* (q=509)
4113,1367,0.332361,S7f2,2x1373 + 1367* (q=683)
4114,2027,0.492708,S3,1x2087 + 2027* (q=1013)
4115,823,0.200000,S2,5x823
4116,2053,0.498785,S3,1x2053 + 2063* (q=1031)
4117,1319,0.320379,S7f2,2x1399 + 1319* (q=659)
4118,1459,0.354298,S3,1x2659 + 1459* (q=3)
4119,1373,0.333333,S2,3x1373
4120,2039,0.494903,S3,1x2081 + 2039* (q=1019)
4121,1331,0.322980,S7f2,2x1331 + 1459* (q=3)
4122,2039,0.494663,S3,1x2083 + 2039* (q=1019)
4123,821,0.199127,S7f4,4x821 + 839* (q=419)
4124,1031,0.250000,S2,4x1031
4125,1319,0.319758,S7f2,2x1319 + 1487* (q=743)
4126,2063,0.500000,S2,2x2063
4127,4127,1.000000,S1,"AGL(1,4127)"
4128,2039,0.493944,S3,1x2089 + 2039* (q=1019)
4129,4129,1.000000,S1,"AGL(1,4129)"
4130,1459,0.353269,S3,1x2671 + 1459* (q=3)
4131,823,0.199225,S7f4,4x823 + 839* (q=419)
4132,2063,0.499274,S3,1x2069 + 2063* (q=1031)
4133,4133,1.000000,S1,"AGL(1,4133)"
4134,1823,0.440977,S3,1x2311 + 1823* (q=911)
4135,827,0.200000,S2,5x827
4136,1459,0.352756,S3,1x2677 + 1459* (q=3)
4137,1319,0.318830,S7f2,2x1409 + 1319* (q=659)
4138,2069,0.500000,S2,2x2069
4139,4139,1.000000,S1,"AGL(1,4139)"
4140,2027,0.489614,S3,1x2113 + 2027* (q=1013)
4141,1327,0.320454,S7f2,2x1327 + 1487* (q=743)
4142,1459,0.352245,S3,1x2683 + 1459* (q=3)
4143,1381,0.333333,S2,3x1381
4144,2063,0.497828,S3,1x2081 + 2063* (q=1031)
4145,829,0.200000,S2,5x829
4146,2063,0.497588,S3,1x2083 + 2063* (q=1031)
4147,2048,0.493851,S3,1x2048 + 2099* (q=1049)
4148,1459,0.351736,S3,1x2689 + 1459* (q=3)
4149,1331,0.320800,S7f2,2x1331 + 1487* (q=743)
4150,2063,0.497108,S3,1x2087 + 2063* (q=1031)
4151,673,0.162130,S7f4,4x673 + 1459* (q=3)
4152,2063,0.496869,S3,1x2089 + 2063* (q=1031)
4153,4153,1.000000,S1,"AGL(1,4153)"
4154,929,0.223640,S7f3,3x929 + 1367* (q=683)
4155,829,0.199519,S7f4,4x829 + 839* (q=419)
4156,2027,0.487729,S3,1x2129 + 2027* (q=1013)
4157,4157,1.000000,S1,"AGL(1,4157)"
4158,2027,0.487494,S3,1x2131 + 2027* (q=1013)
4159,4159,1.000000,S1,"AGL(1,4159)"
4160,991,0.238221,S7f3,3x991 + 1187* (q=593)
4161,1361,0.327085,S7f2,2x1361 + 1439* (q=719)
4162,2081,0.500000,S2,2x2081
4163,487,0.116983,S7f4,4x919 + 487* (q=3)
4164,2027,0.486792,S3,1x2137 + 2027* (q=1013)
4165,1367,0.328211,S7f2,2x1399 + 1367* (q=683)
4166,2083,0.500000,S2,2x2083
4167,787,0.188865,S7f4,4x787 + 1019* (q=509)
4168,2069,0.496401,S3,1x2069 + 2099* (q=1049)
4169,563,0.135044,S7f6,6x601 + 563* (q=281)
4170,2039,0.488969,S3,1x2131 + 2039* (q=1019)
4171,827,0.198274,S7f4,4x827 + 863* (q=431)
4172,1459,0.349712,S3,1x2713 + 1459* (q=3)
4173,1367,0.327582,S7f2,2x1367 + 1439* (q=719)
4174,2087,0.500000,S2,2x2087
4175,487,0.116647,S11,3x743 + 487* + 1459* (q=3)
4176,2063,0.494013,S3,1x2113 + 2063* (q=1031)
4177,4177,1.000000,S1,"AGL(1,4177)"
4178,2089,0.500000,S2,2x2089
4179,829,0.198373,S7f4,4x829 + 863* (q=431)
4180,2081,0.497847,S3,1x2081 + 2099* (q=1049)
4181,1361,0.325520,S7f2,2x1361 + 1459* (q=3)
4182,2083,0.498087,S3,1x2083 + 2099* (q=1049)
4183,719,0.171886,S7f4,4x719 + 1307* (q=653)
4184,967,0.231119,S7f3,3x967 + 1283* (q=641)
4185,1373,0.328076,S7f2,2x1373 + 1439* (q=719)
4186,2087,0.498567,S3,1x2087 + 2099* (q=1049)
4187,317,0.075711,S7f12,12x317 + 383* (q=191)
4188,2089,0.498806,S3,1x2089 + 2099* (q=1049)
4189,1283,0.306278,S7f2,2x1453 + 1283* (q=641)
4190,1459,0.348210,S3,1x2731 + 1459* (q=3)
4191,1024,0.244333,S3,1x1024 + 3167* (q=1583)
4192,2063,0.492128,S3,1x2129 + 2063* (q=1031)
4193,1367,0.326020,S7f2,2x1367 + 1459* (q=3)
4194,2063,0.491893,S3,1x2131 + 2063* (q=1031)
4195,839,0.200000,S2,5x839
4196,1049,0.250000,S2,4x1049
4197,1399,0.333333,S2,3x1399
4198,2099,0.500000,S2,2x2099
4199,729,0.173613,S7f4,4x729 + 1283* (q=641)
4200,2063,0.491190,S3,1x2137 + 2063* (q=1031)
4201,4201,1.000000,S1,"AGL(1,4201)"
4202,1019,0.242504,S7f3,3x1061 + 1019* (q=509)
4203,839,0.199619,S7f4,4x841 + 839* (q=419)
4204,2063,0.490723,S3,1x2141 + 2063* (q=1031)
4205,1373,0.326516,S7f2,2x1373 + 1459* (q=3)
4206,2063,0.490490,S3,1x2143 + 2063* (q=1031)
4207,797,0.189446,S7f4,4x797 + 1019* (q=509)
4208,1459,0.346721,S3,1x2749 + 1459* (q=3)
4209,1361,0.323355,S7f2,2x1361 + 1487* (q=743)
4210,2099,0.498575,S3,1x2111 + 2099* (q=1049)
4211,4211,1.000000,S1,"AGL(1,4211)"
4212,2099,0.498338,S3,1x2113 + 2099* (q=1049)
4213,1367,0.324472,S7f2,2x1423 + 1367* (q=683)
4214,2027,0.481016,S3,1x2187 + 2027* (q=1013)
4215,757,0.179597,S7f4,4x757 + 1187* (q=593)
4216,2063,0.489326,S3,1x2153 + 2063* (q=1031)
4217,4217,1.000000,S1,"AGL(1,4217)"
4218,2039,0.483404,S3,1x2179 + 2039* (q=1019)
4219,4219,1.000000,S1,"AGL(1,4219)"
4220,971,0.230095,S7f3,3x971 + 1307* (q=653)
4221,1381,0.327174,S7f2,2x1381 + 1459* (q=3)
4222,2111,0.500000,S2,2x2111
4223,729,0.172626,S7f4,4x729 + 1307* (q=653)
4224,2063,0.488400,S3,1x2161 + 2063* (q=1031)
4225,1369,0.324024,S7f2,2x1369 + 1487* (q=743)
4226,2113,0.500000,S2,2x2113
4227,1409,0.333333,S2,3x1409
4228,2099,0.496452,S3,1x2129 + 2099* (q=1049)
4229,4229,1.000000,S1,"AGL(1,4229)"
4230,2099,0.496217,S3,1x2131 + 2099* (q=1049)
4231,4231,1.000000,S1,"AGL(1,4231)"
4232,983,0.232278,S7f3,3x983 + 1283* (q=641)
4233,1373,0.324356,S7f2,2x1373 + 1487* (q=743)
4234,2027,0.478744,S3,1x2027 + 2207* (q=1103)
4235,729,0.172137,S7f4,4x729 + 1319* (q=659)
4236,2099,0.495515,S3,1x2137 + 2099* (q=1049)
4237,1399,0.330186,S7f2,2x1399 + 1439* (q=719)
4238,977,0.230533,S7f3,3x977 + 1307* (q=653)
4239,739,0.174334,S7f4,4x739 + 1283* (q=641)
4240,2099,0.495047,S3,1x2141 + 2099* (q=1049)
4241,4241,1.000000,S1,"AGL(1,4241)"
4242,2099,0.494814,S3,1x2143 + 2099* (q=1049)
4243,4243,1.000000,S1,"AGL(1,4243)"
4244,1061,0.250000,S2,4x1061
4245,1367,0.322026,S7f2,2x1439 + 1367* (q=683)
4246,2039,0.480217,S3,1x2039 + 2207* (q=1103)
4247,307,0.072286,S7f12,12x307 + 563* (q=281)
4248,2039,0.479991,S3,1x2209 + 2039* (q=1019)
4249,1381,0.325018,S7f2,2x1381 + 1487* (q=743)
4250,2063,0.485412,S3,1x2187 + 2063* (q=1031)
4251,841,0.197836,S7f4,4x841 + 887* (q=443)
4252,2099,0.493650,S3,1x2153 + 2099* (q=1049)
4253,4253,1.000000,S1,"AGL(1,4253)"
4254,1907,0.448284,S3,1x2347 + 1907* (q=953)
4255,2048,0.481316,S3,1x2048 + 2207* (q=1103)
4256,1459,0.342810,S3,1x2797 + 1459* (q=3)
4257,1409,0.330984,S7f2,2x1409 + 1439* (q=719)
4258,2129,0.500000,S2,2x2129
4259,4259,1.000000,S1,"AGL(1,4259)"
4260,2099,0.492723,S3,1x2161 + 2099* (q=1049)
4261,4261,1.000000,S1,"AGL(1,4261)"
4262,2131,0.500000,S2,2x2131
4263,811,0.190242,S7f4,4x811 + 1019* (q=509)
4264,2027,0.475375,S3,1x2237 + 2027* (q=1013)
4265,853,0.200000,S2,5x853
4266,2063,0.483591,S3,1x2203 + 2063* (q=1031)
4267,839,0.196625,S7f4,4x857 + 839* (q=419)
4268,1459,0.341846,S3,1x2809 + 1459* (q=3)
4269,1423,0.333333,S2,3x1423
4270,2063,0.483138,S3,1x2063 + 2207* (q=1103)
4271,4271,1.000000,S1,"AGL(1,4271)"
4272,2063,0.482912,S3,1x2209 + 2063* (q=1031)
4273,4273,1.000000,S1,"AGL(1,4273)"
4274,2137,0.500000,S2,2x2137
4275,853,0.199532,S7f4,4x853 + 863* (q=431)
4276,2069,0.483863,S3,1x2069 + 2207* (q=1103)
4277,1409,0.329437,S7f2,2x1409 + 1459* (q=3)
4278,2099,0.490650,S3,1x2179 + 2099* (q=1049)
4279,773,0.180650,S7f4,4x773 + 1187* (q=593)
4280,1031,0.240888,S7f3,3x1031 + 1187* (q=593)
4281,1427,0.333333,S2,3x1427
4282,2141,0.500000,S2,2x2141
4283,4283,1.000000,S1,"AGL(1,4283)"
4284,2063,0.481559,S3,1x2221 + 2063* (q=1031)
4285,1423,0.332089,S7f2,2x1423 + 1439* (q=719)
4286,2143,0.500000,S2,2x2143
4287,1429,0.333333,S2,3x1429
4288,2081,0.485308,S3,1x2081 + 2207* (q=1103)
4289,4289,1.000000,S1,"AGL(1,4289)"
4290,2083,0.485548,S3,1x2083 + 2207* (q=1103)
4291,857,0.199720,S7f4,4x857 + 863* (q=431)
4292,1459,0.339935,S3,1x2833 + 1459* (q=3)
4293,1427,0.332402,S7f2,2x1427 + 1439* (q=719)
4294,2087,0.486027,S3,1x2087 + 2207* (q=1103)
4295,859,0.200000,S2,5x859
4296,2099,0.488594,S3,1x2197 + 2099* (q=1049)
4297,4297,1.000000,S1,"AGL(1,4297)"
4298,1019,0.237087,S7f3,3x1093 + 1019* (q=509)
4299,1433,0.333333,S2,3x1433
4300,2063,0.479767,S3,1x2237 + 2063* (q=1031)
4301,587,0.136480,S7f6,6x619 + 587* (q=293)
4302,2099,0.487913,S3,1x2203 + 2099* (q=1049)
4303,821,0.190797,S7f4,4x821 + 1019* (q=509)
4304,1039,0.241403,S7f3,3x1039 + 1187* (q=593)
4305,1433,0.332869,S7f2,2x1433 + 1439* (q=719)
4306,2153,0.500000,S2,2x2153
4307,487,0.113072,S11,3x787 + 487* + 1459* (q=3)
4308,2099,0.487233,S3,1x2209 + 2099* (q=1049)
4309,1367,0.317243,S7f2,2x1471 + 1367* (q=683)
4310,1459,0.338515,S3,1x2851 + 1459* (q=3)
4311,823,0.190907,S7f4,4x823 + 1019* (q=509)
4312,2099,0.486781,S3,1x2213 + 2099* (q=1049)
4313,1427,0.330860,S7f2,2x1427 + 1459* (q=3)
4314,2063,0.478210,S3,1x2251 + 2063* (q=1031)
4315,863,0.200000,S2,5x863
4316,1459,0.338044,S3,1x2857 + 1459* (q=3)
4317,1439,0.333333,S2,3x1439
4318,2111,0.488884,S3,1x2111 + 2207* (q=1103)
4319,617,0.142857,S2,7x617
4320,2113,0.489120,S3,1x2113 + 2207* (q=1103)
4321,1399,0.323768,S7f2,2x1399 + 1523* (q=761)
4322,2161,0.500000,S2,2x2161
4323,859,0.198705,S7f4,4x859 + 887* (q=443)
4324,2027,0.468779,S3,1x2297 + 2027* (q=1013)
4325,1433,0.331329,S7f2,2x1433 + 1459* (q=3)
4326,2039,0.471336,S3,1x2287 + 2039* (q=1019)
4327,4327,1.000000,S1,"AGL(1,4327)"
4328,1019,0.235444,S7f3,3x1103 + 1019* (q=509)
4329,1367,0.315777,S7f2,2x1481 + 1367* (q=683)
4330,2063,0.476443,S3,1x2267 + 2063* (q=1031)
4331,487,0.112445,S7f4,4x961 + 487* (q=3)
4332,2063,0.476223,S3,1x2269 + 2063* (q=1031)
4333,1439,0.332102,S7f2,2x1447 + 1439* (q=719)
4334,1049,0.242040,S7f3,3x1049 + 1187* (q=593)
4335,829,0.191234,S7f4,4x829 + 1019* (q=509)
4336,2129,0.491006,S3,1x2129 + 2207* (q=1103)
4337,4337,1.000000,S1,"AGL(1,4337)"
4338,2131,0.491240,S3,1x2131 + 2207* (q=1103)
4339,4339,1.000000,S1,"AGL(1,4339)"
4340,1051,0.242166,S7f3,3x1051 + 1187* (q=593)
4341,1447,0.333333,S2,3x1447
4342,2099,0.483418,S3,1x2243 + 2099* (q=1049)
4343,313,0.072070,S7f12,12x313 + 587* (q=293)
4344,2137,0.491943,S3,1x2137 + 2207* (q=1103)
4345,1439,0.331185,S7f2,2x1453 + 1439* (q=719)
4346,1459,0.335711,S3,1x2887 + 1459* (q=3)
4347,841,0.193467,S7f4,4x841 + 983* (q=491)
4348,2141,0.492410,S3,1x2141 + 2207* (q=1103)
4349,4349,1.000000,S1,"AGL(1,4349)"
4350,2143,0.492644,S3,1x2143 + 2207* (q=1103)
4351,761,0.174902,S7f4,4x761 + 1307* (q=653)
4352,983,0.225873,S7f3,3x1123 + 983* (q=491)
4353,1451,0.333333,S2,3x1451
4354,1907,0.437988,S3,1x1907 + 2447* (q=1223)
4355,1024,0.235132,S7f3,3x1024 + 1283* (q=641)
4356,2063,0.473600,S3,1x2293 + 2063* (q=1031)
4357,4357,1.000000,S1,"AGL(1,4357)"
4358,2179,0.500000,S2,2x2179
4359,1453,0.333333,S2,3x1453
4360,2153,0.493807,S3,1x2153 + 2207* (q=1103)
4361,1451,0.332722,S7f2,2x1451 + 1459* (q=3)
4362,1823,0.417928,S3,1x2539 + 1823* (q=911)
4363,4363,1.000000,S1,"AGL(1,4363)"
4364,1091,0.250000,S2,4x1091
4365,1453,0.332875,S7f2,2x1453 + 1459* (q=3)
4366,2099,0.480760,S3,1x2267 + 2099* (q=1049)
4367,727,0.166476,S7f4,4x727 + 1459* (q=3)
4368,2161,0.494734,S3,1x2161 + 2207* (q=1103)
4369,1423,0.325704,S7f2,2x1423 + 1523* (q=761)
4370,1061,0.242792,S7f3,3x1061 + 1187* (q=593)
4371,863,0.197438,S7f4,4x877 + 863* (q=431)
4372,2099,0.480101,S3,1x2273 + 2099* (q=1049)
4373,4373,1.000000,S1,"AGL(1,4373)"
4374,2187,0.500000,S2,2x2187
4375,839,0.191771,S7f4,4x839 + 1019* (q=509)
4376,1459,0.333410,S3,1x2917 + 1459* (q=3)
4377,1459,0.333333,S2,3x1459
4378,2039,0.465738,S3,1x2339 + 2039* (q=1019)
4379,1024,0.233843,S7f3,3x1024 + 1307* (q=653)
4380,2099,0.479224,S3,1x2281 + 2099* (q=1049)
4381,1447,0.330290,S7f2,2x1447 + 1487* (q=743)
4382,1033,0.235737,S7f3,3x1033 + 1283* (q=641)
4383,841,0.191878,S7f4,4x841 + 1019* (q=509)
4384,2027,0.462363,S3,1x2357 + 2027* (q=1013)
4385,877,0.200000,S2,5x877
4386,2179,0.496808,S3,1x2179 + 2207* (q=1103)
4387,863,0.196718,S7f4,4x881 + 863* (q=431)
4388,1097,0.250000,S2,4x1097
4389,1451,0.330599,S7f2,2x1451 + 1487* (q=743)
4390,2039,0.464465,S3,1x2351 + 2039* (q=1019)
4391,4391,1.000000,S1,"AGL(1,4391)"
4392,2099,0.477914,S3,1x2293 + 2099* (q=1049)
4393,1453,0.330753,S7f2,2x1453 + 1487* (q=743)
4394,2197,0.500000,S2,2x2197
4395,877,0.199545,S7f4,4x877 + 887* (q=443)
4396,2099,0.477480,S3,1x2297 + 2099* (q=1049)
4397,4397,1.000000,S1,"AGL(1,4397)"
4398,2027,0.460891,S3,1x2371 + 2027* (q=1013)
4399,773,0.175722,S7f4,4x773 + 1307* (q=653)
4400,1039,0.236136,S7f3,3x1039 + 1283* (q=641)
4401,1459,0.331516,S7f2,2x1471 + 1459* (q=3)
4402,2063,0.468651,S3,1x2339 + 2063* (q=1031)
4403,729,0.165569,S7f4,4x729 + 1487* (q=743)
4404,2197,0.498865,S3,1x2197 + 2207* (q=1103)
4405,1459,0.331215,S7f2,2x1459 + 1487* (q=743)
4406,2203,0.500000,S2,2x2203
4407,625,0.141820,S7f4,4x625 + 1907* (q=953)
4408,2099,0.476180,S3,1x2309 + 2099* (q=1049)
4409,4409,1.000000,S1,"AGL(1,4409)"
4410,2203,0.499546,S3,1x2203 + 2207* (q=1103)
4411,881,0.199728,S7f4,4x881 + 887* (q=443)
4412,1459,0.330689,S3,1x2953 + 1459* (q=3)
4413,1471,0.333333,S2,3x1471
4414,2207,0.500000,S2,2x2207
4415,883,0.200000,S2,5x883
4416,2207,0.499774,S3,1x2209 + 2207* (q=1103)
4417,1447,0.327598,S7f2,2x1447 + 1523* (q=761)
4418,2209,0.500000,S2,2x2209
4419,883,0.199819,S7f4,4x883 + 887* (q=443)
4420,2207,0.499321,S3,1x2213 + 2207* (q=1103)
4421,4421,1.000000,S1,"AGL(1,4421)"
4422,2039,0.461104,S3,1x2383 + 2039* (q=1019)
4423,4423,1.000000,S1,"AGL(1,4423)"
4424,1039,0.234855,S7f3,3x1039 + 1307* (q=653)
4425,1459,0.329718,S7f2,2x1483 + 1459* (q=3)
4426,2213,0.500000,S2,2x2213
4427,487,0.110007,S11,3x827 + 487* + 1459* (q=3)
4428,2207,0.498419,S3,1x2221 + 2207* (q=1103)
4429,1471,0.332129,S7f2,2x1471 + 1487* (q=743)
4430,1459,0.329345,S3,1x2971 + 1459* (q=3)
4431,853,0.192507,S7f4,4x853 + 1019* (q=509)
4432,2099,0.473601,S3,1x2333 + 2099* (q=1049)
4433,1459,0.329122,S7f2,2x1487 + 1459* (q=3)
4434,2063,0.465268,S3,1x2371 + 2063* (q=1031)
4435,887,0.200000,S2,5x887
4436,1109,0.250000,S2,4x1109
4437,1459,0.328826,S7f2,2x1489 + 1459* (q=3)
4438,2099,0.472961,S3,1x2339 + 2099* (q=1049)
4439,1024,0.230683,S7f3,3x1024 + 1367* (q=683)
4440,2099,0.472748,S3,1x2341 + 2099* (q=1049)
4441,4441,1.000000,S1,"AGL(1,4441)"
4442,2221,0.500000,S2,2x2221
4443,1481,0.333333,S2,3x1481
4444,2207,0.496625,S3,1x2237 + 2207* (q=1103)
4445,1459,0.328234,S7f2,2x1493 + 1459* (q=3)
4446,2207,0.496401,S3,1x2239 + 2207* (q=1103)
4447,4447,1.000000,S1,"AGL(1,4447)"
4448,1087,0.244379,S7f3,3x1087 + 1187* (q=593)
4449,1483,0.333333,S2,3x1483
4450,2207,0.495955,S3,1x2243 + 2207* (q=1103)
4451,4451,1.000000,S1,"AGL(1,4451)"
4452,2063,0.463387,S3,1x2389 + 2063* (q=1031)
4453,1483,0.333034,S7f2,2x1483 + 1487* (q=743)
4454,1049,0.235519,S7f3,3x1049 + 1307* (q=653)
4455,859,0.192817,S7f4,4x859 + 1019* (q=509)
4456,2099,0.471050,S3,1x2357 + 2099* (q=1049)
4457,4457,1.000000,S1,"AGL(1,4457)"
4458,2207,0.495065,S3,1x2251 + 2207* (q=1103)
4459,773,0.173357,S7f4,4x773 + 1367* (q=683)
4460,1459,0.327130,S3,1x3001 + 1459* (q=3)
4461,1487,0.333333,S2,3x1487
4462,2063,0.462349,S3,1x2399 + 2063* (q=1031)
4463,4463,1.000000,S1,"AGL(1,4463)"
4464,2063,0.462142,S3,1x2401 + 2063* (q=1031)
4465,1487,0.333035,S7f2,2x1489 + 1487* (q=743)
4466,1093,0.244738,S7f3,3x1093 + 1187* (q=593)
4467,1489,0.333333,S2,3x1489
4468,2027,0.453671,S3,1x2441 + 2027* (q=1013)
4469,625,0.139852,S7f6,6x625 + 719* (q=359)
4470,2099,0.469575,S3,1x2371 + 2099* (q=1049)
4471,863,0.193022,S7f4,4x863 + 1019* (q=509)
4472,1063,0.237701,S7f3,3x1063 + 1283* (q=641)
4473,1487,0.332439,S7f2,2x1493 + 1487* (q=743)
4474,2237,0.500000,S2,2x2237
4475,487,0.108827,S7f4,4x997 + 487* (q=3)
4476,2207,0.493074,S3,1x2269 + 2207* (q=1103)
4477,1429,0.319187,S7f2,2x1429 + 1619* (q=809)
4478,2239,0.500000,S2,2x2239
4479,1493,0.333333,S2,3x1493
4480,2207,0.492634,S3,1x2273 + 2207* (q=1103)
4481,4481,1.000000,S1,"AGL(1,4481)"
4482,2099,0.468318,S3,1x2383 + 2099* (q=1049)
4483,4483,1.000000,S1,"AGL(1,4483)"
4484,1039,0.231713,S7f3,3x1039 + 1367* (q=683)
4485,1487,0.331550,S7f2,2x1499 + 1487* (q=743)
4486,2243,0.500000,S2,2x2243
4487,757,0.168710,S7f4,4x757 + 1459* (q=3)
4488,2207,0.491756,S3,1x2281 + 2207* (q=1103)
4489,4489,1.000000,S1,"AGL(1,4489)"
4490,1069,0.238085,S7f3,3x1069 + 1283* (q=641)
4491,1024,0.228012,S3,1x1024 + 3467* (q=1733)
4492,2099,0.467275,S3,1x2393 + 2099* (q=1049)
4493,4493,1.000000,S1,"AGL(1,4493)"
4494,2207,0.491099,S3,1x2287 + 2207* (q=1103)
4495,2048,0.455617,S3,1x2048 + 2447* (q=1223)
4496,1459,0.324511,S3,1x3037 + 1459* (q=3)
4497,1499,0.333333,S2,3x1499
4498,2099,0.466652,S3,1x2399 + 2099* (q=1049)
4499,512,0.113803,S7f3,3x512 + 2963* (q=1481)
4500,2207,0.490444,S3,1x2293 + 2207* (q=1103)
4501,1489,0.330815,S7f2,2x1489 + 1523* (q=761)
4502,2251,0.500000,S2,2x2251
4503,829,0.184099,S7f4,4x829 + 1187* (q=593)
4504,2207,0.490009,S3,1x2297 + 2207* (q=1103)
4505,1459,0.323862,S7f2,2x1523 + 1459* (q=3)
4506,2039,0.452508,S3,1x2467 + 2039* (q=1019)
4507,4507,1.000000,S1,"AGL(1,4507)"
4508,1459,0.323647,S3,1x3049 + 1459* (q=3)
4509,1493,0.331116,S7f2,2x1493 + 1523* (q=761)
4510,2099,0.465410,S3,1x2411 + 2099* (q=1049)
4511,1024,0.227001,S7f3,3x1024 + 1439* (q=719)
4512,2053,0.455009,S3,1x2053 + 2459* (q=1229)
4513,4513,1.000000,S1,"AGL(1,4513)"
4514,1109,0.245680,S7f3,3x1109 + 1187* (q=593)
4515,887,0.196456,S7f4,4x907 + 887* (q=443)
4516,2207,0.488707,S3,1x2309 + 2207* (q=1103)
4517,4517,1.000000,S1,"AGL(1,4517)"
4518,2207,0.488490,S3,1x2311 + 2207* (q=1103)
4519,4519,1.000000,S1,"AGL(1,4519)"
4520,1459,0.322788,S3,1x3061 + 1459* (q=3)
4521,1499,0.331564,S7f2,2x1499 + 1523* (q=761)
4522,2099,0.464175,S3,1x2423 + 2099* (q=1049)
4523,4523,1.000000,S1,"AGL(1,4523)"
4524,1907,0.421530,S3,1x2617 + 1907* (q=953)
4525,1453,0.321105,S7f2,2x1453 + 1619* (q=809)
4526,1459,0.322360,S3,1x3067 + 1459* (q=3)
4527,877,0.193727,S7f4,4x877 + 1019* (q=509)
4528,2081,0.459585,S3,1x2081 + 2447* (q=1223)
4529,647,0.142857,S2,7x647
4530,2083,0.459823,S3,1x2083 + 2447* (q=1223)
4531,1024,0.225999,S7f3,3x1024 + 1459* (q=3)
4532,1031,0.227493,S7f3,3x1031 + 1439* (q=719)
4533,1511,0.333333,S2,3x1511
4534,2267,0.500000,S2,2x2267
4535,907,0.200000,S2,5x907
4536,2099,0.462743,S3,1x2437 + 2099* (q=1049)
4537,1459,0.321578,S7f2,2x1459 + 1619* (q=809)
4538,2269,0.500000,S2,2x2269
4539,863,0.190130,S7f4,4x919 + 863* (q=431)
4540,2207,0.486123,S3,1x2333 + 2207* (q=1103)
4541,617,0.135873,S7f6,6x617 + 839* (q=419)
4542,2083,0.458609,S3,1x2083 + 2459* (q=1229)
4543,881,0.193925,S7f4,4x881 + 1019* (q=509)
4544,1087,0.239217,S7f3,3x1087 + 1283* (q=641)
4545,1511,0.332453,S7f2,2x1511 + 1523* (q=761)
4546,2273,0.500000,S2,2x2273
4547,4547,1.000000,S1,"AGL(1,4547)"
4548,2207,0.485268,S3,1x2341 + 2207* (q=1103)
4549,4549,1.000000,S1,"AGL(1,4549)"
4550,1061,0.233187,S7f3,3x1061 + 1367* (q=683)
4551,883,0.194023,S7f4,4x883 + 1019* (q=509)
4552,1973,0.433436,S3,1x1973 + 2579* (q=1289)
4553,619,0.135954,S7f6,6x619 + 839* (q=419)
4554,2207,0.484629,S3,1x2347 + 2207* (q=1103)
4555,911,0.200000,S2,5x911
4556,1123,0.246488,S7f3,3x1123 + 1187* (q=593)
4557,1459,0.320167,S7f2,2x1549 + 1459* (q=3)
4558,2207,0.484204,S3,1x2351 + 2207* (q=1103)
4559,1024,0.224611,S7f3,3x1024 + 1487* (q=743)
4560,2113,0.463377,S3,1x2113 + 2447* (q=1223)
4561,4561,1.000000,S1,"AGL(1,4561)"
4562,2281,0.500000,S2,2x2281
4563,887,0.194390,S7f4,4x919 + 887* (q=443)
4564,2207,0.483567,S3,1x2357 + 2207* (q=1103)
4565,1459,0.319606,S7f2,2x1553 + 1459* (q=3)
4566,2099,0.459702,S3,1x2467 + 2099* (q=1049)
4567,4567,1.000000,S1,"AGL(1,4567)"
4568,1459,0.319396,S3,1x3109 + 1459* (q=3)
4569,1523,0.333333,S2,3x1523
4570,2111,0.461926,S3,1x2111 + 2459* (q=1229)
4571,653,0.142857,S2,7x653
4572,2113,0.462161,S3,1x2113 + 2459* (q=1229)
4573,1487,0.325169,S7f2,2x1543 + 1487* (q=743)
4574,2287,0.500000,S2,2x2287
4575,823,0.179891,S7f4,4x823 + 1283* (q=641)
4576,2129,0.465253,S3,1x2129 + 2447* (q=1223)
4577,1459,0.318768,S7f2,2x1559 + 1459* (q=3)
4578,2207,0.482088,S3,1x2371 + 2207* (q=1103)
4579,863,0.188469,S7f4,4x929 + 863* (q=431)
4580,1459,0.318559,S3,1x3121 + 1459* (q=3)
4581,1481,0.323292,S7f2,2x1481 + 1619* (q=809)
4582,2039,0.445002,S3,1x2543 + 2039* (q=1019)
4583,4583,1.000000,S1,"AGL(1,4583)"
4584,2207,0.481457,S3,1x2377 + 2207* (q=1103)
4585,1523,0.332170,S7f2,2x1531 + 1523* (q=761)
4586,2293,0.500000,S2,2x2293
4587,839,0.182908,S7f4,4x937 + 839* (q=419)
4588,2207,0.481037,S3,1x2381 + 2207* (q=1103)
4589,625,0.136195,S7f6,6x625 + 839* (q=419)
4590,2207,0.480828,S3,1x2383 + 2207* (q=1103)
4591,4591,1.000000,S1,"AGL(1,4591)"
4592,1103,0.240200,S7f3,3x1103 + 1283* (q=641)
4593,1531,0.333333,S2,3x1531
4594,2297,0.500000,S2,2x2297
4595,1024,0.222851,S7f3,3x1024 + 1523* (q=761)
4596,2207,0.480200,S3,1x2389 + 2207* (q=1103)
4597,4597,1.000000,S1,"AGL(1,4597)"
4598,1097,0.238582,S7f3,3x1097 + 1307* (q=653)
4599,853,0.185475,S7f4,4x853 + 1187* (q=593)
4600,2207,0.479783,S3,1x2393 + 2207* (q=1103)
4601,1459,0.317105,S7f2,2x1571 + 1459* (q=3)
4602,2143,0.465667,S3,1x2143 + 2459* (q=1229)
4603,4603,1.000000,S1,"AGL(1,4603)"
4604,1151,0.250000,S2,4x1151
4605,1493,0.324213,S7f2,2x1493 + 1619* (q=809)
4606,2207,0.479158,S3,1x2399 + 2207* (q=1103)
4607,787,0.170827,S7f4,4x787 + 1459* (q=3)
4608,2207,0.478950,S3,1x2401 + 2207* (q=1103)
4609,1523,0.330440,S7f2,2x1543 + 1523* (q=761)
4610,1109,0.240564,S7f3,3x1109 + 1283* (q=641)
4611,907,0.196704,S7f4,4x907 + 983* (q=491)
4612,2153,0.466826,S3,1x2153 + 2459* (q=1229)
4613,659,0.142857,S2,7x659
4614,2063,0.447117,S3,1x2551 + 2063* (q=1031)
4615,857,0.185699,S7f4,4x857 + 1187* (q=593)
4616,1103,0.238951,S7f3,3x1103 + 1307* (q=653)
4617,1499,0.324670,S7f2,2x1499 + 1619* (q=809)
4618,2309,0.500000,S2,2x2309
4619,487,0.105434,S7f4,4x1033 + 487* (q=3)
4620,2161,0.467749,S3,1x2161 + 2459* (q=1229)
4621,4621,1.000000,S1,"AGL(1,4621)"
4622,2311,0.500000,S2,2x2311
4623,859,0.185810,S7f4,4x859 + 1187* (q=593)
4624,2207,0.477292,S3,1x2417 + 2207* (q=1103)
4625,1459,0.315459,S7f2,2x1583 + 1459* (q=3)
4626,2179,0.471033,S3,1x2179 + 2447* (q=1223)
4627,2048,0.442619,S3,1x2048 + 2579* (q=1289)
4628,1459,0.315255,S3,1x3169 + 1459* (q=3)
4629,1543,0.333333,S2,3x1543
4630,2207,0.476674,S3,1x2423 + 2207* (q=1103)
4631,421,0.090909,S2,11x421
4632,2053,0.443221,S3,1x2053 + 2579* (q=1289)
4633,1439,0.310598,S7f2,2x1597 + 1439* (q=719)
4634,2187,0.471946,S3,1x2187 + 2447* (q=1223)
4635,887,0.191370,S7f4,4x937 + 887* (q=443)
4636,2027,0.437230,S3,1x2609 + 2027* (q=1013)
4637,4637,1.000000,S1,"AGL(1,4637)"
4638,2179,0.469815,S3,1x2179 + 2459* (q=1229)
4639,4639,1.000000,S1,"AGL(1,4639)"
4640,1459,0.314440,S3,1x3181 + 1459* (q=3)
4641,1523,0.328162,S7f2,2x1559 + 1523* (q=761)
4642,2099,0.452176,S3,1x2543 + 2099* (q=1049)
4643,4643,1.000000,S1,"AGL(1,4643)"
4644,2207,0.475237,S3,1x2437 + 2207* (q=1103)
4645,1487,0.320129,S7f2,2x1579 + 1487* (q=743)
4646,2187,0.470728,S3,1x2187 + 2459* (q=1229)
4647,1549,0.333333,S2,3x1549
4648,2207,0.474828,S3,1x2441 + 2207* (q=1103)
4649,4649,1.000000,S1,"AGL(1,4649)"
4650,2203,0.473763,S3,1x2203 + 2447* (q=1223)
4651,4651,1.000000,S1,"AGL(1,4651)"
4652,1163,0.250000,S2,4x1163
4653,1487,0.319579,S7f2,2x1583 + 1487* (q=743)
4654,2207,0.474216,S3,1x2207 + 2447* (q=1223)
4655,512,0.109989,S7f3,3x512 + 3119* (q=1559)
4656,2209,0.474442,S3,1x2209 + 2447* (q=1223)
4657,4657,1.000000,S1,"AGL(1,4657)"
4658,1117,0.239802,S7f3,3x1117 + 1307* (q=653)
4659,1553,0.333333,S2,3x1553
4660,2213,0.474893,S3,1x2213 + 2447* (q=1223)
4661,1459,0.313023,S7f2,2x1601 + 1459* (q=3)
4662,2203,0.472544,S3,1x2203 + 2459* (q=1229)
4663,4663,1.000000,S1,"AGL(1,4663)"
4664,947,0.203045,S7f3,3x947 + 1823* (q=911)
4665,1523,0.326474,S7f2,2x1523 + 1619* (q=809)
4666,2333,0.500000,S2,2x2333
4667,487,0.104350,S11,3x907 + 487* + 1459* (q=3)
4668,2221,0.475793,S3,1x2221 + 2447* (q=1223)
4669,1423,0.304776,S7f2,2x1423 + 1823* (q=911)
4670,1129,0.241756,S7f3,3x1129 + 1283* (q=641)
4671,841,0.180047,S7f4,4x841 + 1307* (q=653)
4672,2213,0.473673,S3,1x2213 + 2459* (q=1229)
4673,4673,1.000000,S1,"AGL(1,4673)"
4674,2207,0.472187,S3,1x2467 + 2207* (q=1103)
4675,887,0.189733,S7f4,4x947 + 887* (q=443)
4676,1459,0.312019,S3,1x3217 + 1459* (q=3)
4677,1559,0.333333,S2,3x1559
4678,2339,0.500000,S2,2x2339
4679,4679,1.000000,S1,"AGL(1,4679)"
4680,2221,0.474573,S3,1x2221 + 2459* (q=1229)
4681,1531,0.327067,S7f2,2x1531 + 1619* (q=809)
4682,2341,0.500000,S2,2x2341
4683,841,0.179586,S7f4,4x841 + 1319* (q=659)
4684,2237,0.477583,S3,1x2237 + 2447* (q=1223)
4685,1459,0.311419,S7f2,2x1613 + 1459* (q=3)
4686,2239,0.477806,S3,1x2239 + 2447* (q=1223)
4687,647,0.138041,S7f4,4x647 + 2099* (q=1049)
4688,1459,0.311220,S3,1x3229 + 1459* (q=3)
4689,1523,0.324803,S7f2,2x1583 + 1523* (q=761)
4690,2243,0.478252,S3,1x2243 + 2447* (q=1223)
4691,4691,1.000000,S1,"AGL(1,4691)"
4692,2113,0.450341,S3,1x2113 + 2579* (q=1289)
4693,1439,0.306627,S7f2,2x1627 + 1439* (q=719)
4694,2347,0.500000,S2,2x2347
4695,919,0.195740,S7f4,4x919 + 1019* (q=509)
4696,2237,0.476363,S3,1x2237 + 2459* (q=1229)
4697,1459,0.310624,S7f2,2x1619 + 1459* (q=3)
4698,2251,0.479140,S3,1x2251 + 2447* (q=1223)
4699,929,0.197702,S7f4,4x929 + 983* (q=491)
4700,1171,0.249149,S7f3,3x1171 + 1187* (q=593)
4701,1567,0.333333,S2,3x1567
4702,2351,0.500000,S2,2x2351
4703,4703,1.000000,S1,"AGL(1,4703)"
4704,2027,0.430910,S3,1x2677 + 2027* (q=1013)
4705,1543,0.327949,S7f2,2x1543 + 1619* (q=809)
4706,1129,0.239907,S7f3,3x1129 + 1319* (q=659)
4707,863,0.183344,S7f4,4x961 + 863* (q=431)
4708,2129,0.452209,S3,1x2129 + 2579* (q=1289)
4709,641,0.136122,S7f6,6x641 + 863* (q=431)
4710,2251,0.477919,S3,1x2251 + 2459* (q=1229)
4711,2048,0.434727,S3,1x2048 + 2663* (q=11)
4712,1459,0.309635,S3,1x3253 + 1459* (q=3)
4713,1571,0.333333,S2,3x1571
4714,2357,0.500000,S2,2x2357
4715,361,0.076564,S7f12,12x361 + 383* (q=191)
4716,2269,0.481128,S3,1x2269 + 2447* (q=1223)
4717,1549,0.328387,S7f2,2x1549 + 1619* (q=809)
4718,1459,0.309241,S3,1x3259 + 1459* (q=3)
4719,883,0.187116,S7f4,4x883 + 1187* (q=593)
4720,2273,0.481568,S3,1x2273 + 2447* (q=1223)
4721,4721,1.000000,S1,"AGL(1,4721)"
4722,2143,0.453833,S3,1x2143 + 2579* (q=1289)
4723,4723,1.000000,S1,"AGL(1,4723)"
4724,1181,0.250000,S2,4x1181
4725,1553,0.328677,S7f2,2x1553 + 1619* (q=809)
4726,2267,0.479687,S3,1x2267 + 2459* (q=1229)
4727,347,0.073408,S7f12,12x347 + 563* (q=281)
4728,2281,0.482445,S3,1x2281 + 2447* (q=1223)
4729,4729,1.000000,S1,"AGL(1,4729)"
4730,1459,0.308457,S3,1x3271 + 1459* (q=3)
4731,937,0.198055,S7f4,4x937 + 983* (q=491)
4732,2273,0.480347,S3,1x2273 + 2459* (q=1229)
4733,4733,1.000000,S1,"AGL(1,4733)"
4734,2287,0.483101,S3,1x2287 + 2447* (q=1223)
4735,947,0.200000,S2,5x947
4736,1151,0.243032,S7f3,3x1151 + 1283* (q=641)
4737,1579,0.333333,S2,3x1579
4738,2207,0.465808,S3,1x2531 + 2207* (q=1103)
4739,729,0.153830,S7f4,4x729 + 1823* (q=911)
4740,2293,0.483755,S3,1x2293 + 2447* (q=1223)
4741,1523,0.321240,S7f2,2x1609 + 1523* (q=761)
4742,2371,0.500000,S2,2x2371
4743,859,0.181109,S7f4,4x859 + 1307* (q=653)
4744,2297,0.484191,S3,1x2297 + 2447* (q=1223)
4745,647,0.136354,S7f6,6x647 + 863* (q=431)
4746,2287,0.481879,S3,1x2287 + 2459* (q=1229)
4747,941,0.198230,S7f4,4x941 + 983* (q=491)
4748,1187,0.250000,S2,4x1187
4749,1583,0.333333,S2,3x1583
4750,2207,0.464632,S3,1x2543 + 2207* (q=1103)
4751,4751,1.000000,S1,"AGL(1,4751)"
4752,2293,0.482534,S3,1x2293 + 2459* (q=1229)
4753,1567,0.329687,S7f2,2x1567 + 1619* (q=809)
4754,2377,0.500000,S2,2x2377
4755,887,0.186540,S7f4,4x967 + 887* (q=443)
4756,2309,0.485492,S3,1x2309 + 2447* (q=1223)
4757,673,0.141476,S7f6,6x673 + 719* (q=359)
4758,2311,0.485708,S3,1x2311 + 2447* (q=1223)
4759,4759,1.000000,S1,"AGL(1,4759)"
4760,1459,0.306513,S3,1x3301 + 1459* (q=3)
4761,1571,0.329973,S7f2,2x1571 + 1619* (q=809)
4762,2381,0.500000,S2,2x2381
4763,487,0.102246,S7f4,4x1069 + 487* (q=3)
4764,2207,0.463266,S3,1x2557 + 2207* (q=1103)
4765,1523,0.319622,S7f2,2x1621 + 1523* (q=761)
4766,2383,0.500000,S2,2x2383
4767,937,0.196560,S7f4,4x937 + 1019* (q=509)
4768,2309,0.484270,S3,1x2309 + 2459* (q=1229)
4769,647,0.135668,S7f6,6x647 + 887* (q=443)
4770,2311,0.484486,S3,1x2311 + 2459* (q=1229)
4771,947,0.198491,S7f4,4x947 + 983* (q=491)
4772,1459,0.305742,S3,1x3313 + 1459* (q=3)
4773,1459,0.305678,S7f2,2x1657 + 1459* (q=3)
4774,2111,0.442187,S3,1x2111 + 2663* (q=11)
4775,829,0.173613,S7f4,4x829 + 1459* (q=3)
4776,2197,0.460008,S3,1x2197 + 2579* (q=1289)
4777,1579,0.330542,S7f2,2x1579 + 1619* (q=809)
4778,2389,0.500000,S2,2x2389
4779,853,0.178489,S7f4,4x853 + 1367* (q=683)
4780,2333,0.488075,S3,1x2333 + 2447* (q=1223)
4781,683,0.142857,S2,7x683
4782,2203,0.460686,S3,1x2203 + 2579* (q=1289)
4783,4783,1.000000,S1,"AGL(1,4783)"
4784,1087,0.227216,S7f3,3x1087 + 1523* (q=761)
4785,1583,0.330825,S7f2,2x1583 + 1619* (q=809)
4786,2393,0.500000,S2,2x2393
4787,4787,1.000000,S1,"AGL(1,4787)"
4788,2341,0.488931,S3,1x2341 + 2447* (q=1223)
4789,4789,1.000000,S1,"AGL(1,4789)"
4790,1459,0.304593,S3,1x3331 + 1459* (q=3)
4791,1597,0.333333,S2,3x1597
4792,2333,0.486853,S3,1x2333 + 2459* (q=1229)
4793,4793,1.000000,S1,"AGL(1,4793)"
4794,2347,0.489570,S3,1x2347 + 2447* (q=1223)
4795,953,0.198749,S7f4,4x953 + 983* (q=491)
4796,1171,0.244162,S7f3,3x1171 + 1283* (q=641)
4797,1523,0.317490,S7f2,2x1637 + 1523* (q=761)
4798,2399,0.500000,S2,2x2399
4799,4799,1.000000,S1,"AGL(1,4799)"
4800,2341,0.487708,S3,1x2341 + 2459* (q=1229)
4801,4801,1.000000,S1,"AGL(1,4801)"
4802,2401,0.500000,S2,2x2401
4803,1601,0.333333,S2,3x1601
4804,2357,0.490633,S3,1x2357 + 2447* (q=1223)
4805,961,0.200000,S2,5x961
4806,2347,0.488348,S3,1x2347 + 2459* (q=1229)
4807,947,0.197004,S7f4,4x947 + 1019* (q=509)
4808,1163,0.241889,S7f3,3x1163 + 1319* (q=659)
4809,1493,0.310460,S7f2,2x1493 + 1823* (q=911)
4810,2351,0.488773,S3,1x2351 + 2459* (q=1229)
4811,419,0.087092,S7f8,8x419 + 1459* (q=3)
4812,2099,0.436201,S3,1x2713 + 2099* (q=1049)
4813,4813,1.000000,S1,"AGL(1,4813)"
4814,1109,0.230370,S7f3,3x1109 + 1487* (q=743)
4815,907,0.188370,S7f4,4x907 + 1187* (q=593)
4816,2357,0.489410,S3,1x2357 + 2459* (q=1229)
4817,4817,1.000000,S1,"AGL(1,4817)"
4818,2371,0.492113,S3,1x2371 + 2447* (q=1223)
4819,887,0.184063,S7f4,4x983 + 887* (q=443)
4820,1459,0.302697,S3,1x3361 + 1459* (q=3)
4821,1607,0.333333,S2,3x1607
4822,2411,0.500000,S2,2x2411
4823,841,0.174373,S7f4,4x841 + 1459* (q=3)
4824,2377,0.492745,S3,1x2377 + 2447* (q=1223)
4825,1487,0.308187,S7f2,2x1669 + 1487* (q=743)
4826,1187,0.245959,S7f3,3x1213 + 1187* (q=593)
4827,1609,0.333333,S2,3x1609
4828,2381,0.493165,S3,1x2381 + 2447* (q=1223)
4829,661,0.136881,S7f6,6x661 + 863* (q=431)
4830,2383,0.493375,S3,1x2383 + 2447* (q=1223)
4831,4831,1.000000,S1,"AGL(1,4831)"
4832,1459,0.301945,S3,1x3373 + 1459* (q=3)
4833,1607,0.332506,S7f2,2x1607 + 1619* (q=809)
4834,2417,0.500000,S2,2x2417
4835,967,0.200000,S2,5x967
4836,2389,0.494003,S3,1x2389 + 2447* (q=1223)
4837,1609,0.332644,S7f2,2x1609 + 1619* (q=809)
4838,1187,0.245349,S7f3,3x1217 + 1187* (q=593)
4839,1613,0.333333,S2,3x1613
4840,2393,0.494421,S3,1x2393 + 2447* (q=1223)
4841,659,0.136129,S7f6,6x659 + 887* (q=443)
4842,2383,0.492152,S3,1x2383 + 2459* (q=1229)
4843,881,0.181912,S7f4,4x881 + 1319* (q=659)
4844,1187,0.245045,S7f3,3x1187 + 1283* (q=641)
4845,1613,0.332921,S7f2,2x1613 + 1619* (q=809)
4846,2423,0.500000,S2,2x2423
4847,487,0.100475,S11,3x967 + 487* + 1459* (q=3)
4848,2401,0.495256,S3,1x2401 + 2447* (q=1223)
4849,1523,0.314085,S7f2,2x1663 + 1523* (q=761)
4850,2187,0.450928,S3,1x2187 + 2663* (q=11)
4851,967,0.199340,S7f4,4x967 + 983* (q=491)
4852,2393,0.493199,S3,1x2393 + 2459* (q=1229)
4853,1459,0.300639,S7f2,2x1697 + 1459* (q=3)
4854,2207,0.454677,S3,1x2647 + 2207* (q=1103)
4855,971,0.200000,S2,5x971
4856,1187,0.244440,S7f3,3x1223 + 1187* (q=593)
4857,1619,0.333333,S2,3x1619
4858,2411,0.496295,S3,1x2411 + 2447* (q=1223)
4859,487,0.100226,S7f4,4x1093 + 487* (q=3)
4860,2401,0.494033,S3,1x2401 + 2459* (q=1229)
4861,4861,1.000000,S1,"AGL(1,4861)"
4862,1193,0.245372,S7f3,3x1193 + 1283* (q=641)
4863,1621,0.333333,S2,3x1621
4864,2417,0.496916,S3,1x2417 + 2447* (q=1223)
4865,691,0.142035,S7f6,6x691 + 719* (q=359)
4866,2287,0.469996,S3,1x2287 + 2579* (q=1289)
4867,2048,0.420793,S3,1x2048 + 2819* (q=1409)
4868,1217,0.250000,S2,4x1217
4869,1523,0.312795,S7f2,2x1523 + 1823* (q=911)
4870,2423,0.497536,S3,1x2423 + 2447* (q=1223)
4871,4871,1.000000,S1,"AGL(1,4871)"
4872,2293,0.470649,S3,1x2293 + 2579* (q=1289)
4873,1619,0.332239,S7f2,2x1627 + 1619* (q=809)
4874,2437,0.500000,S2,2x2437
4875,887,0.181949,S7f4,4x997 + 887* (q=443)
4876,2417,0.495693,S3,1x2417 + 2459* (q=1229)
4877,4877,1.000000,S1,"AGL(1,4877)"
4878,2207,0.452440,S3,1x2671 + 2207* (q=1103)
4879,839,0.171961,S7f4,4x839 + 1523* (q=761)
4880,1187,0.243238,S7f3,3x1187 + 1319* (q=659)
4881,1627,0.333333,S2,3x1627
4882,2441,0.500000,S2,2x2441
4883,367,0.075159,S7f12,12x367 + 479* (q=239)
4884,2437,0.498976,S3,1x2437 + 2447* (q=1223)
4885,1531,0.313408,S7f2,2x1531 + 1823* (q=911)
4886,1201,0.245804,S7f3,3x1201 + 1283* (q=641)
4887,1024,0.209536,S3,1x1024 + 3863* (q=1931)
4888,2441,0.499386,S3,1x2441 + 2447* (q=1223)
4889,4889,1.000000,S1,"AGL(1,4889)"
4890,2311,0.472597,S3,1x2311 + 2579* (q=1289)
4891,977,0.199755,S7f4,4x977 + 983* (q=491)
4892,1459,0.298242,S3,1x3433 + 1459* (q=3)
4893,1619,0.330881,S7f2,2x1637 + 1619* (q=809)
4894,2447,0.500000,S2,2x2447
4895,1024,0.209193,S7f3,3x1024 + 1823* (q=911)
4896,2437,0.497753,S3,1x2437 + 2459* (q=1229)
4897,1429,0.291811,S7f2,2x1429 + 2039* (q=1019)
4898,1193,0.243569,S7f3,3x1193 + 1319* (q=659)
4899,883,0.180241,S7f4,4x883 + 1367* (q=683)
4900,2441,0.498163,S3,1x2441 + 2459* (q=1229)
4901,1459,0.297694,S7f2,2x1721 + 1459* (q=3)
4902,2239,0.456752,S3,1x2239 + 2663* (q=11)
4903,4903,1.000000,S1,"AGL(1,4903)"
4904,983,0.200449,S7f3,3x1307 + 983* (q=491)
4905,1499,0.305607,S7f2,2x1499 + 1907* (q=953)
4906,2447,0.498777,S3,1x2447 + 2459* (q=1229)
4907,701,0.142857,S2,7x701
4908,2099,0.427669,S3,1x2809 + 2099* (q=1049)
4909,4909,1.000000,S1,"AGL(1,4909)"
4910,1201,0.244603,S7f3,3x1201 + 1307* (q=653)
4911,1637,0.333333,S2,3x1637
4912,2333,0.474959,S3,1x2333 + 2579* (q=1289)
4913,4913,1.000000,S1,"AGL(1,4913)"
4914,2447,0.497965,S3,1x2467 + 2447* (q=1223)
4915,983,0.200000,S2,5x983
4916,1459,0.296786,S3,1x3457 + 1459* (q=3)
4917,1523,0.309742,S7f2,2x1697 + 1523* (q=761)
4918,2459,0.500000,S2,2x2459
4919,4919,1.000000,S1,"AGL(1,4919)"
4920,2447,0.497358,S3,1x2473 + 2447* (q=1223)
4921,1549,0.314773,S7f2,2x1549 + 1823* (q=911)
4922,1459,0.296424,S3,1x3463 + 1459* (q=3)
4923,887,0.180175,S7f4,4x1009 + 887* (q=443)
4924,2447,0.496954,S3,1x2477 + 2447* (q=1223)
4925,1459,0.296244,S7f2,2x1733 + 1459* (q=3)
4926,2459,0.499188,S3,1x2467 + 2459* (q=1229)
4927,2048,0.415669,S3,1x2048 + 2879* (q=1439)
4928,1459,0.296063,S3,1x3469 + 1459* (q=3)
4929,1553,0.315074,S7f2,2x1553 + 1823* (q=911)
4930,2351,0.476876,S3,1x2351 + 2579* (q=1289)
4931,4931,1.000000,S1,"AGL(1,4931)"
4932,2459,0.498581,S3,1x2473 + 2459* (q=1229)
4933,4933,1.000000,S1,"AGL(1,4933)"
4934,2467,0.500000,S2,2x2467
4935,937,0.189868,S7f4,4x937 + 1187* (q=593)
4936,2459,0.498177,S3,1x2477 + 2459* (q=1229)
4937,4937,1.000000,S1,"AGL(1,4937)"
4938,2207,0.446942,S3,1x2731 + 2207* (q=1103)
4939,887,0.179591,S7f4,4x1013 + 887* (q=443)
4940,1459,0.295344,S3,1x3481 + 1459* (q=3)
4941,1559,0.315523,S7f2,2x1559 + 1823* (q=911)
4942,2099,0.424727,S3,1x2843 + 2099* (q=1049)
4943,4943,1.000000,S1,"AGL(1,4943)"
4944,2281,0.461367,S3,1x2281 + 2663* (q=11)
4945,1619,0.327401,S7f2,2x1663 + 1619* (q=809)
4946,2473,0.500000,S2,2x2473
4947,983,0.198706,S7f4,4x991 + 983* (q=491)
4948,2207,0.446039,S3,1x2741 + 2207* (q=1103)
4949,677,0.136795,S7f6,6x677 + 887* (q=443)
4950,2447,0.494343,S3,1x2503 + 2447* (q=1223)
4951,4951,1.000000,S1,"AGL(1,4951)"
4952,1223,0.246971,S7f3,3x1223 + 1283* (q=641)
4953,1619,0.326873,S7f2,2x1667 + 1619* (q=809)
4954,2477,0.500000,S2,2x2477
4955,991,0.200000,S2,5x991
4956,2377,0.479621,S3,1x2377 + 2579* (q=1289)
4957,4957,1.000000,S1,"AGL(1,4957)"
4958,1459,0.294272,S3,1x3499 + 1459* (q=3)
4959,919,0.185320,S7f4,4x919 + 1283* (q=641)
4960,2381,0.480040,S3,1x2381 + 2579* (q=1289)
4961,683,0.137674,S7f6,6x683 + 863* (q=431)
4962,2459,0.495566,S3,1x2503 + 2459* (q=1229)
4963,911,0.183558,S7f4,4x911 + 1319* (q=659)
4964,1187,0.239122,S7f3,3x1259 + 1187* (q=593)
4965,1571,0.316415,S7f2,2x1571 + 1823* (q=911)
4966,2087,0.420258,S3,1x2087 + 2879* (q=1439)
4967,4967,1.000000,S1,"AGL(1,4967)"
4968,2447,0.492552,S3,1x2521 + 2447* (q=1223)
4969,4969,1.000000,S1,"AGL(1,4969)"
4970,1459,0.293561,S3,1x3511 + 1459* (q=3)
4971,1657,0.333333,S2,3x1657
4972,2393,0.481295,S3,1x2393 + 2579* (q=1289)
4973,4973,1.000000,S1,"AGL(1,4973)"
4974,2311,0.464616,S3,1x2311 + 2663* (q=11)
4975,947,0.190352,S7f4,4x947 + 1187* (q=593)
4976,1459,0.293207,S3,1x3517 + 1459* (q=3)
4977,1459,0.293148,S7f2,2x1759 + 1459* (q=3)
4978,2447,0.491563,S3,1x2531 + 2447* (q=1223)
4979,1024,0.205664,S7f3,3x1024 + 1907* (q=953)
4980,2459,0.493775,S3,1x2521 + 2459* (q=1229)
4981,1619,0.325035,S7f2,2x1681 + 1619* (q=809)
4982,1181,0.237053,S7f3,3x1181 + 1439* (q=719)
4983,991,0.198876,S7f4,4x991 + 1019* (q=509)
4984,2207,0.442817,S3,1x2777 + 2207* (q=1103)
4985,997,0.200000,S2,5x997
4986,2447,0.490774,S3,1x2539 + 2447* (q=1223)
4987,4987,1.000000,S1,"AGL(1,4987)"
4988,1459,0.292502,S3,1x3529 + 1459* (q=3)
4989,1663,0.333333,S2,3x1663
4990,2459,0.492786,S3,1x2531 + 2459* (q=1229)
4991,883,0.176918,S7f4,4x883 + 1459* (q=3)
4992,2113,0.423277,S3,1x2113 + 2879* (q=1439)
4993,4993,1.000000,S1,"AGL(1,4993)"
4994,1237,0.247697,S7f3,3x1237 + 1283* (q=641)
4995,919,0.183984,S7f4,4x919 + 1319* (q=659)
4996,2447,0.489792,S3,1x2549 + 2447* (q=1223)
4997,619,0.123874,S7f6,6x619 + 1283* (q=641)
4998,2459,0.491997,S3,1x2539 + 2459* (q=1229)
4999,4999,1.000000,S1,"AGL(1,4999)"
5000,1459,0.291800,S3,1x3541 + 1459* (q=3)
5001,1667,0.333333,S2,3x1667
5002,2459,0.491603,S3,1x2543 + 2459* (q=1229)
5003,5003,1.000000,S1,"AGL(1,5003)"
5004,2447,0.489009,S3,1x2557 + 2447* (q=1223)
5005,1619,0.323477,S7f2,2x1693 + 1619* (q=809)
5006,2503,0.500000,S2,2x2503
5007,1669,0.333333,S2,3x1669
5008,2459,0.491014,S3,1x2549 + 2459* (q=1229)
5009,5009,1.000000,S1,"AGL(1,5009)"
5010,2459,0.490818,S3,1x2551 + 2459* (q=1229)
5011,5011,1.000000,S1,"AGL(1,5011)"
5012,1231,0.245611,S7f3,3x1231 + 1319* (q=659)
5013,1619,0.322960,S7f2,2x1697 + 1619* (q=809)
5014,2351,0.468887,S3,1x2351 + 2663* (q=11)
5015,729,0.145364,S7f4,4x729 + 2099* (q=1049)
5016,2459,0.490231,S3,1x2557 + 2459* (q=1229)
5017,1619,0.322703,S7f2,2x1699 + 1619* (q=809)
5018,1459,0.290753,S3,1x3559 + 1459* (q=3)
5019,983,0.195856,S7f4,4x1009 + 983* (q=491)
5020,2441,0.486255,S3,1x2441 + 2579* (q=1289)
5021,5021,1.000000,S1,"AGL(1,5021)"
5022,2203,0.438670,S3,1x2203 + 2819* (q=1409)
5023,5023,1.000000,S1,"AGL(1,5023)"
5024,1187,0.236266,S7f3,3x1279 + 1187* (q=593)
5025,1601,0.318607,S7f2,2x1601 + 1823* (q=911)
5026,2447,0.486868,S3,1x2447 + 2579* (q=1289)
5027,457,0.090909,S2,11x457
5028,2209,0.439340,S3,1x2209 + 2819* (q=1409)
5029,1523,0.302844,S7f2,2x1753 + 1523* (q=761)
5030,1459,0.290060,S3,1x3571 + 1459* (q=3)
5031,1024,0.203538,S3,1x1024 + 4007* (q=2003)
5032,2213,0.439785,S3,1x2213 + 2819* (q=1409)
5033,1459,0.289887,S7f2,2x1787 + 1459* (q=3)
5034,2371,0.470997,S3,1x2371 + 2663* (q=11)
5035,983,0.195233,S7f4,4x1013 + 983* (q=491)
5036,1259,0.250000,S2,4x1259
5037,1619,0.321421,S7f2,2x1709 + 1619* (q=809)
5038,2459,0.488091,S3,1x2459 + 2579* (q=1289)
5039,5039,1.000000,S1,"AGL(1,5039)"
5040,2447,0.485516,S3,1x2593 + 2447* (q=1223)
5041,5041,1.000000,S1,"AGL(1,5041)"
5042,2521,0.500000,S2,2x2521
5043,1681,0.333333,S2,3x1681
5044,2381,0.472046,S3,1x2381 + 2663* (q=11)
5045,1009,0.200000,S2,5x1009
5046,2467,0.488902,S3,1x2467 + 2579* (q=1289)
5047,2048,0.405786,S3,1x2048 + 2999* (q=1499)
5048,1187,0.235143,S7f3,3x1187 + 1487* (q=743)
5049,1613,0.319469,S7f2,2x1613 + 1823* (q=911)
5050,2459,0.486931,S3,1x2591 + 2459* (q=1229)
5051,5051,1.000000,S1,"AGL(1,5051)"
5052,2473,0.489509,S3,1x2473 + 2579* (q=1289)
5053,1487,0.294281,S7f2,2x1783 + 1487* (q=743)
5054,1249,0.247131,S7f3,3x1249 + 1307* (q=653)
5055,1009,0.199604,S7f4,4x1009 + 1019* (q=509)
5056,2477,0.489913,S3,1x2477 + 2579* (q=1289)
5057,673,0.133083,S7f6,6x673 + 1019* (q=509)
5058,2239,0.442665,S3,1x2239 + 2819* (q=1409)
5059,5059,1.000000,S1,"AGL(1,5059)"
5060,1259,0.248814,S7f3,3x1259 + 1283* (q=641)
5061,1619,0.319897,S7f2,2x1619 + 1823* (q=911)
5062,2531,0.500000,S2,2x2531
5063,487,0.096188,S11,3x1039 + 487* + 1459* (q=3)
5064,2447,0.483215,S3,1x2617 + 2447* (q=1223)
5065,1621,0.320039,S7f2,2x1621 + 1823* (q=911)
5066,2187,0.431702,S3,1x2187 + 2879* (q=1439)
5067,983,0.194000,S7f4,4x1021 + 983* (q=491)
5068,2459,0.485201,S3,1x2609 + 2459* (q=1229)
5069,701,0.138292,S7f6,6x701 + 863* (q=431)
5070,2251,0.443984,S3,1x2251 + 2819* (q=1409)
5071,2048,0.403865,S3,1x2048 + 3023* (q=1511)
5072,1459,0.287658,S3,1x3613 + 1459* (q=3)
5073,1583,0.312044,S7f2,2x1583 + 1907* (q=953)
5074,2411,0.475168,S3,1x2411 + 2663* (q=11)
5075,467,0.092020,S7f9,9x512 + 467* (q=233)
5076,2459,0.484437,S3,1x2617 + 2459* (q=1229)
5077,5077,1.000000,S1,"AGL(1,5077)"
5078,2539,0.500000,S2,2x2539
5079,1693,0.333333,S2,3x1693
5080,2459,0.484055,S3,1x2621 + 2459* (q=1229)
5081,5081,1.000000,S1,"AGL(1,5081)"
5082,2503,0.492523,S3,1x2503 + 2579* (q=1289)
5083,941,0.185127,S7f4,4x941 + 1319* (q=659)
5084,1259,0.247640,S7f3,3x1259 + 1307* (q=653)
5085,1619,0.318387,S7f2,2x1733 + 1619* (q=809)
5086,2543,0.500000,S2,2x2543
5087,5087,1.000000,S1,"AGL(1,5087)"
5088,2269,0.445951,S3,1x2269 + 2819* (q=1409)
5089,1531,0.300845,S7f2,2x1531 + 2027* (q=1013)
5090,2187,0.429666,S3,1x2187 + 2903* (q=1451)
5091,1697,0.333333,S2,3x1697
5092,2459,0.482914,S3,1x2633 + 2459* (q=1229)
5093,719,0.141174,S7f6,6x729 + 719* (q=359)
5094,2447,0.480369,S3,1x2647 + 2447* (q=1223)
5095,1019,0.200000,S2,5x1019
5096,1459,0.286303,S3,1x3637 + 1459* (q=3)
5097,1699,0.333333,S2,3x1699
5098,2549,0.500000,S2,2x2549
5099,5099,1.000000,S1,"AGL(1,5099)"
5100,2521,0.494314,S3,1x2521 + 2579* (q=1289)
5101,5101,1.000000,S1,"AGL(1,5101)"
5102,2551,0.500000,S2,2x2551
5103,1024,0.200666,S3,1x1024 + 4079* (q=2039)
5104,2447,0.479428,S3,1x2657 + 2447* (q=1223)
5105,1459,0.285798,S7f2,2x1823 + 1459* (q=3)
5106,2459,0.481590,S3,1x2647 + 2459* (q=1229)
5107,5107,1.000000,S1,"AGL(1,5107)"
5108,1277,0.250000,S2,4x1277
5109,1601,0.313369,S7f2,2x1601 + 1907* (q=953)
5110,2531,0.495303,S3,1x2531 + 2579* (q=1289)
5111,1024,0.200352,S7f3,3x1024 + 2039* (q=1019)
5112,2293,0.448552,S3,1x2293 + 2819* (q=1409)
5113,5113,1.000000,S1,"AGL(1,5113)"
5114,2557,0.500000,S2,2x2557
5115,1019,0.199218,S7f4,4x1024 + 1019* (q=509)
5116,2459,0.480649,S3,1x2657 + 2459* (q=1229)
5117,719,0.140512,S7f6,6x733 + 719* (q=359)
5118,2539,0.496092,S3,1x2539 + 2579* (q=1289)
5119,5119,1.000000,S1,"AGL(1,5119)"
5120,1279,0.249805,S7f3,3x1279 + 1283* (q=641)
5121,1607,0.313806,S7f2,2x1607 + 1907* (q=953)
5122,2543,0.496486,S3,1x2543 + 2579* (q=1289)
5123,729,0.142299,S7f4,4x729 + 2207* (q=1103)
5124,2447,0.477557,S3,1x2677 + 2447* (q=1223)
5125,1619,0.315902,S7f2,2x1753 + 1619* (q=809)
5126,1229,0.239758,S7f3,3x1229 + 1439* (q=719)
5127,1709,0.333333,S2,3x1709
5128,2549,0.497075,S3,1x2549 + 2579* (q=1289)
5129,691,0.134724,S7f6,6x691 + 983* (q=491)
5130,2551,0.497271,S3,1x2551 + 2579* (q=1289)
5131,953,0.185734,S7f4,4x953 + 1319* (q=659)
5132,1459,0.284295,S3,1x3673 + 1459* (q=3)
5133,1613,0.314241,S7f2,2x1613 + 1907* (q=953)
5134,2447,0.476626,S3,1x2687 + 2447* (q=1223)
5135,1024,0.199416,S7f3,3x1024 + 2063* (q=1031)
5136,2557,0.497858,S3,1x2557 + 2579* (q=1289)
5137,1657,0.322562,S7f2,2x1657 + 1823* (q=911)
5138,1277,0.248540,S7f3,3x1277 + 1307* (q=653)
5139,983,0.191282,S7f4,4x1039 + 983* (q=491)
5140,2477,0.481907,S3,1x2477 + 2663* (q=11)
5141,709,0.137911,S7f6,6x709 + 887* (q=443)
5142,2459,0.478219,S3,1x2683 + 2459* (q=1229)
5143,1019,0.198133,S7f4,4x1031 + 1019* (q=509)
5144,1279,0.248639,S7f3,3x1279 + 1307* (q=653)
5145,1619,0.314674,S7f2,2x1619 + 1907* (q=953)
5146,2459,0.477847,S3,1x2687 + 2459* (q=1229)
5147,5147,1.000000,S1,"AGL(1,5147)"
5148,2459,0.477661,S3,1x2689 + 2459* (q=1229)
5149,1663,0.322975,S7f2,2x1663 + 1823* (q=911)
5150,2187,0.424660,S3,1x2187 + 2963* (q=1481)
5151,1024,0.198796,S3,1x1024 + 4127* (q=2063)
5152,2459,0.477290,S3,1x2693 + 2459* (q=1229)
5153,5153,1.000000,S1,"AGL(1,5153)"
5154,2447,0.474777,S3,1x2707 + 2447* (q=1223)
5155,1031,0.200000,S2,5x1031
5156,1459,0.282971,S3,1x3697 + 1459* (q=3)
5157,1667,0.323250,S7f2,2x1667 + 1823* (q=911)
5158,2579,0.500000,S2,2x2579
5159,512,0.099244,S7f3,3x512 + 3623* (q=1811)
5160,2447,0.474225,S3,1x2713 + 2447* (q=1223)
5161,1669,0.323387,S7f2,2x1669 + 1823* (q=911)
5162,1213,0.234986,S7f3,3x1213 + 1523* (q=761)
5163,1721,0.333333,S2,3x1721
5164,2207,0.427382,S3,1x2957 + 2207* (q=1103)
5165,1033,0.200000,S2,5x1033
5166,2503,0.484514,S3,1x2503 + 2663* (q=11)
5167,5167,1.000000,S1,"AGL(1,5167)"
5168,1459,0.282314,S3,1x3709 + 1459* (q=3)
5169,1723,0.333333,S2,3x1723
5170,2579,0.498839,S3,1x2591 + 2579* (q=1289)
5171,5171,1.000000,S1,"AGL(1,5171)"
5172,2579,0.498647,S3,1x2593 + 2579* (q=1289)
5173,1619,0.312971,S7f2,2x1777 + 1619* (q=809)
5174,1289,0.249130,S7f3,3x1289 + 1307* (q=653)
5175,1019,0.196908,S7f4,4x1039 + 1019* (q=509)
5176,2447,0.472759,S3,1x2729 + 2447* (q=1223)
5177,719,0.138884,S7f6,6x719 + 863* (q=431)
5178,2459,0.474894,S3,1x2719 + 2459* (q=1229)
5179,5179,1.000000,S1,"AGL(1,5179)"
5180,1459,0.281660,S3,1x3721 + 1459* (q=3)
5181,1637,0.315962,S7f2,2x1637 + 1907* (q=953)
5182,2591,0.500000,S2,2x2591
5183,487,0.093961,S7f8,8x587 + 487* (q=3)
5184,2521,0.486304,S3,1x2521 + 2663* (q=11)
5185,1681,0.324204,S7f2,2x1681 + 1823* (q=911)
5186,2593,0.500000,S2,2x2593
5187,983,0.189512,S7f4,4x1051 + 983* (q=491)
5188,2579,0.497109,S3,1x2609 + 2579* (q=1289)
5189,5189,1.000000,S1,"AGL(1,5189)"
5190,2459,0.473796,S3,1x2731 + 2459* (q=1229)
5191,977,0.188210,S7f4,4x977 + 1283* (q=641)
5192,1459,0.281009,S3,1x3733 + 1459* (q=3)
5193,1619,0.311766,S7f2,2x1787 + 1619* (q=809)
5194,2531,0.487293,S3,1x2531 + 2663* (q=11)
5195,1039,0.200000,S2,5x1039
5196,2579,0.496343,S3,1x2617 + 2579* (q=1289)
5197,5197,1.000000,S1,"AGL(1,5197)"
5198,1459,0.280685,S3,1x3739 + 1459* (q=3)
5199,1733,0.333333,S2,3x1733
5200,2579,0.495962,S3,1x2621 + 2579* (q=1289)
5201,1459,0.280523,S7f2,2x1871 + 1459* (q=3)
5202,2539,0.488082,S3,1x2539 + 2663* (q=11)
5203,971,0.186623,S7f4,4x971 + 1319* (q=659)
5204,1301,0.250000,S2,4x1301
5205,1583,0.304131,S7f2,2x1583 + 2039* (q=1019)
5206,2543,0.488475,S3,1x2543 + 2663* (q=11)
5207,937,0.179950,S7f4,4x937 + 1459* (q=3)
5208,2459,0.472158,S3,1x2749 + 2459* (q=1229)
5209,5209,1.000000,S1,"AGL(1,5209)"
5210,2187,0.419770,S3,1x2187 + 3023* (q=1511)
5211,961,0.184418,S7f4,4x961 + 1367* (q=683)
5212,2579,0.494820,S3,1x2633 + 2579* (q=1289)
5213,1459,0.279877,S7f2,2x1877 + 1459* (q=3)
5214,2551,0.489260,S3,1x2551 + 2663* (q=11)
5215,2048,0.392713,S3,1x2048 + 3167* (q=1583)
5216,1303,0.249808,S7f3,3x1303 + 1307* (q=653)
5217,1697,0.325283,S7f2,2x1697 + 1823* (q=911)
5218,2609,0.500000,S2,2x2609
5219,487,0.093313,S11,3x1091 + 487* + 1459* (q=3)
5220,2557,0.489847,S3,1x2557 + 2663* (q=11)
5221,1699,0.325417,S7f2,2x1699 + 1823* (q=911)
5222,1301,0.249138,S7f3,3x1301 + 1319* (q=659)
5223,1741,0.333333,S2,3x1741
5224,2447,0.468415,S3,1x2777 + 2447* (q=1223)
5225,727,0.139139,S7f6,6x727 + 863* (q=431)
5226,2579,0.493494,S3,1x2647 + 2579* (q=1289)
5227,5227,1.000000,S1,"AGL(1,5227)"
5228,1459,0.279074,S3,1x3769 + 1459* (q=3)
5229,1601,0.306177,S7f2,2x1601 + 2027* (q=1013)
5230,2411,0.460994,S3,1x2411 + 2819* (q=1409)
5231,5231,1.000000,S1,"AGL(1,5231)"
5232,2269,0.433677,S3,1x2269 + 2963* (q=1481)
5233,5233,1.000000,S1,"AGL(1,5233)"
5234,2617,0.500000,S2,2x2617
5235,983,0.187775,S7f4,4x1063 + 983* (q=491)
5236,2579,0.492552,S3,1x2657 + 2579* (q=1289)
5237,5237,1.000000,S1,"AGL(1,5237)"
5238,2579,0.492363,S3,1x2659 + 2579* (q=1289)
5239,1013,0.193358,S7f4,4x1013 + 1187* (q=593)
5240,1307,0.249427,S7f3,3x1307 + 1319* (q=659)
5241,1747,0.333333,S2,3x1747
5242,2621,0.500000,S2,2x2621
5243,397,0.075720,S7f12,12x397 + 479* (q=239)
5244,2447,0.466629,S3,1x2797 + 2447* (q=1223)
5245,1669,0.318208,S7f2,2x1669 + 1907* (q=953)
5246,1283,0.244567,S7f3,3x1321 + 1283* (q=641)
5247,991,0.188870,S7f4,4x991 + 1283* (q=641)
5248,2459,0.468559,S3,1x2789 + 2459* (q=1229)
5249,727,0.138503,S7f6,6x727 + 887* (q=443)
5250,2579,0.491238,S3,1x2671 + 2579* (q=1289)
5251,2048,0.390021,S3,1x2048 + 3203* (q=1601)
5252,1459,0.277799,S3,1x3793 + 1459* (q=3)
5253,1613,0.307063,S7f2,2x1613 + 2027* (q=1013)
5254,2591,0.493148,S3,1x2591 + 2663* (q=11)
5255,1051,0.200000,S2,5x1051
5256,2593,0.493341,S3,1x2593 + 2663* (q=11)
5257,1609,0.306068,S7f2,2x1609 + 2039* (q=1019)
5258,1297,0.246672,S7f3,3x1297 + 1367* (q=683)
5259,1753,0.333333,S2,3x1753
5260,2459,0.467490,S3,1x2801 + 2459* (q=1229)
5261,5261,1.000000,S1,"AGL(1,5261)"
5262,2579,0.490118,S3,1x2683 + 2579* (q=1289)
5263,1019,0.193616,S7f4,4x1019 + 1187* (q=593)
5264,1307,0.248290,S7f3,3x1319 + 1307* (q=653)
5265,1721,0.326876,S7f2,2x1721 + 1823* (q=911)
5266,2633,0.500000,S2,2x2633
5267,397,0.075375,S7f12,12x397 + 503* (q=251)
5268,2579,0.489560,S3,1x2689 + 2579* (q=1289)
5269,1723,0.327007,S7f2,2x1723 + 1823* (q=911)
5270,1307,0.248008,S7f3,3x1321 + 1307* (q=653)
5271,1021,0.193701,S7f4,4x1021 + 1187* (q=593)
5272,2609,0.494879,S3,1x2609 + 2663* (q=11)
5273,5273,1.000000,S1,"AGL(1,5273)"
5274,2371,0.449564,S3,1x2371 + 2903* (q=1451)
5275,977,0.185213,S7f4,4x977 + 1367* (q=683)
5276,1319,0.250000,S2,4x1319
5277,1759,0.333333,S2,3x1759
5278,2579,0.488632,S3,1x2699 + 2579* (q=1289)
5279,5279,1.000000,S1,"AGL(1,5279)"
5280,2617,0.495644,S3,1x2617 + 2663* (q=11)
5281,5281,1.000000,S1,"AGL(1,5281)"
5282,1459,0.276221,S3,1x3823 + 1459* (q=3)
5283,1187,0.224683,S7f2,2x2048 + 1187* (q=593)
5284,2621,0.496026,S3,1x2621 + 2663* (q=11)
5285,1459,0.276064,S7f2,2x1913 + 1459* (q=3)
5286,2579,0.487893,S3,1x2707 + 2579* (q=1289)
5287,941,0.177984,S7f4,4x941 + 1523* (q=761)
5288,1307,0.247163,S7f3,3x1307 + 1367* (q=683)
5289,1733,0.327661,S7f2,2x1733 + 1823* (q=911)
5290,2579,0.487524,S3,1x2711 + 2579* (q=1289)
5291,487,0.092043,S7f4,4x1201 + 487* (q=3)
5292,2579,0.487339,S3,1x2713 + 2579* (q=1289)
5293,1693,0.319856,S7f2,2x1693 + 1907* (q=953)
5294,2647,0.500000,S2,2x2647
5295,1019,0.192446,S7f4,4x1069 + 1019* (q=509)
5296,2633,0.497168,S3,1x2633 + 2663* (q=11)
5297,5297,1.000000,S1,"AGL(1,5297)"
5298,2579,0.486787,S3,1x2719 + 2579* (q=1289)
5299,983,0.185507,S7f4,4x983 + 1367* (q=683)
5300,1319,0.248868,S7f3,3x1327 + 1319* (q=659)
5301,1697,0.320128,S7f2,2x1697 + 1907* (q=953)
5302,2459,0.463787,S3,1x2843 + 2459* (q=1229)
5303,5303,1.000000,S1,"AGL(1,5303)"
5304,2447,0.461350,S3,1x2857 + 2447* (q=1223)
5305,1741,0.328181,S7f2,2x1741 + 1823* (q=911)
5306,2187,0.412175,S3,1x2187 + 3119* (q=1559)
5307,1024,0.192953,S3,1x1024 + 4283* (q=2141)
5308,2579,0.485870,S3,1x2729 + 2579* (q=1289)
5309,5309,1.000000,S1,"AGL(1,5309)"
5310,2647,0.498493,S3,1x2647 + 2663* (q=11)
5311,1031,0.194125,S7f4,4x1031 + 1187* (q=593)
5312,1459,0.274661,S3,1x3853 + 1459* (q=3)
5313,1637,0.308112,S7f2,2x1637 + 2039* (q=1019)
5314,2657,0.500000,S2,2x2657
5315,1063,0.200000,S2,5x1063
5316,2459,0.462566,S3,1x2857 + 2459* (q=1229)
5317,1747,0.328569,S7f2,2x1747 + 1823* (q=911)
5318,2659,0.500000,S2,2x2659
5319,1033,0.194209,S7f4,4x1033 + 1187* (q=593)
5320,2657,0.499436,S3,1x2657 + 2663* (q=11)
5321,1459,0.274197,S7f2,2x1931 + 1459* (q=3)
5322,2659,0.499624,S3,1x2659 + 2663* (q=11)
5323,5323,1.000000,S1,"AGL(1,5323)"
5324,1331,0.250000,S2,4x1331
5325,1709,0.320939,S7f2,2x1709 + 1907* (q=953)
5326,2663,0.500000,S2,2x2663
5327,967,0.181528,S7f4,4x967 + 1459* (q=3)
5328,2579,0.484047,S3,1x2749 + 2579* (q=1289)
5329,5329,1.000000,S1,"AGL(1,5329)"
5330,1321,0.247842,S7f3,3x1321 + 1367* (q=683)
5331,1777,0.333333,S2,3x1777
5332,2579,0.483683,S3,1x2753 + 2579* (q=1289)
5333,5333,1.000000,S1,"AGL(1,5333)"
5334,2663,0.499250,S3,1x2671 + 2663* (q=11)
5335,1013,0.189878,S7f4,4x1013 + 1283* (q=641)
5336,1459,0.273426,S3,1x3877 + 1459* (q=3)
5337,1637,0.306727,S7f2,2x1637 + 2063* (q=1031)
5338,2459,0.460659,S3,1x2459 + 2879* (q=1439)
5339,512,0.095898,S7f3,3x512 + 3803* (q=1901)
5340,2663,0.498689,S3,1x2677 + 2663* (q=11)
5341,1759,0.329339,S7f2,2x1759 + 1823* (q=911)
5342,2671,0.500000,S2,2x2671
5343,1039,0.194460,S7f4,4x1039 + 1187* (q=593)
5344,2447,0.457897,S3,1x2897 + 2447* (q=1223)
5345,1069,0.200000,S2,5x1069
5346,2663,0.498129,S3,1x2683 + 2663* (q=11)
5347,5347,1.000000,S1,"AGL(1,5347)"
5348,1459,0.272812,S3,1x3889 + 1459* (q=3)
5349,1783,0.333333,S2,3x1783
5350,2663,0.497757,S3,1x2687 + 2663* (q=11)
5351,5351,1.000000,S1,"AGL(1,5351)"
5352,2663,0.497571,S3,1x2689 + 2663* (q=11)
5353,1723,0.321876,S7f2,2x1723 + 1907* (q=953)
5354,2677,0.500000,S2,2x2677
5355,1009,0.188422,S7f4,4x1009 + 1319* (q=659)
5356,2663,0.497199,S3,1x2693 + 2663* (q=11)
5357,1459,0.272354,S7f2,2x1949 + 1459* (q=3)
5358,2539,0.473871,S3,1x2539 + 2819* (q=1409)
5359,1019,0.190147,S7f4,4x1019 + 1283* (q=641)
5360,1331,0.248321,S7f3,3x1331 + 1367* (q=683)
5361,1787,0.333333,S2,3x1787
5362,2663,0.496643,S3,1x2699 + 2663* (q=11)
5363,729,0.135931,S7f4,4x729 + 2447* (q=1223)
5364,2447,0.456189,S3,1x2917 + 2447* (q=1223)
5365,1669,0.311090,S7f2,2x1669 + 2027* (q=1013)
5366,2683,0.500000,S2,2x2683
5367,1789,0.333333,S2,3x1789
5368,2579,0.480440,S3,1x2789 + 2579* (q=1289)
5369,751,0.139877,S7f6,6x751 + 863* (q=431)
5370,2663,0.495903,S3,1x2707 + 2663* (q=11)
5371,1013,0.188605,S7f4,4x1013 + 1319* (q=659)
5372,1283,0.238831,S7f3,3x1283 + 1523* (q=761)
5373,1733,0.322539,S7f2,2x1733 + 1907* (q=953)
5374,2687,0.500000,S2,2x2687
5375,729,0.135628,S7f4,4x729 + 2459* (q=1229)
5376,2663,0.495350,S3,1x2713 + 2663* (q=11)
5377,1777,0.330482,S7f2,2x1777 + 1823* (q=911)
5378,2689,0.500000,S2,2x2689
5379,1283,0.238520,S7f2,2x2048 + 1283* (q=641)
5380,2579,0.479368,S3,1x2801 + 2579* (q=1289)
5381,5381,1.000000,S1,"AGL(1,5381)"
5382,2663,0.494797,S3,1x2719 + 2663* (q=11)
5383,1049,0.194873,S7f4,4x1049 + 1187* (q=593)
5384,1283,0.238299,S7f3,3x1367 + 1283* (q=641)
5385,1523,0.282823,S7f2,2x1931 + 1523* (q=761)
5386,2693,0.500000,S2,2x2693
5387,5387,1.000000,S1,"AGL(1,5387)"
5388,2579,0.478656,S3,1x2809 + 2579* (q=1289)
5389,1783,0.330859,S7f2,2x1783 + 1823* (q=911)
5390,2187,0.405751,S3,1x2187 + 3203* (q=1601)
5391,1051,0.194955,S7f4,4x1051 + 1187* (q=593)
5392,2663,0.493880,S3,1x2729 + 2663* (q=11)
5393,5393,1.000000,S1,"AGL(1,5393)"
5394,2663,0.493697,S3,1x2731 + 2663* (q=11)
5395,1019,0.188879,S7f4,4x1019 + 1319* (q=659)
5396,1319,0.244440,S7f3,3x1319 + 1439* (q=719)
5397,1787,0.331110,S7f2,2x1787 + 1823* (q=911)
5398,2699,0.500000,S2,2x2699
5399,5399,1.000000,S1,"AGL(1,5399)"
5400,2521,0.466852,S3,1x2521 + 2879* (q=1439)
5401,1789,0.331235,S7f2,2x1789 + 1823* (q=911)
5402,1459,0.270085,S3,1x3943 + 1459* (q=3)
5403,1801,0.333333,S2,3x1801
5404,2663,0.492783,S3,1x2741 + 2663* (q=11)
5405,1459,0.269935,S7f2,2x1973 + 1459* (q=3)
5406,2503,0.463004,S3,1x2503 + 2903* (q=1451)
5407,5407,1.000000,S1,"AGL(1,5407)"
5408,1307,0.241679,S7f3,3x1307 + 1487* (q=743)
5409,1601,0.295988,S7f2,2x1601 + 2207* (q=1103)
5410,2591,0.478928,S3,1x2591 + 2819* (q=1409)
5411,773,0.142857,S2,7x773
5412,2663,0.492055,S3,1x2749 + 2663* (q=11)
5413,5413,1.000000,S1,"AGL(1,5413)"
5414,2707,0.500000,S2,2x2707
5415,1319,0.243583,S7f2,2x2048 + 1319* (q=659)
5416,2663,0.491691,S3,1x2753 + 2663* (q=11)
5417,5417,1.000000,S1,"AGL(1,5417)"
5418,2539,0.468623,S3,1x2539 + 2879* (q=1439)
5419,5419,1.000000,S1,"AGL(1,5419)"
5420,1327,0.244834,S7f3,3x1327 + 1439* (q=719)
5421,1697,0.313042,S7f2,2x1697 + 2027* (q=1013)
5422,2711,0.500000,S2,2x2711
5423,991,0.182740,S7f4,4x991 + 1459* (q=3)
5424,2521,0.464786,S3,1x2521 + 2903* (q=1451)
5425,1801,0.331982,S7f2,2x1801 + 1823* (q=911)
5426,2713,0.500000,S2,2x2713
5427,997,0.183711,S7f4,4x997 + 1439* (q=719)
5428,2609,0.480656,S3,1x2609 + 2819* (q=1409)
5429,761,0.140173,S7f6,6x761 + 863* (q=431)
5430,2663,0.490424,S3,1x2767 + 2663* (q=11)
5431,5431,1.000000,S1,"AGL(1,5431)"
5432,1331,0.245029,S7f3,3x1331 + 1439* (q=719)
5433,1811,0.333333,S2,3x1811
5434,2531,0.465771,S3,1x2531 + 2903* (q=1451)
5435,1087,0.200000,S2,5x1087
5436,2617,0.481420,S3,1x2617 + 2819* (q=1409)
5437,5437,1.000000,S1,"AGL(1,5437)"
5438,2719,0.500000,S2,2x2719
5439,1063,0.195440,S7f4,4x1063 + 1187* (q=593)
5440,2663,0.489522,S3,1x2777 + 2663* (q=11)
5441,5441,1.000000,S1,"AGL(1,5441)"
5442,2539,0.466556,S3,1x2539 + 2903* (q=1451)
5443,5443,1.000000,S1,"AGL(1,5443)"
5444,1361,0.250000,S2,4x1361
5445,1811,0.332599,S7f2,2x1811 + 1823* (q=911)
5446,2543,0.466948,S3,1x2543 + 2903* (q=1451)
5447,997,0.183037,S7f4,4x997 + 1459* (q=3)
5448,2447,0.449156,S3,1x3001 + 2447* (q=1223)
5449,5449,1.000000,S1,"AGL(1,5449)"
5450,1361,0.249725,S7f3,3x1361 + 1367* (q=683)
5451,1033,0.189507,S7f4,4x1033 + 1319* (q=659)
5452,2663,0.488445,S3,1x2789 + 2663* (q=11)
5453,1459,0.267559,S7f2,2x1997 + 1459* (q=3)
5454,2663,0.488265,S3,1x2791 + 2663* (q=11)
5455,1091,0.200000,S2,5x1091
5456,1279,0.234421,S7f3,3x1279 + 1619* (q=809)
5457,1709,0.313176,S7f2,2x1709 + 2039* (q=1019)
5458,2729,0.500000,S2,2x2729
5459,487,0.089210,S11,3x1171 + 487* + 1459* (q=3)
5460,2663,0.487729,S3,1x2797 + 2663* (q=11)
5461,1777,0.325398,S7f2,2x1777 + 1907* (q=953)
5462,2731,0.500000,S2,2x2731
5463,1367,0.250229,S7f2,2x2048 + 1367* (q=683)
5464,2663,0.487372,S3,1x2801 + 2663* (q=11)
5465,1459,0.266972,S7f2,2x2003 + 1459* (q=3)
5466,2663,0.487194,S3,1x2803 + 2663* (q=11)
5467,911,0.166636,S7f4,4x911 + 1823* (q=911)
5468,1367,0.250000,S2,4x1367
5469,1823,0.333333,S2,3x1823
5470,2591,0.473675,S3,1x2591 + 2879* (q=1439)
5471,5471,1.000000,S1,"AGL(1,5471)"
5472,2663,0.486659,S3,1x2809 + 2663* (q=11)
5473,1783,0.325781,S7f2,2x1783 + 1907* (q=953)
5474,1367,0.249726,S7f3,3x1369 + 1367* (q=683)
5475,1039,0.189772,S7f4,4x1039 + 1319* (q=659)
5476,2657,0.485208,S3,1x2657 + 2819* (q=1409)
5477,5477,1.000000,S1,"AGL(1,5477)"
5478,2659,0.485396,S3,1x2659 + 2819* (q=1409)
5479,5479,1.000000,S1,"AGL(1,5479)"
5480,1459,0.266241,S3,1x4021 + 1459* (q=3)
5481,1787,0.326035,S7f2,2x1787 + 1907* (q=953)
5482,2741,0.500000,S2,2x2741
5483,5483,1.000000,S1,"AGL(1,5483)"
5484,2521,0.459701,S3,1x2521 + 2963* (q=1481)
5485,1823,0.332361,S7f2,2x1831 + 1823* (q=911)
5486,1459,0.265950,S3,1x4027 + 1459* (q=3)
5487,1051,0.191544,S7f4,4x1051 + 1283* (q=641)
5488,2609,0.475401,S3,1x2609 + 2879* (q=1439)
5489,751,0.136819,S7f6,6x751 + 983* (q=491)
5490,2671,0.486521,S3,1x2671 + 2819* (q=1409)
5491,1031,0.187762,S7f4,4x1031 + 1367* (q=683)
5492,1373,0.250000,S2,4x1373
5493,1831,0.333333,S2,3x1831
5494,2591,0.471605,S3,1x2591 + 2903* (q=1451)
5495,1009,0.183621,S7f4,4x1009 + 1459* (q=3)
5496,2677,0.487082,S3,1x2677 + 2819* (q=1409)
5497,1699,0.309078,S7f2,2x1699 + 2099* (q=1049)
5498,2749,0.500000,S2,2x2749
5499,1033,0.187852,S7f4,4x1033 + 1367* (q=683)
5500,2663,0.484182,S3,1x2837 + 2663* (q=11)
5501,5501,1.000000,S1,"AGL(1,5501)"
5502,2683,0.487641,S3,1x2683 + 2819* (q=1409)
5503,5503,1.000000,S1,"AGL(1,5503)"
5504,1327,0.241097,S7f3,3x1327 + 1523* (q=761)
5505,1733,0.314805,S7f2,2x1733 + 2039* (q=1019)
5506,2753,0.500000,S2,2x2753
5507,5507,1.000000,S1,"AGL(1,5507)"
5508,2689,0.488199,S3,1x2689 + 2819* (q=1409)
5509,1801,0.326920,S7f2,2x1801 + 1907* (q=953)
5510,1459,0.264791,S3,1x4051 + 1459* (q=3)
5511,1051,0.190709,S7f4,4x1051 + 1307* (q=653)
5512,2693,0.488570,S3,1x2693 + 2819* (q=1409)
5513,1459,0.264647,S7f2,2x2027 + 1459* (q=3)
5514,2663,0.482952,S3,1x2851 + 2663* (q=11)
5515,2048,0.371351,S3,1x2048 + 3467* (q=1733)
5516,1459,0.264503,S3,1x4057 + 1459* (q=3)
5517,1823,0.330433,S7f2,2x1847 + 1823* (q=911)
5518,2699,0.489126,S3,1x2699 + 2819* (q=1409)
5519,5519,1.000000,S1,"AGL(1,5519)"
5520,2663,0.482428,S3,1x2857 + 2663* (q=11)
5521,5521,1.000000,S1,"AGL(1,5521)"
5522,1361,0.246469,S7f3,3x1361 + 1439* (q=719)
5523,1051,0.190295,S7f4,4x1051 + 1319* (q=659)
5524,2663,0.482078,S3,1x2861 + 2663* (q=11)
5525,773,0.139910,S7f6,6x773 + 887* (q=443)
5526,2707,0.489866,S3,1x2707 + 2819* (q=1409)
5527,5527,1.000000,S1,"AGL(1,5527)"
5528,1303,0.235709,S7f3,3x1303 + 1619* (q=809)
5529,1811,0.327546,S7f2,2x1811 + 1907* (q=953)
5530,2711,0.490235,S3,1x2711 + 2819* (q=1409)
5531,5531,1.000000,S1,"AGL(1,5531)"
5532,2713,0.490419,S3,1x2713 + 2819* (q=1409)
5533,1753,0.316826,S7f2,2x1753 + 2027* (q=1013)
5534,2767,0.500000,S2,2x2767
5535,1439,0.259982,S7f2,2x2048 + 1439* (q=719)
5536,2657,0.479949,S3,1x2657 + 2879* (q=1439)
5537,1459,0.263500,S7f2,2x2039 + 1459* (q=3)
5538,2719,0.490971,S3,1x2719 + 2819* (q=1409)
5539,1013,0.182885,S7f4,4x1013 + 1487* (q=743)
5540,1367,0.246751,S7f3,3x1367 + 1439* (q=719)
5541,1847,0.333333,S2,3x1847
5542,2663,0.480512,S3,1x2663 + 2879* (q=1439)
5543,1021,0.184196,S7f4,4x1021 + 1459* (q=3)
5544,2521,0.454726,S3,1x2521 + 3023* (q=1511)
5545,1823,0.328765,S7f2,2x1861 + 1823* (q=911)
5546,1369,0.246845,S7f3,3x1369 + 1439* (q=719)
5547,1849,0.333333,S2,3x1849
5548,2729,0.491889,S3,1x2729 + 2819* (q=1409)
5549,761,0.137142,S7f6,6x761 + 983* (q=491)
5550,2731,0.492072,S3,1x2731 + 2819* (q=1409)
5551,1091,0.196541,S7f4,4x1091 + 1187* (q=593)
5552,1459,0.262788,S3,1x4093 + 1459* (q=3)
5553,1823,0.328291,S7f2,2x1823 + 1907* (q=953)
5554,2777,0.500000,S2,2x2777
5555,1459,0.262646,S7f2,2x2048 + 1459* (q=3)
5556,2677,0.481821,S3,1x2677 + 2879* (q=1439)
5557,5557,1.000000,S1,"AGL(1,5557)"
5558,1459,0.262504,S3,1x4099 + 1459* (q=3)
5559,1093,0.196618,S7f4,4x1093 + 1187* (q=593)
5560,2741,0.492986,S3,1x2741 + 2819* (q=1409)
5561,1187,0.213451,S7f2,2x2187 + 1187* (q=593)
5562,2683,0.482380,S3,1x2683 + 2879* (q=1439)
5563,5563,1.000000,S1,"AGL(1,5563)"
5564,1367,0.245687,S7f3,3x1399 + 1367* (q=683)
5565,1823,0.327583,S7f2,2x1871 + 1823* (q=911)
5566,2687,0.482752,S3,1x2687 + 2879* (q=1439)
5567,379,0.068080,S7f12,12x379 + 1019* (q=509)
5568,2749,0.493714,S3,1x2749 + 2819* (q=1409)
5569,5569,1.000000,S1,"AGL(1,5569)"
5570,1459,0.261939,S3,1x4111 + 1459* (q=3)
5571,1063,0.190810,S7f4,4x1063 + 1319* (q=659)
5572,2753,0.494078,S3,1x2753 + 2819* (q=1409)
5573,5573,1.000000,S1,"AGL(1,5573)"
5574,2671,0.479189,S3,1x2671 + 2903* (q=1451)
5575,1097,0.196771,S7f4,4x1097 + 1187* (q=593)
5576,1319,0.236549,S7f3,3x1319 + 1619* (q=809)
5577,1823,0.326878,S7f2,2x1877 + 1823* (q=911)
5578,2789,0.500000,S2,2x2789
5579,797,0.142857,S2,7x797
5580,2677,0.479749,S3,1x2677 + 2903* (q=1451)
5581,5581,1.000000,S1,"AGL(1,5581)"
5582,2791,0.500000,S2,2x2791
5583,1861,0.333333,S2,3x1861
5584,2621,0.469377,S3,1x2621 + 2963* (q=1481)
5585,1459,0.261235,S7f2,2x2063 + 1459* (q=3)
5586,2767,0.495346,S3,1x2767 + 2819* (q=1409)
5587,983,0.175944,S7f4,4x1151 + 983* (q=491)
5588,1459,0.261095,S3,1x4129 + 1459* (q=3)
5589,1571,0.281088,S7f2,2x1571 + 2447* (q=1223)
5590,2711,0.484973,S3,1x2711 + 2879* (q=1439)
5591,5591,1.000000,S1,"AGL(1,5591)"
5592,2713,0.485157,S3,1x2713 + 2879* (q=1439)
5593,1783,0.318791,S7f2,2x1783 + 2027* (q=1013)
5594,2797,0.500000,S2,2x2797
5595,1069,0.191063,S7f4,4x1069 + 1319* (q=659)
5596,2777,0.496247,S3,1x2777 + 2819* (q=1409)
5597,1459,0.260675,S7f2,2x2069 + 1459* (q=3)
5598,2719,0.485709,S3,1x2719 + 2879* (q=1439)
5599,1103,0.196999,S7f4,4x1103 + 1187* (q=593)
5600,1327,0.236964,S7f3,3x1327 + 1619* (q=809)
5601,1867,0.333333,S2,3x1867
5602,2801,0.500000,S2,2x2801
5603,487,0.086918,S7f4,4x1279 + 487* (q=3)
5604,2437,0.434868,S3,1x2437 + 3167* (q=1583)
5605,1849,0.329884,S7f2,2x1849 + 1907* (q=953)
5606,2803,0.500000,S2,2x2803
5607,1021,0.182094,S7f4,4x1021 + 1523* (q=761)
5608,2789,0.497325,S3,1x2789 + 2819* (q=1409)
5609,787,0.140310,S7f6,6x787 + 887* (q=443)
5610,2791,0.497504,S3,1x2791 + 2819* (q=1409)
5611,1061,0.189093,S7f4,4x1061 + 1367* (q=683)
5612,1459,0.259979,S3,1x4153 + 1459* (q=3)
5613,1871,0.333333,S2,3x1871
5614,2711,0.482900,S3,1x2711 + 2903* (q=1451)
5615,1123,0.200000,S2,5x1123
5616,2797,0.498041,S3,1x2797 + 2819* (q=1409)
5617,1789,0.318497,S7f2,2x1789 + 2039* (q=1019)
5618,2809,0.500000,S2,2x2809
5619,1873,0.333333,S2,3x1873
5620,2801,0.498399,S3,1x2801 + 2819* (q=1409)
5621,1459,0.259562,S7f2,2x2081 + 1459* (q=3)
5622,2803,0.498577,S3,1x2803 + 2819* (q=1409)
5623,5623,1.000000,S1,"AGL(1,5623)"
5624,1367,0.243065,S7f3,3x1367 + 1523* (q=761)
5625,1823,0.324089,S7f2,2x1901 + 1823* (q=911)
5626,2663,0.473338,S3,1x2663 + 2963* (q=1481)
5627,521,0.092589,S7f8,8x521 + 1459* (q=3)
5628,2809,0.499112,S3,1x2809 + 2819* (q=1409)
5629,1861,0.330609,S7f2,2x1861 + 1907* (q=953)
5630,1381,0.245293,S7f3,3x1381 + 1487* (q=743)
5631,1877,0.333333,S2,3x1877
5632,2753,0.488814,S3,1x2753 + 2879* (q=1439)
5633,1459,0.259009,S7f2,2x2087 + 1459* (q=3)
5634,2731,0.484736,S3,1x2731 + 2903* (q=1451)
5635,1049,0.186158,S7f4,4x1049 + 1439* (q=719)
5636,1459,0.258872,S3,1x4177 + 1459* (q=3)
5637,1879,0.333333,S2,3x1879
5638,2819,0.500000,S2,2x2819
5639,5639,1.000000,S1,"AGL(1,5639)"
5640,2677,0.474645,S3,1x2677 + 2963* (q=1481)
5641,5641,1.000000,S1,"AGL(1,5641)"
5642,1373,0.243353,S7f3,3x1373 + 1523* (q=761)
5643,1069,0.189438,S7f4,4x1069 + 1367* (q=683)
5644,2741,0.485648,S3,1x2741 + 2903* (q=1451)
5645,1129,0.200000,S2,5x1129
5646,2767,0.490081,S3,1x2767 + 2879* (q=1439)
5647,5647,1.000000,S1,"AGL(1,5647)"
5648,1367,0.242033,S7f3,3x1427 + 1367* (q=683)
5649,1871,0.331209,S7f2,2x1871 + 1907* (q=953)
5650,2687,0.475575,S3,1x2687 + 2963* (q=1481)
5651,5651,1.000000,S1,"AGL(1,5651)"
5652,2819,0.498762,S3,1x2833 + 2819* (q=1409)
5653,5653,1.000000,S1,"AGL(1,5653)"
5654,2187,0.386806,S3,1x2187 + 3467* (q=1733)
5655,1117,0.197524,S7f4,4x1117 + 1187* (q=593)
5656,2819,0.498409,S3,1x2837 + 2819* (q=1409)
5657,5657,1.000000,S1,"AGL(1,5657)"
5658,2659,0.469954,S3,1x2659 + 2999* (q=1499)
5659,5659,1.000000,S1,"AGL(1,5659)"
5660,1459,0.257774,S3,1x4201 + 1459* (q=3)
5661,1877,0.331567,S7f2,2x1877 + 1907* (q=953)
5662,2819,0.497881,S3,1x2843 + 2819* (q=1409)
5663,1051,0.185591,S7f4,4x1051 + 1459* (q=3)
5664,2663,0.470162,S3,1x3001 + 2663* (q=11)
5665,1879,0.331686,S7f2,2x1879 + 1907* (q=953)
5666,2833,0.500000,S2,2x2833
5667,1889,0.333333,S2,3x1889
5668,2789,0.492061,S3,1x2789 + 2879* (q=1439)
5669,5669,1.000000,S1,"AGL(1,5669)"
5670,2819,0.497178,S3,1x2851 + 2819* (q=1409)
5671,2048,0.361136,S3,1x2048 + 3623* (q=1811)
5672,1319,0.232546,S7f3,3x1451 + 1319* (q=659)
5673,1823,0.321347,S7f2,2x1823 + 2027* (q=1013)
5674,2837,0.500000,S2,2x2837
5675,512,0.090220,S7f3,3x512 + 4139* (q=2069)
5676,2819,0.496653,S3,1x2857 + 2819* (q=1409)
5677,1789,0.315131,S7f2,2x1789 + 2099* (q=1049)
5678,1459,0.256957,S3,1x4219 + 1459* (q=3)
5679,1123,0.197746,S7f4,4x1123 + 1187* (q=593)
5680,2819,0.496303,S3,1x2861 + 2819* (q=1409)
5681,1459,0.256821,S7f2,2x2111 + 1459* (q=3)
5682,2803,0.493312,S3,1x2803 + 2879* (q=1439)
5683,5683,1.000000,S1,"AGL(1,5683)"
5684,1399,0.246129,S7f3,3x1399 + 1487* (q=743)
5685,1889,0.332278,S7f2,2x1889 + 1907* (q=953)
5686,2843,0.500000,S2,2x2843
5687,389,0.068402,S7f12,12x389 + 1019* (q=509)
5688,2809,0.493847,S3,1x2809 + 2879* (q=1439)
5689,5689,1.000000,S1,"AGL(1,5689)"
5690,1459,0.256415,S3,1x4231 + 1459* (q=3)
5691,1093,0.192058,S7f4,4x1093 + 1319* (q=659)
5692,2789,0.489986,S3,1x2789 + 2903* (q=1451)
5693,5693,1.000000,S1,"AGL(1,5693)"
5694,2791,0.490165,S3,1x2791 + 2903* (q=1451)
5695,1103,0.193679,S7f4,4x1103 + 1283* (q=641)
5696,1319,0.231566,S7f3,3x1459 + 1319* (q=659)
5697,1619,0.284185,S7f2,2x1619 + 2459* (q=1229)
5698,2819,0.494735,S3,1x2819 + 2879* (q=1439)
5699,487,0.085454,S7f4,4x1303 + 487* (q=3)
5700,2797,0.490702,S3,1x2797 + 2903* (q=1451)
5701,5701,1.000000,S1,"AGL(1,5701)"
5702,2851,0.500000,S2,2x2851
5703,1901,0.333333,S2,3x1901
5704,2801,0.491059,S3,1x2801 + 2903* (q=1451)
5705,811,0.142156,S7f6,6x811 + 839* (q=419)
5706,2819,0.494041,S3,1x2887 + 2819* (q=1409)
5707,1097,0.192220,S7f4,4x1097 + 1319* (q=659)
5708,1427,0.250000,S2,4x1427
5709,1901,0.332983,S7f2,2x1901 + 1907* (q=953)
5710,2711,0.474781,S3,1x2711 + 2999* (q=1499)
5711,5711,1.000000,S1,"AGL(1,5711)"
5712,2833,0.495973,S3,1x2833 + 2879* (q=1439)
5713,1753,0.306844,S7f2,2x1753 + 2207* (q=1103)
5714,2857,0.500000,S2,2x2857
5715,1619,0.283290,S7f2,2x2048 + 1619* (q=809)
5716,2837,0.496326,S3,1x2837 + 2879* (q=1439)
5717,5717,1.000000,S1,"AGL(1,5717)"
5718,2719,0.475516,S3,1x2719 + 2999* (q=1499)
5719,1109,0.193915,S7f4,4x1109 + 1283* (q=641)
5720,1459,0.255070,S3,1x4261 + 1459* (q=3)
5721,1907,0.333333,S2,3x1907
5722,2861,0.500000,S2,2x2861
5723,487,0.085095,S11,3x1259 + 487* + 1459* (q=3)
5724,2663,0.465234,S3,1x3061 + 2663* (q=11)
5725,1849,0.322969,S7f2,2x1849 + 2027* (q=1013)
5726,1429,0.249563,S7f3,3x1429 + 1439* (q=719)
5727,1051,0.183517,S7f4,4x1051 + 1523* (q=761)
5728,2819,0.492144,S3,1x2909 + 2819* (q=1409)
5729,811,0.141560,S7f6,6x811 + 863* (q=431)
5730,2851,0.497557,S3,1x2851 + 2879* (q=1439)
5731,1103,0.192462,S7f4,4x1103 + 1319* (q=659)
5732,1459,0.254536,S3,1x4273 + 1459* (q=3)
5733,1907,0.332636,S7f2,2x1913 + 1907* (q=953)
5734,2711,0.472794,S3,1x2711 + 3023* (q=1511)
5735,1069,0.186399,S7f4,4x1069 + 1459* (q=3)
5736,2857,0.498082,S3,1x2857 + 2879* (q=1439)
5737,5737,1.000000,S1,"AGL(1,5737)"
5738,1433,0.249739,S7f3,3x1433 + 1439* (q=719)
5739,1913,0.333333,S2,3x1913
5740,2861,0.498432,S3,1x2861 + 2879* (q=1439)
5741,5741,1.000000,S1,"AGL(1,5741)"
5742,2719,0.473528,S3,1x2719 + 3023* (q=1511)
5743,5743,1.000000,S1,"AGL(1,5743)"
5744,1367,0.237987,S7f3,3x1459 + 1367* (q=683)
5745,1823,0.317319,S7f2,2x1823 + 2099* (q=1049)
5746,2843,0.494779,S3,1x2843 + 2903* (q=1451)
5747,821,0.142857,S2,7x821
5748,2749,0.478253,S3,1x2749 + 2999* (q=1499)
5749,5749,1.000000,S1,"AGL(1,5749)"
5750,1409,0.245043,S7f3,3x1409 + 1523* (q=761)
5751,1117,0.194227,S7f4,4x1117 + 1283* (q=641)
5752,2789,0.484875,S3,1x2789 + 2963* (q=1481)
5753,811,0.140970,S7f6,6x811 + 887* (q=443)
5754,2851,0.495481,S3,1x2851 + 2903* (q=1451)
5755,1151,0.200000,S2,5x1151
5756,1459,0.253475,S3,1x4297 + 1459* (q=3)
5757,1847,0.320827,S7f2,2x1847 + 2063* (q=1031)
5758,2879,0.500000,S2,2x2879
5759,487,0.084563,S7f8,8x659 + 487* (q=3)
5760,2857,0.496007,S3,1x2857 + 2903* (q=1451)
5761,1867,0.324076,S7f2,2x1867 + 2027* (q=1013)
5762,1381,0.239674,S7f3,3x1381 + 1619* (q=809)
5763,1069,0.185494,S7f4,4x1069 + 1487* (q=743)
5764,2861,0.496357,S3,1x2861 + 2903* (q=1451)
5765,1459,0.253079,S7f2,2x2153 + 1459* (q=3)
5766,2879,0.499306,S3,1x2887 + 2879* (q=1439)
5767,1061,0.183978,S7f4,4x1061 + 1523* (q=761)
5768,1427,0.247399,S7f3,3x1427 + 1487* (q=743)
5769,1907,0.330560,S7f2,2x1931 + 1907* (q=953)
5770,2579,0.446967,S3,1x3191 + 2579* (q=1289)
5771,487,0.084387,S7f4,4x1321 + 487* (q=3)
5772,2819,0.488392,S3,1x2953 + 2819* (q=1409)
5773,1907,0.330331,S7f2,2x1933 + 1907* (q=953)
5774,2887,0.500000,S2,2x2887
5775,1123,0.194459,S7f4,4x1123 + 1283* (q=641)
5776,2879,0.498442,S3,1x2897 + 2879* (q=1439)
5777,823,0.142461,S7f6,6x823 + 839* (q=419)
5778,2659,0.460194,S3,1x2659 + 3119* (q=1559)
5779,5779,1.000000,S1,"AGL(1,5779)"
5780,1439,0.248962,S7f3,3x1447 + 1439* (q=719)
5781,1877,0.324684,S7f2,2x1877 + 2027* (q=1013)
5782,2879,0.497925,S3,1x2879 + 2903* (q=1451)
5783,5783,1.000000,S1,"AGL(1,5783)"
5784,2663,0.460408,S3,1x3121 + 2663* (q=11)
5785,1879,0.324806,S7f2,2x1879 + 2027* (q=1013)
5786,1459,0.252160,S3,1x4327 + 1459* (q=3)
5787,1117,0.193019,S7f4,4x1117 + 1319* (q=659)
5788,2879,0.497408,S3,1x2909 + 2879* (q=1439)
5789,827,0.142857,S2,7x827
5790,2887,0.498618,S3,1x2887 + 2903* (q=1451)
5791,5791,1.000000,S1,"AGL(1,5791)"
5792,1439,0.248446,S7f3,3x1451 + 1439* (q=719)
5793,1931,0.333333,S2,3x1931
5794,2897,0.500000,S2,2x2897
5795,729,0.125798,S7f4,4x729 + 2879* (q=1439)
5796,2879,0.496722,S3,1x2917 + 2879* (q=1439)
5797,1879,0.324133,S7f2,2x1879 + 2039* (q=1019)
5798,1459,0.251638,S3,1x4339 + 1459* (q=3)
5799,1933,0.333333,S2,3x1933
5800,2897,0.499483,S3,1x2897 + 2903* (q=1451)
5801,5801,1.000000,S1,"AGL(1,5801)"
5802,2803,0.483109,S3,1x2803 + 2999* (q=1499)
5803,1109,0.191108,S7f4,4x1109 + 1367* (q=683)
5804,1451,0.250000,S2,4x1451
5805,1907,0.328510,S7f2,2x1949 + 1907* (q=953)
5806,2903,0.500000,S2,2x2903
5807,5807,1.000000,S1,"AGL(1,5807)"
5808,2809,0.483643,S3,1x2809 + 2999* (q=1499)
5809,1907,0.328284,S7f2,2x1951 + 1907* (q=953)
5810,2187,0.376420,S3,1x2187 + 3623* (q=1811)
5811,1123,0.193254,S7f4,4x1123 + 1319* (q=659)
5812,2903,0.499484,S3,1x2909 + 2903* (q=1451)
5813,5813,1.000000,S1,"AGL(1,5813)"
5814,2851,0.490368,S3,1x2851 + 2963* (q=1481)
5815,1163,0.200000,S2,5x1163
5816,1459,0.250860,S3,1x4357 + 1459* (q=3)
5817,1889,0.324738,S7f2,2x1889 + 2039* (q=1019)
5818,2909,0.500000,S2,2x2909
5819,729,0.125279,S7f4,4x729 + 2903* (q=1451)
5820,2903,0.498797,S3,1x2917 + 2903* (q=1451)
5821,5821,1.000000,S1,"AGL(1,5821)"
5822,1459,0.250601,S3,1x4363 + 1459* (q=3)
5823,1129,0.193886,S7f4,4x1129 + 1307* (q=653)
5824,2861,0.491243,S3,1x2861 + 2963* (q=1481)
5825,827,0.141974,S7f6,6x827 + 863* (q=431)
5826,2803,0.481119,S3,1x2803 + 3023* (q=1511)
5827,5827,1.000000,S1,"AGL(1,5827)"
5828,1447,0.248284,S7f3,3x1447 + 1487* (q=743)
5829,1901,0.326128,S7f2,2x1901 + 2027* (q=1013)
5830,2903,0.497942,S3,1x2927 + 2903* (q=1451)
5831,1093,0.187446,S7f4,4x1093 + 1459* (q=3)
5832,2879,0.493656,S3,1x2953 + 2879* (q=1439)
5833,1867,0.320075,S7f2,2x1867 + 2099* (q=1049)
5834,2917,0.500000,S2,2x2917
5835,1129,0.193488,S7f4,4x1129 + 1319* (q=659)
5836,2879,0.493317,S3,1x2957 + 2879* (q=1439)
5837,829,0.142025,S7f6,6x829 + 863* (q=431)
5838,2819,0.482871,S3,1x3019 + 2819* (q=1409)
5839,5839,1.000000,S1,"AGL(1,5839)"
5840,1451,0.248459,S7f3,3x1451 + 1487* (q=743)
5841,1907,0.326485,S7f2,2x1907 + 2027* (q=1013)
5842,2903,0.496919,S3,1x2939 + 2903* (q=1451)
5843,5843,1.000000,S1,"AGL(1,5843)"
5844,2677,0.458077,S3,1x2677 + 3167* (q=1583)
5845,1873,0.320445,S7f2,2x1873 + 2099* (q=1049)
5846,1453,0.248546,S7f3,3x1453 + 1487* (q=743)
5847,1949,0.333333,S2,3x1949
5848,2879,0.492305,S3,1x2969 + 2879* (q=1439)
5849,5849,1.000000,S1,"AGL(1,5849)"
5850,2887,0.493504,S3,1x2887 + 2963* (q=1481)
5851,5851,1.000000,S1,"AGL(1,5851)"
5852,1439,0.245899,S7f3,3x1471 + 1439* (q=719)
5853,1951,0.333333,S2,3x1951
5854,2927,0.500000,S2,2x2927
5855,1171,0.200000,S2,5x1171
5856,2903,0.495731,S3,1x2953 + 2903* (q=1451)
5857,5857,1.000000,S1,"AGL(1,5857)"
5858,1277,0.217992,S7f3,3x1277 + 2027* (q=1013)
5859,1123,0.191671,S7f4,4x1123 + 1367* (q=683)
5860,2903,0.495392,S3,1x2957 + 2903* (q=1451)
5861,5861,1.000000,S1,"AGL(1,5861)"
5862,2659,0.453599,S3,1x2659 + 3203* (q=1601)
5863,1061,0.180965,S7f4,4x1061 + 1619* (q=809)
5864,1459,0.248806,S7f3,3x1459 + 1487* (q=743)
5865,1913,0.326172,S7f2,2x1913 + 2039* (q=1019)
5866,2903,0.494886,S3,1x2903 + 2963* (q=1481)
5867,5867,1.000000,S1,"AGL(1,5867)"
5868,2819,0.480402,S3,1x3049 + 2819* (q=1409)
5869,5869,1.000000,S1,"AGL(1,5869)"
5870,1321,0.225043,S7f3,3x1321 + 1907* (q=953)
5871,1171,0.199455,S7f4,4x1171 + 1187* (q=593)
5872,2909,0.495402,S3,1x2909 + 2963* (q=1481)
5873,1459,0.248425,S7f2,2x2207 + 1459* (q=3)
5874,2903,0.494212,S3,1x2971 + 2903* (q=1451)
5875,1109,0.188766,S7f4,4x1109 + 1439* (q=719)
5876,1451,0.246937,S7f3,3x1451 + 1523* (q=761)
5877,1907,0.324485,S7f2,2x1907 + 2063* (q=1031)
5878,2939,0.500000,S2,2x2939
5879,5879,1.000000,S1,"AGL(1,5879)"
5880,2917,0.496088,S3,1x2917 + 2963* (q=1481)
5881,5881,1.000000,S1,"AGL(1,5881)"
5882,1459,0.248045,S3,1x4423 + 1459* (q=3)
5883,1129,0.191909,S7f4,4x1129 + 1367* (q=683)
5884,2861,0.486234,S3,1x2861 + 3023* (q=1511)
5885,1459,0.247918,S7f2,2x2213 + 1459* (q=3)
5886,2887,0.490486,S3,1x2887 + 2999* (q=1499)
5887,1151,0.195516,S7f4,4x1151 + 1283* (q=641)
5888,1439,0.244395,S7f3,3x1483 + 1439* (q=719)
5889,1931,0.327899,S7f2,2x1931 + 2027* (q=1013)
5890,2927,0.496944,S3,1x2927 + 2963* (q=1481)
5891,1024,0.173824,S7f3,3x1024 + 2819* (q=1409)
5892,2689,0.456382,S3,1x2689 + 3203* (q=1601)
5893,1933,0.328016,S7f2,2x1933 + 2027* (q=1013)
5894,1289,0.218697,S7f3,3x1289 + 2027* (q=1013)
5895,1153,0.195589,S7f4,4x1153 + 1283* (q=641)
5896,2897,0.491350,S3,1x2897 + 2999* (q=1499)
5897,5897,1.000000,S1,"AGL(1,5897)"
5898,2879,0.488132,S3,1x3019 + 2879* (q=1439)
5899,1103,0.186981,S7f4,4x1103 + 1487* (q=743)
5900,1471,0.249322,S7f3,3x1471 + 1487* (q=743)
5901,1931,0.327233,S7f2,2x1931 + 2039* (q=1019)
5902,2939,0.497967,S3,1x2939 + 2963* (q=1481)
5903,5903,1.000000,S1,"AGL(1,5903)"
5904,2903,0.491701,S3,1x3001 + 2903* (q=1451)
5905,1933,0.327350,S7f2,2x1933 + 2039* (q=1019)
5906,2953,0.500000,S2,2x2953
5907,1117,0.189098,S7f4,4x1117 + 1439* (q=719)
5908,2909,0.492383,S3,1x2909 + 2999* (q=1499)
5909,841,0.142325,S7f6,6x841 + 863* (q=431)
5910,2887,0.488494,S3,1x2887 + 3023* (q=1511)
5911,2048,0.346473,S3,1x2048 + 3863* (q=1931)
5912,1319,0.223106,S7f3,3x1531 + 1319* (q=659)
5913,1907,0.322510,S7f2,2x1907 + 2099* (q=1049)
5914,2957,0.500000,S2,2x2957
5915,729,0.123246,S7f4,4x729 + 2999* (q=1499)
5916,2953,0.499155,S3,1x2953 + 2963* (q=1481)
5917,1669,0.282069,S7f2,2x1669 + 2579* (q=1289)
5918,1439,0.243156,S7f3,3x1493 + 1439* (q=719)
5919,1973,0.333333,S2,3x1973
5920,2957,0.499493,S3,1x2957 + 2963* (q=1481)
5921,839,0.141699,S7f6,6x839 + 887* (q=443)
5922,2903,0.490206,S3,1x3019 + 2903* (q=1451)
5923,5923,1.000000,S1,"AGL(1,5923)"
5924,1481,0.250000,S2,4x1481
5925,1949,0.328945,S7f2,2x1949 + 2027* (q=1013)
5926,2963,0.500000,S2,2x2963
5927,5927,1.000000,S1,"AGL(1,5927)"
5928,2879,0.485661,S3,1x3049 + 2879* (q=1439)
5929,1951,0.329061,S7f2,2x1951 + 2027* (q=1013)
5930,1481,0.249747,S7f3,3x1481 + 1487* (q=743)
5931,1153,0.194402,S7f4,4x1153 + 1319* (q=659)
5932,2963,0.499494,S3,1x2969 + 2963* (q=1481)
5933,1459,0.245913,S7f2,2x2237 + 1459* (q=3)
5934,2963,0.499326,S3,1x2971 + 2963* (q=1481)
5935,1187,0.200000,S2,5x1187
5936,1483,0.249832,S7f3,3x1483 + 1487* (q=743)
5937,1979,0.333333,S2,3x1979
5938,2969,0.500000,S2,2x2969
5939,5939,1.000000,S1,"AGL(1,5939)"
5940,2917,0.491077,S3,1x2917 + 3023* (q=1511)
5941,1951,0.328396,S7f2,2x1951 + 2039* (q=1019)
5942,2971,0.500000,S2,2x2971
5943,1024,0.172304,S3,1x1024 + 4919* (q=2459)
5944,2903,0.488392,S3,1x3041 + 2903* (q=1451)
5945,1459,0.245416,S7f2,2x2243 + 1459* (q=3)
5946,2879,0.484191,S3,1x3067 + 2879* (q=1439)
5947,1031,0.173365,S7f4,4x1031 + 1823* (q=911)
5948,1487,0.250000,S2,4x1487
5949,1871,0.314507,S7f2,2x1871 + 2207* (q=1103)
5950,2927,0.491933,S3,1x2927 + 3023* (q=1511)
5951,1123,0.188708,S7f4,4x1123 + 1459* (q=3)
5952,2953,0.496136,S3,1x2953 + 2999* (q=1499)
5953,5953,1.000000,S1,"AGL(1,5953)"
5954,1487,0.249748,S7f3,3x1489 + 1487* (q=743)
5955,1129,0.189589,S7f4,4x1129 + 1439* (q=719)
5956,2957,0.496474,S3,1x2957 + 2999* (q=1499)
5957,839,0.140843,S7f6,6x853 + 839* (q=419)
5958,2879,0.483216,S3,1x3079 + 2879* (q=1439)
5959,1187,0.199194,S7f4,4x1193 + 1187* (q=593)
5960,1447,0.242785,S7f3,3x1447 + 1619* (q=809)
5961,1987,0.333333,S2,3x1987
5962,2963,0.496981,S3,1x2963 + 2999* (q=1499)
5963,563,0.094416,S7f8,8x563 + 1459* (q=3)
5964,2963,0.496814,S3,1x3001 + 2963* (q=1481)
5965,1951,0.327075,S7f2,2x1951 + 2063* (q=1031)
5966,2187,0.366577,S3,1x2187 + 3779* (q=1889)
5967,1171,0.196246,S7f4,4x1171 + 1283* (q=641)
5968,2969,0.497487,S3,1x2969 + 2999* (q=1499)
5969,797,0.133523,S7f6,6x797 + 1187* (q=593)
5970,2971,0.497655,S3,1x2971 + 2999* (q=1499)
5971,1163,0.194775,S7f4,4x1163 + 1319* (q=659)
5972,1493,0.250000,S2,4x1493
5973,1973,0.330320,S7f2,2x1973 + 2027* (q=1013)
5974,2963,0.495983,S3,1x3011 + 2963* (q=1481)
5975,1129,0.188954,S7f4,4x1129 + 1459* (q=3)
5976,2953,0.494143,S3,1x2953 + 3023* (q=1511)
5977,1759,0.294295,S7f2,2x1759 + 2459* (q=1229)
5978,1459,0.244062,S3,1x4519 + 1459* (q=3)
5979,1993,0.333333,S2,3x1993
5980,2957,0.494482,S3,1x2957 + 3023* (q=1511)
5981,5981,1.000000,S1,"AGL(1,5981)"
5982,2963,0.495319,S3,1x3019 + 2963* (q=1481)
5983,1091,0.182350,S7f4,4x1091 + 1619* (q=809)
5984,1487,0.248496,S7f3,3x1487 + 1523* (q=761)
5985,1979,0.330660,S7f2,2x1979 + 2027* (q=1013)
5986,2963,0.494988,S3,1x2963 + 3023* (q=1511)
5987,5987,1.000000,S1,"AGL(1,5987)"
5988,2879,0.480795,S3,1x3109 + 2879* (q=1439)
5989,1823,0.304391,S7f2,2x2083 + 1823* (q=911)
5990,2187,0.365109,S3,1x2187 + 3803* (q=1901)
5991,1997,0.333333,S2,3x1997
5992,2969,0.495494,S3,1x2969 + 3023* (q=1511)
5993,1619,0.270149,S7f2,2x2187 + 1619* (q=809)
5994,2971,0.495662,S3,1x2971 + 3023* (q=1511)
5995,2048,0.341618,S3,1x2048 + 3947* (q=1973)
5996,1499,0.250000,S2,4x1499
5997,1999,0.333333,S2,3x1999
5998,2999,0.500000,S2,2x2999
5999,857,0.142857,S2,7x857
6000,2999,0.499833,S3,1x3001 + 2999* (q=1499)
6001,1987,0.331111,S7f2,2x1987 + 2027* (q=1013)
6002,3001,0.500000,S2,2x3001
6003,1907,0.317674,S7f2,2x2048 + 1907* (q=953)
6004,2963,0.493504,S3,1x3041 + 2963* (q=1481)
6005,1459,0.242964,S7f2,2x2273 + 1459* (q=3)
6006,2887,0.480686,S3,1x2887 + 3119* (q=1559)
6007,6007,1.000000,S1,"AGL(1,6007)"
6008,1459,0.242843,S3,1x4549 + 1459* (q=3)
6009,2003,0.333333,S2,3x2003
6010,2999,0.499002,S3,1x3011 + 2999* (q=1499)
6011,6011,1.000000,S1,"AGL(1,6011)"
6012,2963,0.492848,S3,1x3049 + 2963* (q=1481)
6013,1993,0.331449,S7f2,2x1993 + 2027* (q=1013)
6014,1369,0.227636,S7f3,3x1369 + 1907* (q=953)
6015,1123,0.186700,S7f4,4x1123 + 1523* (q=761)
6016,2897,0.481549,S3,1x2897 + 3119* (q=1559)
6017,859,0.142762,S7f6,6x859 + 863* (q=431)
6018,2999,0.498338,S3,1x3019 + 2999* (q=1499)
6019,1163,0.193221,S7f4,4x1163 + 1367* (q=683)
6020,1499,0.249003,S7f3,3x1499 + 1523* (q=761)
6021,1997,0.331672,S7f2,2x1997 + 2027* (q=1013)
6022,3011,0.500000,S2,2x3011
6023,463,0.076872,S7f12,12x463 + 467* (q=233)
6024,3001,0.498174,S3,1x3001 + 3023* (q=1511)
6025,1999,0.331784,S7f2,2x1999 + 2027* (q=1013)
6026,1459,0.242117,S3,1x4567 + 1459* (q=3)
6027,1051,0.174382,S7f4,4x1051 + 1823* (q=911)
6028,2909,0.482581,S3,1x2909 + 3119* (q=1559)
6029,6029,1.000000,S1,"AGL(1,6029)"
6030,2963,0.491376,S3,1x3067 + 2963* (q=1481)
6031,1187,0.196816,S7f4,4x1187 + 1283* (q=641)
6032,1471,0.243866,S7f3,3x1471 + 1619* (q=809)
6033,2011,0.333333,S2,3x2011
6034,3011,0.499006,S3,1x3011 + 3023* (q=1511)
6035,1024,0.169677,S7f3,3x1024 + 2963* (q=1481)
6036,2999,0.496852,S3,1x3037 + 2999* (q=1499)
6037,6037,1.000000,S1,"AGL(1,6037)"
6038,3019,0.500000,S2,2x3019
6039,1187,0.196556,S7f4,4x1213 + 1187* (q=593)
6040,2999,0.496523,S3,1x3041 + 2999* (q=1499)
6041,863,0.142857,S2,7x863
6042,3019,0.499669,S3,1x3019 + 3023* (q=1511)
6043,6043,1.000000,S1,"AGL(1,6043)"
6044,1511,0.250000,S2,4x1511
6045,2003,0.331348,S7f2,2x2003 + 2039* (q=1019)
6046,3023,0.500000,S2,2x3023
6047,6047,1.000000,S1,"AGL(1,6047)"
6048,2999,0.495866,S3,1x3049 + 2999* (q=1499)
6049,2011,0.332452,S7f2,2x2011 + 2027* (q=1013)
6050,2187,0.361488,S3,1x2187 + 3863* (q=1931)
6051,2017,0.333333,S2,3x2017
6052,2963,0.489590,S3,1x3089 + 2963* (q=1481)
6053,6053,1.000000,S1,"AGL(1,6053)"
6054,2887,0.476875,S3,1x2887 + 3167* (q=1583)
6055,2048,0.338233,S3,1x2048 + 4007* (q=2003)
6056,1511,0.249505,S7f3,3x1511 + 1523* (q=761)
6057,1997,0.329701,S7f2,2x1997 + 2063* (q=1031)
6058,2939,0.485144,S3,1x2939 + 3119* (q=1559)
6059,463,0.076415,S7f12,12x463 + 503* (q=251)
6060,3023,0.498845,S3,1x3037 + 3023* (q=1511)
6061,2017,0.332783,S7f2,2x2017 + 2027* (q=1013)
6062,1481,0.244309,S7f3,3x1481 + 1619* (q=809)
6063,1151,0.189840,S7f4,4x1151 + 1459* (q=3)
6064,3023,0.498516,S3,1x3041 + 3023* (q=1511)
6065,1213,0.200000,S2,5x1213
6066,2999,0.494395,S3,1x3067 + 2999* (q=1499)
6067,6067,1.000000,S1,"AGL(1,6067)"
6068,1483,0.244397,S7f3,3x1483 + 1619* (q=809)
6069,2003,0.330038,S7f2,2x2003 + 2063* (q=1031)
6070,2903,0.478254,S3,1x2903 + 3167* (q=1583)
6071,1153,0.189919,S7f4,4x1153 + 1459* (q=3)
6072,3023,0.497859,S3,1x3049 + 3023* (q=1511)
6073,6073,1.000000,S1,"AGL(1,6073)"
6074,3037,0.500000,S2,2x3037
6075,1063,0.174979,S7f4,4x1063 + 1823* (q=911)
6076,2957,0.486669,S3,1x2957 + 3119* (q=1559)
6077,1459,0.240086,S7f2,2x2309 + 1459* (q=3)
6078,2999,0.493419,S3,1x3079 + 2999* (q=1499)
6079,6079,1.000000,S1,"AGL(1,6079)"
6080,1487,0.244572,S7f3,3x1487 + 1619* (q=809)
6081,2027,0.333333,S2,3x2027
6082,3041,0.500000,S2,2x3041
6083,729,0.119842,S7f4,4x729 + 3167* (q=1583)
6084,3023,0.496877,S3,1x3061 + 3023* (q=1511)
6085,2027,0.333114,S7f2,2x2029 + 2027* (q=1013)
6086,1489,0.244660,S7f3,3x1489 + 1619* (q=809)
6087,2029,0.333333,S2,3x2029
6088,2999,0.492608,S3,1x3089 + 2999* (q=1499)
6089,6089,1.000000,S1,"AGL(1,6089)"
6090,3023,0.496388,S3,1x3067 + 3023* (q=1511)
6091,6091,1.000000,S1,"AGL(1,6091)"
6092,1523,0.250000,S2,4x1523
6093,2027,0.332677,S7f2,2x2027 + 2039* (q=1019)
6094,2927,0.480309,S3,1x2927 + 3167* (q=1583)
6095,1024,0.168007,S7f3,3x1024 + 3023* (q=1511)
6096,2879,0.472277,S3,1x3217 + 2879* (q=1439)
6097,2029,0.332787,S7f2,2x2029 + 2039* (q=1019)
6098,3049,0.500000,S2,2x3049
6099,1153,0.189047,S7f4,4x1153 + 1487* (q=743)
6100,2963,0.485738,S3,1x3137 + 2963* (q=1481)
6101,6101,1.000000,S1,"AGL(1,6101)"
6102,3023,0.495411,S3,1x3079 + 3023* (q=1511)
6103,1187,0.194495,S7f4,4x1229 + 1187* (q=593)
6104,1427,0.233781,S7f3,3x1427 + 1823* (q=911)
6105,2027,0.332023,S7f2,2x2039 + 2027* (q=1013)
6106,3023,0.495087,S3,1x3083 + 3023* (q=1511)
6107,467,0.076470,S7f12,12x467 + 503* (q=251)
6108,2999,0.490995,S3,1x3109 + 2999* (q=1499)
6109,1951,0.319365,S7f2,2x1951 + 2207* (q=1103)
6110,1459,0.238789,S3,1x4651 + 1459* (q=3)
6111,1201,0.196531,S7f4,4x1201 + 1307* (q=653)
6112,3023,0.494601,S3,1x3089 + 3023* (q=1511)
6113,6113,1.000000,S1,"AGL(1,6113)"
6114,2647,0.432941,S3,1x2647 + 3467* (q=1733)
6115,1223,0.200000,S2,5x1223
6116,1523,0.249019,S7f3,3x1531 + 1523* (q=761)
6117,2039,0.333333,S2,3x2039
6118,2999,0.490193,S3,1x2999 + 3119* (q=1559)
6119,729,0.119137,S7f4,4x729 + 3203* (q=1601)
6120,3001,0.490359,S3,1x3001 + 3119* (q=1559)
6121,6121,1.000000,S1,"AGL(1,6121)"
6122,3061,0.500000,S2,2x3061
6123,2027,0.331047,S7f2,2x2048 + 2027* (q=1013)
6124,2999,0.489713,S3,1x3125 + 2999* (q=1499)
6125,1459,0.238204,S7f2,2x2333 + 1459* (q=3)
6126,2963,0.483676,S3,1x3163 + 2963* (q=1481)
6127,2048,0.334258,S3,1x2048 + 4079* (q=2039)
6128,1367,0.223074,S7f3,3x1367 + 2027* (q=1013)
6129,1907,0.311144,S7f2,2x2111 + 1907* (q=953)
6130,3011,0.491191,S3,1x3011 + 3119* (q=1559)
6131,6131,1.000000,S1,"AGL(1,6131)"
6132,3023,0.492988,S3,1x3109 + 3023* (q=1511)
6133,6133,1.000000,S1,"AGL(1,6133)"
6134,3067,0.500000,S2,2x3067
6135,2039,0.332355,S7f2,2x2048 + 2039* (q=1019)
6136,2999,0.488755,S3,1x3137 + 2999* (q=1499)
6137,1459,0.237738,S7f2,2x2339 + 1459* (q=3)
6138,3019,0.491854,S3,1x3019 + 3119* (q=1559)
6139,1193,0.194331,S7f4,4x1193 + 1367* (q=683)
6140,1439,0.234365,S7f3,3x1439 + 1823* (q=911)
6141,2039,0.332031,S7f2,2x2039 + 2063* (q=1031)
6142,3023,0.492185,S3,1x3023 + 3119* (q=1559)
6143,6143,1.000000,S1,"AGL(1,6143)"
6144,3023,0.492025,S3,1x3121 + 3023* (q=1511)
6145,2039,0.331814,S7f2,2x2053 + 2039* (q=1019)
6146,1487,0.241946,S7f3,3x1553 + 1487* (q=743)
6147,1021,0.166097,S7f4,4x1021 + 2063* (q=1031)
6148,3023,0.491705,S3,1x3125 + 3023* (q=1511)
6149,877,0.142625,S7f6,6x877 + 887* (q=443)
6150,2963,0.481789,S3,1x3187 + 2963* (q=1481)
6151,6151,1.000000,S1,"AGL(1,6151)"
6152,1523,0.247562,S7f3,3x1543 + 1523* (q=761)
6153,2027,0.329433,S7f2,2x2027 + 2099* (q=1049)
6154,2963,0.481475,S3,1x3191 + 2963* (q=1481)
6155,1231,0.200000,S2,5x1231
6156,3037,0.493340,S3,1x3037 + 3119* (q=1559)
6157,2029,0.329544,S7f2,2x2029 + 2099* (q=1049)
6158,3079,0.500000,S2,2x3079
6159,2063,0.334957,S3,1x4096 + 2063* (q=1031)
6160,3041,0.493669,S3,1x3041 + 3119* (q=1559)
6161,1459,0.236812,S7f2,2x2351 + 1459* (q=3)
6162,2999,0.486693,S3,1x3163 + 2999* (q=1499)
6163,6163,1.000000,S1,"AGL(1,6163)"
6164,1487,0.241239,S7f3,3x1559 + 1487* (q=743)
6165,2039,0.330738,S7f2,2x2063 + 2039* (q=1019)
6166,3083,0.500000,S2,2x3083
6167,881,0.142857,S2,7x881
6168,3049,0.494326,S3,1x3049 + 3119* (q=1559)
6169,2053,0.332793,S7f2,2x2053 + 2063* (q=1031)
6170,1523,0.246840,S7f3,3x1549 + 1523* (q=761)
6171,1213,0.196565,S7f4,4x1213 + 1319* (q=659)
6172,2969,0.481043,S3,1x2969 + 3203* (q=1601)
6173,6173,1.000000,S1,"AGL(1,6173)"
6174,2971,0.481212,S3,1x2971 + 3203* (q=1601)
6175,2048,0.331660,S3,1x2048 + 4127* (q=2063)
6176,1451,0.234942,S7f3,3x1451 + 1823* (q=911)
6177,2039,0.330096,S7f2,2x2039 + 2099* (q=1049)
6178,3089,0.500000,S2,2x3089
6179,487,0.078815,S7f4,4x1423 + 487* (q=3)
6180,3061,0.495307,S3,1x3061 + 3119* (q=1559)
6181,1987,0.321469,S7f2,2x1987 + 2207* (q=1103)
6182,1523,0.246360,S7f3,3x1553 + 1523* (q=761)
6183,1187,0.191978,S7f4,4x1249 + 1187* (q=593)
6184,2963,0.479140,S3,1x3221 + 2963* (q=1481)
6185,1237,0.200000,S2,5x1237
6186,3067,0.495797,S3,1x3067 + 3119* (q=1559)
6187,2048,0.331017,S3,1x2048 + 4139* (q=2069)
6188,1523,0.246122,S7f3,3x1523 + 1619* (q=809)
6189,2063,0.333333,S2,3x2063
6190,3023,0.488368,S3,1x3023 + 3167* (q=1583)
6191,1024,0.165401,S7f3,3x1024 + 3119* (q=1559)
6192,3023,0.488211,S3,1x3169 + 3023* (q=1511)
6193,2027,0.327305,S7f2,2x2083 + 2027* (q=1013)
6194,2187,0.353084,S3,1x2187 + 4007* (q=2003)
6195,2099,0.338822,S3,1x4096 + 2099* (q=1049)
6196,2729,0.440445,S3,1x2729 + 3467* (q=1733)
6197,6197,1.000000,S1,"AGL(1,6197)"
6198,3079,0.496773,S3,1x3079 + 3119* (q=1559)
6199,6199,1.000000,S1,"AGL(1,6199)"
6200,1523,0.245645,S7f3,3x1559 + 1523* (q=761)
6201,2063,0.332688,S7f2,2x2069 + 2063* (q=1031)
6202,3083,0.497098,S3,1x3083 + 3119* (q=1559)
6203,6203,1.000000,S1,"AGL(1,6203)"
6204,3037,0.489523,S3,1x3037 + 3167* (q=1583)
6205,2053,0.330862,S7f2,2x2053 + 2099* (q=1049)
6206,1433,0.230906,S7f3,3x1433 + 1907* (q=953)
6207,2069,0.333333,S2,3x2069
6208,3089,0.497584,S3,1x3089 + 3119* (q=1559)
6209,887,0.142857,S2,7x887
6210,3023,0.486795,S3,1x3187 + 3023* (q=1511)
6211,6211,1.000000,S1,"AGL(1,6211)"
6212,1553,0.250000,S2,4x1553
6213,2039,0.328183,S7f2,2x2087 + 2039* (q=1019)
6214,3023,0.486482,S3,1x3191 + 3023* (q=1511)
6215,512,0.082381,S7f3,3x512 + 4679* (q=2339)
6216,3049,0.490508,S3,1x3049 + 3167* (q=1583)
6217,6217,1.000000,S1,"AGL(1,6217)"
6218,3109,0.500000,S2,2x3109
6219,1213,0.195047,S7f4,4x1213 + 1367* (q=683)
6220,2999,0.482154,S3,1x3221 + 2999* (q=1499)
6221,6221,1.000000,S1,"AGL(1,6221)"
6222,3019,0.485214,S3,1x3019 + 3203* (q=1601)
6223,1229,0.197493,S7f4,4x1229 + 1307* (q=653)
6224,1523,0.244698,S7f3,3x1567 + 1523* (q=761)
6225,2063,0.331406,S7f2,2x2063 + 2099* (q=1049)
6226,3023,0.485544,S3,1x3023 + 3203* (q=1601)
6227,512,0.082223,S7f9,9x512 + 1619* (q=809)
6228,3109,0.499197,S3,1x3109 + 3119* (q=1559)
6229,6229,1.000000,S1,"AGL(1,6229)"
6230,1439,0.230979,S7f3,3x1597 + 1439* (q=719)
6231,1237,0.198524,S7f4,4x1237 + 1283* (q=641)
6232,3023,0.485077,S3,1x3209 + 3023* (q=1511)
6233,841,0.134927,S7f6,6x841 + 1187* (q=593)
6234,3067,0.491979,S3,1x3067 + 3167* (q=1583)
6235,1229,0.197113,S7f4,4x1229 + 1319* (q=659)
6236,1559,0.250000,S2,4x1559
6237,2069,0.331730,S7f2,2x2069 + 2099* (q=1049)
6238,3119,0.500000,S2,2x3119
6239,1024,0.164129,S7f3,3x1024 + 3167* (q=1583)
6240,3119,0.499840,S3,1x3121 + 3119* (q=1559)
6241,6241,1.000000,S1,"AGL(1,6241)"
6242,3121,0.500000,S2,2x3121
6243,2081,0.333333,S2,3x2081
6244,3119,0.499520,S3,1x3125 + 3119* (q=1559)
6245,1459,0.233627,S7f2,2x2393 + 1459* (q=3)
6246,3079,0.492955,S3,1x3079 + 3167* (q=1583)
6247,6247,1.000000,S1,"AGL(1,6247)"
6248,1543,0.246959,S7f3,3x1543 + 1619* (q=809)
6249,2083,0.333333,S2,3x2083
6250,3125,0.500000,S2,2x3125
6251,599,0.095825,S7f8,8x599 + 1459* (q=3)
6252,3049,0.487684,S3,1x3049 + 3203* (q=1601)
6253,2027,0.324164,S7f2,2x2113 + 2027* (q=1013)
6254,1409,0.225296,S7f3,3x1409 + 2027* (q=1013)
6255,1237,0.197762,S7f4,4x1237 + 1307* (q=653)
6256,3119,0.498561,S3,1x3137 + 3119* (q=1559)
6257,6257,1.000000,S1,"AGL(1,6257)"
6258,2999,0.479227,S3,1x3259 + 2999* (q=1499)
6259,1223,0.195399,S7f4,4x1223 + 1367* (q=683)
6260,1523,0.243291,S7f3,3x1579 + 1523* (q=761)
6261,2087,0.333333,S2,3x2087
6262,2963,0.473172,S3,1x3299 + 2963* (q=1481)
6263,6263,1.000000,S1,"AGL(1,6263)"
6264,3061,0.488665,S3,1x3061 + 3203* (q=1601)
6265,2083,0.332482,S7f2,2x2083 + 2099* (q=1049)
6266,2187,0.349026,S3,1x2187 + 4079* (q=2039)
6267,2089,0.333333,S2,3x2089
6268,2879,0.459317,S3,1x3389 + 2879* (q=1439)
6269,6269,1.000000,S1,"AGL(1,6269)"
6270,3067,0.489155,S3,1x3067 + 3203* (q=1601)
6271,6271,1.000000,S1,"AGL(1,6271)"
6272,1523,0.242825,S7f3,3x1583 + 1523* (q=761)
6273,2087,0.332696,S7f2,2x2087 + 2099* (q=1049)
6274,3137,0.500000,S2,2x3137
6275,1024,0.163187,S7f3,3x1024 + 3203* (q=1601)
6276,3109,0.495379,S3,1x3109 + 3167* (q=1583)
6277,6277,1.000000,S1,"AGL(1,6277)"
6278,1553,0.247372,S7f3,3x1553 + 1619* (q=809)
6279,1249,0.198917,S7f4,4x1249 + 1283* (q=641)
6280,3023,0.481369,S3,1x3257 + 3023* (q=1511)
6281,1907,0.303614,S7f2,2x2187 + 1907* (q=953)
6282,3119,0.496498,S3,1x3163 + 3119* (q=1559)
6283,1229,0.195607,S7f4,4x1229 + 1367* (q=683)
6284,1571,0.250000,S2,4x1571
6285,2063,0.328242,S7f2,2x2111 + 2063* (q=1031)
6286,3119,0.496182,S3,1x3119 + 3167* (q=1583)
6287,6287,1.000000,S1,"AGL(1,6287)"
6288,3121,0.496342,S3,1x3121 + 3167* (q=1583)
6289,2063,0.328033,S7f2,2x2113 + 2063* (q=1031)
6290,1489,0.236725,S7f3,3x1489 + 1823* (q=911)
6291,1231,0.195676,S7f4,4x1231 + 1367* (q=683)
6292,3125,0.496662,S3,1x3125 + 3167* (q=1583)
6293,1459,0.231845,S7f2,2x2417 + 1459* (q=3)
6294,3023,0.480299,S3,1x3271 + 3023* (q=1511)
6295,1259,0.200000,S2,5x1259
6296,1559,0.247618,S7f3,3x1559 + 1619* (q=809)
6297,2099,0.333333,S2,3x2099
6298,2999,0.476183,S3,1x3299 + 2999* (q=1499)
6299,6299,1.000000,S1,"AGL(1,6299)"
6300,3119,0.495079,S3,1x3181 + 3119* (q=1559)
6301,6301,1.000000,S1,"AGL(1,6301)"
6302,1493,0.236909,S7f3,3x1493 + 1823* (q=911)
6303,2207,0.350151,S3,1x4096 + 2207* (q=1103)
6304,3137,0.497621,S3,1x3137 + 3167* (q=1583)
6305,1459,0.231404,S7f2,2x2423 + 1459* (q=3)
6306,3119,0.494608,S3,1x3187 + 3119* (q=1559)
6307,2048,0.324719,S3,1x2048 + 4259* (q=2129)
6308,1487,0.235732,S7f3,3x1607 + 1487* (q=743)
6309,2027,0.321287,S7f2,2x2141 + 2027* (q=1013)
6310,3119,0.494295,S3,1x3191 + 3119* (q=1559)
6311,6311,1.000000,S1,"AGL(1,6311)"
6312,3109,0.492554,S3,1x3109 + 3203* (q=1601)
6313,2053,0.325202,S7f2,2x2053 + 2207* (q=1103)
6314,2187,0.346373,S3,1x2187 + 4127* (q=2063)
6315,1249,0.197783,S7f4,4x1249 + 1319* (q=659)
6316,2903,0.459626,S3,1x3413 + 2903* (q=1451)
6317,6317,1.000000,S1,"AGL(1,6317)"
6318,2999,0.474676,S3,1x3319 + 2999* (q=1499)
6319,1259,0.199240,S7f4,4x1259 + 1283* (q=641)
6320,1567,0.247943,S7f3,3x1567 + 1619* (q=809)
6321,2099,0.332068,S7f2,2x2111 + 2099* (q=1049)
6322,3119,0.493357,S3,1x3119 + 3203* (q=1601)
6323,6323,1.000000,S1,"AGL(1,6323)"
6324,3121,0.493517,S3,1x3121 + 3203* (q=1601)
6325,2099,0.331858,S7f2,2x2113 + 2099* (q=1049)
6326,3163,0.500000,S2,2x3163
6327,1217,0.192350,S7f4,4x1217 + 1459* (q=3)
6328,3125,0.493837,S3,1x3125 + 3203* (q=1601)
6329,6329,1.000000,S1,"AGL(1,6329)"
6330,3163,0.499684,S3,1x3163 + 3167* (q=1583)
6331,2048,0.323488,S3,1x2048 + 4283* (q=2141)
6332,1583,0.250000,S2,4x1583
6333,2111,0.333333,S2,3x2111
6334,3167,0.500000,S2,2x3167
6335,512,0.080821,S7f3,3x512 + 4799* (q=2399)
6336,3167,0.499842,S3,1x3169 + 3167* (q=1583)
6337,6337,1.000000,S1,"AGL(1,6337)"
6338,3169,0.500000,S2,2x3169
6339,2113,0.333333,S2,3x2113
6340,3137,0.494795,S3,1x3137 + 3203* (q=1601)
6341,1459,0.230090,S7f2,2x2441 + 1459* (q=3)
6342,3023,0.476664,S3,1x3319 + 3023* (q=1511)
6343,6343,1.000000,S1,"AGL(1,6343)"
6344,1523,0.240069,S7f3,3x1607 + 1523* (q=761)
6345,2069,0.326084,S7f2,2x2069 + 2207* (q=1103)
6346,3023,0.476363,S3,1x3323 + 3023* (q=1511)
6347,577,0.090909,S2,11x577
6348,3167,0.498897,S3,1x3181 + 3167* (q=1583)
6349,2063,0.324933,S7f2,2x2143 + 2063* (q=1031)
6350,1523,0.239843,S7f3,3x1609 + 1523* (q=761)
6351,1223,0.192568,S7f4,4x1223 + 1459* (q=3)
6352,3023,0.475913,S3,1x3329 + 3023* (q=1511)
6353,6353,1.000000,S1,"AGL(1,6353)"
6354,3167,0.498426,S3,1x3187 + 3167* (q=1583)
6355,1259,0.198112,S7f4,4x1259 + 1319* (q=659)
6356,1579,0.248427,S7f3,3x1579 + 1619* (q=809)
6357,2099,0.330187,S7f2,2x2129 + 2099* (q=1049)
6358,3167,0.498113,S3,1x3191 + 3167* (q=1583)
6359,6359,1.000000,S1,"AGL(1,6359)"
6360,2999,0.471541,S3,1x3361 + 2999* (q=1499)
6361,6361,1.000000,S1,"AGL(1,6361)"
6362,3181,0.500000,S2,2x3181
6363,1249,0.196291,S7f4,4x1249 + 1367* (q=683)
6364,2903,0.456160,S3,1x3461 + 2903* (q=1451)
6365,863,0.135585,S7f6,6x863 + 1187* (q=593)
6366,3163,0.496858,S3,1x3163 + 3203* (q=1601)
6367,6367,1.000000,S1,"AGL(1,6367)"
6368,1583,0.248587,S7f3,3x1583 + 1619* (q=809)
6369,2081,0.326739,S7f2,2x2081 + 2207* (q=1103)
6370,3167,0.497174,S3,1x3167 + 3203* (q=1601)
6371,487,0.076440,S7f4,4x1471 + 487* (q=3)
6372,3169,0.497332,S3,1x3169 + 3203* (q=1601)
6373,6373,1.000000,S1,"AGL(1,6373)"
6374,3187,0.500000,S2,2x3187
6375,1229,0.192784,S7f4,4x1229 + 1459* (q=3)
6376,3167,0.496706,S3,1x3209 + 3167* (q=1583)
6377,1459,0.228791,S7f2,2x2459 + 1459* (q=3)
6378,3119,0.489025,S3,1x3259 + 3119* (q=1559)
6379,6379,1.000000,S1,"AGL(1,6379)"
6380,1523,0.238715,S7f3,3x1619 + 1523* (q=761)
6381,2099,0.328945,S7f2,2x2141 + 2099* (q=1049)
6382,3191,0.500000,S2,2x3191
6383,1231,0.192856,S7f4,4x1231 + 1459* (q=3)
6384,3181,0.498277,S3,1x3181 + 3203* (q=1601)
6385,2099,0.328739,S7f2,2x2143 + 2099* (q=1049)
6386,1523,0.238490,S7f3,3x1621 + 1523* (q=761)
6387,2129,0.333333,S2,3x2129
6388,3167,0.495773,S3,1x3221 + 3167* (q=1583)
6389,6389,1.000000,S1,"AGL(1,6389)"
6390,3187,0.498748,S3,1x3187 + 3203* (q=1601)
6391,1277,0.199812,S7f4,4x1277 + 1283* (q=641)
6392,1523,0.238267,S7f3,3x1523 + 1823* (q=911)
6393,2131,0.333333,S2,3x2131
6394,3191,0.499062,S3,1x3191 + 3203* (q=1601)
6395,1279,0.200000,S2,5x1279
6396,3167,0.495153,S3,1x3229 + 3167* (q=1583)
6397,6397,1.000000,S1,"AGL(1,6397)"
6398,1487,0.232416,S7f3,3x1637 + 1487* (q=743)
6399,1279,0.199875,S7f4,4x1279 + 1283* (q=641)
6400,2819,0.440469,S3,1x3581 + 2819* (q=1409)
6401,2027,0.316669,S7f2,2x2187 + 2027* (q=1013)
6402,2903,0.453452,S3,1x3499 + 2903* (q=1451)
6403,1259,0.196627,S7f4,4x1259 + 1367* (q=683)
6404,1601,0.250000,S2,4x1601
6405,2099,0.327713,S7f2,2x2099 + 2207* (q=1103)
6406,3203,0.500000,S2,2x3203
6407,1237,0.193070,S7f4,4x1237 + 1459* (q=3)
6408,2879,0.449282,S3,1x3529 + 2879* (q=1439)
6409,1907,0.297550,S7f2,2x2251 + 1907* (q=953)
6410,1597,0.249142,S7f3,3x1597 + 1619* (q=809)
6411,2137,0.333333,S2,3x2137
6412,3203,0.499532,S3,1x3209 + 3203* (q=1601)
6413,2039,0.317948,S7f2,2x2187 + 2039* (q=1019)
6414,3023,0.471313,S3,1x3391 + 3023* (q=1511)
6415,1283,0.200000,S2,5x1283
6416,1531,0.238622,S7f3,3x1531 + 1823* (q=911)
6417,1979,0.308400,S7f2,2x1979 + 2459* (q=1229)
6418,3209,0.500000,S2,2x3209
6419,587,0.091447,S7f8,8x729 + 587* (q=293)
6420,3203,0.498910,S3,1x3217 + 3203* (q=1601)
6421,6421,1.000000,S1,"AGL(1,6421)"
6422,1601,0.249299,S7f3,3x1601 + 1619* (q=809)
6423,2141,0.333333,S2,3x2141
6424,3203,0.498599,S3,1x3221 + 3203* (q=1601)
6425,907,0.141167,S7f6,6x907 + 983* (q=491)
6426,3167,0.492842,S3,1x3259 + 3167* (q=1583)
6427,6427,1.000000,S1,"AGL(1,6427)"
6428,1607,0.250000,S2,4x1607
6429,2143,0.333333,S2,3x2143
6430,3023,0.470140,S3,1x3407 + 3023* (q=1511)
6431,512,0.079614,S7f9,9x512 + 1823* (q=911)
6432,3203,0.497979,S3,1x3229 + 3203* (q=1601)
6433,2113,0.328463,S7f2,2x2113 + 2207* (q=1103)
6434,3217,0.500000,S2,2x3217
6435,1279,0.198757,S7f4,4x1279 + 1319* (q=659)
6436,3023,0.469702,S3,1x3413 + 3023* (q=1511)
6437,2063,0.320491,S7f2,2x2187 + 2063* (q=1031)
6438,3167,0.491923,S3,1x3271 + 3167* (q=1583)
6439,1283,0.199255,S7f4,4x1283 + 1307* (q=653)
6440,1607,0.249534,S7f3,3x1607 + 1619* (q=809)
6441,2027,0.314703,S7f2,2x2207 + 2027* (q=1013)
6442,3221,0.500000,S2,2x3221
6443,487,0.075586,S7f4,4x1489 + 487* (q=3)
6444,2963,0.459808,S3,1x3481 + 2963* (q=1481)
6445,2039,0.316369,S7f2,2x2203 + 2039* (q=1019)
6446,2187,0.339280,S3,1x2187 + 4259* (q=2129)
6447,1283,0.199007,S7f4,4x1291 + 1283* (q=641)
6448,3119,0.483716,S3,1x3329 + 3119* (q=1559)
6449,6449,1.000000,S1,"AGL(1,6449)"
6450,3119,0.483566,S3,1x3331 + 3119* (q=1559)
6451,6451,1.000000,S1,"AGL(1,6451)"
6452,1613,0.250000,S2,4x1613
6453,2039,0.315977,S7f2,2x2207 + 2039* (q=1019)
6454,3203,0.496281,S3,1x3251 + 3203* (q=1601)
6455,1291,0.200000,S2,5x1291
6456,3203,0.496128,S3,1x3253 + 3203* (q=1601)
6457,2099,0.325074,S7f2,2x2179 + 2099* (q=1049)
6458,3229,0.500000,S2,2x3229
6459,2153,0.333333,S2,3x2153
6460,3203,0.495820,S3,1x3257 + 3203* (q=1601)
6461,907,0.140381,S7f6,6x907 + 1019* (q=509)
6462,3203,0.495667,S3,1x3259 + 3203* (q=1601)
6463,1289,0.199443,S7f4,4x1289 + 1307* (q=653)
6464,1367,0.211479,S7f3,3x1699 + 1367* (q=683)
6465,2129,0.329312,S7f2,2x2129 + 2207* (q=1103)
6466,3167,0.489793,S3,1x3299 + 3167* (q=1583)
6467,479,0.074068,S7f12,12x479 + 719* (q=359)
6468,3167,0.489641,S3,1x3301 + 3167* (q=1583)
6469,6469,1.000000,S1,"AGL(1,6469)"
6470,2187,0.338022,S3,1x2187 + 4283* (q=2141)
6471,1291,0.199505,S7f4,4x1291 + 1307* (q=653)
6472,3023,0.467089,S3,1x3449 + 3023* (q=1511)
6473,6473,1.000000,S1,"AGL(1,6473)"
6474,3203,0.494748,S3,1x3271 + 3203* (q=1601)
6475,1289,0.199073,S7f4,4x1289 + 1319* (q=659)
6476,1619,0.250000,S2,4x1619
6477,2063,0.318512,S7f2,2x2207 + 2063* (q=1031)
6478,3119,0.481476,S3,1x3359 + 3119* (q=1559)
6479,491,0.075783,S7f12,12x491 + 587* (q=293)
6480,3167,0.488735,S3,1x3313 + 3167* (q=1583)
6481,6481,1.000000,S1,"AGL(1,6481)"
6482,1619,0.249769,S7f3,3x1621 + 1619* (q=809)
6483,2161,0.333333,S2,3x2161
6484,3023,0.466225,S3,1x3461 + 3023* (q=1511)
6485,1297,0.200000,S2,5x1297
6486,3167,0.488282,S3,1x3319 + 3167* (q=1583)
6487,1283,0.197780,S7f4,4x1301 + 1283* (q=641)
6488,1487,0.229192,S7f3,3x1487 + 2027* (q=1013)
6489,2141,0.329943,S7f2,2x2141 + 2207* (q=1103)
6490,3167,0.487982,S3,1x3323 + 3167* (q=1583)
6491,6491,1.000000,S1,"AGL(1,6491)"
6492,3119,0.480437,S3,1x3373 + 3119* (q=1559)
6493,2143,0.330048,S7f2,2x2143 + 2207* (q=1103)
6494,1523,0.234524,S7f3,3x1657 + 1523* (q=761)
6495,1297,0.199692,S7f4,4x1297 + 1307* (q=653)
6496,3167,0.487531,S3,1x3329 + 3167* (q=1583)
6497,919,0.141450,S7f6,6x919 + 983* (q=491)
6498,3167,0.487381,S3,1x3331 + 3167* (q=1583)
6499,1283,0.197415,S7f4,4x1283 + 1367* (q=683)
6500,1619,0.249077,S7f3,3x1627 + 1619* (q=809)
6501,2027,0.311798,S7f2,2x2027 + 2447* (q=1223)
6502,3251,0.500000,S2,2x3251
6503,929,0.142857,S2,7x929
6504,3203,0.492466,S3,1x3301 + 3203* (q=1601)
6505,2099,0.322675,S7f2,2x2203 + 2099* (q=1049)
6506,3253,0.500000,S2,2x3253
6507,1297,0.199324,S7f4,4x1297 + 1319* (q=659)
6508,3119,0.479256,S3,1x3389 + 3119* (q=1559)
6509,887,0.136273,S7f6,6x887 + 1187* (q=593)
6510,3203,0.492012,S3,1x3307 + 3203* (q=1601)
6511,1301,0.199816,S7f4,4x1301 + 1307* (q=653)
6512,1523,0.233876,S7f3,3x1663 + 1523* (q=761)
6513,2153,0.330570,S7f2,2x2153 + 2207* (q=1103)
6514,3257,0.500000,S2,2x3257
6515,1303,0.200000,S2,5x1303
6516,3203,0.491559,S3,1x3313 + 3203* (q=1601)
6517,2099,0.322081,S7f2,2x2209 + 2099* (q=1049)
6518,3259,0.500000,S2,2x3259
6519,1303,0.199877,S7f4,4x1303 + 1307* (q=653)
6520,2963,0.454448,S3,1x3557 + 2963* (q=1481)
6521,6521,1.000000,S1,"AGL(1,6521)"
6522,3203,0.491107,S3,1x3319 + 3203* (q=1601)
6523,1301,0.199448,S7f4,4x1301 + 1319* (q=659)
6524,1567,0.240190,S7f3,3x1567 + 1823* (q=911)
6525,2099,0.321686,S7f2,2x2213 + 2099* (q=1049)
6526,3203,0.490806,S3,1x3323 + 3203* (q=1601)
6527,487,0.074613,S11,9x509 + 487* + 1459* (q=3)
6528,3167,0.485141,S3,1x3361 + 3167* (q=1583)
6529,6529,1.000000,S1,"AGL(1,6529)"
6530,1619,0.247933,S7f3,3x1637 + 1619* (q=809)
6531,1303,0.199510,S7f4,4x1303 + 1319* (q=659)
6532,3203,0.490355,S3,1x3329 + 3203* (q=1601)
6533,919,0.140670,S7f6,6x919 + 1019* (q=509)
6534,3203,0.490205,S3,1x3331 + 3203* (q=1601)
6535,1307,0.200000,S2,5x1307
6536,1571,0.240361,S7f3,3x1571 + 1823* (q=911)
6537,2179,0.333333,S2,3x2179
6538,3167,0.484399,S3,1x3371 + 3167* (q=1583)
6539,1024,0.156599,S7f3,3x1024 + 3467* (q=1733)
6540,3167,0.484251,S3,1x3373 + 3167* (q=1583)
6541,2099,0.320899,S7f2,2x2221 + 2099* (q=1049)
6542,3271,0.500000,S2,2x3271
6543,2447,0.373987,S3,1x4096 + 2447* (q=1223)
6544,2963,0.452781,S3,1x3581 + 2963* (q=1481)
6545,1459,0.222918,S7f2,2x2543 + 1459* (q=3)
6546,3203,0.489306,S3,1x3343 + 3203* (q=1601)
6547,6547,1.000000,S1,"AGL(1,6547)"
6548,1637,0.250000,S2,4x1637
6549,2063,0.315010,S7f2,2x2243 + 2063* (q=1031)
6550,3203,0.489008,S3,1x3347 + 3203* (q=1601)
6551,6551,1.000000,S1,"AGL(1,6551)"
6552,3119,0.476038,S3,1x3433 + 3119* (q=1559)
6553,6553,1.000000,S1,"AGL(1,6553)"
6554,1549,0.236344,S7f3,3x1549 + 1907* (q=953)
6555,2459,0.375133,S3,1x4096 + 2459* (q=1229)
6556,3167,0.483069,S3,1x3389 + 3167* (q=1583)
6557,1459,0.222510,S7f2,2x2549 + 1459* (q=3)
6558,3167,0.482922,S3,1x3391 + 3167* (q=1583)
6559,1283,0.195609,S7f4,4x1319 + 1283* (q=641)
6560,1579,0.240701,S7f3,3x1579 + 1823* (q=911)
6561,6561,1.000000,S1,"AGL(1,6561)"
6562,3203,0.488113,S3,1x3359 + 3203* (q=1601)
6563,6563,1.000000,S1,"AGL(1,6563)"
6564,3203,0.487965,S3,1x3361 + 3203* (q=1601)
6565,2179,0.331912,S7f2,2x2179 + 2207* (q=1103)
6566,1553,0.236521,S7f3,3x1553 + 1907* (q=953)
6567,1283,0.195371,S7f4,4x1321 + 1283* (q=641)
6568,3119,0.474878,S3,1x3449 + 3119* (q=1559)
6569,6569,1.000000,S1,"AGL(1,6569)"
6570,3023,0.460122,S3,1x3547 + 3023* (q=1511)
6571,6571,1.000000,S1,"AGL(1,6571)"
6572,1583,0.240870,S7f3,3x1583 + 1823* (q=911)
6573,2099,0.319337,S7f2,2x2237 + 2099* (q=1049)
6574,3203,0.487222,S3,1x3371 + 3203* (q=1601)
6575,1279,0.194525,S7f4,4x1279 + 1459* (q=3)
6576,3203,0.487074,S3,1x3373 + 3203* (q=1601)
6577,6577,1.000000,S1,"AGL(1,6577)"
6578,1493,0.226969,S7f3,3x1493 + 2099* (q=1049)
6579,1303,0.198054,S7f4,4x1303 + 1367* (q=683)
6580,3167,0.481307,S3,1x3413 + 3167* (q=1583)
6581,6581,1.000000,S1,"AGL(1,6581)"
6582,3119,0.473868,S3,1x3463 + 3119* (q=1559)
6583,1307,0.198542,S7f4,4x1319 + 1307* (q=653)
6584,1559,0.236786,S7f3,3x1559 + 1907* (q=953)
6585,2099,0.318755,S7f2,2x2243 + 2099* (q=1049)
6586,3119,0.473580,S3,1x3119 + 3467* (q=1733)
6587,941,0.142857,S2,7x941
6588,3121,0.473740,S3,1x3121 + 3467* (q=1733)
6589,2027,0.307634,S7f2,2x2281 + 2027* (q=1013)
6590,1619,0.245675,S7f3,3x1657 + 1619* (q=809)
6591,2197,0.333333,S2,3x2197
6592,3203,0.485892,S3,1x3389 + 3203* (q=1601)
6593,929,0.140907,S7f6,6x929 + 1019* (q=509)
6594,3203,0.485745,S3,1x3391 + 3203* (q=1601)
6595,2048,0.310538,S3,1x2048 + 4547* (q=2273)
6596,1523,0.230898,S7f3,3x1523 + 2027* (q=1013)
6597,2069,0.313627,S7f2,2x2069 + 2459* (q=1229)
6598,3299,0.500000,S2,2x3299
6599,6599,1.000000,S1,"AGL(1,6599)"
6600,3167,0.479848,S3,1x3433 + 3167* (q=1583)
6601,2197,0.332828,S7f2,2x2197 + 2207* (q=1103)
6602,3301,0.500000,S2,2x3301
6603,1319,0.199758,S7f4,4x1321 + 1319* (q=659)
6604,3137,0.475015,S3,1x3137 + 3467* (q=1733)
6605,1321,0.200000,S2,5x1321
6606,3023,0.457614,S3,1x3583 + 3023* (q=1511)
6607,6607,1.000000,S1,"AGL(1,6607)"
6608,1619,0.245006,S7f3,3x1663 + 1619* (q=809)
6609,2203,0.333333,S2,3x2203
6610,3203,0.484569,S3,1x3407 + 3203* (q=1601)
6611,601,0.090909,S2,11x601
6612,2999,0.453569,S3,1x3613 + 2999* (q=1499)
6613,2203,0.333132,S7f2,2x2203 + 2207* (q=1103)
6614,3307,0.500000,S2,2x3307
6615,1307,0.197581,S7f4,4x1327 + 1307* (q=653)
6616,3203,0.484129,S3,1x3413 + 3203* (q=1601)
6617,1459,0.220493,S7f2,2x2579 + 1459* (q=3)
6618,3119,0.471290,S3,1x3499 + 3119* (q=1559)
6619,6619,1.000000,S1,"AGL(1,6619)"
6620,1619,0.244562,S7f3,3x1667 + 1619* (q=809)
6621,2207,0.333333,S2,3x2207
6622,2999,0.452884,S3,1x2999 + 3623* (q=1811)
6623,1291,0.194927,S7f4,4x1291 + 1459* (q=3)
6624,3167,0.478110,S3,1x3457 + 3167* (q=1583)
6625,2207,0.333132,S7f2,2x2209 + 2207* (q=1103)
6626,3313,0.500000,S2,2x3313
6627,2209,0.333333,S2,3x2209
6628,3167,0.477821,S3,1x3461 + 3167* (q=1583)
6629,947,0.142857,S2,7x947
6630,3167,0.477677,S3,1x3463 + 3167* (q=1583)
6631,1307,0.197105,S7f4,4x1331 + 1307* (q=653)
6632,1531,0.230850,S7f3,3x1531 + 2039* (q=1019)
6633,2207,0.332730,S7f2,2x2213 + 2207* (q=1103)
6634,3167,0.477389,S3,1x3167 + 3467* (q=1733)
6635,1327,0.200000,S2,5x1327
6636,3203,0.482670,S3,1x3433 + 3203* (q=1601)
6637,6637,1.000000,S1,"AGL(1,6637)"
6638,3319,0.500000,S2,2x3319
6639,2213,0.333333,S2,3x2213
6640,3023,0.455271,S3,1x3617 + 3023* (q=1511)
6641,1459,0.219696,S7f2,2x2591 + 1459* (q=3)
6642,3019,0.454532,S3,1x3019 + 3623* (q=1811)
6643,1319,0.198555,S7f4,4x1331 + 1319* (q=659)
6644,1607,0.241872,S7f3,3x1607 + 1823* (q=911)
6645,2099,0.315877,S7f2,2x2099 + 2447* (q=1223)
6646,3323,0.500000,S2,2x3323
6647,1297,0.195126,S7f4,4x1297 + 1459* (q=3)
6648,3181,0.478490,S3,1x3181 + 3467* (q=1733)
6649,2207,0.331930,S7f2,2x2221 + 2207* (q=1103)
6650,1609,0.241955,S7f3,3x1609 + 1823* (q=911)
6651,1321,0.198617,S7f4,4x1321 + 1367* (q=683)
6652,3203,0.481509,S3,1x3449 + 3203* (q=1601)
6653,6653,1.000000,S1,"AGL(1,6653)"
6654,3187,0.478960,S3,1x3187 + 3467* (q=1733)
6655,1331,0.200000,S2,5x1331
6656,1583,0.237831,S7f3,3x1583 + 1907* (q=953)
6657,2099,0.315307,S7f2,2x2099 + 2459* (q=1229)
6658,3329,0.500000,S2,2x3329
6659,6659,1.000000,S1,"AGL(1,6659)"
6660,3203,0.480931,S3,1x3457 + 3203* (q=1601)
6661,6661,1.000000,S1,"AGL(1,6661)"
6662,3331,0.500000,S2,2x3331
6663,2221,0.333333,S2,3x2221
6664,3203,0.480642,S3,1x3461 + 3203* (q=1601)
6665,947,0.142086,S7f6,6x947 + 983* (q=491)
6666,3203,0.480498,S3,1x3463 + 3203* (q=1601)
6667,1307,0.196040,S7f4,4x1307 + 1439* (q=719)
6668,1667,0.250000,S2,4x1667
6669,2111,0.316539,S7f2,2x2111 + 2447* (q=1223)
6670,3203,0.480210,S3,1x3203 + 3467* (q=1733)
6671,1303,0.195323,S7f4,4x1303 + 1459* (q=3)
6672,3203,0.480066,S3,1x3469 + 3203* (q=1601)
6673,6673,1.000000,S1,"AGL(1,6673)"
6674,1549,0.232095,S7f3,3x1549 + 2027* (q=1013)
6675,2579,0.386367,S3,1x4096 + 2579* (q=1289)
6676,3209,0.480677,S3,1x3209 + 3467* (q=1733)
6677,1459,0.218511,S7f2,2x2609 + 1459* (q=3)
6678,3167,0.474244,S3,1x3511 + 3167* (q=1583)
6679,6679,1.000000,S1,"AGL(1,6679)"
6680,1619,0.242365,S7f3,3x1619 + 1823* (q=911)
6681,2207,0.330340,S7f2,2x2237 + 2207* (q=1103)
6682,3023,0.452409,S3,1x3659 + 3023* (q=1511)
6683,653,0.097711,S7f8,8x653 + 1459* (q=3)
6684,3217,0.481299,S3,1x3217 + 3467* (q=1733)
6685,2207,0.330142,S7f2,2x2239 + 2207* (q=1103)
6686,3343,0.500000,S2,2x3343
6687,1307,0.195454,S7f4,4x1307 + 1459* (q=3)
6688,3221,0.481609,S3,1x3221 + 3467* (q=1733)
6689,6689,1.000000,S1,"AGL(1,6689)"
6690,3119,0.466218,S3,1x3571 + 3119* (q=1559)
6691,6691,1.000000,S1,"AGL(1,6691)"
6692,1543,0.230574,S7f3,3x1543 + 2063* (q=1031)
6693,2207,0.329747,S7f2,2x2243 + 2207* (q=1103)
6694,3347,0.500000,S2,2x3347
6695,1024,0.152950,S7f3,3x1024 + 3623* (q=1811)
6696,3229,0.482228,S3,1x3229 + 3467* (q=1733)
6697,2017,0.301180,S7f2,2x2017 + 2663* (q=11)
6698,1619,0.241714,S7f3,3x1693 + 1619* (q=809)
6699,1303,0.194507,S7f4,4x1303 + 1487* (q=743)
6700,3167,0.472687,S3,1x3533 + 3167* (q=1583)
6701,6701,1.000000,S1,"AGL(1,6701)"
6702,3203,0.477917,S3,1x3499 + 3203* (q=1601)
6703,6703,1.000000,S1,"AGL(1,6703)"
6704,1627,0.242691,S7f3,3x1627 + 1823* (q=911)
6705,2129,0.317524,S7f2,2x2129 + 2447* (q=1223)
6706,3167,0.472264,S3,1x3539 + 3167* (q=1583)
6707,563,0.083942,S7f6,6x1024 + 563* (q=281)
6708,3167,0.472123,S3,1x3541 + 3167* (q=1583)
6709,6709,1.000000,S1,"AGL(1,6709)"
6710,1619,0.241282,S7f3,3x1697 + 1619* (q=809)
6711,2237,0.333333,S2,3x2237
6712,3119,0.464690,S3,1x3593 + 3119* (q=1559)
6713,887,0.132132,S7f6,6x971 + 887* (q=443)
6714,3203,0.477063,S3,1x3511 + 3203* (q=1601)
6715,1319,0.196426,S7f4,4x1319 + 1439* (q=719)
6716,1619,0.241066,S7f3,3x1699 + 1619* (q=809)
6717,2239,0.333333,S2,3x2239
6718,3359,0.500000,S2,2x3359
6719,6719,1.000000,S1,"AGL(1,6719)"
6720,3253,0.484077,S3,1x3253 + 3467* (q=1733)
6721,2137,0.317959,S7f2,2x2137 + 2447* (q=1223)
6722,3361,0.500000,S2,2x3361
6723,1321,0.196490,S7f4,4x1321 + 1439* (q=719)
6724,3257,0.484384,S3,1x3257 + 3467* (q=1733)
6725,1459,0.216952,S7f2,2x2633 + 1459* (q=3)
6726,3259,0.484538,S3,1x3259 + 3467* (q=1733)
6727,2048,0.304445,S3,1x2048 + 4679* (q=2339)
6728,1607,0.238853,S7f3,3x1607 + 1907* (q=953)
6729,2243,0.333333,S2,3x2243
6730,3203,0.475929,S3,1x3527 + 3203* (q=1601)
6731,659,0.097905,S7f8,8x659 + 1459* (q=3)
6732,3203,0.475787,S3,1x3529 + 3203* (q=1601)
6733,6733,1.000000,S1,"AGL(1,6733)"
6734,2187,0.324770,S3,1x2187 + 4547* (q=2273)
6735,1319,0.195843,S7f4,4x1319 + 1459* (q=3)
6736,3203,0.475505,S3,1x3533 + 3203* (q=1601)
6737,6737,1.000000,S1,"AGL(1,6737)"
6738,3271,0.485456,S3,1x3271 + 3467* (q=1733)
6739,1229,0.182371,S7f4,4x1229 + 1823* (q=911)
6740,1571,0.233086,S7f3,3x1571 + 2027* (q=1013)
6741,2207,0.327399,S7f2,2x2267 + 2207* (q=1103)
6742,3371,0.500000,S2,2x3371
6743,1321,0.195907,S7f4,4x1321 + 1459* (q=3)
6744,3203,0.474941,S3,1x3541 + 3203* (q=1601)
6745,2207,0.327205,S7f2,2x2269 + 2207* (q=1103)
6746,3373,0.500000,S2,2x3373
6747,1327,0.196680,S7f4,4x1327 + 1439* (q=719)
6748,3167,0.469324,S3,1x3581 + 3167* (q=1583)
6749,961,0.142391,S7f6,6x961 + 983* (q=491)
6750,3203,0.474519,S3,1x3547 + 3203* (q=1601)
6751,2048,0.303362,S3,1x2048 + 4703* (q=2351)
6752,1571,0.232672,S7f3,3x1571 + 2039* (q=1019)
6753,2251,0.333333,S2,3x2251
6754,2903,0.429819,S3,1x3851 + 2903* (q=1451)
6755,503,0.074463,S7f12,12x503 + 719* (q=359)
6756,3119,0.461664,S3,1x3637 + 3119* (q=1559)
6757,2089,0.309161,S7f2,2x2089 + 2579* (q=1289)
6758,1553,0.229802,S7f3,3x1553 + 2099* (q=1049)
6759,2663,0.393993,S3,1x4096 + 2663* (q=11)
6760,3203,0.473817,S3,1x3557 + 3203* (q=1601)
6761,6761,1.000000,S1,"AGL(1,6761)"
6762,3203,0.473676,S3,1x3559 + 3203* (q=1601)
6763,6763,1.000000,S1,"AGL(1,6763)"
6764,1619,0.239355,S7f3,3x1619 + 1907* (q=953)
6765,2153,0.318256,S7f2,2x2153 + 2459* (q=1229)
6766,3299,0.487585,S3,1x3299 + 3467* (q=1733)
6767,1327,0.196099,S7f4,4x1327 + 1459* (q=3)
6768,3301,0.487736,S3,1x3301 + 3467* (q=1733)
6769,2207,0.326045,S7f2,2x2281 + 2207* (q=1103)
6770,1621,0.239439,S7f3,3x1621 + 1907* (q=953)
6771,1321,0.195097,S7f4,4x1321 + 1487* (q=743)
6772,2969,0.438423,S3,1x2969 + 3803* (q=1901)
6773,1459,0.215414,S7f2,2x2657 + 1459* (q=3)
6774,3307,0.488190,S3,1x3307 + 3467* (q=1733)
6775,1307,0.192915,S7f4,4x1367 + 1307* (q=653)
6776,1583,0.233619,S7f3,3x1583 + 2027* (q=1013)
6777,2099,0.309724,S7f2,2x2099 + 2579* (q=1289)
6778,3389,0.500000,S2,2x3389
6779,6779,1.000000,S1,"AGL(1,6779)"
6780,3313,0.488643,S3,1x3313 + 3467* (q=1733)
6781,6781,1.000000,S1,"AGL(1,6781)"
6782,3391,0.500000,S2,2x3391
6783,1331,0.196226,S7f4,4x1331 + 1459* (q=3)
6784,3203,0.472140,S3,1x3581 + 3203* (q=1601)
6785,1459,0.215033,S7f2,2x2663 + 1459* (q=3)
6786,3319,0.489095,S3,1x3319 + 3467* (q=1733)
6787,1319,0.194342,S7f4,4x1367 + 1319* (q=659)
6788,1697,0.250000,S2,4x1697
6789,2063,0.303874,S7f2,2x2063 + 2663* (q=11)
6790,3323,0.489396,S3,1x3323 + 3467* (q=1733)
6791,6791,1.000000,S1,"AGL(1,6791)"
6792,3169,0.466578,S3,1x3169 + 3623* (q=1811)
6793,6793,1.000000,S1,"AGL(1,6793)"
6794,1657,0.243892,S7f3,3x1657 + 1823* (q=911)
6795,1327,0.195291,S7f4,4x1327 + 1487* (q=743)
6796,3329,0.489847,S3,1x3329 + 3467* (q=1733)
6797,971,0.142857,S2,7x971
6798,3331,0.489997,S3,1x3331 + 3467* (q=1733)
6799,1319,0.193999,S7f4,4x1319 + 1523* (q=761)
6800,1579,0.232206,S7f3,3x1579 + 2063* (q=1031)
6801,2267,0.333333,S2,3x2267
6802,3023,0.444428,S3,1x3023 + 3779* (q=1889)
6803,6803,1.000000,S1,"AGL(1,6803)"
6804,3181,0.467519,S3,1x3181 + 3623* (q=1811)
6805,2179,0.320206,S7f2,2x2179 + 2447* (q=1223)
6806,1459,0.214370,S3,1x5347 + 1459* (q=3)
6807,2269,0.333333,S2,3x2269
6808,2879,0.422885,S3,1x3929 + 2879* (q=1439)
6809,971,0.142605,S7f6,6x971 + 983* (q=491)
6810,3343,0.490896,S3,1x3343 + 3467* (q=1733)
6811,1361,0.199824,S7f4,4x1361 + 1367* (q=683)
6812,1663,0.244128,S7f3,3x1663 + 1823* (q=911)
6813,2099,0.308087,S7f2,2x2357 + 2099* (q=1049)
6814,3407,0.500000,S2,2x3407
6815,729,0.106970,S7f8,8x729 + 983* (q=491)
6816,3203,0.469924,S3,1x3613 + 3203* (q=1601)
6817,2179,0.319642,S7f2,2x2179 + 2459* (q=1229)
6818,1637,0.240100,S7f3,3x1637 + 1907* (q=953)
6819,2273,0.333333,S2,3x2273
6820,3203,0.469648,S3,1x3617 + 3203* (q=1601)
6821,2187,0.320627,S7f2,2x2187 + 2447* (q=1223)
6822,3019,0.442539,S3,1x3019 + 3803* (q=1901)
6823,6823,1.000000,S1,"AGL(1,6823)"
6824,1667,0.244285,S7f3,3x1667 + 1823* (q=911)
6825,2207,0.323370,S7f2,2x2309 + 2207* (q=1103)
6826,3413,0.500000,S2,2x3413
6827,6827,1.000000,S1,"AGL(1,6827)"
6828,3361,0.492238,S3,1x3361 + 3467* (q=1733)
6829,6829,1.000000,S1,"AGL(1,6829)"
6830,1669,0.244363,S7f3,3x1669 + 1823* (q=911)
6831,1327,0.194261,S7f4,4x1327 + 1523* (q=761)
6832,3209,0.469701,S3,1x3209 + 3623* (q=1811)
6833,6833,1.000000,S1,"AGL(1,6833)"
6834,3203,0.468686,S3,1x3631 + 3203* (q=1601)
6835,2048,0.299634,S3,1x2048 + 4787* (q=2393)
6836,1709,0.250000,S2,4x1709
6837,2129,0.311394,S7f2,2x2129 + 2579* (q=1289)
6838,3371,0.492980,S3,1x3371 + 3467* (q=1733)
6839,977,0.142857,S2,7x977
6840,3373,0.493129,S3,1x3373 + 3467* (q=1733)
6841,6841,1.000000,S1,"AGL(1,6841)"
6842,1619,0.236627,S7f3,3x1741 + 1619* (q=809)
6843,2281,0.333333,S2,3x2281
6844,3221,0.470631,S3,1x3221 + 3623* (q=1811)
6845,1459,0.213148,S7f2,2x2693 + 1459* (q=3)
6846,3203,0.467864,S3,1x3643 + 3203* (q=1601)
6847,2048,0.299109,S3,1x2048 + 4799* (q=2399)
6848,1607,0.234667,S7f3,3x1607 + 2027* (q=1013)
6849,2063,0.301212,S7f2,2x2393 + 2063* (q=1031)
6850,2999,0.437810,S3,1x3851 + 2999* (q=1499)
6851,1024,0.149467,S7f3,3x1024 + 3779* (q=1889)
6852,3229,0.471249,S3,1x3229 + 3623* (q=1811)
6853,2203,0.321465,S7f2,2x2203 + 2447* (q=1223)
6854,1609,0.234753,S7f3,3x1609 + 2027* (q=1013)
6855,1237,0.180452,S7f4,4x1237 + 1907* (q=953)
6856,3389,0.494312,S3,1x3389 + 3467* (q=1733)
6857,6857,1.000000,S1,"AGL(1,6857)"
6858,3391,0.494459,S3,1x3391 + 3467* (q=1733)
6859,6859,1.000000,S1,"AGL(1,6859)"
6860,1619,0.236006,S7f3,3x1747 + 1619* (q=809)
6861,2287,0.333333,S2,3x2287
6862,3203,0.466774,S3,1x3659 + 3203* (q=1601)
6863,6863,1.000000,S1,"AGL(1,6863)"
6864,3167,0.461393,S3,1x3697 + 3167* (q=1583)
6865,2209,0.321777,S7f2,2x2209 + 2447* (q=1223)
6866,3433,0.500000,S2,2x3433
6867,1201,0.174894,S7f4,4x1201 + 2063* (q=1031)
6868,3167,0.461124,S3,1x3701 + 3167* (q=1583)
6869,6869,1.000000,S1,"AGL(1,6869)"
6870,3067,0.446434,S3,1x3067 + 3803* (q=1901)
6871,6871,1.000000,S1,"AGL(1,6871)"
6872,1523,0.221624,S7f3,3x1783 + 1523* (q=761)
6873,2213,0.321985,S7f2,2x2213 + 2447* (q=1223)
6874,3407,0.495636,S3,1x3407 + 3467* (q=1733)
6875,1024,0.148945,S7f3,3x1024 + 3803* (q=1901)
6876,3253,0.473095,S3,1x3253 + 3623* (q=1811)
6877,2209,0.321216,S7f2,2x2209 + 2459* (q=1229)
6878,1657,0.240913,S7f3,3x1657 + 1907* (q=953)
6879,2293,0.333333,S2,3x2293
6880,3413,0.496076,S3,1x3413 + 3467* (q=1733)
6881,1459,0.212033,S7f2,2x2711 + 1459* (q=3)
6882,3259,0.473554,S3,1x3259 + 3623* (q=1811)
6883,6883,1.000000,S1,"AGL(1,6883)"
6884,1721,0.250000,S2,4x1721
6885,2213,0.321423,S7f2,2x2213 + 2459* (q=1229)
6886,3167,0.459919,S3,1x3719 + 3167* (q=1583)
6887,467,0.067809,S7f12,12x467 + 1283* (q=641)
6888,3167,0.459785,S3,1x3721 + 3167* (q=1583)
6889,6889,1.000000,S1,"AGL(1,6889)"
6890,2187,0.317417,S3,1x2187 + 4703* (q=2351)
6891,2297,0.333333,S2,3x2297
6892,3089,0.448201,S3,1x3089 + 3803* (q=1901)
6893,929,0.134774,S7f6,6x929 + 1319* (q=659)
6894,3271,0.474471,S3,1x3271 + 3623* (q=1811)
6895,1319,0.191298,S7f4,4x1319 + 1619* (q=809)
6896,1663,0.241154,S7f3,3x1663 + 1907* (q=953)
6897,2099,0.304335,S7f2,2x2399 + 2099* (q=1049)
6898,3449,0.500000,S2,2x3449
6899,6899,1.000000,S1,"AGL(1,6899)"
6900,3433,0.497536,S3,1x3433 + 3467* (q=1733)
6901,2221,0.321837,S7f2,2x2221 + 2459* (q=1229)
6902,1693,0.245291,S7f3,3x1693 + 1823* (q=911)
6903,1361,0.197161,S7f4,4x1361 + 1459* (q=3)
6904,3203,0.463934,S3,1x3701 + 3203* (q=1601)
6905,1381,0.200000,S2,5x1381
6906,3167,0.458587,S3,1x3739 + 3167* (q=1583)
6907,6907,1.000000,S1,"AGL(1,6907)"
6908,1667,0.241314,S7f3,3x1667 + 1907* (q=953)
6909,2207,0.319438,S7f2,2x2351 + 2207* (q=1103)
6910,2999,0.434009,S3,1x3911 + 2999* (q=1499)
6911,6911,1.000000,S1,"AGL(1,6911)"
6912,3203,0.463397,S3,1x3709 + 3203* (q=1601)
6913,2039,0.294952,S7f2,2x2437 + 2039* (q=1019)
6914,3457,0.500000,S2,2x3457
6915,2819,0.407664,S3,1x4096 + 2819* (q=1409)
6916,3449,0.498699,S3,1x3449 + 3467* (q=1733)
6917,6917,1.000000,S1,"AGL(1,6917)"
6918,2999,0.433507,S3,1x3919 + 2999* (q=1499)
6919,1283,0.185431,S7f4,4x1409 + 1283* (q=641)
6920,1699,0.245520,S7f3,3x1699 + 1823* (q=911)
6921,2237,0.323219,S7f2,2x2237 + 2447* (q=1223)
6922,3461,0.500000,S2,2x3461
6923,729,0.105301,S7f4,4x729 + 4007* (q=2003)
6924,3457,0.499278,S3,1x3457 + 3467* (q=1733)
6925,2239,0.323321,S7f2,2x2239 + 2447* (q=1223)
6926,3463,0.500000,S2,2x3463
6927,2309,0.333333,S2,3x2309
6928,3461,0.499567,S3,1x3461 + 3467* (q=1733)
6929,983,0.141868,S7f6,6x991 + 983* (q=491)
6930,3463,0.499711,S3,1x3463 + 3467* (q=1733)
6931,1373,0.198096,S7f4,4x1373 + 1439* (q=719)
6932,1733,0.250000,S2,4x1733
6933,2311,0.333333,S2,3x2311
6934,3467,0.500000,S2,2x3467
6935,1369,0.197404,S7f4,4x1369 + 1459* (q=3)
6936,3467,0.499856,S3,1x3469 + 3467* (q=1733)
6937,2239,0.322762,S7f2,2x2239 + 2459* (q=1229)
6938,3469,0.500000,S2,2x3469
6939,1279,0.184321,S7f4,4x1279 + 1823* (q=911)
6940,3137,0.452017,S3,1x3137 + 3803* (q=1901)
6941,1459,0.210200,S7f2,2x2741 + 1459* (q=3)
6942,3319,0.478104,S3,1x3319 + 3623* (q=1811)
6943,1331,0.191704,S7f4,4x1331 + 1619* (q=809)
6944,1627,0.234303,S7f3,3x1627 + 2063* (q=1031)
6945,2243,0.322966,S7f2,2x2243 + 2459* (q=1229)
6946,3323,0.478405,S3,1x3323 + 3623* (q=1811)
6947,6947,1.000000,S1,"AGL(1,6947)"
6948,3467,0.498993,S3,1x3481 + 3467* (q=1733)
6949,6949,1.000000,S1,"AGL(1,6949)"
6950,1709,0.245899,S7f3,3x1709 + 1823* (q=911)
6951,1373,0.197526,S7f4,4x1373 + 1459* (q=3)
6952,3329,0.478855,S3,1x3329 + 3623* (q=1811)
6953,2187,0.314540,S7f2,2x2187 + 2579* (q=1289)
6954,3331,0.479005,S3,1x3331 + 3623* (q=1811)
6955,1367,0.196549,S7f4,4x1367 + 1487* (q=743)
6956,1619,0.232749,S7f3,3x1619 + 2099* (q=1049)
6957,2069,0.297398,S7f2,2x2069 + 2819* (q=1409)
6958,3467,0.498275,S3,1x3491 + 3467* (q=1733)
6959,6959,1.000000,S1,"AGL(1,6959)"
6960,3181,0.457040,S3,1x3181 + 3779* (q=1889)
6961,6961,1.000000,S1,"AGL(1,6961)"
6962,3481,0.500000,S2,2x3481
6963,1381,0.198334,S7f4,4x1381 + 1439* (q=719)
6964,3203,0.459937,S3,1x3761 + 3203* (q=1601)
6965,1459,0.209476,S7f2,2x2753 + 1459* (q=3)
6966,3467,0.497703,S3,1x3499 + 3467* (q=1733)
6967,6967,1.000000,S1,"AGL(1,6967)"
6968,1619,0.232348,S7f3,3x1783 + 1619* (q=809)
6969,2207,0.316688,S7f2,2x2381 + 2207* (q=1103)
6970,3347,0.480201,S3,1x3347 + 3623* (q=1811)
6971,6971,1.000000,S1,"AGL(1,6971)"
6972,3203,0.459409,S3,1x3769 + 3203* (q=1601)
6973,2207,0.316507,S7f2,2x2383 + 2207* (q=1103)
6974,2187,0.313593,S3,1x2187 + 4787* (q=2393)
6975,2879,0.412760,S3,1x4096 + 2879* (q=1439)
6976,2969,0.425602,S3,1x2969 + 4007* (q=2003)
6977,6977,1.000000,S1,"AGL(1,6977)"
6978,3467,0.496847,S3,1x3511 + 3467* (q=1733)
6979,1373,0.196733,S7f4,4x1373 + 1487* (q=743)
6980,1627,0.233095,S7f3,3x1627 + 2099* (q=1049)
6981,2267,0.324739,S7f2,2x2267 + 2447* (q=1223)
6982,3491,0.500000,S2,2x3491
6983,6983,1.000000,S1,"AGL(1,6983)"
6984,3467,0.496420,S3,1x3517 + 3467* (q=1733)
6985,2269,0.324839,S7f2,2x2269 + 2447* (q=1223)
6986,2187,0.313055,S3,1x2187 + 4799* (q=2399)
6987,1291,0.184772,S7f4,4x1291 + 1823* (q=911)
6988,3209,0.459216,S3,1x3209 + 3779* (q=1889)
6989,967,0.138360,S7f6,6x967 + 1187* (q=593)
6990,3187,0.455937,S3,1x3187 + 3803* (q=1901)
6991,6991,1.000000,S1,"AGL(1,6991)"
6992,1723,0.246424,S7f3,3x1723 + 1823* (q=911)
6993,2273,0.325039,S7f2,2x2273 + 2447* (q=1223)
6994,3467,0.495711,S3,1x3527 + 3467* (q=1733)
6995,1399,0.200000,S2,5x1399
6996,3467,0.495569,S3,1x3529 + 3467* (q=1733)
6997,6997,1.000000,S1,"AGL(1,6997)"
6998,3499,0.500000,S2,2x3499
6999,2903,0.414774,S3,1x4096 + 2903* (q=1451)
7000,3467,0.495286,S3,1x3533 + 3467* (q=1733)
7001,7001,1.000000,S1,"AGL(1,7001)"
7002,2999,0.428306,S3,1x4003 + 2999* (q=1499)
7003,1367,0.195202,S7f4,4x1409 + 1367* (q=683)
7004,1699,0.242576,S7f3,3x1699 + 1907* (q=953)
7005,2273,0.324483,S7f2,2x2273 + 2459* (q=1229)
7006,3467,0.494862,S3,1x3539 + 3467* (q=1733)
7007,863,0.123163,S7f6,6x1024 + 863* (q=431)
7008,3467,0.494720,S3,1x3541 + 3467* (q=1733)
7009,2281,0.325439,S7f2,2x2281 + 2447* (q=1223)
7010,1657,0.236377,S7f3,3x1657 + 2039* (q=1019)
7011,1381,0.196976,S7f4,4x1381 + 1487* (q=743)
7012,3389,0.483314,S3,1x3389 + 3623* (q=1811)
7013,7013,1.000000,S1,"AGL(1,7013)"
7014,3467,0.494297,S3,1x3547 + 3467* (q=1733)
7015,1373,0.195723,S7f4,4x1373 + 1523* (q=761)
7016,1663,0.237030,S7f3,3x1663 + 2027* (q=1013)
7017,2339,0.333333,S2,3x2339
7018,3167,0.451268,S3,1x3851 + 3167* (q=1583)
7019,7019,1.000000,S1,"AGL(1,7019)"
7020,3217,0.458262,S3,1x3217 + 3803* (q=1901)
7021,2287,0.325737,S7f2,2x2287 + 2447* (q=1223)
7022,3511,0.500000,S2,2x3511
7023,2341,0.333333,S2,3x2341
7024,3467,0.493593,S3,1x3557 + 3467* (q=1733)
7025,953,0.135658,S7f6,6x953 + 1307* (q=653)
7026,3467,0.493453,S3,1x3559 + 3467* (q=1733)
7027,7027,1.000000,S1,"AGL(1,7027)"
7028,1667,0.237194,S7f3,3x1667 + 2027* (q=1013)
7029,2207,0.313985,S7f2,2x2411 + 2207* (q=1103)
7030,3407,0.484637,S3,1x3407 + 3623* (q=1811)
7031,887,0.126156,S7f6,6x1024 + 887* (q=443)
7032,3253,0.462600,S3,1x3253 + 3779* (q=1889)
7033,2293,0.326034,S7f2,2x2293 + 2447* (q=1223)
7034,3517,0.500000,S2,2x3517
7035,1399,0.198863,S7f4,4x1399 + 1439* (q=719)
7036,3413,0.485077,S3,1x3413 + 3623* (q=1811)
7037,2187,0.310786,S7f2,2x2187 + 2663* (q=11)
7038,3467,0.492612,S3,1x3571 + 3467* (q=1733)
7039,7039,1.000000,S1,"AGL(1,7039)"
7040,1667,0.236790,S7f3,3x1667 + 2039* (q=1019)
7041,2347,0.333333,S2,3x2347
7042,3119,0.442914,S3,1x3923 + 3119* (q=1559)
7043,7043,1.000000,S1,"AGL(1,7043)"
7044,3181,0.451590,S3,1x3181 + 3863* (q=1931)
7045,2293,0.325479,S7f2,2x2293 + 2459* (q=1229)
7046,1741,0.247091,S7f3,3x1741 + 1823* (q=911)
7047,1381,0.195970,S7f4,4x1381 + 1523* (q=761)
7048,3467,0.491913,S3,1x3581 + 3467* (q=1733)
7049,977,0.138601,S7f6,6x977 + 1187* (q=593)
7050,3467,0.491773,S3,1x3583 + 3467* (q=1733)
7051,1319,0.187066,S7f4,4x1433 + 1319* (q=659)
7052,1663,0.235820,S7f3,3x1663 + 2063* (q=1031)
7053,2351,0.333333,S2,3x2351
7054,3527,0.500000,S2,2x3527
7055,1399,0.198299,S7f4,4x1399 + 1459* (q=3)
7056,3433,0.486536,S3,1x3433 + 3623* (q=1811)
7057,7057,1.000000,S1,"AGL(1,7057)"
7058,3529,0.500000,S2,2x3529
7059,2963,0.419748,S3,1x4096 + 2963* (q=1481)
7060,3467,0.491076,S3,1x3593 + 3467* (q=1733)
7061,1459,0.206628,S7f2,2x2801 + 1459* (q=3)
7062,3259,0.461484,S3,1x3259 + 3803* (q=1901)
7063,1361,0.192694,S7f4,4x1361 + 1619* (q=809)
7064,1747,0.247310,S7f3,3x1747 + 1823* (q=911)
7065,2309,0.326822,S7f2,2x2309 + 2447* (q=1223)
7066,3533,0.500000,S2,2x3533
7067,701,0.099193,S7f8,8x701 + 1459* (q=3)
7068,3121,0.441568,S3,1x3121 + 3947* (q=1973)
7069,7069,1.000000,S1,"AGL(1,7069)"
7070,1721,0.243423,S7f3,3x1721 + 1907* (q=953)
7071,2357,0.333333,S2,3x2357
7072,3449,0.487698,S3,1x3449 + 3623* (q=1811)
7073,1009,0.142655,S7f6,6x1009 + 1019* (q=509)
7074,3467,0.490105,S3,1x3607 + 3467* (q=1733)
7075,1409,0.199152,S7f4,4x1409 + 1439* (q=719)
7076,1723,0.243499,S7f3,3x1723 + 1907* (q=953)
7077,2309,0.326268,S7f2,2x2309 + 2459* (q=1229)
7078,3539,0.500000,S2,2x3539
7079,7079,1.000000,S1,"AGL(1,7079)"
7080,3467,0.489689,S3,1x3613 + 3467* (q=1733)
7081,2311,0.326366,S7f2,2x2311 + 2459* (q=1229)
7082,3541,0.500000,S2,2x3541
7083,1399,0.197515,S7f4,4x1399 + 1487* (q=743)
7084,3467,0.489413,S3,1x3617 + 3467* (q=1733)
7085,983,0.138744,S7f6,6x983 + 1187* (q=593)
7086,3463,0.488710,S3,1x3463 + 3623* (q=1811)
7087,1367,0.192888,S7f4,4x1367 + 1619* (q=809)
7088,1663,0.234622,S7f3,3x1663 + 2099* (q=1049)
7089,2213,0.312174,S7f2,2x2213 + 2663* (q=11)
7090,3467,0.488999,S3,1x3467 + 3623* (q=1811)
7091,1013,0.142857,S2,7x1013
7092,3469,0.489143,S3,1x3469 + 3623* (q=1811)
7093,2137,0.301283,S7f2,2x2137 + 2819* (q=1409)
7094,3547,0.500000,S2,2x3547
7095,2999,0.422692,S3,1x4096 + 2999* (q=1499)
7096,3167,0.446308,S3,1x3929 + 3167* (q=1583)
7097,1459,0.205580,S7f2,2x2819 + 1459* (q=3)
7098,3467,0.488447,S3,1x3631 + 3467* (q=1733)
7099,1367,0.192562,S7f4,4x1433 + 1367* (q=683)
7100,1759,0.247746,S7f3,3x1759 + 1823* (q=911)
7101,2207,0.310801,S7f2,2x2447 + 2207* (q=1103)
7102,3323,0.467896,S3,1x3323 + 3779* (q=1889)
7103,7103,1.000000,S1,"AGL(1,7103)"
7104,3481,0.490006,S3,1x3481 + 3623* (q=1811)
7105,2221,0.312597,S7f2,2x2221 + 2663* (q=11)
7106,2187,0.307768,S3,1x2187 + 4919* (q=2459)
7107,1321,0.185873,S7f4,4x1321 + 1823* (q=911)
7108,3329,0.468346,S3,1x3329 + 3779* (q=1889)
7109,7109,1.000000,S1,"AGL(1,7109)"
7110,3467,0.487623,S3,1x3643 + 3467* (q=1733)
7111,1373,0.193081,S7f4,4x1373 + 1619* (q=809)
7112,1619,0.227643,S7f3,3x1831 + 1619* (q=809)
7113,2371,0.333333,S2,3x2371
7114,3557,0.500000,S2,2x3557
7115,1423,0.200000,S2,5x1423
7116,3313,0.465571,S3,1x3313 + 3803* (q=1901)
7117,2269,0.318814,S7f2,2x2269 + 2579* (q=1289)
7118,3559,0.500000,S2,2x3559
7119,3023,0.424638,S3,1x4096 + 3023* (q=1511)
7120,3257,0.457444,S3,1x3257 + 3863* (q=1931)
7121,7121,1.000000,S1,"AGL(1,7121)"
7122,3499,0.491295,S3,1x3499 + 3623* (q=1811)
7123,1409,0.197810,S7f4,4x1409 + 1487* (q=743)
7124,1699,0.238490,S7f3,3x1699 + 2027* (q=1013)
7125,2339,0.328281,S7f2,2x2339 + 2447* (q=1223)
7126,3467,0.486528,S3,1x3659 + 3467* (q=1733)
7127,7127,1.000000,S1,"AGL(1,7127)"
7128,3181,0.446268,S3,1x3181 + 3947* (q=1973)
7129,7129,1.000000,S1,"AGL(1,7129)"
7130,1741,0.244180,S7f3,3x1741 + 1907* (q=953)
7131,2377,0.333333,S2,3x2377
7132,3329,0.466769,S3,1x3329 + 3803* (q=1901)
7133,1459,0.204542,S7f2,2x2837 + 1459* (q=3)
7134,3511,0.492150,S3,1x3511 + 3623* (q=1811)
7135,2048,0.287036,S3,1x2048 + 5087* (q=2543)
7136,1699,0.238089,S7f3,3x1699 + 2039* (q=1019)
7137,2339,0.327729,S7f2,2x2339 + 2459* (q=1229)
7138,3467,0.485710,S3,1x3671 + 3467* (q=1733)
7139,729,0.102115,S7f8,8x729 + 1307* (q=653)
7140,3517,0.492577,S3,1x3517 + 3623* (q=1811)
7141,2347,0.328665,S7f2,2x2347 + 2447* (q=1223)
7142,3571,0.500000,S2,2x3571
7143,2381,0.333333,S2,3x2381
7144,3467,0.485302,S3,1x3677 + 3467* (q=1733)
7145,1459,0.204199,S7f2,2x2843 + 1459* (q=3)
7146,3343,0.467814,S3,1x3343 + 3803* (q=1901)
7147,2048,0.286554,S3,1x2048 + 5099* (q=2549)
7148,1787,0.250000,S2,4x1787
7149,2383,0.333333,S2,3x2383
7150,3527,0.493287,S3,1x3527 + 3623* (q=1811)
7151,7151,1.000000,S1,"AGL(1,7151)"
7152,3529,0.493428,S3,1x3529 + 3623* (q=1811)
7153,2347,0.328114,S7f2,2x2347 + 2459* (q=1229)
7154,1777,0.248393,S7f3,3x1777 + 1823* (q=911)
7155,1429,0.199720,S7f4,4x1429 + 1439* (q=719)
7156,3533,0.493712,S3,1x3533 + 3623* (q=1811)
7157,953,0.133156,S7f6,6x953 + 1439* (q=719)
7158,3467,0.484353,S3,1x3691 + 3467* (q=1733)
7159,7159,1.000000,S1,"AGL(1,7159)"
7160,1699,0.237291,S7f3,3x1699 + 2063* (q=1031)
7161,2357,0.329144,S7f2,2x2357 + 2447* (q=1223)
7162,3581,0.500000,S2,2x3581
7163,1019,0.142259,S7f6,6x1024 + 1019* (q=509)
7164,3541,0.494277,S3,1x3541 + 3623* (q=1811)
7165,2293,0.320028,S7f2,2x2293 + 2579* (q=1289)
7166,3583,0.500000,S2,2x3583
7167,2389,0.333333,S2,3x2389
7168,3467,0.483677,S3,1x3701 + 3467* (q=1733)
7169,997,0.139071,S7f6,6x997 + 1187* (q=593)
7170,3547,0.494700,S3,1x3547 + 3623* (q=1811)
7171,1433,0.199833,S7f4,4x1433 + 1439* (q=719)
7172,1783,0.248606,S7f3,3x1783 + 1823* (q=911)
7173,2357,0.328593,S7f2,2x2357 + 2459* (q=1229)
7174,3371,0.469891,S3,1x3371 + 3803* (q=1901)
7175,1429,0.199164,S7f4,4x1429 + 1459* (q=3)
7176,3467,0.483138,S3,1x3709 + 3467* (q=1733)
7177,7177,1.000000,S1,"AGL(1,7177)"
7178,1693,0.235860,S7f3,3x1693 + 2099* (q=1049)
7179,2393,0.333333,S2,3x2393
7180,3557,0.495404,S3,1x3557 + 3623* (q=1811)
7181,1459,0.203175,S7f2,2x2861 + 1459* (q=3)
7182,3559,0.495544,S3,1x3559 + 3623* (q=1811)
7183,1319,0.183628,S7f4,4x1319 + 1907* (q=953)
7184,1787,0.248747,S7f3,3x1787 + 1823* (q=911)
7185,2153,0.299652,S7f2,2x2153 + 2879* (q=1439)
7186,3593,0.500000,S2,2x3593
7187,7187,1.000000,S1,"AGL(1,7187)"
7188,3467,0.482332,S3,1x3721 + 3467* (q=1733)
7189,2371,0.329809,S7f2,2x2371 + 2447* (q=1223)
7190,1789,0.248818,S7f3,3x1789 + 1823* (q=911)
7191,1433,0.199277,S7f4,4x1433 + 1459* (q=3)
7192,3413,0.474555,S3,1x3413 + 3779* (q=1889)
7193,7193,1.000000,S1,"AGL(1,7193)"
7194,3571,0.496386,S3,1x3571 + 3623* (q=1811)
7195,1439,0.200000,S2,5x1439
7196,1723,0.239439,S7f3,3x1723 + 2027* (q=1013)
7197,2399,0.333333,S2,3x2399
7198,3251,0.451653,S3,1x3251 + 3947* (q=1973)
7199,1024,0.142242,S7f3,3x1024 + 4127* (q=2063)
7200,3467,0.481528,S3,1x3733 + 3467* (q=1733)
7201,2377,0.330093,S7f2,2x2377 + 2447* (q=1223)
7202,1721,0.238961,S7f3,3x1721 + 2039* (q=1019)
7203,2401,0.333333,S2,3x2401
7204,3581,0.497085,S3,1x3581 + 3623* (q=1811)
7205,1019,0.141430,S7f6,6x1031 + 1019* (q=509)
7206,3583,0.497225,S3,1x3583 + 3623* (q=1811)
7207,7207,1.000000,S1,"AGL(1,7207)"
7208,1723,0.239040,S7f3,3x1723 + 2039* (q=1019)
7209,2381,0.330282,S7f2,2x2381 + 2447* (q=1223)
7210,3407,0.472538,S3,1x3407 + 3803* (q=1901)
7211,7211,1.000000,S1,"AGL(1,7211)"
7212,3433,0.476012,S3,1x3433 + 3779* (q=1889)
7213,7213,1.000000,S1,"AGL(1,7213)"
7214,3607,0.500000,S2,2x3607
7215,3119,0.432294,S3,1x4096 + 3119* (q=1559)
7216,3593,0.497921,S3,1x3593 + 3623* (q=1811)
7217,1459,0.202162,S7f2,2x2879 + 1459* (q=3)
7218,3271,0.453173,S3,1x3271 + 3947* (q=1973)
7219,7219,1.000000,S1,"AGL(1,7219)"
7220,1619,0.224238,S7f3,3x1867 + 1619* (q=809)
7221,2381,0.329733,S7f2,2x2381 + 2459* (q=1229)
7222,3359,0.465107,S3,1x3359 + 3863* (q=1931)
7223,503,0.069639,S7f12,12x503 + 1187* (q=593)
7224,3361,0.465255,S3,1x3361 + 3863* (q=1931)
7225,2389,0.330657,S7f2,2x2389 + 2447* (q=1223)
7226,3613,0.500000,S2,2x3613
7227,1439,0.199114,S7f4,4x1447 + 1439* (q=719)
7228,3467,0.479662,S3,1x3761 + 3467* (q=1733)
7229,7229,1.000000,S1,"AGL(1,7229)"
7230,3607,0.498893,S3,1x3607 + 3623* (q=1811)
7231,1427,0.197345,S7f4,4x1427 + 1523* (q=761)
7232,1723,0.238247,S7f3,3x1723 + 2063* (q=1031)
7233,2411,0.333333,S2,3x2411
7234,3617,0.500000,S2,2x3617
7235,1447,0.200000,S2,5x1447
7236,3613,0.499309,S3,1x3613 + 3623* (q=1811)
7237,7237,1.000000,S1,"AGL(1,7237)"
7238,1777,0.245510,S7f3,3x1777 + 1907* (q=953)
7239,1429,0.197403,S7f4,4x1429 + 1523* (q=761)
7240,3617,0.499586,S3,1x3617 + 3623* (q=1811)
7241,1009,0.139345,S7f6,6x1009 + 1187* (q=593)
7242,3463,0.478183,S3,1x3463 + 3779* (q=1889)
7243,7243,1.000000,S1,"AGL(1,7243)"
7244,1811,0.250000,S2,4x1811
7245,2399,0.331125,S7f2,2x2399 + 2447* (q=1223)
7246,3623,0.500000,S2,2x3623
7247,7247,1.000000,S1,"AGL(1,7247)"
7248,3469,0.478615,S3,1x3469 + 3779* (q=1889)
7249,2401,0.331218,S7f2,2x2401 + 2447* (q=1223)
7250,1741,0.240138,S7f3,3x1741 + 2027* (q=1013)
7251,2417,0.333333,S2,3x2417
7252,3449,0.475593,S3,1x3449 + 3803* (q=1901)
7253,7253,1.000000,S1,"AGL(1,7253)"
7254,3623,0.499449,S3,1x3631 + 3623* (q=1811)
7255,1451,0.200000,S2,5x1451
7256,1811,0.249587,S7f3,3x1811 + 1823* (q=911)
7257,2399,0.330577,S7f2,2x2399 + 2459* (q=1229)
7258,3251,0.447920,S3,1x3251 + 4007* (q=2003)
7259,523,0.072048,S7f12,12x523 + 983* (q=491)
7260,3623,0.499036,S3,1x3637 + 3623* (q=1811)
7261,2401,0.330671,S7f2,2x2401 + 2459* (q=1229)
7262,3631,0.500000,S2,2x3631
7263,3167,0.436046,S3,1x4096 + 3167* (q=1583)
7264,3467,0.477285,S3,1x3797 + 3467* (q=1733)
7265,1459,0.200826,S7f2,2x2903 + 1459* (q=3)
7266,3623,0.498624,S3,1x3643 + 3623* (q=1811)
7267,1361,0.187285,S7f4,4x1361 + 1823* (q=911)
7268,1787,0.245872,S7f3,3x1787 + 1907* (q=953)
7269,2423,0.333333,S2,3x2423
7270,3491,0.480193,S3,1x3491 + 3779* (q=1889)
7271,1453,0.199835,S7f4,4x1453 + 1459* (q=3)
7272,3469,0.477035,S3,1x3469 + 3803* (q=1901)
7273,2347,0.322700,S7f2,2x2347 + 2579* (q=1289)
7274,3637,0.500000,S2,2x3637
7275,1447,0.198900,S7f4,4x1447 + 1487* (q=743)
7276,3413,0.469076,S3,1x3413 + 3863* (q=1931)
7277,2187,0.300536,S7f2,2x2187 + 2903* (q=1451)
7278,3499,0.480764,S3,1x3499 + 3779* (q=1889)
7279,1439,0.197692,S7f4,4x1439 + 1523* (q=761)
7280,1747,0.239973,S7f3,3x1747 + 2039* (q=1019)
7281,2417,0.331960,S7f2,2x2417 + 2447* (q=1223)
7282,3623,0.497528,S3,1x3659 + 3623* (q=1811)
7283,7283,1.000000,S1,"AGL(1,7283)"
7284,3481,0.477897,S3,1x3481 + 3803* (q=1901)
7285,2311,0.317227,S7f2,2x2311 + 2663* (q=11)
7286,3643,0.500000,S2,2x3643
7287,1297,0.177988,S7f4,4x1297 + 2099* (q=1049)
7288,3467,0.475714,S3,1x3821 + 3467* (q=1733)
7289,997,0.136781,S7f6,6x997 + 1307* (q=653)
7290,3511,0.481619,S3,1x3511 + 3779* (q=1889)
7291,1451,0.199012,S7f4,4x1451 + 1487* (q=743)
7292,1823,0.250000,S2,4x1823
7293,2423,0.332236,S7f2,2x2423 + 2447* (q=1223)
7294,3623,0.496710,S3,1x3671 + 3623* (q=1811)
7295,1459,0.200000,S2,5x1459
7296,3623,0.496573,S3,1x3673 + 3623* (q=1811)
7297,7297,1.000000,S1,"AGL(1,7297)"
7298,1753,0.240203,S7f3,3x1753 + 2039* (q=1019)
7299,3203,0.438827,S3,1x4096 + 3203* (q=1601)
7300,3623,0.496301,S3,1x3677 + 3623* (q=1811)
7301,1019,0.139570,S7f6,6x1019 + 1187* (q=593)
7302,3499,0.479184,S3,1x3499 + 3803* (q=1901)
7303,1319,0.180611,S7f4,4x1319 + 2027* (q=1013)
7304,1759,0.240827,S7f3,3x1759 + 2027* (q=1013)
7305,2423,0.331691,S7f2,2x2423 + 2459* (q=1229)
7306,3527,0.482754,S3,1x3527 + 3779* (q=1889)
7307,7307,1.000000,S1,"AGL(1,7307)"
7308,3529,0.482895,S3,1x3529 + 3779* (q=1889)
7309,7309,1.000000,S1,"AGL(1,7309)"
7310,1801,0.246375,S7f3,3x1801 + 1907* (q=953)
7311,2437,0.333333,S2,3x2437
7312,3533,0.483178,S3,1x3533 + 3779* (q=1889)
7313,1459,0.199508,S7f2,2x2927 + 1459* (q=3)
7314,3623,0.495351,S3,1x3691 + 3623* (q=1811)
7315,1373,0.187697,S7f4,4x1373 + 1823* (q=911)
7316,1823,0.249180,S7f3,3x1831 + 1823* (q=911)
7317,2207,0.301626,S7f2,2x2207 + 2903* (q=1451)
7318,3659,0.500000,S2,2x3659
7319,729,0.099604,S7f8,8x729 + 1487* (q=743)
7320,3623,0.494945,S3,1x3697 + 3623* (q=1811)
7321,7321,1.000000,S1,"AGL(1,7321)"
7322,1753,0.239415,S7f3,3x1753 + 2063* (q=1031)
7323,2441,0.333333,S2,3x2441
7324,3623,0.494675,S3,1x3701 + 3623* (q=1811)
7325,1019,0.139113,S7f6,6x1051 + 1019* (q=509)
7326,3547,0.484166,S3,1x3547 + 3779* (q=1889)
7327,1451,0.198035,S7f4,4x1451 + 1523* (q=761)
7328,1627,0.222025,S7f3,3x1627 + 2447* (q=1223)
7329,2441,0.333060,S7f2,2x2441 + 2447* (q=1223)
7330,3527,0.481173,S3,1x3527 + 3803* (q=1901)
7331,7331,1.000000,S1,"AGL(1,7331)"
7332,3623,0.494135,S3,1x3709 + 3623* (q=1811)
7333,7333,1.000000,S1,"AGL(1,7333)"
7334,1709,0.233024,S7f3,3x1709 + 2207* (q=1103)
7335,1453,0.198091,S7f4,4x1453 + 1523* (q=761)
7336,3557,0.484869,S3,1x3557 + 3779* (q=1889)
7337,2187,0.298078,S7f2,2x2187 + 2963* (q=1481)
7338,3559,0.485010,S3,1x3559 + 3779* (q=1889)
7339,1367,0.186265,S7f4,4x1493 + 1367* (q=683)
7340,1811,0.246730,S7f3,3x1811 + 1907* (q=953)
7341,2447,0.333333,S2,3x2447
7342,3671,0.500000,S2,2x3671
7343,1459,0.198693,S7f4,4x1471 + 1459* (q=3)
7344,3623,0.493328,S3,1x3721 + 3623* (q=1811)
7345,2383,0.324438,S7f2,2x2383 + 2579* (q=1289)
7346,3673,0.500000,S2,2x3673
7347,1381,0.187968,S7f4,4x1381 + 1823* (q=911)
7348,3467,0.471829,S3,1x3881 + 3467* (q=1733)
7349,7349,1.000000,S1,"AGL(1,7349)"
7350,3623,0.492925,S3,1x3727 + 3623* (q=1811)
7351,7351,1.000000,S1,"AGL(1,7351)"
7352,1511,0.205522,S7f3,3x1511 + 2819* (q=1409)
7353,2447,0.332789,S7f2,2x2447 + 2459* (q=1229)
7354,3677,0.500000,S2,2x3677
7355,1471,0.200000,S2,5x1471
7356,3623,0.492523,S3,1x3733 + 3623* (q=1811)
7357,2389,0.324725,S7f2,2x2389 + 2579* (q=1289)
7358,1777,0.241506,S7f3,3x1777 + 2027* (q=1013)
7359,1459,0.198261,S7f4,4x1459 + 1523* (q=761)
7360,3581,0.486549,S3,1x3581 + 3779* (q=1889)
7361,1013,0.137617,S7f6,6x1013 + 1283* (q=641)
7362,3623,0.492122,S3,1x3739 + 3623* (q=1811)
7363,1439,0.195437,S7f4,4x1481 + 1439* (q=719)
7364,1823,0.247556,S7f3,3x1847 + 1823* (q=911)
7365,2447,0.332247,S7f2,2x2459 + 2447* (q=1223)
7366,3359,0.456014,S3,1x3359 + 4007* (q=2003)
7367,529,0.071807,S7f12,12x529 + 1019* (q=509)
7368,3361,0.456162,S3,1x3361 + 4007* (q=2003)
7369,7369,1.000000,S1,"AGL(1,7369)"
7370,1823,0.247354,S7f3,3x1849 + 1823* (q=911)
7371,1471,0.199566,S7f4,4x1471 + 1487* (q=743)
7372,3593,0.487385,S3,1x3593 + 3779* (q=1889)
7373,2187,0.296623,S7f2,2x2187 + 2999* (q=1499)
7374,3571,0.484269,S3,1x3571 + 3803* (q=1901)
7375,1439,0.195119,S7f4,4x1439 + 1619* (q=809)
7376,1823,0.247153,S7f3,3x1823 + 1907* (q=953)
7377,2459,0.333333,S2,3x2459
7378,3467,0.469911,S3,1x3911 + 3467* (q=1733)
7379,541,0.073316,S7f12,12x541 + 887* (q=443)
7380,3517,0.476558,S3,1x3517 + 3863* (q=1931)
7381,2447,0.331527,S7f2,2x2467 + 2447* (q=1223)
7382,3691,0.500000,S2,2x3691
7383,1459,0.197616,S7f4,4x1481 + 1459* (q=3)
7384,3623,0.490655,S3,1x3761 + 3623* (q=1811)
7385,1459,0.197563,S7f2,2x2963 + 1459* (q=3)
7386,3607,0.488356,S3,1x3607 + 3779* (q=1889)
7387,1439,0.194802,S7f4,4x1487 + 1439* (q=719)
7388,1847,0.250000,S2,4x1847
7389,2243,0.303559,S7f2,2x2243 + 2903* (q=1451)
7390,3623,0.490257,S3,1x3767 + 3623* (q=1811)
7391,1459,0.197402,S7f4,4x1483 + 1459* (q=3)
7392,3623,0.490124,S3,1x3769 + 3623* (q=1811)
7393,7393,1.000000,S1,"AGL(1,7393)"
7394,3697,0.500000,S2,2x3697
7395,1439,0.194591,S7f4,4x1489 + 1439* (q=719)
7396,3617,0.489048,S3,1x3617 + 3779* (q=1889)
7397,2187,0.295660,S7f2,2x2187 + 3023* (q=1511)
7398,3467,0.468640,S3,1x3931 + 3467* (q=1733)
7399,1373,0.185566,S7f4,4x1373 + 1907* (q=953)
7400,1831,0.247432,S7f3,3x1831 + 1907* (q=953)
7401,2467,0.333333,S2,3x2467
7402,3701,0.500000,S2,2x3701
7403,743,0.100365,S7f8,8x743 + 1459* (q=3)
7404,3541,0.478255,S3,1x3541 + 3863* (q=1931)
7405,2459,0.332073,S7f2,2x2473 + 2459* (q=1229)
7406,1823,0.246152,S7f3,3x1861 + 1823* (q=911)
7407,1471,0.198596,S7f4,4x1471 + 1523* (q=761)
7408,3461,0.467198,S3,1x3461 + 3947* (q=1973)
7409,1021,0.137805,S7f6,6x1021 + 1283* (q=641)
7410,3631,0.490013,S3,1x3631 + 3779* (q=1889)
7411,7411,1.000000,S1,"AGL(1,7411)"
7412,1783,0.240556,S7f3,3x1783 + 2063* (q=1031)
7413,2459,0.331715,S7f2,2x2477 + 2459* (q=1229)
7414,3467,0.467629,S3,1x3467 + 3947* (q=1973)
7415,1483,0.200000,S2,5x1483
7416,3637,0.490426,S3,1x3637 + 3779* (q=1889)
7417,7417,1.000000,S1,"AGL(1,7417)"
7418,3709,0.500000,S2,2x3709
7419,2473,0.333333,S2,3x2473
7420,3623,0.488275,S3,1x3797 + 3623* (q=1811)
7421,1039,0.140008,S7f6,6x1039 + 1187* (q=593)
7422,3643,0.490838,S3,1x3643 + 3779* (q=1889)
7423,1451,0.195474,S7f4,4x1451 + 1619* (q=809)
7424,1823,0.245555,S7f3,3x1867 + 1823* (q=911)
7425,2423,0.326330,S7f2,2x2423 + 2579* (q=1289)
7426,3623,0.487880,S3,1x3623 + 3803* (q=1901)
7427,1283,0.172748,S7f3,3x2048 + 1283* (q=641)
7428,3481,0.468632,S3,1x3481 + 3947* (q=1973)
7429,2383,0.320770,S7f2,2x2383 + 2663* (q=11)
7430,1801,0.242396,S7f3,3x1801 + 2027* (q=1013)
7431,2477,0.333333,S2,3x2477
7432,3203,0.430974,S3,1x4229 + 3203* (q=1601)
7433,7433,1.000000,S1,"AGL(1,7433)"
7434,3631,0.488432,S3,1x3631 + 3803* (q=1901)
7435,2048,0.275454,S3,1x2048 + 5387* (q=2693)
7436,1823,0.245159,S7f3,3x1871 + 1823* (q=911)
7437,2309,0.310475,S7f2,2x2309 + 2819* (q=1409)
7438,3719,0.500000,S2,2x3719
7439,571,0.076758,S7f12,12x571 + 587* (q=293)
7440,3637,0.488844,S3,1x3637 + 3803* (q=1901)
7441,2389,0.321059,S7f2,2x2389 + 2663* (q=11)
7442,3721,0.500000,S2,2x3721
7443,1487,0.199785,S7f4,4x1489 + 1487* (q=743)
7444,3623,0.486701,S3,1x3821 + 3623* (q=1811)
7445,1489,0.200000,S2,5x1489
7446,3643,0.489256,S3,1x3643 + 3803* (q=1901)
7447,2048,0.275010,S3,1x2048 + 5399* (q=2699)
7448,1847,0.247986,S7f3,3x1847 + 1907* (q=953)
7449,2393,0.321251,S7f2,2x2393 + 2663* (q=11)
7450,3671,0.492752,S3,1x3671 + 3779* (q=1889)
7451,7451,1.000000,S1,"AGL(1,7451)"
7452,3673,0.492888,S3,1x3673 + 3779* (q=1889)
7453,2447,0.328324,S7f2,2x2503 + 2447* (q=1223)
7454,3727,0.500000,S2,2x3727
7455,1483,0.198927,S7f4,4x1483 + 1523* (q=761)
7456,3677,0.493160,S3,1x3677 + 3779* (q=1889)
7457,7457,1.000000,S1,"AGL(1,7457)"
7458,3511,0.470770,S3,1x3511 + 3947* (q=1973)
7459,7459,1.000000,S1,"AGL(1,7459)"
7460,1823,0.244370,S7f3,3x1879 + 1823* (q=911)
7461,2441,0.327168,S7f2,2x2441 + 2579* (q=1289)
7462,3659,0.490351,S3,1x3659 + 3803* (q=1901)
7463,1319,0.176739,S7f3,3x2048 + 1319* (q=659)
7464,3517,0.471195,S3,1x3517 + 3947* (q=1973)
7465,2459,0.329404,S7f2,2x2503 + 2459* (q=1229)
7466,3733,0.500000,S2,2x3733
7467,1201,0.160841,S7f4,4x1201 + 2663* (q=11)
7468,3467,0.464247,S3,1x4001 + 3467* (q=1733)
7469,1031,0.138037,S7f6,6x1031 + 1283* (q=641)
7470,3691,0.494110,S3,1x3691 + 3779* (q=1889)
7471,1487,0.199036,S7f4,4x1487 + 1523* (q=761)
7472,1811,0.242372,S7f3,3x1811 + 2039* (q=1019)
7473,2447,0.327445,S7f2,2x2447 + 2579* (q=1289)
7474,3671,0.491169,S3,1x3671 + 3803* (q=1901)
7475,563,0.075318,S7f12,12x563 + 719* (q=359)
7476,3697,0.494516,S3,1x3697 + 3779* (q=1889)
7477,7477,1.000000,S1,"AGL(1,7477)"
7478,3739,0.500000,S2,2x3739
7479,1489,0.199091,S7f4,4x1489 + 1523* (q=761)
7480,3701,0.494786,S3,1x3701 + 3779* (q=1889)
7481,7481,1.000000,S1,"AGL(1,7481)"
7482,3343,0.446806,S3,1x3343 + 4139* (q=2069)
7483,1487,0.198717,S7f4,4x1499 + 1487* (q=743)
7484,1871,0.250000,S2,4x1871
7485,2411,0.322111,S7f2,2x2411 + 2663* (q=11)
7486,3623,0.483970,S3,1x3623 + 3863* (q=1931)
7487,7487,1.000000,S1,"AGL(1,7487)"
7488,3709,0.495326,S3,1x3709 + 3779* (q=1889)
7489,7489,1.000000,S1,"AGL(1,7489)"
7490,1861,0.248465,S7f3,3x1861 + 1907* (q=953)
7491,1367,0.182486,S7f4,4x1531 + 1367* (q=683)
7492,3413,0.455553,S3,1x3413 + 4079* (q=2039)
7493,2187,0.291872,S7f2,2x2187 + 3119* (q=1559)
7494,3691,0.492527,S3,1x3691 + 3803* (q=1901)
7495,1499,0.200000,S2,5x1499
7496,1823,0.243196,S7f3,3x1823 + 2027* (q=1013)
7497,2459,0.327998,S7f2,2x2459 + 2579* (q=1289)
7498,3719,0.495999,S3,1x3719 + 3779* (q=1889)
7499,7499,1.000000,S1,"AGL(1,7499)"
7500,3721,0.496133,S3,1x3721 + 3779* (q=1889)
7501,2459,0.327823,S7f2,2x2521 + 2459* (q=1229)
7502,1801,0.240069,S7f3,3x1801 + 2099* (q=1049)
7503,1471,0.196055,S7f4,4x1471 + 1619* (q=809)
7504,3701,0.493204,S3,1x3701 + 3803* (q=1901)
7505,1459,0.194404,S7f2,2x3023 + 1459* (q=3)
7506,3727,0.496536,S3,1x3727 + 3779* (q=1889)
7507,7507,1.000000,S1,"AGL(1,7507)"
7508,1877,0.250000,S2,4x1877
7509,2503,0.333333,S2,3x2503
7510,3371,0.448868,S3,1x3371 + 4139* (q=2069)
7511,1367,0.182000,S7f3,3x2048 + 1367* (q=683)
7512,3733,0.496938,S3,1x3733 + 3779* (q=1889)
7513,2467,0.328364,S7f2,2x2467 + 2579* (q=1289)
7514,1523,0.202688,S7f3,3x1997 + 1523* (q=761)
7515,1423,0.189355,S7f4,4x1423 + 1823* (q=911)
7516,3467,0.461283,S3,1x4049 + 3467* (q=1733)
7517,7517,1.000000,S1,"AGL(1,7517)"
7518,3739,0.497340,S3,1x3739 + 3779* (q=1889)
7519,1499,0.199362,S7f4,4x1499 + 1523* (q=761)
7520,1871,0.248803,S7f3,3x1871 + 1907* (q=953)
7521,2459,0.326951,S7f2,2x2531 + 2459* (q=1229)
7522,3761,0.500000,S2,2x3761
7523,7523,1.000000,S1,"AGL(1,7523)"
7524,3721,0.494551,S3,1x3721 + 3803* (q=1901)
7525,2473,0.328638,S7f2,2x2473 + 2579* (q=1289)
7526,1873,0.248871,S7f3,3x1873 + 1907* (q=953)
7527,1237,0.164342,S7f4,4x1237 + 2579* (q=1289)
7528,3581,0.475691,S3,1x3581 + 3947* (q=1973)
7529,7529,1.000000,S1,"AGL(1,7529)"
7530,3727,0.494954,S3,1x3727 + 3803* (q=1901)
7531,2048,0.271943,S3,1x2048 + 5483* (q=2741)
7532,1831,0.243096,S7f3,3x1831 + 2039* (q=1019)
7533,2477,0.328820,S7f2,2x2477 + 2579* (q=1289)
7534,3767,0.500000,S2,2x3767
7535,529,0.070206,S7f12,12x529 + 1187* (q=593)
7536,3733,0.495356,S3,1x3733 + 3803* (q=1901)
7537,7537,1.000000,S1,"AGL(1,7537)"
7538,3769,0.500000,S2,2x3769
7539,1429,0.189548,S7f4,4x1429 + 1823* (q=911)
7540,3761,0.498806,S3,1x3761 + 3779* (q=1889)
7541,7541,1.000000,S1,"AGL(1,7541)"
7542,3739,0.495757,S3,1x3739 + 3803* (q=1901)
7543,1481,0.196341,S7f4,4x1481 + 1619* (q=809)
7544,1879,0.249072,S7f3,3x1879 + 1907* (q=953)
7545,2459,0.325911,S7f2,2x2543 + 2459* (q=1229)
7546,3767,0.499205,S3,1x3767 + 3779* (q=1889)
7547,7547,1.000000,S1,"AGL(1,7547)"
7548,3769,0.499338,S3,1x3769 + 3779* (q=1889)
7549,7549,1.000000,S1,"AGL(1,7549)"
7550,1697,0.224768,S7f3,3x1697 + 2459* (q=1229)
7551,1483,0.196398,S7f4,4x1483 + 1619* (q=809)
7552,3623,0.479740,S3,1x3929 + 3623* (q=1811)
7553,1061,0.140474,S7f6,6x1061 + 1187* (q=593)
7554,3691,0.488615,S3,1x3691 + 3863* (q=1931)
7555,2048,0.271079,S3,1x2048 + 5507* (q=2753)
7556,1889,0.250000,S2,4x1889
7557,2459,0.325394,S7f2,2x2549 + 2459* (q=1229)
7558,3779,0.500000,S2,2x3779
7559,7559,1.000000,S1,"AGL(1,7559)"
7560,3697,0.489021,S3,1x3697 + 3863* (q=1931)
7561,7561,1.000000,S1,"AGL(1,7561)"
7562,1823,0.241074,S7f3,3x1913 + 1823* (q=911)
7563,3467,0.458416,S3,1x4096 + 3467* (q=1733)
7564,3761,0.497224,S3,1x3761 + 3803* (q=1901)
7565,1063,0.140516,S7f6,6x1063 + 1187* (q=593)
7566,3623,0.478853,S3,1x3943 + 3623* (q=1811)
7567,1511,0.199683,S7f4,4x1511 + 1523* (q=761)
7568,1847,0.244054,S7f3,3x1847 + 2027* (q=1013)
7569,2333,0.308231,S7f2,2x2333 + 2903* (q=1451)
7570,3767,0.497622,S3,1x3767 + 3803* (q=1901)
7571,571,0.075419,S7f12,12x571 + 719* (q=359)
7572,3779,0.499076,S3,1x3793 + 3779* (q=1889)
7573,7573,1.000000,S1,"AGL(1,7573)"
7574,2187,0.288751,S3,1x2187 + 5387* (q=2693)
7575,1489,0.196568,S7f4,4x1489 + 1619* (q=809)
7576,3779,0.498812,S3,1x3797 + 3779* (q=1889)
7577,7577,1.000000,S1,"AGL(1,7577)"
7578,3631,0.479150,S3,1x3631 + 3947* (q=1973)
7579,1487,0.196200,S7f4,4x1523 + 1487* (q=743)
7580,1847,0.243668,S7f3,3x1847 + 2039* (q=1019)
7581,2459,0.324364,S7f2,2x2459 + 2663* (q=11)
7582,3779,0.498417,S3,1x3779 + 3803* (q=1901)
7583,7583,1.000000,S1,"AGL(1,7583)"
7584,3721,0.490638,S3,1x3721 + 3863* (q=1931)
7585,2503,0.329993,S7f2,2x2503 + 2579* (q=1289)
7586,3793,0.500000,S2,2x3793
7587,1381,0.182022,S7f4,4x1381 + 2063* (q=1031)
7588,3581,0.471929,S3,1x3581 + 4007* (q=2003)
7589,7589,1.000000,S1,"AGL(1,7589)"
7590,3727,0.491041,S3,1x3727 + 3863* (q=1931)
7591,7591,1.000000,S1,"AGL(1,7591)"
7592,1831,0.241175,S7f3,3x1831 + 2099* (q=1049)
7593,2531,0.333333,S2,3x2531
7594,3797,0.500000,S2,2x3797
7595,729,0.095984,S7f4,4x729 + 4679* (q=2339)
7596,3793,0.499342,S3,1x3793 + 3803* (q=1901)
7597,2467,0.324733,S7f2,2x2467 + 2663* (q=11)
7598,1619,0.213082,S7f3,3x1993 + 1619* (q=809)
7599,1423,0.187261,S7f4,4x1423 + 1907* (q=953)
7600,3797,0.499605,S3,1x3797 + 3803* (q=1901)
7601,1069,0.140639,S7f6,6x1069 + 1187* (q=593)
7602,3779,0.497106,S3,1x3823 + 3779* (q=1889)
7603,7603,1.000000,S1,"AGL(1,7603)"
7604,1901,0.250000,S2,4x1901
7605,2447,0.321762,S7f2,2x2579 + 2447* (q=1223)
7606,3803,0.500000,S2,2x3803
7607,7607,1.000000,S1,"AGL(1,7607)"
7608,3529,0.463854,S3,1x3529 + 4079* (q=2039)
7609,2473,0.325010,S7f2,2x2473 + 2663* (q=11)
7610,1901,0.249803,S7f3,3x1901 + 1907* (q=953)
7611,1487,0.195375,S7f4,4x1531 + 1487* (q=743)
7612,3779,0.496453,S3,1x3833 + 3779* (q=1889)
7613,1051,0.138053,S7f6,6x1051 + 1307* (q=653)
7614,3607,0.473733,S3,1x3607 + 4007* (q=2003)
7615,1523,0.200000,S2,5x1523
7616,1823,0.239364,S7f3,3x1931 + 1823* (q=911)
7617,2539,0.333333,S2,3x2539
7618,3671,0.481885,S3,1x3671 + 3947* (q=1973)
7619,1024,0.134401,S7f3,3x1024 + 4547* (q=2273)
7620,3673,0.482021,S3,1x3673 + 3947* (q=1973)
7621,7621,1.000000,S1,"AGL(1,7621)"
7622,1861,0.244162,S7f3,3x1861 + 2039* (q=1019)
7623,1429,0.187459,S7f4,4x1429 + 1907* (q=953)
7624,3803,0.498820,S3,1x3821 + 3803* (q=1901)
7625,1459,0.191344,S7f2,2x3083 + 1459* (q=3)
7626,3803,0.498689,S3,1x3823 + 3803* (q=1901)
7627,1451,0.190245,S7f4,4x1451 + 1823* (q=911)
7628,1907,0.250000,S2,4x1907
7629,2543,0.333333,S2,3x2543
7630,3779,0.495282,S3,1x3851 + 3779* (q=1889)
7631,1487,0.194863,S7f3,3x2048 + 1487* (q=743)
7632,3779,0.495152,S3,1x3853 + 3779* (q=1889)
7633,2447,0.320582,S7f2,2x2593 + 2447* (q=1223)
7634,1657,0.217055,S7f3,3x1657 + 2663* (q=11)
7635,1453,0.190308,S7f4,4x1453 + 1823* (q=911)
7636,3803,0.498036,S3,1x3833 + 3803* (q=1901)
7637,1459,0.191044,S7f2,2x3089 + 1459* (q=3)
7638,3691,0.483242,S3,1x3691 + 3947* (q=1973)
7639,7639,1.000000,S1,"AGL(1,7639)"
7640,1871,0.244895,S7f3,3x1871 + 2027* (q=1013)
7641,2531,0.331239,S7f2,2x2531 + 2579* (q=1289)
7642,3821,0.500000,S2,2x3821
7643,7643,1.000000,S1,"AGL(1,7643)"
7644,3697,0.483647,S3,1x3697 + 3947* (q=1973)
7645,2459,0.321648,S7f2,2x2593 + 2459* (q=1229)
7646,3823,0.500000,S2,2x3823
7647,2549,0.333333,S2,3x2549
7648,3701,0.483917,S3,1x3701 + 3947* (q=1973)
7649,7649,1.000000,S1,"AGL(1,7649)"
7650,3803,0.497124,S3,1x3847 + 3803* (q=1901)
7651,1439,0.188080,S7f4,4x1553 + 1439* (q=719)
7652,1913,0.250000,S2,4x1913
7653,2551,0.333333,S2,3x2551
7654,3803,0.496864,S3,1x3851 + 3803* (q=1901)
7655,1531,0.200000,S2,5x1531
7656,3803,0.496735,S3,1x3853 + 3803* (q=1901)
7657,2539,0.331592,S7f2,2x2539 + 2579* (q=1289)
7658,1877,0.245103,S7f3,3x1877 + 2027* (q=1013)
7659,1487,0.194151,S7f4,4x1543 + 1487* (q=743)
7660,3797,0.495692,S3,1x3797 + 3863* (q=1931)
7661,1063,0.138755,S7f6,6x1063 + 1283* (q=641)
7662,3583,0.467632,S3,1x3583 + 4079* (q=2039)
7663,1511,0.197181,S7f4,4x1511 + 1619* (q=809)
7664,1879,0.245172,S7f3,3x1879 + 2027* (q=1013)
7665,2543,0.331768,S7f2,2x2543 + 2579* (q=1289)
7666,3833,0.500000,S2,2x3833
7667,1523,0.198644,S7f3,3x2048 + 1523* (q=761)
7668,3779,0.492827,S3,1x3889 + 3779* (q=1889)
7669,7669,1.000000,S1,"AGL(1,7669)"
7670,2187,0.285137,S3,1x2187 + 5483* (q=2741)
7671,2557,0.333333,S2,3x2557
7672,3623,0.472237,S3,1x4049 + 3623* (q=1811)
7673,7673,1.000000,S1,"AGL(1,7673)"
7674,3727,0.485666,S3,1x3727 + 3947* (q=1973)
7675,1439,0.187492,S7f4,4x1559 + 1439* (q=719)
7676,1879,0.244789,S7f3,3x1879 + 2039* (q=1019)
7677,2549,0.332031,S7f2,2x2549 + 2579* (q=1289)
7678,3671,0.478119,S3,1x3671 + 4007* (q=2003)
7679,1097,0.142857,S2,7x1097
7680,3803,0.495182,S3,1x3877 + 3803* (q=1901)
7681,7681,1.000000,S1,"AGL(1,7681)"
7682,1873,0.243817,S7f3,3x1873 + 2063* (q=1031)
7683,1487,0.193544,S7f4,4x1549 + 1487* (q=743)
7684,3821,0.497267,S3,1x3821 + 3863* (q=1931)
7685,1063,0.138321,S7f6,6x1063 + 1307* (q=653)
7686,3823,0.497398,S3,1x3823 + 3863* (q=1931)
7687,7687,1.000000,S1,"AGL(1,7687)"
7688,1747,0.227237,S7f3,3x1747 + 2447* (q=1223)
7689,2447,0.318247,S7f2,2x2621 + 2447* (q=1223)
7690,3779,0.491417,S3,1x3911 + 3779* (q=1889)
7691,7691,1.000000,S1,"AGL(1,7691)"
7692,3803,0.494410,S3,1x3889 + 3803* (q=1901)
7693,2557,0.332380,S7f2,2x2557 + 2579* (q=1289)
7694,3847,0.500000,S2,2x3847
7695,1523,0.197921,S7f4,4x1543 + 1523* (q=761)
7696,3833,0.498051,S3,1x3833 + 3863* (q=1931)
7697,1459,0.189554,S7f2,2x3119 + 1459* (q=3)
7698,3779,0.490907,S3,1x3919 + 3779* (q=1889)
7699,7699,1.000000,S1,"AGL(1,7699)"
7700,1907,0.247662,S7f3,3x1931 + 1907* (q=953)
7701,2459,0.319309,S7f2,2x2621 + 2459* (q=1229)
7702,3851,0.500000,S2,2x3851
7703,7703,1.000000,S1,"AGL(1,7703)"
7704,3697,0.479881,S3,1x3697 + 4007* (q=2003)
7705,2521,0.327190,S7f2,2x2521 + 2663* (q=11)
7706,3853,0.500000,S2,2x3853
7707,1471,0.190865,S7f4,4x1471 + 1823* (q=911)
7708,3779,0.490270,S3,1x3929 + 3779* (q=1889)
7709,1459,0.189259,S7f2,2x3125 + 1459* (q=3)
7710,3847,0.498962,S3,1x3847 + 3863* (q=1931)
7711,1523,0.197510,S7f4,4x1523 + 1619* (q=809)
7712,1871,0.242609,S7f3,3x1871 + 2099* (q=1049)
7713,2447,0.317257,S7f2,2x2447 + 2819* (q=1409)
7714,3851,0.499222,S3,1x3851 + 3863* (q=1931)
7715,1543,0.200000,S2,5x1543
7716,3853,0.499352,S3,1x3853 + 3863* (q=1931)
7717,7717,1.000000,S1,"AGL(1,7717)"
7718,1873,0.242679,S7f3,3x1873 + 2099* (q=1049)
7719,3623,0.469361,S3,1x4096 + 3623* (q=1811)
7720,3803,0.492617,S3,1x3917 + 3803* (q=1901)
7721,1103,0.142857,S2,7x1103
7722,3803,0.492489,S3,1x3919 + 3803* (q=1901)
7723,7723,1.000000,S1,"AGL(1,7723)"
7724,1931,0.250000,S2,4x1931
7725,2531,0.327638,S7f2,2x2531 + 2663* (q=11)
7726,3863,0.500000,S2,2x3863
7727,7727,1.000000,S1,"AGL(1,7727)"
7728,3721,0.481496,S3,1x3721 + 4007* (q=2003)
7729,2383,0.308319,S7f2,2x2383 + 2963* (q=1481)
7730,1901,0.245925,S7f3,3x1901 + 2027* (q=1013)
7731,1423,0.184064,S7f4,4x1423 + 2039* (q=1019)
7732,3803,0.491852,S3,1x3929 + 3803* (q=1901)
7733,1459,0.188672,S7f2,2x3137 + 1459* (q=3)
7734,3803,0.491725,S3,1x3931 + 3803* (q=1901)
7735,1523,0.196897,S7f4,4x1553 + 1523* (q=761)
7736,1879,0.242890,S7f3,3x1879 + 2099* (q=1049)
7737,2579,0.333333,S2,3x2579
7738,3659,0.472861,S3,1x3659 + 4079* (q=2039)
7739,729,0.094198,S7f8,8x729 + 1907* (q=953)
7740,3863,0.499096,S3,1x3877 + 3863* (q=1931)
7741,7741,1.000000,S1,"AGL(1,7741)"
7742,1901,0.245544,S7f3,3x1901 + 2039* (q=1019)
7743,1531,0.197727,S7f4,4x1531 + 1619* (q=809)
7744,3863,0.498838,S3,1x3881 + 3863* (q=1931)
7745,1549,0.200000,S2,5x1549
7746,3803,0.490963,S3,1x3943 + 3803* (q=1901)
7747,1481,0.191171,S7f4,4x1481 + 1823* (q=911)
7748,1907,0.246128,S7f3,3x1907 + 2027* (q=1013)
7749,2543,0.328171,S7f2,2x2543 + 2663* (q=11)
7750,3803,0.490710,S3,1x3803 + 3947* (q=1973)
7751,1024,0.132112,S7f3,3x1024 + 4679* (q=2339)
7752,3863,0.498323,S3,1x3889 + 3863* (q=1931)
7753,7753,1.000000,S1,"AGL(1,7753)"
7754,3877,0.500000,S2,2x3877
7755,1487,0.191747,S7f4,4x1567 + 1487* (q=743)
7756,3677,0.474085,S3,1x3677 + 4079* (q=2039)
7757,7757,1.000000,S1,"AGL(1,7757)"
7758,3631,0.468033,S3,1x3631 + 4127* (q=2063)
7759,7759,1.000000,S1,"AGL(1,7759)"
7760,1907,0.245747,S7f3,3x1907 + 2039* (q=1019)
7761,2579,0.332303,S7f2,2x2591 + 2579* (q=1289)
7762,3881,0.500000,S2,2x3881
7763,1619,0.208553,S7f3,3x2048 + 1619* (q=809)
7764,3637,0.468444,S3,1x3637 + 4127* (q=2063)
7765,2579,0.332131,S7f2,2x2593 + 2579* (q=1289)
7766,1913,0.246330,S7f3,3x1913 + 2027* (q=1013)
7767,1327,0.170851,S7f4,4x1327 + 2459* (q=1229)
7768,3821,0.491890,S3,1x3821 + 3947* (q=1973)
7769,1097,0.141202,S7f6,6x1097 + 1187* (q=593)
7770,3863,0.497169,S3,1x3907 + 3863* (q=1931)
7771,1487,0.191352,S7f4,4x1487 + 1823* (q=911)
7772,1583,0.203680,S7f3,3x1583 + 3023* (q=1511)
7773,2591,0.333333,S2,3x2591
7774,3863,0.496913,S3,1x3911 + 3863* (q=1931)
7775,1459,0.187653,S7f4,4x1579 + 1459* (q=3)
7776,3769,0.484697,S3,1x3769 + 4007* (q=2003)
7777,2557,0.328790,S7f2,2x2557 + 2663* (q=11)
7778,3889,0.500000,S2,2x3889
7779,2593,0.333333,S2,3x2593
7780,3863,0.496530,S3,1x3917 + 3863* (q=1931)
7781,1069,0.137386,S7f6,6x1069 + 1367* (q=683)
7782,3863,0.496402,S3,1x3919 + 3863* (q=1931)
7783,1439,0.184890,S7f4,4x1439 + 2027* (q=1013)
7784,1907,0.244990,S7f3,3x1907 + 2063* (q=1031)
7785,2459,0.315864,S7f2,2x2663 + 2459* (q=1229)
7786,3863,0.496147,S3,1x3923 + 3863* (q=1931)
7787,599,0.076923,S2,13x599
7788,3709,0.476246,S3,1x3709 + 4079* (q=2039)
7789,7789,1.000000,S1,"AGL(1,7789)"
7790,1861,0.238896,S7f3,3x1861 + 2207* (q=1103)
7791,1543,0.198049,S7f4,4x1543 + 1619* (q=809)
7792,3863,0.495765,S3,1x3929 + 3863* (q=1931)
7793,7793,1.000000,S1,"AGL(1,7793)"
7794,3863,0.495638,S3,1x3931 + 3863* (q=1931)
7795,1559,0.200000,S2,5x1559
7796,1949,0.250000,S2,4x1949
7797,2579,0.330768,S7f2,2x2609 + 2579* (q=1289)
7798,3851,0.493845,S3,1x3851 + 3947* (q=1973)
7799,709,0.090909,S2,11x709
7800,3853,0.493974,S3,1x3853 + 3947* (q=1973)
7801,2459,0.315216,S7f2,2x2671 + 2459* (q=1229)
7802,1913,0.245194,S7f3,3x1913 + 2063* (q=1031)
7803,1487,0.190568,S7f4,4x1579 + 1487* (q=743)
7804,3803,0.487314,S3,1x4001 + 3803* (q=1901)
7805,1103,0.141320,S7f6,6x1103 + 1187* (q=593)
7806,3863,0.494876,S3,1x3943 + 3863* (q=1931)
7807,1523,0.195081,S7f4,4x1571 + 1523* (q=761)
7808,1867,0.239114,S7f3,3x1867 + 2207* (q=1103)
7809,2423,0.310283,S7f2,2x2423 + 2963* (q=1481)
7810,3863,0.494622,S3,1x3863 + 3947* (q=1973)
7811,577,0.073870,S7f12,12x577 + 887* (q=443)
7812,3733,0.477855,S3,1x3733 + 4079* (q=2039)
7813,2579,0.330091,S7f2,2x2617 + 2579* (q=1289)
7814,3907,0.500000,S2,2x3907
7815,1549,0.198209,S7f4,4x1549 + 1619* (q=809)
7816,3803,0.486566,S3,1x4013 + 3803* (q=1901)
7817,7817,1.000000,S1,"AGL(1,7817)"
7818,3739,0.478255,S3,1x3739 + 4079* (q=2039)
7819,1499,0.191712,S7f4,4x1499 + 1823* (q=911)
7820,1931,0.246931,S7f3,3x1931 + 2027* (q=1013)
7821,2579,0.329753,S7f2,2x2579 + 2663* (q=11)
7822,3911,0.500000,S2,2x3911
7823,7823,1.000000,S1,"AGL(1,7823)"
7824,3877,0.495527,S3,1x3877 + 3947* (q=1973)
7825,2503,0.319872,S7f2,2x2503 + 2819* (q=1409)
7826,2187,0.279453,S3,1x2187 + 5639* (q=2819)
7827,2609,0.333333,S2,3x2609
7828,3881,0.495784,S3,1x3881 + 3947* (q=1973)
7829,7829,1.000000,S1,"AGL(1,7829)"
7830,3863,0.493359,S3,1x3967 + 3863* (q=1931)
7831,1553,0.198314,S7f4,4x1553 + 1619* (q=809)
7832,1931,0.246553,S7f3,3x1931 + 2039* (q=1019)
7833,2477,0.316226,S7f2,2x2477 + 2879* (q=1439)
7834,3917,0.500000,S2,2x3917
7835,1567,0.200000,S2,5x1567
7836,3889,0.496299,S3,1x3889 + 3947* (q=1973)
7837,2467,0.314789,S7f2,2x2467 + 2903* (q=1451)
7838,3919,0.500000,S2,2x3919
7839,1523,0.194285,S7f4,4x1579 + 1523* (q=761)
7840,3833,0.488903,S3,1x3833 + 4007* (q=2003)
7841,7841,1.000000,S1,"AGL(1,7841)"
7842,3623,0.461999,S3,1x4219 + 3623* (q=1811)
7843,1451,0.185006,S7f4,4x1451 + 2039* (q=1019)
7844,1907,0.243116,S7f3,3x1979 + 1907* (q=953)
7845,2591,0.330274,S7f2,2x2591 + 2663* (q=11)
7846,3923,0.500000,S2,2x3923
7847,1459,0.185931,S7f4,4x1597 + 1459* (q=3)
7848,3769,0.480250,S3,1x3769 + 4079* (q=2039)
7849,2593,0.330361,S7f2,2x2593 + 2663* (q=11)
7850,1801,0.229427,S7f3,3x1801 + 2447* (q=1223)
7851,2617,0.333333,S2,3x2617
7852,3863,0.491977,S3,1x3989 + 3863* (q=1931)
7853,7853,1.000000,S1,"AGL(1,7853)"
7854,3907,0.497454,S3,1x3907 + 3947* (q=1973)
7855,2048,0.260726,S3,1x2048 + 5807* (q=2903)
7856,1931,0.245799,S7f3,3x1931 + 2063* (q=1031)
7857,2477,0.315260,S7f2,2x2477 + 2903* (q=1451)
7858,3929,0.500000,S2,2x3929
7859,1024,0.130296,S7f3,3x1024 + 4787* (q=2393)
7860,3853,0.490204,S3,1x3853 + 4007* (q=2003)
7861,2521,0.320697,S7f2,2x2521 + 2819* (q=1409)
7862,3931,0.500000,S2,2x3931
7863,2621,0.333333,S2,3x2621
7864,3917,0.498093,S3,1x3917 + 3947* (q=1973)
7865,1459,0.185505,S7f2,2x3203 + 1459* (q=3)
7866,3919,0.498220,S3,1x3919 + 3947* (q=1973)
7867,7867,1.000000,S1,"AGL(1,7867)"
7868,1907,0.242374,S7f3,3x1987 + 1907* (q=953)
7869,2447,0.310967,S7f2,2x2711 + 2447* (q=1223)
7870,3923,0.498475,S3,1x3923 + 3947* (q=1973)
7871,1024,0.130098,S7f3,3x1024 + 4799* (q=2399)
7872,3793,0.481834,S3,1x3793 + 4079* (q=2039)
7873,7873,1.000000,S1,"AGL(1,7873)"
7874,1949,0.247523,S7f3,3x1949 + 2027* (q=1013)
7875,3779,0.479873,S3,1x4096 + 3779* (q=1889)
7876,3929,0.498857,S3,1x3929 + 3947* (q=1973)
7877,7877,1.000000,S1,"AGL(1,7877)"
7878,3931,0.498985,S3,1x3931 + 3947* (q=1973)
7879,7879,1.000000,S1,"AGL(1,7879)"
7880,1951,0.247589,S7f3,3x1951 + 2027* (q=1013)
7881,2609,0.331049,S7f2,2x2609 + 2663* (q=11)
7882,3863,0.490104,S3,1x4019 + 3863* (q=1931)
7883,7883,1.000000,S1,"AGL(1,7883)"
7884,3877,0.491755,S3,1x3877 + 4007* (q=2003)
7885,2503,0.317438,S7f2,2x2503 + 2879* (q=1439)
7886,3943,0.500000,S2,2x3943
7887,1567,0.198681,S7f4,4x1567 + 1619* (q=809)
7888,3881,0.492013,S3,1x3881 + 4007* (q=2003)
7889,1117,0.141590,S7f6,6x1117 + 1187* (q=593)
7890,3943,0.499747,S3,1x3943 + 3947* (q=1973)
7891,1487,0.188443,S7f4,4x1601 + 1487* (q=743)
7892,1973,0.250000,S2,4x1973
7893,2579,0.326745,S7f2,2x2657 + 2579* (q=1289)
7894,3947,0.500000,S2,2x3947
7895,1579,0.200000,S2,5x1579
7896,3889,0.492528,S3,1x3889 + 4007* (q=2003)
7897,2617,0.331392,S7f2,2x2617 + 2663* (q=11)
7898,1933,0.244746,S7f3,3x1933 + 2099* (q=1049)
7899,3803,0.481453,S3,1x4096 + 3803* (q=1901)
7900,3821,0.483671,S3,1x3821 + 4079* (q=2039)
7901,7901,1.000000,S1,"AGL(1,7901)"
7902,3823,0.483802,S3,1x3823 + 4079* (q=2039)
7903,1571,0.198785,S7f4,4x1571 + 1619* (q=809)
7904,1907,0.241270,S7f3,3x1999 + 1907* (q=953)
7905,2621,0.331562,S7f2,2x2621 + 2663* (q=11)
7906,3779,0.477991,S3,1x3779 + 4127* (q=2063)
7907,7907,1.000000,S1,"AGL(1,7907)"
7908,3779,0.477871,S3,1x4129 + 3779* (q=1889)
7909,2503,0.316475,S7f2,2x2503 + 2903* (q=1451)
7910,1949,0.246397,S7f3,3x1949 + 2063* (q=1031)
7911,1523,0.192517,S7f4,4x1597 + 1523* (q=761)
7912,3863,0.488246,S3,1x4049 + 3863* (q=1931)
7913,1091,0.137874,S7f6,6x1091 + 1367* (q=683)
7914,3947,0.498736,S3,1x3967 + 3947* (q=1973)
7915,1583,0.200000,S2,5x1583
7916,1979,0.250000,S2,4x1979
7917,2549,0.321965,S7f2,2x2549 + 2819* (q=1409)
7918,3911,0.493938,S3,1x3911 + 4007* (q=2003)
7919,7919,1.000000,S1,"AGL(1,7919)"
7920,3863,0.487753,S3,1x4057 + 3863* (q=1931)
7921,7921,1.000000,S1,"AGL(1,7921)"
7922,1753,0.221283,S7f3,3x1753 + 2663* (q=11)
7923,1487,0.187681,S7f4,4x1609 + 1487* (q=743)
7924,3917,0.494321,S3,1x3917 + 4007* (q=2003)
7925,1123,0.141703,S7f6,6x1123 + 1187* (q=593)
7926,3919,0.494449,S3,1x3919 + 4007* (q=2003)
7927,7927,1.000000,S1,"AGL(1,7927)"
7928,1907,0.240540,S7f3,3x1907 + 2207* (q=1103)
7929,2633,0.332072,S7f2,2x2633 + 2663* (q=11)
7930,3923,0.494704,S3,1x3923 + 4007* (q=2003)
7931,809,0.102005,S7f8,8x809 + 1459* (q=3)
7932,3853,0.485754,S3,1x3853 + 4079* (q=2039)
7933,7933,1.000000,S1,"AGL(1,7933)"
7934,3967,0.500000,S2,2x3967
7935,1579,0.198992,S7f4,4x1579 + 1619* (q=809)
7936,3947,0.497354,S3,1x3989 + 3947* (q=1973)
7937,7937,1.000000,S1,"AGL(1,7937)"
7938,3931,0.495213,S3,1x3931 + 4007* (q=2003)
7939,1487,0.187303,S7f4,4x1613 + 1487* (q=743)
7940,1907,0.240176,S7f3,3x2011 + 1907* (q=953)
7941,2647,0.333333,S2,3x2647
7942,3863,0.486401,S3,1x3863 + 4079* (q=2039)
7943,1459,0.183684,S7f4,4x1621 + 1459* (q=3)
7944,2903,0.365433,S3,1x5041 + 2903* (q=1451)
7945,2579,0.324607,S7f2,2x2683 + 2579* (q=1289)
7946,1973,0.248301,S7f3,3x1973 + 2027* (q=1013)
7947,1531,0.192651,S7f4,4x1531 + 1823* (q=911)
7948,3947,0.496603,S3,1x4001 + 3947* (q=1973)
7949,7949,1.000000,S1,"AGL(1,7949)"
7950,3947,0.496478,S3,1x4003 + 3947* (q=1973)
7951,7951,1.000000,S1,"AGL(1,7951)"
7952,1951,0.245347,S7f3,3x1951 + 2099* (q=1049)
7953,2579,0.324280,S7f2,2x2687 + 2579* (q=1289)
7954,3947,0.496228,S3,1x3947 + 4007* (q=2003)
7955,593,0.074544,S7f12,12x593 + 839* (q=419)
7956,3877,0.487305,S3,1x3877 + 4079* (q=2039)
7957,2647,0.332663,S7f2,2x2647 + 2663* (q=11)
7958,1973,0.247927,S7f3,3x1973 + 2039* (q=1019)
7959,3863,0.485362,S3,1x4096 + 3863* (q=1931)
7960,3947,0.495854,S3,1x4013 + 3947* (q=1973)
7961,1459,0.183268,S7f2,2x3251 + 1459* (q=3)
7962,3863,0.485180,S3,1x4099 + 3863* (q=1931)
7963,7963,1.000000,S1,"AGL(1,7963)"
7964,1979,0.248493,S7f3,3x1979 + 2027* (q=1013)
7965,2579,0.323792,S7f2,2x2693 + 2579* (q=1289)
7966,3947,0.495481,S3,1x4019 + 3947* (q=1973)
7967,1823,0.228819,S7f3,3x2048 + 1823* (q=911)
7968,3947,0.495356,S3,1x4021 + 3947* (q=1973)
7969,2503,0.314092,S7f2,2x2503 + 2963* (q=1481)
7970,1697,0.212923,S7f3,3x1697 + 2879* (q=1439)
7971,2657,0.333333,S2,3x2657
7972,3833,0.480808,S3,1x3833 + 4139* (q=2069)
7973,1459,0.182993,S7f2,2x3257 + 1459* (q=3)
7974,3967,0.497492,S3,1x3967 + 4007* (q=2003)
7975,2048,0.256803,S3,1x2048 + 5927* (q=2963)
7976,1979,0.248119,S7f3,3x1979 + 2039* (q=1019)
7977,2659,0.333333,S2,3x2659
7978,3989,0.500000,S2,2x3989
7979,593,0.074320,S7f12,12x593 + 863* (q=431)
7980,3853,0.482832,S3,1x3853 + 4127* (q=2063)
7981,2659,0.333166,S7f2,2x2659 + 2663* (q=11)
7982,1973,0.247181,S7f3,3x1973 + 2063* (q=1031)
7983,1489,0.186521,S7f4,4x1489 + 2027* (q=1013)
7984,3701,0.463552,S3,1x3701 + 4283* (q=2141)
7985,1597,0.200000,S2,5x1597
7986,3907,0.489231,S3,1x3907 + 4079* (q=2039)
7987,2048,0.256417,S3,1x2048 + 5939* (q=2969)
7988,1997,0.250000,S2,4x1997
7989,2663,0.333333,S2,3x2663
7990,3911,0.489487,S3,1x3911 + 4079* (q=2039)
7991,1024,0.128144,S7f3,3x1024 + 4919* (q=2459)
7992,3863,0.483358,S3,1x4129 + 3863* (q=1931)
7993,7993,1.000000,S1,"AGL(1,7993)"
7994,2187,0.273580,S3,1x2187 + 5807* (q=2903)
7995,1543,0.192996,S7f4,4x1543 + 1823* (q=911)
7996,3989,0.498874,S3,1x3989 + 4007* (q=2003)
7997,2187,0.273478,S7f2,2x2187 + 3623* (q=1811)
7998,3947,0.493498,S3,1x4051 + 3947* (q=1973)
7999,1523,0.190399,S7f4,4x1523 + 1907* (q=953)
8000,1987,0.248375,S7f3,3x1987 + 2039* (q=1019)
8001,2591,0.323835,S7f2,2x2591 + 2819* (q=1409)
8002,4001,0.500000,S2,2x4001
8003,729,0.091091,S7f4,4x729 + 5087* (q=2543)
8004,3947,0.493128,S3,1x4057 + 3947* (q=1973)
8005,2663,0.332667,S7f2,2x2671 + 2663* (q=11)
8006,4003,0.500000,S2,2x4003
8007,1597,0.199450,S7f4,4x1597 + 1619* (q=809)
8008,4001,0.499625,S3,1x4001 + 4007* (q=2003)
8009,8009,1.000000,S1,"AGL(1,8009)"
8010,4003,0.499750,S3,1x4003 + 4007* (q=2003)
8011,8011,1.000000,S1,"AGL(1,8011)"
8012,2003,0.250000,S2,4x2003
8013,2671,0.333333,S2,3x2671
8014,4007,0.500000,S2,2x4007
8015,729,0.090954,S7f4,4x729 + 5099* (q=2549)
8016,3889,0.485155,S3,1x3889 + 4127* (q=2063)
8017,8017,1.000000,S1,"AGL(1,8017)"
8018,1997,0.249065,S7f3,3x1997 + 2027* (q=1013)
8019,1549,0.193166,S7f4,4x1549 + 1823* (q=911)
8020,4007,0.499626,S3,1x4013 + 4007* (q=2003)
8021,1123,0.140007,S7f6,6x1123 + 1283* (q=641)
8022,3943,0.491523,S3,1x3943 + 4079* (q=2039)
8023,1601,0.199551,S7f4,4x1601 + 1619* (q=809)
8024,1999,0.249128,S7f3,3x1999 + 2027* (q=1013)
8025,2531,0.315389,S7f2,2x2531 + 2963* (q=1481)
8026,4013,0.500000,S2,2x4013
8027,821,0.102280,S7f8,8x821 + 1459* (q=3)
8028,4007,0.499128,S3,1x4021 + 4007* (q=2003)
8029,2663,0.331673,S7f2,2x2683 + 2663* (q=11)
8030,1997,0.248692,S7f3,3x1997 + 2039* (q=1019)
8031,2677,0.333333,S2,3x2677
8032,3803,0.473481,S3,1x4229 + 3803* (q=1901)
8033,1091,0.135815,S7f6,6x1091 + 1487* (q=743)
8034,4007,0.498755,S3,1x4027 + 4007* (q=2003)
8035,1607,0.200000,S2,5x1607
8036,2003,0.249253,S7f3,3x2003 + 2027* (q=1013)
8037,2663,0.331343,S7f2,2x2687 + 2663* (q=11)
8038,4019,0.500000,S2,2x4019
8039,8039,1.000000,S1,"AGL(1,8039)"
8040,3947,0.490920,S3,1x4093 + 3947* (q=1973)
8041,2663,0.331178,S7f2,2x2689 + 2663* (q=11)
8042,4021,0.500000,S2,2x4021
8043,3947,0.490737,S3,1x4096 + 3947* (q=1973)
8044,3917,0.486947,S3,1x3917 + 4127* (q=2063)
8045,1609,0.200000,S2,5x1609
8046,3967,0.493040,S3,1x3967 + 4079* (q=2039)
8047,1607,0.199702,S7f4,4x1607 + 1619* (q=809)
8048,2003,0.248882,S7f3,3x2003 + 2039* (q=1019)
8049,2683,0.333333,S2,3x2683
8050,3923,0.487329,S3,1x3923 + 4127* (q=2063)
8051,1907,0.236865,S7f3,3x2048 + 1907* (q=953)
8052,3793,0.471063,S3,1x3793 + 4259* (q=2129)
8053,8053,1.000000,S1,"AGL(1,8053)"
8054,4027,0.500000,S2,2x4027
8055,1609,0.199752,S7f4,4x1609 + 1619* (q=809)
8056,4007,0.497393,S3,1x4049 + 4007* (q=2003)
8057,1459,0.181085,S7f2,2x3299 + 1459* (q=3)
8058,4007,0.497270,S3,1x4051 + 4007* (q=2003)
8059,8059,1.000000,S1,"AGL(1,8059)"
8060,2011,0.249504,S7f3,3x2011 + 2027* (q=1013)
8061,2687,0.333333,S2,3x2687
8062,3923,0.486604,S3,1x3923 + 4139* (q=2069)
8063,733,0.090909,S2,11x733
8064,4007,0.496900,S3,1x4057 + 4007* (q=2003)
8065,2593,0.321513,S7f2,2x2593 + 2879* (q=1439)
8066,2187,0.271138,S3,1x2187 + 5879* (q=2939)
8067,2689,0.333333,S2,3x2689
8068,3989,0.494422,S3,1x3989 + 4079* (q=2039)
8069,8069,1.000000,S1,"AGL(1,8069)"
8070,3943,0.488600,S3,1x3943 + 4127* (q=2063)
8071,1613,0.199851,S7f4,4x1613 + 1619* (q=809)
8072,2011,0.249133,S7f3,3x2011 + 2039* (q=1019)
8073,2477,0.306825,S7f2,2x2477 + 3119* (q=1559)
8074,3947,0.488853,S3,1x3947 + 4127* (q=2063)
8075,827,0.102415,S7f8,8x827 + 1459* (q=3)
8076,3947,0.488732,S3,1x4129 + 3947* (q=1973)
8077,2663,0.329702,S7f2,2x2707 + 2663* (q=11)
8078,2017,0.249691,S7f3,3x2017 + 2027* (q=1013)
8079,2693,0.333333,S2,3x2693
8080,4007,0.495916,S3,1x4073 + 4007* (q=2003)
8081,8081,1.000000,S1,"AGL(1,8081)"
8082,4003,0.495298,S3,1x4003 + 4079* (q=2039)
8083,1511,0.186936,S7f4,4x1511 + 2039* (q=1019)
8084,1879,0.232434,S7f3,3x1879 + 2447* (q=1223)
8085,2663,0.329375,S7f2,2x2711 + 2663* (q=11)
8086,4007,0.495548,S3,1x4007 + 4079* (q=2039)
8087,8087,1.000000,S1,"AGL(1,8087)"
8088,3541,0.437809,S3,1x3541 + 4547* (q=2273)
8089,8089,1.000000,S1,"AGL(1,8089)"
8090,2017,0.249320,S7f3,3x2017 + 2039* (q=1019)
8091,1567,0.193672,S7f4,4x1567 + 1823* (q=911)
8092,4013,0.495922,S3,1x4013 + 4079* (q=2039)
8093,8093,1.000000,S1,"AGL(1,8093)"
8094,3967,0.490116,S3,1x3967 + 4127* (q=2063)
8095,2048,0.252996,S3,1x2048 + 6047* (q=3023)
8096,2011,0.248394,S7f3,3x2011 + 2063* (q=1031)
8097,2699,0.333333,S2,3x2699
8098,4049,0.500000,S2,2x4049
8099,601,0.074207,S7f12,12x601 + 887* (q=443)
8100,4021,0.496420,S3,1x4021 + 4079* (q=2039)
8101,8101,1.000000,S1,"AGL(1,8101)"
8102,4051,0.500000,S2,2x4051
8103,4007,0.494508,S3,1x4096 + 4007* (q=2003)
8104,3947,0.487043,S3,1x4157 + 3947* (q=1973)
8105,1621,0.200000,S2,5x1621
8106,4027,0.496792,S3,1x4027 + 4079* (q=2039)
8107,1571,0.193783,S7f4,4x1571 + 1823* (q=911)
8108,2027,0.250000,S2,4x2027
8109,2543,0.313602,S7f2,2x2543 + 3023* (q=1511)
8110,3851,0.474846,S3,1x3851 + 4259* (q=2129)
8111,8111,1.000000,S1,"AGL(1,8111)"
8112,3853,0.474975,S3,1x3853 + 4259* (q=2129)
8113,2647,0.326266,S7f2,2x2647 + 2819* (q=1409)
8114,4057,0.500000,S2,2x4057
8115,1487,0.183241,S7f4,4x1657 + 1487* (q=743)
8116,3989,0.491498,S3,1x3989 + 4127* (q=2063)
8117,8117,1.000000,S1,"AGL(1,8117)"
8118,4007,0.493594,S3,1x4111 + 4007* (q=2003)
8119,1553,0.191280,S7f4,4x1553 + 1907* (q=953)
8120,2027,0.249631,S7f3,3x2027 + 2039* (q=1019)
8121,2707,0.333333,S2,3x2707
8122,3863,0.475622,S3,1x3863 + 4259* (q=2129)
8123,8123,1.000000,S1,"AGL(1,8123)"
8124,3947,0.485844,S3,1x4177 + 3947* (q=1973)
8125,2663,0.327754,S7f2,2x2731 + 2663* (q=11)
8126,2187,0.269136,S3,1x2187 + 5939* (q=2969)
8127,1619,0.199213,S7f4,4x1627 + 1619* (q=809)
8128,4049,0.498155,S3,1x4049 + 4079* (q=2039)
8129,1051,0.129290,S7f6,6x1051 + 1823* (q=911)
8130,4051,0.498278,S3,1x4051 + 4079* (q=2039)
8131,1523,0.187308,S7f4,4x1523 + 2039* (q=1019)
8132,2011,0.247295,S7f3,3x2011 + 2099* (q=1049)
8133,2711,0.333333,S2,3x2711
8134,4007,0.492624,S3,1x4007 + 4127* (q=2063)
8135,1627,0.200000,S2,5x1627
8136,4057,0.498648,S3,1x4057 + 4079* (q=2039)
8137,2659,0.326779,S7f2,2x2659 + 2819* (q=1409)
8138,1753,0.215409,S7f3,3x1753 + 2879* (q=1439)
8139,2713,0.333333,S2,3x2713
8140,4013,0.492998,S3,1x4013 + 4127* (q=2063)
8141,1163,0.142857,S2,7x1163
8142,4003,0.491648,S3,1x4003 + 4139* (q=2069)
8143,1559,0.191453,S7f4,4x1559 + 1907* (q=953)
8144,2027,0.248895,S7f3,3x2027 + 2063* (q=1031)
8145,2663,0.326949,S7f2,2x2663 + 2819* (q=1409)
8146,4073,0.500000,S2,2x4073
8147,8147,1.000000,S1,"AGL(1,8147)"
8148,4021,0.493495,S3,1x4021 + 4127* (q=2063)
8149,2593,0.318199,S7f2,2x2593 + 2963* (q=1481)
8150,2029,0.248957,S7f3,3x2029 + 2063* (q=1031)
8151,1531,0.187830,S7f4,4x1531 + 2027* (q=1013)
8152,4073,0.499632,S3,1x4073 + 4079* (q=2039)
8153,2187,0.268245,S7f2,2x2187 + 3779* (q=1889)
8154,4027,0.493868,S3,1x4027 + 4127* (q=2063)
8155,1583,0.194114,S7f4,4x1583 + 1823* (q=911)
8156,2039,0.250000,S2,4x2039
8157,2719,0.333333,S2,3x2719
8158,4079,0.500000,S2,2x4079
8159,1024,0.125506,S7f3,3x1024 + 5087* (q=2543)
8160,4021,0.492770,S3,1x4021 + 4139* (q=2069)
8161,8161,1.000000,S1,"AGL(1,8161)"
8162,1901,0.232909,S7f3,3x1901 + 2459* (q=1229)
8163,1531,0.187554,S7f4,4x1531 + 2039* (q=1019)
8164,4007,0.490813,S3,1x4157 + 4007* (q=2003)
8165,1163,0.142437,S7f6,6x1163 + 1187* (q=593)
8166,4027,0.493142,S3,1x4027 + 4139* (q=2069)
8167,8167,1.000000,S1,"AGL(1,8167)"
8168,1987,0.243266,S7f3,3x1987 + 2207* (q=1103)
8169,2663,0.325988,S7f2,2x2753 + 2663* (q=11)
8170,4079,0.499266,S3,1x4091 + 4079* (q=2039)
8171,8171,1.000000,S1,"AGL(1,8171)"
8172,4079,0.499143,S3,1x4093 + 4079* (q=2039)
8173,2677,0.327542,S7f2,2x2677 + 2819* (q=1409)
8174,1907,0.233301,S7f3,3x2089 + 1907* (q=953)
8175,4079,0.498960,S3,1x4096 + 4079* (q=2039)
8176,4049,0.495230,S3,1x4049 + 4127* (q=2063)
8177,2187,0.267458,S7f2,2x2187 + 3803* (q=1901)
8178,4079,0.498777,S3,1x4099 + 4079* (q=2039)
8179,8179,1.000000,S1,"AGL(1,8179)"
8180,2039,0.249267,S7f3,3x2039 + 2063* (q=1031)
8181,2609,0.318910,S7f2,2x2609 + 2963* (q=1481)
8182,4091,0.500000,S2,2x4091
8183,2039,0.249175,S7f3,3x2048 + 2039* (q=1019)
8184,4057,0.495723,S3,1x4057 + 4127* (q=2063)
8185,2683,0.327795,S7f2,2x2683 + 2819* (q=1409)
8186,4093,0.500000,S2,2x4093
8187,2729,0.333333,S2,3x2729
8188,4049,0.494504,S3,1x4049 + 4139* (q=2069)
8189,1151,0.140554,S7f6,6x1151 + 1283* (q=641)
8190,4079,0.498046,S3,1x4111 + 4079* (q=2039)
8191,8191,1.000000,S1,"AGL(1,8191)"
8192,8192,1.000000,S1,"AGL(1,8192)"
8193,2731,0.333333,S2,3x2731
8194,3911,0.477300,S3,1x3911 + 4283* (q=2141)
8195,613,0.074802,S7f12,12x613 + 839* (q=419)
8196,4057,0.494998,S3,1x4057 + 4139* (q=2069)
8197,2689,0.328047,S7f2,2x2689 + 2819* (q=1409)
8198,4099,0.500000,S2,2x4099
8199,1543,0.188194,S7f4,4x1543 + 2027* (q=1013)
8200,4073,0.496707,S3,1x4073 + 4127* (q=2063)
8201,1459,0.177905,S7f2,2x3371 + 1459* (q=3)
8202,3943,0.480736,S3,1x3943 + 4259* (q=2129)
8203,1499,0.182738,S7f4,4x1499 + 2207* (q=1103)
8204,1999,0.243662,S7f3,3x1999 + 2207* (q=1103)
8205,2693,0.328215,S7f2,2x2693 + 2819* (q=1409)
8206,4079,0.497075,S3,1x4079 + 4127* (q=2063)
8207,2048,0.249543,S7f3,3x2048 + 2063* (q=1031)
8208,4079,0.496954,S3,1x4129 + 4079* (q=2039)
8209,8209,1.000000,S1,"AGL(1,8209)"
8210,1877,0.228624,S7f3,3x1877 + 2579* (q=1289)
8211,1597,0.194495,S7f4,4x1597 + 1823* (q=911)
8212,4079,0.496712,S3,1x4133 + 4079* (q=2039)
8213,1171,0.142579,S7f6,6x1171 + 1187* (q=593)
8214,3931,0.478573,S3,1x3931 + 4283* (q=2141)
8215,1439,0.175167,S7f4,4x1439 + 2459* (q=1229)
8216,2039,0.248174,S7f3,3x2039 + 2099* (q=1049)
8217,2699,0.328465,S7f2,2x2699 + 2819* (q=1409)
8218,4091,0.497810,S3,1x4091 + 4127* (q=2063)
8219,8219,1.000000,S1,"AGL(1,8219)"
8220,4093,0.497932,S3,1x4093 + 4127* (q=2063)
8221,8221,1.000000,S1,"AGL(1,8221)"
8222,4111,0.500000,S2,2x4111
8223,4096,0.498115,S3,1x4096 + 4127* (q=2063)
8224,4007,0.487232,S3,1x4217 + 4007* (q=2003)
8225,1153,0.140182,S7f6,6x1153 + 1307* (q=653)
8226,4099,0.498298,S3,1x4099 + 4127* (q=2063)
8227,1601,0.194603,S7f4,4x1601 + 1823* (q=911)
8228,2039,0.247812,S7f3,3x2063 + 2039* (q=1019)
8229,2663,0.323612,S7f2,2x2663 + 2903* (q=1451)
8230,4091,0.497084,S3,1x4091 + 4139* (q=2069)
8231,8231,1.000000,S1,"AGL(1,8231)"
8232,4093,0.497206,S3,1x4093 + 4139* (q=2069)
8233,8233,1.000000,S1,"AGL(1,8233)"
8234,2187,0.265606,S3,1x2187 + 6047* (q=3023)
8235,4096,0.497389,S3,1x4096 + 4139* (q=2069)
8236,4079,0.495265,S3,1x4157 + 4079* (q=2039)
8237,8237,1.000000,S1,"AGL(1,8237)"
8238,4111,0.499029,S3,1x4111 + 4127* (q=2063)
8239,1583,0.192135,S7f4,4x1583 + 1907* (q=953)
8240,2011,0.244053,S7f3,3x2011 + 2207* (q=1103)
8241,2711,0.328965,S7f2,2x2711 + 2819* (q=1409)
8242,3779,0.458505,S3,1x4463 + 3779* (q=1889)
8243,8243,1.000000,S1,"AGL(1,8243)"
8244,3947,0.478772,S3,1x4297 + 3947* (q=1973)
8245,2713,0.329048,S7f2,2x2713 + 2819* (q=1409)
8246,2039,0.247271,S7f3,3x2069 + 2039* (q=1019)
8247,2749,0.333333,S2,3x2749
8248,4007,0.485815,S3,1x4241 + 4007* (q=2003)
8249,1031,0.124985,S7f6,6x1031 + 2063* (q=1031)
8250,4111,0.498303,S3,1x4111 + 4139* (q=2069)
8251,1607,0.194764,S7f4,4x1607 + 1823* (q=911)
8252,2063,0.250000,S2,4x2063
8253,2687,0.325579,S7f2,2x2687 + 2879* (q=1439)
8254,4127,0.500000,S2,2x4127
8255,1459,0.176741,S7f4,4x1699 + 1459* (q=3)
8256,4127,0.499879,S3,1x4129 + 4127* (q=2063)
8257,2719,0.329296,S7f2,2x2719 + 2819* (q=1409)
8258,4129,0.500000,S2,2x4129
8259,2753,0.333333,S2,3x2753
8260,4127,0.499637,S3,1x4133 + 4127* (q=2063)
8261,1163,0.140782,S7f6,6x1163 + 1283* (q=641)
8262,4003,0.484507,S3,1x4003 + 4259* (q=2129)
8263,8263,1.000000,S1,"AGL(1,8263)"
8264,1867,0.225920,S7f3,3x1867 + 2663* (q=11)
8265,2693,0.325832,S7f2,2x2693 + 2879* (q=1439)
8266,4133,0.500000,S2,2x4133
8267,1181,0.142857,S2,7x1181
8268,4129,0.499395,S3,1x4129 + 4139* (q=2069)
8269,8269,1.000000,S1,"AGL(1,8269)"
8270,2063,0.249456,S7f3,3x2069 + 2063* (q=1031)
8271,1619,0.195744,S7f4,4x1663 + 1619* (q=809)
8272,4133,0.499637,S3,1x4133 + 4139* (q=2069)
8273,8273,1.000000,S1,"AGL(1,8273)"
8274,3947,0.477036,S3,1x4327 + 3947* (q=1973)
8275,1613,0.194924,S7f4,4x1613 + 1823* (q=911)
8276,2069,0.250000,S2,4x2069
8277,2729,0.329709,S7f2,2x2729 + 2819* (q=1409)
8278,4139,0.500000,S2,2x4139
8279,729,0.088054,S7f8,8x729 + 2447* (q=1223)
8280,4127,0.498430,S3,1x4153 + 4127* (q=2063)
8281,2731,0.329791,S7f2,2x2731 + 2819* (q=1409)
8282,2039,0.246197,S7f3,3x2081 + 2039* (q=1019)
8283,1487,0.179524,S7f4,4x1699 + 1487* (q=743)
8284,4127,0.498189,S3,1x4157 + 4127* (q=2063)
8285,1657,0.200000,S2,5x1657
8286,4127,0.498069,S3,1x4159 + 4127* (q=2063)
8287,8287,1.000000,S1,"AGL(1,8287)"
8288,2063,0.248914,S7f3,3x2063 + 2099* (q=1049)
8289,2693,0.324888,S7f2,2x2693 + 2903* (q=1451)
8290,4079,0.492039,S3,1x4211 + 4079* (q=2039)
8291,8291,1.000000,S1,"AGL(1,8291)"
8292,4139,0.499156,S3,1x4153 + 4139* (q=2069)
8293,8293,1.000000,S1,"AGL(1,8293)"
8294,2029,0.244635,S7f3,3x2029 + 2207* (q=1103)
8295,1619,0.195178,S7f4,4x1669 + 1619* (q=809)
8296,4139,0.498915,S3,1x4157 + 4139* (q=2069)
8297,8297,1.000000,S1,"AGL(1,8297)"
8298,4139,0.498795,S3,1x4159 + 4139* (q=2069)
8299,1619,0.195084,S7f4,4x1619 + 1823* (q=911)
8300,2039,0.245663,S7f3,3x2087 + 2039* (q=1019)
8301,2767,0.333333,S2,3x2767
8302,4019,0.484100,S3,1x4019 + 4283* (q=2141)
8303,729,0.087800,S7f4,4x729 + 5387* (q=2693)
8304,4127,0.496989,S3,1x4177 + 4127* (q=2063)
8305,2713,0.326671,S7f2,2x2713 + 2879* (q=1439)
8306,4153,0.500000,S2,2x4153
8307,1621,0.195137,S7f4,4x1621 + 1823* (q=911)
8308,4079,0.490973,S3,1x4229 + 4079* (q=2039)
8309,1187,0.142857,S2,7x1187
8310,4079,0.490854,S3,1x4231 + 4079* (q=2039)
8311,8311,1.000000,S1,"AGL(1,8311)"
8312,2063,0.248195,S7f3,3x2083 + 2063* (q=1031)
8313,2657,0.319620,S7f2,2x2657 + 2999* (q=1499)
8314,4157,0.500000,S2,2x4157
8315,1663,0.200000,S2,5x1663
8316,4139,0.497715,S3,1x4177 + 4139* (q=2069)
8317,8317,1.000000,S1,"AGL(1,8317)"
8318,4159,0.500000,S2,2x4159
8319,1523,0.183075,S7f4,4x1699 + 1523* (q=761)
8320,4079,0.490264,S3,1x4241 + 4079* (q=2039)
8321,2187,0.262829,S7f2,2x2187 + 3947* (q=1973)
8322,4079,0.490147,S3,1x4243 + 4079* (q=2039)
8323,1571,0.188754,S7f4,4x1571 + 2039* (q=1019)
8324,2081,0.250000,S2,4x2081
8325,2753,0.330691,S7f2,2x2753 + 2819* (q=1409)
8326,3863,0.463968,S3,1x4463 + 3863* (q=1931)
8327,757,0.090909,S2,11x757
8328,4127,0.495557,S3,1x4201 + 4127* (q=2063)
8329,8329,1.000000,S1,"AGL(1,8329)"
8330,2063,0.247659,S7f3,3x2089 + 2063* (q=1031)
8331,2777,0.333333,S2,3x2777
8332,4079,0.489558,S3,1x4253 + 4079* (q=2039)
8333,1171,0.140526,S7f6,6x1171 + 1307* (q=653)
8334,4051,0.486081,S3,1x4051 + 4283* (q=2141)
8335,1667,0.200000,S2,5x1667
8336,2039,0.244602,S7f3,3x2099 + 2039* (q=1019)
8337,2729,0.327336,S7f2,2x2729 + 2879* (q=1439)
8338,4127,0.494963,S3,1x4211 + 4127* (q=2063)
8339,625,0.074949,S7f12,12x625 + 839* (q=419)
8340,4139,0.496283,S3,1x4201 + 4139* (q=2069)
8341,2731,0.327419,S7f2,2x2731 + 2879* (q=1439)
8342,2081,0.249461,S7f3,3x2081 + 2099* (q=1049)
8343,1619,0.194055,S7f4,4x1681 + 1619* (q=809)
8344,4127,0.494607,S3,1x4217 + 4127* (q=2063)
8345,1669,0.200000,S2,5x1669
8346,4127,0.494488,S3,1x4219 + 4127* (q=2063)
8347,1571,0.188211,S7f4,4x1571 + 2063* (q=1031)
8348,2087,0.250000,S2,4x2087
8349,2693,0.322554,S7f2,2x2693 + 2963* (q=1481)
8350,4139,0.495689,S3,1x4211 + 4139* (q=2069)
8351,2048,0.245240,S7f3,3x2048 + 2207* (q=1103)
8352,4093,0.490062,S3,1x4093 + 4259* (q=2129)
8353,8353,1.000000,S1,"AGL(1,8353)"
8354,4177,0.500000,S2,2x4177
8355,4096,0.490245,S3,1x4096 + 4259* (q=2129)
8356,4139,0.495333,S3,1x4217 + 4139* (q=2069)
8357,1459,0.174584,S7f2,2x3449 + 1459* (q=3)
8358,4139,0.495214,S3,1x4219 + 4139* (q=2069)
8359,1613,0.192966,S7f4,4x1613 + 1907* (q=953)
8360,2087,0.249641,S7f3,3x2087 + 2099* (q=1049)
8361,2741,0.327832,S7f2,2x2741 + 2879* (q=1439)
8362,4079,0.487802,S3,1x4079 + 4283* (q=2141)
8363,8363,1.000000,S1,"AGL(1,8363)"
8364,4007,0.479077,S3,1x4357 + 4007* (q=2003)
8365,2731,0.326479,S7f2,2x2731 + 2903* (q=1451)
8366,2089,0.249701,S7f3,3x2089 + 2099* (q=1049)
8367,2789,0.333333,S2,3x2789
8368,4139,0.494622,S3,1x4229 + 4139* (q=2069)
8369,8369,1.000000,S1,"AGL(1,8369)"
8370,4139,0.494504,S3,1x4231 + 4139* (q=2069)
8371,1637,0.195556,S7f4,4x1637 + 1823* (q=911)
8372,2039,0.243550,S7f3,3x2111 + 2039* (q=1019)
8373,2791,0.333333,S2,3x2791
8374,4091,0.488536,S3,1x4091 + 4283* (q=2141)
8375,613,0.073194,S7f12,12x613 + 1019* (q=509)
8376,4093,0.488658,S3,1x4093 + 4283* (q=2141)
8377,8377,1.000000,S1,"AGL(1,8377)"
8378,2039,0.243376,S7f3,3x2113 + 2039* (q=1019)
8379,4096,0.488841,S3,1x4096 + 4283* (q=2141)
8380,4139,0.493914,S3,1x4241 + 4139* (q=2069)
8381,2187,0.260947,S7f2,2x2187 + 4007* (q=2003)
8382,4139,0.493796,S3,1x4243 + 4139* (q=2069)
8383,1619,0.193129,S7f4,4x1619 + 1907* (q=953)
8384,1979,0.236045,S7f3,3x1979 + 2447* (q=1223)
8385,2753,0.328324,S7f2,2x2753 + 2879* (q=1439)
8386,4127,0.492130,S3,1x4127 + 4259* (q=2129)
8387,8387,1.000000,S1,"AGL(1,8387)"
8388,4129,0.492251,S3,1x4129 + 4259* (q=2129)
8389,8389,1.000000,S1,"AGL(1,8389)"
8390,1907,0.227294,S7f3,3x2161 + 1907* (q=953)
8391,2797,0.333333,S2,3x2797
8392,4139,0.493208,S3,1x4253 + 4139* (q=2069)
8393,1459,0.173835,S7f2,2x3467 + 1459* (q=3)
8394,4111,0.489755,S3,1x4111 + 4283* (q=2141)
8395,1583,0.188565,S7f4,4x1583 + 2063* (q=1031)
8396,2099,0.250000,S2,4x2099
8397,2789,0.332142,S7f2,2x2789 + 2819* (q=1409)
8398,4139,0.492855,S3,1x4139 + 4259* (q=2129)
8399,729,0.086796,S7f4,4x729 + 5483* (q=2741)
8400,4139,0.492738,S3,1x4261 + 4139* (q=2069)
8401,2791,0.332222,S7f2,2x2791 + 2819* (q=1409)
8402,4201,0.500000,S2,2x4201
8403,2801,0.333333,S2,3x2801
8404,4007,0.476797,S3,1x4397 + 4007* (q=2003)
8405,1681,0.200000,S2,5x1681
8406,4079,0.485249,S3,1x4327 + 4079* (q=2039)
8407,1619,0.192578,S7f4,4x1697 + 1619* (q=809)
8408,1987,0.236323,S7f3,3x1987 + 2447* (q=1223)
8409,2803,0.333333,S2,3x2803
8410,4139,0.492152,S3,1x4271 + 4139* (q=2069)
8411,729,0.086672,S7f8,8x729 + 2579* (q=1289)
8412,4153,0.493699,S3,1x4153 + 4259* (q=2129)
8413,2797,0.332462,S7f2,2x2797 + 2819* (q=1409)
8414,2069,0.245900,S7f3,3x2069 + 2207* (q=1103)
8415,1627,0.193345,S7f4,4x1627 + 1907* (q=953)
8416,4157,0.493940,S3,1x4157 + 4259* (q=2129)
8417,1163,0.138173,S7f6,6x1163 + 1439* (q=719)
8418,4159,0.494060,S3,1x4159 + 4259* (q=2129)
8419,8419,1.000000,S1,"AGL(1,8419)"
8420,2027,0.240736,S7f3,3x2131 + 2027* (q=1013)
8421,2801,0.332621,S7f2,2x2801 + 2819* (q=1409)
8422,4211,0.500000,S2,2x4211
8423,8423,1.000000,S1,"AGL(1,8423)"
8424,4127,0.489910,S3,1x4297 + 4127* (q=2063)
8425,2803,0.332700,S7f2,2x2803 + 2819* (q=1409)
8426,2039,0.241989,S7f3,3x2129 + 2039* (q=1019)
8427,2809,0.333333,S2,3x2809
8428,4139,0.491101,S3,1x4289 + 4139* (q=2069)
8429,8429,1.000000,S1,"AGL(1,8429)"
8430,4007,0.475326,S3,1x4423 + 4007* (q=2003)
8431,8431,1.000000,S1,"AGL(1,8431)"
8432,2099,0.248933,S7f3,3x2111 + 2099* (q=1049)
8433,2777,0.329302,S7f2,2x2777 + 2879* (q=1439)
8434,4217,0.500000,S2,2x4217
8435,643,0.076230,S7f12,12x643 + 719* (q=359)
8436,4177,0.495140,S3,1x4177 + 4259* (q=2129)
8437,2809,0.332938,S7f2,2x2809 + 2819* (q=1409)
8438,4219,0.500000,S2,2x4219
8439,1369,0.162223,S7f4,4x1369 + 2963* (q=1481)
8440,4157,0.492536,S3,1x4157 + 4283* (q=2141)
8441,1459,0.172847,S7f2,2x3491 + 1459* (q=3)
8442,4159,0.492656,S3,1x4159 + 4283* (q=2141)
8443,8443,1.000000,S1,"AGL(1,8443)"
8444,2111,0.250000,S2,4x2111
8445,2741,0.324571,S7f2,2x2741 + 2963* (q=1481)
8446,3863,0.457376,S3,1x4583 + 3863* (q=1931)
8447,8447,1.000000,S1,"AGL(1,8447)"
8448,4007,0.474313,S3,1x4441 + 4007* (q=2003)
8449,2713,0.321103,S7f2,2x2713 + 3023* (q=1511)
8450,2081,0.246272,S7f3,3x2081 + 2207* (q=1103)
8451,1657,0.196071,S7f4,4x1657 + 1823* (q=911)
8452,4079,0.482608,S3,1x4373 + 4079* (q=2039)
8453,2187,0.258725,S7f2,2x2187 + 4079* (q=2039)
8454,4127,0.488171,S3,1x4327 + 4127* (q=2063)
8455,1637,0.193613,S7f4,4x1637 + 1907* (q=953)
8456,2083,0.246334,S7f3,3x2083 + 2207* (q=1103)
8457,2819,0.333333,S2,3x2819
8458,4229,0.500000,S2,2x4229
8459,1024,0.121054,S7f3,3x1024 + 5387* (q=2693)
8460,4201,0.496572,S3,1x4201 + 4259* (q=2129)
8461,8461,1.000000,S1,"AGL(1,8461)"
8462,4231,0.500000,S2,2x4231
8463,1609,0.190122,S7f4,4x1609 + 2027* (q=1013)
8464,4127,0.487595,S3,1x4337 + 4127* (q=2063)
8465,1693,0.200000,S2,5x1693
8466,4139,0.488897,S3,1x4327 + 4139* (q=2069)
8467,8467,1.000000,S1,"AGL(1,8467)"
8468,2087,0.246457,S7f3,3x2087 + 2207* (q=1103)
8469,2753,0.325068,S7f2,2x2753 + 2963* (q=1481)
8470,4211,0.497166,S3,1x4211 + 4259* (q=2129)
8471,1459,0.172235,S7f4,4x1753 + 1459* (q=3)
8472,3793,0.447710,S3,1x3793 + 4679* (q=2339)
8473,2797,0.330107,S7f2,2x2797 + 2879* (q=1439)
8474,2089,0.246519,S7f3,3x2089 + 2207* (q=1103)
8475,1663,0.196224,S7f4,4x1663 + 1823* (q=911)
8476,4217,0.497522,S3,1x4217 + 4259* (q=2129)
8477,1193,0.140734,S7f6,6x1193 + 1319* (q=659)
8478,4219,0.497641,S3,1x4219 + 4259* (q=2129)
8479,1613,0.190235,S7f4,4x1613 + 2027* (q=1013)
8480,2011,0.237146,S7f3,3x2011 + 2447* (q=1223)
8481,2801,0.330268,S7f2,2x2801 + 2879* (q=1439)
8482,4241,0.500000,S2,2x4241
8483,647,0.076270,S7f12,12x647 + 719* (q=359)
8484,4201,0.495167,S3,1x4201 + 4283* (q=2141)
8485,2819,0.332233,S7f2,2x2833 + 2819* (q=1409)
8486,4243,0.500000,S2,2x4243
8487,1597,0.188170,S7f4,4x1597 + 2099* (q=1049)
8488,4229,0.498233,S3,1x4229 + 4259* (q=2129)
8489,1201,0.141477,S7f6,6x1201 + 1283* (q=641)
8490,4231,0.498351,S3,1x4231 + 4259* (q=2129)
8491,1667,0.196326,S7f4,4x1667 + 1823* (q=911)
8492,2099,0.247174,S7f3,3x2131 + 2099* (q=1049)
8493,2819,0.331920,S7f2,2x2837 + 2819* (q=1409)
8494,4211,0.495762,S3,1x4211 + 4283* (q=2141)
8495,1699,0.200000,S2,5x1699
8496,4139,0.487170,S3,1x4357 + 4139* (q=2069)
8497,2809,0.330587,S7f2,2x2809 + 2879* (q=1439)
8498,2039,0.239939,S7f3,3x2153 + 2039* (q=1019)
8499,2833,0.333333,S2,3x2833
8500,4241,0.498941,S3,1x4241 + 4259* (q=2129)
8501,8501,1.000000,S1,"AGL(1,8501)"
8502,4243,0.499059,S3,1x4243 + 4259* (q=2129)
8503,1619,0.190403,S7f4,4x1619 + 2027* (q=1013)
8504,2099,0.246825,S7f3,3x2099 + 2207* (q=1103)
8505,2819,0.331452,S7f2,2x2843 + 2819* (q=1409)
8506,4253,0.500000,S2,2x4253
8507,881,0.103562,S7f8,8x881 + 1459* (q=3)
8508,3947,0.463916,S3,1x4561 + 3947* (q=1973)
8509,2803,0.329416,S7f2,2x2803 + 2903* (q=1451)
8510,2099,0.246651,S7f3,3x2137 + 2099* (q=1049)
8511,2837,0.333333,S2,3x2837
8512,4253,0.499648,S3,1x4253 + 4259* (q=2129)
8513,8513,1.000000,S1,"AGL(1,8513)"
8514,4231,0.496946,S3,1x4231 + 4283* (q=2141)
8515,1619,0.190135,S7f4,4x1619 + 2039* (q=1019)
8516,2129,0.250000,S2,4x2129
8517,2819,0.330985,S7f2,2x2819 + 2879* (q=1439)
8518,4259,0.500000,S2,2x4259
8519,1217,0.142857,S2,7x1217
8520,4259,0.499883,S3,1x4261 + 4259* (q=2129)
8521,8521,1.000000,S1,"AGL(1,8521)"
8522,4261,0.500000,S2,2x4261
8523,1621,0.190191,S7f4,4x1621 + 2039* (q=1019)
8524,4241,0.497536,S3,1x4241 + 4283* (q=2141)
8525,1459,0.171144,S7f2,2x3533 + 1459* (q=3)
8526,4243,0.497654,S3,1x4243 + 4283* (q=2141)
8527,8527,1.000000,S1,"AGL(1,8527)"
8528,2099,0.246130,S7f3,3x2143 + 2099* (q=1049)
8529,2843,0.333333,S2,3x2843
8530,4259,0.499297,S3,1x4271 + 4259* (q=2129)
8531,641,0.075138,S7f12,12x641 + 839* (q=419)
8532,4259,0.499180,S3,1x4273 + 4259* (q=2129)
8533,2819,0.330364,S7f2,2x2857 + 2819* (q=1409)
8534,2029,0.237755,S7f3,3x2029 + 2447* (q=1223)
8535,1657,0.194142,S7f4,4x1657 + 1907* (q=953)
8536,4253,0.498243,S3,1x4253 + 4283* (q=2141)
8537,8537,1.000000,S1,"AGL(1,8537)"
8538,3947,0.462286,S3,1x4591 + 3947* (q=1973)
8539,8539,1.000000,S1,"AGL(1,8539)"
8540,2111,0.247190,S7f3,3x2111 + 2207* (q=1103)
8541,2819,0.330055,S7f2,2x2819 + 2903* (q=1451)
8542,4271,0.500000,S2,2x4271
8543,8543,1.000000,S1,"AGL(1,8543)"
8544,4261,0.498713,S3,1x4261 + 4283* (q=2141)
8545,2833,0.331539,S7f2,2x2833 + 2879* (q=1439)
8546,4273,0.500000,S2,2x4273
8547,1681,0.196677,S7f4,4x1681 + 1823* (q=911)
8548,4259,0.498245,S3,1x4289 + 4259* (q=2129)
8549,1171,0.136975,S7f6,6x1171 + 1523* (q=761)
8550,4127,0.482690,S3,1x4423 + 4127* (q=2063)
8551,1619,0.189335,S7f4,4x1733 + 1619* (q=809)
8552,1823,0.213167,S7f3,3x2243 + 1823* (q=911)
8553,2851,0.333333,S2,3x2851
8554,4271,0.499299,S3,1x4271 + 4283* (q=2141)
8555,1024,0.119696,S7f3,3x1024 + 5483* (q=2741)
8556,4273,0.499416,S3,1x4273 + 4283* (q=2141)
8557,2797,0.326867,S7f2,2x2797 + 2963* (q=1481)
8558,2099,0.245268,S7f3,3x2153 + 2099* (q=1049)
8559,1663,0.194298,S7f4,4x1663 + 1907* (q=953)
8560,4139,0.483528,S3,1x4421 + 4139* (q=2069)
8561,1223,0.142857,S2,7x1223
8562,4139,0.483415,S3,1x4423 + 4139* (q=2069)
8563,8563,1.000000,S1,"AGL(1,8563)"
8564,2141,0.250000,S2,4x2141
8565,2843,0.331932,S7f2,2x2843 + 2879* (q=1439)
8566,4283,0.500000,S2,2x4283
8567,1459,0.170305,S7f4,4x1777 + 1459* (q=3)
8568,4127,0.481676,S3,1x4441 + 4127* (q=2063)
8569,2833,0.330610,S7f2,2x2833 + 2903* (q=1451)
8570,1997,0.233022,S7f3,3x1997 + 2579* (q=1289)
8571,2857,0.333333,S2,3x2857
8572,4283,0.499650,S3,1x4289 + 4283* (q=2141)
8573,8573,1.000000,S1,"AGL(1,8573)"
8574,4127,0.481339,S3,1x4447 + 4127* (q=2063)
8575,1667,0.194402,S7f4,4x1667 + 1907* (q=953)
8576,2039,0.237757,S7f3,3x2039 + 2459* (q=1229)
8577,2837,0.330768,S7f2,2x2837 + 2903* (q=1451)
8578,4289,0.500000,S2,2x4289
8579,1024,0.119361,S7f3,3x1024 + 5507* (q=2753)
8580,4283,0.499184,S3,1x4297 + 4283* (q=2141)
8581,8581,1.000000,S1,"AGL(1,8581)"
8582,2099,0.244582,S7f3,3x2161 + 2099* (q=1049)
8583,2861,0.333333,S2,3x2861
8584,4127,0.480778,S3,1x4457 + 4127* (q=2063)
8585,1217,0.141759,S7f6,6x1217 + 1283* (q=641)
8586,4259,0.496040,S3,1x4327 + 4259* (q=2129)
8587,1637,0.190637,S7f4,4x1637 + 2039* (q=1019)
8588,2027,0.236027,S7f3,3x2187 + 2027* (q=1013)
8589,2843,0.331005,S7f2,2x2843 + 2903* (q=1451)
8590,4139,0.481839,S3,1x4451 + 4139* (q=2069)
8591,2048,0.238389,S7f3,3x2048 + 2447* (q=1223)
8592,4079,0.474744,S3,1x4513 + 4079* (q=2039)
8593,2857,0.332480,S7f2,2x2857 + 2879* (q=1439)
8594,4297,0.500000,S2,2x4297
8595,1693,0.196975,S7f4,4x1693 + 1823* (q=911)
8596,4259,0.495463,S3,1x4337 + 4259* (q=2129)
8597,8597,1.000000,S1,"AGL(1,8597)"
8598,4259,0.495348,S3,1x4339 + 4259* (q=2129)
8599,8599,1.000000,S1,"AGL(1,8599)"
8600,2131,0.247791,S7f3,3x2131 + 2207* (q=1103)
8601,2861,0.332636,S7f2,2x2861 + 2879* (q=1439)
8602,4139,0.481167,S3,1x4463 + 4139* (q=2069)
8603,2048,0.238056,S7f3,3x2048 + 2459* (q=1229)
8604,4057,0.471525,S3,1x4057 + 4547* (q=2273)
8605,2851,0.331319,S7f2,2x2851 + 2903* (q=1451)
8606,2053,0.238554,S7f3,3x2053 + 2447* (q=1223)
8607,1627,0.189032,S7f4,4x1627 + 2099* (q=1049)
8608,4259,0.494772,S3,1x4349 + 4259* (q=2129)
8609,8609,1.000000,S1,"AGL(1,8609)"
8610,4283,0.497445,S3,1x4327 + 4283* (q=2141)
8611,1697,0.197074,S7f4,4x1697 + 1823* (q=911)
8612,2153,0.250000,S2,4x2153
8613,2819,0.327296,S7f2,2x2897 + 2819* (q=1409)
8614,3911,0.454028,S3,1x3911 + 4703* (q=2351)
8615,1723,0.200000,S2,5x1723
8616,4259,0.494313,S3,1x4357 + 4259* (q=2129)
8617,2857,0.331554,S7f2,2x2857 + 2903* (q=1451)
8618,2137,0.247969,S7f3,3x2137 + 2207* (q=1103)
8619,1699,0.197123,S7f4,4x1699 + 1823* (q=911)
8620,4283,0.496868,S3,1x4337 + 4283* (q=2141)
8621,1459,0.169238,S7f2,2x3581 + 1459* (q=3)
8622,4283,0.496752,S3,1x4339 + 4283* (q=2141)
8623,8623,1.000000,S1,"AGL(1,8623)"
8624,2063,0.239216,S7f3,3x2187 + 2063* (q=1031)
8625,2861,0.331710,S7f2,2x2861 + 2903* (q=1451)
8626,4079,0.472873,S3,1x4079 + 4547* (q=2273)
8627,8627,1.000000,S1,"AGL(1,8627)"
8628,4139,0.479717,S3,1x4489 + 4139* (q=2069)
8629,8629,1.000000,S1,"AGL(1,8629)"
8630,2141,0.248088,S7f3,3x2141 + 2207* (q=1103)
8631,1681,0.194763,S7f4,4x1681 + 1907* (q=953)
8632,4283,0.496177,S3,1x4349 + 4283* (q=2141)
8633,2187,0.253330,S7f2,2x2187 + 4259* (q=2129)
8634,4127,0.477994,S3,1x4507 + 4127* (q=2063)
8635,1607,0.186103,S7f4,4x1607 + 2207* (q=1103)
8636,2143,0.248147,S7f3,3x2143 + 2207* (q=1103)
8637,2879,0.333333,S2,3x2879
8638,4091,0.473605,S3,1x4091 + 4547* (q=2273)
8639,613,0.070957,S7f12,12x613 + 1283* (q=641)
8640,4283,0.495718,S3,1x4357 + 4283* (q=2141)
8641,8641,1.000000,S1,"AGL(1,8641)"
8642,1993,0.230618,S7f3,3x1993 + 2663* (q=11)
8643,4096,0.473910,S3,1x4096 + 4547* (q=2273)
8644,4127,0.477441,S3,1x4517 + 4127* (q=2063)
8645,1459,0.168768,S7f2,2x3593 + 1459* (q=3)
8646,4283,0.495374,S3,1x4363 + 4283* (q=2141)
8647,8647,1.000000,S1,"AGL(1,8647)"
8648,2063,0.238552,S7f3,3x2063 + 2459* (q=1229)
8649,2843,0.328709,S7f2,2x2843 + 2963* (q=1481)
8650,4259,0.492370,S3,1x4391 + 4259* (q=2129)
8651,729,0.084268,S7f8,8x729 + 2819* (q=1409)
8652,4139,0.478387,S3,1x4513 + 4139* (q=2069)
8653,2879,0.332717,S7f2,2x2887 + 2879* (q=1439)
8654,4327,0.500000,S2,2x4327
8655,1657,0.191450,S7f4,4x1657 + 2027* (q=1013)
8656,4283,0.494801,S3,1x4373 + 4283* (q=2141)
8657,2187,0.252628,S7f2,2x2187 + 4283* (q=2141)
8658,4139,0.478055,S3,1x4519 + 4139* (q=2069)
8659,1709,0.197367,S7f4,4x1709 + 1823* (q=911)
8660,2099,0.242379,S7f3,3x2187 + 2099* (q=1049)
8661,2887,0.333333,S2,3x2887
8662,4139,0.477834,S3,1x4523 + 4139* (q=2069)
8663,8663,1.000000,S1,"AGL(1,8663)"
8664,4007,0.462488,S3,1x4657 + 4007* (q=2003)
8665,2851,0.329025,S7f2,2x2851 + 2963* (q=1481)
8666,2153,0.248442,S7f3,3x2153 + 2207* (q=1103)
8667,1657,0.191185,S7f4,4x1657 + 2039* (q=1019)
8668,4259,0.491347,S3,1x4409 + 4259* (q=2129)
8669,8669,1.000000,S1,"AGL(1,8669)"
8670,4079,0.470473,S3,1x4591 + 4079* (q=2039)
8671,1553,0.179103,S7f4,4x1553 + 2459* (q=1229)
8672,2063,0.237892,S7f3,3x2203 + 2063* (q=1031)
8673,2879,0.331950,S7f2,2x2897 + 2879* (q=1439)
8674,4337,0.500000,S2,2x4337
8675,653,0.075274,S7f12,12x653 + 839* (q=419)
8676,4129,0.475911,S3,1x4129 + 4547* (q=2273)
8677,8677,1.000000,S1,"AGL(1,8677)"
8678,4339,0.500000,S2,2x4339
8679,1693,0.195069,S7f4,4x1693 + 1907* (q=953)
8680,4283,0.493433,S3,1x4397 + 4283* (q=2141)
8681,8681,1.000000,S1,"AGL(1,8681)"
8682,4259,0.490555,S3,1x4423 + 4259* (q=2129)
8683,1619,0.186456,S7f4,4x1619 + 2207* (q=1103)
8684,2063,0.237563,S7f3,3x2207 + 2063* (q=1031)
8685,2879,0.331491,S7f2,2x2903 + 2879* (q=1439)
8686,4139,0.476514,S3,1x4139 + 4547* (q=2273)
8687,625,0.071947,S7f12,12x625 + 1187* (q=593)
8688,4139,0.476404,S3,1x4549 + 4139* (q=2069)
8689,8689,1.000000,S1,"AGL(1,8689)"
8690,2161,0.248677,S7f3,3x2161 + 2207* (q=1103)
8691,2897,0.333333,S2,3x2897
8692,4283,0.492752,S3,1x4409 + 4283* (q=2141)
8693,8693,1.000000,S1,"AGL(1,8693)"
8694,4127,0.474695,S3,1x4567 + 4127* (q=2063)
8695,1697,0.195170,S7f4,4x1697 + 1907* (q=953)
8696,2083,0.239535,S7f3,3x2083 + 2447* (q=1223)
8697,2897,0.333103,S7f2,2x2897 + 2903* (q=1451)
8698,4349,0.500000,S2,2x4349
8699,8699,1.000000,S1,"AGL(1,8699)"
8700,4259,0.489540,S3,1x4441 + 4259* (q=2129)
8701,2851,0.327663,S7f2,2x2851 + 2999* (q=1499)
8702,2081,0.239140,S7f3,3x2081 + 2459* (q=1229)
8703,1699,0.195220,S7f4,4x1699 + 1907* (q=953)
8704,4283,0.492073,S3,1x4421 + 4283* (q=2141)
8705,1741,0.200000,S2,5x1741
8706,4283,0.491960,S3,1x4423 + 4283* (q=2141)
8707,8707,1.000000,S1,"AGL(1,8707)"
8708,2099,0.241043,S7f3,3x2203 + 2099* (q=1049)
8709,2903,0.333333,S2,3x2903
8710,4259,0.488978,S3,1x4451 + 4259* (q=2129)
8711,1024,0.117553,S7f3,3x1024 + 5639* (q=2819)
8712,3803,0.436524,S3,1x4909 + 3803* (q=1901)
8713,8713,1.000000,S1,"AGL(1,8713)"
8714,4357,0.500000,S2,2x4357
8715,1723,0.197705,S7f4,4x1723 + 1823* (q=911)
8716,4259,0.488642,S3,1x4457 + 4259* (q=2129)
8717,1213,0.139153,S7f6,6x1213 + 1439* (q=719)
8718,4127,0.473388,S3,1x4591 + 4127* (q=2063)
8719,8719,1.000000,S1,"AGL(1,8719)"
8720,2099,0.240711,S7f3,3x2207 + 2099* (q=1049)
8721,2903,0.332875,S7f2,2x2909 + 2903* (q=1451)
8722,4259,0.488305,S3,1x4463 + 4259* (q=2129)
8723,2048,0.234782,S7f3,3x2048 + 2579* (q=1289)
8724,4283,0.490945,S3,1x4441 + 4283* (q=2141)
8725,2851,0.326762,S7f2,2x2851 + 3023* (q=1511)
8726,4363,0.500000,S2,2x4363
8727,2909,0.333333,S2,3x2909
8728,4079,0.467346,S3,1x4649 + 4079* (q=2039)
8729,1237,0.141712,S7f6,6x1237 + 1307* (q=653)
8730,4283,0.490607,S3,1x4447 + 4283* (q=2141)
8731,8731,1.000000,S1,"AGL(1,8731)"
8732,1951,0.223431,S7f3,3x1951 + 2879* (q=1439)
8733,2879,0.329669,S7f2,2x2927 + 2879* (q=1439)
8734,4283,0.490382,S3,1x4451 + 4283* (q=2141)
8735,1747,0.200000,S2,5x1747
8736,4139,0.473787,S3,1x4597 + 4139* (q=2069)
8737,8737,1.000000,S1,"AGL(1,8737)"
8738,2099,0.240215,S7f3,3x2213 + 2099* (q=1049)
8739,1669,0.190983,S7f4,4x1669 + 2063* (q=1031)
8740,4283,0.490046,S3,1x4457 + 4283* (q=2141)
8741,8741,1.000000,S1,"AGL(1,8741)"
8742,4259,0.487188,S3,1x4483 + 4259* (q=2129)
8743,1709,0.195471,S7f4,4x1709 + 1907* (q=953)
8744,2179,0.249199,S7f3,3x2179 + 2207* (q=1103)
8745,2861,0.327158,S7f2,2x2861 + 3023* (q=1511)
8746,4373,0.500000,S2,2x4373
8747,8747,1.000000,S1,"AGL(1,8747)"
8748,4259,0.486854,S3,1x4489 + 4259* (q=2129)
8749,2791,0.319008,S7f2,2x2791 + 3167* (q=1583)
8750,2039,0.233029,S7f3,3x2237 + 2039* (q=1019)
8751,2917,0.333333,S2,3x2917
8752,4259,0.486632,S3,1x4493 + 4259* (q=2129)
8753,8753,1.000000,S1,"AGL(1,8753)"
8754,4051,0.462760,S3,1x4051 + 4703* (q=2351)
8755,1733,0.197944,S7f4,4x1733 + 1823* (q=911)
8756,2099,0.239721,S7f3,3x2099 + 2459* (q=1229)
8757,2903,0.331506,S7f2,2x2927 + 2903* (q=1451)
8758,4211,0.480818,S3,1x4211 + 4547* (q=2273)
8759,631,0.072040,S7f12,12x631 + 1187* (q=593)
8760,4139,0.472489,S3,1x4621 + 4139* (q=2069)
8761,8761,1.000000,S1,"AGL(1,8761)"
8762,2099,0.239557,S7f3,3x2221 + 2099* (q=1049)
8763,1681,0.191829,S7f4,4x1681 + 2039* (q=1019)
8764,4283,0.488704,S3,1x4481 + 4283* (q=2141)
8765,1753,0.200000,S2,5x1753
8766,4283,0.488592,S3,1x4483 + 4283* (q=2141)
8767,2048,0.233603,S3,1x2048 + 6719* (q=3359)
8768,2207,0.251711,S3,1x6561 + 2207* (q=1103)
8769,2903,0.331053,S7f2,2x2903 + 2963* (q=1481)
8770,4127,0.470582,S3,1x4643 + 4127* (q=2063)
8771,661,0.075362,S7f12,12x661 + 839* (q=419)
8772,4283,0.488258,S3,1x4489 + 4283* (q=2141)
8773,2887,0.329078,S7f2,2x2887 + 2999* (q=1499)
8774,2063,0.235127,S7f3,3x2237 + 2063* (q=1031)
8775,4096,0.466781,S3,1x4096 + 4679* (q=2339)
8776,4283,0.488036,S3,1x4493 + 4283* (q=2141)
8777,1459,0.166230,S7f2,2x3659 + 1459* (q=3)
8778,4259,0.485190,S3,1x4519 + 4259* (q=2129)
8779,8779,1.000000,S1,"AGL(1,8779)"
8780,2111,0.240433,S7f3,3x2111 + 2447* (q=1223)
8781,2927,0.333333,S2,3x2927
8782,4391,0.500000,S2,2x4391
8783,8783,1.000000,S1,"AGL(1,8783)"
8784,4127,0.469832,S3,1x4657 + 4127* (q=2063)
8785,2879,0.327718,S7f2,2x2953 + 2879* (q=1439)
8786,2187,0.248919,S3,1x2187 + 6599* (q=3299)
8787,1741,0.198134,S7f4,4x1741 + 1823* (q=911)
8788,4241,0.482590,S3,1x4241 + 4547* (q=2273)
8789,1237,0.140744,S7f6,6x1237 + 1367* (q=683)
8790,4283,0.487258,S3,1x4507 + 4283* (q=2141)
8791,1721,0.195768,S7f4,4x1721 + 1907* (q=953)
8792,2111,0.240105,S7f3,3x2111 + 2459* (q=1229)
8793,2897,0.329467,S7f2,2x2897 + 2999* (q=1499)
8794,4397,0.500000,S2,2x4397
8795,1759,0.200000,S2,5x1759
8796,4283,0.486926,S3,1x4513 + 4283* (q=2141)
8797,2917,0.331590,S7f2,2x2917 + 2963* (q=1481)
8798,2197,0.249716,S7f3,3x2197 + 2207* (q=1103)
8799,4096,0.465507,S3,1x4096 + 4703* (q=2351)
8800,4283,0.486705,S3,1x4517 + 4283* (q=2141)
8801,1459,0.165777,S7f2,2x3671 + 1459* (q=3)
8802,4283,0.486594,S3,1x4519 + 4283* (q=2141)
8803,8803,1.000000,S1,"AGL(1,8803)"
8804,1879,0.213426,S7f3,3x1879 + 3167* (q=1583)
8805,2903,0.329699,S7f2,2x2903 + 2999* (q=1499)
8806,4283,0.486373,S3,1x4523 + 4283* (q=2141)
8807,8807,1.000000,S1,"AGL(1,8807)"
8808,4261,0.483765,S3,1x4261 + 4547* (q=2273)
8809,2903,0.329549,S7f2,2x2953 + 2903* (q=1451)
8810,2099,0.238252,S7f3,3x2237 + 2099* (q=1049)
8811,1747,0.198275,S7f4,4x1747 + 1823* (q=911)
8812,4139,0.469700,S3,1x4673 + 4139* (q=2069)
8813,1459,0.165551,S7f2,2x3677 + 1459* (q=3)
8814,4111,0.466417,S3,1x4111 + 4703* (q=2351)
8815,1697,0.192513,S7f4,4x1697 + 2027* (q=1013)
8816,2203,0.249887,S7f3,3x2203 + 2207* (q=1103)
8817,2939,0.333333,S2,3x2939
8818,4409,0.500000,S2,2x4409
8819,8819,1.000000,S1,"AGL(1,8819)"
8820,4273,0.484467,S3,1x4273 + 4547* (q=2273)
8821,8821,1.000000,S1,"AGL(1,8821)"
8822,2081,0.235888,S7f3,3x2081 + 2579* (q=1289)
8823,1699,0.192565,S7f4,4x1699 + 2027* (q=1013)
8824,4007,0.454102,S3,1x4817 + 4007* (q=2003)
8825,1231,0.139490,S7f6,6x1231 + 1439* (q=719)
8826,4259,0.482552,S3,1x4567 + 4259* (q=2129)
8827,2048,0.232015,S3,1x2048 + 6779* (q=3389)
8828,2207,0.250000,S2,4x2207
8829,2903,0.328803,S7f2,2x2903 + 3023* (q=1511)
8830,4283,0.485051,S3,1x4283 + 4547* (q=2273)
8831,8831,1.000000,S1,"AGL(1,8831)"
8832,4283,0.484941,S3,1x4549 + 4283* (q=2141)
8833,2917,0.330239,S7f2,2x2917 + 2999* (q=1499)
8834,2207,0.249830,S7f3,3x2209 + 2207* (q=1103)
8835,1753,0.198415,S7f4,4x1753 + 1823* (q=911)
8836,4289,0.485401,S3,1x4289 + 4547* (q=2273)
8837,8837,1.000000,S1,"AGL(1,8837)"
8838,4159,0.470582,S3,1x4159 + 4679* (q=2339)
8839,8839,1.000000,S1,"AGL(1,8839)"
8840,2131,0.241063,S7f3,3x2131 + 2447* (q=1223)
8841,2939,0.332428,S7f2,2x2939 + 2963* (q=1481)
8842,4421,0.500000,S2,2x4421
8843,729,0.082438,S7f4,4x729 + 5927* (q=2963)
8844,4297,0.485866,S3,1x4297 + 4547* (q=2273)
8845,2903,0.328208,S7f2,2x2971 + 2903* (q=1451)
8846,4423,0.500000,S2,2x4423
8847,1597,0.180513,S7f4,4x1597 + 2459* (q=1229)
8848,4127,0.466433,S3,1x4721 + 4127* (q=2063)
8849,8849,1.000000,S1,"AGL(1,8849)"
8850,4283,0.483955,S3,1x4567 + 4283* (q=2141)
8851,1697,0.191730,S7f4,4x1697 + 2063* (q=1031)
8852,2213,0.250000,S2,4x2213
8853,2927,0.330622,S7f2,2x2927 + 2999* (q=1499)
8854,3803,0.429523,S3,1x5051 + 3803* (q=1901)
8855,1459,0.164766,S7f4,4x1849 + 1459* (q=3)
8856,4259,0.480917,S3,1x4597 + 4259* (q=2129)
8857,2917,0.329344,S7f2,2x2917 + 3023* (q=1511)
8858,2137,0.241251,S7f3,3x2137 + 2447* (q=1223)
8859,2953,0.333333,S2,3x2953
8860,4157,0.469187,S3,1x4157 + 4703* (q=2351)
8861,8861,1.000000,S1,"AGL(1,8861)"
8862,4259,0.480591,S3,1x4603 + 4259* (q=2129)
8863,8863,1.000000,S1,"AGL(1,8863)"
8864,2063,0.232739,S7f3,3x2267 + 2063* (q=1031)
8865,2819,0.317992,S7f2,2x3023 + 2819* (q=1409)
8866,4283,0.483081,S3,1x4583 + 4283* (q=2141)
8867,8867,1.000000,S1,"AGL(1,8867)"
8868,4139,0.466734,S3,1x4729 + 4139* (q=2069)
8869,2953,0.332957,S7f2,2x2953 + 2963* (q=1481)
8870,2207,0.248816,S7f3,3x2221 + 2207* (q=1103)
8871,2957,0.333333,S2,3x2957
8872,4139,0.466524,S3,1x4733 + 4139* (q=2069)
8873,1259,0.141891,S7f6,6x1259 + 1319* (q=659)
8874,4327,0.487604,S3,1x4327 + 4547* (q=2273)
8875,2048,0.230761,S3,1x2048 + 6827* (q=3413)
8876,2143,0.241438,S7f3,3x2143 + 2447* (q=1223)
8877,2957,0.333108,S7f2,2x2957 + 2963* (q=1481)
8878,4127,0.464857,S3,1x4751 + 4127* (q=2063)
8879,1024,0.115328,S7f3,3x1024 + 5807* (q=2903)
8880,4283,0.482320,S3,1x4597 + 4283* (q=2141)
8881,2879,0.324175,S7f2,2x3001 + 2879* (q=1439)
8882,4441,0.500000,S2,2x4441
8883,4096,0.461105,S3,1x4096 + 4787* (q=2393)
8884,4337,0.488181,S3,1x4337 + 4547* (q=2273)
8885,1777,0.200000,S2,5x1777
8886,4339,0.488296,S3,1x4339 + 4547* (q=2273)
8887,8887,1.000000,S1,"AGL(1,8887)"
8888,2143,0.241112,S7f3,3x2143 + 2459* (q=1229)
8889,2963,0.333333,S2,3x2963
8890,4211,0.473678,S3,1x4211 + 4679* (q=2339)
8891,929,0.104488,S7f8,8x929 + 1459* (q=3)
8892,4093,0.460301,S3,1x4093 + 4799* (q=2399)
8893,8893,1.000000,S1,"AGL(1,8893)"
8894,4447,0.500000,S2,2x4447
8895,4096,0.460483,S3,1x4096 + 4799* (q=2399)
8896,4349,0.488871,S3,1x4349 + 4547* (q=2273)
8897,1459,0.163988,S7f2,2x3719 + 1459* (q=3)
8898,4259,0.478647,S3,1x4639 + 4259* (q=2129)
8899,1709,0.192044,S7f4,4x1709 + 2063* (q=1031)
8900,2099,0.235843,S7f3,3x2267 + 2099* (q=1049)
8901,2963,0.332884,S7f2,2x2969 + 2963* (q=1481)
8902,4451,0.500000,S2,2x4451
8903,1459,0.163877,S7f4,4x1861 + 1459* (q=3)
8904,4357,0.489331,S3,1x4357 + 4547* (q=2273)
8905,2963,0.332734,S7f2,2x2971 + 2963* (q=1481)
8906,2187,0.245565,S3,1x2187 + 6719* (q=3359)
8907,2969,0.333333,S2,3x2969
8908,4259,0.478110,S3,1x4649 + 4259* (q=2129)
8909,1237,0.138848,S7f6,6x1237 + 1487* (q=743)
8910,4363,0.489675,S3,1x4363 + 4547* (q=2273)
8911,1721,0.193132,S7f4,4x1721 + 2027* (q=1013)
8912,2111,0.236872,S7f3,3x2111 + 2579* (q=1289)
8913,2971,0.333333,S2,3x2971
8914,4457,0.500000,S2,2x4457
8915,1783,0.200000,S2,5x1783
8916,4259,0.477681,S3,1x4657 + 4259* (q=2129)
8917,2879,0.322866,S7f2,2x3019 + 2879* (q=1439)
8918,2207,0.247477,S7f3,3x2237 + 2207* (q=1103)
8919,1753,0.196547,S7f4,4x1753 + 1907* (q=953)
8920,4373,0.490247,S3,1x4373 + 4547* (q=2273)
8921,2187,0.245152,S7f2,2x2187 + 4547* (q=2273)
8922,4283,0.480049,S3,1x4639 + 4283* (q=2141)
8923,8923,1.000000,S1,"AGL(1,8923)"
8924,2207,0.247311,S7f3,3x2239 + 2207* (q=1103)
8925,2963,0.331989,S7f2,2x2963 + 2999* (q=1499)
8926,4463,0.500000,S2,2x4463
8927,1459,0.163437,S7f4,4x1867 + 1459* (q=3)
8928,4139,0.463598,S3,1x4789 + 4139* (q=2069)
8929,8929,1.000000,S1,"AGL(1,8929)"
8930,2161,0.241993,S7f3,3x2161 + 2447* (q=1223)
8931,1777,0.198970,S7f4,4x1777 + 1823* (q=911)
8932,4283,0.479512,S3,1x4649 + 4283* (q=2141)
8933,8933,1.000000,S1,"AGL(1,8933)"
8934,4283,0.479405,S3,1x4651 + 4283* (q=2141)
8935,1787,0.200000,S2,5x1787
8936,2207,0.246979,S7f3,3x2243 + 2207* (q=1103)
8937,2969,0.332214,S7f2,2x2969 + 2999* (q=1499)
8938,4391,0.491273,S3,1x4391 + 4547* (q=2273)
8939,1277,0.142857,S2,7x1277
8940,4283,0.479083,S3,1x4657 + 4283* (q=2141)
8941,8941,1.000000,S1,"AGL(1,8941)"
8942,2161,0.241669,S7f3,3x2161 + 2459* (q=1229)
8943,1759,0.196690,S7f4,4x1759 + 1907* (q=953)
8944,4397,0.491614,S3,1x4397 + 4547* (q=2273)
8945,1789,0.200000,S2,5x1789
8946,4283,0.478761,S3,1x4663 + 4283* (q=2141)
8947,2048,0.228904,S3,1x2048 + 6899* (q=3449)
8948,2237,0.250000,S2,4x2237
8949,2963,0.331098,S7f2,2x2963 + 3023* (q=1511)
8950,4271,0.477207,S3,1x4271 + 4679* (q=2339)
8951,8951,1.000000,S1,"AGL(1,8951)"
8952,4273,0.477324,S3,1x4273 + 4679* (q=2339)
8953,2917,0.325813,S7f2,2x2917 + 3119* (q=1559)
8954,2063,0.230400,S7f3,3x2297 + 2063* (q=1031)
8955,1783,0.199107,S7f4,4x1783 + 1823* (q=911)
8956,4409,0.492296,S3,1x4409 + 4547* (q=2273)
8957,1279,0.142793,S7f6,6x1279 + 1283* (q=641)
8958,4159,0.464278,S3,1x4159 + 4799* (q=2399)
8959,1733,0.193437,S7f4,4x1733 + 2027* (q=1013)
8960,2207,0.246317,S7f3,3x2251 + 2207* (q=1103)
8961,2969,0.331325,S7f2,2x2969 + 3023* (q=1511)
8962,4481,0.500000,S2,2x4481
8963,8963,1.000000,S1,"AGL(1,8963)"
8964,4261,0.475346,S3,1x4261 + 4703* (q=2351)
8965,2971,0.331400,S7f2,2x2971 + 3023* (q=1511)
8966,4483,0.500000,S2,2x4483
8967,1627,0.181443,S7f4,4x1627 + 2459* (q=1229)
8968,4421,0.492975,S3,1x4421 + 4547* (q=2273)
8969,8969,1.000000,S1,"AGL(1,8969)"
8970,4423,0.493088,S3,1x4423 + 4547* (q=2273)
8971,8971,1.000000,S1,"AGL(1,8971)"
8972,2243,0.250000,S2,4x2243
8973,2927,0.326201,S7f2,2x2927 + 3119* (q=1559)
8974,4283,0.477268,S3,1x4691 + 4283* (q=2141)
8975,1459,0.162563,S7f4,4x1879 + 1459* (q=3)
8976,4297,0.478721,S3,1x4297 + 4679* (q=2339)
8977,2903,0.323382,S7f2,2x3037 + 2903* (q=1451)
8978,4489,0.500000,S2,2x4489
8979,1789,0.199243,S7f4,4x1789 + 1823* (q=911)
8980,4259,0.474276,S3,1x4721 + 4259* (q=2129)
8981,1459,0.162454,S7f2,2x3761 + 1459* (q=3)
8982,4259,0.474171,S3,1x4723 + 4259* (q=2129)
8983,1721,0.191584,S7f4,4x1721 + 2099* (q=1049)
8984,2179,0.242542,S7f3,3x2179 + 2447* (q=1223)
8985,2963,0.329772,S7f2,2x3011 + 2963* (q=1481)
8986,4493,0.500000,S2,2x4493
8987,941,0.104707,S7f8,8x941 + 1459* (q=3)
8988,4441,0.494103,S3,1x4441 + 4547* (q=2273)
8989,2683,0.298476,S7f2,2x2683 + 3623* (q=1811)
8990,2137,0.237709,S7f3,3x2137 + 2579* (q=1289)
8991,1741,0.193638,S7f4,4x1741 + 2027* (q=1013)
8992,4289,0.476980,S3,1x4289 + 4703* (q=2351)
8993,1459,0.162237,S7f2,2x3767 + 1459* (q=3)
8994,4447,0.494441,S3,1x4447 + 4547* (q=2273)
8995,1733,0.192663,S7f4,4x1733 + 2063* (q=1031)
8996,2179,0.242219,S7f3,3x2179 + 2459* (q=1229)
8997,2999,0.333333,S2,3x2999
8998,4451,0.494665,S3,1x4451 + 4547* (q=2273)
8999,8999,1.000000,S1,"AGL(1,8999)"
9000,4297,0.477444,S3,1x4297 + 4703* (q=2351)
9001,9001,1.000000,S1,"AGL(1,9001)"
9002,2141,0.237836,S7f3,3x2141 + 2579* (q=1289)
9003,3001,0.333333,S2,3x3001
9004,4457,0.495002,S3,1x4457 + 4547* (q=2273)
9005,1801,0.200000,S2,5x1801
9006,4327,0.480457,S3,1x4327 + 4679* (q=2339)
9007,9007,1.000000,S1,"AGL(1,9007)"
9008,2447,0.271647,S3,1x6561 + 2447* (q=1223)
9009,2963,0.328893,S7f2,2x3023 + 2963* (q=1481)
9010,4463,0.495339,S3,1x4463 + 4547* (q=2273)
9011,9011,1.000000,S1,"AGL(1,9011)"
9012,4283,0.475255,S3,1x4729 + 4283* (q=2141)
9013,9013,1.000000,S1,"AGL(1,9013)"
9014,4507,0.500000,S2,2x4507
9015,4096,0.454354,S3,1x4096 + 4919* (q=2459)
9016,4337,0.481034,S3,1x4337 + 4679* (q=2339)
9017,1459,0.161805,S7f2,2x3779 + 1459* (q=3)
9018,4339,0.481149,S3,1x4339 + 4679* (q=2339)
9019,1499,0.166205,S7f4,4x1499 + 3023* (q=1511)
9020,2459,0.272616,S3,1x6561 + 2459* (q=1229)
9021,2999,0.332447,S7f2,2x2999 + 3023* (q=1511)
9022,4079,0.452117,S3,1x4943 + 4079* (q=2039)
9023,2048,0.226976,S7f3,3x2048 + 2879* (q=1439)
9024,3947,0.437389,S3,1x5077 + 3947* (q=1973)
9025,3001,0.332521,S7f2,2x3001 + 3023* (q=1511)
9026,4513,0.500000,S2,2x4513
9027,1801,0.199513,S7f4,4x1801 + 1823* (q=911)
9028,4481,0.496345,S3,1x4481 + 4547* (q=2273)
9029,9029,1.000000,S1,"AGL(1,9029)"
9030,4483,0.496456,S3,1x4483 + 4547* (q=2273)
9031,2048,0.226774,S3,1x2048 + 6983* (q=3491)
9032,2099,0.232396,S7f3,3x2311 + 2099* (q=1049)
9033,3011,0.333333,S2,3x3011
9034,4517,0.500000,S2,2x4517
9035,947,0.104815,S7f8,8x947 + 1459* (q=3)
9036,4489,0.496791,S3,1x4489 + 4547* (q=2273)
9037,2999,0.331858,S7f2,2x3019 + 2999* (q=1499)
9038,4519,0.500000,S2,2x4519
9039,1783,0.197256,S7f4,4x1783 + 1907* (q=953)
9040,4493,0.497013,S3,1x4493 + 4547* (q=2273)
9041,9041,1.000000,S1,"AGL(1,9041)"
9042,4363,0.482526,S3,1x4363 + 4679* (q=2339)
9043,9043,1.000000,S1,"AGL(1,9043)"
9044,2027,0.224126,S7f3,3x2027 + 2963* (q=1481)
9045,3011,0.332891,S7f2,2x3011 + 3023* (q=1511)
9046,4523,0.500000,S2,2x4523
9047,2048,0.226373,S7f3,3x2048 + 2903* (q=1451)
9048,4261,0.470933,S3,1x4261 + 4787* (q=2393)
9049,9049,1.000000,S1,"AGL(1,9049)"
9050,2207,0.243867,S7f3,3x2281 + 2207* (q=1103)
9051,1753,0.193680,S7f4,4x1753 + 2039* (q=1019)
9052,4373,0.483098,S3,1x4373 + 4679* (q=2339)
9053,2187,0.241577,S7f2,2x2187 + 4679* (q=2339)
9054,4507,0.497791,S3,1x4507 + 4547* (q=2273)
9055,1811,0.200000,S2,5x1811
9056,2203,0.243264,S7f3,3x2203 + 2447* (q=1223)
9057,3019,0.333333,S2,3x3019
9058,4271,0.471517,S3,1x4271 + 4787* (q=2393)
9059,9059,1.000000,S1,"AGL(1,9059)"
9060,4513,0.498124,S3,1x4513 + 4547* (q=2273)
9061,3019,0.333186,S7f2,2x3019 + 3023* (q=1511)
9062,2161,0.238468,S7f3,3x2161 + 2579* (q=1289)
9063,1789,0.197396,S7f4,4x1789 + 1907* (q=953)
9064,4517,0.498345,S3,1x4517 + 4547* (q=2273)
9065,1459,0.160949,S7f2,2x3803 + 1459* (q=3)
9066,4519,0.498456,S3,1x4519 + 4547* (q=2273)
9067,9067,1.000000,S1,"AGL(1,9067)"
9068,2267,0.250000,S2,4x2267
9069,3023,0.333333,S2,3x3023
9070,4523,0.498677,S3,1x4523 + 4547* (q=2273)
9071,647,0.071326,S7f12,12x647 + 1307* (q=653)
9072,4283,0.472112,S3,1x4789 + 4283* (q=2141)
9073,2999,0.330541,S7f2,2x3037 + 2999* (q=1499)
9074,2209,0.243443,S7f3,3x2209 + 2447* (q=1223)
9075,1759,0.193829,S7f4,4x1759 + 2039* (q=1019)
9076,4397,0.484465,S3,1x4397 + 4679* (q=2339)
9077,2187,0.240939,S7f2,2x2187 + 4703* (q=2351)
9078,4159,0.458141,S3,1x4159 + 4919* (q=2459)
9079,1523,0.167750,S7f4,4x1889 + 1523* (q=761)
9080,2207,0.243062,S7f3,3x2207 + 2459* (q=1229)
9081,2999,0.330250,S7f2,2x3041 + 2999* (q=1499)
9082,4283,0.471592,S3,1x4283 + 4799* (q=2399)
9083,953,0.104921,S7f8,8x953 + 1459* (q=3)
9084,4297,0.473030,S3,1x4297 + 4787* (q=2393)
9085,2963,0.326142,S7f2,2x3061 + 2963* (q=1481)
9086,2213,0.243562,S7f3,3x2213 + 2447* (q=1223)
9087,1747,0.192253,S7f4,4x1747 + 2099* (q=1049)
9088,4409,0.485145,S3,1x4409 + 4679* (q=2339)
9089,1297,0.142700,S7f6,6x1297 + 1307* (q=653)
9090,4259,0.468537,S3,1x4831 + 4259* (q=2129)
9091,9091,1.000000,S1,"AGL(1,9091)"
9092,2273,0.250000,S2,4x2273
9093,2963,0.325855,S7f2,2x2963 + 3167* (q=1583)
9094,4547,0.500000,S2,2x4547
9095,673,0.073997,S7f12,12x673 + 1019* (q=509)
9096,4547,0.499890,S3,1x4549 + 4547* (q=2273)
9097,3023,0.332307,S7f2,2x3037 + 3023* (q=1511)
9098,4549,0.500000,S2,2x4549
9099,1759,0.193318,S7f4,4x1759 + 2063* (q=1031)
9100,4421,0.485824,S3,1x4421 + 4679* (q=2339)
9101,1459,0.160312,S7f2,2x3821 + 1459* (q=3)
9102,4423,0.485937,S3,1x4423 + 4679* (q=2339)
9103,9103,1.000000,S1,"AGL(1,9103)"
9104,2063,0.226604,S7f3,3x2347 + 2063* (q=1031)
9105,3023,0.332015,S7f2,2x3041 + 3023* (q=1511)
9106,4139,0.454535,S3,1x4967 + 4139* (q=2069)
9107,2048,0.224882,S7f3,3x2048 + 2963* (q=1481)
9108,4547,0.499231,S3,1x4561 + 4547* (q=2273)
9109,9109,1.000000,S1,"AGL(1,9109)"
9110,2221,0.243798,S7f3,3x2221 + 2447* (q=1223)
9111,3037,0.333333,S2,3x3037
9112,4409,0.483867,S3,1x4409 + 4703* (q=2351)
9113,1301,0.142763,S7f6,6x1301 + 1307* (q=653)
9114,4547,0.498903,S3,1x4567 + 4547* (q=2273)
9115,1823,0.200000,S2,5x1823
9116,2179,0.239030,S7f3,3x2179 + 2579* (q=1289)
9117,2999,0.328946,S7f2,2x2999 + 3119* (q=1559)
9118,4079,0.447357,S3,1x5039 + 4079* (q=2039)
9119,1024,0.112293,S7f3,3x1024 + 6047* (q=3023)
9120,4441,0.486952,S3,1x4441 + 4679* (q=2339)
9121,3023,0.331433,S7f2,2x3049 + 3023* (q=1511)
9122,4561,0.500000,S2,2x4561
9123,3041,0.333333,S2,3x3041
9124,4421,0.484546,S3,1x4421 + 4703* (q=2351)
9125,1459,0.159890,S7f2,2x3833 + 1459* (q=3)
9126,4447,0.487289,S3,1x4447 + 4679* (q=2339)
9127,9127,1.000000,S1,"AGL(1,9127)"
9128,2083,0.228199,S7f3,3x2083 + 2879* (q=1439)
9129,2963,0.324570,S7f2,2x2963 + 3203* (q=1601)
9130,4547,0.498028,S3,1x4583 + 4547* (q=2273)
9131,701,0.076771,S7f12,12x701 + 719* (q=359)
9132,4139,0.453241,S3,1x4993 + 4139* (q=2069)
9133,9133,1.000000,S1,"AGL(1,9133)"
9134,4567,0.500000,S2,2x4567
9135,1777,0.194527,S7f4,4x1777 + 2027* (q=1013)
9136,4457,0.487850,S3,1x4457 + 4679* (q=2339)
9137,9137,1.000000,S1,"AGL(1,9137)"
9138,4547,0.497592,S3,1x4591 + 4547* (q=2273)
9139,1733,0.189627,S7f4,4x1733 + 2207* (q=1103)
9140,2579,0.282166,S3,1x6561 + 2579* (q=1289)
9141,3011,0.329395,S7f2,2x3011 + 3119* (q=1559)
9142,4463,0.488186,S3,1x4463 + 4679* (q=2339)
9143,2048,0.223997,S7f3,3x2048 + 2999* (q=1499)
9144,4547,0.497266,S3,1x4597 + 4547* (q=2273)
9145,3023,0.330563,S7f2,2x3061 + 3023* (q=1511)
9146,2161,0.236278,S7f3,3x2161 + 2663* (q=11)
9147,3049,0.333333,S2,3x3049
9148,4349,0.475404,S3,1x4349 + 4799* (q=2399)
9149,1307,0.142857,S2,7x1307
9150,4547,0.496940,S3,1x4603 + 4547* (q=2273)
9151,9151,1.000000,S1,"AGL(1,9151)"
9152,2111,0.230660,S7f3,3x2111 + 2819* (q=1409)
9153,2903,0.317164,S7f2,2x3125 + 2903* (q=1451)
9154,4451,0.486236,S3,1x4451 + 4703* (q=2351)
9155,1831,0.200000,S2,5x1831
9156,4357,0.475863,S3,1x4357 + 4799* (q=2399)
9157,9157,1.000000,S1,"AGL(1,9157)"
9158,2237,0.244267,S7f3,3x2237 + 2447* (q=1223)
9159,1783,0.194672,S7f4,4x1783 + 2027* (q=1013)
9160,4481,0.489192,S3,1x4481 + 4679* (q=2339)
9161,9161,1.000000,S1,"AGL(1,9161)"
9162,4483,0.489304,S3,1x4483 + 4679* (q=2339)
9163,1571,0.171450,S7f4,4x1571 + 2879* (q=1439)
9164,2239,0.244326,S7f3,3x2239 + 2447* (q=1223)
9165,3023,0.329842,S7f2,2x3023 + 3119* (q=1559)
9166,4583,0.500000,S2,2x4583
9167,2048,0.223410,S7f3,3x2048 + 3023* (q=1511)
9168,4547,0.495964,S3,1x4621 + 4547* (q=2273)
9169,3001,0.327299,S7f2,2x3001 + 3167* (q=1583)
9170,2237,0.243948,S7f3,3x2237 + 2459* (q=1229)
9171,1783,0.194417,S7f4,4x1783 + 2039* (q=1019)
9172,4493,0.489860,S3,1x4493 + 4679* (q=2339)
9173,9173,1.000000,S1,"AGL(1,9173)"
9174,4007,0.436778,S3,1x5167 + 4007* (q=2003)
9175,1787,0.194768,S7f4,4x1787 + 2027* (q=1013)
9176,2243,0.244442,S7f3,3x2243 + 2447* (q=1223)
9177,2999,0.326795,S7f2,2x3089 + 2999* (q=1499)
9178,4391,0.478427,S3,1x4391 + 4787* (q=2393)
9179,691,0.075281,S7f12,12x691 + 887* (q=443)
9180,4261,0.464161,S3,1x4261 + 4919* (q=2459)
9181,9181,1.000000,S1,"AGL(1,9181)"
9182,4591,0.500000,S2,2x4591
9183,4096,0.446042,S3,1x4096 + 5087* (q=2543)
9184,4547,0.495100,S3,1x4637 + 4547* (q=2273)
9185,1459,0.158846,S7f2,2x3863 + 1459* (q=3)
9186,4547,0.494992,S3,1x4639 + 4547* (q=2273)
9187,9187,1.000000,S1,"AGL(1,9187)"
9188,2297,0.250000,S2,4x2297
9189,3023,0.328980,S7f2,2x3083 + 3023* (q=1511)
9190,4547,0.494777,S3,1x4643 + 4547* (q=2273)
9191,1459,0.158742,S7f4,4x1933 + 1459* (q=3)
9192,4513,0.490970,S3,1x4513 + 4679* (q=2339)
9193,3037,0.330360,S7f2,2x3037 + 3119* (q=1559)
9194,4597,0.500000,S2,2x4597
9195,4096,0.445459,S3,1x4096 + 5099* (q=2549)
9196,4547,0.494454,S3,1x4649 + 4547* (q=2273)
9197,1283,0.139502,S7f6,6x1319 + 1283* (q=641)
9198,4547,0.494347,S3,1x4651 + 4547* (q=2273)
9199,9199,1.000000,S1,"AGL(1,9199)"
9200,2251,0.244674,S7f3,3x2251 + 2447* (q=1223)
9201,3067,0.333333,S2,3x3067
9202,4523,0.491524,S3,1x4523 + 4679* (q=2339)
9203,9203,1.000000,S1,"AGL(1,9203)"
9204,4547,0.494024,S3,1x4657 + 4547* (q=2273)
9205,3019,0.327974,S7f2,2x3019 + 3167* (q=1583)
9206,4603,0.500000,S2,2x4603
9207,1777,0.193005,S7f4,4x1777 + 2099* (q=1049)
9208,4421,0.480126,S3,1x4421 + 4787* (q=2393)
9209,9209,1.000000,S1,"AGL(1,9209)"
9210,4547,0.493702,S3,1x4663 + 4547* (q=2273)
9211,1823,0.197916,S7f4,4x1847 + 1823* (q=911)
9212,2251,0.244355,S7f3,3x2251 + 2459* (q=1229)
9213,3023,0.328123,S7f2,2x3023 + 3167* (q=1583)
9214,4283,0.464836,S3,1x4931 + 4283* (q=2141)
9215,683,0.074118,S7f12,12x683 + 1019* (q=509)
9216,4513,0.489692,S3,1x4513 + 4703* (q=2351)
9217,3049,0.330802,S7f2,2x3049 + 3119* (q=1559)
9218,2213,0.240074,S7f3,3x2213 + 2579* (q=1289)
9219,1823,0.197744,S7f4,4x1849 + 1823* (q=911)
9220,4547,0.493167,S3,1x4673 + 4547* (q=2273)
9221,9221,1.000000,S1,"AGL(1,9221)"
9222,4519,0.490024,S3,1x4519 + 4703* (q=2351)
9223,1619,0.175539,S7f4,4x1901 + 1619* (q=809)
9224,2663,0.288703,S3,1x6561 + 2663* (q=11)
9225,3011,0.326396,S7f2,2x3011 + 3203* (q=1601)
9226,4547,0.492846,S3,1x4547 + 4679* (q=2339)
9227,9227,1.000000,S1,"AGL(1,9227)"
9228,4549,0.492956,S3,1x4549 + 4679* (q=2339)
9229,2903,0.314552,S7f2,2x3163 + 2903* (q=1451)
9230,2207,0.239112,S7f3,3x2341 + 2207* (q=1103)
9231,1831,0.198353,S7f4,4x1831 + 1907* (q=953)
9232,4259,0.461330,S3,1x4973 + 4259* (q=2129)
9233,1319,0.142857,S2,7x1319
9234,4447,0.481590,S3,1x4447 + 4787* (q=2393)
9235,2048,0.221765,S3,1x2048 + 7187* (q=3593)
9236,2309,0.250000,S2,4x2309
9237,3079,0.333333,S2,3x3079
9238,4547,0.492206,S3,1x4691 + 4547* (q=2273)
9239,9239,1.000000,S1,"AGL(1,9239)"
9240,4561,0.493615,S3,1x4561 + 4679* (q=2339)
9241,9241,1.000000,S1,"AGL(1,9241)"
9242,4621,0.500000,S2,2x4621
9243,1801,0.194850,S7f4,4x1801 + 2039* (q=1019)
9244,4457,0.482151,S3,1x4457 + 4787* (q=2393)
9245,1849,0.200000,S2,5x1849
9246,4567,0.493943,S3,1x4567 + 4679* (q=2339)
9247,1787,0.193252,S7f4,4x1787 + 2099* (q=1049)
9248,2267,0.245134,S7f3,3x2267 + 2447* (q=1223)
9249,3083,0.333333,S2,3x3083
9250,4547,0.491568,S3,1x4547 + 4703* (q=2351)
9251,841,0.090909,S2,11x841
9252,4549,0.491677,S3,1x4549 + 4703* (q=2351)
9253,3067,0.331460,S7f2,2x3067 + 3119* (q=1559)
9254,2269,0.245191,S7f3,3x2269 + 2447* (q=1223)
9255,1789,0.193301,S7f4,4x1789 + 2099* (q=1049)
9256,4457,0.481525,S3,1x4457 + 4799* (q=2399)
9257,9257,1.000000,S1,"AGL(1,9257)"
9258,4339,0.468676,S3,1x4339 + 4919* (q=2459)
9259,1559,0.168377,S7f4,4x1559 + 3023* (q=1511)
9260,2267,0.244816,S7f3,3x2267 + 2459* (q=1229)
9261,3023,0.326423,S7f2,2x3119 + 3023* (q=1511)
9262,4583,0.494818,S3,1x4583 + 4679* (q=2339)
9263,2048,0.221095,S7f3,3x2048 + 3119* (q=1559)
9264,4561,0.492336,S3,1x4561 + 4703* (q=2351)
9265,3049,0.329088,S7f2,2x3049 + 3167* (q=1583)
9266,2273,0.245305,S7f3,3x2273 + 2447* (q=1223)
9267,3089,0.333333,S2,3x3089
9268,4547,0.490613,S3,1x4721 + 4547* (q=2273)
9269,1307,0.141008,S7f6,6x1327 + 1307* (q=653)
9270,4591,0.495254,S3,1x4591 + 4679* (q=2339)
9271,1811,0.195340,S7f4,4x1811 + 2027* (q=1013)
9272,2203,0.237597,S7f3,3x2203 + 2663* (q=11)
9273,3023,0.326000,S7f2,2x3125 + 3023* (q=1511)
9274,4637,0.500000,S2,2x4637
9275,977,0.105337,S7f8,8x977 + 1459* (q=3)
9276,4597,0.495580,S3,1x4597 + 4679* (q=2339)
9277,9277,1.000000,S1,"AGL(1,9277)"
9278,4639,0.500000,S2,2x4639
9279,1579,0.170169,S7f4,4x1579 + 2963* (q=1481)
9280,4547,0.489978,S3,1x4733 + 4547* (q=2273)
9281,9281,1.000000,S1,"AGL(1,9281)"
9282,4603,0.495906,S3,1x4603 + 4679* (q=2339)
9283,9283,1.000000,S1,"AGL(1,9283)"
9284,2207,0.237721,S7f3,3x2207 + 2663* (q=11)
9285,3083,0.332041,S7f2,2x3083 + 3119* (q=1559)
9286,4643,0.500000,S2,2x4643
9287,647,0.069667,S7f12,12x647 + 1523* (q=761)
9288,4489,0.483312,S3,1x4489 + 4799* (q=2399)
9289,3061,0.329530,S7f2,2x3061 + 3167* (q=1583)
9290,2281,0.245533,S7f3,3x2281 + 2447* (q=1223)
9291,1823,0.196211,S7f4,4x1867 + 1823* (q=911)
9292,4493,0.483534,S3,1x4493 + 4799* (q=2399)
9293,9293,1.000000,S1,"AGL(1,9293)"
9294,4591,0.493975,S3,1x4591 + 4703* (q=2351)
9295,2048,0.220334,S3,1x2048 + 7247* (q=3623)
9296,2239,0.240856,S7f3,3x2239 + 2579* (q=1289)
9297,3089,0.332258,S7f2,2x3089 + 3119* (q=1559)
9298,4649,0.500000,S2,2x4649
9299,729,0.078396,S7f8,8x729 + 3467* (q=1733)
9300,4621,0.496882,S3,1x4621 + 4679* (q=2339)
9301,3067,0.329749,S7f2,2x3067 + 3167* (q=1583)
9302,4651,0.500000,S2,2x4651
9303,1849,0.198753,S7f4,4x1849 + 1907* (q=953)
9304,4517,0.485490,S3,1x4517 + 4787* (q=2393)
9305,1861,0.200000,S2,5x1861
9306,4603,0.494627,S3,1x4603 + 4703* (q=2351)
9307,1823,0.195874,S7f4,4x1871 + 1823* (q=911)
9308,2287,0.245703,S7f3,3x2287 + 2447* (q=1223)
9309,2903,0.311849,S7f2,2x3203 + 2903* (q=1451)
9310,4523,0.485822,S3,1x4523 + 4787* (q=2393)
9311,9311,1.000000,S1,"AGL(1,9311)"
9312,4513,0.484643,S3,1x4513 + 4799* (q=2399)
9313,2879,0.309138,S7f2,2x3217 + 2879* (q=1439)
9314,4657,0.500000,S2,2x4657
9315,1823,0.195706,S7f4,4x1873 + 1823* (q=911)
9316,4637,0.497746,S3,1x4637 + 4679* (q=2339)
9317,1459,0.156595,S7f2,2x3929 + 1459* (q=3)
9318,4639,0.497854,S3,1x4639 + 4679* (q=2339)
9319,9319,1.000000,S1,"AGL(1,9319)"
9320,2287,0.245386,S7f3,3x2287 + 2459* (q=1229)
9321,2927,0.314022,S7f2,2x2927 + 3467* (q=1733)
9322,4643,0.498069,S3,1x4643 + 4679* (q=2339)
9323,9323,1.000000,S1,"AGL(1,9323)"
9324,4621,0.495603,S3,1x4621 + 4703* (q=2351)
9325,3079,0.330188,S7f2,2x3079 + 3167* (q=1583)
9326,4663,0.500000,S2,2x4663
9327,3109,0.333333,S2,3x3109
9328,4649,0.498392,S3,1x4649 + 4679* (q=2339)
9329,1327,0.142245,S7f6,6x1327 + 1367* (q=683)
9330,4651,0.498499,S3,1x4651 + 4679* (q=2339)
9331,1823,0.195370,S7f4,4x1823 + 2039* (q=1019)
9332,2333,0.250000,S2,4x2333
9333,3083,0.330333,S7f2,2x3083 + 3167* (q=1583)
9334,4547,0.487144,S3,1x4547 + 4787* (q=2393)
9335,1867,0.200000,S2,5x1867
9336,4657,0.498822,S3,1x4657 + 4679* (q=2339)
9337,9337,1.000000,S1,"AGL(1,9337)"
9338,2297,0.245984,S7f3,3x2297 + 2447* (q=1223)
9339,1823,0.195203,S7f4,4x1879 + 1823* (q=911)
9340,4637,0.496467,S3,1x4637 + 4703* (q=2351)
9341,9341,1.000000,S1,"AGL(1,9341)"
9342,4663,0.499144,S3,1x4663 + 4679* (q=2339)
9343,9343,1.000000,S1,"AGL(1,9343)"
9344,1907,0.204088,S7f3,3x1907 + 3623* (q=1811)
9345,3089,0.330551,S7f2,2x3089 + 3167* (q=1583)
9346,4673,0.500000,S2,2x4673
9347,2048,0.219108,S7f3,3x2048 + 3203* (q=1601)
9348,4561,0.487912,S3,1x4561 + 4787* (q=2393)
9349,9349,1.000000,S1,"AGL(1,9349)"
9350,2297,0.245668,S7f3,3x2297 + 2459* (q=1229)
9351,1861,0.199016,S7f4,4x1861 + 1907* (q=953)
9352,4673,0.499679,S3,1x4673 + 4679* (q=2339)
9353,1459,0.155993,S7f2,2x3947 + 1459* (q=3)
9354,4651,0.497220,S3,1x4651 + 4703* (q=2351)
9355,1871,0.200000,S2,5x1871
9356,2339,0.250000,S2,4x2339
9357,3119,0.333333,S2,3x3119
9358,4679,0.500000,S2,2x4679
9359,673,0.071909,S7f12,12x673 + 1283* (q=641)
9360,4657,0.497543,S3,1x4657 + 4703* (q=2351)
9361,3119,0.333191,S7f2,2x3121 + 3119* (q=1559)
9362,2161,0.230827,S7f3,3x2161 + 2879* (q=1439)
9363,3121,0.333333,S2,3x3121
9364,4547,0.485583,S3,1x4817 + 4547* (q=2273)
9365,1873,0.200000,S2,5x1873
9366,4663,0.497865,S3,1x4663 + 4703* (q=2351)
9367,1697,0.181168,S7f4,4x1697 + 2579* (q=1289)
9368,2099,0.224061,S7f3,3x2423 + 2099* (q=1049)
9369,3119,0.332906,S7f2,2x3125 + 3119* (q=1559)
9370,4679,0.499360,S3,1x4691 + 4679* (q=2339)
9371,9371,1.000000,S1,"AGL(1,9371)"
9372,4273,0.455933,S3,1x4273 + 5099* (q=2549)
9373,2999,0.319962,S7f2,2x3187 + 2999* (q=1499)
9374,2309,0.246320,S7f3,3x2309 + 2447* (q=1223)
9375,3125,0.333333,S2,3x3125
9376,4673,0.498400,S3,1x4673 + 4703* (q=2351)
9377,9377,1.000000,S1,"AGL(1,9377)"
9378,4591,0.489550,S3,1x4591 + 4787* (q=2393)
9379,1823,0.194370,S7f4,4x1889 + 1823* (q=911)
9380,2819,0.300533,S3,1x6561 + 2819* (q=1409)
9381,3089,0.329283,S7f2,2x3089 + 3203* (q=1601)
9382,4691,0.500000,S2,2x4691
9383,853,0.090909,S2,11x853
9384,4597,0.489876,S3,1x4597 + 4787* (q=2393)
9385,3109,0.331273,S7f2,2x3109 + 3167* (q=1583)
9386,2309,0.246005,S7f3,3x2309 + 2459* (q=1229)
9387,1831,0.195057,S7f4,4x1831 + 2063* (q=1031)
9388,4289,0.456860,S3,1x4289 + 5099* (q=2549)
9389,1187,0.126425,S7f6,6x1367 + 1187* (q=593)
9390,4603,0.490202,S3,1x4603 + 4787* (q=2393)
9391,9391,1.000000,S1,"AGL(1,9391)"
9392,2311,0.246060,S7f3,3x2311 + 2459* (q=1229)
9393,3119,0.332056,S7f2,2x3137 + 3119* (q=1559)
9394,4691,0.499361,S3,1x4691 + 4703* (q=2351)
9395,1879,0.200000,S2,5x1879
9396,4597,0.489251,S3,1x4597 + 4799* (q=2399)
9397,9397,1.000000,S1,"AGL(1,9397)"
9398,2273,0.241860,S7f3,3x2273 + 2579* (q=1289)
9399,1873,0.199277,S7f4,4x1873 + 1907* (q=953)
9400,4679,0.497766,S3,1x4721 + 4679* (q=2339)
9401,1327,0.141155,S7f6,6x1327 + 1439* (q=719)
9402,4679,0.497660,S3,1x4723 + 4679* (q=2339)
9403,9403,1.000000,S1,"AGL(1,9403)"
9404,2351,0.250000,S2,4x2351
9405,3119,0.331632,S7f2,2x3119 + 3167* (q=1583)
9406,4703,0.500000,S2,2x4703
9407,1459,0.155097,S7f4,4x1987 + 1459* (q=3)
9408,4679,0.497343,S3,1x4729 + 4679* (q=2339)
9409,9409,1.000000,S1,"AGL(1,9409)"
9410,2207,0.234538,S7f3,3x2401 + 2207* (q=1103)
9411,3137,0.333333,S2,3x3137
9412,4679,0.497131,S3,1x4733 + 4679* (q=2339)
9413,9413,1.000000,S1,"AGL(1,9413)"
9414,4327,0.459635,S3,1x4327 + 5087* (q=2543)
9415,1877,0.199363,S7f4,4x1877 + 1907* (q=953)
9416,2251,0.239061,S7f3,3x2251 + 2663* (q=11)
9417,3125,0.331847,S7f2,2x3125 + 3167* (q=1583)
9418,4547,0.482799,S3,1x4871 + 4547* (q=2273)
9419,9419,1.000000,S1,"AGL(1,9419)"
9420,4621,0.490552,S3,1x4621 + 4799* (q=2399)
9421,9421,1.000000,S1,"AGL(1,9421)"
9422,2281,0.242093,S7f3,3x2281 + 2579* (q=1289)
9423,1879,0.199406,S7f4,4x1879 + 1907* (q=953)
9424,4703,0.499045,S3,1x4721 + 4703* (q=2351)
9425,1331,0.141220,S7f6,6x1331 + 1439* (q=719)
9426,4703,0.498939,S3,1x4723 + 4703* (q=2351)
9427,1847,0.195927,S7f4,4x1847 + 2039* (q=1019)
9428,2357,0.250000,S2,4x2357
9429,3023,0.320607,S7f2,2x3203 + 3023* (q=1511)
9430,4679,0.496182,S3,1x4751 + 4679* (q=2339)
9431,9431,1.000000,S1,"AGL(1,9431)"
9432,4703,0.498622,S3,1x4729 + 4703* (q=2351)
9433,9433,1.000000,S1,"AGL(1,9433)"
9434,2187,0.231821,S3,1x2187 + 7247* (q=3623)
9435,1849,0.195972,S7f4,4x1849 + 2039* (q=1019)
9436,4703,0.498410,S3,1x4733 + 4703* (q=2351)
9437,9437,1.000000,S1,"AGL(1,9437)"
9438,4679,0.495762,S3,1x4759 + 4679* (q=2339)
9439,9439,1.000000,S1,"AGL(1,9439)"
9440,2879,0.304979,S3,1x6561 + 2879* (q=1439)
9441,3137,0.332274,S7f2,2x3137 + 3167* (q=1583)
9442,4721,0.500000,S2,2x4721
9443,719,0.076141,S7f12,12x727 + 719* (q=359)
9444,4657,0.493117,S3,1x4657 + 4787* (q=2393)
9445,3121,0.330439,S7f2,2x3121 + 3203* (q=1601)
9446,4723,0.500000,S2,2x4723
9447,1747,0.184926,S7f4,4x1747 + 2459* (q=1229)
9448,4649,0.492062,S3,1x4649 + 4799* (q=2399)
9449,1327,0.140438,S7f6,6x1327 + 1487* (q=743)
9450,4663,0.493439,S3,1x4663 + 4787* (q=2393)
9451,1847,0.195429,S7f4,4x1847 + 2063* (q=1031)
9452,2143,0.226725,S7f3,3x2143 + 3023* (q=1511)
9453,3125,0.330583,S7f2,2x3125 + 3203* (q=1601)
9454,4703,0.497461,S3,1x4751 + 4703* (q=2351)
9455,1459,0.154310,S7f4,4x1999 + 1459* (q=3)
9456,4657,0.492492,S3,1x4657 + 4799* (q=2399)
9457,3119,0.329809,S7f2,2x3169 + 3119* (q=1559)
9458,4729,0.500000,S2,2x4729
9459,1849,0.195475,S7f4,4x1849 + 2063* (q=1031)
9460,4673,0.493975,S3,1x4673 + 4787* (q=2393)
9461,9461,1.000000,S1,"AGL(1,9461)"
9462,4703,0.497041,S3,1x4759 + 4703* (q=2351)
9463,9463,1.000000,S1,"AGL(1,9463)"
9464,2903,0.306741,S3,1x6561 + 2903* (q=1451)
9465,3023,0.319387,S7f2,2x3221 + 3023* (q=1511)
9466,4733,0.500000,S2,2x4733
9467,9467,1.000000,S1,"AGL(1,9467)"
9468,4679,0.494191,S3,1x4789 + 4679* (q=2339)
9469,3001,0.316929,S7f2,2x3001 + 3467* (q=1733)
9470,2341,0.247202,S7f3,3x2341 + 2447* (q=1223)
9471,1861,0.196495,S7f4,4x1861 + 2027* (q=1013)
9472,4679,0.493982,S3,1x4793 + 4679* (q=2339)
9473,9473,1.000000,S1,"AGL(1,9473)"
9474,4127,0.435613,S3,1x5347 + 4127* (q=2063)
9475,1823,0.192401,S7f4,4x1913 + 1823* (q=911)
9476,2339,0.246834,S7f3,3x2339 + 2459* (q=1229)
9477,3137,0.331012,S7f2,2x3137 + 3203* (q=1601)
9478,4691,0.494936,S3,1x4691 + 4787* (q=2393)
9479,9479,1.000000,S1,"AGL(1,9479)"
9480,4679,0.493565,S3,1x4801 + 4679* (q=2339)
9481,3119,0.328974,S7f2,2x3181 + 3119* (q=1559)
9482,2341,0.246889,S7f3,3x2341 + 2459* (q=1229)
9483,4096,0.431931,S3,1x4096 + 5387* (q=2693)
9484,4547,0.479439,S3,1x4937 + 4547* (q=2273)
9485,1459,0.153822,S7f2,2x4013 + 1459* (q=3)
9486,4703,0.495783,S3,1x4783 + 4703* (q=2351)
9487,1847,0.194687,S7f4,4x1847 + 2099* (q=1049)
9488,2347,0.247365,S7f3,3x2347 + 2447* (q=1223)
9489,3163,0.333333,S2,3x3163
9490,4703,0.495574,S3,1x4703 + 4787* (q=2393)
9491,9491,1.000000,S1,"AGL(1,9491)"
9492,4703,0.495470,S3,1x4789 + 4703* (q=2351)
9493,3163,0.333193,S7f2,2x3163 + 3167* (q=1583)
9494,2197,0.231409,S7f3,3x2197 + 2903* (q=1451)
9495,4096,0.431385,S3,1x4096 + 5399* (q=2699)
9496,4703,0.495261,S3,1x4793 + 4703* (q=2351)
9497,9497,1.000000,S1,"AGL(1,9497)"
9498,4547,0.478732,S3,1x4951 + 4547* (q=2273)
9499,1823,0.191915,S7f4,4x1823 + 2207* (q=1103)
9500,2351,0.247474,S7f3,3x2351 + 2447* (q=1223)
9501,3167,0.333333,S2,3x3167
9502,4751,0.500000,S2,2x4751
9503,1459,0.153530,S7f4,4x2011 + 1459* (q=3)
9504,4703,0.494844,S3,1x4801 + 4703* (q=2351)
9505,3167,0.333193,S7f2,2x3169 + 3167* (q=1583)
9506,2309,0.242899,S7f3,3x2309 + 2579* (q=1289)
9507,3169,0.333333,S2,3x3169
9508,4721,0.496529,S3,1x4721 + 4787* (q=2393)
9509,1331,0.139973,S7f6,6x1331 + 1523* (q=761)
9510,4723,0.496635,S3,1x4723 + 4787* (q=2393)
9511,9511,1.000000,S1,"AGL(1,9511)"
9512,2351,0.247161,S7f3,3x2351 + 2459* (q=1229)
9513,3023,0.317776,S7f2,2x3023 + 3467* (q=1733)
9514,4547,0.477927,S3,1x4967 + 4547* (q=2273)
9515,729,0.076616,S7f4,4x729 + 6599* (q=3299)
9516,4729,0.496953,S3,1x4729 + 4787* (q=2393)
9517,2999,0.315120,S7f2,2x3259 + 2999* (q=1499)
9518,4759,0.500000,S2,2x4759
9519,1873,0.196764,S7f4,4x1873 + 2027* (q=1013)
9520,4733,0.497164,S3,1x4733 + 4787* (q=2393)
9521,9521,1.000000,S1,"AGL(1,9521)"
9522,4723,0.496009,S3,1x4723 + 4799* (q=2399)
9523,1871,0.196472,S7f4,4x1871 + 2039* (q=1019)
9524,2963,0.311109,S3,1x6561 + 2963* (q=1481)
9525,3119,0.327454,S7f2,2x3203 + 3119* (q=1559)
9526,4139,0.434495,S3,1x4139 + 5387* (q=2693)
9527,1459,0.153144,S7f4,4x2017 + 1459* (q=3)
9528,4729,0.496327,S3,1x4729 + 4799* (q=2399)
9529,3167,0.332354,S7f2,2x3181 + 3167* (q=1583)
9530,2357,0.247324,S7f3,3x2357 + 2459* (q=1229)
9531,1873,0.196517,S7f4,4x1873 + 2039* (q=1019)
9532,4733,0.496538,S3,1x4733 + 4799* (q=2399)
9533,9533,1.000000,S1,"AGL(1,9533)"
9534,4703,0.493287,S3,1x4831 + 4703* (q=2351)
9535,1907,0.200000,S2,5x1907
9536,2239,0.234794,S7f3,3x2239 + 2819* (q=1409)
9537,3167,0.332075,S7f2,2x3167 + 3203* (q=1601)
9538,4751,0.498113,S3,1x4751 + 4787* (q=2393)
9539,9539,1.000000,S1,"AGL(1,9539)"
9540,4679,0.490461,S3,1x4861 + 4679* (q=2339)
9541,3169,0.332145,S7f2,2x3169 + 3203* (q=1601)
9542,2293,0.240306,S7f3,3x2293 + 2663* (q=11)
9543,3181,0.333333,S2,3x3181
9544,4457,0.466995,S3,1x4457 + 5087* (q=2543)
9545,1321,0.138397,S7f6,6x1321 + 1619* (q=809)
9546,4759,0.498533,S3,1x4759 + 4787* (q=2393)
9547,9547,1.000000,S1,"AGL(1,9547)"
9548,2243,0.234918,S7f3,3x2243 + 2819* (q=1409)
9549,3167,0.331658,S7f2,2x3191 + 3167* (q=1583)
9550,4751,0.497487,S3,1x4751 + 4799* (q=2399)
9551,9551,1.000000,S1,"AGL(1,9551)"
9552,4153,0.434778,S3,1x4153 + 5399* (q=2699)
9553,3119,0.326494,S7f2,2x3217 + 3119* (q=1559)
9554,2297,0.240423,S7f3,3x2297 + 2663* (q=11)
9555,1879,0.196651,S7f4,4x1879 + 2039* (q=1019)
9556,4679,0.489640,S3,1x4877 + 4679* (q=2339)
9557,1459,0.152663,S7f2,2x4049 + 1459* (q=3)
9558,4759,0.497908,S3,1x4759 + 4799* (q=2399)
9559,1907,0.199498,S7f4,4x1913 + 1907* (q=953)
9560,2999,0.313703,S3,1x6561 + 2999* (q=1499)
9561,3187,0.333333,S2,3x3187
9562,4643,0.485568,S3,1x4643 + 4919* (q=2459)
9563,1013,0.105929,S7f8,8x1013 + 1459* (q=3)
9564,4703,0.491740,S3,1x4861 + 4703* (q=2351)
9565,3181,0.332567,S7f2,2x3181 + 3203* (q=1601)
9566,4783,0.500000,S2,2x4783
9567,1867,0.195150,S7f4,4x1867 + 2099* (q=1049)
9568,4679,0.489026,S3,1x4889 + 4679* (q=2339)
9569,1367,0.142857,S2,7x1367
9570,4783,0.499791,S3,1x4783 + 4787* (q=2393)
9571,2048,0.213980,S3,1x2048 + 7523* (q=3761)
9572,2393,0.250000,S2,4x2393
9573,3191,0.333333,S2,3x3191
9574,4787,0.500000,S2,2x4787
9575,1459,0.152376,S7f4,4x2029 + 1459* (q=3)
9576,4787,0.499896,S3,1x4789 + 4787* (q=2393)
9577,3187,0.332776,S7f2,2x3187 + 3203* (q=1601)
9578,4789,0.500000,S2,2x4789
9579,4096,0.427602,S3,1x4096 + 5483* (q=2741)
9580,4787,0.499687,S3,1x4793 + 4787* (q=2393)
9581,1367,0.142678,S7f6,6x1369 + 1367* (q=683)
9582,4783,0.499165,S3,1x4783 + 4799* (q=2399)
9583,1889,0.197120,S7f4,4x1889 + 2027* (q=1013)
9584,3023,0.315422,S3,1x6561 + 3023* (q=1511)
9585,3191,0.332916,S7f2,2x3191 + 3203* (q=1601)
9586,4793,0.500000,S2,2x4793
9587,9587,1.000000,S1,"AGL(1,9587)"
9588,4789,0.499479,S3,1x4789 + 4799* (q=2399)
9589,3061,0.319220,S7f2,2x3061 + 3467* (q=1733)
9590,2381,0.248279,S7f3,3x2381 + 2447* (q=1223)
9591,1873,0.195287,S7f4,4x1873 + 2099* (q=1049)
9592,4793,0.499687,S3,1x4793 + 4799* (q=2399)
9593,1307,0.136245,S7f6,6x1381 + 1307* (q=653)
9594,4507,0.469773,S3,1x4507 + 5087* (q=2543)
9595,1889,0.196873,S7f4,4x1889 + 2039* (q=1019)
9596,2399,0.250000,S2,4x2399
9597,2999,0.312493,S7f2,2x3299 + 2999* (q=1499)
9598,4799,0.500000,S2,2x4799
9599,701,0.073028,S7f12,12x701 + 1187* (q=593)
9600,4799,0.499896,S3,1x4801 + 4799* (q=2399)
9601,9601,1.000000,S1,"AGL(1,9601)"
9602,4801,0.500000,S2,2x4801
9603,4096,0.426533,S3,1x4096 + 5507* (q=2753)
9604,4787,0.498438,S3,1x4817 + 4787* (q=2393)
9605,1459,0.151900,S7f2,2x4073 + 1459* (q=3)
9606,4703,0.489590,S3,1x4903 + 4703* (q=2351)
9607,2048,0.213178,S3,1x2048 + 7559* (q=3779)
9608,2383,0.248022,S7f3,3x2383 + 2459* (q=1229)
9609,3203,0.333333,S2,3x3203
9610,4691,0.488137,S3,1x4691 + 4919* (q=2459)
9611,2048,0.213089,S7f3,3x2048 + 3467* (q=1733)
9612,4799,0.499272,S3,1x4813 + 4799* (q=2399)
9613,9613,1.000000,S1,"AGL(1,9613)"
9614,2389,0.248492,S7f3,3x2389 + 2447* (q=1223)
9615,1879,0.195424,S7f4,4x1879 + 2099* (q=1049)
9616,4799,0.499064,S3,1x4817 + 4799* (q=2399)
9617,1459,0.151711,S7f2,2x4079 + 1459* (q=3)
9618,4787,0.497713,S3,1x4831 + 4787* (q=2393)
9619,9619,1.000000,S1,"AGL(1,9619)"
9620,2347,0.243971,S7f3,3x2347 + 2579* (q=1289)
9621,3203,0.332918,S7f2,2x3209 + 3203* (q=1601)
9622,4703,0.488776,S3,1x4703 + 4919* (q=2459)
9623,9623,1.000000,S1,"AGL(1,9623)"
9624,4547,0.472465,S3,1x5077 + 4547* (q=2273)
9625,3167,0.329039,S7f2,2x3229 + 3167* (q=1583)
9626,4813,0.500000,S2,2x4813
9627,3209,0.333333,S2,3x3209
9628,4547,0.472268,S3,1x5081 + 4547* (q=2273)
9629,9629,1.000000,S1,"AGL(1,9629)"
9630,4799,0.498339,S3,1x4831 + 4799* (q=2399)
9631,9631,1.000000,S1,"AGL(1,9631)"
9632,2351,0.244082,S7f3,3x2351 + 2579* (q=1289)
9633,3119,0.323783,S7f2,2x3257 + 3119* (q=1559)
9634,4817,0.500000,S2,2x4817
9635,887,0.092060,S7f4,4x2187 + 887* (q=443)
9636,4703,0.488066,S3,1x4933 + 4703* (q=2351)
9637,3203,0.332365,S7f2,2x3217 + 3203* (q=1601)
9638,2393,0.248288,S7f3,3x2393 + 2459* (q=1229)
9639,1907,0.197842,S7f4,4x1933 + 1907* (q=953)
9640,4721,0.489730,S3,1x4721 + 4919* (q=2459)
9641,1459,0.151333,S7f2,2x4091 + 1459* (q=3)
9642,4723,0.489836,S3,1x4723 + 4919* (q=2459)
9643,9643,1.000000,S1,"AGL(1,9643)"
9644,2411,0.250000,S2,4x2411
9645,3203,0.332089,S7f2,2x3221 + 3203* (q=1601)
9646,4703,0.487560,S3,1x4943 + 4703* (q=2351)
9647,877,0.090909,S2,11x877
9648,4787,0.496165,S3,1x4861 + 4787* (q=2393)
9649,9649,1.000000,S1,"AGL(1,9649)"
9650,2401,0.248808,S7f3,3x2401 + 2447* (q=1223)
9651,3217,0.333333,S2,3x3217
9652,4733,0.490365,S3,1x4733 + 4919* (q=2459)
9653,1369,0.141821,S7f6,6x1369 + 1439* (q=719)
9654,4703,0.487156,S3,1x4951 + 4703* (q=2351)
9655,2048,0.212118,S3,1x2048 + 7607* (q=3803)
9656,2399,0.248447,S7f3,3x2399 + 2459* (q=1229)
9657,2999,0.310552,S7f2,2x3329 + 2999* (q=1499)
9658,4787,0.495651,S3,1x4871 + 4787* (q=2393)
9659,743,0.076923,S2,13x743
9660,4799,0.496791,S3,1x4861 + 4799* (q=2399)
9661,9661,1.000000,S1,"AGL(1,9661)"
9662,4831,0.500000,S2,2x4831
9663,3221,0.333333,S2,3x3221
9664,4787,0.495344,S3,1x4877 + 4787* (q=2393)
9665,1933,0.200000,S2,5x1933
9666,4679,0.484068,S3,1x4987 + 4679* (q=2339)
9667,1907,0.197269,S7f4,4x1907 + 2039* (q=1019)
9668,2417,0.250000,S2,4x2417
9669,3167,0.327542,S7f2,2x3251 + 3167* (q=1583)
9670,4799,0.496277,S3,1x4871 + 4799* (q=2399)
9671,1459,0.150863,S7f4,4x2053 + 1459* (q=3)
9672,4703,0.486249,S3,1x4969 + 4703* (q=2351)
9673,3167,0.327406,S7f2,2x3253 + 3167* (q=1583)
9674,2237,0.231238,S7f3,3x2237 + 2963* (q=1481)
9675,1867,0.192972,S7f4,4x1867 + 2207* (q=1103)
9676,4799,0.495969,S3,1x4877 + 4799* (q=2399)
9677,9677,1.000000,S1,"AGL(1,9677)"
9678,4759,0.491734,S3,1x4759 + 4919* (q=2459)
9679,9679,1.000000,S1,"AGL(1,9679)"
9680,3119,0.322211,S3,1x6561 + 3119* (q=1559)
9681,3167,0.327136,S7f2,2x3257 + 3167* (q=1583)
9682,4679,0.483268,S3,1x5003 + 4679* (q=2339)
9683,733,0.075700,S7f12,12x733 + 887* (q=443)
9684,4597,0.474701,S3,1x4597 + 5087* (q=2543)
9685,3167,0.327001,S7f2,2x3259 + 3167* (q=1583)
9686,2341,0.241689,S7f3,3x2341 + 2663* (q=11)
9687,3229,0.333333,S2,3x3229
9688,4799,0.495355,S3,1x4889 + 4799* (q=2399)
9689,9689,1.000000,S1,"AGL(1,9689)"
9690,4787,0.494014,S3,1x4903 + 4787* (q=2393)
9691,2048,0.211330,S3,1x2048 + 7643* (q=3821)
9692,2423,0.250000,S2,4x2423
9693,2999,0.309399,S7f2,2x3347 + 2999* (q=1499)
9694,4547,0.469053,S3,1x5147 + 4547* (q=2273)
9695,729,0.075193,S7f4,4x729 + 6779* (q=3389)
9696,4787,0.493709,S3,1x4909 + 4787* (q=2393)
9697,9697,1.000000,S1,"AGL(1,9697)"
9698,2417,0.249227,S7f3,3x2417 + 2447* (q=1223)
9699,1873,0.193113,S7f4,4x1873 + 2207* (q=1103)
9700,4787,0.493505,S3,1x4913 + 4787* (q=2393)
9701,1369,0.141119,S7f6,6x1369 + 1487* (q=743)
9702,4799,0.494640,S3,1x4903 + 4799* (q=2399)
9703,1907,0.196537,S7f4,4x1949 + 1907* (q=953)
9704,2347,0.241859,S7f3,3x2347 + 2663* (q=11)
9705,3203,0.330036,S7f2,2x3251 + 3203* (q=1601)
9706,4787,0.493200,S3,1x4787 + 4919* (q=2459)
9707,1031,0.106212,S7f8,8x1031 + 1459* (q=3)
9708,4799,0.494335,S3,1x4909 + 4799* (q=2399)
9709,3203,0.329900,S7f2,2x3253 + 3203* (q=1601)
9710,2417,0.248919,S7f3,3x2417 + 2459* (q=1229)
9711,1907,0.196375,S7f4,4x1951 + 1907* (q=953)
9712,4799,0.494131,S3,1x4913 + 4799* (q=2399)
9713,1459,0.150211,S7f2,2x4127 + 1459* (q=3)
9714,4703,0.484147,S3,1x5011 + 4703* (q=2351)
9715,1913,0.196912,S7f4,4x1913 + 2063* (q=1031)
9716,2423,0.249382,S7f3,3x2423 + 2447* (q=1223)
9717,3203,0.329628,S7f2,2x3257 + 3203* (q=1601)
9718,4799,0.493826,S3,1x4799 + 4919* (q=2459)
9719,9719,1.000000,S1,"AGL(1,9719)"
9720,4801,0.493930,S3,1x4801 + 4919* (q=2459)
9721,9721,1.000000,S1,"AGL(1,9721)"
9722,4861,0.500000,S2,2x4861
9723,1879,0.193253,S7f4,4x1879 + 2207* (q=1103)
9724,4787,0.492287,S3,1x4937 + 4787* (q=2393)
9725,1459,0.150026,S7f2,2x4133 + 1459* (q=3)
9726,4703,0.483549,S3,1x5023 + 4703* (q=2351)
9727,1907,0.196052,S7f4,4x1907 + 2099* (q=1049)
9728,3167,0.325555,S3,1x6561 + 3167* (q=1583)
9729,2963,0.304553,S7f2,2x2963 + 3803* (q=1901)
9730,4799,0.493217,S3,1x4931 + 4799* (q=2399)
9731,1024,0.105231,S7f3,3x1024 + 6659* (q=3329)
9732,4813,0.494554,S3,1x4813 + 4919* (q=2459)
9733,9733,1.000000,S1,"AGL(1,9733)"
9734,2357,0.242141,S7f3,3x2357 + 2663* (q=11)
9735,4096,0.420750,S3,1x4096 + 5639* (q=2819)
9736,4817,0.494762,S3,1x4817 + 4919* (q=2459)
9737,1459,0.149841,S7f2,2x4139 + 1459* (q=3)
9738,4787,0.491579,S3,1x4951 + 4787* (q=2393)
9739,9739,1.000000,S1,"AGL(1,9739)"
9740,2287,0.234805,S7f3,3x2287 + 2879* (q=1439)
9741,3137,0.322041,S7f2,2x3137 + 3467* (q=1733)
9742,4871,0.500000,S2,2x4871
9743,9743,1.000000,S1,"AGL(1,9743)"
9744,4787,0.491277,S3,1x4957 + 4787* (q=2393)
9745,3203,0.328681,S7f2,2x3271 + 3203* (q=1601)
9746,2389,0.245126,S7f3,3x2389 + 2579* (q=1289)
9747,1681,0.172463,S7f4,4x1681 + 3023* (q=1511)
9748,4649,0.476918,S3,1x4649 + 5099* (q=2549)
9749,9749,1.000000,S1,"AGL(1,9749)"
9750,4831,0.495487,S3,1x4831 + 4919* (q=2459)
9751,2048,0.210030,S3,1x2048 + 7703* (q=3851)
9752,2311,0.236977,S7f3,3x2311 + 2819* (q=1409)
9753,3251,0.333333,S2,3x3251
9754,4877,0.500000,S2,2x4877
9755,1951,0.200000,S2,5x1951
9756,4799,0.491902,S3,1x4957 + 4799* (q=2399)
9757,3119,0.319668,S7f2,2x3319 + 3119* (q=1559)
9758,2437,0.249744,S7f3,3x2437 + 2447* (q=1223)
9759,3253,0.333333,S2,3x3253
9760,4787,0.490471,S3,1x4973 + 4787* (q=2393)
9761,2187,0.224055,S7f2,2x2187 + 5387* (q=2693)
9762,4703,0.481766,S3,1x5059 + 4703* (q=2351)
9763,1931,0.197788,S7f4,4x1931 + 2039* (q=1019)
9764,3203,0.328042,S3,1x6561 + 3203* (q=1601)
9765,3167,0.324322,S7f2,2x3299 + 3167* (q=1583)
9766,4799,0.491399,S3,1x4967 + 4799* (q=2399)
9767,9767,1.000000,S1,"AGL(1,9767)"
9768,4799,0.491298,S3,1x4969 + 4799* (q=2399)
9769,9769,1.000000,S1,"AGL(1,9769)"
9770,2441,0.249846,S7f3,3x2441 + 2447* (q=1223)
9771,3257,0.333333,S2,3x3257
9772,4799,0.491097,S3,1x4973 + 4799* (q=2399)
9773,2187,0.223780,S7f2,2x2187 + 5399* (q=2699)
9774,4787,0.489769,S3,1x4987 + 4787* (q=2393)
9775,2048,0.209514,S3,1x2048 + 7727* (q=3863)
9776,2399,0.245397,S7f3,3x2399 + 2579* (q=1289)
9777,3259,0.333333,S2,3x3259
9778,4889,0.500000,S2,2x4889
9779,743,0.075979,S7f12,12x743 + 863* (q=431)
9780,4861,0.497035,S3,1x4861 + 4919* (q=2459)
9781,9781,1.000000,S1,"AGL(1,9781)"
9782,2441,0.249540,S7f3,3x2441 + 2459* (q=1229)
9783,1831,0.187161,S7f4,4x1831 + 2459* (q=1229)
9784,4703,0.480683,S3,1x5081 + 4703* (q=2351)
9785,1361,0.139090,S7f6,6x1361 + 1619* (q=809)
9786,4799,0.490394,S3,1x4987 + 4799* (q=2399)
9787,9787,1.000000,S1,"AGL(1,9787)"
9788,2447,0.250000,S2,4x2447
9789,3083,0.314945,S7f2,2x3083 + 3623* (q=1811)
9790,4871,0.497549,S3,1x4871 + 4919* (q=2459)
9791,9791,1.000000,S1,"AGL(1,9791)"
9792,4799,0.490094,S3,1x4993 + 4799* (q=2399)
9793,3167,0.323394,S7f2,2x3313 + 3167* (q=1583)
9794,2377,0.242700,S7f3,3x2377 + 2663* (q=11)
9795,1933,0.197346,S7f4,4x1933 + 2063* (q=1031)
9796,4877,0.497856,S3,1x4877 + 4919* (q=2459)
9797,1289,0.131571,S7f6,6x1289 + 2063* (q=1031)
9798,4799,0.489794,S3,1x4999 + 4799* (q=2399)
9799,1907,0.194612,S7f4,4x1973 + 1907* (q=953)
9800,2447,0.249694,S7f3,3x2447 + 2459* (q=1229)
9801,3203,0.326803,S7f2,2x3299 + 3203* (q=1601)
9802,4799,0.489594,S3,1x5003 + 4799* (q=2399)
9803,9803,1.000000,S1,"AGL(1,9803)"
9804,4703,0.479702,S3,1x5101 + 4703* (q=2351)
9805,3203,0.326670,S7f2,2x3301 + 3203* (q=1601)
9806,4903,0.500000,S2,2x4903
9807,1747,0.178138,S7f4,4x1747 + 2819* (q=1409)
9808,4889,0.498471,S3,1x4889 + 4919* (q=2459)
9809,1381,0.140789,S7f6,6x1381 + 1523* (q=761)
9810,4799,0.489195,S3,1x5011 + 4799* (q=2399)
9811,9811,1.000000,S1,"AGL(1,9811)"
9812,2411,0.245720,S7f3,3x2411 + 2579* (q=1289)
9813,3271,0.333333,S2,3x3271
9814,4283,0.436417,S3,1x5531 + 4283* (q=2141)
9815,1459,0.148650,S7f4,4x2089 + 1459* (q=3)
9816,4729,0.481764,S3,1x4729 + 5087* (q=2543)
9817,9817,1.000000,S1,"AGL(1,9817)"
9818,4909,0.500000,S2,2x4909
9819,1823,0.185660,S7f4,4x1999 + 1823* (q=911)
9820,4799,0.488697,S3,1x5021 + 4799* (q=2399)
9821,1367,0.139192,S7f6,6x1367 + 1619* (q=809)
9822,4903,0.499186,S3,1x4903 + 4919* (q=2459)
9823,1949,0.198412,S7f4,4x1949 + 2027* (q=1013)
9824,2447,0.249084,S7f3,3x2459 + 2447* (q=1223)
9825,3167,0.322341,S7f2,2x3329 + 3167* (q=1583)
9826,4913,0.500000,S2,2x4913
9827,709,0.072148,S7f12,12x709 + 1319* (q=659)
9828,4909,0.499491,S3,1x4909 + 4919* (q=2459)
9829,9829,1.000000,S1,"AGL(1,9829)"
9830,2417,0.245880,S7f3,3x2417 + 2579* (q=1289)
9831,1951,0.198454,S7f4,4x1951 + 2027* (q=1013)
9832,4913,0.499695,S3,1x4913 + 4919* (q=2459)
9833,9833,1.000000,S1,"AGL(1,9833)"
9834,4447,0.452207,S3,1x4447 + 5387* (q=2693)
9835,1949,0.198170,S7f4,4x1949 + 2039* (q=1019)
9836,2459,0.250000,S2,4x2459
9837,3119,0.317068,S7f2,2x3359 + 3119* (q=1559)
9838,4919,0.500000,S2,2x4919
9839,9839,1.000000,S1,"AGL(1,9839)"
9840,4799,0.487703,S3,1x5041 + 4799* (q=2399)
9841,3203,0.325475,S7f2,2x3319 + 3203* (q=1601)
9842,2393,0.243142,S7f3,3x2393 + 2663* (q=11)
9843,1951,0.198212,S7f4,4x1951 + 2039* (q=1019)
9844,4547,0.461906,S3,1x5297 + 4547* (q=2273)
9845,1307,0.132758,S7f6,6x1423 + 1307* (q=653)
9846,4787,0.486187,S3,1x5059 + 4787* (q=2393)
9847,1847,0.187570,S7f4,4x1847 + 2459* (q=1229)
9848,2447,0.248477,S7f3,3x2467 + 2447* (q=1223)
9849,3203,0.325211,S7f2,2x3323 + 3203* (q=1601)
9850,4919,0.499391,S3,1x4931 + 4919* (q=2459)
9851,9851,1.000000,S1,"AGL(1,9851)"
9852,4919,0.499289,S3,1x4933 + 4919* (q=2459)
9853,3167,0.321425,S7f2,2x3343 + 3167* (q=1583)
9854,2297,0.233103,S7f3,3x2297 + 2963* (q=1481)
9855,1907,0.193506,S7f4,4x1987 + 1907* (q=953)
9856,4919,0.499087,S3,1x4937 + 4919* (q=2459)
9857,9857,1.000000,S1,"AGL(1,9857)"
9858,4799,0.486813,S3,1x5059 + 4799* (q=2399)
9859,9859,1.000000,S1,"AGL(1,9859)"
9860,2459,0.249391,S7f3,3x2467 + 2459* (q=1229)
9861,3203,0.324815,S7f2,2x3329 + 3203* (q=1601)
9862,4931,0.500000,S2,2x4931
9863,1409,0.142857,S2,7x1409
9864,4787,0.485300,S3,1x5077 + 4787* (q=2393)
9865,3203,0.324683,S7f2,2x3331 + 3203* (q=1601)
9866,4933,0.500000,S2,2x4933
9867,1951,0.197730,S7f4,4x1951 + 2063* (q=1031)
9868,4787,0.485103,S3,1x5081 + 4787* (q=2393)
9869,1327,0.134461,S7f6,6x1327 + 1907* (q=953)
9870,4919,0.498379,S3,1x4951 + 4919* (q=2459)
9871,9871,1.000000,S1,"AGL(1,9871)"
9872,2351,0.238148,S7f3,3x2351 + 2819* (q=1409)
9873,3203,0.324420,S7f2,2x3203 + 3467* (q=1733)
9874,4937,0.500000,S2,2x4937
9875,751,0.076051,S7f12,12x751 + 863* (q=431)
9876,4919,0.498076,S3,1x4957 + 4919* (q=2459)
9877,3049,0.308697,S7f2,2x3049 + 3779* (q=1889)
9878,2459,0.248937,S7f3,3x2473 + 2459* (q=1229)
9879,1907,0.193036,S7f4,4x1993 + 1907* (q=953)
9880,4799,0.485729,S3,1x5081 + 4799* (q=2399)
9881,2187,0.221334,S7f2,2x2187 + 5507* (q=2753)
9882,4783,0.484011,S3,1x4783 + 5099* (q=2549)
9883,9883,1.000000,S1,"AGL(1,9883)"
9884,2287,0.231384,S7f3,3x2287 + 3023* (q=1511)
9885,3209,0.324633,S7f2,2x3209 + 3467* (q=1733)
9886,4943,0.500000,S2,2x4943
9887,9887,1.000000,S1,"AGL(1,9887)"
9888,4919,0.497472,S3,1x4969 + 4919* (q=2459)
9889,3203,0.323895,S7f2,2x3343 + 3203* (q=1601)
9890,2459,0.248635,S7f3,3x2477 + 2459* (q=1229)
9891,1861,0.188151,S7f4,4x1861 + 2447* (q=1223)
9892,4919,0.497271,S3,1x4973 + 4919* (q=2459)
9893,1459,0.147478,S7f2,2x4217 + 1459* (q=3)
9894,4787,0.483829,S3,1x5107 + 4787* (q=2393)
9895,1979,0.200000,S2,5x1979
9896,2411,0.243634,S7f3,3x2411 + 2663* (q=11)
9897,3299,0.333333,S2,3x3299
9898,4799,0.484845,S3,1x4799 + 5099* (q=2549)
9899,1024,0.103445,S7f3,3x1024 + 6827* (q=3413)
9900,4813,0.486162,S3,1x4813 + 5087* (q=2543)
9901,9901,1.000000,S1,"AGL(1,9901)"
9902,4951,0.500000,S2,2x4951
9903,4096,0.413612,S3,1x4096 + 5807* (q=2903)
9904,4817,0.486369,S3,1x4817 + 5087* (q=2543)
9905,1381,0.139425,S7f6,6x1381 + 1619* (q=809)
9906,4919,0.496568,S3,1x4987 + 4919* (q=2459)
9907,9907,1.000000,S1,"AGL(1,9907)"
9908,2477,0.250000,S2,4x2477
9909,3221,0.325058,S7f2,2x3221 + 3467* (q=1733)
9910,4679,0.472149,S3,1x5231 + 4679* (q=2339)
9911,1459,0.147210,S7f4,4x2113 + 1459* (q=3)
9912,4919,0.496267,S3,1x4993 + 4919* (q=2459)
9913,3167,0.319479,S7f2,2x3373 + 3167* (q=1583)
9914,4957,0.500000,S2,2x4957
9915,1867,0.188301,S7f4,4x1867 + 2447* (q=1223)
9916,4817,0.485781,S3,1x4817 + 5099* (q=2549)
9917,1459,0.147121,S7f2,2x4229 + 1459* (q=3)
9918,4919,0.495967,S3,1x4999 + 4919* (q=2459)
9919,1973,0.198911,S7f4,4x1973 + 2027* (q=1013)
9920,2447,0.246673,S7f3,3x2447 + 2579* (q=1289)
9921,3307,0.333333,S2,3x3307
9922,4919,0.495767,S3,1x5003 + 4919* (q=2459)
9923,9923,1.000000,S1,"AGL(1,9923)"
9924,4441,0.447501,S3,1x4441 + 5483* (q=2741)
9925,3229,0.325340,S7f2,2x3229 + 3467* (q=1733)
9926,2341,0.235845,S7f3,3x2341 + 2903* (q=1451)
9927,1867,0.188073,S7f4,4x1867 + 2459* (q=1229)
9928,4919,0.495467,S3,1x5009 + 4919* (q=2459)
9929,9929,1.000000,S1,"AGL(1,9929)"
9930,4919,0.495368,S3,1x5011 + 4919* (q=2459)
9931,9931,1.000000,S1,"AGL(1,9931)"
9932,2423,0.243959,S7f3,3x2423 + 2663* (q=11)
9933,3119,0.314004,S7f2,2x3407 + 3119* (q=1559)
9934,4967,0.500000,S2,2x4967
9935,1987,0.200000,S2,5x1987
9936,4703,0.473329,S3,1x5233 + 4703* (q=2351)
9937,3079,0.309852,S7f2,2x3079 + 3779* (q=1889)
9938,4969,0.500000,S2,2x4969
9939,3313,0.333333,S2,3x3313
9940,4919,0.494869,S3,1x5021 + 4919* (q=2459)
9941,9941,1.000000,S1,"AGL(1,9941)"
9942,4919,0.494770,S3,1x5023 + 4919* (q=2459)
9943,1979,0.199034,S7f4,4x1979 + 2027* (q=1013)
9944,2347,0.236022,S7f3,3x2347 + 2903* (q=1451)
9945,3203,0.322071,S7f2,2x3371 + 3203* (q=1601)
9946,4973,0.500000,S2,2x4973
9947,2048,0.205891,S7f3,3x2048 + 3803* (q=1901)
9948,4861,0.488641,S3,1x4861 + 5087* (q=2543)
9949,9949,1.000000,S1,"AGL(1,9949)"
9950,2377,0.238894,S7f3,3x2377 + 2819* (q=1409)
9951,1907,0.191639,S7f4,4x2011 + 1907* (q=953)
9952,4799,0.482215,S3,1x5153 + 4799* (q=2399)
9953,1321,0.132724,S7f6,6x1321 + 2027* (q=1013)
9954,4787,0.480912,S3,1x5167 + 4787* (q=2393)
9955,1979,0.198795,S7f4,4x1979 + 2039* (q=1019)
9956,2459,0.246987,S7f3,3x2459 + 2579* (q=1289)
9957,3319,0.333333,S2,3x3319
9958,4919,0.493975,S3,1x5039 + 4919* (q=2459)
9959,729,0.073200,S7f8,8x729 + 4127* (q=2063)
9960,4919,0.493876,S3,1x5041 + 4919* (q=2459)
9961,3169,0.318141,S7f2,2x3169 + 3623* (q=1811)
9962,2381,0.239008,S7f3,3x2381 + 2819* (q=1409)
9963,1879,0.188598,S7f4,4x1879 + 2447* (q=1223)
9964,4877,0.489462,S3,1x4877 + 5087* (q=2543)
9965,1993,0.200000,S2,5x1993
9966,4799,0.481537,S3,1x5167 + 4799* (q=2399)
9967,9967,1.000000,S1,"AGL(1,9967)"
9968,2459,0.246689,S7f3,3x2503 + 2459* (q=1229)
9969,3323,0.333333,S2,3x3323
9970,4919,0.493380,S3,1x5051 + 4919* (q=2459)
9971,1024,0.102698,S7f3,3x1024 + 6899* (q=3449)
9972,4489,0.450160,S3,1x4489 + 5483* (q=2741)
9973,9973,1.000000,S1,"AGL(1,9973)"
9974,4987,0.500000,S2,2x4987
9975,4096,0.410627,S3,1x4096 + 5879* (q=2939)
9976,4889,0.490076,S3,1x4889 + 5087* (q=2543)
9977,1459,0.146236,S7f2,2x4259 + 1459* (q=3)
9978,4919,0.492985,S3,1x5059 + 4919* (q=2459)
9979,1979,0.198316,S7f4,4x1979 + 2063* (q=1031)
9980,2467,0.247194,S7f3,3x2467 + 2579* (q=1289)
9981,3257,0.326320,S7f2,2x3257 + 3467* (q=1733)
9982,4703,0.471148,S3,1x5279 + 4703* (q=2351)
9983,1459,0.146148,S7f4,4x2131 + 1459* (q=3)
9984,4787,0.479467,S3,1x5197 + 4787* (q=2393)
9985,3259,0.326390,S7f2,2x3259 + 3467* (q=1733)
9986,4993,0.500000,S2,2x4993
9987,3329,0.333333,S2,3x3329
9988,4889,0.489487,S3,1x4889 + 5099* (q=2549)
9989,1427,0.142857,S2,7x1427
9990,4903,0.490791,S3,1x4903 + 5087* (q=2543)
9991,1973,0.197478,S7f4,4x1973 + 2099* (q=1049)
9992,2371,0.237290,S7f3,3x2371 + 2879* (q=1439)
9993,3331,0.333333,S2,3x3331
9994,4283,0.428557,S3,1x5711 + 4283* (q=2141)
9995,1999,0.200000,S2,5x1999
9996,4919,0.492097,S3,1x5077 + 4919* (q=2459)
9997,3187,0.318796,S7f2,2x3187 + 3623* (q=1811)
9998,4999,0.500000,S2,2x4999
9999,1993,0.199320,S7f4,4x1993 + 2027* (q=1013)
10000,4919,0.491900,S3,1x5081 + 4919* (q=2459)
