323 0.06946
527 0.05703
779 0.07058
851 0.06742
1007 0.06494
1175 0.06065
1343 0.07075
1679 0.07029
1751 0.06729
1763 0.06293
1775 0.06252
1919 0.06657
1943 0.06586
1955 0.06671
2015 0.0675
2075 0.05921
2135 0.06549
2147 0.06637
2159 0.06607
2183 0.04804
2231 0.06376
2279 0.05747
2291 0.06852
2303 0.05983
2363 0.06441
2387 0.06312
2507 0.05722
2627 0.06638
2639 0.05051
2675 0.06487
2747 0.06071
2759 0.04621
2771 0.06269
2795 0.06467
2867 0.06539
2915 0.06746
2987 0.07051
3071 0.05979
3131 0.07117
3239 0.05516
3275 0.06978
3335 0.06917
3383 0.06722
3395 0.06883
3431 0.07058
3479 0.07071
3503 0.06151
3515 0.06927
3587 0.06499
3599 0.06576
3731 0.06294
3815 0.06609
3827 0.07154
3875 0.06866
3995 0.07002
4067 0.07113
4163 0.06789
4175 0.06855
4187 0.06711
4247 0.0648
4267 0.06805
4307 0.06342
4331 0.06436
4343 0.06677
4427 0.06426
4475 0.0651
4619 0.0611
4655 0.06927
4715 0.06884
4727 0.07118
4847 0.06884
5063 0.05628
5075 0.07025
5159 0.06626
5183 0.06468
5267 0.0646
5339 0.06651
5459 0.06689
5543 0.06925
5567 0.06813
5627 0.06719
5675 0.06557
5687 0.07079
5699 0.06609
5723 0.06662
5831 0.06734
6107 0.06227
6149 0.07003
6179 0.06683
6215 0.06779
6371 0.06566
6407 0.06492
6419 0.05734
6431 0.0703
6443 0.06306
6467 0.05553
6479 0.06238
6527 0.0713
6575 0.06466
6623 0.06523
6647 0.06875
6683 0.06593
6707 0.06283
6755 0.06372
6767 0.06633
6851 0.06697
6887 0.06404
6935 0.06535
7007 0.0631
7031 0.05988
7163 0.06655
7259 0.06684
7367 0.06354
7379 0.0684
7439 0.06731
7475 0.06688
7571 0.06847
7667 0.06799
7751 0.0708
7775 0.07055
7811 0.07107
7847 0.0717
7859 0.07021
7871 0.06866
7931 0.06751
7955 0.06852
7967 0.05887
7979 0.06811
7991 0.06927
8003 0.06736
8027 0.06565
8075 0.06688
8099 0.06885
8159 0.06644
8183 0.06654
8207 0.06316
8255 0.06491
8279 0.06377
8303 0.06529
8339 0.07093
8375 0.06512
8399 0.06381
8435 0.07161
8471 0.06654
8483 0.0708
8555 0.06137
8579 0.07126
8639 0.0612
8651 0.07008
8675 0.06456
8687 0.05861
8711 0.07003
8759 0.06679
8771 0.06818
8843 0.06546
8855 0.06428
8903 0.07065
8927 0.06353
8975 0.06597
8987 0.06487
9035 0.06447
9071 0.05739
9083 0.06676
9095 0.0677
9131 0.0653
9179 0.06571
9191 0.0652
9287 0.07023
9299 0.06402
9359 0.07119
9407 0.06328
9443 0.06466
9455 0.06842
9503 0.06905
9515 0.06756
9575 0.0692
9599 0.0632
9635 0.06717
9671 0.07123
9695 0.07154
9707 0.06428
9731 0.07036
9815 0.07028
9827 0.06963
9875 0.07129
9899 0.06691
9911 0.06846
9959 0.06397
9971 0.06763
9983 0.06793
10019 0.06542
10043 0.06892
10115 0.0701
10127 0.05964
10199 0.07147
10235 0.06847
10319 0.06982
10355 0.06689
10379 0.07078
10439 0.06823
10511 0.06729
10523 0.06477
10535 0.06699
10583 0.06289
10595 0.06792
10619 0.06762
10679 0.06519
10703 0.06655
10727 0.066
10775 0.06739
10787 0.06679
10811 0.06926
10835 0.06953
10919 0.06562
10955 0.07091
10991 0.06986
11039 0.06699
11051 0.07152
11075 0.07121
11111 0.07122
11135 0.07149
11147 0.06402
11183 0.06574
11267 0.06471
11315 0.06822
11327 0.06742
11339 0.06642
11375 0.06909
11495 0.07147
11507 0.06596
11567 0.07004
11591 0.07029
11603 0.06583
11615 0.07055
11639 0.07081
11663 0.06572
11675 0.06634
11687 0.06566
11711 0.07158
11723 0.0659
11747 0.06791
11771 0.06763
11819 0.06867
11891 0.06943
11975 0.06586
11999 0.06923
12035 0.07039
12095 0.0675
12155 0.07163
12179 0.06592
12275 0.07054
12299 0.07026
12359 0.07047
12395 0.06859
12407 0.06993
12431 0.06601
12443 0.06865
12455 0.07076
12467 0.06611
12563 0.06656
12575 0.06807
12587 0.0668
12599 0.07129
12707 0.06798
12719 0.06996
12731 0.06822
12767 0.06435
12839 0.06865
12851 0.06939
12935 0.06764
12947 0.06287
12995 0.06834
13055 0.0665
13067 0.07146
13079 0.06693
13091 0.07169
13115 0.07161
13175 0.06648
13199 0.06346
13271 0.06739
13319 0.0646
13379 0.06864
13439 0.06572
13475 0.06953
13511 0.06963
13559 0.06683
13571 0.07041
13583 0.07029
13631 0.06612
13703 0.07138
13715 0.06809
13727 0.067
13787 0.06617
13823 0.07098
13871 0.07049
13895 0.07025
13919 0.06341
13943 0.07031
13991 0.07074
14003 0.06532
14027 0.06812
14039 0.07116
14063 0.07138
14075 0.06639
14099 0.06876
14111 0.07044
14123 0.06665
14171 0.0694
14195 0.06961
14219 0.06982
14279 0.07007
14291 0.06511
14315 0.06594
14351 0.0709
14363 0.0655
14375 0.06744
14399 0.06765
14459 0.06649
14471 0.06612
14507 0.07116
14579 0.06357
14603 0.06649
14615 0.06836
14651 0.06977
14663 0.06792
14711 0.07032
14735 0.06726
14807 0.06427
14915 0.06732
14927 0.06239
14975 0.07091
14999 0.07059
15011 0.06754
15023 0.07079
15047 0.06437
15143 0.07177
15155 0.06956
15167 0.06499
15203 0.06996
15215 0.06491
15239 0.07087
15251 0.06952
15275 0.07055
15311 0.06634
15323 0.07011
15371 0.07133
15419 0.07088
15455 0.06657
15479 0.06869
15503 0.06415
15515 0.07097
15539 0.0717
15563 0.07148
15587 0.0654
15599 0.06764
15611 0.0701
15623 0.06593
15635 0.06628
15695 0.06633
15707 0.06924
15743 0.06656
15755 0.06975
15779 0.06953
15839 0.0656
15851 0.0689
15863 0.06669
15875 0.06778
15947 0.06717
16019 0.06747
16031 0.0675
16043 0.06726
16055 0.06769
16115 0.06578
16151 0.06844
16175 0.06489
16199 0.06351
16211 0.06588
16235 0.06552
16247 0.06917
16259 0.06562
16283 0.06621
16343 0.06991
16391 0.07118
16403 0.06644
16415 0.07046
16439 0.06615
16463 0.06387
16475 0.07046
16511 0.07118
16523 0.06548
16559 0.06002
16571 0.06964
16583 0.07172
16643 0.06854
16727 0.06632
16739 0.06926
16775 0.07021
16799 0.06914
16847 0.06961
16859 0.06663
16895 0.067
16907 0.06665
17003 0.07121
17015 0.06585
17051 0.07156
17063 0.06786
17111 0.07143
17135 0.0716
17171 0.07104
17195 0.06579
17219 0.05851
17243 0.06924
17255 0.06694
17267 0.0639
17279 0.06431
17363 0.06828
17399 0.0659
17411 0.07044
17423 0.06497
17435 0.0689
17447 0.06943
17459 0.06897
17507 0.06411
17531 0.0713
17543 0.06583
17591 0.06695
17603 0.06538
17615 0.06634
17639 0.06616
17651 0.07136
17663 0.06668
17711 0.06738
17723 0.07078
17759 0.06326
17819 0.07151
17867 0.06551
17879 0.06577
17951 0.06835
17963 0.06791
17975 0.06541
17999 0.06354
18011 0.06456
18023 0.0692
18071 0.06953
18083 0.06874
18107 0.06891
18179 0.06926
18203 0.06957
18239 0.06826
18275 0.06833
18299 0.06836
18323 0.06866
18383 0.06266
18395 0.06677
18407 0.07173
18419 0.06693
18467 0.07136
18479 0.06683
18515 0.06677
18527 0.06715
18563 0.06197
18575 0.07083
18611 0.07116
18647 0.07029
18659 0.06575
18683 0.07061
18755 0.07007
18767 0.06939
18779 0.06934
18791 0.07156
18815 0.06908
18827 0.06953
18875 0.07112
18923 0.07076
18935 0.07048
18971 0.07061
18983 0.06518
18995 0.06629
19019 0.06328
19043 0.07108
19055 0.06702
19091 0.0714
19127 0.07113
19175 0.06873
19199 0.06796
19223 0.06976
19247 0.06638
19295 0.07128
19307 0.06798
19343 0.0689
19355 0.07027
19415 0.06936
19451 0.06777
19499 0.06581
19511 0.06971
19619 0.06839
19631 0.06992
19667 0.06475
19691 0.07064
19703 0.07059
19775 0.07165
19787 0.06995
19871 0.07125
19907 0.0707
19943 0.07073
19967 0.0665
20003 0.0713
20039 0.0704
20075 0.07174
20087 0.0707
20099 0.0667
20159 0.07115
20171 0.07114
20195 0.07097
20207 0.06493
20243 0.07064
20351 0.06919
20375 0.06934
20459 0.0648
20519 0.07021
20531 0.06982
20591 0.06951
20615 0.06935
20651 0.06787
20675 0.07069
20687 0.06676
20735 0.06855
20819 0.06592
20843 0.0717
20915 0.07138
20927 0.06524
20951 0.06714
20975 0.07045
20999 0.06414
21119 0.06546
21167 0.06589
21299 0.06673
21311 0.06824
21359 0.06404
21371 0.06879
21395 0.06893
21431 0.06239
21443 0.06434
21479 0.06561
21515 0.06539
21527 0.06688
21539 0.06469
21551 0.06637
21659 0.06453
21707 0.07073
21719 0.0657
21743 0.06403
21779 0.06097
21827 0.07142
21899 0.06599
21935 0.06657
21947 0.06919
21971 0.07126
21983 0.06628
21995 0.06634
22007 0.06335
22019 0.06347
22055 0.06598
22103 0.06663
22139 0.05829
22199 0.06684
22211 0.07068
22355 0.06883
22379 0.06577
22403 0.07176
22427 0.06839
22439 0.06649
22475 0.07136
22499 0.05844
22523 0.06493
22559 0.0629
22607 0.06906
22703 0.06436
22715 0.06986
22775 0.06187
22823 0.06776
22919 0.07077
22931 0.07154
22967 0.07103
23111 0.07015
23135 0.07028
23147 0.07073
23183 0.07054
23207 0.07116
23219 0.06629
23267 0.06658
23363 0.06302
23375 0.07074
23387 0.06929
23411 0.06915
23423 0.071
23483 0.06794
23495 0.06009
23519 0.07116
23555 0.06833
23579 0.06817
23639 0.07159
23651 0.06444
23735 0.07142
23759 0.07114
23783 0.06959
23807 0.07139
23843 0.0634
23867 0.06653
23927 0.06804
23939 0.06613
23951 0.07137
23963 0.07047
23999 0.07109
24035 0.0656
24059 0.06337
24119 0.07038
24131 0.06692
24215 0.06862
24275 0.07145
24287 0.06941
24455 0.07076
24479 0.07088
24503 0.06944
24539 0.06643
24563 0.06978
24587 0.06719
24599 0.06993
24647 0.07173
24707 0.0678
24719 0.07143
24743 0.06429
24779 0.06515
24839 0.07114
24875 0.06864
24983 0.06447
25019 0.06535
25043 0.06948
25079 0.07115
25139 0.06646
25175 0.06925
25199 0.06937
25211 0.07031
25259 0.06665
25283 0.07067
25355 0.06614
25379 0.06602
25403 0.07126
25475 0.06552
25499 0.06508
25511 0.06876
25547 0.06515
25571 0.07145
25619 0.06568
25631 0.06812
25655 0.07161
25715 0.07065
25787 0.07169
25823 0.06774
25859 0.06683
25883 0.07116
25967 0.07027
25979 0.06741
25991 0.07075
26051 0.06776
26063 0.06661
26075 0.07011
26195 0.06947
26219 0.06856
26303 0.07004
26363 0.06924
26435 0.06551
26471 0.06762
26483 0.06981
26495 0.07171
26519 0.06509
26531 0.07151
26543 0.07145
26555 0.07015
26567 0.07128
26603 0.07037
26639 0.06403
26651 0.0706
26663 0.07173
26675 0.07074
26771 0.07115
26795 0.07011
26843 0.06725
26855 0.0698
26867 0.06829
26915 0.07174
26939 0.07162
26963 0.06781
26975 0.06156
27023 0.06656
27047 0.06741
27071 0.0697
27083 0.06836
27227 0.0665
27251 0.07006
27263 0.06872
27275 0.07017
27311 0.06848
27323 0.06962
27335 0.06836
27347 0.0705
27359 0.06496
27371 0.07061
27383 0.06713
27455 0.06776
27467 0.07012
27491 0.07023
27563 0.06841
27575 0.06678
27587 0.07159
27599 0.06698
27623 0.0637
27659 0.07164
27683 0.07109
27695 0.06778
27707 0.07139
27719 0.06418
27755 0.07142
27839 0.06899
27863 0.06404
27875 0.0716
27887 0.0657
27899 0.0716
27911 0.06925
27935 0.06545
27959 0.07
27971 0.0701
27995 0.07098
28043 0.07127
28055 0.0708
28067 0.07029
28103 0.0712
28139 0.0712
28175 0.07043
28187 0.06549
28223 0.06504
28247 0.06608
28355 0.07156
28367 0.06691
28391 0.07138
28427 0.06884
28475 0.07144
28487 0.06714
28583 0.06603
28595 0.07085
28655 0.06787
28667 0.06759
28727 0.07058
28739 0.07168
28763 0.06867
28823 0.06581
28847 0.06999
28907 0.06932
28943 0.06953
28967 0.06599
28991 0.0693
29003 0.07038
29015 0.06943
29039 0.0663
29051 0.07015
29075 0.07001
29087 0.06884
29171 0.06977
29267 0.07018
29279 0.07055
29315 0.07103
29435 0.07089
29495 0.07147
29507 0.06904
29543 0.06515
29627 0.0717
29639 0.06885
29651 0.06837
29711 0.06915
29735 0.07099
29747 0.06509
29795 0.07034
29807 0.07065
29831 0.07054
29855 0.06976
29915 0.06978
29951 0.07016
29963 0.07029
29975 0.07004
29987 0.07017
29999 0.06544
30083 0.07145
30107 0.07155
30167 0.07105
30179 0.06827
30191 0.07115
30227 0.07149
30251 0.07087
30263 0.0655
30287 0.07154
30299 0.06802
30371 0.07136
30383 0.07076
30419 0.06925
30503 0.07129
30515 0.0716
30527 0.07154
30551 0.07107
30575 0.06644
30587 0.07126
30647 0.06683
30683 0.06703
30719 0.07029
30731 0.0697
30743 0.07018
30827 0.06474
30923 0.0713
30959 0.06897
31007 0.06876
31031 0.06889
31043 0.07178
31115 0.07146
31127 0.06976
31175 0.06802
31283 0.0707
31403 0.0638
31475 0.07077
31487 0.07119
31559 0.07147
31595 0.07023
31631 0.06755
31679 0.06676
31763 0.06858
31775 0.07117
31787 0.06674
31823 0.06831
31931 0.06876
31979 0.06632
32015 0.06808
32075 0.06636
32123 0.06671
32147 0.06688
32171 0.06685
32207 0.06595
32219 0.06423
32231 0.0699
32243 0.06664
32267 0.06734
32291 0.06724
32315 0.06673
32339 0.06615
32351 0.06977
32375 0.07045
32387 0.06683
32435 0.06766
32519 0.06414
32567 0.0706
32627 0.06564
32639 0.07146
32663 0.07174
32675 0.07168
32723 0.06228
32747 0.06886
32759 0.07094
32795 0.07116
32807 0.06482
32819 0.06779
32867 0.06931
32879 0.07112
32891 0.06626
32915 0.0695
32927 0.06635
32951 0.07148
32963 0.06643
32975 0.0707
33143 0.06999
33155 0.06962
33167 0.06533
33215 0.07035
33227 0.0635
33239 0.07069
33251 0.07076
33263 0.07059
33275 0.06834
33299 0.06902
33323 0.07103
33335 0.07028
33383 0.07008
33419 0.07005
33431 0.06879
33443 0.06679
33467 0.06685
33575 0.06928
33611 0.07143
33635 0.07133
33659 0.07094
33695 0.06879
33707 0.06499
33731 0.06727
33743 0.06816
33755 0.0713
33779 0.07139
33875 0.06616
33887 0.06758
33899 0.06625
33935 0.06782
33947 0.07002
33959 0.06784
33971 0.07144
33983 0.06627
34007 0.0664
34055 0.06819
34067 0.06078
34079 0.06659
34091 0.07094
34103 0.0661
34151 0.06675
34175 0.06645
34187 0.06904
34235 0.06748
34247 0.06638
34271 0.06629
34307 0.07069
34343 0.06924
34379 0.06975
34427 0.07112
34451 0.07121
34475 0.07129
34523 0.06852
34547 0.07155
34571 0.06815
34595 0.06824
34643 0.06896
34691 0.07146
34715 0.07136
34727 0.06517
34775 0.06718
34787 0.06893
34799 0.06834
34823 0.07097
34895 0.07123
34907 0.06936
34943 0.06778
34967 0.06894
34979 0.07029
35003 0.07025
35015 0.06911
35075 0.0705
35123 0.07013
35207 0.06979
35219 0.06934
35231 0.06988
35255 0.06996
35303 0.07077
35315 0.06896
35351 0.06923
35399 0.07039
35411 0.07114
35435 0.07123
35483 0.07161
35495 0.07081
35555 0.07165
35615 0.06624
35627 0.06586
35639 0.07131
35651 0.07156
35663 0.07032
35675 0.07147
35687 0.06654
35699 0.07075
35711 0.07027
35723 0.07127
35735 0.07165
35807 0.07166
35819 0.06778
35843 0.0708
35867 0.06685
35903 0.07116
35915 0.06467
35939 0.06663
35975 0.0665
36023 0.06892
36047 0.07071
36119 0.06514
36143 0.06934
36155 0.06958
36167 0.06689
36179 0.06888
36203 0.06911
36239 0.06997
36287 0.06436
36335 0.0696
36359 0.07072
36371 0.06968
36395 0.06867
36419 0.06985
36431 0.07033
36455 0.06816
36491 0.07009
36503 0.06643
36515 0.06862
36539 0.0687
36575 0.06988
36611 0.0705
36623 0.0697
36635 0.06903
36695 0.06943
36719 0.07131
36743 0.07139
36815 0.06469
36875 0.06631
36935 0.07151
36995 0.07177
37007 0.06709
37031 0.07011
37067 0.06514
37091 0.06554
37151 0.07068
37175 0.06765
37187 0.07089
37211 0.07097
37259 0.07113
37283 0.06658
37319 0.06597
37343 0.06995
37355 0.07145
37367 0.07123
37391 0.07131
37403 0.07022
37415 0.07139
37439 0.06859
37487 0.06637
37499 0.06644
37583 0.0716
37595 0.0695
37655 0.07133
37715 0.06691
37775 0.0697
37787 0.07054
37823 0.0707
37835 0.07036
37859 0.07027
37895 0.07043
37931 0.06634
37979 0.06665
38003 0.06802
38063 0.07065
38075 0.06776
38111 0.06671
38135 0.07088
38147 0.0625
38255 0.07128
38267 0.06858
38279 0.07135
38315 0.06873
38363 0.06791
38387 0.06897
38399 0.06616
38483 0.06633
38555 0.06673
38579 0.06406
38627 0.06975
38675 0.0699
38759 0.07051
38807 0.06716
38831 0.06496
38843 0.06946
38855 0.0661
38915 0.06489
38927 0.06585
38939 0.07075
38975 0.06579
39035 0.07007
39059 0.07113
39071 0.06625
39083 0.07023
39095 0.06617
39131 0.07136
39155 0.07144
39179 0.06574
39203 0.07061
39215 0.06888
39263 0.06514
39311 0.06611
39431 0.06725
39455 0.06805
39467 0.06642
39479 0.06797
39491 0.07152
39515 0.07089
39527 0.06598
39539 0.0708
39575 0.06764
39587 0.06408
39611 0.07055
39647 0.06793
39695 0.06808
39707 0.06446
39731 0.06544
39803 0.06771
39899 0.06953
39911 0.06875
39935 0.06726
39947 0.06936
39995 0.0703
40067 0.06592
40091 0.06996
40103 0.06935
40115 0.06988
40139 0.06979
40175 0.06615
40199 0.0651
40235 0.06838
40247 0.06534
40271 0.06987
40307 0.06813
40319 0.06592
40355 0.066
40367 0.07017
40415 0.0669
40439 0.06697
40463 0.06559
40475 0.0698
40511 0.06905
40523 0.06633
40535 0.06912
40571 0.0651
40595 0.06823
40619 0.06815
40643 0.06807
40655 0.07106
40679 0.06661
40703 0.0712
40727 0.07128
40775 0.07142
40811 0.07083
40859 0.07097
40871 0.07015
40907 0.06698
40919 0.0668
40967 0.07044
40979 0.06696
40991 0.07146
41003 0.07141
41015 0.07059
41075 0.06521
41087 0.07112
41099 0.0717
41135 0.07095
41159 0.06917
41195 0.07156
41207 0.07071
41219 0.06912
41255 0.07054
41267 0.06927
41291 0.06934
41339 0.07106
41363 0.07098
41375 0.06561
41423 0.06997
41447 0.07167
41471 0.07159
41495 0.07151
41567 0.06949
41591 0.07047
41615 0.07055
41663 0.06543
41675 0.06992
41699 0.06984
41711 0.07077
41735 0.0709
41747 0.06431
41783 0.07105
41795 0.07085
41807 0.07044
41819 0.07093
41855 0.07028
41915 0.06552
41939 0.06683
41951 0.06996
41975 0.06988
41987 0.06486
42035 0.07157
42107 0.07178
42119 0.0715
42143 0.07142
42167 0.07006
42191 0.06917
42251 0.06802
42275 0.07123
42287 0.06714
42311 0.07085
42347 0.07099
42395 0.06756
42419 0.06575
42455 0.07091
42503 0.07021
42527 0.06808
42539 0.07035
42551 0.06748
42563 0.06729
42575 0.07126
42587 0.06736
42599 0.07133
42659 0.06996
42671 0.06966
42755 0.06785
42803 0.06799
42827 0.06941
42851 0.06933
42875 0.06747
42911 0.06911
42935 0.06918
42947 0.06902
42959 0.07112
42971 0.06894
42983 0.06932
43007 0.07096
43043 0.06869
43055 0.06895
43079 0.0696
43091 0.06883
43127 0.07056
43139 0.06684
43175 0.06929
43187 0.06838
43247 0.07017
43259 0.06489
43295 0.07022
43307 0.06786
43355 0.06886
43367 0.06979
43439 0.07005
43463 0.07071
43475 0.06994
43559 0.0704
43583 0.06743
43619 0.06789
43643 0.07042
43679 0.0677
43703 0.07139
43715 0.06989
43739 0.06909
43763 0.07076
43775 0.0716
43811 0.06678
43847 0.07122
43859 0.06944
43871 0.0717
43907 0.07117
43919 0.07142
43931 0.06292
43979 0.06678
44003 0.07144
44039 0.07115
44051 0.06998
44063 0.06879
44075 0.07092
44099 0.07012
44135 0.07151
44243 0.06966
44255 0.07113
44339 0.06645
44375 0.07008
44387 0.06462
44399 0.06776
44411 0.07171
44423 0.06981
44447 0.0686
44459 0.06673
44495 0.0697
44555 0.0714
44567 0.06893
44591 0.07006
44639 0.07041
44663 0.06918
44675 0.06874
44735 0.06961
44747 0.07064
44783 0.06757
44795 0.06967
44807 0.06938
44891 0.07117
44915 0.07154
44951 0.0683
44975 0.07135
44999 0.06815
45011 0.07079
45047 0.06865
45059 0.07162
45095 0.07168
45155 0.07132
45167 0.06725
45227 0.07012
45251 0.07102
45275 0.0704
45287 0.06792
45299 0.06907
45347 0.06975
45359 0.07169
45371 0.07064
45395 0.07073
45407 0.06756
45431 0.07168
45443 0.06849
45467 0.06842
45479 0.07146
45527 0.07159
45539 0.07113
45563 0.07119
45575 0.07102
45611 0.07132
45671 0.07092
45695 0.0715
45719 0.07077
45731 0.07165
45743 0.0699
45791 0.07035
45815 0.07167
45839 0.06745
45875 0.07023
45899 0.07143
45911 0.07018
45923 0.07036
46019 0.07103
46031 0.071
46055 0.06975
46079 0.07111
46115 0.07076
46127 0.07096
46151 0.07132
46163 0.07101
46223 0.07013
46235 0.07039
46247 0.07059
46259 0.06796
46283 0.07175
46295 0.07171
46319 0.07012
46331 0.07169
46355 0.07162
46379 0.06871
46391 0.07059
46403 0.07165
46463 0.07137
46475 0.07173
46487 0.07129
46535 0.07097
46547 0.07151
46583 0.0711
46607 0.07116
46631 0.07095
46655 0.07129
46667 0.07114
46739 0.06888
46763 0.07085
46775 0.07134
46799 0.06936
46835 0.07016
46847 0.07178
46859 0.07009
46883 0.07019
46895 0.07166
46931 0.07034
46943 0.07148
46967 0.07144
46979 0.07031
46991 0.07165
47039 0.06747
47063 0.07169
47075 0.06991
47135 0.07122
47171 0.07082
47183 0.07076
47231 0.0714
47243 0.07114
47255 0.07085
47291 0.06881
47375 0.07156
47399 0.07162
47411 0.07159
47435 0.07151
47447 0.07075
47483 0.07178
47495 0.07169
47531 0.07177
47579 0.07167
47603 0.06791
47651 0.07146
47687 0.06775
47747 0.07117
47759 0.06688
47783 0.06976
47795 0.06737
47855 0.07139
47867 0.07081
47879 0.06574
47891 0.06871
47915 0.07052
47987 0.07046
48035 0.07027
48047 0.06899
48059 0.07033
48107 0.06694
48167 0.06865
48191 0.06683
48227 0.06961
48251 0.07083
48263 0.07019
48275 0.07089
48287 0.06831
48323 0.06933
48335 0.06998
48359 0.06991
48431 0.0697
48443 0.07132
48503 0.06875
48515 0.06879
48551 0.06757
48575 0.06929
48635 0.0663
48671 0.06827
48683 0.07162
48719 0.06814
48755 0.07141
48791 0.06868
48803 0.06798
48875 0.07106
48899 0.0713
48911 0.06834
48923 0.0661
48959 0.06821
48995 0.07155
49067 0.07173
49079 0.06787
49115 0.07037
49151 0.06694
49163 0.06698
49175 0.06586
49187 0.07116
49247 0.06812
49259 0.0713
49271 0.06735
49283 0.07088
49319 0.06722
49343 0.07071
49403 0.07054
49427 0.07082
49475 0.07068
49487 0.0662
49511 0.0667
49571 0.06589
49583 0.0665
49595 0.07034
49607 0.06651
49619 0.07027
49631 0.06654
49679 0.06624
49691 0.06875
49703 0.06675
49715 0.07
49751 0.06939
49775 0.06615
49799 0.06619
49859 0.06829
49895 0.06723
49907 0.06947
49955 0.06933
49967 0.06993
49979 0.06647
50003 0.06789
50015 0.07005
50027 0.0654
50075 0.069
50099 0.06893
50135 0.06783
50183 0.07046
50243 0.0661
50255 0.07064
50267 0.06847
50279 0.06639
50303 0.07076
50315 0.06834
50327 0.06831
50339 0.06828
50399 0.06694
50435 0.06864
50447 0.0686
50471 0.07118
50483 0.06875
50507 0.06476
50519 0.06866
50531 0.06648
50615 0.06381
50639 0.06638
50663 0.07165
50699 0.06929
50711 0.07177
50735 0.06931
50747 0.06718
50759 0.06925
50783 0.06943
50807 0.06936
50819 0.06958
50855 0.07141
50879 0.06954
50903 0.07128
50915 0.06759
50927 0.06536
50939 0.06987
50963 0.06425
50975 0.07108
50987 0.06777
51011 0.06649
51023 0.07094
51083 0.068
51095 0.07074
51107 0.06624
51119 0.06609
51143 0.07031
51155 0.06818
51167 0.07054
51179 0.07046
51251 0.06841
51275 0.06847
51299 0.07075
51323 0.07081
51359 0.07071
51371 0.07093
51395 0.06678
51455 0.07107
51467 0.06659
51527 0.07112
51575 0.07136
51587 0.06668
51611 0.06929
51623 0.06683
51635 0.07156
51671 0.07146
51695 0.06911
51707 0.06697
51731 0.06958
51743 0.06683
51755 0.06963
51779 0.06714
51791 0.0667
51851 0.07145
51863 0.07149
51887 0.07157
51911 0.0715
51923 0.07004
51935 0.06842
51947 0.06576
51959 0.0663
51983 0.07116
52007 0.07124
52043 0.0679
52055 0.06871
52079 0.06986
52115 0.07073
52139 0.06691
52151 0.07085
52175 0.07064
52187 0.06563
52211 0.0683
52235 0.07078
52271 0.07052
52283 0.0709
52319 0.07039
52331 0.06919
52355 0.06925
52415 0.07066
52427 0.07124
52439 0.06526
52463 0.06553
52475 0.06893
52487 0.06704
52499 0.06887
52523 0.06964
52535 0.07095
52547 0.07152
52559 0.06991
52607 0.07003
52643 0.06993
52715 0.07164
52751 0.07037
52763 0.07021
52775 0.07151
52799 0.06441
52823 0.07163
52847 0.06886
52871 0.07065
52907 0.07055
52931 0.06989
52955 0.07099
52979 0.06844
53015 0.06856
53063 0.07133
53075 0.07146
53099 0.07028
53111 0.06676
53159 0.06616
53207 0.06793
53219 0.07108
53243 0.06813
53291 0.0701
53303 0.06768
53339 0.06752
53351 0.06756
53375 0.0705
53387 0.06985
53399 0.07168
53447 0.06745
53459 0.07113
53483 0.06775
53495 0.07018
53519 0.07012
53531 0.06951
53567 0.06526
53579 0.0714
53603 0.06897
53627 0.07164
53663 0.06689
53675 0.07115
53687 0.06685
53723 0.06925
53735 0.07079
53747 0.07165
53771 0.07173
53795 0.07166
53843 0.06867
53879 0.06919
53903 0.06612
53915 0.07134
53975 0.0691
54023 0.06882
54035 0.07021
54071 0.06673
54095 0.06985
54107 0.0707
54119 0.06858
54131 0.0709
54143 0.06867
54179 0.07101
54191 0.06839
54203 0.07045
54215 0.06833
54227 0.07052
54239 0.06948
54275 0.07123
54359 0.06519
54383 0.06791
54395 0.0708
54407 0.06905
54431 0.06899
54467 0.07002
54479 0.06573
54491 0.07172
54575 0.06743
54587 0.07162
54599 0.06857
54611 0.07035
54635 0.07149
54671 0.06839
54683 0.07145
54707 0.07131
54731 0.07156
54755 0.06904
54791 0.06809
54815 0.06652
54827 0.07084
54839 0.06679
54863 0.06753
54875 0.07095
54899 0.06881
54911 0.06779
54947 0.07068
54995 0.06778
55007 0.06755
55019 0.0713
55031 0.06632
55043 0.07133
55055 0.06797
55067 0.06826
55115 0.0715
55151 0.06587
55175 0.06824
55187 0.06809
55199 0.06829
55211 0.07171
55247 0.0675
55271 0.06575
55283 0.07169
55319 0.06856
55379 0.06564
55391 0.06782
55403 0.07032
55427 0.0675
55463 0.0654
55475 0.0712
55499 0.06929
55535 0.06905
55571 0.06646
55583 0.06916
55607 0.0645
55703 0.06618
55715 0.06875
55727 0.06857
55739 0.06947
55775 0.06868
55811 0.0693
55835 0.07028
55859 0.06918
55883 0.07016
55895 0.06691
55907 0.06702
55919 0.06991
55943 0.06906
55955 0.06685
55979 0.06863
55991 0.07007
56015 0.07012
56027 0.06799
56051 0.06974
56075 0.06673
56135 0.06634
56147 0.06755
56159 0.06886
56183 0.0705
56219 0.06916
56231 0.06735
56279 0.06746
56291 0.06932
56303 0.07076
56315 0.06938
56327 0.06924
56339 0.068
56351 0.06929
56363 0.06897
56375 0.07092
56387 0.06891
56399 0.06591
56411 0.06783
56447 0.07018
56459 0.06771
56471 0.06678
56507 0.06862
56579 0.06784
56603 0.07001
56615 0.0682
56627 0.06861
56639 0.0715
56675 0.07017
56699 0.0669
56723 0.06526
56735 0.07081
56759 0.07176
56771 0.06827
56795 0.07043
56831 0.07164
56855 0.06763
56867 0.06914
56879 0.07045
56903 0.07146
56927 0.07056
56939 0.07075
56975 0.07066
56987 0.06941
57011 0.07091
57023 0.07144
57035 0.06764
57071 0.07104
57095 0.0716
57155 0.06977
57227 0.06707
57239 0.07124
57263 0.0716
57275 0.06816
57311 0.07045
57359 0.0715
57371 0.07169
57395 0.07174
57407 0.0716
57419 0.06749
57443 0.07173
57479 0.07176
57491 0.06765
57539 0.07149
57551 0.07165
57575 0.07159
57599 0.07035
57623 0.06509
57647 0.07141
57671 0.06673
57695 0.0713
57707 0.07097
57743 0.06578
57767 0.07071
57779 0.07046
57815 0.06922
57875 0.06848
57887 0.06566
57959 0.07002
57971 0.07154
57983 0.06524
57995 0.07159
58007 0.07123
58055 0.07133
58103 0.0668
58115 0.07173
58127 0.06618
58139 0.07123
58163 0.07008
58175 0.07049
58187 0.06807
58223 0.06925
58235 0.07023
58259 0.07149
58283 0.06475
58295 0.07074
58307 0.06941
58319 0.0708
58343 0.06897
58355 0.0695
58415 0.06955
58463 0.0669
58475 0.07085
58487 0.06938
58499 0.06916
58523 0.07085
58535 0.07115
58547 0.06992
58559 0.07109
58571 0.07137
58607 0.06835
58643 0.07044
58667 0.07039
58691 0.07033
58703 0.06741
58739 0.07033
58751 0.07171
58775 0.07176
58811 0.07079
58823 0.06432
58835 0.07151
58847 0.07039
58859 0.07156
58871 0.06694
58883 0.07161
58919 0.06836
58931 0.06976
58955 0.07045
59015 0.07124
59027 0.06953
59039 0.06809
59075 0.07153
59087 0.07107
59099 0.07148
59147 0.06999
59171 0.0713
59231 0.06853
59255 0.07067
59267 0.07144
59279 0.06937
59291 0.07149
59303 0.06676
59327 0.07049
59339 0.0709
59363 0.06875
59375 0.06883
59411 0.07073
59423 0.06649
59459 0.07023
59483 0.06689
59495 0.0701
59519 0.07004
59531 0.07092
59555 0.0715
59603 0.07027
59639 0.06976
59675 0.07122
59687 0.06965
59711 0.06953
59735 0.06958
59783 0.06569
59819 0.07087
59831 0.06683
59843 0.06765
59867 0.07162
59891 0.07167
59903 0.06993
59915 0.07118
59927 0.06998
59963 0.06749
59975 0.06777
59987 0.07133
60023 0.07018
60047 0.06881
60059 0.07154
60071 0.07028
60095 0.0675
60119 0.06865
60131 0.06904
60143 0.06638
60155 0.07168
60191 0.07053
60203 0.06888
60227 0.07114
60239 0.06842
60275 0.06834
60287 0.07073
60299 0.07158
60311 0.06702
60323 0.06823
60335 0.06816
60347 0.07147
60395 0.06807
60407 0.06877
60419 0.06947
60431 0.07102
60455 0.07107
60467 0.07057
60479 0.06649
60491 0.07052
60503 0.06669
60515 0.06925
60551 0.06767
60563 0.06894
60575 0.07132
60587 0.0709
60599 0.06757
60635 0.06898
60671 0.06639
60695 0.06936
60707 0.07062
60743 0.06576
60755 0.06991
60791 0.06956
60803 0.06943
60839 0.06703
60863 0.07166
60875 0.07023
60911 0.0658
60935 0.07149
60947 0.0692
60959 0.0699
60971 0.06977
60995 0.06996
61019 0.0699
61067 0.06919
61079 0.07015
61103 0.07109
61115 0.07007
61163 0.07016
61175 0.06687
61199 0.06648
61235 0.06979
61247 0.06508
61295 0.07065
61307 0.06747
61319 0.06694
61355 0.06914
61367 0.07073
61415 0.0648
61427 0.0707
61439 0.07088
61451 0.07054
61475 0.0708
61499 0.06881
61523 0.07092
61535 0.0701
61571 0.07078
61595 0.07104
61607 0.07122
61619 0.06855
61655 0.07132
61679 0.06563
61691 0.07123
61727 0.06966
61739 0.07112
61775 0.07156
61787 0.06817
61799 0.07161
61811 0.07148
61823 0.07023
61835 0.07152
61847 0.0671
61883 0.07141
61907 0.07167
61919 0.06683
61931 0.07172
62015 0.06744
62063 0.06891
62075 0.07178
62087 0.06886
62111 0.06624
62123 0.07167
62135 0.07123
62147 0.07163
62159 0.06773
62195 0.07173
62243 0.07059
62267 0.07111
62279 0.0709
62291 0.07164
62315 0.07123
62339 0.07078
62363 0.07112
62375 0.06822
62399 0.07063
62411 0.07092
62447 0.07052
62471 0.06926
62495 0.07041
62519 0.06936
62543 0.06786
62567 0.07025
62615 0.0677
62651 0.07082
62663 0.06965
62675 0.07145
62699 0.06624
62747 0.07061
62759 0.06984
62771 0.06981
62795 0.06835
62807 0.06971
62831 0.06998
62843 0.07178
62855 0.07003
62867 0.07
62879 0.06955
62891 0.07169
62951 0.06931
62963 0.07012
62975 0.06936
62999 0.07031
63011 0.07142
63023 0.06806
63035 0.07137
63047 0.0695
63071 0.06955
63083 0.06928
63119 0.06964
63143 0.0706
63155 0.07057
63167 0.06652
63191 0.06839
63215 0.06983
63227 0.06921
63251 0.07088
63263 0.07083
63275 0.07083
63335 0.06661
63359 0.07102
63371 0.071
63383 0.06877
63407 0.06881
63431 0.07116
63455 0.07121
63479 0.07035
63491 0.07034
63503 0.0666
63539 0.06618
63551 0.0691
63563 0.07019
63575 0.07054
63623 0.06854
63635 0.07001
63707 0.07165
63731 0.0702
63755 0.07175
63767 0.06763
63779 0.06694
63791 0.0675
63827 0.07038
63851 0.07163
63875 0.0695
63887 0.07115
63911 0.07144
63923 0.07147
63935 0.06727
63971 0.06737
63983 0.07128
64043 0.0708
64055 0.07148
64079 0.07106
64139 0.06424
64163 0.07093
64175 0.07085
64199 0.07176
64235 0.06737
64247 0.07045
64295 0.07162
64307 0.07062
64331 0.06717
64343 0.07048
64367 0.07146
64379 0.06842
64391 0.07141
64415 0.07032
64475 0.07164
64487 0.06885
64511 0.07114
64523 0.07173
64583 0.0654
64607 0.06588
64619 0.06791
64631 0.0712
64643 0.06988
64655 0.07124
64703 0.07133
64727 0.07138
64751 0.07062
64775 0.06664
64787 0.07128
64823 0.07087
64847 0.07161
64859 0.06741
64883 0.07107
64907 0.07101
64931 0.06726
64943 0.06918
64979 0.06609
64991 0.07168
65075 0.07065
65087 0.07147
65135 0.07147
65159 0.07152
65195 0.06672
65207 0.07024
65219 0.06667
65231 0.07165
65243 0.07028
65255 0.0717
65279 0.06847
65291 0.0685
65303 0.06842
65339 0.06831
65351 0.07169
65363 0.06835
65375 0.06927
65399 0.0706
65411 0.06992
65435 0.06849
65459 0.06654
65471 0.07074
65531 0.06967
65567 0.07092
65591 0.07117
65603 0.06785
65615 0.06777
65627 0.0678
65711 0.07012
65723 0.06926
65747 0.06909
65759 0.07128
65771 0.06913
65783 0.06834
65807 0.06837
65819 0.0677
65879 0.07054
65903 0.06971
65939 0.06945
65975 0.06871
65987 0.06871
65999 0.07174
66011 0.06959
66023 0.07024
66035 0.06963
66119 0.06691
66143 0.06921
66155 0.06836
66167 0.06916
66203 0.06795
66215 0.07139
66251 0.06804
66263 0.06925
66275 0.06856
66299 0.07013
66323 0.06865
66371 0.06792
66395 0.07031
66419 0.06883
66443 0.06887
66503 0.0697
66515 0.06901
66527 0.07072
66539 0.07058
66551 0.06836
66563 0.06863
66575 0.06908
66599 0.06988
66611 0.06919
66623 0.06611
66659 0.06654
66671 0.07041
66707 0.06723
66719 0.06878
66743 0.07015
66755 0.07098
66767 0.06792
66779 0.0695
66815 0.07011
66827 0.06693
66839 0.07033
66875 0.07121
66887 0.06768
66899 0.07125
66935 0.07051
66971 0.06939
66983 0.06591
67007 0.06971
67019 0.06995
67031 0.06814
67067 0.07156
67091 0.07149
67115 0.07013
67127 0.06813
67151 0.07091
67163 0.06628
67175 0.06936
67199 0.06826
67235 0.0717
67259 0.07039
67283 0.07044
67295 0.06844
67319 0.06709
67355 0.07144
67367 0.06897
67379 0.07139
67415 0.07139
67439 0.07144
67451 0.07124
67487 0.0674
67535 0.06888
67571 0.07097
67583 0.0717
67655 0.07174
67667 0.06639
67691 0.07074
67703 0.06725
67715 0.07076
67727 0.06785
67775 0.06933
67787 0.07054
67799 0.07144
67811 0.07049
67847 0.06946
67859 0.07103
67871 0.06857
67907 0.07029
67919 0.07118
68015 0.07098
68027 0.06826
68039 0.06888
68051 0.07138
68063 0.06688
68075 0.07167
68123 0.07151
68159 0.06864
68183 0.07063
68195 0.07164
68255 0.07021
68267 0.06861
68291 0.07176
68303 0.06835
68327 0.06941
68339 0.06819
68363 0.07107
68375 0.0695
68423 0.06618
68459 0.06916
68471 0.06921
68495 0.07064
68579 0.06892
68591 0.07082
68603 0.06583
68663 0.06965
68675 0.07043
68723 0.06999
68747 0.06957
68759 0.07019
68783 0.06941
68807 0.07121
68843 0.07008
68855 0.07037
68867 0.07025
68915 0.06994
68951 0.07054
68975 0.07012
68987 0.07047
69023 0.06966
69059 0.07018
69071 0.07076
69083 0.07064
69095 0.06979
69107 0.07068
69131 0.07017
69167 0.07047
69179 0.06971
69215 0.07162
69227 0.07044
69251 0.07039
69287 0.07115
69299 0.07048
69323 0.07107
69347 0.06738
69359 0.07132
69407 0.0709
69419 0.06945
69443 0.07083
69455 0.07145
69527 0.06475
69551 0.07116
69575 0.0712
69599 0.07171
69611 0.07113
69635 0.07163
69647 0.07073
69671 0.07174
69683 0.06745
69719 0.07165
69731 0.07178
69743 0.06733
69755 0.07173
69791 0.07159
69803 0.06686
69839 0.07167
69851 0.07156
69863 0.07116
69875 0.0716
69887 0.0713
69935 0.07129
69947 0.07134
69983 0.07138
70007 0.07159
70091 0.07168
70115 0.07163
70127 0.07134
70151 0.07168
70175 0.07172
70247 0.06752
70283 0.07168
70295 0.071
70307 0.0691
70319 0.07158
70343 0.07153
70391 0.06599
70403 0.07168
70463 0.0679
70475 0.06939
70499 0.07148
70511 0.07005
70523 0.0707
70547 0.07076
70559 0.06892
70595 0.06907
70643 0.06706
70655 0.06895
70679 0.06899
70691 0.07109
70703 0.06833
70727 0.06962
70739 0.06986
70763 0.0697
70775 0.07066
70787 0.06693
70799 0.06948
70811 0.06961
70847 0.0699
70859 0.06953
70871 0.06862
70895 0.0698
70907 0.07016
70943 0.06946
70955 0.07024
70967 0.06966
71003 0.06975
71015 0.06957
71027 0.07037
71051 0.07037
71063 0.07009
71075 0.07045
71087 0.06943
71099 0.07049
71111 0.07
71135 0.0698
71195 0.07066
71207 0.06868
71219 0.07017
71231 0.06996
71243 0.07021
71303 0.07009
71315 0.06863
71375 0.0695
71423 0.06959
71447 0.06822
71459 0.06896
71507 0.06826
71519 0.0692
71531 0.07125
71543 0.06916
71555 0.06867
71567 0.0685
71627 0.06864
71639 0.06803
71651 0.06859
71675 0.07096
71687 0.06827
71723 0.06906
71759 0.06813
71783 0.07021
71831 0.0686
71855 0.06856
71915 0.07165
71927 0.07046
71951 0.07122
71975 0.06773
72011 0.07154
72059 0.07163
72071 0.07142
72119 0.07151
72131 0.07175
72143 0.07155
72179 0.06819
72203 0.0717
72215 0.07096
72239 0.06723
72263 0.07175
72275 0.07156
72323 0.06616
72335 0.07169
72371 0.07137
72407 0.06728
72443 0.07122
72455 0.07137
72479 0.07141
72491 0.07052
72527 0.0715
72539 0.06764
72563 0.07099
72575 0.06757
72587 0.07033
72599 0.06795
72611 0.0709
72635 0.07085
72659 0.07019
72695 0.07179
72731 0.07066
72743 0.06994
72791 0.0708
72803 0.07052
72827 0.06995
72839 0.0701
72851 0.06817
72863 0.07147
72875 0.07055
72887 0.07142
72899 0.07007
72935 0.06853
72947 0.07068
72983 0.07123
72995 0.06842
73055 0.07109
73067 0.06941
73103 0.0677
73115 0.07096
73151 0.07063
73163 0.06667
73187 0.07056
73211 0.06974
73223 0.07077
73247 0.06872
73283 0.07125
73295 0.0688
73319 0.06919
73343 0.07096
73367 0.07049
73427 0.07149
73439 0.06955
73451 0.07101
73475 0.07157
73487 0.06913
73499 0.0686
73511 0.07124
73535 0.07128
73595 0.07178
73631 0.06999
73667 0.06585
73691 0.07162
73715 0.0682
73739 0.0715
73763 0.07148
73775 0.06971
73787 0.07158
73871 0.07173
73919 0.06986
73931 0.07176
73967 0.06994
73979 0.06771
73991 0.07149
74003 0.06506
74015 0.07036
74039 0.06963
74075 0.07025
74087 0.07014
74111 0.07018
74147 0.06741
74171 0.0713
74183 0.07064
74195 0.07125
74267 0.06404
74303 0.07089
74327 0.07054
74339 0.07097
74351 0.07093
74375 0.07097
74387 0.06696
74399 0.07023
74423 0.07067
74447 0.07074
74519 0.06755
74543 0.07125
74555 0.06997
74579 0.07052
74603 0.07113
74627 0.06654
74639 0.07141
74651 0.06648
74663 0.07033
74675 0.07125
74711 0.07118
74783 0.07165
74807 0.0678
74819 0.06677
74855 0.071
74867 0.06998
74879 0.07146
74927 0.07077
74975 0.07068
74987 0.06479
75023 0.0715
75035 0.06685
75047 0.0697
75059 0.06681
75095 0.07105
75107 0.06953
75143 0.07127
75191 0.07118
75203 0.07141
75215 0.07153
75263 0.07116
75275 0.06922
75287 0.07139
75299 0.06592
75311 0.07096
75335 0.07179
75359 0.07175
75371 0.07109
75383 0.07136
75395 0.069
75419 0.0656
75443 0.07095
75515 0.07082
75551 0.07164
75563 0.06743
75575 0.07057
75587 0.06865
75599 0.07129
75623 0.07164
75647 0.07072
75671 0.07175
75719 0.07019
75755 0.06777
75791 0.07093
75803 0.06782
75815 0.07147
75827 0.06566
75839 0.06997
75851 0.0679
75863 0.07119
75875 0.07015
75887 0.06632
75899 0.0701
75911 0.07129
75923 0.06802
75947 0.06806
76007 0.06585
76019 0.06988
76043 0.06822
76067 0.06722
76127 0.07148
76139 0.06966
76151 0.07065
76175 0.0708
76187 0.06845
76199 0.07076
76211 0.06849
76235 0.06949
76247 0.07009
76307 0.06736
76319 0.07053
76331 0.0677
76415 0.06723
76475 0.06892
76499 0.06798
76523 0.06896
76547 0.0664
76583 0.07005
76619 0.06879
76691 0.06927
76703 0.07108
76715 0.06931
76727 0.0707
76751 0.07099
76775 0.07028
76787 0.06664
76799 0.06908
76823 0.06961
76835 0.06706
76859 0.06836
76895 0.07097
76931 0.06823
77015 0.07117
77027 0.06982
77039 0.07071
77063 0.06899
77075 0.06798
77087 0.06857
77099 0.0654
77111 0.06909
77123 0.06997
77147 0.0659
77159 0.0709
77183 0.06877
77231 0.07011
77303 0.06735
77327 0.06993
77363 0.06747
77375 0.06862
77387 0.0704
77411 0.07044
77423 0.06976
77435 0.06803
77495 0.07144
77507 0.06606
77519 0.07158
77531 0.07063
77567 0.0681
77579 0.06973
77603 0.07075
77615 0.06852
77639 0.07136
77663 0.07171
77675 0.06988
77735 0.07118
77771 0.06684
77807 0.06907
77843 0.06869
77855 0.06956
77879 0.07149
77891 0.07023
77903 0.07145
77927 0.07083
77939 0.0703
77963 0.06644
77975 0.07132
77987 0.06669
78011 0.06896
78023 0.06869
78047 0.07062
78071 0.07114
78083 0.07053
78107 0.06911
78119 0.07105
78155 0.07163
78227 0.07174
78251 0.06934
78263 0.07021
78287 0.06791
78323 0.07167
78359 0.07006
78371 0.07159
78383 0.0704
78407 0.06979
78431 0.06993
78443 0.07145
78455 0.07045
78503 0.07059
78515 0.07122
78527 0.06976
78563 0.06662
78575 0.07023
78587 0.07119
78599 0.07074
78647 0.06816
78659 0.07145
78671 0.07006
78731 0.07156
78743 0.06744
78755 0.07089
78767 0.06933
78851 0.07029
78863 0.0685
78875 0.07179
78899 0.06516
78923 0.07059
78959 0.06955
78971 0.0705
78983 0.0707
78995 0.07158
79007 0.06891
79019 0.06496
79055 0.07146
79067 0.07033
79079 0.06934
79091 0.07067
79127 0.06692
79163 0.07128
79175 0.07165
79199 0.06935
79211 0.07119
79223 0.07173
79271 0.06845
79307 0.07101
79331 0.06986
79391 0.07157
79415 0.07152
79439 0.07148
79463 0.06636
79487 0.07149
79511 0.06859
79523 0.07063
79547 0.07138
79571 0.07006
79655 0.06651
79667 0.07157
79679 0.07105
79715 0.07028
79727 0.07171
79739 0.06543
79763 0.07021
79775 0.06625
79787 0.07176
79799 0.07084
79835 0.07047
79871 0.07145
79883 0.07166
79895 0.07141
79919 0.07048
79931 0.07157
79991 0.07124
80015 0.07031
80027 0.06855
80063 0.07111
80087 0.07074
80099 0.07088
80123 0.07123
80135 0.07098
80159 0.06694
80171 0.07028
80183 0.07057
80195 0.0711
80219 0.07035
80243 0.06937
80255 0.07004
80303 0.07068
80327 0.07112
80351 0.06987
80375 0.07119
80459 0.07144
80483 0.0706
80495 0.07138
80507 0.0708
80519 0.06741
80543 0.07026
80591 0.07121
80615 0.07014
80675 0.07106
80711 0.0677
80723 0.06963
80771 0.07165
80795 0.0716
80807 0.07172
80855 0.06633
80867 0.06993
80879 0.06586
80891 0.07143
80903 0.07169
80927 0.07172
80939 0.06818
80951 0.07147
80975 0.0688
80987 0.07154
81011 0.07157
81035 0.07011
81095 0.07121
81107 0.07172
81143 0.07149
81167 0.06919
81191 0.07141
81215 0.07137
81227 0.07166
81251 0.07029
81263 0.06902
81275 0.07158
81287 0.06627
81311 0.07083
81383 0.06811
81395 0.07055
81407 0.07103
81443 0.07074
81455 0.07058
81467 0.07078
81479 0.06795
81491 0.0712
81503 0.06862
81515 0.07069
81539 0.06462
81575 0.0685
81623 0.06911
81635 0.07095
81683 0.0711
81719 0.07013
81743 0.06751
81779 0.07109
81791 0.06936
81827 0.0683
81851 0.07097
81863 0.07024
81911 0.07016
81935 0.06976
81947 0.07151
81959 0.06972
81983 0.06782
82079 0.06951
82091 0.07172
82103 0.06983
82115 0.0716
82127 0.06943
82151 0.06991
82175 0.06995
82187 0.07148
82211 0.07152
82271 0.07009
82283 0.06969
82295 0.0673
82319 0.07016
82331 0.06682
82343 0.0702
82355 0.07159
82367 0.06938
82391 0.06715
82403 0.07151
82415 0.06821
82427 0.07174
82451 0.07143
82475 0.07165
82511 0.06879
82535 0.07049
82547 0.06629
82583 0.06902
82631 0.06859
82643 0.07109
82655 0.07067
82679 0.07071
82703 0.06673
82715 0.07124
82739 0.06696
82751 0.06839
82823 0.06862
82859 0.07072
82871 0.06641
82895 0.07103
82931 0.07087
82943 0.0711
82955 0.07056
82967 0.06666
82991 0.07118
83027 0.07081
83051 0.06705
83075 0.07088
83087 0.06781
83099 0.06632
83111 0.06815
83123 0.07095
83135 0.06639
83147 0.07006
83159 0.07143
83183 0.07146
83195 0.07042
83291 0.0712
83315 0.07124
83327 0.06779
83351 0.07172
83375 0.06861
83387 0.0701
83411 0.06979
83435 0.07142
83447 0.0676
83483 0.07149
83507 0.06989
83543 0.06908
83567 0.06741
83603 0.06999
83615 0.07001
83627 0.0717
83651 0.07006
83675 0.06798
83687 0.06721
83699 0.07013
83711 0.07127
83723 0.0666
83747 0.06965
83759 0.06655
83771 0.06972
83807 0.06643
83879 0.06688
83915 0.06896
83927 0.06683
83951 0.07086
83963 0.07052
83975 0.07082
83999 0.06669
84023 0.07074
84071 0.07056
84083 0.07112
84095 0.07073
84107 0.07108
84119 0.07058
84167 0.06631
84203 0.06874
84227 0.0688
84251 0.07106
84275 0.06887
84323 0.07105
84335 0.07129
84371 0.07113
84419 0.06635
84455 0.07002
84479 0.06998
84527 0.06618
84539 0.06794
84575 0.06982
84587 0.07028
84599 0.06667
84647 0.06702
84755 0.06839
84803 0.06992
84839 0.06681
84851 0.06984
84911 0.06927
84959 0.06611
84971 0.06725
84983 0.06627
85007 0.06755
85019 0.06878
85067 0.07004
85079 0.06899
85175 0.06884
85271 0.06793
85295 0.06797
85307 0.07039
85367 0.06698
85403 0.06831
85499 0.06757
85511 0.0683
85559 0.06711
85631 0.06811
85655 0.0674
85763 0.06883
85775 0.06867
85799 0.06674
85859 0.0666
85907 0.07126
85919 0.06764
85943 0.06855
85979 0.06575
86003 0.0714
86051 0.07147
86087 0.06912
86099 0.06815
86159 0.06727
86207 0.06893
86219 0.07053
86279 0.06672
86315 0.06876
86327 0.06837
86387 0.0716
86411 0.07157
86435 0.07084
86459 0.06896
86471 0.06931
86507 0.07141
86519 0.06672
86591 0.06985
86663 0.06799
86747 0.07101
86831 0.07019
86963 0.07066
86975 0.06931
86987 0.06691
86999 0.0692
87023 0.07047
87035 0.06979
87047 0.07014
87167 0.07067
87227 0.07159
87239 0.06954
87287 0.07085
87371 0.07
87419 0.07034
87503 0.0697
87551 0.07013
87575 0.07126
87599 0.07005
87611 0.07032
87731 0.07166
87779 0.07069
87815 0.07123
87839 0.06967
87863 0.0713
87875 0.07171
87971 0.07112
88031 0.07066
88043 0.07144
88091 0.07136
88139 0.06636
88151 0.07147
88199 0.0709
88235 0.06996
88247 0.07174
88319 0.07042
88343 0.07116
88355 0.07167
88391 0.0715
88511 0.07149
88559 0.07141
88595 0.07171
88619 0.06959
88631 0.07165
88679 0.07158
88691 0.07173
88703 0.07176
88715 0.0692
88763 0.06644
88835 0.0715
88847 0.0716
88895 0.07123
88907 0.07138
88943 0.07145
88967 0.07133
89015 0.07133
89039 0.07146
89075 0.07078
89159 0.07153
89183 0.07148
89207 0.07167
89243 0.07052
89267 0.07014
89327 0.07175
89339 0.07069
89351 0.07179
89423 0.07085
89447 0.07106
89471 0.07152
89483 0.07014
89507 0.07047
89543 0.06621
89639 0.07133
89711 0.07086
89735 0.0711
89807 0.07008
89879 0.07087
89903 0.07091
89999 0.06695
90047 0.0689
90119 0.07143
90131 0.07134
90143 0.07146
90275 0.07154
90335 0.07173
90347 0.06913
90455 0.06997
90479 0.07001
90503 0.06941
90575 0.07149
90611 0.07156
90707 0.071
90719 0.06884
90743 0.0688
90755 0.07001
90791 0.07115
90827 0.07122
90839 0.06946
90875 0.07074
90899 0.07021
90935 0.06923
90983 0.06924
91103 0.07067
91187 0.07066
91211 0.06966
91307 0.06951
91319 0.07033
91391 0.06854
91439 0.07015
91475 0.07021
91523 0.06705
91547 0.0701
91667 0.06992
91679 0.06978
91715 0.07034
91727 0.06718
91751 0.06967
91775 0.06963
91787 0.07016
91799 0.06801
91859 0.06656
91871 0.06791
91931 0.07161
91979 0.06864
92039 0.06688
92063 0.06669
92087 0.06704
92123 0.07062
92159 0.06906
92183 0.06833
92207 0.06693
92231 0.0673
92291 0.07144
92303 0.06884
92351 0.06877
92423 0.06866
92495 0.06855
92543 0.06693
92663 0.06675
92711 0.06646
92771 0.07071
92795 0.07178
92807 0.06647
92819 0.0678
92879 0.06662
92903 0.06795
92999 0.06943
93023 0.06778
93095 0.06956
93107 0.07162
93119 0.0666
93167 0.06643
93215 0.06684
93299 0.07041
93335 0.06666
93347 0.07126
93467 0.07107
93527 0.06691
93539 0.07065
93551 0.07017
93599 0.06659
93611 0.07085
93623 0.07026
93647 0.06493
93659 0.06698
93707 0.07071
93791 0.07049
93803 0.06916
93863 0.06657
93959 0.06644
94055 0.07084
94127 0.06668
94163 0.06671
94175 0.071
94223 0.06582
94271 0.06668
94319 0.07119
94355 0.06974
94475 0.06956
94487 0.06617
94499 0.06649
94571 0.07144
94619 0.06906
94631 0.06838
94643 0.06794
94715 0.06921
94739 0.07119
94751 0.06639
94763 0.06825
94799 0.07177
94835 0.07105
94955 0.0695
94967 0.06882
95015 0.07144
95075 0.07069
95147 0.07058
95159 0.0667
95195 0.07051
95207 0.06913
95315 0.06898
95387 0.06854
95399 0.07087
95459 0.07012
95519 0.06679
95555 0.06929
95567 0.06687
95591 0.06964
95639 0.06694
95675 0.07044
95735 0.06687
95759 0.06362
95771 0.07057
95807 0.06644
95867 0.06756
95903 0.07012
95927 0.07007
95951 0.0701
95975 0.06738
96011 0.07088
96083 0.07097
96119 0.06981
96143 0.0658
96203 0.07113
96227 0.06964
96287 0.06759
96383 0.06943
96395 0.06985
96407 0.06775
96455 0.07076
96503 0.07082
96575 0.06915
96599 0.06819
96611 0.07066
96683 0.06642
96695 0.07107
96719 0.06894
96743 0.06588
96767 0.07116
96815 0.07122
96839 0.0667
96899 0.07153
97019 0.07135
97067 0.07072
97079 0.06504
97199 0.06896
97247 0.06883
97295 0.06889
97319 0.06625
97403 0.06842
97439 0.06927
97475 0.07124
97643 0.07158
97667 0.06696
97679 0.06679
97691 0.07152
97703 0.06961
97751 0.0675
97811 0.07167
97835 0.0717
97895 0.06966
97955 0.07112
97991 0.07173
98003 0.06918
98027 0.07168
98039 0.07003
98051 0.06986
98075 0.07155
98087 0.0699
98135 0.07052
98147 0.07145
98159 0.07019
98183 0.07022
98195 0.07143
98243 0.07136
98279 0.07034
98303 0.07128
98339 0.06961
98363 0.07119
98423 0.06375
98447 0.07008
98471 0.07039
98531 0.07095
98591 0.07054
98603 0.07084
98615 0.07083
98687 0.07072
98699 0.07006
98723 0.07067
98735 0.07092
98747 0.07058
98759 0.06718
98783 0.07098
98819 0.07021
98831 0.07104
98855 0.07107
98879 0.0711
98903 0.07093
98951 0.07099
98975 0.06745
98987 0.06864
99035 0.07049
99047 0.07021
99107 0.07007
99167 0.07004
99179 0.07067
99203 0.06999
99227 0.06995
99263 0.06675
99275 0.06824
99287 0.07142
99311 0.07164
99323 0.07085
99383 0.07173
99395 0.06908
99407 0.07157
99443 0.071
99467 0.06798
99479 0.06808
99503 0.07169
99515 0.07109
99575 0.07178
99587 0.06945
99599 0.06824
99647 0.0684
99671 0.07145
99683 0.0713
99695 0.0693
99755 0.07139
99779 0.06887
99791 0.07128
99803 0.07145
99827 0.06969
99863 0.0714
99875 0.06842
99887 0.07137
99899 0.0687
99911 0.07111
99935 0.06866
99947 0.0689
99959 0.06869
99995 0.0699
100007 0.06587
100031 0.06821
100067 0.06878
100079 0.06663
100091 0.07178
100127 0.07103
100175 0.06839
100187 0.07014
100211 0.07161
100223 0.06636
100259 0.06915
100283 0.07026
100295 0.07057
100307 0.07029
100319 0.06631
100367 0.07069
100415 0.0704
100427 0.07044
100487 0.07052
100571 0.06986
100607 0.07035
100631 0.06952
100655 0.07006
100667 0.06947
100679 0.07003
100739 0.06725
100775 0.06913
100871 0.06982
100883 0.071
100895 0.06995
100919 0.06988
100955 0.07056
100967 0.06985
101003 0.07039
101015 0.06943
101039 0.06953
101087 0.07008
101099 0.06677
101135 0.06962
101147 0.07
101195 0.07031
101219 0.07019
101231 0.07026
101243 0.07018
101255 0.06945
101291 0.07043
101303 0.06979
101315 0.07077
101327 0.07038
101351 0.06635
101387 0.07162
101447 0.06996
101459 0.07095
101471 0.07056
101495 0.06626
101507 0.07177
101519 0.06812
101543 0.07008
101555 0.07107
101567 0.06726
101579 0.07078
101591 0.06821
101639 0.06871
101675 0.07122
101687 0.07026
101711 0.07085
101783 0.06579
101819 0.06584
101831 0.071
101855 0.06639
101903 0.06857
101915 0.07151
101951 0.07114
101975 0.06589
102095 0.07132
102119 0.06886
102131 0.07177
102143 0.07081
102167 0.07084
102179 0.07175
102227 0.06615
102239 0.07149
102263 0.06809
102287 0.07155
102311 0.07158
102335 0.07161
102371 0.07175
102383 0.06675
102443 0.07174
102455 0.07176
102467 0.07161
102491 0.07171
102527 0.07128
102575 0.06941
102623 0.0714
102671 0.07146
102695 0.07148
102731 0.07098
102743 0.06724
102767 0.06842
102779 0.07156
102827 0.07143
102863 0.06661
102887 0.07123
102899 0.07075
102959 0.06585
103031 0.06997
103103 0.07158
103127 0.0677
103151 0.06919
103163 0.07022
103175 0.07084
103199 0.07017
103211 0.0709
103223 0.06782
103235 0.07093
103247 0.07074
103283 0.0708
103295 0.07132
103343 0.06724
103355 0.07077
103379 0.07048
103403 0.07051
103415 0.07051
103427 0.06725
103463 0.07108
103475 0.07061
103487 0.06689
103523 0.07065
103547 0.06902
103559 0.0706
103571 0.07019
103607 0.07025
103667 0.07034
103679 0.07075
103727 0.06989
103739 0.07025
103751 0.07083
103775 0.07066
103799 0.06997
103835 0.06948
103847 0.07095
103859 0.0698
103871 0.0664
103895 0.0705
103907 0.07002
103943 0.06591
103955 0.06995
104015 0.07115
104027 0.06979
104039 0.07118
104051 0.06983
104063 0.07027
104075 0.06639
104135 0.07129
104159 0.0701
104171 0.07143
104195 0.06963
104219 0.07149
104267 0.06742
104303 0.07122
104339 0.07163
104351 0.06988
104375 0.07158
104387 0.06931
104411 0.06934
104423 0.06854
104447 0.06912
104483 0.07178
104519 0.07175
104531 0.07172
104555 0.06896
104567 0.07178
104591 0.06874
104603 0.07162
104615 0.07095
104627 0.06906
104663 0.06946
104675 0.06911
104687 0.07073
104747 0.0689
104807 0.07145
104855 0.07138
104867 0.06934
104927 0.07132
104951 0.07125
104963 0.06945
104975 0.06992
105047 0.07115
105059 0.071
105083 0.07097
105203 0.06824
105215 0.07166
105287 0.07144
105299 0.06949
105311 0.07177
105347 0.0687
105383 0.06852
105395 0.0696
105419 0.06843
105431 0.07161
105455 0.07162
105479 0.07159
105515 0.06974
105551 0.06679
105575 0.07178
105587 0.06863
105623 0.06821
105647 0.07032
105671 0.07133
105719 0.06775
105731 0.06916
105755 0.07039
105791 0.07152
105803 0.06924
105827 0.07011
105839 0.06789
105851 0.06994
105875 0.06991
105887 0.07139
105923 0.07058
105947 0.06906
106007 0.07123
106067 0.07075
106079 0.0705
106091 0.06963
106115 0.07045
106151 0.07146
106175 0.071
106199 0.06959
106247 0.07142
106259 0.06942
106295 0.07127
106343 0.07153
106379 0.07076
106439 0.07108
106463 0.07167
106475 0.07087
106499 0.06909
106511 0.07021
106523 0.07129
106535 0.07103
106547 0.07012
106559 0.07049
106571 0.07098
106583 0.07178
106607 0.07043
106643 0.07143
106655 0.07079
106679 0.07033
106715 0.07031
106763 0.07157
106775 0.06884
106799 0.07018
106811 0.07162
106835 0.0701
106919 0.07148
106943 0.06775
106967 0.06957
106991 0.06668
107015 0.0712
107027 0.0717
107039 0.07162
107087 0.0711
107111 0.0717
107135 0.07173
107147 0.07165
107195 0.07148
107207 0.07094
107231 0.07063
107255 0.07088
107267 0.07138
107327 0.06999
107363 0.07125
107375 0.07155
107387 0.07164
107399 0.06905
107423 0.07148
107447 0.06899
107471 0.07142
107519 0.06924
107543 0.07133
107567 0.06991
107627 0.07132
107651 0.07104
107663 0.07117
107723 0.07148
107735 0.06896
107759 0.07104
107771 0.07072
107819 0.07124
107831 0.07057
107879 0.07088
107939 0.07138
107963 0.07176
108047 0.07046
108059 0.07151
108083 0.06854
108095 0.07087
108143 0.07093
108155 0.07062
108167 0.07096
108239 0.07069
108251 0.07145
108275 0.07176
108335 0.07115
108371 0.07129
108383 0.0712
108407 0.07088
108419 0.06667
108431 0.07114
108443 0.07071
108455 0.07129
108467 0.07158
108515 0.07151
108527 0.07102
108551 0.0714
108575 0.06917
108599 0.07133
108623 0.06681
108647 0.06908
108659 0.06921
108671 0.07153
108683 0.07099
108743 0.07162
108767 0.07164
108779 0.07117
108815 0.07158
108839 0.07161
108851 0.07067
109007 0.06862
109019 0.07137
109115 0.07073
109127 0.06721
109151 0.0716
109175 0.06841
109187 0.07064
109223 0.06915
109247 0.07174
109259 0.0692
109283 0.07167
109307 0.07008
109319 0.07138
109343 0.06695
109415 0.07152
109427 0.06992
109463 0.07105
109475 0.06893
109511 0.07113
109559 0.06807
109595 0.06971
109607 0.07127
109631 0.07124
109655 0.07094
109667 0.07047
109679 0.06857
109727 0.07071
109739 0.07044
109775 0.07079
109787 0.06678
109799 0.07102
109823 0.07059
109835 0.07121
109895 0.07063
109907 0.06932
109931 0.06807
109967 0.07081
109979 0.06962
110027 0.06824
110075 0.0709
110087 0.07065
110111 0.0687
110123 0.06829
110147 0.06809
110171 0.07104
110207 0.06713
110231 0.07047
110267 0.06794
110303 0.07011
110351 0.06646
110375 0.07028
110387 0.07129
110399 0.07025
110423 0.06687
110435 0.07123
110447 0.06687
110471 0.07016
110483 0.07038
110495 0.06757
110507 0.07142
110519 0.06984
110591 0.06961
110627 0.07156
110639 0.06968
110687 0.06714
110699 0.07011
110747 0.07169
110783 0.06937
110831 0.06944
110843 0.07179
110867 0.06812
110903 0.06959
110963 0.07177
110975 0.06953
110987 0.0716
110999 0.0697
111035 0.07167
111047 0.06944
111071 0.06914
111095 0.06898
111107 0.06753
111131 0.07141
111155 0.07138
111179 0.07149
111215 0.06685
111287 0.06874
111299 0.06961
111311 0.07005
111359 0.06879
111371 0.07111
111383 0.06876
111407 0.0686
111479 0.0689
111503 0.07027
111527 0.06809
111587 0.06807
111635 0.06999
111647 0.06869
111671 0.07045
111683 0.07071
111695 0.07048
111707 0.06749
111743 0.06831
111803 0.07056
111815 0.06823
111887 0.06849
111911 0.06837
111923 0.07041
111935 0.07075
111971 0.07048
111983 0.06802
111995 0.07032
112055 0.06868
112115 0.07052
112127 0.0681
112175 0.07102
112187 0.07008
112271 0.06892
112295 0.06764
112307 0.06993
112319 0.07117
112343 0.06759
112367 0.0666
112391 0.06905
112439 0.07131
112451 0.06988
112463 0.0663
112475 0.06972
112487 0.06767
112535 0.06694
112547 0.06963
112607 0.06929
112631 0.07152
112667 0.06948
112703 0.06703
112727 0.06942
112739 0.06952
112751 0.07165
112763 0.06949
112775 0.06697
112811 0.07129
112823 0.06701
112847 0.06724
112871 0.07178
112895 0.06696
112907 0.06954
112931 0.07142
112943 0.07171
112991 0.06681
113015 0.06974
113135 0.07147
113183 0.07141
113207 0.06643
113219 0.06664
113231 0.0667
113243 0.0689
113267 0.06696
113303 0.06645
113375 0.07014
113387 0.06513
113411 0.07009
113423 0.07111
113447 0.07021
113471 0.07105
113483 0.07017
113507 0.06592
113543 0.07096
113555 0.06624
113615 0.07087
113627 0.06657
113639 0.07084
113651 0.07131
113675 0.07128
113687 0.07048
113735 0.0677
113747 0.06714
113795 0.07113
113807 0.07061
113831 0.0706
113855 0.06783
113867 0.06802
113879 0.07069
113939 0.06794
113951 0.07045
113975 0.06714
113987 0.06801
113999 0.06567
114023 0.06802
114047 0.06567
114119 0.07095
114155 0.0709
114191 0.07103
114215 0.06741
114227 0.07098
114239 0.06825
114251 0.06697
114263 0.06828
114275 0.07053
114287 0.07113
114323 0.07109
114335 0.06869
114347 0.0678
114359 0.07121
114383 0.06759
114431 0.07129
114455 0.06882
114503 0.06701
114551 0.07142
114563 0.06597
114575 0.07145
114587 0.07137
114623 0.06963
114635 0.07143
114683 0.07148
114707 0.06703
114731 0.06997
114755 0.07156
114767 0.07165
114779 0.06707
114791 0.06942
114839 0.06891
114851 0.07166
114863 0.06934
114875 0.06684
114887 0.07178
114899 0.06977
114911 0.06898
114923 0.07174
114935 0.06748
114959 0.06937
114971 0.06968
115007 0.06756
115091 0.0686
115103 0.06919
115139 0.06948
115175 0.0696
115187 0.06647
115235 0.06936
115307 0.06671
115379 0.06696
115391 0.06868
115427 0.06561
115439 0.06988
115463 0.06876
115475 0.06908
115487 0.07106
115535 0.06853
115559 0.07097
115583 0.06971
115595 0.07103
115607 0.06407
115667 0.06923
115739 0.06674
115775 0.06992
115787 0.07079
115799 0.07068
115847 0.07032
115895 0.07056
115907 0.06949
115919 0.07053
115943 0.0701
115955 0.07058
115967 0.07047
115991 0.07045
116003 0.07053
116039 0.07039
116051 0.06964
116063 0.06941
116075 0.07044
116087 0.06873
116111 0.07061
116123 0.06972
116147 0.06779
116171 0.06825
116183 0.06954
116207 0.07071
116231 0.07016
116267 0.07021
116303 0.07048
116327 0.06898
116375 0.07089
116399 0.06977
116495 0.06916
116591 0.07079
116615 0.07
116675 0.06675
116723 0.06674
116735 0.07127
116759 0.06952
116771 0.07041
116783 0.071
116795 0.06957
116807 0.07135
116831 0.07138
116843 0.07049
116879 0.07143
116939 0.06864
116951 0.07118
116963 0.07061
116975 0.07153
116999 0.07156
117011 0.06932
117047 0.07161
117095 0.06671
117107 0.0692
117179 0.06729
117215 0.07146
117263 0.07151
117287 0.0689
117311 0.07169
117347 0.06774
117359 0.07163
117383 0.07082
117407 0.07084
117419 0.06915
117455 0.07171
117467 0.07115
117527 0.06679
117551 0.07139
117575 0.07102
117587 0.06864
117611 0.06861
117623 0.07107
117635 0.06938
117647 0.07039
117683 0.06751
117707 0.0714
117719 0.07047
117743 0.06702
117791 0.07054
117827 0.06958
117863 0.07132
117875 0.0683
117887 0.07064
117923 0.06825
117935 0.07069
117947 0.07166
117971 0.0684
117983 0.07125
118007 0.07084
118031 0.07082
118067 0.07178
118079 0.07076
118103 0.0711
118139 0.06991
118175 0.07165
118187 0.06836
118199 0.07168
118271 0.06758
118295 0.07087
118319 0.0677
118331 0.07011
118367 0.07115
118391 0.06762
118415 0.07167
118427 0.07137
118439 0.0707
118451 0.07134
118487 0.07128
118499 0.06896
118523 0.0685
118535 0.07152
118547 0.07123
118607 0.06683
118631 0.0701
118655 0.07145
118667 0.06913
118703 0.06391
118727 0.07153
118763 0.07097
118775 0.07158
118823 0.07163
118847 0.07165
118871 0.07168
118883 0.06909
118895 0.0717
118919 0.06976
118943 0.06828
118955 0.07077
118979 0.06946
118991 0.07005
119003 0.0689
119015 0.06836
119051 0.07062
119063 0.06996
119111 0.07164
119123 0.06913
119171 0.071
119195 0.06969
119255 0.07066
119279 0.06971
119303 0.06968
119315 0.07115
119327 0.06929
119351 0.07135
119375 0.06874
119387 0.06941
119399 0.0692
119423 0.07046
119507 0.06927
119531 0.07006
119543 0.0694
119567 0.07109
119579 0.0685
119603 0.06634
119663 0.07098
119675 0.06992
119711 0.06909
119735 0.07089
119807 0.06583
119843 0.06726
119867 0.07039
119879 0.06901
119903 0.0699
119915 0.07177
119927 0.06931
119975 0.07061
119987 0.07025
120023 0.06885
120071 0.06946
120083 0.07013
120131 0.07039
120143 0.07041
120155 0.07068
120179 0.07151
120191 0.06866
120203 0.07015
120227 0.07145
120263 0.06948
120287 0.07024
120335 0.06973
120347 0.07062
120359 0.06937
120395 0.07125
120407 0.06981
120419 0.07122
120467 0.06897
120479 0.06797
120599 0.06677
120635 0.07092
120683 0.06516
120695 0.06977
120707 0.07126
120719 0.06903
120743 0.07016
120791 0.0691
120815 0.06885
120827 0.07138
120839 0.06915
120875 0.07085
120887 0.06955
120935 0.06925
120959 0.06928
120971 0.07094
120983 0.06866
121055 0.07048
121079 0.06831
121103 0.06658
121127 0.07055
121163 0.07098
121187 0.07175
121211 0.0713
121223 0.07065
121295 0.07072
121307 0.07161
121319 0.06828
121355 0.07165
121391 0.06863
121427 0.07041
121463 0.06889
121475 0.07178
121511 0.07095
121535 0.07097
121583 0.06709
121595 0.07158
121643 0.06912
121655 0.06597
121667 0.0715
121679 0.06893
121691 0.07152
121703 0.07114
121715 0.07153
121775 0.07122
121799 0.07113
121835 0.07163
121847 0.07129
121859 0.07173
121871 0.07131
121907 0.0713
121943 0.06758
121979 0.07158
121991 0.06909
122003 0.07156
122015 0.07142
122063 0.07149
122075 0.07165
122087 0.06919
122111 0.07156
122123 0.0716
122171 0.07136
122183 0.06808
122255 0.0717
122351 0.0707
122375 0.07073
122411 0.07168
122435 0.07166
122483 0.06672
122507 0.07151
122531 0.07028
122543 0.06981
122555 0.07152
122567 0.07153
122591 0.0715
122615 0.07097
122627 0.07164
122675 0.07138
122687 0.07139
122699 0.0686
122711 0.06998
122723 0.0706
122747 0.07057
122783 0.07005
122807 0.07117
122831 0.06835
122843 0.07118
122879 0.07015
122927 0.07129
122951 0.07131
122975 0.06687
122987 0.07006
123023 0.071
123035 0.07096
123047 0.07098
123095 0.07146
123107 0.07016
123119 0.07039
123131 0.07064
123287 0.06684
123335 0.07045
123347 0.07085
123359 0.07172
123467 0.07098
123515 0.07095
123539 0.07038
123563 0.07035
123575 0.07163
123587 0.0711
123623 0.06809
123647 0.07077
123659 0.06749
123743 0.07018
123755 0.07127
123779 0.07064
123839 0.0683
123875 0.06876
123899 0.07051
123935 0.07106
123947 0.07146
123959 0.06949
123971 0.07148
124031 0.07131
124055 0.07133
124079 0.07136
124091 0.0716
124127 0.07125
124151 0.07128
124175 0.06864
124187 0.06894
124259 0.0669
124271 0.0714
124283 0.07179
124307 0.07177
124319 0.0716
124331 0.06969
124379 0.06943
124391 0.07167
124403 0.0687
124415 0.07169
124451 0.0716
124463 0.07159
124511 0.07055
124547 0.06884
124559 0.07174
124571 0.06881
124583 0.07172
124607 0.07044
124655 0.07178
124667 0.07135
124691 0.06961
124727 0.06908
124751 0.07152
124763 0.07012
124775 0.07167
124787 0.06857
124811 0.06895
124871 0.0704
124967 0.07004
125015 0.07122
125027 0.06924
125039 0.06465
125051 0.07091
125087 0.07132
125111 0.07111
125123 0.06792
125135 0.07067
125147 0.06911
125159 0.07106
125171 0.06908
125195 0.07075
125255 0.06972
125267 0.06805
125279 0.06605
125327 0.06964
125351 0.06982
125495 0.07068
125519 0.07105
125531 0.07037
125543 0.0708
125567 0.0711
125579 0.06811
125615 0.06917
125663 0.06639
125747 0.06845
125783 0.07053
125795 0.07008
125831 0.07136
125843 0.07002
125879 0.07034
125891 0.06997
125903 0.0704
125951 0.07017
125975 0.0715
125987 0.06986
125999 0.07011
126035 0.06986
126083 0.067
126119 0.07164
126155 0.06801
126167 0.0701
126179 0.07001
126191 0.06677
126203 0.07155
126251 0.0679
126263 0.06669
126299 0.07164
126335 0.07079
126383 0.06728
126407 0.07015
126419 0.06772
126431 0.07088
126455 0.07159
126479 0.07093
126503 0.07005
126527 0.07151
126575 0.07145
126587 0.06754
126599 0.06945
126647 0.07137
126671 0.07041
126707 0.06907
126755 0.06887
126767 0.07124
126779 0.0706
126791 0.07124
126815 0.07126
126863 0.0704
126887 0.06931
126899 0.07129
126911 0.07107
126935 0.06669
126947 0.06881
126959 0.0714
126983 0.06903
126995 0.07118
127007 0.06781
127067 0.06631
127091 0.0709
127127 0.07086
127151 0.07159
127175 0.06644
127187 0.0693
127199 0.06605
127223 0.07166
127259 0.07107
127307 0.06685
127319 0.07176
127367 0.0711
127391 0.07112
127427 0.06688
127451 0.07125
127499 0.07062
127535 0.0716
127547 0.06965
127559 0.07128
127595 0.07139
127655 0.07146
127667 0.06804
127715 0.07151
127775 0.07133
127823 0.0683
127847 0.07136
127871 0.07159
127919 0.07117
127943 0.07114
127967 0.07148
127991 0.0717
128027 0.06646
128039 0.06983
128075 0.07172
128087 0.07179
128135 0.07093
128183 0.07169
128207 0.07171
128219 0.07156
128243 0.07153
128255 0.0716
128267 0.07035
128315 0.06774
128363 0.0714
128375 0.0717
128423 0.06763
128435 0.07132
128495 0.07157
128507 0.06793
128543 0.07048
128555 0.06947
128567 0.07149
128627 0.06703
128639 0.07118
128651 0.07072
128687 0.06738
128699 0.06729
128723 0.06929
128759 0.06905
128771 0.07094
128783 0.07022
128867 0.07093
128915 0.07079
128927 0.06887
128963 0.07073
128975 0.07103
129035 0.07109
129047 0.07095
129059 0.07112
129071 0.07093
129107 0.06778
129167 0.07059
129203 0.07047
129215 0.07077
129239 0.07052
129251 0.0713
129275 0.07039
129311 0.07067
129323 0.06864
129359 0.06781
129383 0.06957
129395 0.07144
129407 0.07056
129431 0.07031
129455 0.06921
129467 0.06886
129479 0.07026
129503 0.07046
129551 0.0693
129575 0.07038
129599 0.07013
129611 0.07003
129623 0.06625
129683 0.06995
129731 0.07176
129743 0.0702
129767 0.06994
129791 0.06924
129815 0.07012
129827 0.07172
129839 0.06987
129863 0.07007
129875 0.06843
129899 0.07165
129911 0.06936
129947 0.07159
129983 0.06972
130007 0.06974
130055 0.0692
130067 0.06943
130103 0.06983
130115 0.06866
130175 0.0699
130187 0.07133
130247 0.06968
130271 0.06963
130283 0.06964
130295 0.07002
130355 0.06971
130391 0.06953
130403 0.06918
130427 0.07107
130451 0.06913
130463 0.06959
130487 0.0694
130511 0.07022
130583 0.06971
130607 0.07032
130667 0.06755
130679 0.07009
130715 0.07075
130727 0.06797
130751 0.07016
130763 0.06928
130775 0.07048
130799 0.06996
130823 0.06994
130835 0.06944
130847 0.07054
130883 0.07021
130895 0.07059
130919 0.07032
130931 0.06862
130943 0.07064
130967 0.07012
130979 0.06905
131003 0.06721
131039 0.07043
131075 0.0704
131087 0.07048
131099 0.0696
131123 0.07044
131147 0.06974
131159 0.07055
131195 0.07051
131207 0.07089
131279 0.07066
131291 0.0706
131327 0.071
131387 0.07069
131399 0.07053
131423 0.07051
131459 0.06994
131471 0.07084
131495 0.07116
131555 0.07085
131567 0.07069
131615 0.07127
131663 0.07132
131675 0.07096
131699 0.07016
131723 0.07101
131747 0.07031
131795 0.07108
131819 0.06984
131831 0.07148
131843 0.07112
131867 0.07042
131903 0.07096
131915 0.07119
131951 0.07101
131975 0.07161
131987 0.06546
132011 0.07128
132023 0.07107
132095 0.07119
132107 0.07012
132131 0.07057
132143 0.0708
132167 0.07179
132191 0.07177
132215 0.07155
132227 0.06629
132239 0.07133
132251 0.07151
132311 0.07164
132323 0.07075
132335 0.07166
132359 0.07139
132455 0.07153
132467 0.07171
132479 0.07179
132503 0.07143
132551 0.07162
132563 0.07179
132575 0.07159
132587 0.0687
132599 0.07166
132635 0.07061
132659 0.07107
132671 0.07168
132683 0.07166
132731 0.07123
132755 0.07116
132767 0.07176
132779 0.07118
132791 0.07179
132815 0.07143
132827 0.0715
132839 0.07141
132875 0.07145
132923 0.07141
132935 0.07164
132959 0.07156
132983 0.07159
132995 0.07095
133031 0.07153
133043 0.07152
133055 0.07145
133079 0.07148
133115 0.0692
133127 0.07172
133139 0.07108
133151 0.07141
133163 0.07114
133175 0.07177
133223 0.07177
133247 0.07125
133307 0.07124
133331 0.07179
133343 0.07164
133427 0.07086
133475 0.07081
133487 0.07099
133535 0.07144
133547 0.07147
133607 0.07068
133643 0.07157
133667 0.07158
133679 0.07167
133703 0.07165
133715 0.07138
133751 0.07125
133775 0.07118
133787 0.07169
133799 0.07129
133823 0.07152
133871 0.07147
133907 0.0706
133931 0.07115
133943 0.07139
133955 0.0674
133991 0.07147
134003 0.07025
134015 0.07106
134027 0.07166
134063 0.07154
134111 0.07039
134135 0.07036
134147 0.07083
134159 0.07116
134183 0.07165
134231 0.07169
134255 0.07172
134375 0.07093
134423 0.07006
134447 0.07146
134495 0.0708
134531 0.07112
134543 0.07158
134579 0.07123
134615 0.07162
134627 0.07127
134663 0.07063
134711 0.07058
134723 0.0707
134747 0.07029
134759 0.07175
134819 0.07082
134831 0.07127
134855 0.07125
134879 0.07122
134891 0.07014
134903 0.07038
134927 0.06889
134975 0.06992
135071 0.07151
135095 0.07149
135143 0.07094
135167 0.06906
135203 0.06708
135239 0.07134
135263 0.07082
135287 0.07128
135299 0.07032
135323 0.07125
135359 0.07121
135383 0.06907
135407 0.07116
135419 0.07156
135491 0.07037
135503 0.07057
135527 0.06939
135575 0.07098
135587 0.07149
135659 0.0713
135683 0.06944
135695 0.06956
135707 0.0693
135791 0.07076
135815 0.07073
135827 0.06644
135839 0.06968
135863 0.07019
135923 0.07179
135935 0.07012
135959 0.07021
135983 0.06889
136007 0.06983
136079 0.07046
136115 0.07094
136127 0.068
136151 0.07039
136175 0.06999
136187 0.06562
136211 0.07073
136271 0.07026
136307 0.07139
136367 0.07016
136391 0.0706
136427 0.06857
136439 0.07065
136475 0.07127
136571 0.07035
136583 0.07078
136595 0.07108
136619 0.0714
136643 0.06988
136667 0.07101
136679 0.06947
136703 0.07089
136847 0.0706
136895 0.06962
136919 0.07109
136967 0.07071
137003 0.07066
137015 0.07075
137063 0.07122
137075 0.07177
137111 0.07126
137159 0.0713
137195 0.07165
137207 0.0693
137231 0.06689
137315 0.07152
137327 0.07104
137351 0.07106
137375 0.0715
137471 0.07019
137495 0.07161
137531 0.0713
137543 0.07026
137591 0.07127
137603 0.07075
137615 0.07172
137663 0.07176
137675 0.07115
137711 0.07179
137735 0.07176
137747 0.06813
137783 0.07047
137819 0.071
137843 0.0698
137855 0.07151
137903 0.06906
137939 0.07088
137975 0.07151
137987 0.0711
138011 0.06974
138023 0.06801
138035 0.06976
138047 0.07169
138095 0.07173
138119 0.07136
138167 0.06722
138227 0.07131
138263 0.06939
138275 0.06997
138335 0.07162
138359 0.07099
138383 0.07101
138443 0.06659
138467 0.07153
138503 0.06658
138515 0.06913
138527 0.06601
138575 0.06967
138623 0.07084
138635 0.0703
138659 0.06825
138707 0.07036
138719 0.07132
138767 0.07118
138779 0.07002
138791 0.07138
138827 0.07047
138839 0.07142
138851 0.07049
138911 0.07038
138935 0.07053
138947 0.0716
139019 0.06832
139031 0.07049
139055 0.0704
139103 0.06603
139151 0.07078
139163 0.07138
139175 0.07172
139211 0.07081
139247 0.07027
139259 0.07076
139295 0.07073
139307 0.06953
139319 0.06825
139331 0.07092
139355 0.06957
139403 0.06825
139427 0.07111
139451 0.07103
139463 0.06631
139523 0.06928
139535 0.07094
139583 0.07057
139655 0.07138
139679 0.06857
139751 0.07113
139763 0.07131
139775 0.07126
139799 0.07124
139859 0.06907
139895 0.06697
139919 0.07128
140003 0.07015
140015 0.06991
140027 0.06764
140039 0.06989
140087 0.06898
140195 0.07169
140219 0.06543
140267 0.07175
140291 0.07177
140303 0.07072
140375 0.07169
140399 0.06953
140447 0.07134
140471 0.06946
140507 0.06965
140519 0.07051
140531 0.06829
140543 0.07048
140567 0.07145
140675 0.06986
140687 0.06947
140711 0.06954
140735 0.06951
140783 0.06869
140807 0.06592
140843 0.07136
140855 0.0717
140879 0.0714
140927 0.06745
140951 0.07008
140963 0.06957
140975 0.07005
140999 0.06894
141047 0.06983
141083 0.07112
141191 0.06984
141203 0.071
141227 0.06931
141275 0.07128
141287 0.07
141299 0.06807
141323 0.07077
141335 0.07141
141347 0.06919
141431 0.06806
141455 0.07129
141467 0.07063
141491 0.07147
141503 0.06953
141563 0.0673
141575 0.0703
141599 0.07028
141635 0.06891
141647 0.07036
141659 0.06839
141695 0.07105
141791 0.06822
141815 0.06824
141839 0.06813
141875 0.07178
141887 0.0683
141947 0.07015
141983 0.07076
142043 0.07161
142103 0.06634
142127 0.07015
142163 0.07149
142187 0.07147
142199 0.0708
142247 0.0705
142259 0.07119
142283 0.06894
142295 0.07045
142307 0.06826
142343 0.07041
142367 0.07038
142379 0.0713
142415 0.07104
142439 0.07101
142475 0.06844
142487 0.07026
142511 0.07024
142523 0.06806
142535 0.07114
142595 0.06921
142631 0.06869
142655 0.0701
142667 0.07155
142679 0.06676
142691 0.07157
142715 0.07094
142775 0.07135
142883 0.06934
142919 0.06938
142931 0.07073
142943 0.06982
142967 0.06979
143027 0.0691
143075 0.07167
143147 0.06898
143195 0.07155
143207 0.06956
143219 0.07153
143231 0.07175
143279 0.06728
143303 0.06947
143327 0.07175
143399 0.07173
143411 0.07133
143423 0.07166
143447 0.07169
143459 0.06996
143471 0.07166
143507 0.07016
143591 0.07154
143603 0.07009
143627 0.07112
143639 0.06983
143663 0.0677
143675 0.07107
143723 0.06995
143735 0.07135
143747 0.06993
143759 0.07138
143771 0.07023
143783 0.0713
143867 0.07088
143891 0.07086
143903 0.06979
143915 0.07036
143927 0.07008
143939 0.0656
143951 0.06839
143963 0.06974
143975 0.06863
143987 0.06818
144047 0.07109
144059 0.07069
144083 0.06683
144095 0.06851
144107 0.07065
144119 0.06849
144143 0.07
144155 0.06802
144227 0.07053
144239 0.0709
144251 0.07051
144263 0.07083
144287 0.07085
144347 0.07041
144359 0.0687
144431 0.07071
144443 0.07081
144455 0.07069
144467 0.0703
144491 0.07085
144527 0.07062
144551 0.07062
144575 0.07064
144587 0.06912
144623 0.07047
144647 0.0707
144683 0.06752
144695 0.07048
144707 0.069
144743 0.07052
144803 0.07112
144815 0.07085
144827 0.06739
144875 0.07052
144911 0.07025
144923 0.07056
144935 0.07068
144959 0.07097
145055 0.07105
145079 0.06845
145103 0.07083
145127 0.06773
145151 0.07087
145175 0.06901
145187 0.06674
145199 0.07091
145211 0.07081
145235 0.07149
145247 0.07122
145319 0.06985
145331 0.07157
145343 0.06894
145367 0.06983
145379 0.06942
145403 0.06834
145415 0.07136
145439 0.07138
145475 0.0717
145499 0.07172
145535 0.0712
145559 0.07122
145571 0.07178
145583 0.07124
145607 0.07152
145619 0.07116
145631 0.07154
145667 0.06666
145715 0.07124
145727 0.07163
145751 0.07165
145763 0.06663
145787 0.06903
145847 0.07173
145859 0.07137
145883 0.07139
145907 0.06891
145919 0.07004
146003 0.07139
146015 0.07012
146027 0.06776
146039 0.07163
146075 0.0668
146087 0.07044
146135 0.07159
146147 0.06653
146183 0.07031
146195 0.06864
146207 0.07055
146243 0.06758
146303 0.07173
146327 0.07065
146339 0.07177
146363 0.07179
146375 0.07047
146387 0.06846
146411 0.06772
146471 0.07126
146483 0.06778
146495 0.07079
146507 0.06606
146531 0.06833
146567 0.07085
146579 0.07083
146591 0.07145
146663 0.07138
146675 0.07149
146687 0.07074
146747 0.06813
146771 0.07064
146795 0.07137
146831 0.07091
146855 0.07083
146879 0.07117
146903 0.07114
146927 0.07116
146939 0.07178
146951 0.07118
146963 0.07121
146975 0.0712
147023 0.07059
147035 0.07114
147059 0.06827
147071 0.07106
147095 0.07108
147131 0.07105
147143 0.07091
147155 0.07157
147167 0.07059
147203 0.07152
147239 0.07148
147275 0.07016
147287 0.07146
147359 0.07078
147371 0.07135
147383 0.07132
147395 0.07079
147431 0.07132
147443 0.0686
147455 0.07139
147467 0.06644
147479 0.07136
147491 0.07124
147515 0.06785
147539 0.07119
147575 0.0717
147599 0.0706
147611 0.07112
147659 0.07108
147683 0.06977
147695 0.07159
147731 0.07101
147755 0.0697
147767 0.07165
147791 0.07169
147815 0.07167
147839 0.07024
147887 0.07171
147899 0.07031
147911 0.07177
147923 0.06955
147947 0.06822
147959 0.07177
147971 0.07024
147983 0.0715
148007 0.07148
148019 0.0702
148031 0.07171
148067 0.06773
148103 0.07164
148115 0.07011
148127 0.07166
148163 0.06932
148175 0.07156
148211 0.07055
148223 0.07152
148235 0.06927
148259 0.06923
148271 0.07164
148283 0.06995
148295 0.07144
148307 0.06688
148319 0.07159
148379 0.07039
148391 0.07165
148427 0.06862
148463 0.07179
148475 0.0703
148487 0.0716
148511 0.07175
148523 0.06972
148535 0.07138
148559 0.07021
148571 0.06968
148595 0.06957
148607 0.07165
148619 0.06963
148631 0.07146
148655 0.0717
148679 0.06538
148703 0.07106
148715 0.07007
148739 0.06716
148751 0.07151
148775 0.07104
148787 0.06892
148799 0.07157
148823 0.0707
148847 0.07092
148871 0.07166
148895 0.07063
148919 0.07145
148967 0.07086
149003 0.06991
149039 0.07134
149051 0.06914
149063 0.07146
149075 0.06997
149135 0.07169
149147 0.0665
149171 0.06865
149195 0.06962
149207 0.07162
149231 0.07115
149243 0.07011
149267 0.06894
149291 0.06953
149303 0.07123
149327 0.07096
149339 0.06896
149363 0.06894
149375 0.07116
149435 0.06887
149447 0.07139
149471 0.07107
149483 0.07031
149495 0.0708
149555 0.06876
149615 0.07123
149663 0.07089
149675 0.07047
149687 0.06988
149699 0.06968
149723 0.06911
149783 0.06843
149819 0.06806
149831 0.07049
149855 0.071
149879 0.07054
149891 0.06946
149927 0.07023
149951 0.07062
149975 0.07035
149999 0.06836
150023 0.0704
150047 0.07028
150071 0.06982
150095 0.07078
150119 0.06978
150155 0.06968
150167 0.07043
150179 0.07089
150191 0.07015
150215 0.0698
150227 0.07012
150251 0.07095
150263 0.07008
150275 0.06957
150311 0.07057
150335 0.07011
150347 0.06984
150371 0.07024
150419 0.06849
150443 0.06992
150467 0.06973
150479 0.06792
150539 0.06929
150563 0.07121
150575 0.07077
150599 0.0703
150635 0.07127
150671 0.0698
150719 0.07019
150731 0.07016
150755 0.07056
150803 0.0714
150815 0.07097
150839 0.06905
150851 0.07144
150863 0.07101
150875 0.06634
150887 0.07103
150911 0.07105
150923 0.07032
150947 0.07072
150971 0.07036
150995 0.07038
151031 0.07115
151043 0.07021
151067 0.07082
151079 0.06986
151103 0.07121
151127 0.07055
151139 0.07168
151151 0.07125
151175 0.06673
151187 0.07033
151199 0.07061
151211 0.06921
151235 0.07096
151259 0.07098
151271 0.07067
151283 0.07179
151331 0.07065
151367 0.06959
151403 0.0705
151415 0.07079
151427 0.07052
151439 0.07081
151463 0.06982
151475 0.07077
151487 0.07085
151511 0.06986
151547 0.06771
151559 0.06942
151583 0.06911
151655 0.06972
151691 0.07074
151715 0.07026
151727 0.06926
151739 0.07137
151751 0.07174
151763 0.07134
151775 0.07108
151811 0.07143
151823 0.07179
151895 0.07172
151919 0.0712
151931 0.07118
151943 0.06878
151979 0.07113
152051 0.07162
152099 0.07166
152171 0.07134
152195 0.06902
152207 0.07144
152243 0.0714
152255 0.07148
152279 0.07149
152315 0.07146
152327 0.06944
152339 0.0708
152351 0.07055
152375 0.07127
152387 0.07167
152399 0.07159
152435 0.07163
152447 0.06954
152471 0.07165
152483 0.06984
152495 0.07116
152507 0.07162
152543 0.07112
152555 0.07145
152579 0.07149
152615 0.07177
152627 0.07151
152651 0.07174
152663 0.071
152675 0.07104
152687 0.06974
152699 0.07138
152711 0.07096
152735 0.06978
152771 0.07162
152807 0.07092
152831 0.07094
152855 0.07096
152891 0.06644
152903 0.07078
152915 0.07174
152927 0.07153
152951 0.07078
152963 0.07157
152975 0.07149
152987 0.06409
152999 0.07082
153011 0.07153
153023 0.07067
153035 0.07175
153047 0.07142
153119 0.07092
153143 0.07119
153203 0.07159
153227 0.07089
153239 0.07124
153275 0.07128
153299 0.0705
153311 0.06884
153323 0.07157
153335 0.07135
153347 0.07084
153395 0.07141
153419 0.07165
153431 0.07034
153455 0.07144
153527 0.06713
153539 0.07174
153551 0.07152
153575 0.06943
153587 0.07056
153599 0.07131
153647 0.07135
153659 0.07174
153671 0.07162
153683 0.07172
153695 0.07139
153707 0.07088
153731 0.07168
153755 0.07117
153767 0.07145
153779 0.07131
153827 0.07101
153863 0.07177
153899 0.07141
153935 0.07158
153971 0.07134
153983 0.07171
153995 0.07085
154007 0.07164
154019 0.0715
154031 0.0698
154055 0.06981
154103 0.06619
154115 0.07146
154139 0.07119
154151 0.06952
154163 0.0715
154175 0.07094
154187 0.06657
154199 0.06993
154223 0.06958
154235 0.07063
154283 0.07159
154331 0.07134
154367 0.07007
154379 0.07108
154391 0.07162
154403 0.07003
154415 0.07131
154427 0.07084
154451 0.07144
154463 0.06936
154475 0.07171
154499 0.06973
154535 0.07148
154547 0.07178
154559 0.07146
154583 0.06987
154595 0.07174
154607 0.07129
154631 0.06996
154679 0.07032
154703 0.06914
154715 0.07165
154751 0.06915
154775 0.0704
154811 0.07173
154835 0.07066
154847 0.07091
154859 0.07176
154895 0.07049
154907 0.06936
154919 0.07154
154955 0.07141
154967 0.07158
154979 0.07172
155015 0.07162
155039 0.07164
155063 0.07026
155075 0.07115
155123 0.07159
155135 0.07172
155147 0.07142
155159 0.07091
155183 0.0658
155243 0.071
155267 0.07112
155279 0.07175
155339 0.0702
155363 0.07089
155375 0.06867
155411 0.07013
155459 0.07167
155471 0.07157
155483 0.07125
155495 0.0706
155507 0.07092
155519 0.07099
155531 0.07003
155543 0.07028
155555 0.07096
155567 0.07103
155651 0.07177
155675 0.07108
155687 0.07076
155711 0.06894
155759 0.07131
155771 0.07166
155819 0.07161
155843 0.07059
155855 0.07089
155867 0.06893
155879 0.07128
155927 0.07009
155951 0.07097
155963 0.07082
155987 0.07046
155999 0.06788
156047 0.07105
156179 0.06824
156191 0.07153
156215 0.06995
156239 0.07157
156251 0.06882
156263 0.06963
156275 0.07153
156287 0.07124
156299 0.07117
156311 0.07081
156383 0.06948
156395 0.07163
156407 0.07133
156455 0.07137
156479 0.07176
156503 0.06958
156515 0.07173
156527 0.07061
156551 0.06965
156563 0.07027
156575 0.07175
156587 0.06853
156599 0.07063
156611 0.07179
156647 0.07168
156731 0.07168
156743 0.06848
156755 0.07166
156767 0.07157
156791 0.07164
156803 0.07161
156815 0.07035
156827 0.06971
156851 0.07067
156875 0.07065
156911 0.07173
156947 0.07148
156959 0.07091
156995 0.07054
157043 0.0671
157055 0.06837
157067 0.07048
157079 0.07101
157115 0.06807
157139 0.06976
157151 0.07106
157175 0.07011
157187 0.06897
157199 0.07118
157235 0.07122
157295 0.07118
157319 0.07107
157331 0.07113
157343 0.07147
157355 0.07111
157379 0.06908
157403 0.06953
157415 0.07141
157439 0.07129
157451 0.07102
157463 0.0668
157475 0.07011
157487 0.07134
157499 0.07009
157511 0.07132
157535 0.0713
157583 0.06914
157595 0.06929
157607 0.07142
157619 0.06947
157631 0.07144
157643 0.06899
157691 0.06895
157703 0.07115
157727 0.07055
157763 0.06959
157775 0.07066
157811 0.0707
157847 0.07161
157871 0.07066
157895 0.07055
157919 0.07167
157943 0.07072
157955 0.07057
157967 0.07091
157979 0.06902
158027 0.06866
158039 0.07177
158063 0.07081
158075 0.06983
158087 0.0676
158099 0.06846
158111 0.07176
158123 0.06987
158147 0.06952
158159 0.07032
158183 0.07091
158195 0.07036
158207 0.07168
158219 0.06979
158255 0.06968
158267 0.07029
158327 0.06783
158339 0.06988
158375 0.07055
158387 0.06693
158399 0.06895
158423 0.07109
158447 0.07048
158471 0.07144
158483 0.06858
158531 0.07019
158543 0.0699
158555 0.07005
158579 0.07023
158603 0.07025
158627 0.07011
158651 0.07029
158675 0.07015
158687 0.0713
158711 0.07132
158723 0.06806
158735 0.06981
158783 0.07138
158795 0.0704
158819 0.06893
158831 0.07014
158891 0.07032
158903 0.06733
158915 0.06972
158975 0.07024
158987 0.06966
158999 0.0699
159011 0.07057
159035 0.06962
159095 0.07088
159131 0.06953
159155 0.07068
159215 0.07171
159239 0.06937
159251 0.0706
159275 0.07078
159299 0.07079
159323 0.06936
159335 0.07067
159359 0.07064
159371 0.07085
159395 0.07071
159443 0.06683
159467 0.07077
159479 0.07064
159515 0.07096
159527 0.07161
159551 0.07069
159575 0.07035
159587 0.06914
159599 0.07043
159611 0.07088
159659 0.07108
159695 0.0708
159731 0.07097
159743 0.06682
159755 0.07099
159767 0.0705
159803 0.07119
159827 0.06893
159875 0.07108
159887 0.07128
159923 0.06937
159947 0.06939
159959 0.07101
159983 0.07103
159995 0.06792
160043 0.07137
160055 0.07114
160067 0.06786
160103 0.06633
160115 0.07143
160151 0.06921
160175 0.07103
160187 0.07133
160211 0.07134
160223 0.07121
160235 0.06961
160247 0.07096
160331 0.06969
160379 0.06831
160391 0.07084
160427 0.06976
160451 0.07169
160463 0.06618
160475 0.07171
160487 0.07106
160535 0.07071
160547 0.07161
160571 0.07162
160631 0.07153
160643 0.07174
160655 0.07155
160667 0.06995
160679 0.07157
160691 0.07172
160703 0.07159
160763 0.07164
160775 0.07164
160787 0.07004
160799 0.07166
160835 0.07157
160847 0.07134
160859 0.07173
160871 0.07136
160895 0.07138
160931 0.07167
160991 0.07145
161003 0.06645
161027 0.07159
161063 0.07171
161099 0.06887
161111 0.07167
161135 0.07018
161171 0.07127
161195 0.07036
161207 0.07012
161219 0.07141
161231 0.07164
161279 0.07167
161291 0.06902
161315 0.07133
161327 0.07171
161351 0.07146
161375 0.07175
161423 0.06993
161435 0.07104
161447 0.07022
161519 0.07172
161555 0.07094
161651 0.07103
161663 0.07118
161675 0.07083
161687 0.06971
161699 0.06851
161711 0.07114
161723 0.07079
161759 0.06722
161867 0.0664
161915 0.07091
161927 0.07136
161939 0.06715
161951 0.07134
161963 0.07058
161975 0.07091
161987 0.07097
162035 0.07101
162047 0.0694
162071 0.07124
162083 0.07104
162095 0.06958
162131 0.07108
162155 0.06887
162167 0.06963
162179 0.06888
162191 0.07113
162239 0.07083
162275 0.07119
162347 0.06851
162371 0.07126
162431 0.06907
162443 0.06673
162467 0.07032
162479 0.07101
162491 0.07012
162503 0.06989
162551 0.07041
162575 0.07108
162599 0.0656
162635 0.07147
162647 0.07
162659 0.07007
162707 0.07152
162719 0.07026
162743 0.0688
162755 0.06836
162803 0.06643
162827 0.07161
162863 0.07014
162875 0.07165
162887 0.07132
162899 0.07025
162911 0.07134
162959 0.07006
162983 0.07026
162995 0.07033
163043 0.07178
163091 0.06908
163103 0.0685
163115 0.07175
163139 0.07044
163163 0.07171
163175 0.07041
163187 0.07047
163271 0.07048
163283 0.06973
163295 0.07017
163319 0.07165
163343 0.06973
163355 0.06978
163379 0.06954
163391 0.06969
163415 0.07007
163439 0.07005
163463 0.06962
163475 0.06937
163511 0.06999
163523 0.0714
163547 0.07075
163607 0.07074
163619 0.06916
163631 0.07169
163655 0.07166
163667 0.07127
163691 0.07125
163703 0.068
163727 0.0716
163739 0.07089
163751 0.06796
163763 0.06959
163775 0.07086
163787 0.07117
163799 0.06934
163823 0.06932
163835 0.07112
163907 0.07102
163931 0.07104
163955 0.07024
163967 0.06888
164027 0.07111
164063 0.07108
164075 0.07033
164087 0.07129
164111 0.06766
164123 0.07087
164135 0.07125
164159 0.06657
164207 0.06906
164243 0.07046
164255 0.07114
164303 0.06914
164315 0.07133
164327 0.07128
164339 0.06957
164375 0.07104
164399 0.07102
164459 0.06908
164483 0.07064
164495 0.07093
164507 0.07148
164519 0.07091
164579 0.06749
164591 0.07148
164603 0.06977
164615 0.0688
164639 0.07081
164651 0.07159
164675 0.06982
164699 0.07162
164711 0.06897
164735 0.07159
164747 0.07166
164783 0.07163
164795 0.07169
164807 0.06952
164819 0.0709
164867 0.06985
164879 0.06843
164891 0.07095
164939 0.06585
164951 0.07175
165011 0.07104
165023 0.07178
165035 0.0717
165071 0.07174
165095 0.07172
165107 0.07061
165119 0.06863
165131 0.07162
165155 0.0716
165167 0.07166
165191 0.07163
165215 0.07161
165239 0.06657
165251 0.07122
165275 0.06997
165299 0.07147
165335 0.07151
165359 0.0702
165371 0.07081
165395 0.07036
165407 0.07015
165419 0.07135
165467 0.07088
165491 0.0714
165503 0.06792
165515 0.07092
165539 0.07144
165563 0.07146
165575 0.06838
165599 0.06823
165623 0.06956
165635 0.07151
165647 0.07015
165695 0.0712
165743 0.07116
165767 0.06674
165791 0.07112
165815 0.06981
165827 0.07057
165839 0.06764
165863 0.07031
165875 0.07119
165899 0.07074
165911 0.07035
165935 0.06865
165959 0.06709
165971 0.07126
166007 0.07042
166067 0.07081
166079 0.06959
166091 0.07089
166103 0.07085
166127 0.0688
166139 0.07169
166163 0.07167
166175 0.06951
166199 0.06645
166211 0.07163
166223 0.07001
166295 0.06734
166307 0.07093
166343 0.07067
166355 0.07097
166367 0.07063
166379 0.07053
166391 0.07071
166415 0.07073
166427 0.07083
166439 0.06929
166451 0.07162
166463 0.07019
166475 0.07164
166499 0.07062
166511 0.0708
166535 0.07082
166547 0.07041
166559 0.06919
166583 0.07085
166595 0.07096
166727 0.06924
166751 0.0704
166763 0.07139
166775 0.07042
166787 0.06863
166835 0.07167
166859 0.07146
166883 0.07163
166895 0.07051
166907 0.06925
166991 0.07116
167003 0.07126
167027 0.07
167075 0.06937
167147 0.0714
167171 0.07169
167195 0.0716
167207 0.06693
167219 0.07115
167231 0.06962
167243 0.07163
167255 0.06988
167279 0.06662
167291 0.07128
167303 0.06672
167315 0.07149
167327 0.06855
167351 0.07085
167375 0.07144
167399 0.06639
167411 0.07171
167447 0.06972
167459 0.07167
167495 0.06982
167507 0.07176
167519 0.0668
167531 0.07174
167555 0.07105
167579 0.07156
167591 0.06989
167603 0.07171
167615 0.06991
167639 0.06593
167675 0.06982
167723 0.07157
167783 0.07117
167795 0.07158
167807 0.06942
167819 0.0716
167831 0.07178
167855 0.06812
167903 0.07175
167915 0.07141
167927 0.06806
167939 0.07169
167963 0.07159
167975 0.06859
168011 0.07174
168035 0.07153
168059 0.06819
168107 0.07147
168119 0.06791
168155 0.07055
168167 0.07153
168191 0.0715
168215 0.06754
168239 0.06879
168251 0.07099
168275 0.07163
168287 0.06737
168299 0.07161
168311 0.06655
168335 0.06672
168359 0.06888
168371 0.06805
168383 0.07162
168407 0.06768
168419 0.06701
168431 0.07165
168455 0.07167
168479 0.06897
168551 0.07174
168563 0.07139
168575 0.07118
168587 0.07084
168611 0.07135
168623 0.06907
168647 0.06873
168659 0.06865
168671 0.06911
168683 0.07129
168707 0.07096
168767 0.07102
168815 0.07163
168827 0.07067
168875 0.07112
168911 0.07087
168935 0.07153
168947 0.07076
168983 0.07092
168995 0.0708
169031 0.0708
169043 0.07068
169115 0.07092
169127 0.07137
169139 0.0709
169163 0.07036
169175 0.07106
169187 0.07094
169211 0.07084
169223 0.07129
169235 0.07097
169247 0.07111
169271 0.07113
169295 0.06834
169331 0.07104
169367 0.07117
169391 0.07115
169403 0.07016
169415 0.06843
169463 0.07127
169475 0.06945
169487 0.07107
169511 0.06973
169535 0.07132
169547 0.0712
169571 0.07002
169595 0.06935
169619 0.07125
169631 0.06641
169679 0.0684
169703 0.07089
169715 0.06977
169727 0.06844
169739 0.07134
169763 0.06986
169775 0.0715
169787 0.06984
169799 0.06994
169811 0.07004
169847 0.07155
169871 0.0701
169883 0.06998
169895 0.06878
169907 0.06996
169931 0.07148
169955 0.06992
169979 0.0702
170015 0.06998
170027 0.07155
170039 0.06867
170051 0.07014
170075 0.07012
170087 0.07173
170135 0.06988
170147 0.0689
170159 0.0702
170183 0.07179
170255 0.07027
170315 0.06948
170375 0.07033
170387 0.06935
170399 0.06893
170411 0.06992
170435 0.06918
170459 0.06996
170495 0.07023
170507 0.07167
170519 0.06696
170531 0.06975
170543 0.07048
170555 0.07003
170567 0.06953
170591 0.07052
170639 0.06815
170663 0.07139
170675 0.06963
170699 0.06976
170747 0.07147
170771 0.07018
170783 0.07066
170819 0.06985
170831 0.07125
170867 0.06936
170879 0.06722
170903 0.06952
170939 0.06849
170975 0.06957
170987 0.06945
170999 0.06695
171035 0.07123
171059 0.0695
171083 0.07041
171095 0.07103
171107 0.07117
171143 0.07099
171191 0.07096
171215 0.07097
171227 0.07107
171239 0.06656
171275 0.07103
171287 0.06663
171323 0.07021
171347 0.07097
171359 0.06867
171371 0.06843
171395 0.07064
171407 0.06966
171419 0.07066
171443 0.0685
171455 0.06992
171503 0.07069
171527 0.06975
171551 0.07065
171575 0.07001
171587 0.07077
171599 0.0698
171647 0.07057
171683 0.06818
171695 0.06626
171743 0.07013
171767 0.07047
171791 0.07045
171839 0.07143
171899 0.07051
171911 0.07025
171935 0.06842
171959 0.07151
171971 0.07106
171983 0.0703
171995 0.07018
172007 0.07032
172019 0.06965
172043 0.06853
172055 0.07158
172067 0.07038
172091 0.07025
172103 0.07162
172115 0.06825
172175 0.06594
172187 0.06977
172211 0.07086
172247 0.06881
172295 0.06877
172319 0.06791
172379 0.07098
172391 0.06832
172451 0.0714
172463 0.07065
172475 0.0691
172487 0.06862
172511 0.07166
172523 0.07145
172535 0.06843
172547 0.07058
172559 0.07162
172571 0.07149
172631 0.07077
172655 0.07154
172679 0.07152
172691 0.0712
172703 0.06971
172727 0.06602
172763 0.07126
172775 0.07144
172799 0.07142
172823 0.0714
172835 0.07079
172847 0.07093
172895 0.07134
172907 0.07084
172919 0.06693
172931 0.07086
172943 0.071
172967 0.07079
172979 0.07178
172991 0.07126
173027 0.07093
173051 0.07146
173075 0.07173
173111 0.06848
173123 0.07169
173135 0.07091
173147 0.07101
173159 0.07113
173171 0.06771
173195 0.07163
173231 0.07107
173279 0.06626
173315 0.07165
173327 0.06795
173339 0.07167
173351 0.07129
173375 0.06917
173387 0.07119
173399 0.07015
173411 0.06919
173423 0.06751
173447 0.07136
173471 0.07138
173495 0.07117
173507 0.07072
173519 0.07023
173555 0.07131
173567 0.07145
173579 0.0704
173591 0.07146
173603 0.07172
173627 0.07044
173639 0.06886
173675 0.07139
173711 0.07133
173723 0.06811
173759 0.07136
173831 0.07141
173843 0.07008
173855 0.07165
173879 0.07054
173903 0.06786
173915 0.07101
173927 0.07148
173939 0.07158
173951 0.07172
173963 0.07017
173975 0.07046
174023 0.07177
174059 0.07112
174083 0.07025
174107 0.0717
174119 0.07066
174131 0.07117
174155 0.07082
174167 0.07165
174179 0.07082
174191 0.06951
174203 0.06791
174227 0.07124
174239 0.07075
174251 0.07119
174275 0.0709
174323 0.07071
174359 0.07083
174371 0.07097
174395 0.07136
174455 0.0709
174479 0.07005
174503 0.07143
174515 0.07097
174539 0.07109
174551 0.07097
174563 0.07093
174575 0.06978
174587 0.07151
174611 0.07063
174623 0.07102
174635 0.07116
174719 0.07109
174731 0.06883
174743 0.06984
174755 0.07137
174791 0.07114
174827 0.06608
174875 0.07082
174887 0.06835
174899 0.07125
174935 0.07108
174947 0.07175
174983 0.06863
174995 0.07032
175007 0.07102
175031 0.07131
175127 0.07018
175139 0.06793
175151 0.07115
175163 0.07003
175175 0.07113
175187 0.07155
175199 0.06998
175235 0.07098
175247 0.07108
175271 0.07148
175283 0.07111
175319 0.07102
175355 0.07167
175367 0.0689
175427 0.07063
175439 0.0716
175451 0.07174
175475 0.07142
175547 0.07136
175559 0.06919
175571 0.07071
175595 0.07132
175607 0.07078
175619 0.07172
175667 0.0708
175715 0.07164
175739 0.0712
175763 0.06955
175775 0.07174
175787 0.07159
175823 0.07067
175835 0.07155
175871 0.07166
175883 0.06965
175895 0.07055
175907 0.07107
175931 0.07105
175943 0.07161
175955 0.07158
175967 0.07049
176003 0.06978
176039 0.07153
176075 0.07109
176111 0.07013
176147 0.07129
176195 0.07175
176219 0.07123
176231 0.07137
176267 0.07078
176279 0.06934
176291 0.07176
176315 0.07175
176339 0.07127
176351 0.07019
176375 0.07106
176387 0.06688
176399 0.07083
176411 0.07132
176423 0.07122
176435 0.07134
176447 0.06986
176471 0.07009
176495 0.07126
176519 0.07127
176543 0.07093
176567 0.0712
176579 0.07144
176675 0.07151
176687 0.06967
176723 0.06921
176735 0.07132
176795 0.07077
176831 0.07138
176843 0.07132
176855 0.0714
176867 0.07164
176879 0.07116
176891 0.07166
176915 0.06906
176939 0.0717
176963 0.06902
176975 0.07159
176987 0.06903
176999 0.07125
177023 0.07163
177059 0.07178
177071 0.06897
177083 0.0705
177119 0.07066
177155 0.07174
177179 0.07046
177203 0.07058
177215 0.07165
177227 0.07168
177251 0.07166
177263 0.07143
177275 0.07164
177287 0.07026
177299 0.07065
177311 0.07176
177335 0.07174
177359 0.07172
177371 0.07089
177395 0.07087
177479 0.07158
177491 0.07146
177503 0.06903
177515 0.07144
177527 0.07043
177563 0.07083
177575 0.07165
177587 0.06973
177599 0.07167
177659 0.07133
177671 0.07159
177683 0.07064
177695 0.07145
177707 0.07063
177719 0.07018
177731 0.07127
177755 0.07125
177767 0.07151
177779 0.07123
177803 0.071
177851 0.07117
177875 0.07049
177899 0.07114
177911 0.0714
177923 0.07108
177935 0.07167
177947 0.06986
177959 0.07052
177971 0.07042
178007 0.07132
178019 0.07115
178031 0.06994
178043 0.07036
178055 0.07157
178115 0.07122
178139 0.07124
178163 0.07071
178175 0.07148
178235 0.07021
178319 0.07077
178331 0.07013
178343 0.07105
178367 0.07103
178379 0.0714
178391 0.0713
178415 0.07128
178427 0.07072
178451 0.07091
178463 0.07083
178475 0.07147
178499 0.07095
178511 0.07121
178523 0.0715
178535 0.07119
178547 0.07062
178583 0.07115
178595 0.07155
178607 0.07118
178619 0.07157
178631 0.0712
178667 0.07053
178679 0.07107
178703 0.07105
178715 0.07164
178727 0.07127
178751 0.07107
178775 0.0713
178811 0.06918
178823 0.07067
178835 0.07118
178847 0.07135
178883 0.07122
178895 0.07139
178943 0.07142
178955 0.07179
178967 0.07144
178979 0.07128
179027 0.07046
179063 0.07048
179075 0.07169
179087 0.0713
179135 0.07041
179147 0.06949
179159 0.07135
179171 0.07024
179183 0.07159
179231 0.07064
179267 0.07031
179279 0.07015
179291 0.07152
179303 0.07167
179339 0.06878
179363 0.06933
179375 0.07172
179399 0.07059
179435 0.0716
179447 0.07155
179459 0.07138
179507 0.07047
179531 0.07133
179543 0.07175
179567 0.07007
179627 0.07088
179639 0.07169
179675 0.07059
179699 0.07093
179723 0.07117
179735 0.0716
179747 0.07064
179759 0.06981
179771 0.07175
179783 0.07156
179795 0.07173
179843 0.0717
179855 0.07175
179867 0.07104
179879 0.07173
179891 0.07166
179927 0.07169
179963 0.07098
179975 0.07165
179987 0.07112
180047 0.0716
180083 0.0715
180095 0.07107
180107 0.07089
180119 0.07154
180143 0.07111
180155 0.07124
180215 0.07122
180227 0.07129
180251 0.06993
180275 0.071
180299 0.07133
180323 0.07131
180359 0.07135
180395 0.07141
180407 0.07065
180431 0.07131
180443 0.07112
180455 0.07132
180515 0.07149
180527 0.07074
180575 0.07077
180599 0.07142
180611 0.07124
180659 0.07159
180671 0.07147
180683 0.07129
180695 0.07113
180707 0.07162
180719 0.07115
180743 0.07152
180803 0.07137
180827 0.07032
180839 0.07123
180851 0.06819
180863 0.07097
180875 0.07174
180899 0.07175
180911 0.07128
180923 0.07145
180947 0.07041
180971 0.07179
180995 0.07044
181007 0.07103
181043 0.07014
181055 0.07174
181079 0.06845
181091 0.07157
181115 0.07158
181127 0.07111
181151 0.07007
181163 0.07065
181175 0.07118
181187 0.07163
181235 0.06999
181259 0.06794
181271 0.07072
181295 0.07155
181307 0.07065
181319 0.07059
181331 0.0715
181355 0.07069
181367 0.07056
181379 0.06843
181403 0.07072
181415 0.07158
181427 0.06776
181451 0.07075
181463 0.07085
181475 0.07139
181487 0.0714
181559 0.07146
181583 0.07145
181631 0.07141
181655 0.07179
181679 0.07044
181691 0.07159
181703 0.06961
181727 0.07047
181799 0.07168
181811 0.071
181823 0.07166
181835 0.07102
181847 0.07164
181859 0.07109
181883 0.07143
181895 0.06991
181907 0.07107
181955 0.07138
181991 0.07174
182003 0.07
182015 0.07176
182039 0.07174
182051 0.07094
182063 0.07179
182087 0.07177
182135 0.07101
182183 0.07171
182195 0.07119
182207 0.07173
182219 0.06924
182231 0.07134
182267 0.07131
182291 0.06799
182315 0.06866
182327 0.06966
182375 0.07156
182399 0.07158
182411 0.07141
182435 0.07143
182459 0.06965
182495 0.07146
182507 0.07058
182531 0.0696
182543 0.07159
182555 0.06898
182591 0.07143
182651 0.06889
182675 0.07159
182699 0.06827
182723 0.07078
182735 0.07172
182759 0.07117
182771 0.07038
182783 0.07175
182807 0.07126
182819 0.07034
182831 0.07088
182843 0.0717
182879 0.06948
182891 0.06862
182903 0.07082
182939 0.06909
182951 0.06953
182975 0.0701
183011 0.06914
183083 0.06918
183095 0.07099
183107 0.07169
183143 0.07156
183179 0.07007
183275 0.06904
183287 0.07089
183311 0.07155
183335 0.07081
183347 0.06994
183359 0.07083
183371 0.07028
183395 0.07026
183407 0.06717
183419 0.06988
183431 0.07163
183443 0.07143
183467 0.06879
183491 0.06983
183515 0.07137
183539 0.06979
183551 0.07064
183563 0.07013
183575 0.07089
183599 0.07052
183647 0.07117
183671 0.07055
183719 0.07055
183731 0.06897
183755 0.07119
183767 0.07172
183779 0.06807
183803 0.06854
183815 0.07105
183839 0.07167
183851 0.07111
183863 0.0704
183875 0.06989
183887 0.0711
183899 0.06952
183911 0.07097
183923 0.06862
183983 0.07091
183995 0.06867
184055 0.07086
184091 0.07093
184103 0.07125
184115 0.07091
184127 0.0702
184139 0.06925
184175 0.07141
184223 0.07073
184283 0.07078
184295 0.07131
184307 0.07076
184319 0.07066
184343 0.07141
184367 0.07126
184379 0.06839
184391 0.07071
184403 0.06761
184415 0.07146
184427 0.07067
184439 0.0712
184451 0.07011
184475 0.07063
184535 0.0706
184547 0.07058
184619 0.06855
184643 0.07024
184667 0.0693
184679 0.07125
184739 0.06966
184763 0.07033
184775 0.07059
184787 0.0704
184799 0.07092
184811 0.06919
184835 0.07037
184847 0.07137
184871 0.07177
184883 0.06945
184907 0.06977
184943 0.07177
184955 0.07045
184979 0.06982
184991 0.07174
185003 0.06583
185039 0.0694
185075 0.0694
185111 0.0712
185135 0.07156
185147 0.07012
185171 0.06892
185207 0.07161
185219 0.06998
185231 0.07107
185255 0.07164
185279 0.07166
185315 0.06962
185339 0.06844
185351 0.07098
185399 0.07118
185411 0.07011
185447 0.07177
185459 0.06912
185471 0.07179
185495 0.07146
185555 0.07086
185579 0.06675
185639 0.07168
185663 0.07136
185675 0.06977
185735 0.07131
185759 0.07163
185771 0.06865
185783 0.07127
185807 0.06953
185843 0.06992
185867 0.06958
185879 0.07171
185915 0.06987
185975 0.07157
185999 0.07179
186035 0.067
186047 0.07151
186059 0.07054
186083 0.07008
186095 0.07172
186155 0.07126
186167 0.07159
186203 0.07129
186263 0.07159
186287 0.07074
186323 0.07137
186335 0.07178
186347 0.07074
186359 0.07165
186371 0.06676
186383 0.07174
186395 0.07142
186407 0.07176
186443 0.07145
186455 0.07179
186467 0.06979
186491 0.07035
186503 0.07175
186515 0.06793
186539 0.07152
186611 0.07091
186623 0.06934
186635 0.07158
186659 0.07094
186719 0.07168
186731 0.07099
186755 0.07053
186779 0.07102
186827 0.0677
186839 0.07076
186863 0.07031
186875 0.07006
186887 0.07147
186899 0.07176
186911 0.07134
186935 0.07152
186971 0.0676
186983 0.0714
186995 0.07177
187007 0.07138
187055 0.07142
187079 0.07121
187151 0.07127
187175 0.07133
187187 0.07082
187199 0.07131
187247 0.07002
187259 0.07042
187271 0.07126
187283 0.06737
187295 0.07116
187331 0.07091
187355 0.07149
187403 0.06844
187427 0.07098
187475 0.07101
187487 0.07102
187511 0.071
187523 0.07136
187571 0.07155
187595 0.06987
187619 0.07056
187643 0.07127
187655 0.07058
187667 0.07161
187679 0.07116
187715 0.07122
187727 0.07009
187739 0.0712
187775 0.07122
187799 0.07086
187859 0.07072
187919 0.06743
187967 0.07065
187991 0.07137
188003 0.07136
188015 0.07138
188039 0.0692
188051 0.07096
188075 0.07086
188087 0.06813
188099 0.07167
188111 0.07043
188135 0.07146
188183 0.07079
188195 0.0716
188207 0.07039
188219 0.06628
188231 0.07153
188243 0.07152
188255 0.07042
188267 0.07155
188279 0.07156
188327 0.07038
188339 0.07036
188363 0.06756
188375 0.07043
188387 0.07107
188399 0.07088
188423 0.07165
188435 0.07164
188471 0.07056
188531 0.07171
188555 0.07118
188591 0.07176
188615 0.07005
188627 0.07123
188639 0.0698
188651 0.07126
188675 0.07126
188699 0.07127
188723 0.0678
188759 0.0717
188783 0.07169
188807 0.07079
188819 0.07135
188855 0.06999
188879 0.06986
188903 0.07159
188975 0.07154
188987 0.07155
189023 0.07093
189035 0.07097
189047 0.07042
189071 0.07096
189083 0.07019
189095 0.07116
189107 0.07091
189131 0.07117
189143 0.06986
189167 0.06976
189179 0.07159
189191 0.07138
189215 0.07105
189227 0.07162
189263 0.06891
189275 0.06817
189287 0.0711
189323 0.07001
189335 0.07127
189359 0.07125
189371 0.07172
189383 0.07127
189419 0.06773
189431 0.0712
189455 0.07013
189527 0.0695
189551 0.07127
189563 0.06836
189575 0.07129
189611 0.06839
189635 0.07169
189647 0.07013
189659 0.07123
189695 0.07139
189707 0.07126
189719 0.07031
189731 0.07161
189779 0.07143
189791 0.07135
189803 0.07094
189863 0.07087
189875 0.07088
189899 0.06739
189911 0.06844
189923 0.07149
189959 0.0708
189971 0.07081
190007 0.07161
190019 0.07152
190043 0.07076
190067 0.07149
190079 0.07071
190091 0.07155
190103 0.07069
190115 0.07153
190127 0.07165
190139 0.06755
190163 0.07158
190175 0.07159
190187 0.07127
190199 0.06908
190211 0.07159
190259 0.07122
190295 0.06894
190319 0.0707
190343 0.07072
190355 0.07115
190427 0.07109
190439 0.07065
190451 0.06841
190463 0.0708
190475 0.07106
190499 0.07104
190511 0.07039
190535 0.07084
190547 0.07038
190559 0.07072
190571 0.07176
190619 0.06979
190643 0.07031
190655 0.07156
190679 0.07178
190691 0.06974
190715 0.07088
190727 0.06904
190739 0.07164
190799 0.07101
190847 0.07091
190883 0.06922
190907 0.07151
190943 0.07007
191015 0.07102
191051 0.0714
191075 0.06836
191135 0.07013
191159 0.06991
191183 0.07016
191207 0.07115
191243 0.06861
191255 0.07131
191267 0.06894
191327 0.07106
191363 0.06978
191375 0.07102
191387 0.07115
191471 0.06995
191555 0.07026
191567 0.06731
191663 0.07158
191735 0.07162
191759 0.0715
191771 0.06949
191795 0.06982
191819 0.07083
191843 0.06886
191879 0.07172
191915 0.07076
191927 0.06982
191951 0.0706
191963 0.06675
191975 0.07178
191987 0.06933
192011 0.06992
192035 0.07067
192083 0.07
192095 0.07172
192107 0.06985
192119 0.06742
192131 0.07003
192167 0.07177
192203 0.06918
192215 0.07083
192227 0.07053
192275 0.06973
192287 0.07174
192299 0.07048
192311 0.07156
192335 0.07091
192359 0.07003
192419 0.07039
192443 0.06925
192455 0.07099
192491 0.07034
192503 0.07142
192527 0.07104
192575 0.07137
192623 0.0707
192635 0.07023
192647 0.07028
192671 0.07145
192707 0.06988
192719 0.07126
192731 0.06924
192755 0.07044
192779 0.06937
192827 0.06873
192839 0.07117
192851 0.0705
192875 0.07051
192911 0.07112
192935 0.0713
192947 0.06957
192983 0.07133
192995 0.07059
193007 0.0712
193079 0.07115
193091 0.06947
193103 0.07141
193115 0.06949
193175 0.07145
193187 0.06953
193211 0.07073
193223 0.07109
193295 0.07153
193343 0.07034
193403 0.07085
193487 0.07083
193499 0.06775
193511 0.07167
193547 0.06976
193595 0.07045
193631 0.07175
193643 0.07101
193655 0.07176
193667 0.06873
193691 0.07051
193715 0.07106
193739 0.06989
193775 0.07174
193895 0.07166
193931 0.07119
193967 0.0716
193991 0.07158
194039 0.07111
194063 0.07163
194075 0.0701
194099 0.07077
194111 0.07166
194123 0.07033
194147 0.07035
194171 0.07135
194183 0.0717
194219 0.07085
194231 0.07141
194279 0.07127
194291 0.0709
194303 0.07178
194315 0.07144
194327 0.07134
194351 0.07178
194375 0.0714
194387 0.0703
194399 0.07174
194435 0.07152
194447 0.06658
194519 0.07165
194579 0.07108
194603 0.07162
194627 0.07111
194651 0.07166
194699 0.07116
194735 0.07104
194759 0.07158
194807 0.07099
194903 0.07134
194939 0.07131
194975 0.07178
194987 0.07134
195011 0.06911
195035 0.07137
195083 0.07164
195119 0.07148
195155 0.07145
195179 0.07081
195227 0.07104
195275 0.07153
195287 0.07064
195299 0.07154
195323 0.0711
195347 0.07145
195383 0.07159
195455 0.07154
195467 0.07165
195551 0.07147
195563 0.06946
195611 0.07128
195623 0.07179
195683 0.06954
195707 0.07118
195719 0.07134
195755 0.07118
195779 0.07119
195803 0.0714
195839 0.07163
195851 0.06926
195875 0.07167
195911 0.07064
195923 0.07103
195935 0.07119
195947 0.0713
195983 0.07108
196019 0.0684
196055 0.07148
196067 0.07157
196091 0.07151
196103 0.0705
196115 0.0714
196127 0.07097
196151 0.07001
196163 0.07163
196199 0.06956
196211 0.07166
196223 0.0709
196235 0.0708
196283 0.06992
196295 0.07093
196319 0.06963
196343 0.07089
196367 0.06698
196403 0.06999
196415 0.07122
196427 0.07179
196451 0.07125
196475 0.07163
196487 0.07071
196547 0.0717
196559 0.07027
196595 0.07054
196607 0.0673
196619 0.07112
196631 0.06983
196655 0.07059
196667 0.07049
196775 0.07096
196787 0.07176
196847 0.06952
196859 0.06725
196883 0.07146
196931 0.07165
196943 0.07083
196955 0.07141
196979 0.07086
197015 0.07078
197027 0.07158
197039 0.07009
197051 0.07156
197075 0.07132
197087 0.07028
197099 0.07153
197135 0.07032
197183 0.07067
197291 0.07139
197315 0.07115
197327 0.06812
197351 0.07077
197363 0.06999
197375 0.07052
197387 0.07109
197411 0.07055
197435 0.07106
197447 0.07003
197459 0.07127
197471 0.07008
197531 0.07122
197543 0.07041
197579 0.07118
197591 0.07037
197627 0.0704
197639 0.07034
197663 0.06617
197675 0.07041
197687 0.06893
197735 0.07101
197783 0.06979
197795 0.07023
197819 0.0705
197855 0.06974
197867 0.07097
197903 0.06978
197987 0.06777
197999 0.06971
198059 0.06953
198107 0.07107
198119 0.07
198131 0.07044
198167 0.06894
198215 0.07003
198227 0.07115
198239 0.06991
198263 0.07135
198287 0.06943
198299 0.06984
198359 0.07012
198371 0.06801
198383 0.06944
198431 0.07097
198467 0.0713
198551 0.06919
198575 0.07154
198587 0.07073
198611 0.07022
198683 0.07104
198707 0.07145
198755 0.07148
198767 0.0691
198779 0.06998
198791 0.07039
198803 0.06952
198815 0.06914
198875 0.07091
198923 0.07119
198935 0.07177
198947 0.07095
198983 0.07131
199007 0.06947
199043 0.07166
199055 0.07055
199079 0.07173
199115 0.07106
199139 0.07007
199187 0.0711
199223 0.07066
199259 0.06925
199271 0.07159
199295 0.07157
199307 0.06926
199319 0.06824
199367 0.0697
199427 0.07168
199439 0.0716
199475 0.07058
199511 0.07164
199535 0.07085
199547 0.07133
199571 0.0716
199607 0.06918
199643 0.07068
199655 0.07173
199691 0.07167
199703 0.07128
199715 0.07169
199763 0.07146
199775 0.06929
199835 0.07139
199847 0.07
199907 0.07155
199943 0.06829
199955 0.07024
200015 0.0701
200027 0.06971
200039 0.07159
200075 0.07095
200099 0.07164
200111 0.07121
200123 0.07163
200147 0.06979
200207 0.0694
200267 0.07108
200279 0.07142
200303 0.06933
200327 0.0703
200339 0.07147
200375 0.07032
200399 0.06967
200411 0.07172
200447 0.06955
200459 0.07103
200507 0.0689
200531 0.07163
200567 0.06949
200651 0.07081
200663 0.07156
200675 0.07011
200687 0.07052
200735 0.06969
200747 0.07148
200819 0.07141
200855 0.07046
200915 0.07083
200951 0.07094
200999 0.07091
201023 0.07073
201035 0.07098
201047 0.07074
201059 0.07156
201083 0.07124
201131 0.07145
201143 0.07173
201227 0.07114
201239 0.06909
201275 0.07169
201299 0.07171
201323 0.07172
201335 0.07025
201407 0.0703
201419 0.07162
201431 0.07152
201455 0.07099
201467 0.07097
201479 0.07149
201503 0.06767
201515 0.0702
201527 0.07037
201539 0.07122
201563 0.07017
201575 0.07142
201587 0.07015
201635 0.07005
201647 0.07029
201659 0.07164
201671 0.07135
201707 0.07009
201779 0.07174
201803 0.07138
201875 0.07167
201887 0.07126
201959 0.07064
201995 0.0714
202007 0.07051
202019 0.07157
202055 0.0707
202079 0.07056
202103 0.07054
202139 0.07159
202175 0.07077
202211 0.07163
202223 0.07147
202247 0.07066
202271 0.0715
202283 0.06969
202319 0.0709
202331 0.07171
202391 0.07157
202427 0.07053
202451 0.07126
202463 0.07162
202475 0.07179
202487 0.06974
202499 0.07104
202523 0.07126
202559 0.07085
202571 0.07129
202583 0.07083
202607 0.0717
202619 0.07114
202739 0.07106
202775 0.07114
202787 0.07005
202811 0.07156
202835 0.07145
202847 0.07119
202871 0.0712
202895 0.07122
202919 0.07104
202991 0.07112
203003 0.07142
203015 0.07129
203075 0.07137
203087 0.07118
203099 0.07135
203111 0.07155
203123 0.07061
203171 0.07099
203219 0.06791
203243 0.0717
203255 0.07125
203267 0.07105
203399 0.06977
203435 0.07177
203483 0.07174
203507 0.07172
203519 0.06984
203543 0.07124
203651 0.07078
203675 0.07095
203735 0.07173
203747 0.07155
203759 0.07159
203819 0.07013
203867 0.07147
203927 0.07156
203939 0.07146
203975 0.07065
203987 0.07149
204011 0.0715
204035 0.07152
204119 0.07021
204155 0.06911
204179 0.06988
204191 0.07177
204203 0.0691
204227 0.07122
204263 0.07177
204275 0.06981
204287 0.07178
204347 0.07171
204383 0.07163
204419 0.07125
204467 0.07009
204479 0.07108
204527 0.07164
204611 0.07171
204647 0.07156
204659 0.07027
204683 0.06954
204731 0.07163
204767 0.07147
204779 0.06965
204815 0.06829
204827 0.07156
204839 0.07128
204851 0.07154
204863 0.0713
204875 0.07153
204911 0.07135
204935 0.07136
204959 0.07072
204995 0.0716
205067 0.07139
205091 0.07062
205139 0.06994
205163 0.07057
205175 0.07138
205199 0.06981
205259 0.06986
205343 0.07107
205355 0.07044
205367 0.07162
205415 0.071
205451 0.0717
205475 0.06928
205511 0.07096
205523 0.06968
205547 0.07075
205595 0.07171
205631 0.071
205643 0.07174
205667 0.07098
205691 0.07096
205727 0.07067
205739 0.06953
205775 0.07171
205787 0.0709
205799 0.07065
205811 0.07174
205835 0.07092
205859 0.07084
205871 0.07179
205907 0.07097
205919 0.07057
205943 0.07055
205955 0.07078
205979 0.07133
206063 0.07165
206075 0.07127
206087 0.07056
206099 0.07068
206111 0.07142
206147 0.07111
206159 0.07132
206195 0.07061
206231 0.07154
206243 0.07144
206255 0.07057
206267 0.07142
206339 0.07109
206363 0.07124
206387 0.06984
206423 0.07033
206435 0.07131
206471 0.07163
206555 0.07094
206567 0.07157
206579 0.07092
206615 0.07113
206663 0.07017
206675 0.07114
206711 0.07178
206735 0.07179
206747 0.07109
206795 0.07067
206843 0.07074
206855 0.07001
206867 0.07101
206927 0.07106
206963 0.0716
206975 0.07177
206987 0.07162
207035 0.07089
207047 0.07172
207059 0.07059
207071 0.07096
207083 0.07086
207119 0.07153
207143 0.07152
207167 0.06983
207179 0.0709
207203 0.07175
207251 0.07178
207263 0.06976
207323 0.0707
207347 0.07068
207359 0.07124
207383 0.07074
207407 0.07073
207419 0.07046
207503 0.07127
207527 0.07122
207539 0.07111
207587 0.07158
207611 0.07116
207635 0.07117
207647 0.07131
207707 0.07044
207731 0.07148
207755 0.07147
207767 0.07136
207779 0.07126
207791 0.07107
207803 0.07144
207815 0.07139
207827 0.0707
207839 0.07153
207863 0.07154
207875 0.07139
207887 0.07115
207899 0.07133
207911 0.07113
207935 0.07158
207959 0.0716
208007 0.06969
208031 0.07152
208079 0.07075
208115 0.07146
208127 0.06977
208151 0.07159
208163 0.07109
208199 0.07174
208211 0.07112
208247 0.0709
208259 0.07096
208307 0.07109
208331 0.07119
208355 0.0712
208403 0.07163
208427 0.07125
208439 0.07176
208475 0.07109
208487 0.07074
208547 0.07132
208559 0.07103
208571 0.07115
208583 0.07105
208607 0.07172
208619 0.07176
208643 0.07086
208655 0.07154
208691 0.07179
208715 0.07177
208727 0.06984
208823 0.07037
208835 0.07169
208847 0.07049
208883 0.06964
208919 0.07125
208943 0.07135
208955 0.0716
208967 0.07147
208979 0.07139
209015 0.0713
209027 0.0716
209051 0.07154
209075 0.07152
209087 0.07139
209135 0.07037
209171 0.0715
209195 0.07144
209207 0.07131
209219 0.06952
209231 0.07143
209291 0.07158
209303 0.06841
209351 0.0705
209375 0.07152
209387 0.07177
209411 0.07165
209483 0.0717
209507 0.0717
209531 0.07172
209591 0.07165
209603 0.07162
209615 0.07166
209663 0.07169
209699 0.07177
209723 0.07108
209783 0.07176
209843 0.07005
209855 0.0708
209867 0.06899
209879 0.07177
209951 0.07085
209975 0.06902
210023 0.0709
210047 0.07091
210059 0.07002
210107 0.07149
210227 0.06943
210239 0.07066
210251 0.07072
210275 0.07117
210287 0.07105
210311 0.0707
210371 0.0696
210383 0.07111
210395 0.07108
210419 0.07128
210455 0.07115
210479 0.07045
210515 0.06961
210539 0.0712
210563 0.07097
210575 0.0713
210587 0.06956
210635 0.07047
210647 0.06942
210683 0.0695
210707 0.07108
210743 0.07096
210779 0.0685
210815 0.071
210851 0.07099
210863 0.07103
210947 0.07092
210983 0.07146
210995 0.07058
211031 0.07099
211055 0.07151
211079 0.07005
211103 0.07094
211139 0.07013
211163 0.07067
211211 0.07074
211235 0.07072
211259 0.07005
211295 0.07165
211307 0.07047
211331 0.07077
211355 0.07065
211391 0.06984
211451 0.07058
211463 0.06972
211475 0.07036
211487 0.06992
211523 0.07033
211547 0.07052
211595 0.07049
211679 0.07139
211703 0.07152
211715 0.07041
211751 0.07166
211787 0.07036
211799 0.07146
211823 0.07161
211835 0.07038
211847 0.07013
211907 0.07007
211919 0.07017
211967 0.07156
212027 0.06759
212075 0.07121
212087 0.07161
212111 0.07176
212135 0.07165
212159 0.06927
212219 0.07007
212231 0.07133
212267 0.06846
212279 0.07174
212291 0.07134
212303 0.07014
212339 0.07
212363 0.06933
212459 0.07144
212471 0.07173
212483 0.07085
212519 0.07156
212543 0.07112
212555 0.07089
212567 0.07111
212603 0.07152
212615 0.07163
212675 0.07156
212687 0.07103
212711 0.07157
212747 0.06815
212759 0.07154
212771 0.07102
212783 0.07138
212795 0.07163
212831 0.07135
212879 0.07146
212891 0.06974
212915 0.0711
212927 0.07142
212939 0.07172
212951 0.07141
212975 0.07139
213011 0.07116
213035 0.07177
213047 0.07134
213059 0.06851
213071 0.07133
213083 0.07179
213107 0.06543
213155 0.07124
213167 0.06868
213179 0.07172
213227 0.07119
213239 0.07121
213251 0.07168
213299 0.07164
213311 0.07117
213347 0.07126
213371 0.0716
213395 0.07158
213419 0.07139
213443 0.06771
213455 0.07107
213503 0.07092
213575 0.07099
213671 0.07015
213707 0.0691
213731 0.07158
213743 0.06904
213767 0.06905
213779 0.0716
213803 0.07153
213839 0.07129
213875 0.07166
213911 0.07077
213923 0.0716
213959 0.07136
213971 0.07119
213983 0.0712
213995 0.07173
214019 0.07174
214055 0.07142
214067 0.07168
214079 0.07125
214103 0.07127
214127 0.07146
214175 0.07131
214187 0.07175
214199 0.07132
214235 0.07102
214271 0.07155
214307 0.06872
214319 0.07157
214343 0.06699
214355 0.07173
214367 0.06792
214403 0.0716
214415 0.07145
214427 0.06848
214475 0.07165
214487 0.07167
214523 0.07162
214535 0.0717
214547 0.06856
214571 0.0708
214595 0.07157
214655 0.07177
214679 0.07178
214703 0.07162
214727 0.07178
214751 0.07149
214775 0.07079
214847 0.07083
214859 0.07089
214907 0.07137
214919 0.07159
214931 0.07093
214955 0.07133
215003 0.0712
215027 0.06627
215099 0.07114
215135 0.07172
215147 0.07121
215159 0.07173
215171 0.07119
215207 0.06989
215219 0.0667
215231 0.07106
215243 0.06978
215267 0.0679
215291 0.07114
215303 0.0716
215327 0.07138
215375 0.07173
215387 0.06904
215423 0.07169
215435 0.07091
215495 0.07147
215519 0.07146
215543 0.07161
215555 0.07015
215579 0.07014
215591 0.07158
215603 0.07132
215627 0.06788
215639 0.07155
215651 0.07009
215675 0.07136
215711 0.07133
215747 0.07081
215783 0.07022
215807 0.07024
215819 0.07144
215831 0.0714
215855 0.07142
215867 0.06773
215903 0.07082
215915 0.0715
215951 0.07147
215963 0.07152
215987 0.07065
215999 0.0715
216011 0.07022
216095 0.07108
216131 0.07162
216143 0.07122
216155 0.07163
216191 0.07161
216215 0.07162
216227 0.06746
216275 0.07047
216287 0.06902
216311 0.07111
216323 0.07043
216335 0.07107
216359 0.07108
216383 0.06731
216395 0.06962
216407 0.07067
216443 0.07047
216467 0.06922
216479 0.07083
216503 0.07117
216527 0.07059
216539 0.07173
216575 0.07175
216599 0.07092
216611 0.07057
216623 0.07124
216659 0.06944
216683 0.07163
216707 0.0698
216755 0.07158
216767 0.07079
216815 0.06877
216827 0.07011
216863 0.07058
216875 0.07072
216923 0.06994
216971 0.07144
217007 0.07147
217031 0.07145
217043 0.07081
217067 0.06957
217079 0.0715
217115 0.07135
217127 0.07099
217175 0.07136
217187 0.06988
217211 0.07128
217235 0.07092
217247 0.07131
217259 0.07094
217295 0.07162
217331 0.0712
217403 0.06976
217415 0.07001
217427 0.07021
217451 0.07113
217475 0.0698
217487 0.0712
217511 0.07175
217523 0.07108
217535 0.07176
217583 0.06921
217607 0.06922
217655 0.07176
217703 0.07173
217751 0.07169
217763 0.07123
217787 0.06998
217799 0.07014
217835 0.07127
217871 0.07162
217931 0.07132
217967 0.07148
218015 0.07081
218027 0.07012
218039 0.07079
218051 0.07139
218063 0.07149
218099 0.06919
218123 0.06968
218147 0.06856
218159 0.07009
218183 0.0716
218195 0.07147
218207 0.06951
218243 0.0715
218291 0.07153
218303 0.07167
218327 0.07019
218339 0.07055
218375 0.07129
218387 0.0687
218399 0.06933
218411 0.0716
218435 0.07079
218483 0.06988
218495 0.07178
218507 0.07083
218519 0.07119
218603 0.07171
218615 0.0698
218639 0.0696
218663 0.07171
218687 0.0692
218735 0.07105
218747 0.07097
218807 0.07161
218855 0.06959
218867 0.07103
218879 0.07096
218891 0.07105
218927 0.07022
218951 0.07152
218975 0.0715
219023 0.07147
219047 0.0706
219095 0.07082
219107 0.07073
219131 0.07155
219167 0.07138
219179 0.07001
219203 0.07123
219215 0.07004
219227 0.0708
219239 0.06922
219275 0.07146
219287 0.06831
219299 0.07144
219347 0.07131
219383 0.07063
219419 0.07137
219431 0.0706
219443 0.07136
219515 0.07047
219551 0.07052
219563 0.07099
219623 0.07037
219635 0.07123
219659 0.07055
219671 0.07045
219719 0.07098
219743 0.071
219803 0.07157
219827 0.06821
219863 0.07093
219875 0.07107
219899 0.06955
219947 0.07165
219995 0.06962
220007 0.06953
220031 0.07116
220043 0.07096
220055 0.07027
220067 0.06684
220079 0.07028
220127 0.06879
220139 0.0697
220175 0.07124
220187 0.06798
220199 0.07125
220211 0.07086
220223 0.07036
220235 0.06934
220271 0.07039
220379 0.06925
220427 0.06986
220439 0.06996
220463 0.07054
220475 0.07162
220487 0.07086
220499 0.07103
220523 0.07159
220547 0.07158
220571 0.07107
220607 0.068
220643 0.07151
220679 0.06993
220691 0.07055
220703 0.07098
220715 0.07147
220751 0.07156
220763 0.07144
220799 0.07
220823 0.07031
220835 0.07171
220847 0.07106
220883 0.07174
220943 0.07077
220967 0.07168
220991 0.0717
221003 0.07178
221027 0.06777
221039 0.07172
221063 0.06932
221075 0.07174
221099 0.06782
221147 0.07027
221183 0.07004
221231 0.06921
221255 0.07008
221267 0.06698
221279 0.07096
221291 0.0716
221339 0.06865
221363 0.07151
221375 0.07166
221387 0.06691
221435 0.07043
221459 0.07044
221483 0.07158
221495 0.07143
221507 0.07047
221579 0.07034
221591 0.06941
221615 0.0715
221627 0.06811
221651 0.07168
221675 0.07056
221687 0.07146
221699 0.0717
221735 0.07122
221759 0.06844
221795 0.07063
221819 0.07047
221843 0.06663
221867 0.07073
221879 0.07043
221927 0.0702
221939 0.07054
221963 0.07116
221975 0.07127
222071 0.0714
222083 0.07109
222119 0.07143
222143 0.07179
222155 0.07066
222167 0.07115
222191 0.06995
222227 0.071
222239 0.07081
222263 0.07172
222275 0.07096
222299 0.07152
222335 0.06986
222359 0.07103
222371 0.07147
222395 0.07089
222407 0.0709
222431 0.07161
222443 0.07082
222467 0.07101
222479 0.07095
222491 0.07139
222515 0.07081
222539 0.06938
222575 0.07089
222611 0.07092
222623 0.07149
222683 0.07127
222695 0.07106
222743 0.06654
222767 0.0714
222803 0.07119
222827 0.06879
222851 0.06863
222875 0.07009
222887 0.07132
222911 0.0717
222923 0.07112
222971 0.07052
222983 0.07039
222995 0.07051
223055 0.07161
223079 0.07057
223091 0.07118
223127 0.0713
223163 0.06991
223175 0.07153
223187 0.06899
223199 0.07049
223223 0.0715
223307 0.07148
223343 0.07143
223355 0.0715
223427 0.07154
223451 0.07138
223475 0.06971
223499 0.07141
223511 0.07135
223523 0.07073
223535 0.0711
223559 0.07137
223583 0.06832
223595 0.07013
223607 0.07024
223631 0.07158
223643 0.07066
223655 0.07117
223703 0.07079
223715 0.07153
223727 0.07121
223739 0.07172
223775 0.07149
223787 0.07001
223799 0.07168
223835 0.07177
223847 0.07127
223871 0.07089
223907 0.06944
223943 0.07159
223955 0.07175
223967 0.07077
223991 0.07135
224015 0.07179
224051 0.0704
224087 0.0686
224099 0.07174
224111 0.07142
224135 0.07092
224147 0.06703
224183 0.07106
224207 0.0709
224219 0.0703
224243 0.07028
224315 0.07152
224339 0.0715
224387 0.06966
224447 0.07121
224459 0.07162
224495 0.07168
224507 0.06972
224531 0.0701
224555 0.06935
224567 0.07026
224627 0.07132
224639 0.07159
224651 0.0713
224663 0.07158
224675 0.07001
224687 0.07174
224723 0.07146
224735 0.07177
224747 0.07124
224807 0.07129
224843 0.06991
224867 0.07117
224927 0.07121
224939 0.07132
224963 0.06958
224999 0.07166
225011 0.07127
225059 0.07124
225071 0.07161
225095 0.07157
225107 0.07006
225131 0.0712
225155 0.07099
225179 0.07097
225191 0.07162
225203 0.06968
225215 0.07163
225239 0.07147
225275 0.07111
225311 0.07134
225359 0.07154
225395 0.07021
225407 0.07174
225443 0.06985
225467 0.07079
225515 0.07096
225539 0.07012
225575 0.07163
225587 0.0689
225647 0.0717
225707 0.06746
225719 0.07171
225755 0.0708
225791 0.07175
225851 0.06798
225887 0.07175
225899 0.07049
225947 0.07012
225971 0.07047
225995 0.07055
226019 0.07064
226043 0.0704
226055 0.07168
226067 0.07019
226115 0.07058
226127 0.0714
226139 0.07046
226151 0.06975
226175 0.07177
226187 0.06816
226211 0.07032
226223 0.07174
226259 0.07049
226271 0.07151
226319 0.07053
226331 0.07073
226355 0.07074
226403 0.06895
226439 0.07144
226475 0.07081
226499 0.07082
226559 0.07152
226607 0.07053
226619 0.07089
226655 0.07146
226679 0.07125
226727 0.07103
226739 0.06802
226751 0.07026
226763 0.0708
226775 0.07119
226787 0.07098
226835 0.07101
226847 0.0705
226859 0.07012
226919 0.0713
226931 0.07089
226967 0.07088
226979 0.07109
227039 0.07106
227075 0.06998
227171 0.07119
227183 0.07113
227315 0.0711
227327 0.07092
227339 0.07111
227351 0.07086
227375 0.07085
227411 0.07132
227435 0.06778
227447 0.07077
227483 0.06973
227507 0.07138
227543 0.07091
227555 0.0714
227579 0.06873
227591 0.07088
227675 0.06854
227711 0.07114
227735 0.07079
227771 0.06956
227783 0.07064
227807 0.07119
227819 0.07155
227831 0.07061
227843 0.07116
227855 0.07121
227867 0.06909
227879 0.07054
227915 0.0716
227963 0.07146
227987 0.07124
228035 0.0692
228047 0.07048
228059 0.07168
228071 0.07058
228095 0.0704
228107 0.06916
228119 0.07136
228143 0.07037
228167 0.07085
228215 0.07141
228227 0.06909
228275 0.06782
228287 0.07025
228323 0.07165
228371 0.06919
228407 0.07098
228467 0.07168
228491 0.07166
228515 0.07165
228551 0.07159
228563 0.06872
228575 0.07107
228599 0.07033
228623 0.07104
228635 0.07177
228659 0.07175
228671 0.07113
228695 0.07025
228743 0.07027
228767 0.07171
228779 0.06939
228791 0.07172
228827 0.0717
228839 0.07175
228863 0.07117
228875 0.07173
228935 0.07127
228947 0.06686
228995 0.07154
229007 0.07131
229043 0.06973
229067 0.07175
229079 0.07104
229103 0.07005
229175 0.07109
229187 0.07168
229211 0.07141
229259 0.07118
229271 0.07158
229295 0.07156
229307 0.0716
229319 0.07142
229355 0.07132
229379 0.07111
229391 0.07146
229415 0.07078
229439 0.07065
229451 0.07126
229463 0.0708
229475 0.06977
229535 0.07154
229571 0.07118
229595 0.07142
229619 0.0693
229643 0.07139
229655 0.0716
229667 0.07093
229679 0.07132
229691 0.07136
229775 0.07167
229787 0.07013
229811 0.07103
229823 0.07175
229835 0.07102
229859 0.06998
229883 0.07099
229907 0.06855
229931 0.06977
229943 0.07106
229955 0.07022
230015 0.07179
230027 0.07116
230039 0.0711
230051 0.07027
230075 0.07113
230087 0.07159
230111 0.07173
230147 0.07063
230171 0.0699
230183 0.07169
230195 0.0706
230207 0.0689
230243 0.07077
230267 0.07056
230315 0.07042
230351 0.07073
230375 0.07174
230399 0.07175
230435 0.0709
230483 0.07088
230519 0.07123
230543 0.07146
230555 0.07083
230579 0.07056
230603 0.0708
230615 0.07143
230627 0.07059
230639 0.07088
230651 0.0706
230675 0.07061
230687 0.07166
230723 0.07064
230747 0.069
230759 0.07162
230795 0.07048
230831 0.07154
230867 0.07072
230879 0.07143
230903 0.07144
230927 0.06873
230963 0.07033
230987 0.07078
231047 0.07099
231059 0.07063
231071 0.07167
231083 0.07025
231119 0.0714
231155 0.07068
231167 0.07137
231191 0.0716
231227 0.07042
231251 0.07048
231263 0.07164
231275 0.07074
231311 0.07125
231335 0.07115
231383 0.07095
231407 0.07119
231467 0.0676
231515 0.07106
231527 0.07019
231539 0.07033
231587 0.07066
231623 0.07176
231647 0.07132
231659 0.07095
231695 0.07104
231707 0.07034
231731 0.07099
231767 0.07065
231803 0.07122
231851 0.0705
231863 0.06989
231875 0.07126
231887 0.07092
231899 0.07083
231911 0.07091
231983 0.07161
232019 0.06936
232067 0.07053
232151 0.0717
232163 0.07067
232199 0.07161
232223 0.07139
232247 0.07164
232271 0.0712
232319 0.07179
232343 0.07131
232379 0.07133
232403 0.07154
232415 0.07175
232427 0.07015
232463 0.07172
232511 0.07178
232547 0.07079
232559 0.07179
232595 0.0712
232631 0.07174
232655 0.07173
232667 0.07168
232679 0.07171
232691 0.07169
232703 0.07157
232715 0.07171
232763 0.06941
232775 0.07153
232787 0.07175
232799 0.07164
232883 0.0716
232931 0.07108
232967 0.06992
232979 0.07166
232991 0.07152
233003 0.07172
233015 0.0709
233027 0.0717
233063 0.07053
233075 0.07168
233087 0.0702
233099 0.07147
233135 0.0713
233147 0.07163
233171 0.07176
233243 0.07179
233291 0.07119
233351 0.0713
233363 0.0715
233375 0.07116
233387 0.07163
233399 0.07114
233411 0.07164
233447 0.06963
233459 0.07166
233483 0.07137
233495 0.07121
233507 0.07141
233531 0.0717
233555 0.0716
233579 0.07159
233603 0.07144
233627 0.07134
233675 0.07153
233711 0.07061
233771 0.07176
233783 0.07105
233795 0.07174
233807 0.06883
233819 0.07144
233867 0.0715
233903 0.07112
233915 0.07095
233927 0.06969
233963 0.0704
233975 0.07102
233987 0.07112
233999 0.07103
234011 0.07166
234071 0.07121
234107 0.07162
234143 0.07125
234179 0.07109
234215 0.07128
234251 0.07113
234263 0.07117
234299 0.07178
234311 0.06996
234347 0.07175
234359 0.07009
234371 0.07176
234395 0.07096
234407 0.06848
234419 0.07136
234455 0.07141
234479 0.07142
234491 0.06919
234503 0.07103
234551 0.07133
234563 0.07072
234575 0.07147
234671 0.0705
234695 0.07154
234707 0.07163
234719 0.07155
234755 0.0716
234779 0.07149
234815 0.07147
234827 0.07119
234839 0.07148
234875 0.07146
234887 0.07037
234899 0.07141
234923 0.07149
234935 0.07126
234971 0.07147
234995 0.07136
235019 0.07134
235031 0.06969
235055 0.07173
235079 0.07133
235103 0.07175
235115 0.07101
235127 0.07098
235139 0.07102
235151 0.07099
235163 0.07063
235175 0.07166
235187 0.0707
235223 0.07168
235247 0.06811
235259 0.07166
235283 0.06961
235331 0.07053
235343 0.06704
235355 0.07171
235415 0.07165
235427 0.07175
235463 0.07154
235475 0.07177
235499 0.06764
235511 0.07037
235535 0.07174
235571 0.07176
235583 0.06936
235619 0.07098
235655 0.07151
235667 0.07095
235691 0.07164
235727 0.06863
235739 0.07028
235775 0.0717
235799 0.07171
235823 0.06922
235835 0.06993
235847 0.07054
235883 0.07091
235907 0.07067
235931 0.07154
235943 0.07133
236015 0.07176
236027 0.07177
236039 0.07127
236051 0.07147
236075 0.07152
236099 0.07153
236123 0.07068
236147 0.0717
236159 0.07167
236183 0.07134
236195 0.07138
236267 0.07162
236279 0.06954
236303 0.07158
236327 0.06828
236351 0.07162
236363 0.07063
236447 0.06821
236459 0.07172
236543 0.07097
236555 0.07177
236567 0.06815
236591 0.07175
236603 0.0718
236651 0.07106
236675 0.07037
236711 0.07087
236735 0.07176
236747 0.07152
236795 0.07102
236843 0.07025
236855 0.07107
236915 0.07161
236927 0.07165
236939 0.06985
236951 0.06915
236987 0.07124
237023 0.06898
237047 0.06906
237059 0.07058
237107 0.0713
237131 0.07131
237167 0.06912
237191 0.07125
237215 0.07126
237227 0.07136
237239 0.07146
237275 0.07139
237311 0.07131
237335 0.0714
237359 0.07134
237371 0.07144
237383 0.07062
237407 0.07136
237419 0.07074
237443 0.07148
237491 0.06996
237527 0.07143
237539 0.07058
237575 0.07051
237599 0.0705
237623 0.07079
237647 0.07149
237671 0.0712
237695 0.07118
237779 0.07093
237827 0.07069
237839 0.07066
237863 0.07065
237887 0.0695
237899 0.07102
237923 0.071
237935 0.06858
237947 0.07139
237983 0.07058
238007 0.071
238067 0.0711
238127 0.07174
238175 0.0709
238187 0.07117
238199 0.07088
238211 0.07115
238235 0.07122
238259 0.06997
238283 0.07119
238319 0.07081
238343 0.0699
238355 0.07115
238367 0.06975
238391 0.0717
238475 0.07107
238487 0.07164
238523 0.07131
238535 0.07068
238571 0.07062
238583 0.06986
238607 0.07064
238619 0.07136
238631 0.06989
238643 0.07144
238667 0.07142
238679 0.07153
238751 0.06995
238787 0.07135
238799 0.07145
238835 0.07132
238871 0.07141
238907 0.07023
238931 0.07155
238979 0.07155
239003 0.07036
239015 0.06997
239039 0.07131
239051 0.07159
239075 0.07032
239123 0.07069
239159 0.06989
239183 0.06957
239195 0.07038
239207 0.07029
239219 0.0717
239255 0.07118
239267 0.07173
239279 0.07024
239291 0.07171
239315 0.07058
239339 0.07177
239351 0.07026
239363 0.07175
239375 0.07111
239399 0.06944
239435 0.07179
239447 0.07015
239459 0.07179
239471 0.0697
239483 0.07177
239495 0.07104
239507 0.07093
239603 0.0717
239615 0.07005
239627 0.07039
239651 0.07009
239687 0.06758
239723 0.07034
239747 0.06928
239795 0.07156
239819 0.07157
239855 0.07083
239867 0.07151
239903 0.06683
239927 0.07078
239939 0.0715
239951 0.07057
239975 0.07076
240023 0.07061
240035 0.07141
240071 0.0707
240083 0.07059
240095 0.06977
240119 0.06975
240155 0.07137
240179 0.06904
240227 0.06795
240239 0.06729
240299 0.07126
240335 0.07054
240383 0.0708
240407 0.06792
240431 0.07049
240443 0.07111
240467 0.07116
240515 0.07115
240563 0.07117
240635 0.07113
240647 0.06959
240671 0.06943
240731 0.07103
240755 0.07119
240767 0.071
240803 0.06931
240827 0.07015
240839 0.07025
240851 0.07124
240875 0.07096
240911 0.07021
240971 0.07138
240983 0.06883
241019 0.07141
241031 0.07113
241055 0.06921
241091 0.07136
241103 0.06642
241115 0.07108
241139 0.07147
241163 0.0695
241175 0.07005
241187 0.06873
241211 0.07151
241223 0.07123
241247 0.0699
241331 0.07096
241379 0.07065
241415 0.06991
241427 0.0658
241439 0.0699
241451 0.07102
241475 0.07156
241487 0.07137
241523 0.07106
241547 0.07131
241583 0.07031
241595 0.0697
241607 0.07008
241655 0.07146
241703 0.07037
241751 0.0715
241763 0.07171
241775 0.07041
241787 0.07172
241799 0.07042
241895 0.07158
241955 0.07152
241991 0.07028
242015 0.07029
242027 0.07155
242039 0.07054
242051 0.07172
242063 0.07167
242087 0.06724
242099 0.0702
242135 0.0686
242183 0.06884
242207 0.06946
242219 0.07153
242267 0.0716
242303 0.06808
242327 0.07179
242339 0.07146
242351 0.06838
242363 0.07149
242387 0.06679
242411 0.07175
242423 0.07173
242459 0.07178
242471 0.0717
242495 0.07078
242507 0.07179
242531 0.07178
242555 0.07176
242567 0.06849
242579 0.06992
242627 0.07162
242651 0.07128
242663 0.07086
242675 0.07169
242687 0.07064
242735 0.07155
242771 0.0717
242783 0.06737
242795 0.07162
242831 0.07095
242843 0.06984
242879 0.07097
242891 0.07176
242903 0.07145
242915 0.0685
242963 0.0699
242987 0.07151
243035 0.07175
243071 0.07135
243083 0.07102
243107 0.07171
243143 0.06761
243155 0.07141
243179 0.07001
243191 0.0709
243215 0.06937
243251 0.07093
243275 0.071
243287 0.07122
243323 0.07098
243359 0.0688
243371 0.07156
243407 0.06947
243443 0.06929
243455 0.07127
243491 0.07088
243575 0.07106
243599 0.07134
243611 0.07141
243695 0.07115
243719 0.0714
243731 0.07107
243743 0.07142
243767 0.06911
243779 0.07032
243791 0.07093
243803 0.0713
243815 0.07145
243827 0.07068
243899 0.07097
243923 0.07063
243947 0.07122
243959 0.07129
243971 0.0712
244007 0.0708
244019 0.0709
244031 0.07133
244067 0.06857
244127 0.07137
244151 0.06753
244163 0.07049
244175 0.06931
244187 0.07081
244223 0.07068
244259 0.07056
244307 0.07101
244319 0.07171
244331 0.07039
244343 0.07172
244427 0.07094
244475 0.07068
244487 0.06693
244499 0.07069
244511 0.07178
244523 0.07088
244571 0.07025
244595 0.07057
244607 0.07046
244631 0.06955
244655 0.0717
244679 0.07168
244715 0.07172
244739 0.07171
244763 0.07082
244775 0.07169
244799 0.07172
244811 0.07166
244823 0.07166
244835 0.07086
244847 0.06865
244871 0.07175
244883 0.07007
244895 0.07177
244919 0.06793
244931 0.07091
244967 0.07026
244979 0.07054
244991 0.06842
245027 0.06777
245051 0.07058
245063 0.07152
245075 0.07098
245099 0.0715
245111 0.07149
245123 0.07061
245135 0.07142
245147 0.07025
245159 0.07168
245195 0.07065
245207 0.06984
245219 0.07143
245231 0.07163
245243 0.07021
245255 0.07009
245267 0.07022
245303 0.07006
245315 0.0711
245327 0.07158
245351 0.07156
245363 0.07113
245375 0.07047
245387 0.07011
245399 0.07126
245423 0.06818
245435 0.0713
245447 0.07151
245459 0.07078
245495 0.06821
245507 0.06827
245531 0.07121
245543 0.07055
245555 0.07037
245579 0.06981
245603 0.07125
245651 0.07023
245663 0.07111
245675 0.07128
245699 0.0713
245735 0.07134
245795 0.06992
245807 0.0686
245831 0.07128
245867 0.07052
245879 0.07126
245891 0.07104
245915 0.07008
245927 0.07075
245939 0.06999
245951 0.07076
245975 0.0712
245999 0.06829
246023 0.06965
246047 0.07116
246083 0.07093
246095 0.07083
246107 0.07065
246143 0.07086
246155 0.07153
246179 0.07115
246215 0.07089
246227 0.06967
246239 0.06905
246263 0.07076
246275 0.07073
246287 0.07102
246299 0.06697
246323 0.07122
246347 0.06858
246359 0.07077
246383 0.06828
246419 0.07166
246431 0.071
246443 0.06778
246455 0.07102
246479 0.07091
246491 0.07131
246503 0.07068
246515 0.07132
246551 0.07066
246563 0.06903
246587 0.06985
246623 0.07062
246635 0.07177
246647 0.07111
246659 0.0706
246671 0.0708
246719 0.0706
246743 0.07116
246755 0.07097
246767 0.07117
246779 0.07174
246827 0.07101
246863 0.07122
246875 0.07047
246887 0.07068
246935 0.07071
246959 0.07073
246995 0.07156
247019 0.07054
247043 0.07158
247079 0.07079
247091 0.07156
247103 0.07028
247115 0.07012
247127 0.06981
247139 0.07163
247151 0.07137
247163 0.07118
247175 0.07024
247187 0.06901
247199 0.0689
247211 0.07167
247235 0.07018
247247 0.07141
247271 0.07088
247283 0.07145
247307 0.0693
247319 0.07043
247331 0.07142
247355 0.07071
247367 0.07093
247379 0.07139
247415 0.07016
247427 0.07131
247475 0.07134
247487 0.07099
247499 0.06892
247523 0.06859
247535 0.07102
247559 0.07029
247571 0.07173
247583 0.07007
247595 0.07036
247619 0.07005
247631 0.07025
247643 0.07169
247679 0.06978
247703 0.07164
247715 0.07042
247727 0.07011
247763 0.0693
247775 0.0699
247787 0.07046
247823 0.0717
247835 0.07158
247859 0.07112
247871 0.07018
247883 0.07154
247895 0.07174
247907 0.07052
247919 0.06982
247931 0.06938
247955 0.07101
247967 0.07123
247979 0.06758
248003 0.0716
248075 0.07164
248087 0.07175
248111 0.06953
248123 0.07166
248147 0.06949
248159 0.07002
248171 0.07168
248183 0.07034
248207 0.07135
248219 0.07136
248255 0.07165
248279 0.06962
248327 0.07141
248339 0.06964
248363 0.07083
248375 0.07013
248387 0.07076
248399 0.07145
248411 0.07125
248423 0.07155
248435 0.07177
248459 0.07122
248471 0.07153
248495 0.07151
248507 0.06967
248519 0.06997
248531 0.0713
248567 0.06972
248591 0.07155
248603 0.07167
248615 0.06979
248651 0.07165
248663 0.07142
248675 0.07163
248699 0.07138
248711 0.07139
248747 0.0685
248771 0.0694
248795 0.07143
248819 0.07101
248843 0.07154
248855 0.06965
248939 0.0705
248951 0.06957
248963 0.07151
248975 0.07174
248999 0.07175
249023 0.07045
249047 0.0712
249071 0.07118
249083 0.07111
249095 0.07026
249167 0.07175
249191 0.07053
249203 0.07163
249227 0.07132
249239 0.07171
249251 0.0713
249263 0.07088
249275 0.06821
249299 0.07074
249323 0.07073
249335 0.07091
249347 0.06817
249371 0.07172
249395 0.07126
249407 0.07099
249431 0.0716
249443 0.07175
249467 0.07118
249479 0.07157
249491 0.07019
249515 0.07179
249527 0.07101
249551 0.07153
249587 0.07111
249599 0.06894
249611 0.07137
249623 0.07075
249683 0.07171
249707 0.06762
249719 0.07144
249731 0.07103
249755 0.07167
249767 0.07059
249791 0.07139
249803 0.07147
249815 0.07085
249839 0.07063
249851 0.07149
249875 0.0715
249899 0.06878
249935 0.07121
249959 0.0713
249983 0.07093
250019 0.06754
250055 0.07124
250067 0.0716
250079 0.07123
250127 0.07058
250139 0.06707
250163 0.07143
250175 0.07133
250187 0.07166
250211 0.07167
250223 0.07105
250247 0.07137
250283 0.07136
250295 0.07037
250319 0.07109
250331 0.07016
250355 0.07174
250379 0.06878
250391 0.07113
250415 0.07145
250427 0.07178
250439 0.07116
250463 0.07117
250475 0.07065
250487 0.07149
250511 0.0715
250523 0.07123
250535 0.0712
250559 0.07096
250571 0.07003
250631 0.07092
250667 0.0681
250679 0.07105
250691 0.07166
250715 0.07165
250763 0.07109
250775 0.07132
250823 0.07089
250835 0.07105
250847 0.07167
250883 0.07102
250895 0.07169
250907 0.06732
250931 0.07088
250943 0.07171
250955 0.07151
251015 0.07175
251027 0.07093
251039 0.07082
251075 0.06974
251111 0.07078
251123 0.07142
251183 0.07153
251195 0.07138
251207 0.07108
251243 0.07135
251267 0.07134
251303 0.07159
251327 0.07088
251339 0.0696
251351 0.07166
251363 0.07075
251375 0.07162
251399 0.0714
251411 0.07008
251423 0.07162
251447 0.07143
251459 0.06834
251495 0.07157
251507 0.07116
251579 0.06947
251591 0.0715
251603 0.06856
251615 0.07151
251627 0.07122
251651 0.07059
251675 0.07125
251687 0.07106
251699 0.0694
251711 0.07179
251723 0.07127
251735 0.07134
251747 0.06848
251759 0.07158
251771 0.07129
251819 0.06787
251855 0.07172
251867 0.07134
251891 0.06953
251963 0.07094
251987 0.07093
251999 0.0717
252011 0.06975
252023 0.07128
252035 0.07142
252059 0.0692
252071 0.07173
252095 0.07123
252107 0.07086
252155 0.06915
252167 0.07117
252179 0.0687
252191 0.07004
252203 0.07151
252215 0.07158
252227 0.07079
252251 0.06971
252263 0.0716
252275 0.07154
252287 0.07174
252299 0.07023
252311 0.07146
252335 0.07164
252347 0.07158
252371 0.07071
252395 0.0716
252407 0.07106
252455 0.07152
252467 0.07066
252479 0.06854
252491 0.07012
252503 0.07172
252527 0.07161
252539 0.0701
252563 0.07168
252575 0.07175
252587 0.07087
252599 0.07157
252623 0.0714
252647 0.07141
252659 0.07003
252671 0.07162
252683 0.06992
252707 0.06896
252719 0.0694
252743 0.07175
252791 0.07146
252803 0.07179
252815 0.07171
252839 0.06713
252851 0.06992
252863 0.07151
252875 0.07175
252947 0.06796
253007 0.0716
253031 0.07132
253043 0.07165
253055 0.07174
253067 0.07164
253079 0.06955
253091 0.07031
253115 0.06978
253139 0.06917
253151 0.07172
253163 0.07158
253199 0.07123
253211 0.06972
253223 0.07177
253259 0.06855
253271 0.07165
253283 0.07021
253295 0.07164
253331 0.07018
253379 0.06929
253391 0.07138
253403 0.07028
253475 0.07141
253487 0.07177
253499 0.07033
253511 0.07079
253523 0.07034
253547 0.07137
253559 0.07149
253571 0.06681
253595 0.07137
253619 0.06941
253631 0.07154
253643 0.07001
253655 0.07153
253667 0.06958
253691 0.06946
253715 0.06997
253727 0.07148
253739 0.06943
253775 0.0716
253799 0.06916
253847 0.07156
253859 0.0705
253895 0.0711
253931 0.07054
253943 0.07128
253955 0.07114
253967 0.0708
253979 0.0693
253991 0.07134
254015 0.07132
254063 0.0713
254075 0.07061
254087 0.07128
254099 0.06964
254111 0.07141
254123 0.07063
254135 0.0714
254159 0.07115
254171 0.07102
254183 0.07137
254219 0.06917
254243 0.07098
254255 0.07133
254303 0.07131
254315 0.07172
254327 0.07086
254339 0.06976
254351 0.07128
254363 0.07091
254375 0.07022
254399 0.06948
254411 0.07088
254435 0.06981
254459 0.06982
254483 0.06919
254495 0.07097
254507 0.07083
254531 0.07083
254543 0.07117
254555 0.07002
254567 0.07101
254591 0.071
254603 0.07087
254639 0.07089
254651 0.07006
254675 0.06883
254687 0.07109
254711 0.07108
254735 0.07083
254759 0.07036
254771 0.07095
254795 0.07096
254807 0.07102
254819 0.06729
254843 0.07064
254867 0.07017
254891 0.07101
254915 0.07102
254939 0.07006
254951 0.07071
254975 0.07079
254999 0.06997
255011 0.07009
255035 0.07108
255047 0.07054
255059 0.07011
255095 0.07086
255119 0.07058
255131 0.06805
255143 0.07084
255203 0.07116
255227 0.0702
255263 0.07034
255275 0.07119
255287 0.07066
255323 0.07039
255335 0.07073
255347 0.06916
255359 0.07049
255395 0.07043
255407 0.07072
255431 0.07073
255455 0.07023
255491 0.07028
255515 0.07027
255527 0.07003
255539 0.07132
255563 0.07133
255599 0.07035
255611 0.07136
255623 0.07057
255635 0.07137
255647 0.07041
255671 0.07055
255683 0.07139
255695 0.07086
255707 0.07058
255719 0.07087
255731 0.07142
255779 0.07144
255791 0.07091
255815 0.07047
255827 0.07064
255863 0.0703
255875 0.0694
255899 0.0715
255911 0.07044
255935 0.07045
255983 0.07037
256007 0.07026
256043 0.0695
256055 0.07104
256067 0.07075
256091 0.07159
256103 0.07016
256115 0.0716
256127 0.07107
256139 0.07161
256235 0.07166
256247 0.07113
256259 0.07167
256271 0.07039
256283 0.06962
256319 0.0695
256331 0.07088
256343 0.06995
256355 0.07172
256367 0.07016
256379 0.06964
256427 0.07093
256439 0.07047
256463 0.07002
256475 0.07095
256487 0.07125
256511 0.07051
256523 0.07179
256547 0.07084
256559 0.07076
256583 0.07077
256595 0.07022
256619 0.07087
256631 0.07132
256655 0.07133
256679 0.06905
256691 0.07106
256703 0.07083
256727 0.07014
256751 0.07137
256775 0.07139
256787 0.06986
256811 0.06985
256823 0.06969
256835 0.07098
256847 0.07067
256859 0.06667
256871 0.07143
256883 0.07115
256895 0.07022
256907 0.07116
256943 0.07057
256955 0.06781
256979 0.07153
257027 0.07122
257039 0.07151
257051 0.07149
257063 0.07063
257075 0.07109
257087 0.07154
257111 0.07102
257147 0.07128
257159 0.07105
257183 0.06949
257207 0.07085
257231 0.07039
257255 0.07109
257267 0.0701
257279 0.07163
257291 0.0712
257303 0.07042
257315 0.07136
257363 0.07138
257375 0.07115
257387 0.07125
257411 0.0713
257423 0.07048
257471 0.0712
257483 0.06807
257507 0.0713
257531 0.07067
257543 0.07123
257567 0.07177
257579 0.07022
257603 0.07026
257615 0.07179
257651 0.07116
257675 0.07074
257699 0.0714
257723 0.07156
257735 0.07173
257759 0.07172
257771 0.07158
257795 0.07108
257807 0.07114
257819 0.07107
257843 0.07161
257855 0.06936
257891 0.07164
257915 0.07165
257927 0.07163
257939 0.06829
257951 0.07143
257963 0.07099
257975 0.0716
258011 0.0717
258047 0.07078
258059 0.07157
258071 0.07149
258083 0.07094
258095 0.06955
258167 0.07149
258179 0.07163
258191 0.0696
258215 0.07156
258227 0.07056
258239 0.07157
258251 0.07178
258263 0.07158
258275 0.07082
258287 0.07137
258311 0.07141
258323 0.07105
258347 0.07171
258359 0.0714
258371 0.0706
258383 0.06893
258419 0.07074
258479 0.07168
258515 0.0707
258575 0.07136
258587 0.07176
258635 0.07062
258647 0.07154
258671 0.07178
258683 0.07122
258695 0.07156
258719 0.06867
258731 0.07168
258755 0.07167
258767 0.06873
258791 0.07146
258815 0.07174
258839 0.07172
258851 0.06873
258863 0.06882
258875 0.07143
258899 0.07159
258911 0.0712
258923 0.07089
258995 0.0709
259031 0.07173
259043 0.07095
259055 0.07174
259067 0.07133
259079 0.06953
259103 0.07158
259115 0.0713
259139 0.07097
259175 0.07165
259187 0.07102
259199 0.07178
259223 0.06865
259235 0.07123
259247 0.06879
259259 0.07139
259283 0.07027
259307 0.06776
259319 0.07172
259331 0.06799
259403 0.07113
259415 0.07176
259439 0.07139
259463 0.07178
259475 0.07114
259487 0.07147
259559 0.07158
259571 0.07122
259595 0.07166
259607 0.06884
259655 0.0717
259703 0.07168
259715 0.06914
259739 0.07113
259763 0.07094
259787 0.07131
259799 0.07162
259811 0.07132
259835 0.07178
259847 0.07039
259859 0.06921
259871 0.07141
259895 0.07055
259979 0.07174
260015 0.07173
260027 0.07142
260039 0.07132
260051 0.07141
260063 0.06906
260075 0.07145
260087 0.06817
260099 0.07143
260123 0.06681
260147 0.06817
260159 0.071
260183 0.07141
260195 0.07162
260219 0.07087
260243 0.06843
260279 0.07136
260291 0.07153
260303 0.07092
260315 0.07156
260327 0.0717
260351 0.07132
260375 0.07114
260423 0.07085
260435 0.07162
260459 0.07161
260471 0.07023
260495 0.07161
260507 0.0676
260531 0.07143
260555 0.06758
260591 0.07156
260603 0.06957
260615 0.071
260627 0.07171
260639 0.07116
260675 0.06952
260687 0.07012
260699 0.07134
260711 0.07095
260759 0.0711
260783 0.07108
260831 0.07143
260843 0.07126
260855 0.07104
260867 0.07051
260891 0.07175
260903 0.06946
260927 0.06716
260963 0.07171
260975 0.07135
261023 0.07095
261035 0.07116
261047 0.07048
261083 0.07023
261095 0.07128
261107 0.07038
261119 0.06741
261131 0.07162
261143 0.06969
261155 0.07163
261179 0.06985
261203 0.07107
261215 0.07056
261227 0.07032
261239 0.07106
261263 0.06975
261275 0.07157
261287 0.07064
261299 0.07155
261311 0.0708
261383 0.06976
261395 0.0715
261419 0.07149
261443 0.07004
261479 0.07068
261491 0.07145
261515 0.0709
261539 0.07002
261551 0.07121
261623 0.07099
261635 0.07134
261647 0.07098
261659 0.07136
261671 0.07077
261683 0.06991
261695 0.07059
261719 0.07129
261731 0.07078
261743 0.07093
261755 0.06895
261767 0.07092
261803 0.06984
261827 0.07
261839 0.07085
261851 0.07072
261875 0.0707
261899 0.07069
261923 0.07118
261947 0.0712
261995 0.06657
262019 0.07062
262031 0.07094
262043 0.07112
262055 0.07144
262067 0.07113
262091 0.07112
262115 0.07029
262175 0.0715
262199 0.07151
262211 0.07052
262223 0.0703
262235 0.07051
262247 0.07022
262259 0.06977
262283 0.07099
262295 0.07156
262307 0.071
262319 0.07157
262343 0.0706
262355 0.07098
262367 0.0711
262403 0.07043
262415 0.07057
262439 0.0699
262463 0.07018
262475 0.07091
262487 0.07053
262499 0.07047
262523 0.07048
262535 0.07118
262547 0.06945
262571 0.07033
262595 0.06826
262607 0.07027
262631 0.0704
262655 0.07124
262667 0.07081
262679 0.07125
262691 0.0708
262727 0.06972
262751 0.07034
262763 0.06933
262775 0.0713
262787 0.07072
262799 0.07131
262811 0.07073
262859 0.07071
262871 0.07175
262907 0.07068
262919 0.06893
262931 0.06827
262943 0.07014
262955 0.06832
262967 0.0717
262979 0.0707
262991 0.07169
263027 0.07062
263039 0.07142
263051 0.07073
263075 0.07056
263099 0.07058
263147 0.07055
263159 0.0706
263231 0.07156
263243 0.06908
263255 0.07155
263279 0.06933
263315 0.07043
263327 0.07156
263339 0.07087
263363 0.07088
263375 0.07148
263435 0.0704
263447 0.07162
263459 0.07093
263471 0.07163
263483 0.07094
263495 0.07081
263507 0.07033
263531 0.07035
263579 0.0698
263603 0.06859
263615 0.07087
263627 0.06905
263639 0.07134
263663 0.07084
263675 0.07006
263687 0.07173
263699 0.06986
263711 0.07174
263771 0.07022
263783 0.06948
263795 0.06968
263807 0.07125
263831 0.07024
263855 0.07178
263879 0.07058
263891 0.06995
263903 0.07096
263939 0.07019
263963 0.07009
263975 0.07092
263987 0.0701
263999 0.07114
264023 0.07065
264047 0.07168
264095 0.07109
264119 0.07164
264131 0.07124
264143 0.07112
264203 0.06946
264227 0.07011
264239 0.07157
264275 0.06995
264287 0.07155
264299 0.07036
264311 0.07115
264335 0.07116
264347 0.06754
264383 0.07123
264407 0.07148
264419 0.07138
264431 0.0712
264455 0.06912
264479 0.07144
264491 0.06981
264503 0.07129
264551 0.0714
264563 0.06904
264575 0.07139
264587 0.06855
264611 0.06921
264623 0.07122
264635 0.0703
264647 0.07123
264683 0.07054
264695 0.07097
264707 0.06972
264719 0.07134
264767 0.06932
264803 0.07156
264851 0.06912
264863 0.07146
264875 0.07159
264887 0.07147
264911 0.07143
264923 0.07162
264947 0.06957
264983 0.07146
265019 0.06786
265031 0.06918
265043 0.06902
265055 0.07155
265103 0.07157
265115 0.07074
265127 0.07146
265139 0.06946
265175 0.07148
265211 0.07175
265259 0.07177
265283 0.06939
265295 0.07166
265319 0.07044
265355 0.07085
265367 0.07169
265379 0.07086
265391 0.0717
265415 0.07167
265439 0.07168
265475 0.06962
265487 0.07163
265499 0.07169
265523 0.06877
265535 0.07177
265559 0.07031
265583 0.07175
265595 0.07164
265631 0.07177
265643 0.0692
265655 0.07171
265667 0.06922
265679 0.07179
265691 0.07101
265715 0.07102
265727 0.07172
265751 0.07175
265763 0.07104
265775 0.07175
265799 0.07148
265811 0.07152
265823 0.07118
265835 0.07151
265895 0.07068
265907 0.0709
265919 0.07067
265931 0.07112
265943 0.0716
265955 0.0697
265967 0.07159
266015 0.07162
266039 0.0716
266063 0.07168
266075 0.06778
266087 0.07167
266123 0.07121
266135 0.07164
266147 0.07101
266171 0.07124
266207 0.07088
266219 0.07126
266231 0.0715
266243 0.06948
266267 0.07106
266303 0.07155
266315 0.07125
266339 0.07124
266363 0.07133
266375 0.07175
266387 0.07112
266399 0.06987
266423 0.07098
266435 0.07114
266459 0.07137
266471 0.07132
266507 0.0701
266531 0.07114
266543 0.07134
266555 0.07142
266579 0.07121
266627 0.07016
266639 0.06821
266651 0.07017
266675 0.07125
266699 0.06865
266723 0.07103
266735 0.07132
266747 0.06914
266771 0.07152
266783 0.07129
266807 0.06994
266819 0.07098
266831 0.07127
266843 0.06858
266855 0.07159
266879 0.07157
266903 0.07169
266915 0.06979
266939 0.07016
266951 0.07112
266963 0.06962
266975 0.07119
266987 0.0714
267011 0.07163
267023 0.0715
267047 0.07008
267083 0.06968
267107 0.06969
267119 0.07145
267155 0.0708
267179 0.07079
267191 0.07177
267215 0.07175
267251 0.0682
267263 0.07137
267275 0.07175
267287 0.07102
267311 0.07134
267335 0.07169
267347 0.07049
267359 0.07132
267371 0.07069
267383 0.07166
267443 0.07176
267455 0.07163
267467 0.07055
267491 0.07173
267503 0.07077
267527 0.0709
267539 0.07171
267563 0.07169
267575 0.07156
267599 0.07119
267623 0.07154
267683 0.07163
267695 0.07157
267731 0.0716
267743 0.0707
267767 0.07077
267779 0.07177
267815 0.07163
267839 0.06912
267851 0.07073
267875 0.07042
267923 0.07026
267935 0.07169
267947 0.07174
267971 0.07028
267983 0.07066
267995 0.07171
268007 0.07133
268019 0.07145
268031 0.07132
268067 0.07083
268079 0.06899
268127 0.07127
268139 0.07139
268163 0.07037
268175 0.07047
268187 0.07019
268223 0.07122
268235 0.07158
268259 0.07042
268319 0.06941
268355 0.07152
268367 0.07169
268379 0.07126
268391 0.07168
268415 0.07111
268427 0.06778
268451 0.07147
268463 0.06955
268499 0.0701
268511 0.07162
268523 0.07118
268535 0.07069
268559 0.07027
268571 0.0714
268583 0.07103
268667 0.06886
268679 0.07021
268691 0.07134
268703 0.07151
268715 0.07098
268727 0.0715
268739 0.07131
268763 0.07101
268787 0.07116
268799 0.07015
268835 0.07118
268847 0.07144
268859 0.07119
268871 0.0709
268907 0.07123
268919 0.07092
268931 0.07108
268943 0.07084
269003 0.07112
269015 0.06905
269027 0.07127
269051 0.07115
269075 0.07129
269099 0.07081
269123 0.07117
269135 0.07102
269147 0.06744
269195 0.07083
269207 0.07125
269243 0.07087
269255 0.07087
269267 0.07104
269279 0.07109
269303 0.07089
269339 0.07092
269363 0.07093
269399 0.07024
269411 0.07145
269423 0.07113
269447 0.06951
269459 0.07133
269471 0.0708
269483 0.07098
269531 0.0715
269555 0.07137
269591 0.07123
269603 0.06838
269627 0.07155
269639 0.07012
269675 0.07157
269699 0.06947
269747 0.06936
269759 0.07093
269807 0.07112
269819 0.07164
269831 0.07134
269843 0.06903
269855 0.07036
269903 0.07033
269915 0.07154
269951 0.0714
269963 0.07156
269975 0.07141
269999 0.07104
270011 0.07104
270035 0.07124
270047 0.07123
270083 0.06928
270095 0.07109
270107 0.07108
270119 0.07148
270155 0.07129
270179 0.0713
270203 0.0703
270215 0.07114
270227 0.07114
270275 0.0717
270335 0.07136
270359 0.07121
270383 0.07063
270419 0.07043
270431 0.07162
270479 0.07023
270503 0.07144
270515 0.07127
270575 0.07053
270599 0.0717
270611 0.07156
270623 0.0705
270647 0.07172
270671 0.07135
270731 0.07027
270743 0.07044
270767 0.07156
270779 0.07163
270803 0.07162
270827 0.07141
270839 0.07016
270863 0.07161
270875 0.07142
270911 0.07174
270935 0.07173
270947 0.07147
270959 0.07172
270983 0.0715
270995 0.07168
271007 0.07167
271019 0.07151
271031 0.07152
271055 0.07167
271091 0.07068
271151 0.07174
271175 0.07175
271187 0.07158
271199 0.06891
271223 0.07019
271235 0.07075
271247 0.07084
271259 0.07179
271271 0.07179
271283 0.06969
271295 0.07164
271307 0.07163
271319 0.07165
271331 0.07164
271343 0.07166
271355 0.07165
271379 0.07173
271391 0.07173
271403 0.07131
271415 0.07148
271439 0.0717
271475 0.0711
271487 0.07144
271511 0.07143
271523 0.0698
271535 0.06952
271559 0.07176
271583 0.07
271631 0.07161
271643 0.07118
271679 0.06907
271691 0.07156
271715 0.07155
271727 0.07156
271751 0.07057
271763 0.07153
271775 0.07153
271823 0.07151
271859 0.07147
271871 0.07167
271883 0.07168
271895 0.07166
271907 0.07167
271931 0.07087
271943 0.07163
271955 0.07164
271979 0.07141
271991 0.07161
272051 0.07159
272075 0.07095
272087 0.07122
272099 0.07094
272123 0.07134
272135 0.07134
272147 0.07075
272159 0.07152
272195 0.07152
272219 0.07129
272243 0.07149
272255 0.07104
272279 0.07082
272291 0.07084
272303 0.07145
272339 0.07065
272363 0.07143
272387 0.06942
272435 0.0713
272459 0.07116
272483 0.07074
272543 0.06951
272555 0.07054
272579 0.07066
272615 0.07128
272627 0.07129
272639 0.07127
272663 0.07149
272675 0.07141
272699 0.07063
272747 0.07144
272783 0.07154
272819 0.07147
272831 0.07156
272843 0.07118
272855 0.07131
272867 0.0715
272891 0.0708
272939 0.07082
272963 0.07111
273023 0.07165
273035 0.07157
273095 0.07168
273119 0.06834
273179 0.07164
273191 0.07173
273203 0.07099
273227 0.07166
273239 0.07149
273263 0.07031
273347 0.0701
273371 0.07173
273383 0.07069
273407 0.07176
273419 0.07067
273443 0.07025
273455 0.07159
273467 0.07107
273479 0.07136
273491 0.07178
273539 0.0711
273563 0.0708
273575 0.07078
273587 0.07112
273599 0.07142
273659 0.07054
273671 0.07169
273683 0.07074
273695 0.0717
273707 0.0717
273731 0.07169
273743 0.07159
273815 0.07155
273839 0.07065
273851 0.07087
273863 0.06797
273875 0.07088
273911 0.07179
273923 0.0709
273959 0.07177
273983 0.07146
274031 0.07144
274043 0.07034
274067 0.07151
274079 0.07171
274091 0.0715
274115 0.07149
274151 0.07167
274175 0.07072
274211 0.0714
274235 0.07141
274247 0.07171
274295 0.0716
274307 0.07042
274319 0.07175
274343 0.07127
274367 0.07126
274379 0.07111
274415 0.07035
274439 0.07084
274487 0.07177
274499 0.07153
274511 0.07175
274523 0.07064
274547 0.07156
274559 0.07028
274571 0.07066
274607 0.07143
274619 0.07159
274643 0.07003
274655 0.07038
274691 0.07071
274703 0.0702
274715 0.07118
274727 0.07137
274763 0.07074
274775 0.07135
274799 0.07133
274823 0.07014
274835 0.07169
274883 0.07133
274907 0.06885
274919 0.07106
274955 0.07105
274967 0.07152
274979 0.06987
274991 0.06987
275015 0.07149
275063 0.07002
275099 0.07098
275111 0.07117
275123 0.07056
275135 0.07143
275171 0.07175
275195 0.07148
275231 0.0712
275243 0.07061
275267 0.0717
275279 0.07135
275291 0.07088
275303 0.07123
275315 0.07167
275375 0.0713
275411 0.07082
275435 0.07161
275471 0.07131
275507 0.07073
275519 0.07133
275555 0.07164
275567 0.06747
275603 0.06916
275615 0.07091
275639 0.06944
275663 0.07059
275675 0.07148
275687 0.07085
275723 0.07171
275759 0.07088
275771 0.07174
275795 0.07086
275807 0.0709
275819 0.07176
275831 0.07147
275843 0.07089
275867 0.06962
275879 0.07094
275891 0.07137
275903 0.06982
275915 0.07092
275975 0.06985
276023 0.07156
276059 0.07172
276071 0.07158
276119 0.0716
276131 0.07168
276143 0.07062
276155 0.07124
276179 0.07042
276203 0.07164
276263 0.07167
276275 0.0716
276299 0.07116
276311 0.07113
276335 0.0717
276383 0.07003
276395 0.07154
276407 0.07117
276419 0.0711
276431 0.07174
276479 0.07047
276491 0.07152
276539 0.07147
276611 0.07158
276635 0.07124
276659 0.07098
276719 0.07061
276731 0.07137
276743 0.06645
276791 0.07058
276803 0.07133
276815 0.07166
276851 0.07134
276863 0.07094
276875 0.07135
276887 0.07095
276899 0.0712
276911 0.0714
276923 0.0704
276935 0.07141
276947 0.07173
276959 0.06786
276971 0.07139
277019 0.07125
277031 0.07155
277043 0.07143
277091 0.07179
277103 0.07151
277115 0.07146
277127 0.07041
277139 0.07131
277151 0.07151
277187 0.07149
277235 0.07172
277271 0.07156
277283 0.0717
277307 0.07154
277319 0.0714
277343 0.07139
277355 0.07166
277367 0.07117
277379 0.07095
277391 0.07162
277403 0.07164
277415 0.07163
277439 0.07134
277451 0.07161
277463 0.07121
277475 0.07146
277523 0.07102
277535 0.07124
277559 0.07169
277571 0.07155
277583 0.07126
277595 0.07167
277619 0.07152
277631 0.07124
277655 0.07014
277667 0.07046
277679 0.07175
277715 0.07173
277739 0.07085
277763 0.07175
277775 0.07116
277799 0.07115
277811 0.07161
277823 0.07114
277835 0.07141
277907 0.07041
277943 0.06891
277955 0.07175
277967 0.07049
277991 0.07076
278003 0.07072
278027 0.07131
278039 0.07103
278099 0.07174
278159 0.07161
278171 0.07066
278183 0.07153
278231 0.06985
278303 0.07089
278339 0.0706
278375 0.07162
278411 0.0717
278423 0.06863
278435 0.0715
278483 0.07167
278519 0.07074
278567 0.07101
278579 0.07162
278603 0.0716
278615 0.07172
278663 0.07175
278675 0.07038
278699 0.07154
278711 0.07132
278723 0.07136
278735 0.07178
278759 0.06866
278783 0.07111
278795 0.07092
278831 0.07177
278915 0.07144
278939 0.07131
278951 0.0712
278963 0.07166
278975 0.07055
278987 0.07122
279011 0.07042
279059 0.0717
279107 0.07116
279155 0.07132
279167 0.07159
279191 0.07129
279227 0.0711
279239 0.07105
279251 0.07144
279263 0.06793
279275 0.07126
279287 0.07103
279299 0.07178
279323 0.07148
279335 0.07151
279347 0.0679
279359 0.07111
279395 0.07173
279419 0.07152
279455 0.07141
279467 0.07058
279491 0.07115
279527 0.07144
279563 0.07164
279575 0.07146
279587 0.07092
279599 0.07122
279611 0.07162
279623 0.07136
279647 0.07135
279683 0.07072
279695 0.07132
279719 0.07127
279743 0.0713
279755 0.07167
279791 0.07156
279803 0.07152
279839 0.07133
279875 0.07148
279887 0.0716
279899 0.07173
279911 0.07121
279959 0.06988
279971 0.07176
279995 0.07178
280007 0.07117
280019 0.07087
280043 0.0715
280055 0.07168
280079 0.0695
280115 0.07176
280127 0.07171
280151 0.07147
280163 0.07173
280175 0.07108
280211 0.07171
280235 0.0717
280247 0.07176
280271 0.06945
280283 0.07167
280295 0.07178
280307 0.07162
280331 0.07165
280343 0.07179
280355 0.0715
280367 0.07177
280379 0.07151
280391 0.07176
280403 0.07131
280415 0.07175
280427 0.07167
280439 0.07045
280475 0.07169
280511 0.07163
280523 0.07171
280535 0.06977
280559 0.07165
280571 0.07173
280595 0.07174
280619 0.07162
280643 0.07176
280667 0.07164
280679 0.0717
280691 0.07165
280715 0.07166
280727 0.07172
280739 0.07167
280763 0.07143
280775 0.07028
280799 0.06964
280823 0.07075
280847 0.06855
280919 0.0703
280931 0.07168
280955 0.07177
280991 0.07175
281003 0.07158
281015 0.07173
281027 0.06709
281039 0.07036
281075 0.07177
281087 0.07141
281099 0.07126
281111 0.07032
281123 0.07136
281135 0.07167
281147 0.07157
281219 0.0717
281231 0.07162
281255 0.07038
281267 0.0717
281303 0.07047
281375 0.07051
281387 0.06962
281399 0.07052
281435 0.07177
281447 0.07047
281459 0.07151
281471 0.07048
281483 0.07106
281507 0.07179
281519 0.07
281543 0.07118
281591 0.07037
281603 0.07134
281639 0.07062
281675 0.07146
281723 0.07163
281735 0.07066
281759 0.07025
281819 0.07089
281843 0.0688
281855 0.07029
281891 0.07159
281903 0.07099
281951 0.07126
281975 0.07077
281987 0.06693
281999 0.07022
282035 0.0683
282083 0.07149
282107 0.07109
282119 0.07016
282131 0.07108
282179 0.07176
282203 0.07041
282263 0.0709
282275 0.07116
282323 0.07098
282347 0.06815
282359 0.07051
282371 0.07166
282419 0.07059
282431 0.07073
282443 0.07163
282467 0.0713
282479 0.07099
282491 0.07129
282503 0.07044
282539 0.06827
282551 0.07096
282575 0.07104
282587 0.07124
282611 0.07123
282647 0.071
282659 0.06841
282695 0.07088
282719 0.0711
282731 0.07148
282743 0.07111
282755 0.07147
282779 0.07146
282791 0.07106
282803 0.07067
282815 0.07114
282839 0.07081
282863 0.0706
282875 0.07141
282899 0.0714
282923 0.07034
282935 0.07119
282947 0.07067
282983 0.07054
283019 0.07079
283043 0.06905
283067 0.07079
283091 0.07099
283103 0.07052
283115 0.07129
283127 0.0695
283175 0.07087
283187 0.06912
283199 0.07131
283223 0.07033
283247 0.07032
283259 0.07121
283271 0.07134
283283 0.07016
283307 0.07089
283319 0.0708
283331 0.06975
283343 0.07131
283367 0.07064
283379 0.07115
283415 0.07084
283427 0.07095
283475 0.0704
283499 0.06915
283523 0.07108
283535 0.07146
283559 0.07045
283595 0.07105
283619 0.07049
283643 0.06932
283667 0.06889
283679 0.07096
283715 0.07099
283727 0.07111
283739 0.07043
283775 0.07156
283787 0.07064
283823 0.07152
283847 0.07153
283871 0.07154
283883 0.07115
283919 0.07163
283943 0.06998
283955 0.07118
283967 0.07158
284015 0.06969
284027 0.07121
284075 0.07081
284087 0.07019
284099 0.06885
284123 0.07078
284147 0.07046
284171 0.06899
284183 0.07106
284207 0.07168
284279 0.07178
284291 0.07133
284303 0.06982
284315 0.06961
284327 0.07106
284351 0.07175
284363 0.07035
284375 0.0714
284399 0.07175
284411 0.07138
284435 0.07063
284471 0.07179
284519 0.07132
284531 0.06971
284543 0.07168
284567 0.07116
284579 0.06973
284627 0.07147
284639 0.07126
284663 0.06886
284675 0.06948
284687 0.07168
284699 0.06995
284711 0.0713
284735 0.07158
284771 0.07154
284795 0.06991
284855 0.07161
284891 0.07159
284903 0.0715
284939 0.06988
284951 0.07133
284975 0.07154
284999 0.07167
285011 0.07003
285035 0.07165
285059 0.06994
285083 0.07
285095 0.0714
285143 0.0716
285167 0.07144
285203 0.07025
285215 0.07163
285239 0.0681
285299 0.0702
285311 0.07026
285323 0.06988
285335 0.07168
285347 0.06987
285359 0.07176
285371 0.07016
285383 0.07029
285395 0.07178
285407 0.07153
285419 0.07009
285431 0.07123
285443 0.07013
285455 0.07162
285467 0.06981
285479 0.06975
285491 0.0698
285503 0.07175
285515 0.06958
285527 0.07168
285551 0.07166
285563 0.0717
285575 0.07037
285587 0.07169
285623 0.07169
285635 0.07166
285647 0.07061
285671 0.07176
285683 0.06965
285719 0.07158
285743 0.07172
285755 0.0716
285779 0.06996
285851 0.06962
285863 0.07179
285875 0.07029
285899 0.06831
285923 0.07152
285935 0.07176
285947 0.07151
285959 0.06928
285995 0.06986
286031 0.07158
286055 0.07178
286079 0.06933
286091 0.07039
286127 0.07138
286139 0.07041
286151 0.07165
286175 0.07164
286211 0.06988
286223 0.07169
286235 0.07136
286247 0.07168
286259 0.07046
286271 0.07146
286283 0.07134
286307 0.0694
286331 0.07049
286343 0.07142
286379 0.06918
286439 0.07095
286463 0.07157
286475 0.07055
286511 0.07147
286523 0.06991
286535 0.07154
286559 0.07067
286571 0.06874
286595 0.06994
286607 0.06672
286631 0.07113
286667 0.07115
286679 0.0711
286691 0.07009
286739 0.07067
286787 0.067
286799 0.07111
286823 0.07119
286883 0.07104
286895 0.07128
286907 0.06873
286919 0.07114
286931 0.0702
286943 0.07125
286955 0.071
286979 0.07011
287015 0.0713
287039 0.07121
287051 0.07096
287063 0.07107
287075 0.07081
287111 0.07125
287123 0.07092
287147 0.07091
287171 0.06953
287195 0.0702
287207 0.07108
287231 0.07098
287255 0.07118
287303 0.07038
287315 0.06959
287339 0.07037
287351 0.07135
287363 0.07038
287375 0.07116
287411 0.07096
287423 0.07109
287447 0.07108
287459 0.07031
287471 0.07071
287483 0.07099
287495 0.07098
287507 0.07073
287519 0.07097
287531 0.06968
287543 0.07123
287555 0.07102
287603 0.07104
287615 0.07092
287627 0.0692
287639 0.07147
287651 0.07066
287663 0.0709
287675 0.07065
287687 0.07149
287699 0.06976
287711 0.07075
287723 0.07063
287735 0.07094
287759 0.07072
287843 0.07059
287879 0.0708
287903 0.07138
287927 0.07008
287951 0.07083
287963 0.07053
287975 0.07082
287999 0.07085
288011 0.07122
288035 0.07067
288047 0.06979
288059 0.06991
288071 0.07166
288083 0.07125
288095 0.07076
288107 0.07044
288119 0.07168
288131 0.07127
288143 0.07074
288155 0.07073
288167 0.07092
288215 0.07172
288251 0.07037
288263 0.06984
288275 0.07067
288287 0.07175
288311 0.0703
288347 0.07032
288371 0.07082
288419 0.06941
288431 0.07161
288443 0.06881
288455 0.07176
288479 0.07105
288503 0.07164
288515 0.07144
288563 0.07146
288575 0.07167
288587 0.06808
288599 0.07044
288611 0.07092
288623 0.0705
288659 0.0715
288671 0.07172
288695 0.07165
288707 0.06892
288719 0.07049
288743 0.07175
288779 0.0697
288791 0.0716
288815 0.07041
288827 0.07009
288863 0.07018
288887 0.07178
288899 0.0716
288923 0.07028
288959 0.07126
288983 0.07025
288995 0.07164
289043 0.07034
289055 0.0717
289079 0.07146
289091 0.06996
289115 0.07169
289163 0.07116
289175 0.07141
289187 0.06804
289199 0.0714
289247 0.07137
289259 0.0712
289271 0.07159
289355 0.07179
289379 0.07114
289391 0.07153
289403 0.07126
289427 0.06997
289451 0.07175
289475 0.06997
289535 0.07151
289547 0.06786
289571 0.07169
289583 0.07045
289595 0.07135
289619 0.07166
289631 0.07155
289691 0.07163
289703 0.0709
289739 0.07141
289751 0.0716
289775 0.07095
289799 0.07094
289811 0.07014
289823 0.06916
289835 0.07145
289883 0.07147
289907 0.06957
289919 0.07167
289931 0.07006
289943 0.07126
289979 0.07148
290003 0.07141
290051 0.07154
290063 0.06905
290075 0.07144
290087 0.07175
290099 0.07156
290123 0.07157
290147 0.07028
290159 0.07092
290195 0.07138
290207 0.06974
290231 0.07114
290255 0.07115
290279 0.07114
290291 0.07165
290303 0.07076
290315 0.06961
290339 0.07156
290363 0.07157
290375 0.07171
290387 0.06964
290411 0.07159
290423 0.0712
290435 0.07093
290483 0.06929
290507 0.06861
290519 0.07164
290543 0.07086
290567 0.07162
290579 0.07177
290603 0.07118
290615 0.07131
290639 0.07132
290675 0.0717
290687 0.07134
290699 0.07177
290723 0.07176
290747 0.07054
290759 0.07152
290783 0.07136
290795 0.07172
290819 0.07176
290831 0.07138
290867 0.06911
290891 0.07179
290903 0.0694
290915 0.07179
290951 0.06959
290975 0.07076
291011 0.07118
291023 0.07107
291047 0.07049
291059 0.07159
291071 0.0715
291095 0.07151
291119 0.0715
291131 0.07123
291203 0.07152
291227 0.06691
291239 0.07158
291251 0.07086
291311 0.07161
291323 0.07159
291383 0.06958
291395 0.07155
291407 0.0712
291431 0.07053
291455 0.06961
291479 0.07168
291515 0.07137
291527 0.07128
291551 0.07129
291575 0.07172
291587 0.0709
291599 0.07171
291623 0.06899
291659 0.07142
291671 0.07134
291707 0.07095
291719 0.07178
291731 0.07139
291755 0.07125
291803 0.07152
291839 0.07178
291851 0.0712
291863 0.07033
291875 0.07132
291911 0.06911
291935 0.07171
291947 0.07031
291959 0.07172
292007 0.07003
292019 0.07106
292031 0.07166
292043 0.07162
292067 0.07036
292115 0.07165
292139 0.07166
292151 0.07163
292163 0.07112
292175 0.07156
292187 0.07116
292199 0.07158
292211 0.07117
292247 0.07159
292271 0.0716
292295 0.07156
292307 0.07001
292331 0.07109
292355 0.07175
292379 0.07176
292391 0.07165
292403 0.07123
292415 0.07166
292451 0.0718
292463 0.07004
292475 0.07128
292499 0.07127
292511 0.0717
292523 0.07176
292535 0.07
292547 0.06948
292559 0.06977
292571 0.07012
292583 0.07173
292595 0.07173
292619 0.07134
292655 0.07176
292739 0.07137
292751 0.06967
292763 0.07127
292775 0.07178
292787 0.07067
292799 0.07131
292811 0.07086
292823 0.07175
292847 0.07051
292859 0.07144
292883 0.07143
292907 0.07026
292919 0.07125
292931 0.07156
292955 0.07148
292967 0.0698
292991 0.07119
293003 0.07137
293027 0.07151
293039 0.07117
293063 0.07164
293075 0.0714
293135 0.07052
293159 0.07111
293171 0.07157
293183 0.07112
293195 0.07156
293219 0.07159
293231 0.07155
293243 0.07158
293255 0.07057
293267 0.07162
293291 0.0716
293303 0.06807
293315 0.0715
293327 0.07151
293363 0.07152
293375 0.06997
293387 0.06984
293411 0.07154
293447 0.07145
293471 0.07098
293519 0.07069
293579 0.07173
293591 0.07093
293615 0.07137
293627 0.06831
293663 0.07134
293675 0.07179
293687 0.06809
293747 0.07108
293759 0.07079
293771 0.07176
293807 0.0708
293819 0.07176
293879 0.07076
293891 0.0717
293903 0.07123
293915 0.07176
293927 0.07074
293939 0.07177
293963 0.07169
293975 0.07088
293987 0.07118
294011 0.07073
294035 0.07178
294083 0.07176
294095 0.07093
294143 0.07066
294191 0.07077
294203 0.0717
294215 0.07078
294239 0.07099
294263 0.07105
294275 0.07084
294287 0.07104
294299 0.0715
294323 0.07151
294371 0.07149
294395 0.07085
294407 0.07106
294419 0.0709
294443 0.07158
294491 0.07156
294503 0.07049
294515 0.07004
294527 0.07093
294539 0.07095
294575 0.07094
294587 0.07143
294599 0.07042
294611 0.0715
294671 0.07086
294683 0.06922
294695 0.07118
294719 0.07054
294743 0.07037
294755 0.0715
294767 0.07081
294779 0.07127
294791 0.0708
294839 0.07036
294851 0.07138
294863 0.07106
294875 0.07155
294899 0.07054
294935 0.07128
294959 0.07064
294971 0.07133
295019 0.07115
295043 0.07117
295067 0.06905
295091 0.07119
295103 0.06928
295127 0.07117
295139 0.07112
295151 0.07118
295175 0.07061
295211 0.07124
295223 0.07059
295235 0.07107
295295 0.07124
295307 0.06902
295331 0.0704
295343 0.07057
295367 0.07082
295391 0.07059
295403 0.07099
295427 0.07133
295487 0.07152
295499 0.07092
295511 0.06903
295523 0.07176
295559 0.06996
295583 0.06997
295619 0.07141
295643 0.0717
295655 0.07139
295667 0.07143
295679 0.07071
295715 0.07089
295739 0.0709
295775 0.07033
295811 0.07092
295859 0.07077
295883 0.07096
295907 0.0709
295919 0.0717
295931 0.07156
295955 0.07155
295979 0.07084
295991 0.06891
296003 0.07101
296015 0.07085
296039 0.06976
296063 0.07156
296075 0.07097
296087 0.07157
296111 0.07178
296123 0.07099
296135 0.07159
296147 0.07163
296171 0.07
296207 0.07117
296219 0.07058
296255 0.07174
296291 0.07169
296303 0.07008
296327 0.07167
296339 0.07171
296351 0.0717
296375 0.07169
296387 0.06982
296399 0.06983
296411 0.07118
296423 0.07102
296435 0.07175
296459 0.07176
296471 0.07174
296495 0.07175
296531 0.07179
296555 0.07179
296603 0.07054
296615 0.06993
296639 0.07156
296675 0.07129
296699 0.07172
296723 0.07131
296735 0.07174
296747 0.07126
296759 0.0715
296783 0.06985
296807 0.07148
296855 0.07168
296867 0.07111
296879 0.07145
296903 0.07122
296915 0.07139
296927 0.06773
296939 0.0716
296951 0.07141
296963 0.07141
296975 0.07162
296999 0.0715
297011 0.07157
297047 0.07159
297071 0.07153
297107 0.06978
297119 0.07013
297143 0.07132
297179 0.0715
297203 0.07026
297239 0.0716
297275 0.07092
297287 0.06961
297299 0.07021
297347 0.07022
297383 0.07024
297395 0.07153
297407 0.07141
297419 0.06942
297443 0.07161
297479 0.0717
297491 0.07081
297515 0.07158
297527 0.07172
297539 0.07131
297551 0.07173
297575 0.07133
297587 0.0701
297599 0.0711
297611 0.07168
297743 0.07158
297755 0.07174
297767 0.07176
297815 0.07161
297827 0.07171
297839 0.07098
297851 0.07178
297863 0.07002
297875 0.07115
297887 0.07096
297923 0.07175
297935 0.07166
297959 0.07167
297995 0.07174
298007 0.07113
298019 0.07108
298067 0.07178
298079 0.07161
298103 0.07108
298115 0.07104
298127 0.06909
298139 0.07103
298163 0.07166
298175 0.07176
298235 0.0717
298271 0.071
298319 0.0715
298331 0.07094
298367 0.07096
298379 0.07091
298391 0.07072
298403 0.07155
298415 0.07145
298439 0.06985
298463 0.0717
298475 0.07159
298499 0.0715
298511 0.07141
298523 0.0705
298571 0.07154
298619 0.07144
298643 0.07143
298655 0.07134
298703 0.07037
298727 0.06997
298751 0.07039
298763 0.07145
298775 0.07155
298787 0.06973
298811 0.07142
298835 0.07141
298859 0.07133
298871 0.07151
298883 0.0699
298919 0.07148
298931 0.07137
298967 0.06705
298979 0.07056
298991 0.07044
299003 0.07126
299051 0.07059
299075 0.0713
299111 0.07112
299123 0.07096
299135 0.07138
299183 0.07136
299195 0.07117
299207 0.07056
299219 0.07066
299231 0.06743
299243 0.07122
299267 0.07121
299279 0.07131
299291 0.07103
299303 0.07062
299327 0.07028
299339 0.07071
299387 0.07086
299399 0.07034
299423 0.07067
299459 0.07076
299483 0.06988
299495 0.07113
299519 0.07039
299531 0.07092
299543 0.07072
299555 0.07036
299591 0.07089
299627 0.06987
299639 0.06791
299663 0.07119
299675 0.07119
299735 0.0708
299759 0.07081
299795 0.07124
299831 0.07105
299867 0.07092
299879 0.07076
299915 0.07129
299939 0.07081
299963 0.0708
299975 0.07098
299987 0.07015
299999 0.07133
300035 0.07112
300059 0.07101
300071 0.07053
300083 0.07075
300095 0.07137
300143 0.07139
300155 0.07139
300167 0.07011
300179 0.07106
300203 0.07141
300215 0.07059
300227 0.07046
300251 0.07143
300263 0.07144
300275 0.07144
300311 0.07082
300335 0.07073
300359 0.07148
300371 0.07148
300383 0.07107
300407 0.06684
300419 0.07059
300443 0.07129
300467 0.07152
300479 0.07111
300527 0.07045
300539 0.07121
300563 0.06908
300575 0.07115
300599 0.07158
300611 0.07158
300659 0.07126
300731 0.07054
300755 0.07142
300767 0.07019
300791 0.0706
300803 0.07041
300827 0.07047
300839 0.07126
300863 0.07056
300875 0.07073
300899 0.07135
300911 0.07025
300947 0.0715
300959 0.07099
300983 0.07132
300995 0.07139
301007 0.07029
301019 0.07066
301031 0.07102
301043 0.0703
301055 0.07094
301103 0.07105
301139 0.07071
301151 0.07178
301163 0.07178
301175 0.07177
301199 0.07109
301223 0.0704
301235 0.07088
301271 0.06959
301283 0.0709
301307 0.07172
301379 0.07081
301391 0.07108
301415 0.07004
301427 0.0717
301439 0.07164
301451 0.07165
301475 0.07164
301511 0.07121
301523 0.07015
301535 0.07122
301547 0.07175
301559 0.07051
301571 0.07163
301607 0.07117
301667 0.07072
301679 0.07153
301691 0.07178
301727 0.06995
301739 0.07096
301763 0.0711
301787 0.07149
301799 0.07061
301811 0.06931
301823 0.07146
301835 0.07174
301847 0.07063
301859 0.07175
301883 0.07169
301919 0.0717
301955 0.06987
301967 0.07049
302003 0.06985
302039 0.07008
302051 0.0699
302063 0.07176
302087 0.07137
302099 0.06972
302147 0.07132
302159 0.07179
302183 0.07129
302195 0.0713
302207 0.06967
302219 0.07168
302231 0.07143
302243 0.07129
302255 0.07175
302267 0.07165
302303 0.07172
302315 0.07163
302327 0.07083
302339 0.06969
302351 0.0717
302363 0.07146
302387 0.07145
302423 0.07159
302435 0.07143
302447 0.06726
302471 0.07161
302495 0.07027
302519 0.07163
302531 0.07153
302543 0.07112
302555 0.07142
302591 0.07159
302603 0.06992
302615 0.07167
302639 0.07033
302651 0.07147
302675 0.07147
302687 0.06945
302699 0.07145
302735 0.07152
302771 0.07151
302807 0.07166
302855 0.07168
302867 0.07155
302879 0.07042
302915 0.07157
302939 0.07134
302963 0.07159
302975 0.07177
302987 0.06949
303023 0.07175
303059 0.0715
303071 0.07177
303083 0.07112
303095 0.07171
303107 0.07152
303131 0.0694
303167 0.07099
303179 0.07122
303203 0.07169
303215 0.0708
303239 0.07174
303263 0.07127
303275 0.07172
303311 0.07125
303335 0.07124
303347 0.07175
303359 0.07159
303383 0.07158
303419 0.07165
303443 0.06926
303455 0.07164
303467 0.07094
303479 0.07163
303503 0.07116
303527 0.07132
303563 0.06801
303575 0.07134
303599 0.06832
303611 0.07173
303623 0.07147
303659 0.07154
303671 0.07144
303695 0.0712
303719 0.07152
303743 0.07122
303755 0.07179
303851 0.07091
303863 0.07135
303875 0.0716
303899 0.07089
303911 0.07148
303923 0.07158
303935 0.07142
303947 0.07048
303971 0.07071
303995 0.07167
304007 0.07133
304019 0.07168
304031 0.06889
304043 0.07152
304079 0.07135
304103 0.07124
304115 0.07149
304139 0.06953
304175 0.07159
304235 0.07158
304247 0.07099
304271 0.07126
304283 0.07061
304319 0.07114
304343 0.07113
304355 0.07138
304379 0.07151
304415 0.0715
304427 0.07173
304451 0.07148
304463 0.07023
304487 0.07172
304499 0.0717
304535 0.07068
304547 0.07129
304571 0.07142
304583 0.06964
304607 0.07176
304655 0.07178
304679 0.07179
304691 0.07161
304703 0.07161
304727 0.07105
304775 0.07102
304799 0.07174
304823 0.07166
304835 0.07154
304859 0.07044
304871 0.07171
304895 0.07169
304919 0.07168
304931 0.0715
304955 0.07149
304991 0.07165
305003 0.07091
305015 0.07174
305027 0.07121
305051 0.0712
305075 0.07119
305087 0.07177
305099 0.0692
305123 0.07096
305159 0.07157
305171 0.07114
305183 0.07074
305207 0.07177
305279 0.07079
305303 0.07068
305315 0.07132
305327 0.07171
305387 0.07025
305399 0.07146
305447 0.07144
305459 0.07007
305507 0.07099
305519 0.07151
305531 0.07122
305555 0.07096
305579 0.07095
305591 0.07159
305615 0.07063
305651 0.07117
305675 0.07115
305687 0.07154
305699 0.0709
305711 0.07158
305735 0.07159
305747 0.07112
305795 0.07109
305807 0.07149
305819 0.07124
305831 0.07163
305843 0.07125
305855 0.07164
305879 0.07165
305891 0.07081
305915 0.0708
305939 0.07103
305951 0.07038
305963 0.0713
305975 0.07119
306035 0.07133
306059 0.07073
306095 0.07174
306107 0.07095
306119 0.07112
306131 0.07094
306143 0.07133
306179 0.07139
306203 0.07052
306215 0.07179
306227 0.06981
306251 0.07088
306275 0.07142
306287 0.07105
306299 0.07143
306311 0.07176
306323 0.07144
306335 0.07124
306383 0.07037
306395 0.07043
306443 0.07091
306515 0.07094
306539 0.07153
306575 0.07164
306599 0.0709
306611 0.07156
306623 0.07047
306635 0.07157
306647 0.0716
306659 0.07158
306671 0.07124
306683 0.06842
306719 0.07157
306731 0.06958
306743 0.07105
306755 0.07162
306767 0.07155
306791 0.07002
306803 0.07024
306851 0.07107
306863 0.07088
306875 0.07167
306887 0.06762
306923 0.07019
306935 0.07147
306959 0.07073
306983 0.07094
306995 0.07113
307007 0.07143
307043 0.0693
307055 0.07141
307127 0.06994
307139 0.07177
307175 0.07136
307199 0.07135
307211 0.07179
307235 0.071
307271 0.07148
307295 0.07074
307307 0.07126
307319 0.07129
307331 0.07127
307343 0.07076
307379 0.07171
307403 0.06997
307427 0.07131
307439 0.07111
307463 0.07044
307475 0.07166
307499 0.07165
307559 0.0716
307607 0.07162
307643 0.07158
307655 0.0712
307667 0.07024
307679 0.07165
307703 0.07061
307739 0.06914
307751 0.07066
307763 0.07153
307775 0.07169
307787 0.07102
307799 0.07095
307835 0.07147
307847 0.07172
307883 0.07149
307895 0.07174
307907 0.0691
307943 0.07049
307991 0.07177
308039 0.07179
308063 0.07137
308099 0.07135
308111 0.07139
308123 0.07159
308159 0.07174
308171 0.07161
308183 0.07141
308195 0.07118
308231 0.07085
308243 0.06959
308279 0.07145
308315 0.07167
308339 0.07126
308351 0.07148
308363 0.07168
308375 0.07149
308399 0.0715
308459 0.07129
308483 0.0712
308495 0.07154
308531 0.07152
308543 0.07156
308555 0.07153
308567 0.07088
308579 0.07154
308591 0.07158
308603 0.07178
308651 0.07136
308675 0.07137
308687 0.07066
308699 0.07159
308735 0.07147
308783 0.07107
308795 0.07172
308819 0.07143
308831 0.07168
308843 0.06747
308867 0.07166
308879 0.07141
308915 0.06943
308963 0.06982
308975 0.07105
308987 0.06964
309023 0.07175
309035 0.07094
309047 0.07133
309071 0.07119
309119 0.07179
309143 0.07112
309155 0.07177
309179 0.07085
309191 0.07151
309203 0.07153
309227 0.07087
309239 0.07175
309263 0.07127
309275 0.07176
309299 0.07162
309347 0.06827
309383 0.07168
309419 0.0717
309431 0.07166
309443 0.07075
309455 0.07124
309467 0.07168
309491 0.07098
309515 0.07171
309527 0.07111
309551 0.0716
309563 0.06934
309575 0.07025
309611 0.07175
309659 0.07177
309683 0.07131
309695 0.07171
309719 0.06887
309791 0.07175
309815 0.07139
309827 0.07175
309839 0.07147
309863 0.07058
309875 0.07149
309887 0.07011
309923 0.06949
309947 0.07145
309959 0.07008
309983 0.07176
309995 0.07023
310007 0.07157
310031 0.07147
310067 0.0714
310079 0.07135
310103 0.07161
310115 0.07162
310139 0.07137
310151 0.0707
310163 0.06873
310199 0.07166
310247 0.07073
310259 0.07034
310271 0.07163
310295 0.07168
310307 0.07153
310319 0.0698
310343 0.0716
310367 0.07073
310403 0.0704
310475 0.07095
310487 0.06907
310523 0.06815
310535 0.07065
310583 0.07179
310607 0.07178
310619 0.07138
310631 0.07171
310679 0.06976
310703 0.07174
310739 0.07148
310751 0.07055
310763 0.07054
310775 0.0717
310787 0.07131
310799 0.07164
310811 0.0708
310835 0.07039
310859 0.07011
310871 0.07166
310895 0.07177
310943 0.07005
310967 0.06913
310979 0.07122
310991 0.07171
311003 0.07071
311039 0.07092
311051 0.0716
311063 0.07174
311075 0.07094
311087 0.07156
311135 0.07166
311147 0.07164
311159 0.07014
311195 0.07112
311207 0.07162
311219 0.07167
311231 0.07119
311243 0.07073
311255 0.07082
311315 0.07106
311327 0.06941
311339 0.07082
311351 0.06952
311363 0.07031
311375 0.07171
311387 0.07103
311411 0.07052
311423 0.07024
311459 0.07177
311471 0.07167
311483 0.07049
311519 0.0707
311543 0.07135
311579 0.07094
311591 0.07133
311627 0.07175
311639 0.071
311651 0.0709
311663 0.07158
311675 0.07179
311699 0.06973
311723 0.07021
311771 0.07094
311783 0.07135
311795 0.07085
311819 0.07166
311831 0.0715
311855 0.07138
311879 0.07148
311891 0.07071
311903 0.07131
311927 0.07118
311939 0.07072
311975 0.07144
311987 0.07159
311999 0.07143
312011 0.07057
312035 0.07157
312059 0.07106
312095 0.07147
312119 0.07078
312131 0.07152
312143 0.07042
312167 0.0715
312179 0.07082
312191 0.07155
312215 0.07133
312227 0.07148
312239 0.07132
312263 0.07154
312275 0.07114
312359 0.07126
312395 0.0714
312419 0.07139
312443 0.0705
312455 0.07162
312467 0.07104
312479 0.07121
312491 0.07105
312503 0.0712
312515 0.07135
312539 0.07107
312575 0.07057
312587 0.07098
312611 0.07099
312647 0.06994
312659 0.07128
312671 0.0717
312683 0.07084
312731 0.07133
312755 0.07124
312767 0.07174
312791 0.07175
312803 0.07088
312827 0.0712
312851 0.07119
312875 0.07118
312911 0.07084
312935 0.07085
312947 0.07123
312959 0.0704
312983 0.07176
313007 0.07175
313019 0.07006
313043 0.06979
313055 0.07173
313067 0.07117
313091 0.07147
313115 0.07101
313139 0.07149
313175 0.07089
313199 0.07088
313223 0.07096
313235 0.07153
313259 0.07154
313283 0.07108
313319 0.07083
313355 0.07139
313367 0.07052
313379 0.07013
313403 0.07088
313427 0.07132
313451 0.07161
313463 0.07154
313475 0.07162
313487 0.07096
313499 0.07163
313535 0.07045
313547 0.07147
313559 0.07072
313595 0.07138
313607 0.07053
313667 0.07151
313691 0.07152
313703 0.07037
313751 0.07117
313775 0.0714
313787 0.07146
313799 0.07119
313823 0.0706
313835 0.07158
313847 0.07137
313859 0.07177
313871 0.07042
313895 0.07134
313919 0.07124
313943 0.07132
313967 0.07131
314015 0.07051
314027 0.07137
314051 0.07138
314075 0.07168
314087 0.07032
314099 0.07158
314111 0.07131
314123 0.06914
314147 0.0717
314183 0.07134
314195 0.07172
314207 0.07066
314231 0.07057
314279 0.07138
314291 0.07148
314315 0.07167
314375 0.07056
314411 0.07157
314435 0.07156
314447 0.07109
314459 0.07176
314471 0.06938
314483 0.07155
314495 0.07002
314507 0.07002
314519 0.07147
314531 0.07173
314555 0.06975
314579 0.07177
314615 0.07102
314663 0.07031
314675 0.07166
314687 0.07075
314699 0.07177
314759 0.06864
314783 0.07094
314795 0.07172
314819 0.07144
314843 0.06987
314867 0.0717
314891 0.07027
314939 0.07025
314951 0.07095
314963 0.07174
314975 0.07165
314987 0.07175
314999 0.07097
315023 0.07167
315035 0.0715
315071 0.07169
315095 0.0717
315119 0.07171
315131 0.07178
315143 0.07054
315167 0.07077
315191 0.07056
315203 0.07159
315215 0.07106
315239 0.07176
315275 0.07162
315287 0.0706
315299 0.07163
315311 0.07061
315323 0.07116
315383 0.07064
315419 0.07168
315431 0.07062
315443 0.07011
315455 0.07115
315479 0.07173
315491 0.07129
315503 0.07068
315563 0.07159
315575 0.07169
315587 0.07158
315611 0.07135
315623 0.07069
315647 0.06841
315659 0.07177
315683 0.07099
315695 0.07163
315707 0.07119
315719 0.07126
315731 0.07151
315755 0.07178
315767 0.06906
315791 0.07128
315815 0.07081
315827 0.07147
315839 0.07157
315863 0.07156
315875 0.07173
315887 0.07132
315911 0.07153
315923 0.07171
315935 0.07152
315947 0.0703
315971 0.0714
315983 0.0715
316007 0.07127
316043 0.07165
316079 0.07146
316091 0.07163
316103 0.06942
316115 0.07162
316151 0.07143
316163 0.0716
316175 0.07142
316187 0.0713
316199 0.0714
316211 0.07097
316247 0.06925
316295 0.07148
316307 0.07104
316319 0.07066
316331 0.07152
316355 0.07151
316415 0.07143
316427 0.06959
316451 0.0705
316463 0.07106
316475 0.07146
316487 0.07156
316511 0.07157
316523 0.07143
316535 0.07105
316547 0.07114
316559 0.07159
316595 0.07112
316607 0.0715
316619 0.0709
316643 0.07058
316715 0.07074
316727 0.07165
316739 0.0709
316751 0.07166
316763 0.07018
316787 0.07092
316799 0.07168
316811 0.0713
316871 0.07161
316883 0.07127
316895 0.07172
316931 0.07076
316979 0.07027
317015 0.07177
317027 0.07093
317039 0.07095
317075 0.07091
317099 0.07117
317135 0.07171
317147 0.07087
317183 0.0713
317231 0.07175
317243 0.07083
317255 0.07137
317339 0.07107
317423 0.0714
317471 0.07163
317519 0.0716
317531 0.07098
317543 0.07149
317555 0.07122
317567 0.0717
317579 0.07123
317603 0.07067
317615 0.07147
317675 0.07127
317687 0.07154
317699 0.07127
317735 0.07156
317747 0.07101
317807 0.07088
317819 0.0706
317843 0.07084
317855 0.07157
317867 0.07134
317879 0.07156
317915 0.07136
317927 0.07093
317939 0.0708
317951 0.07153
317975 0.0714
318011 0.0714
318059 0.07142
318071 0.07165
318083 0.07046
318095 0.0717
318119 0.07145
318143 0.07168
318215 0.07104
318227 0.0712
318239 0.06648
318251 0.07121
318275 0.07078
318311 0.07179
318359 0.07176
318371 0.07154
318383 0.07177
318395 0.07126
318491 0.07086
318527 0.07171
318539 0.07088
318551 0.0717
318563 0.07089
318575 0.07173
318587 0.06972
318599 0.07172
318611 0.07022
318623 0.07171
318647 0.07166
318659 0.07165
318695 0.07168
318707 0.07139
318719 0.0716
318755 0.07141
318767 0.07104
318779 0.07097
318791 0.07164
318803 0.06824
318815 0.07164
318827 0.07051
318839 0.06925
318875 0.07173
318887 0.07155
318923 0.07103
318935 0.07169
318947 0.07008
318959 0.0717
318971 0.07177
319007 0.07094
319019 0.07059
319043 0.07003
319055 0.07173
319067 0.07178
319079 0.07091
319091 0.07061
319103 0.0715
319139 0.07063
319151 0.07177
319175 0.07142
319199 0.07145
319235 0.0717
319247 0.07145
319283 0.07117
319295 0.07176
319307 0.07162
319319 0.07175
319331 0.07071
319355 0.07072
319367 0.07149
319379 0.07164
319403 0.07166
319415 0.07151
319451 0.07075
319463 0.07168
319475 0.0716
319523 0.07126
319559 0.07164
319571 0.07172
319583 0.07163
319595 0.07129
319619 0.07022
319631 0.07126
319643 0.06966
319655 0.07125
319667 0.07151
319703 0.07123
319715 0.07178
319751 0.07164
319775 0.07061
319787 0.07089
319799 0.07119
319823 0.07063
319835 0.07176
319859 0.07091
319871 0.07055
319895 0.0717
319907 0.0714
319955 0.07035
319979 0.07137
319991 0.07174
320003 0.07169
320051 0.07039
320075 0.07148
320087 0.07075
320123 0.06984
320135 0.07075
320147 0.07162
320171 0.07161
320183 0.07178
320195 0.07035
320207 0.07096
320231 0.07051
320243 0.07158
320255 0.07098
320279 0.06993
320327 0.07171
320351 0.0717
320363 0.07159
320375 0.07088
320399 0.07127
320411 0.0715
320423 0.07167
320435 0.07117
320447 0.07166
320459 0.06921
320495 0.07164
320519 0.07121
320543 0.07086
320555 0.07001
320579 0.0706
320603 0.07142
320639 0.07097
320651 0.0714
320663 0.07096
320675 0.07171
320711 0.071
320735 0.07098
320771 0.07175
320783 0.07151
320795 0.07176
320819 0.07129
320891 0.07097
320915 0.07132
320963 0.06947
320975 0.0711
320987 0.06976
320999 0.07109
321011 0.07091
321023 0.0706
321059 0.07078
321071 0.07062
321095 0.07096
321107 0.0714
321119 0.07115
321131 0.07169
321167 0.07117
321179 0.07167
321191 0.07116
321215 0.07132
321263 0.07119
321275 0.07146
321287 0.07129
321335 0.07126
321347 0.07149
321407 0.07126
321419 0.07152
321479 0.0704
321491 0.07085
321503 0.07039
321539 0.07097
321551 0.07132
321563 0.0715
321575 0.07133
321587 0.07099
321599 0.07132
321623 0.07114
321659 0.07101
321683 0.07144
321695 0.07136
321719 0.07139
321731 0.07142
321755 0.07165
321767 0.07043
321803 0.07089
321827 0.07108
321839 0.07141
321863 0.07103
321875 0.0717
321887 0.07085
321899 0.07081
321935 0.07087
322007 0.0715
322019 0.07086
322031 0.07149
322043 0.07106
322055 0.07152
322091 0.07126
322103 0.07017
322127 0.07095
322151 0.07058
322163 0.07073
322175 0.07156
322187 0.07112
322199 0.07155
322211 0.07176
322223 0.07128
322235 0.07124
322259 0.07174
322283 0.07108
322295 0.07159
322307 0.07172
322331 0.07171
322355 0.07118
322367 0.07104
322379 0.07031
322391 0.07105
322439 0.07166
322451 0.07166
322475 0.07133
322487 0.07079
322499 0.07104
322535 0.07168
322547 0.07161
322595 0.07138
322619 0.06818
322643 0.07122
322655 0.07173
322667 0.07156
322679 0.07026
322691 0.07141
322703 0.06855
322715 0.07132
322739 0.07044
322751 0.07178
322763 0.07087
322775 0.07177
322787 0.07151
322799 0.07091
322811 0.07136
322847 0.07177
322883 0.069
322907 0.07132
322943 0.07085
322991 0.07173
323015 0.07053
323039 0.07088
323051 0.07155
323075 0.07138
323099 0.07147
323111 0.07167
323147 0.07149
323159 0.07134
323171 0.0716
323183 0.07098
323195 0.07143
323219 0.07132
323231 0.07137
323255 0.07108
323291 0.07154
323303 0.06999
323327 0.07141
323351 0.07142
323363 0.0707
323375 0.07005
323387 0.07168
323399 0.07152
323423 0.07153
323435 0.07071
323459 0.07066
323483 0.07154
323531 0.07144
323543 0.06984
323555 0.07117
323615 0.07114
323627 0.07167
323663 0.07112
323675 0.07122
323687 0.07155
323723 0.07163
323747 0.07152
323771 0.07053
323795 0.07106
323831 0.07131
323843 0.0702
323855 0.0712
323867 0.07172
323891 0.07102
323939 0.07179
323963 0.07133
323975 0.07127
324023 0.0713
324035 0.07175
324047 0.07139
324059 0.07095
324071 0.07128
324155 0.07032
324167 0.07173
324191 0.07133
324227 0.07171
324263 0.07139
324275 0.06981
324311 0.07137
324323 0.0683
324347 0.07175
324371 0.07107
324383 0.07016
324407 0.07108
324479 0.07155
324515 0.07154
324527 0.07157
324539 0.07142
324551 0.07022
324563 0.07156
324599 0.0691
324611 0.07159
324659 0.07148
324671 0.07151
324683 0.0716
324719 0.06846
324731 0.07154
324767 0.07117
324779 0.07143
324803 0.07151
324815 0.07158
324827 0.0715
324851 0.0714
324863 0.0709
324875 0.07161
324887 0.07155
324899 0.0716
324911 0.07154
324923 0.06953
324935 0.07087
324947 0.07158
324959 0.07152
324971 0.07157
324995 0.07064
325007 0.07082
325031 0.07149
325067 0.07134
325091 0.07176
325103 0.06965
325115 0.07151
325127 0.07145
325139 0.06993
325151 0.07173
325175 0.07177
325223 0.06917
325235 0.07177
325247 0.07174
325295 0.07179
325331 0.07107
325367 0.07177
325415 0.07179
325427 0.07169
325451 0.07168
325475 0.07121
325523 0.07165
325535 0.07174
325547 0.07118
325559 0.07173
325583 0.07168
325619 0.07129
325679 0.0712
325703 0.07167
325715 0.07158
325727 0.07152
325739 0.07159
325763 0.07154
325775 0.07156
325787 0.07161
325799 0.07157
325811 0.07162
325823 0.07157
325847 0.07158
325859 0.07164
325871 0.0716
325907 0.07102
325931 0.07167
325967 0.07104
325979 0.07011
325991 0.07164
326003 0.07102
326039 0.07152
326075 0.07141
326111 0.07145
326183 0.07146
326231 0.07144
326243 0.07088
326255 0.07095
326267 0.07179
326279 0.07027
326291 0.07179
326327 0.07177
326339 0.07063
326363 0.07005
326375 0.0712
326387 0.07127
326399 0.07089
326423 0.06928
326447 0.0713
326471 0.07086
326483 0.07123
326495 0.07175
326507 0.07076
326519 0.07174
326531 0.07168
326579 0.07166
326591 0.07171
326603 0.07125
326627 0.07164
326639 0.07169
326675 0.07128
326699 0.07082
326711 0.07132
326747 0.07131
326759 0.07121
326771 0.07132
326783 0.07115
326795 0.07109
326819 0.07076
326843 0.07134
326879 0.07139
326891 0.07152
326915 0.07137
326927 0.07113
326963 0.07057
326987 0.07148
327047 0.07151
327083 0.07144
327107 0.07145
327131 0.07094
327143 0.07121
327155 0.07141
327167 0.0709
327191 0.07102
327215 0.07152
327239 0.07152
327275 0.07151
327287 0.07141
327323 0.07086
327359 0.07157
327431 0.07135
327455 0.07086
327467 0.07048
327503 0.07089
327515 0.07033
327527 0.06971
327539 0.07124
327551 0.07137
327563 0.0708
327575 0.07138
327587 0.07122
327611 0.07082
327623 0.06974
327635 0.0712
327659 0.07119
327671 0.07169
327683 0.07084
327731 0.07069
327743 0.07144
327767 0.07173
327791 0.07072
327863 0.07071
327887 0.07115
327899 0.07109
327947 0.07106
327959 0.07112
328019 0.06991
328031 0.07077
328055 0.07175
328079 0.07174
328091 0.07177
328115 0.07176
328151 0.07171
328175 0.07083
328187 0.07173
328199 0.07101
328247 0.06957
328259 0.07106
328319 0.07164
328355 0.07165
328367 0.07162
328391 0.07169
328403 0.07163
328415 0.0717
328427 0.06994
328451 0.07161
328463 0.07043
328475 0.0716
328487 0.07172
328499 0.07083
328523 0.07158
328547 0.07081
328571 0.07001
328583 0.07042
328607 0.07177
328631 0.071
328643 0.07153
328679 0.07148
328703 0.07178
328715 0.0715
328727 0.07146
328739 0.07095
328751 0.07176
328763 0.07148
328775 0.07175
328799 0.06969
328811 0.07127
328823 0.07173
328835 0.07054
328859 0.06889
328871 0.07022
328907 0.07065
328943 0.07168
328967 0.07113
329003 0.0706
329015 0.07165
329039 0.07065
329051 0.07136
329063 0.07163
329075 0.07108
329099 0.07138
329147 0.07054
329159 0.07017
329171 0.07111
329183 0.07033
329231 0.07124
329279 0.07122
329291 0.07125
329303 0.07125
329315 0.07146
329327 0.0712
329339 0.07118
329351 0.0715
329363 0.07148
329411 0.0715
329423 0.07147
329447 0.07131
329507 0.07068
329531 0.07154
329543 0.06997
329555 0.07126
329567 0.07141
329615 0.07139
329675 0.07131
329735 0.07142
329747 0.06929
329759 0.07101
329783 0.07143
329807 0.07007
329819 0.07136
329831 0.07031
329843 0.07137
329855 0.07146
329927 0.07021
329939 0.07044
329963 0.07171
329975 0.07151
329987 0.07019
330023 0.07152
330035 0.07099
330059 0.07174
330071 0.07119
330095 0.07118
330119 0.07028
330155 0.07092
330179 0.07093
330215 0.0716
330239 0.07033
330251 0.07096
330263 0.06971
330275 0.07176
330299 0.07175
330371 0.07172
330395 0.07113
330407 0.07029
330419 0.0717
330443 0.07115
330455 0.07081
330467 0.07104
330479 0.06792
330491 0.07161
330503 0.071
330539 0.07107
330551 0.07172
330599 0.06956
330635 0.07167
330647 0.07089
330671 0.07177
330743 0.07092
330779 0.07172
330803 0.07154
330827 0.07118
330863 0.07097
330875 0.07131
330911 0.07008
330935 0.07099
330959 0.0706
330995 0.07064
331007 0.07079
331055 0.07166
331091 0.07175
331103 0.07106
331115 0.07128
331139 0.07173
331151 0.07067
331175 0.07018
331187 0.07143
331211 0.07144
331235 0.07145
331247 0.07071
331271 0.07068
331295 0.07156
331331 0.07148
331343 0.07065
331379 0.07138
331403 0.07161
331427 0.0714
331439 0.07078
331487 0.07148
331499 0.07124
331535 0.06959
331559 0.07082
331571 0.07154
331583 0.07143
331595 0.07153
331619 0.07107
331631 0.07141
331643 0.0716
331655 0.07127
331703 0.07128
331751 0.07136
331763 0.07093
331775 0.07046
331787 0.07154
331811 0.0711
331823 0.07042
331835 0.07156
331847 0.07132
331895 0.07095
331931 0.07119
331955 0.07172
331979 0.0712
332003 0.07058
332027 0.06856
332051 0.071
332063 0.07142
332111 0.07144
332123 0.07178
332135 0.07145
332171 0.07128
332195 0.07127
332231 0.07116
332243 0.07176
332267 0.07172
332279 0.071
332291 0.07174
332327 0.07102
332339 0.07134
332351 0.07022
332363 0.07135
332375 0.07154
332387 0.07176
332423 0.07065
332435 0.07178
332483 0.07081
332519 0.07068
332531 0.07122
332543 0.0716
332555 0.07176
332603 0.07144
332627 0.0716
332663 0.07164
332723 0.07156
332735 0.07117
332747 0.07155
332759 0.07118
332771 0.07167
332795 0.07166
332807 0.06862
332819 0.07067
332843 0.07133
332867 0.07163
332879 0.07132
332891 0.07162
332915 0.07069
332927 0.07174
332939 0.07156
332963 0.07145
332975 0.06868
332999 0.07127
333011 0.0714
333035 0.07156
333047 0.07179
333059 0.07161
333083 0.07098
333095 0.07065
333119 0.06874
333143 0.07177
333179 0.07146
333191 0.07134
333203 0.0706
333239 0.07095
333251 0.07133
333275 0.07169
333311 0.07169
333335 0.07149
333347 0.07129
333371 0.07172
333395 0.07173
333407 0.06881
333431 0.07152
333455 0.07144
333467 0.06947
333515 0.07158
333527 0.0706
333551 0.07157
333575 0.07158
333611 0.07178
333635 0.07163
333683 0.07121
333707 0.07127
333731 0.07122
333743 0.07051
333839 0.07118
333851 0.07171
333863 0.0697
333875 0.0712
333899 0.07165
333935 0.07162
333971 0.07116
333983 0.07141
333995 0.07161
334055 0.07126
334067 0.07135
334079 0.06995
334091 0.07136
334103 0.07103
334115 0.07109
334151 0.07133
334163 0.07154
334175 0.07179
334211 0.07152
334223 0.07031
334235 0.07173
334259 0.071
334271 0.07175
334283 0.07171
334295 0.07175
334307 0.07086
334343 0.07016
334355 0.07146
334367 0.07112
334391 0.07179
334451 0.07164
334463 0.0712
334475 0.07141
334499 0.07042
334523 0.07043
334559 0.07174
334571 0.07096
334607 0.07171
334631 0.07159
334679 0.06932
334691 0.07158
334739 0.07129
334763 0.07075
334775 0.07164
334799 0.07153
334811 0.07105
334823 0.07129
334835 0.07163
334871 0.0716
334883 0.07145
334895 0.07157
334907 0.07109
334943 0.07159
334955 0.07168
334967 0.07145
334979 0.07146
335003 0.0717
335027 0.07084
335039 0.07153
335075 0.07149
335087 0.07151
335099 0.07136
335111 0.07165
335135 0.07149
335147 0.07175
335183 0.07047
335219 0.07136
335231 0.07145
335243 0.07156
335255 0.0717
335267 0.07179
335279 0.07171
335303 0.07084
335327 0.0713
335339 0.07058
335351 0.07054
335363 0.07141
335375 0.07175
335399 0.06976
335435 0.07173
335447 0.07136
335483 0.07171
335495 0.07048
335543 0.07178
335555 0.07167
335603 0.07115
335615 0.07071
335627 0.07164
335639 0.07174
335651 0.07163
335675 0.07152
335699 0.07172
335711 0.07124
335723 0.07173
335735 0.0717
335759 0.07169
335831 0.07167
335855 0.07168
335891 0.07145
335915 0.07179
335927 0.07115
335939 0.07178
335951 0.07171
335963 0.07163
335975 0.0698
335987 0.07149
336023 0.07079
336047 0.07175
336071 0.07176
336107 0.07144
336131 0.07169
336167 0.07073
336179 0.07171
336191 0.0715
336215 0.07149
336275 0.07086
336287 0.07043
336311 0.07089
336323 0.07135
336335 0.07041
336359 0.07097
336371 0.07178
336383 0.07063
336395 0.07158
336407 0.07093
336431 0.0714
336443 0.07156
336455 0.07095
336467 0.0701
336479 0.07092
336515 0.0714
336539 0.07118
336575 0.07163
336611 0.07171
336623 0.07101
336635 0.0717
336647 0.07085
336659 0.0707
336707 0.07147
336755 0.07116
336779 0.07127
336791 0.07107
336815 0.07079
336839 0.07066
336851 0.07161
336875 0.07177
336923 0.07155
336935 0.07119
336959 0.07072
337067 0.06985
337079 0.07113
337115 0.0715
337127 0.07091
337151 0.0712
337163 0.07164
337175 0.07137
337187 0.07164
337199 0.07111
337211 0.07142
337247 0.07134
337295 0.07132
337307 0.07159
337319 0.07103
337331 0.07118
337355 0.07157
337391 0.07128
337403 0.07172
337415 0.07119
337439 0.07097
337451 0.07151
337463 0.07132
337475 0.07152
337499 0.07133
337523 0.07154
337535 0.07038
337559 0.07047
337571 0.0713
337595 0.07147
337619 0.07106
337631 0.07118
337643 0.07105
337703 0.07141
337715 0.07175
337727 0.07142
337739 0.07123
337763 0.0714
337775 0.07143
337799 0.07082
337811 0.07098
337823 0.07117
337847 0.07135
337883 0.07117
337931 0.07133
337955 0.0717
337979 0.07091
337991 0.07055
338003 0.07172
338015 0.07056
338051 0.0716
338063 0.07125
338075 0.07126
338087 0.07143
338099 0.07086
338111 0.07098
338123 0.07176
338219 0.07103
338243 0.07179
338291 0.0715
338303 0.07134
338351 0.07153
338363 0.07049
338375 0.07165
338399 0.07155
338435 0.07144
338447 0.07168
338459 0.06995
338483 0.07109
338507 0.0694
338519 0.07159
338555 0.07067
338627 0.07102
338639 0.07164
338651 0.07103
338663 0.07176
338675 0.0716
338699 0.07159
338711 0.07166
338723 0.07158
338735 0.07167
338759 0.07042
338771 0.0713
338783 0.07101
338807 0.0717
338819 0.07078
338831 0.07177
338843 0.07127
338855 0.07155
338879 0.06981
338903 0.06838
338939 0.07051
338951 0.07172
338963 0.07041
338975 0.07176
339011 0.07087
339047 0.07058
339083 0.07102
339131 0.07141
339155 0.07064
339167 0.07098
339179 0.07139
339191 0.07167
339227 0.06946
339299 0.07126
339347 0.07111
339359 0.06862
339371 0.07129
339395 0.07113
339419 0.07131
339431 0.07151
339503 0.07178
339551 0.06869
339563 0.07063
339575 0.07158
339587 0.07137
339599 0.07131
339611 0.07062
339623 0.07006
339647 0.07012
339683 0.07092
339719 0.07152
339743 0.07171
339755 0.07143
339767 0.06955
339779 0.06983
339791 0.07169
339803 0.07128
339815 0.07148
339851 0.07147
339875 0.07148
339899 0.07148
339911 0.07131
339923 0.07032
339947 0.07081
339971 0.07134
340019 0.07104
340043 0.07077
340055 0.07138
340067 0.07155
340139 0.07005
340163 0.06975
340175 0.07135
340187 0.07001
340199 0.07136
340235 0.07161
340247 0.0715
340259 0.07094
340271 0.07149
340319 0.07157
340331 0.07091
340343 0.07146
340367 0.07145
340391 0.0716
340415 0.07123
340427 0.07094
340463 0.06871
340475 0.07059
340487 0.07107
340499 0.0717
340511 0.07106
340535 0.07148
340547 0.06975
340571 0.07156
340595 0.07174
340631 0.07134
340655 0.07152
340667 0.07176
340679 0.0717
340691 0.07104
340703 0.0699
340715 0.07161
340727 0.0711
340751 0.07173
340763 0.07073
340799 0.07158
340823 0.06957
340835 0.07176
340847 0.07125
340871 0.07124
340883 0.07167
340895 0.07178
340907 0.07173
340943 0.0712
340967 0.07164
340991 0.07177
341003 0.07115
341015 0.07176
341039 0.07063
341051 0.07174
341075 0.07062
341099 0.06956
341111 0.07169
341159 0.07092
341183 0.06771
341207 0.07173
341231 0.07173
341243 0.07124
341255 0.07166
341267 0.07026
341279 0.07165
341291 0.07126
341315 0.07048
341351 0.07103
341375 0.07102
341387 0.07172
341399 0.06937
341411 0.07171
341435 0.07151
341483 0.07045
341495 0.07176
341519 0.07155
341531 0.07135
341567 0.07075
341579 0.07048
341591 0.07152
341627 0.07162
341639 0.0715
341651 0.07161
341675 0.06977
341699 0.07062
341711 0.07166
341723 0.07158
341735 0.07165
341783 0.07086
341795 0.07066
341807 0.07162
341819 0.07066
341831 0.07051
341843 0.07146
341867 0.07147
341903 0.07048
341915 0.07131
341939 0.0713
341975 0.07097
341987 0.06996
342011 0.07096
342023 0.07134
342035 0.07048
342095 0.07053
342119 0.07103
342155 0.0714
342167 0.0707
342227 0.07118
342251 0.07117
342263 0.07066
342275 0.07135
342287 0.07109
342311 0.07122
342323 0.07107
342335 0.07121
342395 0.07043
342419 0.07079
342443 0.07168
342479 0.07067
342491 0.0717
342503 0.06855
342515 0.07106
342539 0.07105
342551 0.07131
342563 0.07123
342575 0.06914
342587 0.07117
342611 0.07095
342623 0.07109
342635 0.0707
342707 0.07098
342719 0.06985
342731 0.07116
342743 0.07077
342755 0.07115
342767 0.07126
342779 0.07101
342827 0.07126
342839 0.07119
342851 0.07176
342875 0.07175
342887 0.0704
342911 0.07097
342935 0.06993
342959 0.07095
342983 0.07036
342995 0.0717
343007 0.07112
343043 0.07103
343067 0.07134
343091 0.07135
343115 0.07114
343139 0.07114
343151 0.07092
343175 0.07141
343211 0.07139
343223 0.07026
343235 0.07109
343247 0.07006
343271 0.07082
343283 0.07158
343319 0.07099
343331 0.07077
343343 0.07079
343355 0.07122
343367 0.0702
343403 0.07089
343427 0.07119
343439 0.07102
343463 0.07074
343487 0.07093
343511 0.06982
343523 0.07123
343535 0.07154
343571 0.07152
343595 0.07153
343619 0.07123
343643 0.07143
343679 0.07159
343691 0.07141
343703 0.06899
343751 0.07113
343775 0.07023
343811 0.07136
343859 0.07141
343871 0.07166
343883 0.07164
343907 0.07165
343919 0.07028
343931 0.07138
343979 0.07136
343991 0.07053
344003 0.07168
344015 0.07052
344051 0.07043
344063 0.06656
344075 0.07143
344087 0.07068
344123 0.07141
344135 0.07176
344147 0.0709
344159 0.07177
344195 0.07175
344267 0.0715
344279 0.07014
344303 0.07133
344339 0.07132
344375 0.07174
344387 0.07177
344411 0.07176
344435 0.07117
344447 0.07171
344459 0.07162
344471 0.07139
344507 0.07138
344519 0.07031
344555 0.0716
344579 0.07157
344591 0.07144
344603 0.07158
344615 0.07054
344627 0.07142
344651 0.07169
344675 0.0717
344687 0.07047
344711 0.0716
344723 0.07166
344747 0.07167
344795 0.07165
344831 0.07061
344855 0.07154
344867 0.07132
344879 0.07153
344891 0.07172
344903 0.06958
344915 0.07155
344951 0.07157
344975 0.07158
345035 0.07177
345059 0.07139
345071 0.07161
345107 0.07179
345119 0.07163
345131 0.07172
345167 0.07141
345179 0.0717
345191 0.07047
345203 0.07175
345215 0.07048
345239 0.06955
345251 0.07177
345275 0.07172
345287 0.07136
345299 0.07175
345347 0.0715
345359 0.07133
345383 0.06982
345395 0.07167
345407 0.07131
345419 0.07141
345443 0.07169
345455 0.07075
345467 0.07172
345491 0.07157
345503 0.07177
345515 0.07174
345527 0.07126
345539 0.07175
345563 0.0716
345575 0.06857
345587 0.07127
345611 0.07163
345623 0.07178
345671 0.0712
345695 0.07175
345719 0.07118
345767 0.07095
345779 0.07165
345827 0.07173
345839 0.0707
345851 0.07157
345875 0.07141
345899 0.07169
345911 0.07166
345935 0.07101
345947 0.07168
345959 0.07109
345971 0.07172
345983 0.07163
345995 0.07156
346019 0.07165
346055 0.07105
346103 0.06878
346163 0.0714
346175 0.07155
346199 0.06989
346211 0.07169
346271 0.07151
346283 0.07167
346307 0.07174
346319 0.07094
346343 0.07148
346355 0.07127
346403 0.07176
346415 0.07145
346427 0.07169
346451 0.07178
346463 0.06952
346487 0.07093
346499 0.07126
346511 0.07122
346523 0.07175
346535 0.07095
346571 0.07176
346583 0.07138
346595 0.07175
346619 0.07162
346631 0.07117
346679 0.07134
346715 0.0717
346727 0.0712
346775 0.07122
346787 0.07174
346799 0.07132
346811 0.07163
346823 0.06938
346835 0.07172
346847 0.07072
346859 0.07152
346871 0.07135
346883 0.07106
346919 0.07127
346955 0.07168
346967 0.07138
346979 0.07125
346991 0.0713
347027 0.07145
347039 0.0712
347111 0.07117
347123 0.07174
347147 0.07159
347159 0.07145
347171 0.07158
347207 0.07147
347219 0.07137
347231 0.0712
347255 0.07049
347279 0.0714
347327 0.07151
347339 0.07145
347351 0.07152
347363 0.07176
347375 0.07106
347423 0.07055
347435 0.07173
347447 0.07155
347471 0.07156
347483 0.0716
347507 0.07104
347531 0.07169
347555 0.07162
347603 0.0714
347627 0.07139
347675 0.07096
347687 0.07136
347699 0.07162
347711 0.07156
347723 0.07168
347735 0.07066
347783 0.069
347807 0.07141
347819 0.07172
347831 0.07169
347843 0.07102
347903 0.07072
347915 0.07153
347927 0.07173
347939 0.07107
347963 0.07125
347999 0.07025
348023 0.07055
348035 0.07116
348047 0.07168
348071 0.06907
348095 0.07179
348107 0.0712
348119 0.0718
348131 0.07112
348143 0.0676
348155 0.07143
348167 0.07082
348203 0.07116
348263 0.07085
348311 0.07172
348335 0.07178
348347 0.0712
348371 0.07049
348383 0.0709
348467 0.07125
348479 0.07165
348503 0.07094
348515 0.0716
348539 0.07096
348551 0.07162
348599 0.06848
348623 0.07098
348635 0.07131
348647 0.07171
348659 0.07057
348683 0.07037
348707 0.07133
348719 0.07043
348743 0.07102
348755 0.0715
348767 0.07164
348803 0.07148
348863 0.07048
348875 0.07082
348887 0.07148
348899 0.07113
348935 0.07087
348947 0.07085
348959 0.07156
348995 0.07144
349031 0.07142
349055 0.07114
349067 0.0704
349091 0.07147
349103 0.07093
349115 0.07078
349163 0.0715
349223 0.0712
349247 0.07165
349271 0.07063
349283 0.07065
349307 0.07052
349319 0.07002
349355 0.07126
349367 0.0716
349391 0.07159
349415 0.07137
349439 0.07105
349463 0.07021
349475 0.07064
349487 0.07008
349511 0.07133
349535 0.07122
349547 0.07042
349571 0.0702
349595 0.07116
349607 0.07133
349619 0.07045
349631 0.07118
349643 0.07082
349679 0.07114
349691 0.07112
349703 0.07115
349715 0.07169
349727 0.07114
349751 0.07145
349775 0.06926
349799 0.07118
349811 0.07076
349823 0.07082
349835 0.0703
349847 0.07142
349859 0.07008
349883 0.07175
349895 0.07139
349943 0.07145
349991 0.07135
350027 0.07042
350063 0.06997
350075 0.07097
350123 0.07095
350135 0.07152
350183 0.07154
350207 0.07094
350243 0.07058
350267 0.07169
350291 0.07069
350303 0.07158
350315 0.0707
350327 0.07159
350375 0.07139
350387 0.07072
350399 0.07118
350435 0.0705
350471 0.07142
350507 0.07159
350519 0.07113
350531 0.07078
350543 0.07035
350567 0.07111
350579 0.07079
350591 0.07168
350627 0.07026
350639 0.07077
350675 0.07152
350687 0.07172
350723 0.07039
350735 0.07073
350759 0.07083
350795 0.07067
350807 0.07102
350819 0.07042
350867 0.07008
350879 0.07156
350927 0.07179
350939 0.07062
350951 0.07122
350975 0.0716
350987 0.0714
350999 0.07094
351083 0.07136
351107 0.07098
351119 0.07165
351155 0.07054
351167 0.07068
351191 0.07086
351203 0.07051
351215 0.07168
351227 0.06975
351251 0.07103
351263 0.06979
351275 0.07058
351299 0.07105
351323 0.07126
351335 0.07162
351371 0.07062
351395 0.07054
351407 0.07159
351419 0.07011
351431 0.07158
351443 0.07121
351455 0.07158
351467 0.07111
351491 0.07111
351515 0.07118
351539 0.07021
351575 0.07072
351611 0.07114
351623 0.07176
351647 0.07068
351659 0.07033
351671 0.07086
351683 0.07
351719 0.07172
351815 0.0708
351839 0.07029
351899 0.0708
351923 0.07022
351935 0.07138
351947 0.07082
351983 0.06897
351995 0.07129
352019 0.07076
352055 0.07089
352067 0.07096
352079 0.0703
352091 0.07133
352103 0.07163
352127 0.0713
352139 0.07042
352151 0.07154
352163 0.07092
352175 0.07166
352187 0.07136
352199 0.07167
352211 0.07082
352259 0.07139
352283 0.06977
352343 0.06981
352355 0.07097
352379 0.07004
352415 0.07144
352427 0.07081
352439 0.07036
352475 0.07092
352487 0.07116
352499 0.07147
352547 0.07077
352559 0.07138
352571 0.0715
352595 0.0715
352631 0.07177
352643 0.06994
352655 0.0711
352667 0.07153
352679 0.07122
352703 0.07174
352715 0.071
352751 0.07113
352763 0.07068
352775 0.07171
352787 0.07112
352799 0.0717
352811 0.07104
352823 0.07127
352835 0.07065
352871 0.07125
352895 0.07166
352943 0.07097
352967 0.07096
353003 0.06979
353015 0.07133
353027 0.07166
353039 0.0716
353051 0.07056
353063 0.07124
353111 0.07116
353159 0.07128
353171 0.07171
353183 0.07155
353207 0.07032
353243 0.07049
353255 0.07152
353267 0.07129
353279 0.07109
353303 0.0715
353339 0.07122
353351 0.07148
353363 0.06934
353375 0.0708
353387 0.07124
353423 0.07103
353447 0.07149
353495 0.07075
353507 0.07137
353519 0.07151
353543 0.07098
353555 0.07036
353579 0.07173
353615 0.07155
353639 0.07094
353651 0.0717
353663 0.07145
353675 0.07062
353723 0.07098
353735 0.07148
353759 0.07149
353771 0.07146
353795 0.07147
353831 0.0707
353927 0.07003
353951 0.07124
353987 0.07157
353999 0.07168
354011 0.07156
354059 0.06948
354071 0.07171
354083 0.07015
354095 0.07076
354119 0.07172
354131 0.07151
354179 0.07161
354191 0.06975
354203 0.06901
354227 0.07029
354263 0.07166
354275 0.07145
354299 0.07165
354311 0.07168
354347 0.07167
354359 0.07072
354407 0.07176
354419 0.0716
354431 0.07175
354467 0.07162
354491 0.06963
354503 0.07035
354515 0.07135
354527 0.07171
354575 0.07177
354599 0.07098
354611 0.07176
354623 0.07062
354635 0.07131
354659 0.07131
354671 0.07178
354683 0.07059
354695 0.07177
354707 0.07179
354719 0.07176
354731 0.07179
354767 0.07162
354803 0.07136
354815 0.07104
354851 0.07175
354863 0.0717
354875 0.07176
354899 0.07172
354923 0.0714
354947 0.0717
354959 0.07154
355019 0.07178
355043 0.07058
355067 0.07176
355079 0.07162
355091 0.07074
355151 0.071
355163 0.06895
355199 0.07157
355235 0.07169
355247 0.07142
355259 0.07168
355283 0.0708
355319 0.07086
355355 0.07164
355391 0.07149
355403 0.0707
355415 0.07136
355451 0.07098
355487 0.07058
355511 0.07113
355535 0.07143
355547 0.07156
355583 0.07024
355607 0.07128
355619 0.07092
355631 0.07133
355655 0.07134
355667 0.07132
355691 0.07151
355703 0.07137
355739 0.07168
355775 0.07138
355823 0.07132
355859 0.07173
355871 0.07125
355895 0.07005
355907 0.07142
355919 0.07143
355931 0.07141
355979 0.07143
355991 0.07146
356003 0.07016
356015 0.0713
356027 0.07144
356051 0.07179
356063 0.07148
356075 0.07094
356087 0.07109
356099 0.07178
356135 0.07134
356183 0.07152
356195 0.07174
356207 0.07137
356255 0.07119
356267 0.07128
356279 0.07156
356303 0.07157
356339 0.07155
356375 0.07143
356423 0.07125
356447 0.06995
356459 0.07123
356471 0.07162
356483 0.07163
356507 0.07161
356519 0.07164
356531 0.07124
356555 0.07163
356615 0.07167
356627 0.06766
356639 0.07168
356651 0.07166
356675 0.07167
356711 0.07101
356723 0.07153
356747 0.0677
356759 0.07136
356771 0.07151
356807 0.0708
356843 0.07135
356855 0.07176
356867 0.07174
356879 0.07107
356891 0.07174
356903 0.07177
356915 0.07145
356939 0.07176
356975 0.07013
356987 0.07142
357011 0.07141
357023 0.07084
357035 0.07143
357059 0.07142
357071 0.07167
357119 0.07169
357143 0.07172
357155 0.07148
357167 0.0702
357191 0.0717
357203 0.07133
357251 0.07135
357275 0.07077
357287 0.06881
357299 0.07153
357311 0.07175
357323 0.07152
357335 0.07165
357371 0.07166
357383 0.07158
357407 0.07179
357419 0.07157
357443 0.07156
357455 0.0716
357479 0.07054
357491 0.07162
357527 0.07176
357539 0.0712
357599 0.07094
357623 0.07167
357647 0.07053
357695 0.07045
357707 0.07167
357731 0.07166
357791 0.07172
357803 0.07079
357827 0.07171
357875 0.07171
357887 0.07045
357899 0.07145
357923 0.07158
357935 0.07177
357995 0.07175
358019 0.0714
358043 0.07162
358055 0.07177
358067 0.07163
358091 0.07179
358115 0.07179
358127 0.0715
358139 0.07136
358151 0.07132
358175 0.0715
358187 0.07167
358199 0.07149
358211 0.07093
358271 0.07155
358283 0.07091
358295 0.07126
358307 0.07171
358319 0.07144
358343 0.07166
358367 0.07142
358391 0.07159
358403 0.07169
358415 0.07122
358439 0.07162
358451 0.07123
358463 0.07161
358475 0.07164
358511 0.07163
358523 0.07164
358547 0.07161
358559 0.06942
358583 0.07156
358619 0.07158
358631 0.07154
358643 0.07159
358655 0.07131
358679 0.07019
358715 0.07173
358739 0.07112
358763 0.07171
358775 0.07149
358787 0.0711
358823 0.06931
358835 0.07168
358883 0.07166
358895 0.07177
358919 0.07177
358955 0.07147
358967 0.07179
358991 0.0694
359039 0.07177
359051 0.07159
359075 0.07123
359087 0.07175
359099 0.07059
359123 0.0682
359159 0.07105
359195 0.07137
359219 0.07134
359255 0.07169
359315 0.07131
359339 0.07088
359351 0.07165
359363 0.06734
359375 0.07164
359399 0.07157
359423 0.07157
359447 0.06977
359459 0.07127
359471 0.07159
359507 0.06962
359519 0.07096
359531 0.07122
359543 0.07161
359555 0.07123
359567 0.07103
359579 0.06936
359591 0.07163
359615 0.07074
359639 0.07153
359651 0.07135
359675 0.06993
359687 0.07151
359711 0.07062
359723 0.07145
359759 0.07169
359771 0.07147
359795 0.07113
359807 0.07112
359819 0.0711
359879 0.07173
359903 0.0689
359927 0.06973
359939 0.07026
359951 0.07141
359963 0.07025
359975 0.07134
359999 0.07134
360035 0.07156
360047 0.07136
360083 0.06888
360107 0.07099
360131 0.071
360191 0.07175
360203 0.0677
360251 0.07112
360263 0.07128
360275 0.07092
360299 0.07093
360335 0.07146
360347 0.07108
360359 0.07168
360383 0.07132
360419 0.07046
360431 0.07149
360443 0.0717
360479 0.07059
360491 0.07172
360503 0.0708
360527 0.07137
360563 0.07099
360575 0.07055
360587 0.07
360599 0.07054
360635 0.07037
360671 0.07158
360683 0.07095
360707 0.07034
360719 0.07159
360731 0.07033
360743 0.07153
360791 0.07069
360815 0.071
360839 0.07101
360875 0.07087
360911 0.07042
360923 0.07069
360935 0.07167
360983 0.07152
361007 0.07107
361019 0.07015
361031 0.0717
361079 0.07096
361103 0.07016
361139 0.0706
361175 0.07113
361187 0.07056
361235 0.07057
361247 0.07161
361259 0.07158
361295 0.07117
361307 0.07052
361319 0.07179
361331 0.07155
361343 0.07047
361367 0.07024
361391 0.07127
361415 0.07044
361427 0.07065
361475 0.07047
361487 0.0717
361547 0.07061
361571 0.07146
361583 0.0712
361619 0.0704
361631 0.07167
361655 0.06838
361691 0.07141
361715 0.07036
361739 0.07037
361775 0.07161
361823 0.07178
361847 0.07177
361859 0.06912
361883 0.07133
361907 0.06949
361931 0.07046
361955 0.07045
362015 0.06999
362039 0.07151
362075 0.07051
362111 0.07145
362123 0.07124
362171 0.0702
362183 0.07163
362207 0.07051
362219 0.07056
362231 0.07094
362255 0.07161
362267 0.07058
362279 0.07141
362315 0.07013
362327 0.07139
362375 0.07156
362399 0.07136
362411 0.07112
362435 0.07112
362447 0.07157
362471 0.07157
362483 0.07008
362495 0.07151
362507 0.07005
362519 0.06751
362531 0.07108
362543 0.07149
362567 0.07038
362591 0.07147
362603 0.07105
362615 0.07162
362627 0.07019
362639 0.07078
362651 0.07
362663 0.07077
362675 0.07102
362687 0.07165
362699 0.07101
362711 0.07124
362747 0.06979
362771 0.07075
362783 0.06951
362807 0.07169
362819 0.07077
362831 0.07138
362843 0.07096
362855 0.06989
362879 0.07171
362891 0.07094
362915 0.06991
362939 0.07092
362963 0.07091
362975 0.07114
362999 0.07176
363011 0.06988
363023 0.0713
363071 0.0711
363107 0.07
363131 0.07087
363155 0.0694
363167 0.07178
363191 0.07124
363203 0.06996
363227 0.06996
363239 0.07175
363263 0.06973
363275 0.06998
363299 0.07078
363323 0.06976
363335 0.07118
363347 0.06974
363383 0.07116
363419 0.07097
363443 0.07072
363467 0.07002
363479 0.07095
363515 0.07006
363575 0.0709
363599 0.07041
363623 0.06984
363647 0.07159
363671 0.07158
363707 0.07107
363743 0.06988
363755 0.07012
363791 0.07153
363827 0.07017
363851 0.07017
363863 0.07097
363899 0.07054
363935 0.0711
363971 0.06967
363983 0.06945
363995 0.06918
364007 0.07145
364019 0.06986
364043 0.06964
364067 0.07119
364091 0.07047
364139 0.07122
364151 0.07139
364163 0.07028
364175 0.07085
364199 0.0712
364211 0.07042
364259 0.07126
364283 0.0691
364307 0.06954
364319 0.07124
364331 0.07034
364343 0.06932
364367 0.07078
364391 0.07077
364427 0.07132
364439 0.07128
364463 0.07013
364475 0.07133
364511 0.07054
364547 0.06945
364559 0.07132
364595 0.07028
364619 0.07007
364667 0.07045
364679 0.0702
364703 0.07065
364715 0.07142
364727 0.07064
364763 0.07021
364775 0.07139
364787 0.07144
364811 0.07145
364823 0.06994
364835 0.07014
364859 0.07017
364895 0.06871
364907 0.07148
364931 0.07149
364955 0.07053
364967 0.07146
365015 0.07105
365027 0.07058
365051 0.07153
365087 0.0705
365111 0.07151
365123 0.07007
365171 0.07157
365183 0.06697
365219 0.07159
365243 0.07065
365255 0.07043
365279 0.07156
365339 0.07163
365351 0.07092
365363 0.07069
365375 0.0716
365387 0.07068
365399 0.0716
365435 0.07071
365447 0.06928
365459 0.07071
365483 0.06692
365519 0.07049
365543 0.07032
365555 0.07076
365579 0.07075
365603 0.07051
365651 0.06938
365663 0.06962
365687 0.0703
365711 0.07078
365735 0.07172
365795 0.07178
365807 0.07174
365819 0.07179
365831 0.07003
365843 0.06964
365855 0.07176
365879 0.07177
365891 0.06905
365939 0.07052
365951 0.06951
365975 0.07179
365987 0.06805
366011 0.07173
366047 0.07043
366059 0.07171
366071 0.07175
366083 0.07093
366095 0.07063
366143 0.0707
366155 0.0707
366203 0.07098
366251 0.07163
366263 0.06939
366275 0.07162
366299 0.07099
366335 0.07165
366359 0.07078
366371 0.07103
366407 0.07055
366431 0.0708
366443 0.0708
366491 0.07154
366503 0.07025
366551 0.07157
366575 0.07085
366587 0.0715
366611 0.07149
366623 0.07087
366647 0.07153
366659 0.07111
366671 0.07152
366695 0.07089
366719 0.0709
366767 0.07067
366779 0.07081
366803 0.07014
366827 0.07141
366863 0.07095
366887 0.07143
366899 0.07138
366911 0.07096
366947 0.06982
366959 0.07141
366971 0.07135
366995 0.07123
367043 0.07126
367067 0.07125
367079 0.07025
367091 0.07128
367103 0.07025
367115 0.0713
367151 0.0708
367175 0.07132
367187 0.0699
367211 0.07132
367223 0.0705
367247 0.07083
367271 0.06966
367283 0.06842
367319 0.07127
367331 0.07134
367343 0.07054
367367 0.07054
367379 0.07136
367403 0.07138
367439 0.07114
367451 0.07117
367475 0.07115
367487 0.0712
367511 0.07119
367523 0.07038
367535 0.07039
367571 0.07144
367583 0.06954
367595 0.07143
367607 0.07063
367631 0.07043
367643 0.07042
367667 0.07121
367691 0.07107
367715 0.07123
367727 0.071
367763 0.0715
367775 0.07101
367799 0.07102
367835 0.06821
367847 0.07071
367859 0.07117
367895 0.0713
367907 0.07155
367919 0.0713
367931 0.07154
367943 0.07053
367955 0.07053
367967 0.07102
367979 0.07096
368003 0.07054
368015 0.06873
368039 0.0711
368051 0.07124
368063 0.07057
368087 0.07112
368135 0.07138
368183 0.07082
368195 0.07165
368207 0.07022
368219 0.07164
368291 0.07167
368303 0.06927
368339 0.07082
368351 0.07088
368375 0.07086
368387 0.07135
368435 0.07173
368459 0.07172
368483 0.07149
368519 0.0708
368555 0.07177
368567 0.07128
368591 0.07129
368603 0.06997
368615 0.07154
368627 0.07154
368639 0.07077
368663 0.06815
368675 0.0718
368687 0.07099
368699 0.07145
368723 0.07176
368735 0.0708
368747 0.07177
368759 0.07159
368771 0.07176
368795 0.07173
368807 0.07136
368843 0.07083
368867 0.07006
368891 0.07162
368903 0.07164
368927 0.07107
368975 0.07088
368987 0.07166
368999 0.07167
369011 0.07167
369035 0.07157
369083 0.07169
369107 0.0717
369155 0.07171
369167 0.07055
369179 0.06893
369203 0.07157
369215 0.0715
369227 0.07163
369251 0.07164
369275 0.07175
369287 0.07059
369311 0.07099
369323 0.07099
369359 0.06922
369371 0.06867
369395 0.06921
369431 0.07157
369443 0.07086
369455 0.06821
369467 0.07147
369503 0.06823
369515 0.07147
369527 0.07067
369551 0.07173
369563 0.07173
369575 0.07172
369587 0.07172
369623 0.0717
369635 0.07171
369671 0.07165
369683 0.0693
369767 0.07075
369803 0.07134
369815 0.07163
369839 0.07162
369863 0.07139
369875 0.07117
369887 0.07172
369899 0.0673
369911 0.07173
369923 0.07129
369935 0.07158
369971 0.0717
370031 0.07023
370043 0.07125
370055 0.07145
370079 0.07152
370127 0.07148
370139 0.07163
370163 0.0715
370175 0.07177
370187 0.07128
370211 0.07118
370259 0.07158
370271 0.07173
370319 0.07171
370331 0.07116
370343 0.07155
370367 0.07156
370379 0.07098
370391 0.0714
370415 0.07167
370475 0.0712
370499 0.07149
370523 0.06959
370583 0.07133
370595 0.07133
370607 0.07164
370643 0.07143
370667 0.07144
370691 0.07109
370703 0.07146
370727 0.07168
370739 0.0714
370763 0.07127
370775 0.07169
370787 0.07138
370799 0.07125
370823 0.06888
370847 0.06921
370859 0.07114
370943 0.07175
370955 0.07136
370967 0.07146
370979 0.06921
370991 0.07145
371003 0.07118
371039 0.07157
371075 0.07158
371123 0.07113
371135 0.07178
371147 0.07143
371159 0.07161
371171 0.07161
371183 0.07176
371219 0.07126
371231 0.07164
371243 0.07163
371255 0.07125
371279 0.06987
371351 0.07169
371363 0.07167
371399 0.07102
371411 0.07152
371495 0.07173
371507 0.07172
371519 0.07125
371531 0.07137
371543 0.07162
371567 0.07135
371579 0.07138
371591 0.0716
371603 0.07158
371675 0.07178
371711 0.07179
371723 0.07179
371735 0.07178
371747 0.07179
371759 0.07116
371771 0.071
371783 0.07153
371795 0.07104
371807 0.07004
371855 0.07112
371867 0.07148
371879 0.07173
371963 0.0717
371975 0.07149
371987 0.07171
372035 0.06989
372071 0.07165
372143 0.06932
372155 0.07158
372191 0.07161
372215 0.0716
372227 0.0716
372239 0.07097
372251 0.07161
372275 0.07159
372287 0.07159
372335 0.07155
372347 0.07164
372383 0.07163
372395 0.07166
372431 0.07164
372455 0.07026
372467 0.07171
372479 0.0715
372491 0.0715
372503 0.07149
372515 0.07169
372551 0.06978
372563 0.0713
372575 0.07057
372587 0.07172
372599 0.07145
372623 0.07171
372647 0.07082
372659 0.0701
372671 0.07081
372683 0.07054
372695 0.07141
372731 0.07177
372743 0.07175
372791 0.07049
372815 0.07177
372827 0.07139
372851 0.07178
372863 0.07046
372875 0.07046
372887 0.07179
372899 0.07057
372911 0.07133
372923 0.07142
372947 0.07153
372959 0.07042
372983 0.0713
372995 0.07173
373031 0.07174
373043 0.07129
373067 0.07148
373079 0.07065
373103 0.07102
373223 0.06968
373235 0.07163
373247 0.07166
373259 0.07004
373271 0.07165
373295 0.07057
373319 0.06987
373331 0.0716
373355 0.07156
373367 0.07161
373391 0.07115
373403 0.07115
373415 0.07114
373427 0.07159
373439 0.07024
373451 0.07057
373499 0.07153
373511 0.07061
373523 0.07039
373547 0.07151
373559 0.07108
373583 0.07153
373607 0.07045
373619 0.07009
373643 0.07126
373679 0.07067
373691 0.07167
373703 0.06933
373715 0.07065
373727 0.07078
373739 0.07046
373751 0.07101
373775 0.07039
373787 0.07171
373799 0.07011
373811 0.07171
373847 0.07072
373871 0.07097
373883 0.07097
373907 0.07175
373919 0.07075
373955 0.07094
373979 0.07054
373991 0.07077
374003 0.07178
374015 0.07091
374027 0.07092
374051 0.07091
374075 0.07179
374099 0.0683
374147 0.06969
374183 0.0698
374195 0.07105
374207 0.07129
374243 0.07083
374267 0.07124
374279 0.07036
374303 0.07126
374315 0.07065
374327 0.07088
374339 0.07121
374375 0.07123
374387 0.07119
374411 0.07089
374423 0.07121
374459 0.07117
374471 0.07025
374495 0.07118
374507 0.07162
374519 0.07072
374543 0.07048
374555 0.07113
374567 0.07116
374579 0.06955
374591 0.07115
374651 0.07157
374663 0.07067
374675 0.07067
374699 0.07078
374723 0.07099
374735 0.07019
374747 0.07153
374759 0.07103
374831 0.07105
374867 0.07104
374891 0.07084
374927 0.07057
374951 0.07058
374963 0.07145
374975 0.0711
374999 0.07111
375011 0.07109
375023 0.07028
375035 0.07142
375047 0.07097
375071 0.07096
375095 0.07114
375107 0.07139
375131 0.07138
375143 0.07032
375155 0.07093
375191 0.07117
375215 0.07118
375239 0.07045
375287 0.07069
375299 0.07098
375335 0.07054
375347 0.0712
375455 0.07082
375479 0.07127
375491 0.07072
375503 0.07044
375515 0.07125
375539 0.07106
375575 0.07032
375587 0.07121
375611 0.0712
375635 0.07109
375659 0.06991
375671 0.07074
375683 0.06992
375695 0.07083
375719 0.07084
375731 0.07112
375755 0.07115
375791 0.07069
375803 0.07114
375827 0.07043
375839 0.07035
375863 0.07056
375875 0.07084
375887 0.0714
375911 0.07141
375935 0.07091
375947 0.0714
375959 0.07074
375995 0.07106
376007 0.07061
376031 0.07094
376043 0.07035
376067 0.06989
376091 0.07144
376103 0.07013
376139 0.07007
376151 0.07149
376163 0.07008
376175 0.07082
376187 0.07148
376211 0.07128
376223 0.07048
376235 0.07129
376247 0.07152
376259 0.07097
376271 0.07085
376295 0.07062
376331 0.07093
376367 0.07156
376379 0.07133
376391 0.07073
376403 0.07155
376415 0.07046
376451 0.07042
376475 0.07157
376487 0.07092
376499 0.06923
376523 0.06998
376571 0.0716
376595 0.07036
376607 0.07113
376619 0.06989
376643 0.07142
376655 0.07082
376667 0.07111
376703 0.07084
376715 0.07032
376739 0.07031
376751 0.07033
376763 0.07146
376775 0.07118
376799 0.06899
376859 0.07149
376883 0.07171
376895 0.07039
376907 0.07025
376919 0.06879
376967 0.07125
376979 0.07035
376991 0.07177
377039 0.07127
377063 0.07096
377075 0.06928
377087 0.07129
377111 0.07178
377135 0.06974
377159 0.07177
377195 0.07178
377207 0.07175
377243 0.07176
377255 0.07134
377303 0.07053
377315 0.07164
377363 0.07172
377399 0.07167
377411 0.0717
377423 0.07108
377435 0.07169
377447 0.071
377483 0.0717
377495 0.07125
377507 0.06886
377519 0.0709
377531 0.07171
377567 0.07145
377579 0.07021
377591 0.0716
377603 0.07045
377615 0.07159
377627 0.07162
377639 0.06956
377651 0.07175
377663 0.07107
377675 0.07176
377699 0.07177
377723 0.07178
377747 0.07045
377759 0.06913
377795 0.07148
377867 0.07153
377879 0.07155
377927 0.07156
377939 0.07174
377975 0.07141
377987 0.07154
378035 0.07029
378047 0.0716
378119 0.07163
378131 0.07159
378143 0.07123
378203 0.07023
378227 0.07022
378251 0.07076
378263 0.07084
378287 0.07151
378299 0.06857
378311 0.07169
378323 0.07135
378335 0.0717
378347 0.06856
378359 0.07154
378371 0.07167
378383 0.07139
378419 0.07155
378431 0.07128
378443 0.07083
378455 0.07174
378479 0.07122
378491 0.06925
378527 0.07144
378539 0.07086
378563 0.0701
378575 0.07161
378587 0.07072
378611 0.07175
378623 0.07139
378635 0.07055
378647 0.07163
378659 0.07146
378695 0.07165
378731 0.0712
378743 0.071
378755 0.07143
378791 0.07174
378803 0.07061
378815 0.07173
378827 0.07
378839 0.07134
378863 0.07155
378875 0.07175
378899 0.07137
378923 0.07113
378947 0.06949
378959 0.07109
378971 0.06999
378983 0.0715
379019 0.07133
379031 0.07176
379043 0.07132
379055 0.07177
379067 0.07168
379079 0.07163
379091 0.06995
379115 0.07166
379127 0.07155
379139 0.07165
379151 0.0716
379175 0.07101
379211 0.07163
379223 0.07116
379235 0.07094
379247 0.07176
379259 0.0695
379271 0.07168
379295 0.07174
379331 0.07121
379367 0.07163
379379 0.07114
379403 0.07114
379427 0.071
379463 0.07175
379487 0.07125
379523 0.06974
379547 0.07104
379559 0.07157
379595 0.07121
379619 0.07121
379631 0.07172
379715 0.07083
379739 0.07143
379763 0.07105
379799 0.07165
379823 0.07166
379847 0.07153
379919 0.07151
379943 0.06916
379967 0.07149
380027 0.07132
380063 0.07163
380075 0.07136
380087 0.07144
380099 0.07137
380111 0.06984
380123 0.07091
380135 0.0716
380171 0.07106
380183 0.07178
380219 0.07125
380243 0.07087
380255 0.07165
380279 0.06857
380303 0.07163
380315 0.07129
380339 0.07145
380351 0.07175
380375 0.07078
380387 0.07118
380411 0.07117
380435 0.07148
380471 0.07171
380507 0.07135
380531 0.06992
380543 0.07154
380555 0.07137
380567 0.07126
380579 0.07153
380603 0.07053
380627 0.0689
380663 0.07087
380675 0.07047
380687 0.07102
380699 0.07157
380711 0.07162
380723 0.07158
380747 0.07105
380759 0.07119
380771 0.07125
380783 0.07167
380831 0.07144
380855 0.07169
380903 0.07171
380915 0.07149
380927 0.0714
380963 0.07165
380975 0.07138
380987 0.07036
380999 0.07151
381023 0.07175
381083 0.07056
381107 0.07155
381119 0.07086
381131 0.07171
381179 0.07172
381191 0.07103
381227 0.07159
381263 0.07141
381275 0.07075
381299 0.07067
381311 0.07116
381359 0.07097
381395 0.07164
381431 0.0717
381455 0.07035
381491 0.07149
381503 0.07167
381539 0.07174
381551 0.07116
381563 0.07015
381575 0.07164
381587 0.07014
381599 0.07128
381611 0.07172
381635 0.07171
381671 0.07161
381683 0.07169
381695 0.0716
381731 0.07157
381743 0.07109
381755 0.07176
381767 0.07157
381779 0.07165
381803 0.07164
381815 0.07155
381827 0.07178
381839 0.07119
381851 0.07179
381863 0.07153
381875 0.07162
381887 0.07094
381899 0.07178
381923 0.07163
381947 0.06934
381959 0.07019
381983 0.07131
381995 0.07175
382007 0.071
382043 0.0702
382055 0.07098
382079 0.0707
382091 0.07171
382127 0.07144
382139 0.07169
382151 0.07136
382175 0.07107
382199 0.07059
382211 0.07051
382223 0.07138
382235 0.07148
382247 0.07091
382259 0.07174
382283 0.07175
382295 0.07137
382367 0.07086
382379 0.07143
382415 0.07145
382439 0.07067
382451 0.07179
382475 0.07041
382487 0.07072
382523 0.07107
382547 0.07038
382559 0.07064
382571 0.07117
382607 0.07151
382619 0.07173
382655 0.07152
382667 0.07149
382679 0.07075
382691 0.07131
382739 0.07114
382775 0.07156
382787 0.06969
382799 0.07078
382811 0.07116
382823 0.07118
382859 0.07164
382907 0.07141
382931 0.07161
382943 0.07162
382955 0.07121
382967 0.07112
383003 0.07123
383027 0.06977
383063 0.07107
383075 0.07133
383111 0.07167
383123 0.07135
383135 0.07058
383159 0.07083
383183 0.0707
383195 0.07151
383207 0.0717
383231 0.07093
383315 0.07141
383327 0.07099
383363 0.07143
383387 0.0698
383435 0.07142
383447 0.0712
383471 0.07045
383495 0.07121
383507 0.06993
383531 0.0714
383555 0.07138
383579 0.0715
383591 0.07124
383603 0.07136
383639 0.07106
383663 0.07173
383675 0.07153
383687 0.07172
383711 0.07108
383747 0.07109
383783 0.0713
383795 0.07148
383819 0.07158
383879 0.07114
383915 0.07124
383927 0.07163
383939 0.07153
383999 0.07111
384011 0.07155
384023 0.0716
384035 0.0712
384047 0.07159
384059 0.07107
384071 0.0712
384119 0.07115
384131 0.07168
384179 0.07114
384191 0.07144
384215 0.07144
384239 0.07125
384251 0.07163
384263 0.07146
384275 0.07164
384311 0.07063
384323 0.07165
384335 0.07128
384347 0.06946
384443 0.07103
384455 0.07
384467 0.06989
384503 0.07154
384515 0.07179
384527 0.07155
384539 0.0708
384551 0.07135
384563 0.07177
384575 0.07156
384647 0.07132
384659 0.07126
384671 0.07136
384683 0.07177
384695 0.07135
384707 0.07074
384731 0.07129
384743 0.07162
384755 0.0717
384803 0.07091
384839 0.07005
384863 0.07165
384875 0.07175
384887 0.07166
384899 0.07165
384935 0.07168
384947 0.06951
384971 0.07162
384983 0.0705
384995 0.07171
385019 0.0717
385031 0.07151
385043 0.07139
385055 0.07152
385091 0.07167
385103 0.07034
385151 0.07155
385163 0.07155
385175 0.07155
385187 0.07056
385211 0.07153
385247 0.07178
385259 0.07161
385271 0.07179
385283 0.0716
385307 0.07052
385319 0.07153
385355 0.07149
385367 0.07177
385415 0.07163
385439 0.06947
385463 0.07106
385475 0.07136
385487 0.07134
385499 0.07045
385523 0.07142
385547 0.07059
385643 0.07147
385667 0.07054
385679 0.0714
385691 0.07059
385703 0.07165
385727 0.07167
385751 0.07167
385775 0.07095
385787 0.07032
385799 0.07176
385823 0.07176
385847 0.07122
385871 0.07178
385883 0.07138
385895 0.07172
385919 0.07173
385931 0.07127
386003 0.0717
386015 0.07151
386027 0.07066
386075 0.07155
386087 0.07178
386099 0.0712
386111 0.07154
386123 0.07077
386135 0.07149
386147 0.07043
386171 0.07175
386183 0.0717
386207 0.07134
386231 0.07145
386243 0.07161
386255 0.07167
386267 0.06845
386291 0.07162
386327 0.07161
386351 0.07171
386375 0.07163
386387 0.07086
386423 0.07161
386435 0.07175
386447 0.07165
386459 0.07117
386483 0.07106
386507 0.07081
386531 0.07114
386555 0.07171
386567 0.07066
386579 0.07057
386591 0.07155
386627 0.07094
386663 0.07149
386675 0.07175
386687 0.07159
386699 0.07165
386711 0.07173
386759 0.07149
386771 0.07163
386783 0.07152
386807 0.07069
386819 0.07006
386831 0.07177
386843 0.07179
386879 0.07179
386939 0.07175
386951 0.06893
386999 0.07176
387011 0.07173
387023 0.07116
387035 0.07086
387059 0.07085
387107 0.07109
387119 0.06979
387143 0.07134
387167 0.07165
387179 0.07167
387215 0.07168
387239 0.07139
387251 0.07145
387275 0.07087
387287 0.07137
387299 0.07086
387311 0.07169
387323 0.07161
387335 0.0717
387347 0.07108
387383 0.07172
387407 0.07132
387419 0.07158
387443 0.0712
387467 0.07046
387479 0.0713
387491 0.07155
387515 0.07135
387527 0.07176
387539 0.07095
387563 0.07152
387599 0.07154
387671 0.07151
387695 0.07177
387719 0.07113
387767 0.07148
387779 0.07103
387803 0.07144
387851 0.07142
387875 0.07125
387887 0.07143
387899 0.07121
387923 0.07054
387947 0.07136
387959 0.07145
387983 0.07167
387995 0.07138
388007 0.07166
388019 0.07117
388031 0.07148
388043 0.07116
388103 0.07162
388115 0.07141
388127 0.07161
388139 0.07131
388151 0.07134
388175 0.07159
388223 0.07158
388247 0.07005
388307 0.07147
388331 0.07148
388343 0.07158
388367 0.07126
388415 0.06999
388439 0.07161
388451 0.07144
388463 0.06879
388475 0.07153
388511 0.07163
388523 0.07126
388535 0.07124
388547 0.06975
388559 0.07125
388571 0.07156
388583 0.07165
388607 0.07144
388619 0.07123
388631 0.07167
388643 0.07158
388667 0.07124
388679 0.07086
388739 0.07133
388751 0.07171
388775 0.07172
388799 0.06837
388811 0.07129
388835 0.07156
388847 0.07135
388871 0.07175
388895 0.07133
388907 0.07167
388919 0.07137
388943 0.06849
388955 0.07168
388967 0.0713
388979 0.07141
389015 0.0714
389063 0.07127
389075 0.07164
389087 0.07142
389135 0.07176
389159 0.07175
389183 0.07138
389207 0.07146
389243 0.07103
389255 0.07171
389267 0.07178
389279 0.0717
389291 0.07179
389327 0.0715
389339 0.07087
389351 0.07168
389363 0.07153
389375 0.07115
389387 0.07177
389423 0.07146
389435 0.07175
389459 0.0715
389471 0.07057
389519 0.07084
389543 0.07161
389603 0.07178
389615 0.07158
389639 0.07051
389675 0.07166
389735 0.07163
389747 0.07173
389795 0.07171
389831 0.07166
389843 0.07169
389855 0.07166
389951 0.07163
389963 0.07165
389975 0.07164
389987 0.07167
390011 0.07108
390023 0.07165
390059 0.07021
390095 0.0714
390179 0.07173
390203 0.07028
390215 0.07171
390227 0.07146
390239 0.07079
390251 0.07177
390275 0.07154
390287 0.07179
390299 0.06968
390335 0.0708
390371 0.07173
390383 0.07177
390431 0.0707
390443 0.07138
390455 0.07076
390467 0.07177
390515 0.07144
390563 0.07166
390575 0.07168
390623 0.07091
390635 0.07171
390659 0.0717
390755 0.07152
390779 0.07133
390827 0.07154
390839 0.07083
390875 0.07032
390887 0.07157
390899 0.07154
390911 0.071
390935 0.07155
390947 0.07159
390971 0.07128
390983 0.07161
390995 0.07158
391007 0.07088
391043 0.07161
391055 0.07105
391079 0.0715
391115 0.07143
391127 0.07148
391175 0.07154
391187 0.07151
391211 0.07166
391235 0.07167
391271 0.06992
391319 0.07113
391343 0.07114
391355 0.07144
391391 0.07146
391427 0.07142
391439 0.07137
391463 0.07143
391475 0.07034
391499 0.07156
391511 0.07104
391559 0.07132
391571 0.07177
391583 0.07121
391607 0.07107
391667 0.07093
391703 0.07031
391715 0.07177
391727 0.07134
391763 0.07175
391775 0.07132
391799 0.07113
391811 0.07165
391859 0.07167
391871 0.0713
391883 0.06996
391919 0.06997
391931 0.07169
391943 0.06938
391955 0.07082
391991 0.07071
392003 0.07172
392015 0.06994
392027 0.07165
392039 0.07136
392051 0.07173
392075 0.07164
392123 0.07089
392147 0.07088
392171 0.07115
392183 0.06952
392207 0.07116
392219 0.07178
392231 0.06951
392243 0.07082
392255 0.07128
392291 0.07178
392303 0.0701
392327 0.06955
392375 0.07103
392387 0.07097
392399 0.07147
392411 0.07106
392459 0.06975
392483 0.07171
392507 0.07099
392579 0.07069
392591 0.07153
392603 0.07167
392615 0.07139
392627 0.07103
392675 0.07057
392687 0.06996
392711 0.06941
392735 0.07097
392747 0.07139
392771 0.07109
392783 0.06965
392795 0.0711
392843 0.06974
392867 0.07112
392891 0.07156
392903 0.07163
392939 0.07079
392951 0.07082
392975 0.07151
392987 0.0713
392999 0.07035
393011 0.0713
393023 0.07167
393047 0.07153
393071 0.07154
393095 0.07169
393107 0.07126
393119 0.07155
393131 0.07121
393155 0.0712
393167 0.06953
393179 0.07146
393227 0.07059
393239 0.07159
393263 0.0698
393275 0.07143
393323 0.07127
393335 0.07023
393359 0.07163
393371 0.07116
393395 0.07138
393407 0.07073
393419 0.07037
393431 0.07179
393467 0.07029
393491 0.07135
393563 0.07134
393575 0.07174
393599 0.06902
393635 0.07137
393647 0.07172
393695 0.06993
393707 0.07032
393719 0.07169
393791 0.07177
393803 0.07017
393815 0.07165
393827 0.07143
393839 0.07164
393911 0.07055
393923 0.07022
393959 0.07001
393971 0.07117
393983 0.07
393995 0.07114
394043 0.07115
394055 0.07173
394067 0.07116
394079 0.07041
394091 0.07117
394103 0.07155
394127 0.06891
394139 0.07118
394151 0.0717
394163 0.07153
394175 0.07045
394235 0.07108
394247 0.07167
394283 0.07092
394295 0.07041
394343 0.07039
394355 0.07103
394379 0.07126
394391 0.07144
394403 0.07102
394415 0.0716
394427 0.07024
394439 0.07143
394451 0.07162
394463 0.07018
394475 0.07161
394487 0.06957
394547 0.07165
394607 0.07153
394667 0.07169
394679 0.0693
394703 0.06964
394775 0.0713
394799 0.07146
394823 0.07022
394835 0.07174
394847 0.07021
394859 0.07174
394871 0.07144
394883 0.07062
394907 0.0707
394979 0.07081
394991 0.0714
395003 0.07087
395015 0.07035
395051 0.07147
395075 0.07148
395087 0.06976
395099 0.0701
395123 0.07175
395135 0.07011
395183 0.07116
395207 0.07132
395219 0.07079
395255 0.0713
395267 0.07172
395279 0.07112
395291 0.07003
395327 0.07004
395351 0.06917
395363 0.07053
395387 0.07166
395399 0.07125
395411 0.07167
395447 0.07123
395471 0.0705
395483 0.07063
395495 0.07121
395519 0.07104
395531 0.07162
395567 0.06989
395579 0.06985
395591 0.07118
395615 0.06987
395639 0.07055
395651 0.07166
395663 0.07098
395675 0.07167
395699 0.07156
395723 0.07153
395759 0.07112
395771 0.07152
395783 0.07094
395807 0.06901
395831 0.07
395843 0.06945
395867 0.07069
395903 0.07063
395915 0.07146
395927 0.07106
395939 0.07147
395951 0.0697
395963 0.07145
395999 0.07103
396011 0.07177
396023 0.07086
396035 0.07144
396047 0.06973
396059 0.07042
396083 0.07149
396095 0.071
396167 0.06977
396191 0.0708
396215 0.07095
396227 0.07174
396251 0.07134
396263 0.07077
396335 0.07074
396347 0.07157
396359 0.06983
396371 0.07009
396419 0.07168
396455 0.0708
396467 0.07166
396491 0.07134
396503 0.07068
396515 0.07164
396539 0.07136
396551 0.07083
396575 0.06926
396587 0.07165
396599 0.07085
396611 0.07161
396635 0.07166
396659 0.07021
396683 0.07168
396707 0.07126
396731 0.07169
396743 0.06955
396755 0.07155
396779 0.07155
396791 0.07058
396827 0.0713
396839 0.06998
396851 0.07115
396863 0.07056
396875 0.07174
396899 0.0715
396911 0.07095
396923 0.07175
396959 0.07052
397019 0.07146
397031 0.0705
397043 0.07151
397079 0.071
397091 0.07153
397103 0.07047
397139 0.07154
397163 0.0711
397175 0.07061
397187 0.07111
397235 0.07174
397247 0.07059
397271 0.07106
397295 0.07107
397307 0.07145
397319 0.07108
397343 0.06983
397355 0.07169
397367 0.07048
397391 0.0711
397403 0.07167
397439 0.07017
397451 0.0713
397463 0.07112
397475 0.07165
397487 0.06922
397511 0.07052
397523 0.07089
397571 0.07161
397583 0.06991
397607 0.07056
397619 0.07169
397631 0.07056
397667 0.07126
397679 0.07043
397703 0.06991
397715 0.07156
397739 0.0712
397775 0.07122
397787 0.07154
397823 0.07123
397847 0.06999
397859 0.07162
397871 0.07125
397883 0.07178
397919 0.07126
397931 0.07113
397943 0.06999
397955 0.07148
397967 0.07033
397979 0.07178
397991 0.07068
398003 0.07136
398015 0.07035
398027 0.07168
398051 0.07138
398075 0.07047
398099 0.07174
398123 0.07173
398147 0.07141
398159 0.07134
398183 0.07074
398195 0.07173
398243 0.07063
398255 0.07137
398291 0.07167
398315 0.07177
398327 0.07044
398351 0.0702
398375 0.0708
398399 0.07141
398411 0.0718
398483 0.07151
398507 0.07176
398531 0.07175
398555 0.07153
398567 0.07086
398579 0.07174
398603 0.07156
398615 0.0702
398639 0.07021
398663 0.0715
398675 0.07019
398687 0.07089
398747 0.07119
398783 0.07092
398795 0.07161
398807 0.07059
398831 0.07094
398843 0.07042
398855 0.07031
398867 0.07163
398879 0.07156
398891 0.07146
398915 0.07162
398927 0.0688
398939 0.0704
398963 0.07166
398975 0.07159
398987 0.07167
398999 0.07032
399011 0.07158
399035 0.07168
399083 0.07078
399095 0.07163
399119 0.06976
399143 0.07165
399155 0.07136
399167 0.07104
399179 0.07152
399203 0.07134
399251 0.07066
399299 0.07131
399311 0.07109
399347 0.07146
399359 0.07013
399371 0.07179
399383 0.07172
399395 0.07144
399479 0.07175
399503 0.07115
399551 0.06987
399563 0.07174
399611 0.0712
399635 0.07171
399659 0.07096
399671 0.07178
399683 0.07097
399707 0.07085
399743 0.07175
399755 0.0702
399767 0.07026
399779 0.07131
399791 0.07124
399803 0.07165
399827 0.07164
399839 0.07172
399863 0.0695
399923 0.07105
399947 0.07077
399959 0.07168
400007 0.0713
400019 0.07108
400079 0.07163
400091 0.06998
400115 0.07102
400127 0.07134
400139 0.07111
400163 0.07112
400175 0.07102
400223 0.06938
400235 0.07149
400259 0.06738
400271 0.07075
400283 0.07148
400295 0.07139
400319 0.07107
400367 0.07036
400379 0.07093
400403 0.0712
400415 0.07079
400427 0.07108
400463 0.07081
400487 0.07145
400499 0.07105
400511 0.07112
400571 0.07102
400595 0.07102
400631 0.07144
400667 0.07019
400691 0.07082
400715 0.07083
400727 0.07024
400775 0.0709
400787 0.0713
400799 0.07121
400811 0.07046
400847 0.07157
400895 0.07158
400919 0.07061
400967 0.07096
400979 0.07005
400991 0.07161
401003 0.07138
401015 0.0713
401051 0.0712
401075 0.07046
401099 0.07141
401111 0.07036
401123 0.07062
401135 0.07126
401147 0.07034
401171 0.07143
401219 0.07145
401267 0.07078
401339 0.07149
401351 0.07139
401363 0.07109
401375 0.07139
401387 0.07074
401447 0.07111
401459 0.07071
401471 0.07176
401483 0.07045
401495 0.07143
401543 0.07178
401555 0.07103
401579 0.07062
401591 0.07112
401603 0.07157
401615 0.07116
401663 0.07115
401675 0.07079
401687 0.06952
401699 0.07113
401747 0.07067
401759 0.07151
401807 0.07172
401855 0.07124
401879 0.07121
401927 0.07168
401963 0.07088
401999 0.07125
402011 0.07086
402047 0.07163
402059 0.07077
402083 0.07084
402095 0.06979
402119 0.07099
402143 0.07018
402155 0.07174
402167 0.07092
402179 0.07046
402191 0.07088
402203 0.07096
402215 0.07157
402227 0.07079
402251 0.07177
402275 0.07178
402287 0.07104
402311 0.07168
402323 0.07179
402335 0.07105
402347 0.07133
402395 0.07178
402407 0.07171
402467 0.07075
402479 0.07173
402491 0.07043
402515 0.07139
402539 0.07106
402563 0.07172
402599 0.07082
402611 0.07094
402647 0.06982
402659 0.07095
402671 0.07035
402695 0.07085
402707 0.06945
402719 0.07178
402731 0.07166
402743 0.07139
402755 0.07098
402815 0.0715
402827 0.07086
402839 0.07113
402887 0.07172
402911 0.07153
402935 0.0717
402959 0.06949
402971 0.07153
402983 0.07156
403019 0.07154
403031 0.07167
403067 0.07108
403091 0.07156
403127 0.07122
403139 0.07063
403175 0.07165
403187 0.07026
403199 0.071
403211 0.07149
403223 0.07163
403235 0.07113
403259 0.07162
403271 0.07134
403283 0.07146
403295 0.07046
403319 0.07017
403343 0.0717
403367 0.07155
403379 0.07143
403403 0.06987
403451 0.0714
403463 0.07051
403475 0.07168
403523 0.07136
403535 0.07176
403559 0.07135
403583 0.07174
403595 0.07139
403619 0.07173
403631 0.07137
403643 0.0704
403655 0.07145
403691 0.07127
403715 0.07043
403727 0.06843
403739 0.07129
403751 0.07179
403763 0.07144
403775 0.07033
403811 0.07131
403859 0.06906
403871 0.07176
403883 0.07125
403907 0.07177
403919 0.07174
403955 0.07176
403967 0.07148
404003 0.07121
404039 0.0717
404063 0.07165
404087 0.07041
404111 0.07167
404135 0.07042
404147 0.07169
404171 0.07115
404195 0.07167
404207 0.07163
404231 0.07083
404243 0.07008
404255 0.07162
404279 0.07077
404303 0.07033
404327 0.07167
404339 0.07147
404351 0.0712
404363 0.07134
404375 0.07168
404435 0.06978
404447 0.0717
404471 0.07139
404495 0.07172
404519 0.07165
404543 0.07152
404567 0.07174
404579 0.07169
404603 0.071
404627 0.07156
404639 0.06806
404651 0.07171
404687 0.0717
404711 0.07179
404735 0.07171
404747 0.0716
404759 0.07106
404771 0.06989
404831 0.07174
404855 0.07151
404867 0.07163
404879 0.07152
404891 0.0715
404903 0.07104
404915 0.07165
404927 0.07153
404939 0.0695
404987 0.07082
405023 0.07135
405035 0.07176
405107 0.07135
405119 0.07176
405131 0.07157
405191 0.07162
405251 0.07175
405275 0.07091
405311 0.0716
405335 0.0712
405359 0.07123
405371 0.07164
405383 0.07122
405431 0.07169
405443 0.07096
405467 0.07177
405479 0.0717
405539 0.07158
405551 0.07124
405563 0.07157
405575 0.07159
405587 0.07173
405635 0.07173
405671 0.07127
405695 0.07111
405707 0.06924
405743 0.07121
405755 0.07167
405779 0.07166
405791 0.07179
405803 0.07178
405851 0.07022
405875 0.07055
405887 0.07067
405923 0.07144
405935 0.07174
405971 0.07176
405983 0.06925
406007 0.07172
406019 0.07157
406031 0.07143
406055 0.07131
406079 0.07133
406103 0.07097
406139 0.07155
406151 0.07139
406163 0.07136
406175 0.07143
406199 0.07165
406223 0.07144
406235 0.07166
406259 0.07133
406283 0.07035
406307 0.0716
406355 0.07162
406379 0.07145
406391 0.07158
406451 0.07142
406475 0.07165
406487 0.07155
406571 0.07084
406595 0.07154
406607 0.07004
406619 0.0712
406667 0.07151
406679 0.07158
406691 0.0715
406727 0.07146
406775 0.07036
406787 0.06947
406799 0.07154
406835 0.07176
406847 0.07142
406871 0.07156
406895 0.07081
406919 0.07128
406931 0.07179
406943 0.07166
406979 0.07124
407003 0.06914
407015 0.07136
407027 0.07177
407039 0.07169
407051 0.07176
407063 0.0717
407075 0.07146
407087 0.07133
407099 0.07174
407111 0.07133
407123 0.07147
407159 0.07165
407171 0.07172
407255 0.07176
407267 0.07168
407279 0.07139
407303 0.07177
407339 0.07111
407363 0.07127
407375 0.07179
407387 0.07164
407423 0.07173
407435 0.07157
407447 0.07098
407459 0.07107
407495 0.07175
407507 0.07159
407531 0.07159
407543 0.07132
407555 0.07158
407591 0.07178
407687 0.07004
407711 0.07177
407759 0.07166
407771 0.07167
407819 0.07094
407831 0.07155
407867 0.07147
407891 0.07038
407915 0.07085
407939 0.0709
407951 0.0716
407963 0.07173
407975 0.0716
407987 0.07105
407999 0.07102
408023 0.07166
408035 0.07103
408047 0.07162
408107 0.07177
408119 0.07108
408143 0.07108
408155 0.07179
408167 0.07166
408179 0.07136
408215 0.0715
408227 0.07094
408239 0.07093
408275 0.07176
408299 0.07024
408323 0.07175
408371 0.0713
408383 0.07158
408395 0.071
408407 0.07127
408443 0.07171
408455 0.07066
408503 0.07149
408527 0.07177
408575 0.07164
408587 0.07166
408599 0.06928
408611 0.07067
408671 0.07135
408683 0.06973
408695 0.07168
408707 0.07006
408731 0.0711
408755 0.0716
408767 0.0717
408791 0.07174
408827 0.07113
408839 0.07172
408863 0.07173
408875 0.07011
408887 0.06963
408899 0.07111
408935 0.07081
408947 0.07153
408983 0.07133
409019 0.07053
409031 0.07146
409055 0.07179
409067 0.07149
409091 0.07121
409103 0.07128
409115 0.07147
409127 0.07063
409139 0.07049
409151 0.07161
409175 0.07177
409199 0.07141
409223 0.07152
409247 0.07153
409283 0.07127
409295 0.07113
409307 0.07043
409319 0.07155
409331 0.07139
409343 0.07156
409355 0.07139
409403 0.06995
409427 0.07131
409439 0.07151
409451 0.07132
409487 0.07166
409535 0.07164
409547 0.07089
409559 0.07147
409571 0.07025
409583 0.07035
409607 0.07101
409619 0.07034
409631 0.07102
409667 0.07138
409679 0.07143
409703 0.07156
409727 0.07141
409751 0.07156
409763 0.07141
409775 0.07156
409787 0.07039
409799 0.06987
409811 0.0704
409847 0.07171
409859 0.07078
409871 0.07136
409895 0.07151
409907 0.07146
409919 0.07091
409931 0.07036
409955 0.07147
409979 0.07045
409991 0.07113
410027 0.07115
410039 0.07096
410051 0.06793
410075 0.07151
410099 0.07041
410123 0.07112
410135 0.07179
410147 0.07042
410159 0.07092
410183 0.0717
410219 0.07065
410267 0.07157
410303 0.07174
410315 0.07105
410327 0.07136
410351 0.07085
410363 0.07023
410375 0.07171
410423 0.07178
410435 0.07162
410447 0.07132
410459 0.07057
410471 0.07115
410483 0.07028
410543 0.07178
410555 0.07165
410567 0.07164
410591 0.07176
410603 0.07095
410615 0.07132
410663 0.07125
410675 0.07169
410699 0.07059
410711 0.07172
410723 0.07035
410735 0.07171
410771 0.0709
410831 0.07119
410843 0.07174
410867 0.07072
410879 0.07003
410939 0.06882
410951 0.07064
410975 0.07163
410987 0.07178
411023 0.07148
411047 0.07095
411107 0.07009
411179 0.07081
411191 0.07155
411203 0.07075
411215 0.0715
411227 0.07173
411239 0.07089
411263 0.07104
411323 0.06958
411383 0.07155
411407 0.07083
411419 0.07024
411431 0.06948
411455 0.07097
411467 0.07082
411515 0.07059
411539 0.07092
411551 0.07059
411575 0.0706
411587 0.0716
411623 0.07097
411635 0.07159
411647 0.07085
411659 0.07096
411719 0.07038
411731 0.07155
411767 0.07167
411791 0.07027
411803 0.06986
411815 0.07103
411827 0.07031
411839 0.07133
411863 0.07132
411875 0.07052
411887 0.0717
411899 0.06979
411911 0.0713
411959 0.07064
411971 0.07105
411983 0.07173
411995 0.07073
412043 0.07075
412055 0.07074
412079 0.0706
412103 0.07177
412139 0.0711
412151 0.07178
412163 0.0714
412175 0.07179
412199 0.07114
412235 0.07113
412247 0.07011
412259 0.07114
412271 0.07177
412283 0.07136
412319 0.07009
412331 0.07046
412367 0.07084
412403 0.07132
412427 0.07119
412439 0.07014
412475 0.07088
412499 0.07113
412523 0.07128
412547 0.07123
412583 0.07114
412595 0.07
412607 0.07022
412643 0.07093
412679 0.06997
412691 0.07119
412703 0.07162
412715 0.07023
412727 0.07118
412751 0.07095
412775 0.07132
412799 0.07001
412811 0.07131
412823 0.07158
412847 0.07029
412883 0.071
412895 0.07155
412919 0.07095
412931 0.07134
412991 0.07138
413003 0.07022
413015 0.07062
413051 0.0713
413075 0.07109
413099 0.0707
413135 0.07143
413195 0.07142
413219 0.07143
413231 0.07091
413279 0.07147
413291 0.07137
413315 0.07146
413339 0.07146
413351 0.07137
413363 0.0701
413375 0.07137
413399 0.07073
413423 0.07074
413435 0.07142
413447 0.07116
413459 0.07142
413471 0.07153
413507 0.07151
413531 0.0712
413543 0.07119
413555 0.07005
413567 0.07061
413591 0.07079
413603 0.07091
413627 0.07147
413639 0.07158
413663 0.07159
413675 0.07157
413687 0.07124
413699 0.07157
413723 0.07125
413735 0.07126
413747 0.07159
413771 0.07036
413831 0.07164
413843 0.07129
413855 0.07152
413891 0.07093
413903 0.07166
413915 0.07049
413927 0.07048
413939 0.07164
413975 0.07114
413999 0.07114
414023 0.07157
414047 0.07044
414059 0.0716
414071 0.07171
414095 0.07159
414119 0.07118
414143 0.07161
414155 0.07072
414191 0.07139
414215 0.07139
414239 0.0705
414263 0.07164
414275 0.07105
414287 0.07036
414323 0.07062
414359 0.07102
414371 0.07145
414395 0.07109
414407 0.07076
414419 0.07109
414491 0.07149
414527 0.07099
414551 0.07131
414563 0.07046
414575 0.07097
414587 0.07114
414599 0.06974
414635 0.06958
414647 0.07095
414659 0.07172
414671 0.07135
414719 0.07167
414743 0.07167
414755 0.07169
414827 0.07166
414839 0.07163
414851 0.07159
414863 0.07162
414875 0.07174
414935 0.07174
414947 0.07171
414983 0.07173
415007 0.07083
415019 0.07169
415043 0.06953
415055 0.0717
415079 0.07025
415091 0.07085
415103 0.07124
415127 0.07051
415139 0.07077
415151 0.07167
415163 0.07169
415175 0.07168
415199 0.06975
415211 0.07153
415223 0.07164
415247 0.07074
415259 0.07172
415283 0.07172
415307 0.07159
415367 0.07159
415403 0.07176
415415 0.07175
415439 0.0685
415451 0.07095
415463 0.07158
415475 0.07096
415487 0.07062
415511 0.07178
415535 0.07139
415547 0.07024
415595 0.0714
415619 0.07139
415655 0.07135
415667 0.07093
415679 0.07165
415703 0.07174
415727 0.07174
415739 0.07149
415763 0.07105
415775 0.07145
415811 0.07141
415835 0.07152
415847 0.07143
415859 0.07152
415871 0.07171
415895 0.07141
415907 0.07154
415955 0.07155
415967 0.0705
415991 0.07174
416003 0.07089
416027 0.07125
416051 0.07133
416063 0.07153
416075 0.07161
416099 0.0716
416123 0.07159
416183 0.07131
416207 0.07157
416231 0.07158
416255 0.07155
416267 0.07165
416279 0.06981
416303 0.07086
416315 0.06984
416327 0.06957
416339 0.06983
416363 0.06997
416411 0.07121
416423 0.07171
416435 0.07148
416483 0.07103
416507 0.07109
416519 0.07168
416567 0.07145
416603 0.0713
416615 0.07126
416627 0.07113
416639 0.07072
416651 0.07176
416675 0.07177
416687 0.07073
416699 0.07177
416711 0.07129
416723 0.07019
416735 0.07173
416747 0.07125
416771 0.0718
416783 0.07175
416795 0.07179
416807 0.07148
416831 0.07157
416843 0.07137
416855 0.07177
416879 0.07177
416891 0.07115
416903 0.07178
416939 0.07094
416951 0.07105
416975 0.07106
416987 0.07141
416999 0.06852
417011 0.07171
417047 0.07139
417059 0.07127
417071 0.07128
417083 0.0711
417095 0.07175
417107 0.07168
417131 0.07167
417143 0.07111
417167 0.07158
417179 0.07113
417263 0.07121
417275 0.07035
417299 0.07119
417323 0.07128
417335 0.07163
417359 0.07139
417407 0.0715
417431 0.07151
417443 0.07114
417455 0.07162
417467 0.07156
417503 0.07122
417515 0.07157
417539 0.07149
417551 0.0717
417563 0.0711
417575 0.07155
417587 0.07152
417599 0.07131
417611 0.07151
417635 0.07151
417647 0.07173
417659 0.07152
417707 0.07163
417743 0.07126
417755 0.07141
417767 0.07161
417779 0.07065
417791 0.07162
417875 0.07159
417887 0.07179
417935 0.07135
417971 0.07162
417995 0.07162
418019 0.07138
418055 0.07139
418091 0.07151
418115 0.07054
418127 0.07172
418151 0.0717
418163 0.07153
418175 0.07138
418187 0.07154
418211 0.07169
418223 0.07136
418235 0.07145
418247 0.07144
418283 0.07179
418295 0.07134
418307 0.07041
418319 0.07122
418367 0.07148
418403 0.07069
418415 0.07125
418451 0.0708
418463 0.0716
418487 0.06896
418499 0.0712
418523 0.07171
418535 0.07157
418547 0.06944
418571 0.07169
418607 0.07155
418619 0.07116
418643 0.07168
418655 0.07153
418679 0.07094
418691 0.07169
418703 0.07169
418727 0.07151
418775 0.07167
418823 0.07161
418835 0.0716
418847 0.07164
418859 0.0717
418895 0.07163
418907 0.07158
418919 0.07086
418931 0.07176
418967 0.0716
418979 0.07166
418991 0.07142
419003 0.07178
419015 0.07159
419027 0.07102
419039 0.07108
419075 0.07179
419099 0.0717
419111 0.0717
419159 0.07093
419207 0.07148
419219 0.07158
419267 0.07172
419279 0.071
419315 0.07177
419327 0.07176
419339 0.07154
419375 0.07178
419387 0.07083
419399 0.07096
419411 0.07083
419435 0.07179
419495 0.07177
419507 0.07148
419519 0.07092
419531 0.07163
419543 0.07123
419615 0.07173
419663 0.07119
419675 0.07158
419723 0.07169
419735 0.07169
419747 0.07093
419759 0.07165
419771 0.07139
419783 0.07132
419795 0.07138
419807 0.07114
419819 0.07076
419843 0.07165
419903 0.07164
419951 0.07127
419963 0.07092
419975 0.07108
419987 0.07147
420011 0.07147
420023 0.07075
420035 0.0713
420059 0.07068
420083 0.07157
420095 0.07175
420107 0.07104
420131 0.07127
420143 0.07071
420179 0.07153
420215 0.07118
420227 0.07139
420239 0.07179
420299 0.07121
420311 0.07114
420347 0.07135
420359 0.07064
420371 0.07147
420395 0.07146
420407 0.07146
420431 0.07146
420443 0.07129
420455 0.0711
420491 0.0713
420515 0.07142
420563 0.0714
420575 0.07169
420587 0.07134
420611 0.07126
420647 0.07166
420659 0.07137
420695 0.07137
420755 0.07138
420767 0.07162
420791 0.07162
420827 0.07125
420839 0.07143
420863 0.07096
420875 0.07142
420887 0.07077
420911 0.07157
420947 0.07129
420959 0.07156
420983 0.07092
421007 0.07074
421031 0.0709
421067 0.07125
421139 0.07125
421151 0.07149
421175 0.07148
421199 0.07036
421211 0.07137
421223 0.07103
421247 0.07083
421259 0.07129
421271 0.07082
421283 0.07116
421295 0.07116
421319 0.07157
421355 0.07156
421367 0.07107
421379 0.07133
421391 0.0716
421403 0.07142
421415 0.0716
421427 0.07158
421439 0.0714
421451 0.07159
421475 0.07137
421511 0.07109
421523 0.07161
421547 0.07138
421571 0.07106
421583 0.07107
421631 0.07167
421655 0.07167
421667 0.07165
421679 0.07131
421715 0.07144
421763 0.07153
421787 0.07169
421811 0.0717
421823 0.07064
421835 0.0717
421859 0.07062
421871 0.07062
421883 0.07157
421931 0.07173
421967 0.07122
421979 0.07064
422003 0.07152
422015 0.07178
422027 0.07176
422039 0.07018
422075 0.07162
422123 0.07075
422135 0.0713
422159 0.07177
422171 0.07165
422195 0.07178
422207 0.07132
422255 0.07111
422279 0.07173
422327 0.07171
422351 0.07109
422375 0.0708
422387 0.07164
422399 0.07168
422411 0.07165
422435 0.07173
422483 0.0708
422507 0.07036
422519 0.07164
422531 0.06946
422543 0.07051
422555 0.07176
422579 0.07168
422603 0.07178
422639 0.07036
422651 0.07088
422663 0.07123
422687 0.07159
422699 0.07171
422723 0.07174
422735 0.07157
422747 0.07173
422771 0.07158
422783 0.07126
422807 0.07155
422819 0.07175
422831 0.07154
422855 0.0706
422951 0.0715
422963 0.07178
422975 0.07155
422999 0.07148
423011 0.07168
423023 0.07047
423047 0.07057
423059 0.07061
423095 0.07158
423107 0.07175
423119 0.07144
423131 0.07173
423167 0.07142
423203 0.0717
423215 0.07162
423227 0.07171
423239 0.06678
423263 0.07054
423275 0.07159
423311 0.07138
423335 0.07165
423371 0.07166
423383 0.07167
423395 0.07165
423407 0.06993
423419 0.07165
423443 0.07153
423467 0.07152
423491 0.07134
423539 0.07161
423551 0.07171
423575 0.07149
423599 0.07128
423611 0.07158
423623 0.07174
423635 0.07179
423659 0.07115
423671 0.07084
423683 0.07128
423695 0.07153
423719 0.07015
423731 0.07154
423743 0.07154
423767 0.07178
423815 0.07179
423827 0.071
423851 0.07148
423863 0.07158
423875 0.07149
423899 0.06871
423911 0.07159
423923 0.07146
423947 0.07147
423959 0.07075
423971 0.07144
423995 0.07145
424031 0.07113
424043 0.07142
424067 0.07143
424115 0.07131
424151 0.07166
424175 0.07167
424211 0.07136
424235 0.07137
424283 0.07136
424307 0.07124
424367 0.07173
424379 0.06985
424391 0.07161
424403 0.0714
424415 0.0716
424427 0.07129
424439 0.071
424463 0.07158
424475 0.07119
424487 0.07176
424511 0.07038
424535 0.0711
424571 0.07142
424583 0.07111
424607 0.07006
424619 0.07107
424631 0.07179
424643 0.07124
424691 0.07148
424703 0.07176
424715 0.07149
424739 0.07146
424751 0.07175
424763 0.07147
424775 0.07174
424787 0.07119
424799 0.07047
424847 0.07145
424859 0.07116
424871 0.07101
424907 0.07154
424943 0.07122
424979 0.07071
424991 0.07167
425015 0.07166
425051 0.07136
425063 0.07125
425075 0.07156
425087 0.07137
425099 0.07074
425111 0.07108
425171 0.07162
425195 0.0714
425219 0.07161
425231 0.0713
425243 0.07164
425255 0.07132
425267 0.07142
425303 0.07061
425315 0.07166
425339 0.07164
425351 0.07154
425375 0.07134
425399 0.07064
425459 0.07131
425483 0.07094
425495 0.0712
425507 0.07133
425531 0.07173
425543 0.07148
425555 0.07173
425567 0.0714
425579 0.07171
425615 0.07146
425627 0.0709
425639 0.06999
425651 0.07154
425663 0.07125
425675 0.07154
425687 0.06842
425699 0.07088
425711 0.07144
425723 0.07156
425759 0.07061
425771 0.07094
425807 0.07106
425831 0.07148
425855 0.07148
425867 0.07143
425891 0.07175
425915 0.07161
425927 0.07066
425951 0.07134
425963 0.0696
425975 0.06961
425999 0.07134
426035 0.07174
426047 0.06986
426059 0.07102
426071 0.07155
426095 0.07155
426119 0.07138
426143 0.07139
426155 0.07167
426167 0.07101
426191 0.0714
426203 0.07168
426227 0.07069
426251 0.07171
426263 0.07124
426275 0.07109
426299 0.07165
426323 0.07058
426335 0.07092
426347 0.07174
426359 0.07145
426371 0.07159
426395 0.07145
426431 0.07165
426443 0.07177
426455 0.07117
426467 0.07035
426479 0.07032
426491 0.07155
426503 0.07096
426539 0.07157
426575 0.07151
426587 0.07151
426599 0.07086
426623 0.07171
426635 0.0715
426647 0.07111
426659 0.0712
426683 0.07152
426695 0.07173
426755 0.0707
426767 0.07107
426791 0.07176
426827 0.07158
426839 0.07106
426851 0.07169
426875 0.07173
426887 0.07103
426911 0.07179
426923 0.07167
426935 0.07076
426947 0.07045
426995 0.07176
427019 0.07044
427091 0.07165
427115 0.0718
427127 0.07101
427139 0.07137
427175 0.07171
427187 0.07177
427199 0.07169
427211 0.07169
427223 0.0717
427259 0.07175
427271 0.07168
427331 0.07172
427343 0.07166
427355 0.07171
427367 0.07061
427391 0.07175
427415 0.07123
427427 0.07169
427463 0.07177
427475 0.07177
427487 0.07057
427499 0.07092
427511 0.07178
427535 0.07159
427547 0.07165
427559 0.07179
427571 0.07179
427583 0.06912
427595 0.07122
427607 0.07157
427631 0.07177
427667 0.07142
427679 0.06886
427691 0.0716
427703 0.0705
427715 0.07159
427739 0.07151
427763 0.07173
427799 0.06929
427811 0.07156
427835 0.07171
427871 0.07123
427895 0.07168
427907 0.07169
427931 0.07168
427955 0.07105
428015 0.07164
428051 0.0716
428063 0.07064
428075 0.07128
428099 0.07162
428111 0.0714
428123 0.06998
428159 0.07145
428171 0.07164
428219 0.06988
428243 0.07123
428255 0.07156
428267 0.07157
428279 0.06973
428291 0.07167
428315 0.07098
428327 0.07023
428351 0.0715
428363 0.07169
428375 0.07152
428387 0.07153
428399 0.07152
428423 0.0713
428435 0.07171
428447 0.0714
428459 0.07172
428495 0.0705
428507 0.07133
428519 0.07142
428543 0.07146
428591 0.07157
428603 0.07085
428615 0.07144
428627 0.07129
428651 0.07087
428675 0.07178
428687 0.07147
428699 0.07127
428711 0.07141
428723 0.07141
428795 0.07177
428819 0.07123
428855 0.07165
428867 0.07102
428879 0.07152
428891 0.07132
428903 0.06983
428915 0.07173
428927 0.07113
428939 0.07172
428963 0.07099
428975 0.07168
428999 0.06924
429011 0.07136
429023 0.0713
429035 0.07131
429047 0.07109
429059 0.07115
429071 0.07158
429107 0.07129
429131 0.07139
429143 0.07126
429167 0.07028
429179 0.06985
429191 0.07161
429203 0.07163
429239 0.07176
429251 0.07162
429263 0.07122
429275 0.07143
429287 0.07101
429311 0.07165
429323 0.0697
429335 0.0712
429371 0.07158
429383 0.07179
429395 0.07147
429407 0.0685
429419 0.07061
429443 0.07117
429455 0.07169
429479 0.06813
429491 0.07056
429527 0.07093
429539 0.07099
429575 0.07112
429611 0.07112
429623 0.06987
429635 0.07154
429647 0.07012
429671 0.07169
429695 0.06974
429707 0.07049
429743 0.07107
429767 0.07178
429779 0.07158
429803 0.07143
429815 0.07164
429839 0.07103
429875 0.07141
429935 0.0716
429947 0.06988
429959 0.06752
429983 0.07159
430031 0.07173
430043 0.07166
430103 0.07155
430115 0.07133
430127 0.06854
430151 0.07169
430163 0.07037
430187 0.07077
430211 0.07171
430223 0.06835
430235 0.07045
430247 0.07069
430271 0.07165
430295 0.06991
430307 0.07048
430331 0.07088
430355 0.07175
430367 0.07065
430379 0.07124
430403 0.07176
430439 0.07144
430475 0.07178
430523 0.0718
430535 0.0708
430559 0.06824
430583 0.07139
430595 0.07177
430607 0.07154
430619 0.07063
430631 0.07153
430643 0.07176
430667 0.07077
430703 0.07135
430763 0.07074
430775 0.07037
430787 0.07062
430835 0.07071
430859 0.07108
430919 0.07143
430931 0.07166
430943 0.07067
430955 0.07165
430967 0.07046
431003 0.06949
431015 0.07065
431027 0.07069
431039 0.07124
431075 0.07101
431087 0.07138
431111 0.07062
431123 0.0716
431135 0.07015
431159 0.0712
431171 0.07072
431183 0.07059
431207 0.06961
431231 0.07118
431255 0.07132
431279 0.06866
431303 0.07053
431351 0.07054
431375 0.07128
431411 0.0715
431471 0.06953
431495 0.07109
431507 0.07034
431531 0.07084
431543 0.0706
431579 0.07145
431591 0.07121
431627 0.07011
431675 0.07086
431687 0.07064
431699 0.07141
431723 0.0708
431735 0.06862
431747 0.06982
431771 0.07138
431783 0.07099
431795 0.07091
431819 0.07091
431843 0.07042
431879 0.07112
431915 0.07133
431927 0.0711
431951 0.07094
431963 0.07095
431975 0.06854
431987 0.07018
431999 0.07108
432011 0.07033
432035 0.0713
432047 0.07074
432071 0.07105
432095 0.07104
432107 0.071
432119 0.07014
432131 0.07126
432155 0.07071
432179 0.0686
432191 0.07086
432215 0.07085
432239 0.071
432263 0.07019
432275 0.07074
432347 0.07057
432371 0.07108
432383 0.06924
432395 0.07118
432407 0.07094
432419 0.07117
432431 0.07093
432515 0.07111
432551 0.07074
432563 0.07112
432575 0.07057
432599 0.07013
432611 0.07115
432623 0.07091
432635 0.07114
432647 0.06915
432671 0.06885
432683 0.07115
432707 0.0701
432719 0.07084
432755 0.07117
432767 0.07095
432779 0.07105
432791 0.06885
432803 0.07001
432815 0.07096
432827 0.07121
432851 0.0712
432863 0.07065
432875 0.07091
432887 0.07098
432899 0.07004
432911 0.07062
432947 0.07124
432971 0.07125
433007 0.07102
433019 0.07125
433031 0.0707
433055 0.07103
433067 0.06999
433091 0.07095
433127 0.07105
433139 0.0713
433163 0.07129
433175 0.07054
433199 0.07045
433211 0.07132
433223 0.07108
433235 0.07133
433247 0.07067
433283 0.07133
433295 0.07078
433307 0.07085
433331 0.07104
433355 0.07086
433379 0.07085
433391 0.07113
433403 0.06988
433415 0.07081
433427 0.07138
433451 0.07137
433463 0.07082
433487 0.06888
433523 0.06984
433547 0.07092
433559 0.07041
433583 0.07086
433631 0.0712
433655 0.0712
433691 0.0699
433739 0.07146
433751 0.07091
433763 0.07117
433775 0.07062
433799 0.07049
433811 0.07148
433823 0.07125
433871 0.07094
433907 0.06957
433919 0.07096
433955 0.07152
433979 0.07066
433991 0.0713
434003 0.07065
434015 0.07069
434027 0.07105
434051 0.07156
434063 0.071
434075 0.07155
434099 0.07127
434135 0.07102
434147 0.07159
434171 0.07158
434183 0.07136
434195 0.07004
434207 0.0685
434219 0.07161
434231 0.07075
434291 0.07162
434315 0.07044
434327 0.0714
434339 0.07164
434351 0.07108
434423 0.07013
434435 0.07167
434447 0.07143
434483 0.07049
434495 0.06938
434507 0.07169
434519 0.07113
434531 0.07168
434555 0.0714
434579 0.07171
434591 0.07008
434603 0.07171
434627 0.06915
434639 0.07116
434651 0.07173
434663 0.07149
434675 0.07173
434687 0.06943
434711 0.07118
434723 0.07144
434735 0.07151
434747 0.07176
434759 0.06966
434771 0.07177
434819 0.07177
434843 0.07148
434855 0.07122
434879 0.0694
434891 0.07061
434915 0.0715
434975 0.07158
434999 0.07097
435011 0.07153
435023 0.06935
435035 0.07134
435047 0.0716
435071 0.07129
435083 0.07174
435095 0.06975
435119 0.07101
435155 0.07157
435167 0.07164
435203 0.0707
435215 0.06979
435239 0.0698
435251 0.07159
435275 0.07166
435311 0.06985
435335 0.07136
435347 0.06967
435383 0.06984
435395 0.07162
435431 0.07139
435455 0.07172
435467 0.0716
435479 0.06979
435527 0.06993
435551 0.07113
435587 0.07156
435599 0.06991
435635 0.07154
435659 0.07155
435671 0.07178
435683 0.07047
435695 0.07179
435707 0.06956
435743 0.07118
435767 0.06891
435791 0.07177
435803 0.07175
435815 0.0712
435827 0.06959
435851 0.07005
435863 0.07175
435887 0.07174
435899 0.07178
435959 0.06979
435971 0.07179
435995 0.07178
436007 0.06981
436019 0.07144
436031 0.07169
436043 0.07143
436067 0.06988
436103 0.07004
436139 0.07174
436163 0.07139
436175 0.07131
436187 0.06991
436199 0.07161
436211 0.07168
436223 0.07161
436235 0.0717
436247 0.06966
436259 0.07136
436271 0.07009
436295 0.06915
436331 0.07065
436355 0.07103
436367 0.07158
436379 0.07103
436391 0.07166
436403 0.07173
436415 0.07167
436451 0.07175
436475 0.07163
436487 0.07154
436499 0.07162
436511 0.0717
436535 0.07153
436559 0.07171
436583 0.07018
436595 0.07159
436619 0.07158
436643 0.07157
436655 0.07174
436667 0.07121
436679 0.07145
436691 0.07122
436703 0.07146
436715 0.07113
436751 0.07002
436763 0.07078
436775 0.07003
436823 0.06955
436835 0.07173
436847 0.07143
436859 0.06973
436883 0.07081
436895 0.07178
436907 0.0717
436931 0.0717
436943 0.07177
436955 0.07169
436991 0.07154
437027 0.06994
437039 0.07174
437051 0.07166
437075 0.07143
437087 0.0699
437123 0.07141
437147 0.07105
437171 0.0714
437195 0.0709
437207 0.07015
437231 0.07036
437255 0.06967
437267 0.07159
437291 0.07136
437303 0.07128
437327 0.06983
437375 0.07165
437399 0.07166
437423 0.07166
437435 0.07153
437447 0.06901
437483 0.07152
437495 0.07168
437531 0.07136
437567 0.07026
437579 0.07138
437591 0.07156
437603 0.07148
437627 0.07032
437639 0.07172
437663 0.07049
437675 0.0714
437699 0.07089
437711 0.07152
437723 0.07144
437747 0.07036
437759 0.06951
437783 0.07052
437807 0.07111
437831 0.07148
437855 0.07178
437879 0.07055
437891 0.07083
437903 0.07145
437927 0.07036
437939 0.07148
437951 0.07057
437963 0.07149
437975 0.07177
437987 0.07021
437999 0.07176
438011 0.07113
438035 0.07151
438059 0.07151
438071 0.07174
438083 0.07152
438095 0.07061
438107 0.07046
438167 0.07006
438191 0.0717
438227 0.07127
438239 0.07065
438263 0.07097
438275 0.07126
438299 0.07069
438311 0.07166
438335 0.07131
438347 0.07053
438359 0.07048
438371 0.07101
438383 0.07164
438407 0.07028
438491 0.07119
438503 0.07073
438515 0.07164
438539 0.07165
438563 0.07166
438575 0.07054
438587 0.06929
438599 0.07123
438635 0.07131
438659 0.07132
438683 0.07132
438719 0.07079
438731 0.0717
438743 0.07079
438767 0.06938
438779 0.07135
438791 0.07117
438803 0.07087
438815 0.0715
438839 0.07115
438851 0.07174
438875 0.07049
438923 0.07176
438935 0.07085
438947 0.07104
438959 0.07111
439031 0.07088
439043 0.07012
439067 0.071
439079 0.07141
439091 0.07179
439103 0.07069
439115 0.07145
439127 0.07034
439139 0.07145
439151 0.07068
439175 0.07104
439187 0.07077
439211 0.07147
439223 0.07103
439235 0.07095
439247 0.07073
439259 0.07072
439295 0.06801
439319 0.07133
439331 0.07151
439343 0.07132
439355 0.0717
439379 0.07068
439391 0.07028
439415 0.07098
439439 0.07129
439451 0.07167
439475 0.07087
439487 0.07044
439499 0.07029
439523 0.07156
439535 0.07126
439547 0.07071
439571 0.07084
439595 0.07083
439619 0.07161
439643 0.07068
439679 0.07121
439691 0.07161
439703 0.07121
439727 0.07065
439739 0.07023
439835 0.07095
439847 0.07054
439859 0.07153
439871 0.07091
439895 0.07114
439907 0.07003
439931 0.07098
439943 0.06976
439967 0.07057
439979 0.0715
440003 0.0717
440051 0.07171
440075 0.07146
440123 0.06973
440135 0.07077
440147 0.07104
440231 0.07122
440255 0.0708
440267 0.07107
440291 0.07108
440315 0.07109
440327 0.07055
440351 0.07125
440363 0.07137
440375 0.07105
440387 0.06886
440411 0.07178
440423 0.07127
440435 0.07135
440459 0.07176
440483 0.07175
440519 0.07073
440531 0.07099
440555 0.07131
440591 0.07132
440603 0.07129
440615 0.07076
440627 0.07102
440639 0.07057
440663 0.0709
440675 0.07169
440687 0.07114
440699 0.07168
440735 0.07094
440747 0.07105
440759 0.07116
440771 0.07024
440795 0.07178
440819 0.07164
440855 0.07139
440879 0.06997
440891 0.0712
440915 0.07174
440927 0.07121
440951 0.07142
440963 0.0716
440975 0.07086
441035 0.07157
441047 0.07102
441059 0.0698
441071 0.07045
441083 0.07035
441095 0.07076
441119 0.07167
441131 0.07112
441143 0.07053
441155 0.07153
441167 0.07091
441215 0.0708
441227 0.0704
441239 0.0713
441275 0.07108
441287 0.07131
441299 0.07162
441311 0.07152
441323 0.07148
441335 0.07053
441347 0.07044
441371 0.07138
441383 0.07159
441395 0.07104
441407 0.07011
441431 0.07032
441455 0.07136
441467 0.07125
441491 0.07143
441503 0.07155
441515 0.07121
441539 0.07099
441551 0.07117
441575 0.07159
441599 0.0716
441611 0.07145
441623 0.07067
441659 0.07095
441671 0.07068
441707 0.07054
441719 0.07164
441731 0.07149
441743 0.07164
441755 0.07092
441767 0.07065
441779 0.06992
441803 0.07133
441815 0.07146
441851 0.07152
441863 0.07168
441875 0.07137
441899 0.07137
441911 0.07149
441935 0.0717
441959 0.0714
441983 0.07077
441995 0.07156
442067 0.06702
442091 0.07143
442103 0.07174
442127 0.0696
442163 0.07134
442175 0.07134
442187 0.07161
442199 0.07177
442211 0.07146
442223 0.07178
442235 0.07147
442259 0.07148
442295 0.07138
442307 0.07165
442331 0.07144
442391 0.07176
442415 0.07141
442427 0.07038
442451 0.07169
442463 0.07115
442475 0.0717
442511 0.07129
442523 0.07109
442535 0.07166
442547 0.0715
442559 0.07167
442583 0.07046
442595 0.07107
442631 0.07169
442643 0.07174
442655 0.0717
442667 0.07159
442679 0.07134
442715 0.0716
442727 0.07172
442739 0.07161
442751 0.0715
442775 0.07164
442787 0.06981
442799 0.07152
442811 0.07157
442835 0.07164
442847 0.07153
442859 0.07119
442871 0.07139
442883 0.07178
442895 0.0716
442907 0.07166
442931 0.07161
442943 0.07158
443003 0.07163
443015 0.07158
443027 0.07173
443051 0.07092
443075 0.06962
443087 0.0716
443099 0.07049
443111 0.07176
443135 0.07152
443183 0.07067
443195 0.07168
443207 0.07136
443267 0.07062
443279 0.07171
443303 0.07147
443327 0.07167
443339 0.07083
443351 0.0714
443375 0.07168
443387 0.07173
443399 0.07169
443411 0.07179
443435 0.07093
443447 0.0697
443459 0.07178
443483 0.07137
443495 0.07164
443507 0.07177
443519 0.07114
443531 0.07105
443555 0.07178
443579 0.0714
443615 0.07123
443627 0.06743
443663 0.07124
443675 0.07171
443699 0.07072
443747 0.07175
443783 0.07152
443795 0.07077
443807 0.07122
443819 0.07166
443831 0.07178
443843 0.07147
443891 0.07148
443903 0.07128
443915 0.0717
443951 0.07174
443963 0.0715
443975 0.0717
444011 0.0716
444023 0.07091
444059 0.06989
444071 0.07173
444083 0.07059
444107 0.07164
444119 0.07169
444143 0.07094
444155 0.07156
444191 0.07176
444203 0.0716
444227 0.07153
444239 0.07178
444251 0.07152
444263 0.07141
444275 0.0709
444299 0.0716
444323 0.07157
444359 0.07178
444371 0.07032
444383 0.07112
444395 0.07163
444407 0.07169
444419 0.07163
444431 0.07176
444455 0.07171
444467 0.07145
444479 0.07157
444491 0.07126
444503 0.07148
444551 0.07143
444563 0.07167
444575 0.07174
444587 0.07135
444599 0.07154
444611 0.07141
444635 0.07122
444659 0.07054
444683 0.07171
444695 0.07153
444707 0.07144
444779 0.07044
444815 0.07156
444827 0.06876
444839 0.07162
444851 0.07175
444875 0.07034
444899 0.07131
444911 0.07153
444923 0.07033
444935 0.07174
444947 0.07145
444959 0.07154
444983 0.07161
444995 0.07179
445007 0.07113
445043 0.07178
445055 0.07171
445067 0.07148
445079 0.07158
445115 0.07149
445127 0.07137
445139 0.07054
445151 0.07166
445163 0.07175
445175 0.07152
445211 0.07173
445223 0.07124
445235 0.07153
445247 0.07164
445259 0.07022
445295 0.0717
445331 0.07124
445343 0.07171
445379 0.07026
445391 0.07167
445439 0.07168
445451 0.07123
445475 0.07063
445487 0.07127
445511 0.07176
445523 0.07161
445547 0.07162
445559 0.07171
445571 0.07126
445607 0.07173
445643 0.07159
445655 0.0718
445667 0.07129
445715 0.07166
445727 0.07061
445739 0.07071
445751 0.07177
445763 0.07168
445775 0.0714
445787 0.06713
445811 0.07073
445835 0.07134
445859 0.07152
445895 0.07178
445907 0.07172
445919 0.07128
445955 0.07
445979 0.07148
445991 0.07169
446027 0.07102
446039 0.07174
446051 0.07176
446063 0.07166
446075 0.07145
446099 0.07046
446171 0.06986
446183 0.07151
446195 0.0718
446207 0.07074
446219 0.0705
446243 0.07178
446255 0.07167
446267 0.07177
446291 0.07094
446303 0.0715
446315 0.07176
446339 0.07085
446351 0.07114
446375 0.07163
446423 0.07053
446435 0.07089
446459 0.07091
446471 0.0716
446483 0.0702
446495 0.07093
446507 0.07152
446519 0.07161
446531 0.07169
446543 0.07151
446555 0.07093
446579 0.07129
446591 0.07158
446615 0.07157
446627 0.07166
446639 0.07155
446651 0.07156
446675 0.07126
446687 0.07138
446711 0.07166
446723 0.07098
446735 0.07167
446747 0.07079
446783 0.07168
446795 0.0716
446807 0.07164
446831 0.07164
446843 0.07162
446867 0.07162
446879 0.07171
446903 0.07071
446915 0.07164
446927 0.07111
446939 0.07118
446963 0.07155
446975 0.07168
446987 0.07008
447023 0.0702
447035 0.07115
447047 0.07075
447059 0.07114
447071 0.07172
447083 0.07113
447095 0.07177
447131 0.0717
447143 0.06943
447167 0.07174
447191 0.07174
447203 0.07111
447227 0.07172
447251 0.07078
447275 0.07056
447287 0.07134
447299 0.0708
447335 0.07179
447347 0.07035
447359 0.07178
447371 0.07116
447383 0.07124
447395 0.07177
447407 0.0681
447419 0.07102
447431 0.07172
447479 0.07128
447491 0.07138
447515 0.0712
447539 0.07057
447551 0.07162
447563 0.07177
447575 0.0709
447587 0.07135
447599 0.07167
447647 0.07038
447659 0.07124
447671 0.0717
447695 0.0717
447719 0.07167
447731 0.07172
447755 0.0713
447767 0.07167
447803 0.07128
447851 0.07129
447863 0.07109
447875 0.0713
447887 0.07171
447899 0.07097
447911 0.07157
447923 0.07131
447935 0.07095
447947 0.07124
447959 0.07155
447971 0.07123
448007 0.0716
448019 0.07134
448043 0.07162
448079 0.07152
448103 0.07151
448115 0.07118
448127 0.07155
448151 0.07179
448163 0.07117
448175 0.07155
448211 0.07156
448223 0.07147
448235 0.07156
448247 0.07103
448271 0.07105
448283 0.07077
448307 0.07045
448319 0.07151
448343 0.07111
448391 0.07135
448403 0.07145
448415 0.07172
448427 0.07111
448439 0.0714
448463 0.07114
448475 0.0705
448499 0.07113
448511 0.07169
448523 0.07077
448535 0.07168
448547 0.07146
448559 0.07168
448571 0.07149
448583 0.07136
448595 0.07116
448619 0.06791
448655 0.07138
448679 0.07164
448691 0.07018
448715 0.0714
448739 0.07154
448751 0.07118
448775 0.07134
448787 0.07097
448799 0.07135
448823 0.0707
448847 0.07121
448919 0.07125
448931 0.07095
448955 0.07096
448967 0.0713
448979 0.07126
448991 0.07152
449015 0.07128
449027 0.0713
449039 0.07152
449063 0.07043
449075 0.07092
449087 0.07151
449111 0.07132
449123 0.07093
449135 0.07125
449147 0.07131
449159 0.07149
449183 0.0713
449207 0.07158
449219 0.07167
449231 0.07122
449255 0.07159
449267 0.07123
449279 0.07137
449291 0.07072
449315 0.07136
449327 0.07143
449351 0.07162
449375 0.07162
449387 0.07119
449423 0.0706
449435 0.07102
449447 0.07137
449471 0.07114
449483 0.07111
449507 0.07115
449531 0.07007
449555 0.07177
449603 0.07107
449627 0.07144
449639 0.07147
449651 0.07115
449675 0.07146
449687 0.07094
449711 0.07172
449723 0.07178
449735 0.07172
449747 0.06961
449771 0.07176
449819 0.0715
449831 0.07148
449843 0.07174
449855 0.07149
449903 0.07154
449927 0.07178
449939 0.07153
449975 0.07152
449999 0.0718
450023 0.07103
450047 0.07096
450059 0.07167
450119 0.0716
450131 0.07158
450143 0.07091
450167 0.07174
450179 0.07163
450191 0.07173
450215 0.07173
450251 0.07125
450275 0.0716
450323 0.07134
450347 0.07164
450359 0.0711
450371 0.07102
450395 0.07156
450407 0.07109
450419 0.07166
450443 0.07137
450455 0.07165
450467 0.07105
450491 0.07084
450515 0.07152
450527 0.07105
450539 0.07097
450551 0.07172
450575 0.07173
450623 0.0717
450647 0.0717
450659 0.07148
450683 0.07111
450695 0.07122
450731 0.07112
450743 0.07043
450755 0.07176
450779 0.07139
450791 0.07174
450851 0.07178
450863 0.07105
450875 0.07116
450911 0.07107
450947 0.06941
450959 0.07048
450983 0.0706
451007 0.07179
451019 0.0711
451043 0.07147
451055 0.07172
451067 0.06944
451079 0.07063
451091 0.07174
451115 0.07156
451127 0.07175
451151 0.07105
451163 0.07114
451175 0.07135
451199 0.07168
451211 0.07151
451223 0.07137
451247 0.0714
451259 0.0716
451271 0.0717
451283 0.07128
451295 0.07139
451307 0.07018
451319 0.07109
451367 0.07136
451379 0.07156
451391 0.07135
451403 0.07131
451415 0.07053
451427 0.07059
451451 0.07054
451463 0.07143
451475 0.07166
451487 0.07144
451511 0.07144
451535 0.07124
451559 0.0713
451571 0.07126
451583 0.07155
451595 0.07169
451619 0.07157
451631 0.07154
451643 0.07137
451655 0.07158
451703 0.07157
451715 0.07165
451727 0.07156
451739 0.07173
451751 0.0715
451763 0.06923
451775 0.07149
451787 0.07151
451811 0.07151
451835 0.07133
451883 0.07041
451907 0.07148
451931 0.07108
451943 0.07149
451955 0.07074
451979 0.07145
451991 0.07136
452003 0.06996
452051 0.07076
452063 0.07079
452075 0.07142
452099 0.07078
452111 0.07161
452123 0.07175
452135 0.07138
452147 0.07151
452183 0.07082
452219 0.07081
452231 0.0714
452255 0.07134
452267 0.06988
452303 0.07071
452315 0.07177
452327 0.07146
452339 0.07095
452351 0.07138
452375 0.07088
452387 0.06987
452399 0.0713
452411 0.07174
452423 0.07075
452435 0.07174
452447 0.07102
452459 0.0715
452471 0.0715
452483 0.07172
452507 0.07129
452543 0.07173
452567 0.07174
452591 0.07098
452603 0.07168
452651 0.06904
452663 0.07176
452675 0.07166
452699 0.07165
452711 0.07006
452723 0.07167
452747 0.07168
452783 0.07179
452795 0.07162
452819 0.07161
452843 0.0717
452855 0.07177
452867 0.07171
452879 0.07115
452891 0.07162
452903 0.07161
452927 0.07162
452939 0.07158
452951 0.07174
452975 0.07116
452987 0.06928
452999 0.07156
453035 0.07176
453047 0.07171
453059 0.07154
453071 0.07171
453083 0.07167
453131 0.07178
453167 0.07168
453179 0.0696
453191 0.07167
453203 0.0717
453215 0.0717
453251 0.07177
453263 0.06941
453275 0.07012
453287 0.07164
453299 0.07173
453335 0.07114
453359 0.07165
453383 0.07161
453407 0.07175
453419 0.07176
453443 0.07142
453455 0.07168
453491 0.0717
453503 0.071
453539 0.0718
453575 0.07171
453587 0.0702
453611 0.07128
453623 0.07091
453635 0.07136
453647 0.06982
453695 0.07175
453731 0.07174
453743 0.07174
453755 0.07161
453767 0.07061
453779 0.07089
453791 0.07148
453803 0.06941
453815 0.07178
453839 0.07107
453863 0.07128
453875 0.07158
453887 0.07179
453899 0.07127
453911 0.07144
453995 0.07154
454007 0.07063
454019 0.07042
454043 0.07164
454055 0.07164
454067 0.07151
454103 0.07163
454127 0.07046
454163 0.0716
454175 0.0716
454187 0.07135
454223 0.07138
454259 0.07157
454271 0.07157
454283 0.07115
454295 0.07166
454319 0.07166
454343 0.07155
454355 0.0714
454367 0.0713
454391 0.07163
454403 0.07112
454415 0.07163
454427 0.0714
454439 0.07144
454463 0.07131
454475 0.07143
454487 0.0716
454499 0.07109
454511 0.07125
454523 0.07137
454571 0.07146
454583 0.07127
454595 0.07146
454607 0.07147
454619 0.07063
454631 0.07065
454643 0.0689
454667 0.06974
454691 0.07143
454703 0.07144
454715 0.0715
454727 0.07143
454739 0.07003
454775 0.07139
454787 0.07152
454811 0.07099
454835 0.07127
454871 0.07148
454883 0.07137
454895 0.07138
454955 0.07086
455015 0.07134
455027 0.0705
455039 0.07143
455051 0.07132
455063 0.07161
455075 0.07091
455087 0.07093
455111 0.07163
455135 0.0696
455147 0.07161
455183 0.07165
455195 0.07163
455207 0.07138
455243 0.07115
455255 0.07166
455267 0.06899
455303 0.07154
455315 0.07166
455327 0.071
455363 0.07111
455375 0.07042
455387 0.07168
455399 0.07156
455411 0.07121
455423 0.07157
455435 0.07071
455447 0.07082
455459 0.06981
455483 0.07107
455507 0.07106
455519 0.0716
455555 0.07076
455567 0.07126
455591 0.07162
455615 0.07176
455639 0.07156
455651 0.07175
455675 0.07112
455699 0.07063
455723 0.06922
455735 0.0718
455747 0.07178
455759 0.0709
455771 0.07178
455807 0.07119
455819 0.07108
455843 0.07107
455855 0.07169
455867 0.07083
455879 0.0698
455891 0.07034
455927 0.07116
455939 0.07176
455951 0.07171
455963 0.07063
455975 0.07172
456011 0.07102
456035 0.07087
456059 0.07172
456071 0.07169
456083 0.07088
456095 0.07168
456131 0.0709
456143 0.07177
456155 0.07169
456179 0.07048
456191 0.07018
456203 0.07085
456227 0.07017
456239 0.07124
456251 0.07094
456263 0.07179
456275 0.07094
456299 0.07053
456311 0.07178
456323 0.07052
456335 0.07127
456347 0.0708
456359 0.07176
456371 0.07091
456383 0.07176
456395 0.07097
456407 0.071
456419 0.07089
456431 0.07177
456467 0.07159
456479 0.07179
456527 0.07132
456551 0.07154
456563 0.07085
456575 0.07095
456599 0.07113
456635 0.07042
456659 0.07104
456671 0.07166
456695 0.07149
456707 0.07152
456719 0.07116
456743 0.0708
456755 0.07068
456779 0.07108
456803 0.07037
456815 0.07119
456827 0.07109
456839 0.07145
456851 0.06951
456863 0.07144
456875 0.07146
456887 0.07142
456911 0.07167
456947 0.07062
456971 0.07143
456983 0.06958
456995 0.07143
457007 0.07072
457019 0.07022
457031 0.07163
457079 0.07154
457103 0.07153
457127 0.07068
457175 0.07151
457187 0.07054
457199 0.07158
457211 0.07136
457235 0.07071
457247 0.07152
457259 0.07023
457283 0.07014
457331 0.07123
457343 0.0702
457355 0.0706
457379 0.0706
457391 0.07152
457415 0.07143
457427 0.07129
457439 0.07136
457451 0.07126
457463 0.0692
457475 0.07128
457487 0.07033
457535 0.07148
457583 0.07122
457595 0.07042
457619 0.0713
457631 0.07145
457655 0.07142
457691 0.07057
457703 0.0703
457715 0.0712
457727 0.07165
457763 0.07059
457775 0.07132
457811 0.07087
457823 0.0713
457835 0.07136
457847 0.07168
457859 0.07045
457883 0.06924
457895 0.07136
457907 0.07089
457919 0.07127
457931 0.07043
457967 0.0715
457991 0.07125
458003 0.0704
458015 0.07173
458075 0.07067
458087 0.07154
458099 0.06997
458111 0.07175
458135 0.07176
458147 0.07145
458159 0.0712
458171 0.07106
458183 0.07119
458231 0.07158
458243 0.07055
458255 0.07117
458267 0.07148
458279 0.07124
458291 0.07102
458303 0.07124
458315 0.06991
458339 0.07059
458351 0.07177
458375 0.07161
458387 0.07151
458411 0.07152
458423 0.07096
458435 0.07098
458447 0.07174
458459 0.07104
458495 0.07165
458507 0.07014
458519 0.06941
458579 0.07156
458591 0.07115
458603 0.07011
458615 0.07169
458675 0.07159
458687 0.07086
458699 0.07019
458711 0.07171
458723 0.07085
458735 0.0711
458771 0.07017
458795 0.07087
458831 0.07061
458843 0.07003
458867 0.07006
458903 0.0699
458915 0.0709
458927 0.07176
458939 0.0695
458951 0.07079
458975 0.07178
458999 0.07095
459011 0.07077
459059 0.07078
459071 0.07179
459083 0.07095
459095 0.07154
459119 0.07177
459131 0.07096
459143 0.07098
459155 0.07172
459179 0.07082
459191 0.07151
459203 0.07081
459215 0.07174
459227 0.07125
459239 0.07095
459275 0.07072
459287 0.07172
459299 0.07176
459311 0.07147
459323 0.07085
459347 0.07087
459359 0.06915
459395 0.07179
459419 0.0713
459455 0.07167
459491 0.07132
459503 0.07086
459515 0.07133
459527 0.07109
459539 0.07029
459551 0.07164
459563 0.07108
459575 0.07139
459587 0.07135
459635 0.07173
459659 0.07173
459683 0.07111
459707 0.07112
459731 0.0717
459743 0.07074
459767 0.07157
459779 0.07022
459815 0.07117
459827 0.07167
459839 0.07117
459851 0.07167
459863 0.069
459875 0.07116
459887 0.06993
459911 0.07153
459935 0.07152
459947 0.07164
459959 0.07151
459971 0.07163
459983 0.07048
459995 0.07146
460007 0.07122
460031 0.07125
460043 0.07121
460055 0.07124
460067 0.07047
460115 0.07158
460139 0.07158
460151 0.07126
460163 0.07107
460175 0.07097
460187 0.07125
460199 0.0712
460223 0.07087
460235 0.07152
460259 0.0711
460271 0.07055
460283 0.07127
460295 0.07141
460307 0.07154
460319 0.0714
460331 0.07112
460343 0.07102
460355 0.07046
460367 0.07132
460391 0.07138
460427 0.07053
460475 0.07159
460487 0.07135
460511 0.07135
460547 0.07134
460559 0.07137
460583 0.06773
460607 0.07107
460631 0.07106
460655 0.07139
460667 0.07164
460679 0.07129
460691 0.07165
460703 0.071
460727 0.07141
460739 0.07139
460751 0.07127
460763 0.0714
460775 0.07126
460799 0.07047
460835 0.07125
460847 0.07104
460883 0.07127
460931 0.07171
460943 0.07107
460955 0.07172
460967 0.0712
461003 0.07063
461027 0.07147
461039 0.07031
461063 0.07121
461075 0.07017
461087 0.07151
461099 0.06946
461111 0.07152
461123 0.0715
461159 0.07124
461195 0.07137
461219 0.07137
461231 0.07155
461243 0.07153
461267 0.07154
461279 0.07024
461291 0.07139
461303 0.07024
461315 0.07177
461339 0.07177
461363 0.07015
461375 0.07159
461387 0.07157
461399 0.07159
461423 0.07131
461435 0.07174
461459 0.07067
461471 0.07026
461495 0.07133
461519 0.07103
461531 0.07146
461543 0.06934
461567 0.07101
461579 0.07169
461615 0.07136
461651 0.07149
461663 0.07085
461675 0.07149
461711 0.07139
461723 0.07149
461747 0.07108
461759 0.07169
461771 0.07167
461783 0.07129
461795 0.07168
461807 0.0713
461831 0.07171
461855 0.07172
461879 0.07143
461927 0.07174
461939 0.07094
461963 0.07173
461975 0.07093
461987 0.07157
461999 0.07176
462011 0.07156
462023 0.07009
462035 0.07174
462047 0.07137
462071 0.07137
462083 0.07159
462107 0.07153
462119 0.07179
462167 0.06891
462179 0.07162
462215 0.07178
462227 0.0718
462251 0.07179
462275 0.07148
462299 0.07166
462323 0.07166
462347 0.07145
462359 0.07156
462371 0.07106
462383 0.06991
462407 0.07172
462431 0.07171
462455 0.07148
462479 0.06996
462503 0.0716
462527 0.07168
462539 0.07171
462551 0.07167
462563 0.07169
462575 0.0707
462587 0.07168
462599 0.06992
462611 0.07137
462635 0.07136
462647 0.07111
462695 0.07165
462707 0.07177
462731 0.07178
462743 0.07017
462767 0.0716
462779 0.07117
462791 0.07115
462815 0.07157
462875 0.07179
462923 0.06868
462935 0.07172
462971 0.07174
462995 0.07175
463007 0.07153
463019 0.07174
463043 0.07154
463055 0.07175
463067 0.07171
463079 0.06915
463091 0.07172
463139 0.07126
463151 0.07125
463163 0.0697
463175 0.07178
463187 0.06876
463199 0.07179
463223 0.07168
463259 0.07165
463271 0.07178
463295 0.07078
463307 0.07164
463331 0.07165
463367 0.07172
463379 0.07163
463391 0.07173
463403 0.07128
463427 0.06946
463439 0.06943
463463 0.07175
463475 0.0713
463487 0.07019
463499 0.07136
463559 0.0717
463571 0.07157
463583 0.06962
463595 0.07139
463607 0.07137
463619 0.07126
463631 0.07138
463655 0.07179
463667 0.07135
463691 0.07136
463703 0.07178
463715 0.07151
463739 0.07152
463751 0.07176
463775 0.07129
463799 0.06956
463811 0.07145
463847 0.07143
463871 0.07126
463883 0.07141
463931 0.07148
463943 0.0717
463967 0.07147
463979 0.07143
464015 0.07122
464027 0.07145
464039 0.07097
464063 0.07098
464075 0.07152
464087 0.0715
464099 0.07141
464111 0.07165
464135 0.071
464147 0.07154
464159 0.07101
464183 0.07152
464195 0.07138
464207 0.07057
464219 0.07092
464231 0.07149
464243 0.07151
464255 0.06942
464267 0.07031
464303 0.07105
464339 0.07159
464363 0.07003
464375 0.07158
464387 0.0716
464399 0.06991
464411 0.07161
464423 0.07159
464435 0.07161
464471 0.0716
464507 0.07158
464519 0.0714
464531 0.07158
464543 0.06926
464555 0.07039
464567 0.07151
464579 0.07151
464615 0.07104
464627 0.07166
464651 0.07153
464675 0.07154
464723 0.07163
464735 0.07116
464759 0.07004
464783 0.07145
464807 0.07098
464831 0.0717
464855 0.0713
464903 0.06868
464915 0.07114
464975 0.07126
464987 0.07095
465035 0.07163
465047 0.07136
465059 0.07178
465083 0.07008
465095 0.07177
465131 0.07109
465155 0.07179
465179 0.07118
465191 0.07179
465203 0.07176
465215 0.07085
465227 0.07057
465239 0.07118
465251 0.07178
465263 0.0713
465275 0.07105
465287 0.07177
465311 0.07132
465323 0.07084
465335 0.07132
465347 0.07179
465359 0.07133
465371 0.07053
465395 0.07173
465431 0.07172
465443 0.07125
465455 0.07111
465467 0.07169
465479 0.06959
465491 0.07176
465503 0.0717
465527 0.07092
465539 0.07127
465575 0.07074
465599 0.07107
465623 0.07106
465635 0.0718
465647 0.07118
465671 0.06953
465683 0.07073
465719 0.07142
465767 0.07162
465779 0.07089
465791 0.07161
465815 0.07113
465827 0.07164
465851 0.07164
465863 0.07101
465875 0.07085
465899 0.07137
465911 0.0711
465923 0.07066
465959 0.07096
465971 0.07169
466007 0.06967
466031 0.07154
466055 0.07153
466067 0.07032
466115 0.07155
466127 0.07108
466163 0.07144
466175 0.07155
466187 0.07147
466199 0.07055
466211 0.07152
466223 0.07148
466235 0.07161
466259 0.07161
466271 0.07099
466295 0.07086
466307 0.07055
466343 0.07114
466355 0.07158
466379 0.07022
466391 0.0716
466439 0.07048
466463 0.07081
466475 0.07138
466487 0.07092
466511 0.07139
466523 0.07092
466559 0.06973
466583 0.0709
466607 0.07043
466631 0.07136
466643 0.07064
466655 0.07167
466667 0.07132
466679 0.07168
466691 0.07138
466703 0.07133
466715 0.07147
466727 0.06945
466739 0.07146
466775 0.07171
466799 0.07037
466811 0.07099
466823 0.0713
466835 0.07162
466847 0.06928
466871 0.07128
466883 0.07132
466895 0.0708
466931 0.0713
466943 0.07175
466955 0.07165
466967 0.0713
466979 0.07104
467015 0.06986
467039 0.07178
467051 0.07127
467075 0.07136
467087 0.06911
467099 0.07169
467111 0.0718
467159 0.07025
467195 0.07132
467207 0.07118
467219 0.07172
467231 0.07027
467255 0.07175
467267 0.0713
467279 0.07056
467291 0.07174
467303 0.07115
467327 0.07021
467339 0.07114
467351 0.06961
467375 0.07113
467387 0.0707
467411 0.07125
467423 0.0717
467459 0.07069
467483 0.07019
467495 0.07062
467555 0.07018
467567 0.07146
467603 0.07176
467639 0.06968
467675 0.07108
467687 0.07056
467711 0.07161
467723 0.06997
467735 0.07151
467759 0.0716
467771 0.07171
467807 0.07042
467819 0.07113
467831 0.07158
467843 0.07103
467855 0.07098
467891 0.07168
467915 0.07129
467939 0.07166
467951 0.07154
467975 0.07047
467999 0.07047
468023 0.07093
468047 0.07159
468083 0.07095
468095 0.0715
468119 0.06998
468131 0.0716
468155 0.07087
468167 0.07089
468179 0.07136
468203 0.07137
468215 0.07164
468227 0.071
468251 0.0709
468263 0.07144
468275 0.07156
468287 0.07085
468299 0.07139
468311 0.07166
468335 0.07024
468383 0.07168
468395 0.07095
468407 0.07082
468419 0.07095
468431 0.07034
468443 0.07151
468455 0.07059
468467 0.07112
468503 0.07171
468539 0.07031
468563 0.07019
468575 0.07017
468587 0.07115
468611 0.07089
468635 0.07033
468659 0.07149
468671 0.07176
468707 0.07105
468731 0.07119
468743 0.07178
468755 0.0712
468767 0.07068
468779 0.07152
468791 0.07128
468827 0.07108
468863 0.07068
468875 0.07107
468911 0.07125
468923 0.07136
468947 0.07079
468959 0.07005
468971 0.07157
468995 0.07112
469007 0.07064
469019 0.07158
469043 0.07111
469067 0.07128
469091 0.0716
469103 0.07119
469115 0.0706
469151 0.07059
469163 0.07117
469175 0.07117
469187 0.07056
469199 0.07116
469211 0.07163
469223 0.07057
469235 0.07132
469247 0.07056
469259 0.07126
469271 0.07012
469295 0.07165
469307 0.07121
469319 0.07013
469403 0.07137
469415 0.07085
469451 0.0717
469463 0.0716
469475 0.07125
469499 0.07123
469523 0.07172
469535 0.07158
469547 0.07061
469559 0.07
469571 0.07141
469595 0.07059
469607 0.07002
469619 0.07126
469643 0.07143
469655 0.07091
469679 0.07092
469715 0.07076
469727 0.06979
469739 0.07055
469751 0.07099
469763 0.07178
469775 0.07098
469859 0.07133
469871 0.07148
469883 0.07136
469931 0.07176
469943 0.0703
469955 0.07105
469967 0.07145
469991 0.07144
470003 0.07174
470015 0.07065
470027 0.07031
470051 0.07173
470063 0.07032
470075 0.07155
470111 0.07088
470123 0.07034
470135 0.07104
470147 0.07143
470159 0.07104
470171 0.07169
470195 0.07142
470231 0.07085
470255 0.07107
470291 0.07144
470327 0.07109
470339 0.07164
470351 0.07081
470363 0.07163
470375 0.07132
470387 0.0708
470423 0.07131
470435 0.07161
470459 0.0716
470507 0.07032
470543 0.07127
470567 0.07126
470591 0.06995
470603 0.07169
470615 0.07117
470639 0.07072
470675 0.07088
470687 0.07123
470699 0.07088
470735 0.0707
470747 0.07103
470759 0.07085
470771 0.07159
470795 0.0716
470807 0.0701
470843 0.07161
470855 0.07002
470879 0.07088
470915 0.07177
470939 0.0708
470951 0.0709
470963 0.07165
470975 0.07038
470987 0.07179
471011 0.07179
471047 0.07112
471059 0.07083
471071 0.07093
471083 0.07086
471107 0.07177
471131 0.07169
471143 0.07109
471155 0.0717
471167 0.07108
471191 0.07096
471203 0.07168
471215 0.07107
471227 0.07172
471239 0.07133
471275 0.0717
471287 0.0692
471311 0.071
471323 0.07092
471335 0.07103
471347 0.07175
471359 0.07067
471371 0.07133
471395 0.07173
471431 0.071
471479 0.07139
471491 0.07129
471515 0.07128
471527 0.07141
471551 0.07106
471563 0.07163
471575 0.07096
471587 0.07162
471599 0.07044
471611 0.07125
471623 0.07108
471647 0.07144
471695 0.07057
471707 0.07159
471731 0.07177
471743 0.07091
471767 0.06904
471779 0.0713
471815 0.07148
471827 0.07171
471839 0.07149
471851 0.07173
471875 0.07172
471899 0.07117
471935 0.07151
471971 0.06992
471983 0.07084
472007 0.07083
472043 0.07148
472055 0.07085
472079 0.0712
472091 0.07163
472115 0.07139
472175 0.07078
472187 0.0716
472199 0.07062
472211 0.07162
472223 0.0709
472259 0.07114
472271 0.07125
472283 0.07157
472295 0.0704
472343 0.07073
472355 0.07158
472379 0.07133
472403 0.07153
472427 0.07152
472439 0.07129
472463 0.0713
472475 0.07154
472487 0.07166
472499 0.07006
472511 0.07167
472535 0.07132
472547 0.07133
472583 0.07055
472595 0.07147
472607 0.06926
472619 0.07152
472667 0.07154
472679 0.07102
472703 0.07102
472727 0.06958
472739 0.07146
472775 0.07173
472787 0.07157
472811 0.07157
472823 0.07054
472835 0.07143
472871 0.07176
472895 0.0706
472919 0.07004
472931 0.07161
472943 0.07143
472955 0.07121
472967 0.07179
472991 0.07179
473003 0.07135
473051 0.0715
473063 0.07112
473075 0.07164
473087 0.07177
473099 0.07116
473111 0.07176
473135 0.07148
473171 0.07167
473183 0.07088
473195 0.07132
473231 0.07089
473243 0.07143
473267 0.07169
473291 0.0717
473303 0.07071
473315 0.07157
473339 0.07073
473363 0.07109
473375 0.07168
473387 0.07173
473399 0.07155
473423 0.07077
473447 0.06949
473459 0.07174
473483 0.07126
473495 0.07165
473543 0.07125
473555 0.07122
473567 0.07036
473591 0.0716
473603 0.07152
473627 0.07165
473639 0.071
473651 0.07166
473663 0.07083
473675 0.07179
473687 0.07159
473699 0.07167
473711 0.07163
473747 0.07168
473759 0.07157
473771 0.07176
473783 0.07165
473795 0.07175
473807 0.07087
473819 0.07175
473831 0.07166
473843 0.07159
473879 0.07153
473891 0.07157
473903 0.07168
473915 0.07173
473975 0.07089
474011 0.07175
474035 0.07176
474047 0.07119
474083 0.07162
474107 0.06996
474155 0.07144
474167 0.0709
474179 0.07165
474191 0.07144
474203 0.07099
474215 0.07142
474239 0.06654
474251 0.0717
474275 0.0717
474323 0.07169
474335 0.07145
474371 0.07174
474383 0.07179
474395 0.07078
474407 0.07128
474419 0.07172
474431 0.07148
474455 0.07177
474467 0.07171
474527 0.07131
474539 0.07154
474551 0.07174
474563 0.07175
474575 0.07173
474587 0.07178
474599 0.07152
474611 0.07151
474623 0.07102
474635 0.0718
474683 0.07178
474695 0.07155
474719 0.07155
474731 0.07179
474743 0.07168
474767 0.07138
474791 0.0713
474815 0.07166
474827 0.0716
474863 0.07132
474875 0.07172
474887 0.07123
474935 0.07162
475007 0.07118
475019 0.07138
475031 0.07145
475043 0.07167
475055 0.07164
475067 0.07167
475115 0.07169
475127 0.07122
475139 0.07168
475175 0.07167
475187 0.07163
475199 0.07141
475223 0.07142
475235 0.07165
475247 0.0715
475259 0.07147
475295 0.07126
475343 0.07172
475391 0.07154
475439 0.07155
475451 0.07178
475463 0.07148
475475 0.07179
475487 0.07157
475499 0.07179
475547 0.07043
475559 0.07177
475571 0.07151
475595 0.07177
475643 0.07149
475667 0.07135
475703 0.07137
475739 0.07149
475775 0.07138
475799 0.07136
475811 0.07171
475835 0.07094
475847 0.07166
475883 0.07169
475895 0.07167
475919 0.07171
475931 0.07144
475943 0.07171
475967 0.07143
475979 0.07166
476003 0.07098
476051 0.07163
476063 0.07164
476075 0.07136
476099 0.07162
476123 0.07138
476135 0.07165
476147 0.07105
476159 0.07164
476171 0.07055
476207 0.07175
476231 0.07022
476255 0.07177
476267 0.07131
476291 0.07156
476303 0.07152
476315 0.07156
476327 0.07153
476339 0.07155
476375 0.07179
476387 0.07113
476399 0.07172
476411 0.07126
476447 0.07177
476459 0.07128
476471 0.0715
476483 0.0715
476495 0.07176
476543 0.07153
476567 0.07152
476615 0.06985
476627 0.07062
476651 0.07122
476663 0.07162
476675 0.07145
476687 0.0717
476699 0.07028
476711 0.07169
476735 0.07169
476747 0.07102
476771 0.07118
476795 0.07132
476807 0.07065
476819 0.0714
476843 0.0708
476855 0.07174
476867 0.07068
476903 0.07168
476927 0.07068
476939 0.07137
476951 0.07169
476963 0.07137
476975 0.07069
476999 0.07168
477023 0.07169
477035 0.07138
477059 0.07085
477071 0.07166
477083 0.07109
477107 0.07013
477119 0.07056
477143 0.07174
477155 0.07128
477167 0.07175
477179 0.0713
477191 0.07175
477203 0.07129
477227 0.07102
477239 0.07174
477251 0.07144
477263 0.07171
477275 0.07131
477287 0.07171
477299 0.07145
477311 0.07172
477323 0.07146
477347 0.07069
477371 0.07124
477407 0.07148
477419 0.07148
477431 0.07126
477443 0.07122
477455 0.07176
477467 0.07084
477479 0.07156
477503 0.07124
477515 0.07097
477527 0.07174
477563 0.07139
477575 0.07176
477587 0.07091
477599 0.07057
477611 0.07117
477647 0.07179
477659 0.07141
477683 0.07102
477707 0.0709
477719 0.07172
477743 0.07089
477755 0.07157
477779 0.07158
477803 0.07111
477815 0.07063
477875 0.07107
477887 0.07034
477911 0.07171
477923 0.07162
477935 0.07094
477959 0.0711
477983 0.07168
477995 0.0715
478007 0.0713
478019 0.07151
478031 0.07159
478043 0.07104
478055 0.07107
478079 0.07161
478091 0.071
478103 0.07099
478115 0.07167
478151 0.07163
478163 0.07154
478175 0.07135
478187 0.07044
478211 0.07115
478223 0.07153
478235 0.07072
478247 0.07102
478295 0.07151
478307 0.07041
478319 0.07029
478331 0.07112
478355 0.07159
478367 0.07031
478379 0.07173
478415 0.07155
478439 0.07127
478463 0.07146
478475 0.0711
478487 0.07146
478499 0.07163
478511 0.07148
478547 0.07063
478559 0.07123
478583 0.0715
478595 0.07113
478607 0.0715
478619 0.0718
478643 0.07086
478667 0.07115
478691 0.07168
478703 0.07142
478715 0.07128
478751 0.07138
478775 0.07145
478799 0.07139
478835 0.07125
478847 0.07135
478859 0.07172
478883 0.07172
478895 0.07137
478907 0.07121
478919 0.07136
478979 0.07176
479003 0.07129
479039 0.07109
479051 0.07177
479063 0.07128
479075 0.07166
479087 0.07049
479099 0.07126
479111 0.0713
479123 0.07179
479135 0.07126
479159 0.07106
479171 0.07071
479183 0.07133
479195 0.07134
479207 0.07099
479219 0.07142
479255 0.0713
479279 0.07102
479291 0.07175
479315 0.07174
479351 0.0712
479363 0.0695
479375 0.07036
479399 0.07122
479411 0.07147
479435 0.07155
479447 0.07105
479459 0.07154
479471 0.07134
479483 0.07169
479495 0.07116
479519 0.07118
479579 0.07166
479591 0.07137
479603 0.06943
479627 0.0714
479651 0.07149
479663 0.07139
479675 0.07163
479711 0.07117
479723 0.07147
479747 0.07014
479759 0.07088
479807 0.07106
479819 0.0715
479831 0.07143
479843 0.07158
479867 0.0701
479915 0.07148
479927 0.0711
479975 0.07119
479987 0.07149
480011 0.07162
480035 0.07163
480083 0.07136
480095 0.0715
480119 0.071
480131 0.07159
480155 0.07159
480191 0.07103
480227 0.07156
480239 0.07097
480251 0.07156
480263 0.07155
480275 0.06998
480323 0.07164
480335 0.07128
480347 0.07052
480371 0.07035
480407 0.07089
480443 0.07125
480455 0.0716
480467 0.06993
480479 0.07086
480491 0.07124
480515 0.07168
480539 0.07169
480551 0.07162
480575 0.07087
480599 0.07135
480611 0.07178
480623 0.07062
480635 0.07166
480659 0.07119
480671 0.07165
480695 0.0707
480719 0.07082
480743 0.07059
480755 0.07023
480767 0.0714
480779 0.07115
480791 0.0714
480815 0.07094
480851 0.07128
480863 0.0717
480875 0.07128
480899 0.07173
480923 0.0696
480935 0.07172
480947 0.06992
480971 0.07018
480983 0.07075
481007 0.07099
481019 0.07177
481031 0.07059
481079 0.0706
481091 0.07014
481127 0.07038
481139 0.07174
481151 0.07178
481163 0.07173
481175 0.0715
481187 0.06935
481223 0.07072
481235 0.07177
481259 0.07176
481271 0.07178
481319 0.07086
481331 0.06971
481355 0.07174
481367 0.07155
481391 0.07175
481403 0.07158
481415 0.07069
481427 0.06979
481451 0.07157
481463 0.07065
481475 0.07164
481487 0.07047
481499 0.07109
481511 0.07047
481523 0.07162
481535 0.07063
481559 0.07092
481583 0.07054
481595 0.07153
481607 0.07168
481631 0.07115
481643 0.07159
481703 0.07166
481715 0.07157
481727 0.06922
481739 0.07162
481763 0.07102
481775 0.07166
481799 0.07166
481823 0.07162
481835 0.07159
481859 0.07152
481871 0.07161
481895 0.07169
481907 0.07093
481919 0.07082
481931 0.07097
481943 0.07051
481955 0.07156
481967 0.06934
481979 0.07149
481991 0.07157
482003 0.07079
482015 0.07125
482027 0.06961
482063 0.07048
482075 0.07152
482087 0.07028
482111 0.07174
482135 0.07045
482147 0.07099
482159 0.07176
482171 0.07149
482183 0.07108
482195 0.07142
482207 0.07177
482219 0.07134
482267 0.07062
482291 0.07146
482303 0.07036
482315 0.06979
482327 0.07179
482339 0.07138
482375 0.07178
482411 0.07082
482459 0.07
482471 0.07143
482495 0.07174
482531 0.07109
482543 0.07098
482555 0.07109
482567 0.07025
482579 0.07078
482591 0.07119
482603 0.0713
482615 0.07171
482639 0.07141
482651 0.07121
482675 0.06968
482699 0.07134
482723 0.07127
482735 0.07144
482747 0.07114
482771 0.07125
482783 0.0708
482795 0.07117
482831 0.07164
482843 0.0707
482855 0.07131
482867 0.07129
482879 0.07126
482891 0.07122
482903 0.0713
482915 0.07121
482927 0.06888
482939 0.07052
482963 0.07112
482975 0.0716
482987 0.07125
482999 0.07151
483011 0.07124
483023 0.0713
483035 0.07122
483047 0.07152
483059 0.07083
483083 0.07116
483095 0.07054
483107 0.07122
483119 0.07154
483131 0.07107
483143 0.07123
483155 0.07125
483191 0.07156
483227 0.06977
483275 0.07128
483287 0.07012
483299 0.07102
483311 0.07011
483359 0.07149
483371 0.071
483383 0.07139
483395 0.07054
483419 0.07112
483431 0.07141
483455 0.07162
483479 0.07122
483527 0.07144
483539 0.07135
483575 0.07144
483599 0.07145
483623 0.07109
483635 0.06918
483647 0.0714
483683 0.07099
483707 0.07139
483731 0.0714
483743 0.07129
483755 0.0714
483779 0.07102
483791 0.0713
483803 0.07087
483851 0.0704
483875 0.07143
483887 0.07133
483911 0.07133
483923 0.07092
483947 0.06903
483959 0.07134
483983 0.06992
484007 0.07097
484031 0.07097
484055 0.07157
484103 0.06984
484127 0.07126
484139 0.06894
484163 0.07085
484175 0.07116
484199 0.07177
484211 0.07152
484223 0.07117
484247 0.07176
484271 0.07013
484295 0.07143
484307 0.07115
484331 0.07086
484343 0.0712
484355 0.07156
484367 0.07172
484391 0.07172
484403 0.06919
484415 0.07146
484427 0.07118
484463 0.07167
484475 0.07119
484499 0.07075
484511 0.07125
484523 0.07021
484559 0.07167
484571 0.07065
484595 0.07122
484619 0.07162
484667 0.07025
484679 0.06936
484715 0.07125
484739 0.07166
484775 0.07175
484811 0.07128
484823 0.07156
484835 0.07065
484847 0.07133
484859 0.07064
484871 0.07178
484883 0.07063
484907 0.0717
484919 0.07103
484931 0.0717
484943 0.07179
484955 0.07067
484967 0.07155
485003 0.0706
485027 0.07173
485039 0.07153
485051 0.07065
485075 0.07134
485087 0.07151
485099 0.07175
485135 0.07164
485147 0.06876
485159 0.07149
485183 0.07173
485231 0.07167
485243 0.07045
485255 0.07144
485267 0.07179
485279 0.0717
485291 0.07058
485303 0.07169
485315 0.07043
485327 0.07091
485339 0.07178
485375 0.07147
485399 0.07142
485435 0.07175
485459 0.07144
485471 0.07173
485483 0.07078
485495 0.07139
485507 0.07173
485531 0.07079
485555 0.0705
485579 0.07171
485591 0.07083
485615 0.07119
485627 0.0717
485639 0.07177
485651 0.07149
485663 0.07154
485675 0.07083
485687 0.07048
485699 0.07168
485711 0.07179
485735 0.07157
485747 0.07152
485759 0.07156
485771 0.07044
485783 0.07178
485843 0.06968
485867 0.06849
485879 0.07152
485891 0.07162
485903 0.07174
485915 0.07161
485939 0.0716
485951 0.06989
485963 0.07025
485975 0.07162
485987 0.07158
485999 0.07128
486011 0.0706
486035 0.07158
486047 0.0713
486059 0.0716
486083 0.07029
486095 0.07169
486107 0.07062
486131 0.07033
486143 0.07167
486167 0.07133
486191 0.07133
486215 0.07168
486227 0.07164
486239 0.07165
486251 0.07151
486263 0.07169
486275 0.07066
486287 0.07136
486299 0.07166
486335 0.07171
486347 0.07167
486359 0.07138
486371 0.07148
486383 0.0716
486395 0.07147
486419 0.07169
486455 0.07158
486467 0.06864
486551 0.07177
486563 0.07105
486575 0.07177
486587 0.06971
486599 0.07154
486611 0.07174
486623 0.06909
486647 0.07052
486659 0.07175
486695 0.07146
486707 0.07138
486719 0.0715
486731 0.0711
486743 0.07127
486755 0.07177
486779 0.06956
486791 0.06951
486803 0.07008
486815 0.07175
486851 0.07134
486863 0.07123
486875 0.07133
486887 0.07173
486911 0.07145
486983 0.0712
486995 0.06888
487031 0.07169
487043 0.07118
487055 0.07141
487067 0.06818
487103 0.07139
487127 0.06975
487139 0.07125
487163 0.06986
487175 0.07158
487199 0.07159
487235 0.07168
487259 0.07092
487271 0.07162
487319 0.0711
487331 0.06932
487343 0.0716
487355 0.07164
487367 0.07119
487379 0.07126
487403 0.06991
487415 0.0713
487439 0.07165
487451 0.07128
487475 0.07115
487487 0.07155
487499 0.06994
487511 0.07167
487523 0.0713
487535 0.07154
487547 0.07113
487559 0.07168
487583 0.07125
487595 0.07157
487619 0.07157
487631 0.0717
487655 0.07171
487667 0.0694
487679 0.07122
487715 0.06988
487751 0.0712
487763 0.06973
487775 0.07174
487787 0.07105
487799 0.06946
487823 0.07118
487835 0.07138
487847 0.07145
487859 0.0715
487871 0.07094
487883 0.07139
487907 0.07017
487919 0.0711
487931 0.07148
487955 0.07109
487967 0.07179
487991 0.07112
488015 0.0714
488027 0.07145
488039 0.07065
488063 0.07138
488075 0.07098
488087 0.07143
488099 0.07143
488123 0.07145
488135 0.07176
488147 0.07141
488183 0.07135
488195 0.07147
488219 0.07116
488243 0.07148
488267 0.07138
488291 0.07137
488315 0.0715
488351 0.07108
488363 0.06955
488375 0.07129
488387 0.07003
488411 0.07134
488447 0.07127
488471 0.07166
488483 0.06926
488495 0.07002
488507 0.0702
488519 0.07126
488531 0.0713
488543 0.06996
488579 0.07157
488591 0.07073
488615 0.07115
488675 0.0701
488699 0.07128
488735 0.07158
488771 0.0713
488783 0.07132
488795 0.07162
488807 0.07156
488819 0.07163
488843 0.07163
488867 0.0712
488903 0.07122
488915 0.07165
488927 0.06987
488951 0.07152
488963 0.07167
488975 0.07124
488987 0.07117
489023 0.07125
489035 0.07137
489059 0.06943
489071 0.07148
489083 0.0717
489095 0.07127
489107 0.07047
489119 0.07141
489131 0.07048
489143 0.0708
489155 0.07171
489167 0.07106
489203 0.07038
489227 0.07142
489251 0.07174
489275 0.06979
489287 0.07142
489323 0.07176
489335 0.07146
489347 0.07106
489371 0.07177
489383 0.07148
489419 0.07178
489443 0.07044
489455 0.07149
489491 0.07179
489515 0.07179
489527 0.07135
489563 0.07177
489575 0.07139
489599 0.0714
489611 0.07034
489623 0.07154
489647 0.07032
489671 0.07084
489683 0.07174
489695 0.07156
489707 0.07062
489719 0.07129
489755 0.07172
489767 0.07035
489779 0.07064
489815 0.07088
489827 0.07157
489839 0.07126
489875 0.07168
489899 0.07159
489923 0.07056
489947 0.0716
489971 0.07165
489995 0.07164
490043 0.07163
490067 0.07163
490079 0.07119
490115 0.07073
490127 0.07078
490139 0.07165
490163 0.07001
490175 0.07168
490187 0.07049
490199 0.07155
490211 0.07167
490259 0.07168
490295 0.07171
490307 0.07066
490319 0.07049
490331 0.0717
490343 0.07159
490355 0.07077
490379 0.0708
490391 0.07043
490403 0.07153
490415 0.07174
490439 0.07052
490451 0.07173
490475 0.0715
490487 0.07105
490511 0.07176
490523 0.07149
490535 0.07177
490547 0.07175
490583 0.07178
490595 0.07176
490607 0.06787
490655 0.07167
490667 0.07178
490679 0.0711
490691 0.07144
490703 0.07044
490727 0.0702
490739 0.06896
490751 0.07176
490763 0.07142
490775 0.0717
490799 0.07171
490811 0.07079
490823 0.07171
490835 0.07091
490871 0.07172
490883 0.07139
490907 0.07093
490919 0.07116
490931 0.07082
490943 0.07171
490955 0.06979
490979 0.07172
491015 0.07169
491027 0.07058
491063 0.07167
491075 0.07097
491087 0.0712
491111 0.07166
491123 0.07087
491183 0.07179
491195 0.07074
491207 0.07123
491231 0.07162
491243 0.07029
491291 0.07091
491303 0.07175
491315 0.07126
491351 0.07174
491363 0.07125
491375 0.07076
491399 0.07128
491411 0.07106
491435 0.07123
491447 0.07085
491459 0.07158
491471 0.07171
491507 0.07108
491519 0.07131
491555 0.07098
491579 0.07118
491663 0.07165
491675 0.07152
491699 0.07087
491723 0.07102
491759 0.07085
491771 0.07115
491795 0.07104
491807 0.07139
491831 0.07139
491843 0.07111
491855 0.07144
491879 0.07159
491891 0.07145
491903 0.07143
491915 0.07046
491927 0.07142
491939 0.07144
491975 0.07141
491987 0.07109
491999 0.06998
492071 0.07101
492119 0.07137
492131 0.07124
492143 0.07151
492155 0.07138
492167 0.07103
492179 0.07137
492203 0.07056
492239 0.07149
492263 0.0709
492275 0.07128
492287 0.07106
492311 0.07151
492347 0.07129
492359 0.07152
492383 0.07144
492407 0.07154
492419 0.0713
492443 0.0712
492479 0.07103
492515 0.07122
492527 0.07157
492539 0.07091
492575 0.07098
492599 0.07159
492623 0.07137
492635 0.07067
492683 0.07126
492695 0.07117
492743 0.07118
492755 0.07114
492779 0.0714
492803 0.07071
492851 0.07069
492875 0.07131
492887 0.07114
492923 0.07074
492935 0.07167
492947 0.07145
492959 0.07108
492971 0.07075
492983 0.07108
492995 0.07134
493007 0.07117
493019 0.07146
493031 0.07125
493055 0.07126
493079 0.07109
493091 0.07111
493103 0.07105
493115 0.0711
493151 0.07172
493163 0.07138
493175 0.07129
493187 0.07108
493223 0.0713
493235 0.0714
493247 0.06917
493259 0.07126
493271 0.07176
493283 0.0708
493295 0.07118
493307 0.07128
493319 0.07125
493331 0.07068
493343 0.07133
493355 0.07155
493379 0.07067
493391 0.07115
493415 0.07179
493427 0.07131
493439 0.07179
493451 0.07064
493475 0.07085
493487 0.07129
493499 0.07132
493535 0.07138
493547 0.0709
493559 0.07131
493595 0.07096
493619 0.07161
493631 0.07125
493667 0.07028
493679 0.07173
493691 0.07163
493715 0.07059
493727 0.07096
493739 0.07092
493751 0.07143
493763 0.07095
493775 0.07104
493787 0.07154
493799 0.07103
493835 0.07167
493847 0.07011
493871 0.07086
493907 0.07157
493943 0.07126
493955 0.071
493991 0.07103
494003 0.07098
494015 0.0715
494027 0.07102
494039 0.07135
494075 0.07161
494099 0.07174
494111 0.07145
494135 0.0696
494159 0.07146
494171 0.07149
494183 0.06999
494195 0.07071
494207 0.07157
494219 0.07072
494231 0.07155
494243 0.07107
494255 0.07156
494279 0.0711
494291 0.07106
494303 0.07142
494315 0.07167
494339 0.07154
494351 0.07153
494363 0.07108
494375 0.07152
494399 0.07152
494411 0.07076
494423 0.07138
494447 0.0715
494459 0.0696
494531 0.07069
494543 0.07148
494579 0.0716
494603 0.07081
494615 0.07145
494627 0.07171
494663 0.07144
494675 0.07083
494711 0.07062
494747 0.07063
494771 0.07167
494795 0.07166
494807 0.07009
494819 0.0695
494831 0.07139
494855 0.07138
494867 0.07164
494879 0.07125
494891 0.07089
494915 0.07163
494951 0.07127
494975 0.07013
494999 0.07134
495011 0.07174
495023 0.07175
495035 0.07159
495047 0.07168
495059 0.07019
495083 0.07172
495095 0.07132
495107 0.07173
495131 0.0717
495155 0.0713
495167 0.07179
495179 0.07128
495191 0.0718
495203 0.07129
495215 0.07128
495227 0.07067
495239 0.07047
495251 0.07177
495263 0.07178
495275 0.07177
495287 0.07126
495299 0.07099
495311 0.07176
495335 0.07175
495407 0.07177
495419 0.07148
495431 0.07173
495443 0.07135
495455 0.07178
495467 0.0716
495479 0.07171
495503 0.07054
495539 0.07145
495575 0.07178
495599 0.07174
495623 0.07051
495635 0.07156
495659 0.06926
495683 0.07001
495719 0.07177
495731 0.07169
495755 0.07169
495767 0.07147
495779 0.07111
495803 0.07151
495815 0.07171
495839 0.07174
495863 0.07035
495875 0.07031
495911 0.07159
495935 0.07176
495995 0.07162
496031 0.07155
496043 0.07144
496055 0.07179
496067 0.0716
496091 0.07154
496103 0.07171
496151 0.07014
496175 0.0716
496199 0.07168
496223 0.07175
496235 0.07112
496247 0.07158
496271 0.07166
496319 0.07172
496355 0.07121
496367 0.07155
496415 0.07094
496451 0.07128
496463 0.07027
496475 0.07148
496523 0.0713
496535 0.07167
496547 0.07165
496571 0.07166
496595 0.07164
496607 0.07139
496619 0.07164
496655 0.07027
496667 0.07009
496679 0.0717
496691 0.07142
496715 0.07169
496727 0.07085
496739 0.07135
496751 0.07144
496775 0.07173
496787 0.07139
496799 0.07173
496811 0.07172
496823 0.07133
496859 0.0717
496883 0.07173
496895 0.07176
496907 0.07135
496931 0.07175
496967 0.07177
497015 0.07152
497027 0.06959
497039 0.07144
497063 0.07144
497075 0.06962
497087 0.07179
497099 0.071
497135 0.07073
497147 0.07112
497159 0.07148
497183 0.07148
497207 0.06954
497219 0.07147
497231 0.07146
497243 0.0693
497255 0.07174
497267 0.07125
497315 0.07124
497327 0.07127
497363 0.07151
497375 0.07126
497387 0.07141
497399 0.06867
497447 0.07004
497459 0.07153
497471 0.07168
497495 0.07122
497519 0.0713
497531 0.07155
497543 0.07112
497555 0.0717
497627 0.07115
497639 0.07163
497651 0.07168
497675 0.07164
497687 0.07161
497699 0.07166
497723 0.07166
497735 0.0716
497747 0.0713
497759 0.07131
497783 0.0713
497807 0.06969
497819 0.07163
497843 0.07152
497879 0.0712
497891 0.06974
497915 0.07135
497927 0.07051
497951 0.07126
497975 0.07109
497987 0.07104
498011 0.07137
498023 0.07123
498047 0.07151
498059 0.0697
498083 0.07152
498095 0.0715
498107 0.06986
498131 0.07159
498155 0.0717
498191 0.07147
498203 0.07142
498239 0.07146
498263 0.07095
498275 0.0715
498287 0.07025
498299 0.07174
498311 0.07115
498323 0.07175
498347 0.07165
498359 0.07142
498371 0.07176
498383 0.07088
498407 0.07141
498419 0.07177
498431 0.07099
498443 0.07167
498455 0.07139
498479 0.07139
498491 0.07168
498503 0.07069
498515 0.07169
498539 0.07142
498575 0.07136
498587 0.07081
498623 0.07099
498635 0.06953
498671 0.07105
498683 0.07083
498695 0.07132
498719 0.07096
498731 0.07174
498755 0.07083
498815 0.07129
498839 0.071
498863 0.07117
498875 0.0717
498887 0.07083
498899 0.07169
498911 0.07126
498959 0.07089
498983 0.0712
498995 0.07129
499007 0.07079
499019 0.07046
499031 0.07114
499043 0.07165
499055 0.07078
499079 0.07093
499091 0.07175
499103 0.07123
499175 0.0709
499187 0.06829
499199 0.07118
499223 0.07119
499235 0.07171
499247 0.07117
499259 0.07159
499271 0.07127
499307 0.06935
499319 0.07087
499343 0.07094
499367 0.06919
499379 0.07155
499415 0.07092
499427 0.07172
499451 0.07173
499463 0.07097
499475 0.07174
499487 0.07132
499499 0.07152
499511 0.07098
499547 0.0706
499583 0.07135
499595 0.07177
499619 0.07111
499643 0.07178
499655 0.07136
499667 0.0679
499703 0.07137
499715 0.0718
499727 0.07103
499775 0.07133
499799 0.06998
499823 0.07134
499835 0.0692
499847 0.06912
499859 0.07104
499871 0.07135
499895 0.07063
499907 0.07034
499919 0.07108
499931 0.07173
499991 0.07106
500027 0.07117
500039 0.07094
500051 0.0717
500063 0.07146
500075 0.07147
500087 0.07064
500099 0.06804
500123 0.07146
500135 0.07114
500147 0.07167
500159 0.07091
500183 0.07143
500195 0.07121
500207 0.0715
500219 0.07131
500243 0.0713
500255 0.07151
500267 0.06799
500279 0.07117
500303 0.07118
500315 0.0714
500327 0.07147
500339 0.07033
500351 0.07147
500375 0.07154
500387 0.07106
500399 0.0712
500411 0.07138
500423 0.07155
500435 0.07159
500447 0.06856
500495 0.07157
500531 0.07156
500543 0.07152
500555 0.07111
500591 0.0716
500615 0.07154
500627 0.0708
500639 0.07077
500651 0.07132
500663 0.07078
500675 0.07152
500687 0.06914
500711 0.07163
500735 0.06972
500747 0.07135
500771 0.07149
500783 0.07164
500795 0.07149
500819 0.07045
500855 0.07132
500867 0.07073
500879 0.07132
500903 0.07161
500927 0.07168
500939 0.07022
500963 0.07144
500975 0.07131
500987 0.0707
500999 0.07067
501011 0.07143
501023 0.07136
501047 0.07164
501071 0.07137
501095 0.07134
501107 0.07124
501119 0.07138
501143 0.07139
501155 0.07126
501167 0.07018
501215 0.07175
501227 0.06882
501239 0.07141
501251 0.07147
501263 0.07176
501275 0.07135
501311 0.07177
501347 0.07111
501359 0.07144
501443 0.07035
501467 0.07153
501491 0.07134
501515 0.07128
501527 0.07008
501539 0.07062
501551 0.07175
501575 0.07178
501587 0.07073
501599 0.07022
501611 0.07137
501635 0.07125
501647 0.07147
501671 0.07179
501683 0.07139
501695 0.07179
501755 0.0716
501791 0.07168
501875 0.07118
501887 0.07042
501899 0.07071
501923 0.07072
501935 0.07155
501959 0.07159
501983 0.07156
501995 0.07166
502007 0.06985
502019 0.07074
502031 0.07157
502067 0.07113
502091 0.07168
502103 0.07163
502115 0.07169
502127 0.06991
502139 0.0704
502151 0.07122
502163 0.0717
502175 0.07165
502199 0.07165
502211 0.07152
502223 0.07165
502271 0.07167
502283 0.07173
502319 0.07002
502331 0.07174
502343 0.07165
502355 0.07155
502367 0.07127
502379 0.07083
502391 0.0717
502427 0.07029
502475 0.07158
502511 0.07169
502535 0.07155
502547 0.07026
502559 0.06996
502571 0.07097
502583 0.06961
502607 0.07152
502619 0.06863
502655 0.07144
502679 0.06992
502691 0.07164
502715 0.07175
502727 0.07149
502739 0.07092
502751 0.07136
502763 0.07093
502775 0.07175
502799 0.07002
502811 0.07103
502823 0.07179
502835 0.07172
502871 0.07133
502895 0.07178
502931 0.07106
502967 0.07142
502979 0.07098
502991 0.07174
503015 0.07178
503051 0.07166
503063 0.07176
503075 0.07173
503099 0.07101
503111 0.07139
503135 0.07174
503171 0.07077
503183 0.07147
503195 0.07176
503219 0.07079
503255 0.07166
503279 0.07014
503291 0.07078
503315 0.07179
503375 0.07167
503387 0.07178
503411 0.07178
503435 0.0697
503447 0.0702
503459 0.07085
503471 0.0716
503507 0.07175
503519 0.06996
503555 0.07173
503567 0.07162
503579 0.07113
503591 0.07117
503603 0.07036
503615 0.07158
503627 0.07069
503639 0.07023
503651 0.07124
503675 0.07124
503687 0.07159
503699 0.06983
503723 0.07169
503747 0.07168
503759 0.07026
503783 0.07162
503795 0.07042
503831 0.07119
503843 0.07143
503855 0.07164
503867 0.07165
503891 0.0713
503903 0.07159
503915 0.07163
503975 0.0716
503999 0.07013
504023 0.07149
504035 0.07138
504059 0.07125
504071 0.07163
504083 0.07056
504095 0.0717
504107 0.06678
504119 0.07034
504131 0.07135
504155 0.07136
504167 0.07165
504191 0.07108
504215 0.07166
504227 0.0693
504239 0.07139
504263 0.07174
504275 0.07139
504287 0.07174
504335 0.07131
504347 0.07129
504395 0.0715
504407 0.07177
504419 0.07001
504431 0.07094
504443 0.07143
504455 0.07178
504467 0.07125
504491 0.07147
504503 0.07131
504515 0.07145
504551 0.07134
504575 0.07175
504587 0.07147
504611 0.07147
504647 0.07131
504659 0.07001
504695 0.0714
504719 0.07125
504731 0.0714
504743 0.07173
504755 0.07151
504779 0.07143
504791 0.07142
504803 0.07138
504815 0.07122
504827 0.07137
504839 0.07052
504863 0.07177
504875 0.07145
504887 0.07145
504899 0.07013
504911 0.0712
504923 0.07155
504959 0.07036
504971 0.07133
505007 0.06955
505019 0.07016
505043 0.07124
505055 0.07171
505079 0.07115
505103 0.07163
505115 0.0716
505151 0.07168
505163 0.07128
505175 0.0716
505199 0.07042
505223 0.07166
505235 0.07154
505247 0.07158
505259 0.07129
505295 0.07164
505307 0.07124
505331 0.07123
505343 0.07156
505355 0.07131
505379 0.07025
505391 0.07162
505415 0.07161
505427 0.0712
505451 0.07098
505463 0.0716
505475 0.07097
505487 0.07159
505499 0.07028
505571 0.07162
505631 0.07155
505655 0.07103
505667 0.07012
505679 0.07054
505703 0.07146
505715 0.0714
505751 0.07077
505775 0.07166
505787 0.06936
505799 0.07095
505835 0.07177
505847 0.07141
505859 0.07169
505895 0.0714
505931 0.07179
505943 0.07171
505955 0.07179
505967 0.07145
505991 0.07145
506003 0.07177
506027 0.07177
506039 0.06995
506051 0.07148
506063 0.07092
506075 0.07175
506087 0.07174
506099 0.07175
506111 0.07175
506123 0.07176
506135 0.07175
506159 0.07066
506195 0.07177
506207 0.07177
506219 0.07039
506243 0.07179
506255 0.07178
506267 0.0717
506279 0.06981
506315 0.0696
506363 0.07167
506375 0.07127
506399 0.06883
506411 0.07157
506447 0.07176
506483 0.07159
506495 0.07131
506519 0.07094
506543 0.07173
506555 0.07162
506567 0.07097
506579 0.07161
506603 0.07162
506627 0.0716
506639 0.0699
506675 0.07169
506711 0.07168
506723 0.07167
506747 0.07156
506759 0.06993
506771 0.07156
506807 0.07166
506819 0.07167
506831 0.07101
506855 0.07102
506867 0.06979
506879 0.07084
506891 0.07152
506927 0.07162
506939 0.07161
506951 0.07161
506975 0.0711
506987 0.07055
507011 0.07172
507035 0.07148
507047 0.07108
507059 0.07158
507107 0.0685
507131 0.07156
507143 0.07156
507155 0.07176
507167 0.07112
507179 0.07176
507191 0.07155
507203 0.07177
507215 0.07154
507239 0.07054
507251 0.07152
507263 0.07153
507275 0.07179
507287 0.07096
507311 0.07113
507323 0.07066
507395 0.07177
507407 0.07029
507419 0.07177
507455 0.07119
507467 0.06826
507539 0.07173
507575 0.071
507587 0.06959
507623 0.07143
507647 0.07086
507659 0.0717
507671 0.07122
507695 0.07125
507755 0.07128
507767 0.07127
507791 0.07127
507815 0.07137
507851 0.06974
507863 0.07129
507875 0.07135
507887 0.07135
507899 0.07163
507911 0.07128
507923 0.07133
507935 0.07134
507947 0.0687
507959 0.0711
507983 0.07129
508007 0.07088
508031 0.07133
508043 0.0712
508067 0.06924
508079 0.07132
508115 0.07118
508127 0.07136
508139 0.07
508151 0.07117
508163 0.06943
508175 0.07134
508199 0.07116
508211 0.07125
508235 0.07042
508247 0.0712
508283 0.07152
508295 0.07124
508307 0.07018
508343 0.07119
508355 0.0715
508379 0.07098
508403 0.07149
508415 0.07143
508427 0.06936
508463 0.07141
508475 0.06989
508511 0.07107
508523 0.07117
508535 0.07143
508571 0.07144
508631 0.07148
508655 0.07146
508667 0.0703
508679 0.07147
508691 0.07141
508703 0.07069
508715 0.07111
508739 0.07111
508751 0.07151
508763 0.07139
508775 0.07132
508787 0.06792
508835 0.07103
508859 0.0711
508883 0.07104
508895 0.07154
508955 0.07112
508967 0.07137
508979 0.07107
508991 0.07154
509015 0.07136
509039 0.07136
509051 0.07115
509075 0.07109
509099 0.07004
509111 0.0716
509135 0.07122
509159 0.07158
509171 0.07111
509183 0.07142
509207 0.07124
509219 0.07126
509231 0.07144
509255 0.07144
509267 0.07013
509279 0.07142
509291 0.07095
509303 0.07164
509327 0.07127
509339 0.07123
509351 0.07163
509375 0.06957
509387 0.0703
509411 0.07121
509435 0.07124
509447 0.07036
509459 0.07125
509471 0.07149
509495 0.07169
509519 0.07148
509531 0.07117
509555 0.07121
509567 0.07171
509615 0.07172
509627 0.06903
509639 0.07083
509651 0.07129
509663 0.07171
509675 0.07002
509711 0.07153
509735 0.07086
509747 0.07072
509759 0.0674
509771 0.07132
509795 0.07071
509807 0.07031
509819 0.07127
509831 0.07175
509855 0.07159
509891 0.07129
509903 0.07179
509915 0.07078
509927 0.07161
509975 0.07178
509987 0.06822
509999 0.06978
510011 0.06971
510023 0.07179
510035 0.07074
510059 0.07133
510071 0.07094
510119 0.07095
510131 0.07141
510167 0.06991
510239 0.06973
510275 0.06986
510323 0.07146
510335 0.07171
510347 0.06862
510359 0.06976
510371 0.07054
510407 0.07166
510419 0.07093
510431 0.07166
510443 0.07149
510455 0.07168
510479 0.07167
510491 0.07062
510503 0.07175
510527 0.07105
510539 0.07058
510563 0.07145
510575 0.07176
510587 0.07049
510599 0.07164
510623 0.07175
510635 0.07061
510647 0.07108
510659 0.07042
510719 0.0709
510731 0.07156
510743 0.07157
510755 0.07054
510779 0.07045
510791 0.07177
510815 0.07179
510875 0.07041
510887 0.07071
510899 0.07079
510911 0.07174
510923 0.07154
510935 0.07166
510947 0.06967
510959 0.07175
510971 0.07162
510983 0.07172
511007 0.07117
511031 0.07173
511043 0.07163
511055 0.07047
511067 0.07036
511079 0.06994
511103 0.07168
511115 0.07073
511127 0.07171
511139 0.06949
511175 0.07172
511187 0.07055
511235 0.07168
511283 0.07169
511307 0.07029
511319 0.07124
511331 0.07059
511343 0.07176
511355 0.07165
511367 0.07001
511403 0.07166
511415 0.07084
511451 0.07173
511475 0.07081
511499 0.07168
511511 0.0716
511535 0.07178
511547 0.07083
511571 0.07176
511595 0.07065
511607 0.07133
511619 0.07031
511643 0.07178
511655 0.07153
511679 0.07134
511715 0.07087
511739 0.07056
511751 0.0715
511763 0.07175
511775 0.07131
511799 0.07152
511883 0.07052
511895 0.07015
511919 0.07149
511943 0.07123
511955 0.0705
511967 0.07144
512003 0.0702
512015 0.07165
512027 0.06917
512051 0.07177
512063 0.07145
512075 0.07077
512087 0.07141
512099 0.07096
512111 0.07162
512123 0.07168
512135 0.07144
512159 0.07145
512171 0.07098
512183 0.07138
512195 0.06912
512219 0.07165
512231 0.07159
512243 0.07172
512279 0.06912
512291 0.06909
512315 0.07012
512327 0.07156
512339 0.07169
512351 0.07155
512363 0.06929
512375 0.07155
512387 0.07103
512399 0.06914
512411 0.06999
512423 0.07109
512435 0.07159
512459 0.07166
512471 0.0713
512483 0.07158
512519 0.07153
512555 0.07163
512603 0.07162
512627 0.06993
512639 0.07136
512651 0.07153
512675 0.0716
512687 0.07157
512699 0.0703
512723 0.07
512771 0.07157
512783 0.07103
512807 0.0716
512831 0.07142
512855 0.07122
512867 0.07096
512879 0.06926
512915 0.06914
512975 0.07138
512987 0.06912
513011 0.07143
513023 0.07115
513071 0.07147
513095 0.07167
513107 0.07102
513119 0.06851
513143 0.07126
513155 0.07139
513179 0.07104
513191 0.0715
513227 0.07124
513251 0.06884
513263 0.07129
513275 0.07143
513287 0.07108
513299 0.07013
513359 0.07174
513383 0.07154
513443 0.07009
513455 0.07125
513515 0.07112
513551 0.06882
513563 0.07128
513575 0.07103
513587 0.07132
513599 0.0716
513623 0.07138
513635 0.07009
513647 0.07178
513659 0.06763
513671 0.07119
513695 0.07162
513707 0.07135
513743 0.07163
513755 0.07123
513779 0.07122
513791 0.07094
513803 0.06971
513827 0.07014
513851 0.07127
513863 0.07081
513875 0.07127
513887 0.07172
513911 0.07167
513935 0.07083
513959 0.0717
513971 0.06889
513983 0.0711
513995 0.07142
514007 0.07088
514019 0.06965
514043 0.07122
514067 0.07125
514091 0.07113
514115 0.07145
514139 0.07112
514151 0.07164
514175 0.07151
514199 0.07174
514211 0.07147
514235 0.07148
514259 0.07149
514307 0.07026
514331 0.0715
514367 0.07158
514391 0.06963
514403 0.06983
514415 0.07179
514427 0.07153
514439 0.07156
514451 0.06707
514463 0.07158
514475 0.07135
514487 0.07155
514511 0.07078
514535 0.07177
514547 0.07156
514559 0.07078
514583 0.07075
514595 0.07138
514607 0.07152
514631 0.07162
514667 0.06769
514679 0.07072
514691 0.0714
514715 0.0716
514727 0.07089
514763 0.06973
514775 0.07165
514787 0.07161
514799 0.07146
514811 0.06939
514883 0.0697
514895 0.07087
514907 0.07146
514919 0.07087
514931 0.07165
514943 0.07062
514955 0.07097
514979 0.07042
514991 0.07164
515003 0.07088
515015 0.07163
515027 0.06853
515039 0.07163
515051 0.07168
515063 0.07092
515075 0.0715
515135 0.07137
515147 0.07151
515159 0.06981
515171 0.06962
515183 0.07175
515195 0.07083
515207 0.07094
515219 0.07153
515243 0.07082
515255 0.07177
515267 0.07173
515315 0.07087
515327 0.07117
515339 0.07175
515363 0.07085
515375 0.07118
515387 0.07176
515399 0.07153
515411 0.07158
515423 0.07178
515447 0.07177
515483 0.07075
515531 0.07179
515543 0.07122
515555 0.07179
515591 0.07104
515603 0.07079
515627 0.07163
515675 0.0696
515699 0.07175
515735 0.07143
515747 0.07166
515759 0.07107
515795 0.06963
515807 0.0711
515819 0.07062
515831 0.07167
515867 0.07171
515879 0.07116
515891 0.07169
515903 0.0713
515927 0.07111
515939 0.07169
515975 0.07132
515987 0.07066
515999 0.07136
516011 0.0694
516035 0.07166
516059 0.07173
516071 0.07111
516083 0.069
516095 0.07133
516107 0.07069
516119 0.0711
516143 0.07051
516167 0.07157
516191 0.07119
516203 0.06906
516215 0.07156
516239 0.07007
516275 0.07179
516287 0.0712
516311 0.06906
516335 0.07122
516383 0.07142
516395 0.07177
516419 0.06978
516443 0.07056
516467 0.06839
516479 0.07013
516491 0.0698
516503 0.07145
516515 0.07153
516551 0.07126
516575 0.0712
516635 0.07082
516647 0.07148
516659 0.0717
516671 0.07149
516683 0.06922
516695 0.07143
516707 0.06985
516719 0.07116
516731 0.07084
516743 0.07132
516755 0.0692
516779 0.07145
516791 0.0714
516815 0.07152
516827 0.07086
516851 0.06917
516863 0.07135
516875 0.07164
516887 0.07154
516899 0.0699
516971 0.07161
516983 0.07156
517007 0.07138
517019 0.07139
517031 0.07158
517055 0.07158
517103 0.07131
517163 0.06909
517175 0.07142
517199 0.07142
517223 0.07076
517235 0.07154
517247 0.07144
517259 0.07132
517271 0.07144
517295 0.06923
517307 0.06867
517319 0.07077
517331 0.07152
517379 0.0715
517391 0.07148
517427 0.06864
517439 0.07148
517463 0.06996
517475 0.07148
517523 0.07019
517535 0.0715
517559 0.07039
517583 0.07092
517595 0.07144
517607 0.06968
517631 0.07172
517643 0.07023
517655 0.07086
517667 0.07107
517679 0.07067
517691 0.07015
517703 0.07089
517715 0.0698
517763 0.0702
517775 0.07157
517787 0.0711
517799 0.07156
517847 0.07091
517859 0.06702
517871 0.07062
517883 0.0701
517895 0.07178
517943 0.07108
517979 0.07007
518015 0.07161
518027 0.07111
518039 0.06941
518051 0.0711
518063 0.07096
518075 0.07012
518087 0.07176
518111 0.07164
518135 0.07174
518183 0.07099
518195 0.07001
518231 0.07172
518243 0.06993
518267 0.07126
518279 0.07168
518303 0.0717
518315 0.07122
518339 0.07123
518351 0.07171
518375 0.0717
518399 0.07047
518423 0.07043
518459 0.0712
518483 0.06998
518519 0.07174
518555 0.07029
518591 0.07176
518603 0.07001
518627 0.06939
518663 0.07178
518675 0.07114
518687 0.07178
518711 0.07179
518723 0.06987
518735 0.07179
518795 0.07006
518819 0.06865
518843 0.06991
518855 0.07053
518879 0.06961
518891 0.07008
518903 0.07082
518915 0.07137
518927 0.07072
518939 0.07107
518951 0.07055
518963 0.06861
518975 0.06963
518987 0.07085
518999 0.07074
519023 0.0715
519035 0.07041
519047 0.07119
519059 0.07104
519071 0.07029
519095 0.07121
519143 0.07147
519155 0.07014
519167 0.07146
519179 0.07143
519191 0.07079
519203 0.06974
519251 0.07077
519263 0.07063
519275 0.07145
519299 0.07076
519311 0.07126
519347 0.07096
519395 0.06771
519419 0.07149
519443 0.07021
519455 0.07041
519467 0.07072
519479 0.07041
519491 0.0715
519503 0.07158
519563 0.06971
519575 0.07156
519599 0.07157
519635 0.07154
519659 0.07154
519671 0.07134
519695 0.07153
519707 0.07065
519719 0.07154
519731 0.07064
519743 0.07059
519767 0.07137
519791 0.0715
519827 0.07083
519839 0.06911
519851 0.07061
519875 0.07061
519887 0.0714
519899 0.06962
519911 0.0714
519935 0.07079
519983 0.07142
519995 0.07057
520007 0.07052
520055 0.07144
520091 0.07076
520115 0.07075
520127 0.07141
520139 0.06949
520175 0.0714
520187 0.07073
520199 0.0714
520211 0.07051
520247 0.07138
520259 0.0707
520271 0.07138
520283 0.07041
520319 0.07018
520331 0.07069
520343 0.07114
520355 0.07073
520367 0.07113
520391 0.07112
520415 0.07112
520439 0.07108
520463 0.07132
520475 0.06947
520511 0.07093
520523 0.06946
520559 0.06989
520583 0.07107
520619 0.07177
520643 0.06856
520655 0.06986
520715 0.0718
520727 0.07126
520739 0.0694
520751 0.07125
520775 0.07125
520799 0.07124
520811 0.07056
520823 0.07162
520835 0.07084
520859 0.07055
520871 0.07102
520907 0.07054
520919 0.07121
520931 0.07086
520955 0.07031
520979 0.07172
520991 0.06977
521003 0.06933
521015 0.07166
521027 0.0705
521075 0.06949
521099 0.07169
521111 0.07169
521123 0.0693
521135 0.07113
521147 0.07062
521159 0.07114
521183 0.07112
521207 0.07113
521219 0.07024
521255 0.07111
521291 0.07095
521303 0.07109
521315 0.07043
521327 0.07109
521339 0.07096
521351 0.0702
521375 0.07175
521387 0.07161
521411 0.07098
521459 0.07039
521495 0.07178
521507 0.071
521531 0.06919
521543 0.07102
521579 0.07102
521591 0.07102
521627 0.07154
521639 0.07002
521663 0.07078
521675 0.07153
521687 0.07138
521699 0.07153
521711 0.07139
521747 0.0701
521759 0.0714
521783 0.07174
521795 0.06967
521807 0.0702
521843 0.06911
521855 0.07061
521867 0.07148
521891 0.07018
521939 0.0697
521951 0.07092
521975 0.07145
521987 0.07082
522023 0.07167
522035 0.07021
522071 0.07166
522095 0.07165
522107 0.07141
522131 0.07141
522143 0.07086
522155 0.0714
522203 0.06857
522215 0.07162
522275 0.07017
522287 0.07083
522299 0.06774
522311 0.07153
522335 0.07082
522347 0.0712
522359 0.07154
522407 0.07058
522419 0.07122
522431 0.07156
522443 0.06935
522491 0.07131
522503 0.07154
522515 0.06886
522527 0.07153
522539 0.07125
522551 0.07153
522575 0.07142
522587 0.06986
522599 0.07075
522647 0.07161
522671 0.0705
522683 0.06868
522695 0.07145
522743 0.0707
522767 0.07147
522779 0.0699
522803 0.07102
522815 0.07044
522851 0.07121
522875 0.06945
522899 0.07133
522911 0.07167
522923 0.07104
522935 0.07168
522971 0.07135
522983 0.07152
522995 0.07106
523043 0.06879
523055 0.07139
523067 0.07115
523079 0.07171
523091 0.07138
523127 0.07172
523139 0.07047
523151 0.07092
523163 0.06916
523175 0.07046
523187 0.07112
523199 0.06919
523211 0.07111
523223 0.07158
523235 0.07111
523247 0.07158
523271 0.07159
523283 0.06955
523319 0.07177
523331 0.07003
523343 0.07131
523355 0.07107
523367 0.07178
523379 0.07107
523439 0.06983
523451 0.06985
523475 0.07118
523499 0.07103
523523 0.06961
523547 0.07149
523559 0.07102
523595 0.0715
523619 0.0715
523643 0.06787
523655 0.07173
523691 0.07098
523703 0.07169
523727 0.07171
523739 0.07153
523751 0.07171
523775 0.07119
523799 0.06963
523811 0.07095
523823 0.07172
523835 0.06954
523859 0.07094
523871 0.07167
523883 0.07127
523931 0.0697
523955 0.07091
523967 0.07175
523979 0.07159
523991 0.07176
524003 0.06936
524039 0.07084
524051 0.07161
524075 0.07161
524147 0.07163
524159 0.0716
524195 0.07135
524207 0.07178
524267 0.07026
524303 0.07028
524315 0.07167
524327 0.07155
524339 0.07076
524363 0.07139
524375 0.07099
524399 0.07093
524423 0.07024
524435 0.07078
524471 0.07124
524483 0.06841
524495 0.0717
524543 0.07169
524567 0.07168
524579 0.07173
524603 0.07144
524615 0.07147
524627 0.07145
524639 0.07147
524651 0.07146
524675 0.07072
524687 0.07094
524699 0.07084
524723 0.07147
524747 0.06899
524759 0.07143
524771 0.07178
524783 0.07162
524807 0.07102
524819 0.07179
524879 0.0714
524891 0.07178
524903 0.07134
524915 0.06925
524927 0.07139
524975 0.07157
524987 0.07176
525011 0.06944
525023 0.07096
525035 0.07062
525047 0.07108
525059 0.07061
525071 0.07138
525083 0.06907
525131 0.07059
525179 0.07058
525215 0.07151
525227 0.07057
525239 0.07142
525251 0.07002
525275 0.07168
525311 0.07143
525323 0.06931
525335 0.07144
525347 0.07162
525371 0.071
525383 0.07123
525395 0.07163
525407 0.07145
525419 0.07164
525443 0.07164
525455 0.07147
525479 0.07124
525503 0.07148
525515 0.06972
525527 0.07119
525539 0.07161
525563 0.07167
525575 0.07121
525587 0.07159
525611 0.07159
525623 0.07105
525635 0.06927
525647 0.07129
525659 0.07059
525683 0.0717
525695 0.07153
525707 0.07044
525743 0.07154
525755 0.07043
525779 0.07154
525791 0.07155
525803 0.06922
525815 0.07155
525827 0.07111
525851 0.07174
525863 0.07116
525875 0.07175
525911 0.07158
525935 0.07136
525959 0.07105
525971 0.06983
526007 0.07129
526019 0.07036
526031 0.0716
526079 0.07162
526091 0.07146
526103 0.07122
526115 0.07179
526151 0.07117
526163 0.07178
526175 0.07142
526187 0.07177
526211 0.07143
526235 0.07142
526247 0.07144
526259 0.0691
526295 0.07127
526319 0.07138
526343 0.07168
526355 0.07172
526379 0.07124
526403 0.06906
526415 0.07123
526439 0.07098
526451 0.0717
526475 0.06958
526523 0.06828
526535 0.07172
526547 0.0708
526607 0.07145
526631 0.07153
526643 0.07165
526715 0.07163
526727 0.07131
526751 0.07124
526775 0.07156
526787 0.07161
526799 0.07179
526811 0.0716
526823 0.07139
526847 0.07126
526907 0.07157
526919 0.07152
526955 0.07138
526967 0.07161
526979 0.07122
526991 0.07176
527003 0.07043
527015 0.07175
527027 0.07154
527039 0.07155
527051 0.0712
527075 0.07153
527111 0.07157
527135 0.07172
527147 0.07117
527171 0.0715
527183 0.07097
527195 0.06932
527219 0.07144
527231 0.07167
527243 0.07049
527255 0.07168
527279 0.07161
527315 0.07051
527339 0.07147
527363 0.06979
527375 0.07165
527387 0.07148
527423 0.07171
527435 0.07053
527459 0.07109
527483 0.07055
527519 0.07161
527531 0.07151
527543 0.07065
527555 0.0714
527567 0.07175
527615 0.07152
527651 0.07106
527663 0.07068
527675 0.07155
527711 0.07171
527735 0.07171
527759 0.07148
527771 0.07061
527783 0.07162
527795 0.06885
527831 0.07174
527855 0.07177
527867 0.07159
527879 0.07151
527891 0.0716
527903 0.07158
527915 0.07112
527927 0.07165
527939 0.07161
527951 0.07177
527963 0.07129
527975 0.0716
527999 0.07178
528011 0.07163
528023 0.07148
528047 0.07168
528071 0.07171
528083 0.07126
528119 0.07156
528143 0.07055
528155 0.07124
528179 0.07118
528203 0.07122
528215 0.07176
528227 0.07088
528239 0.07049
528251 0.07168
528275 0.07073
528287 0.07167
528311 0.07174
528323 0.06898
528347 0.07122
528359 0.071
528371 0.07123
528395 0.07172
528407 0.07162
528431 0.07177
528443 0.07041
528467 0.07078
528479 0.07169
528503 0.0716
528515 0.07175
528551 0.07174
528563 0.0708
528575 0.07167
528587 0.07081
528599 0.07166
528671 0.07176
528683 0.07083
528695 0.07176
528743 0.07153
528767 0.07174
528815 0.07179
528827 0.07133
528839 0.07033
528851 0.07176
528875 0.07015
528887 0.07177
528923 0.07103
528935 0.07176
528959 0.07176
528983 0.07175
528995 0.07137
529019 0.07067
529031 0.07178
529055 0.07101
529067 0.0717
529079 0.07179
529115 0.07093
529139 0.07064
529151 0.07117
529163 0.07022
529175 0.07163
529187 0.07167
529211 0.07167
529223 0.07168
529235 0.07096
529247 0.07176
529283 0.07097
529295 0.07166
529367 0.07173
529379 0.07162
529391 0.07172
529427 0.07161
529439 0.07171
529451 0.07029
529463 0.07162
529475 0.07159
529499 0.07054
529511 0.07161
529523 0.07087
529559 0.07168
529583 0.07131
529595 0.07085
529631 0.07053
529643 0.07015
529655 0.07165
529679 0.07103
529703 0.07132
529739 0.07155
529775 0.07153
529787 0.07109
529799 0.07161
529859 0.07158
529895 0.0715
529907 0.07159
529931 0.07112
529943 0.07142
529955 0.07146
529967 0.07141
529991 0.07148
530003 0.07078
530015 0.07127
530039 0.07155
530075 0.07072
530099 0.06995
530111 0.07125
530135 0.07152
530147 0.07164
530159 0.07142
530171 0.07165
530195 0.07118
530207 0.0715
530219 0.07166
530243 0.07047
530255 0.07145
530291 0.07121
530315 0.07137
530327 0.07147
530363 0.07064
530375 0.07118
530387 0.0717
530399 0.07145
530423 0.07083
530459 0.07029
530471 0.0715
530483 0.07089
530495 0.07142
530519 0.07114
530543 0.07008
530555 0.0713
530591 0.07152
530627 0.07092
530639 0.07111
530651 0.07129
530675 0.0713
530687 0.07129
530723 0.07058
530735 0.07136
530759 0.07127
530771 0.07124
530783 0.07157
530795 0.07132
530819 0.07179
530855 0.07124
530867 0.07098
530879 0.07159
530891 0.07019
530903 0.07144
530915 0.07176
530939 0.0712
530951 0.0713
530963 0.07136
530975 0.07146
530987 0.07174
530999 0.07129
531047 0.07134
531059 0.07117
531107 0.07171
531119 0.07126
531131 0.07115
531155 0.07141
531167 0.07137
531179 0.07169
531191 0.07151
531227 0.0707
531251 0.0702
531275 0.07167
531311 0.0712
531323 0.07145
531335 0.07154
531371 0.07164
531407 0.07143
531419 0.07054
531431 0.07172
531467 0.07112
531491 0.07161
531503 0.07134
531527 0.07106
531539 0.07034
531563 0.07114
531575 0.0716
531599 0.07147
531635 0.07152
531647 0.0701
531659 0.07156
531671 0.07162
531683 0.07117
531695 0.07102
531719 0.07179
531743 0.07164
531755 0.07155
531767 0.07164
531779 0.07153
531791 0.07103
531803 0.0712
531839 0.07177
531851 0.07157
531875 0.07122
531887 0.07106
531899 0.0715
531935 0.07175
531947 0.07159
531959 0.07174
531971 0.07092
531995 0.07147
532019 0.07147
532031 0.0717
532043 0.07162
532079 0.0702
532091 0.07145
532103 0.0717
532115 0.07163
532127 0.07173
532139 0.07071
532151 0.07173
532175 0.07168
532211 0.07166
532223 0.07167
532235 0.07141
532247 0.07175
532259 0.0714
532271 0.07176
532295 0.07163
532319 0.07116
532343 0.07164
532355 0.07138
532415 0.07179
532427 0.07171
532463 0.07179
532475 0.07136
532487 0.07178
532511 0.07177
532535 0.07177
532559 0.07158
532571 0.07138
532583 0.07071
532595 0.07175
532631 0.07171
532643 0.07176
532667 0.07176
532679 0.07172
532703 0.07154
532727 0.07173
532763 0.07142
532775 0.07174
532787 0.0694
532799 0.07175
532835 0.07179
532847 0.07168
532859 0.07058
532871 0.07168
532883 0.07091
532895 0.07166
532931 0.07176
532943 0.07168
532967 0.07168
532979 0.07068
532991 0.07169
533015 0.07179
533027 0.07174
533039 0.07178
533075 0.07113
533087 0.07134
533123 0.07097
533147 0.07151
533159 0.07142
533171 0.0717
533183 0.07062
533195 0.07169
533207 0.07159
533231 0.07174
533243 0.07067
533255 0.07175
533267 0.07154
533279 0.07172
533339 0.07035
533351 0.07177
533375 0.07169
533387 0.07164
533411 0.07157
533423 0.07049
533435 0.07158
533471 0.07179
533483 0.07162
533519 0.07054
533531 0.0716
533555 0.07161
533567 0.07164
533579 0.07105
533591 0.07176
533603 0.07105
533615 0.07163
533639 0.07162
533651 0.07163
533675 0.07164
533687 0.07174
533699 0.07108
533759 0.07149
533783 0.07171
533807 0.07078
533819 0.07088
533843 0.07113
533855 0.07169
533867 0.07151
533891 0.07169
533903 0.0692
533939 0.07095
533975 0.07154
533987 0.07135
534011 0.07171
534035 0.07136
534071 0.07157
534083 0.07137
534095 0.07157
534107 0.07174
534119 0.07086
534131 0.07144
534143 0.07134
534155 0.07144
534179 0.07119
534191 0.07147
534215 0.0716
534227 0.07122
534239 0.0716
534251 0.07177
534263 0.07158
534275 0.07178
534287 0.07006
534299 0.07122
534347 0.07125
534359 0.07073
534383 0.07127
534395 0.07144
534419 0.07102
534443 0.07127
534455 0.07153
534467 0.07146
534503 0.07027
534527 0.07167
534539 0.07127
534551 0.07105
534563 0.07133
534575 0.07168
534587 0.07174
534599 0.07169
534611 0.07149
534623 0.07148
534635 0.0715
534683 0.07171
534695 0.07171
534719 0.071
534731 0.07152
534743 0.07036
534755 0.07135
534767 0.07117
534779 0.07133
534791 0.07101
534803 0.07133
534863 0.07142
534875 0.07166
534887 0.07129
534899 0.07136
534911 0.07176
534935 0.07105
534959 0.07127
534983 0.07111
534995 0.07158
535007 0.07178
535043 0.07161
535055 0.0709
535067 0.07119
535079 0.07108
535091 0.0716
535115 0.07112
535163 0.07117
535175 0.07177
535187 0.07145
535199 0.07176
535211 0.07115
535223 0.07105
535235 0.07156
535247 0.07132
535259 0.07121
535283 0.07155
535295 0.07118
535307 0.07165
535331 0.07148
535343 0.07129
535415 0.07116
535427 0.07056
535439 0.07116
535463 0.07126
535475 0.07126
535535 0.07119
535559 0.07166
535583 0.06972
535619 0.07124
535631 0.07076
535643 0.07123
535655 0.07121
535667 0.07156
535691 0.07131
535703 0.0712
535715 0.07155
535739 0.07125
535763 0.07176
535775 0.07124
535799 0.07107
535823 0.07061
535835 0.07135
535847 0.07159
535871 0.07158
535883 0.07139
535895 0.07109
535907 0.07161
535955 0.07179
535979 0.07161
536015 0.0713
536027 0.07051
536039 0.0713
536075 0.07134
536123 0.07166
536171 0.07165
536183 0.07079
536195 0.07101
536207 0.07149
536231 0.07117
536303 0.07058
536315 0.07171
536339 0.07104
536351 0.07138
536363 0.07172
536375 0.0712
536411 0.07171
536435 0.07149
536459 0.07149
536471 0.07099
536483 0.07164
536495 0.07141
536507 0.07164
536519 0.07057
536555 0.07145
536579 0.07146
536603 0.07178
536627 0.07178
536639 0.07144
536663 0.07094
536675 0.07179
536747 0.07178
536759 0.07134
536783 0.07064
536795 0.0718
536807 0.07148
536819 0.07157
536831 0.0709
536843 0.07176
536855 0.07079
536903 0.07162
536915 0.07176
536927 0.07087
536939 0.07154
536951 0.07134
536963 0.07172
536975 0.07134
537035 0.07074
537047 0.07154
537059 0.07173
537083 0.07148
537095 0.07085
537107 0.07164
537119 0.07071
537155 0.07167
537167 0.07139
537179 0.07166
537203 0.07169
537227 0.07161
537239 0.07122
537251 0.07167
537263 0.07094
537275 0.07161
537311 0.0716
537323 0.07162
537359 0.07161
537371 0.0717
537383 0.07091
537395 0.07164
537407 0.07144
537431 0.07163
537443 0.0716
537455 0.07093
537479 0.07079
537491 0.07167
537503 0.07072
537515 0.07174
537551 0.07165
537575 0.07113
537623 0.06876
537635 0.0717
537647 0.07168
537659 0.07177
537671 0.0715
537683 0.07156
537695 0.07169
537707 0.07178
537719 0.07151
537731 0.07131
537767 0.07108
537791 0.07153
537827 0.07175
537839 0.07172
537851 0.07174
537875 0.07177
537887 0.07173
537911 0.07156
537923 0.07147
537935 0.07174
537947 0.07175
537959 0.07048
537983 0.06967
538007 0.07158
538043 0.07146
538055 0.07177
538067 0.07179
538091 0.0718
538103 0.07114
538115 0.07178
538139 0.07178
538175 0.07179
538211 0.07148
538271 0.07052
538295 0.07165
538307 0.0715
538319 0.07176
538379 0.0717
538403 0.07171
538415 0.07167
538427 0.07162
538439 0.07172
538451 0.07071
538463 0.07116
538475 0.07161
538499 0.0716
538535 0.0717
538547 0.07166
538559 0.07171
538571 0.07167
538607 0.07168
538619 0.07165
538631 0.07085
538655 0.07167
538667 0.07156
538679 0.07174
538691 0.07155
538715 0.07162
538775 0.07163
538787 0.07161
538811 0.0716
538835 0.07162
538847 0.07161
538859 0.07163
538883 0.07144
538895 0.07078
538907 0.07118
538919 0.0712
538967 0.07179
538979 0.07166
539015 0.07178
539051 0.07153
539075 0.07153
539087 0.07123
539123 0.07122
539147 0.0715
539183 0.07139
539255 0.07134
539279 0.0715
539291 0.07126
539315 0.07173
539327 0.07024
539375 0.07168
539387 0.07144
539399 0.07131
539411 0.07144
539423 0.07144
539435 0.07176
539459 0.07135
539471 0.07166
539495 0.07146
539519 0.07007
539531 0.07178
539543 0.07141
539555 0.07132
539579 0.07139
539603 0.07139
539675 0.07177
539699 0.07163
539771 0.07175
539795 0.07138
539807 0.07157
539819 0.07166
539831 0.07133
539867 0.07172
539879 0.07142
539903 0.07155
539915 0.07168
539927 0.07102
539939 0.0717
539951 0.07156
539963 0.0713
539975 0.07157
539999 0.07152
540011 0.07127
540023 0.07152
540047 0.0715
540083 0.07092
540095 0.07154
540107 0.07166
540131 0.07088
540143 0.07161
540155 0.07174
540191 0.07156
540215 0.07149
540227 0.07115
540239 0.0715
540275 0.07176
540299 0.07161
540311 0.07165
540335 0.07152
540359 0.07146
540371 0.07151
540419 0.07118
540431 0.07162
540455 0.07119
540467 0.07153
540479 0.07148
540503 0.07169
540515 0.07119
540551 0.07157
540575 0.07171
540623 0.07166
540647 0.07167
540671 0.0716
540683 0.07173
540707 0.07159
540731 0.07171
540755 0.07125
540767 0.07162
540791 0.07163
540815 0.07156
540875 0.07163
540899 0.07137
540911 0.07158
540923 0.07128
540959 0.06908
540983 0.07179
540995 0.07164
541019 0.07142
541031 0.07178
541043 0.07167
541067 0.0714
541079 0.07123
541091 0.07132
541103 0.07177
541127 0.06978
541139 0.07143
541163 0.07134
541175 0.0712
541187 0.07134
541199 0.07172
541223 0.07132
541247 0.07173
541259 0.07157
541295 0.07174
541307 0.07137
541319 0.07096
541331 0.07173
541343 0.07168
541367 0.07176
541379 0.07154
541403 0.07153
541427 0.0714
541451 0.07152
541475 0.0713
541487 0.07172
541499 0.07151
541535 0.07049
541559 0.07179
541595 0.07179
541607 0.07141
541643 0.07049
541667 0.07178
541679 0.07107
541691 0.07124
541703 0.07177
541739 0.07145
541775 0.07178
541787 0.06935
541811 0.07174
541823 0.07164
541835 0.07123
541847 0.07103
541883 0.07079
541907 0.07118
541955 0.0717
542003 0.07169
542015 0.07167
542039 0.07174
542051 0.07168
542075 0.07167
542087 0.07157
542099 0.07135
542135 0.07155
542147 0.07112
542159 0.07171
542171 0.07111
542231 0.07161
542243 0.07131
542255 0.0716
542279 0.0716
542291 0.07161
542303 0.06947
542327 0.07158
542351 0.07143
542375 0.07165
542387 0.07162
542399 0.07165
542411 0.07158
542435 0.07126
542459 0.07173
542471 0.07146
542507 0.07112
542531 0.07175
542543 0.07138
542555 0.07123
542627 0.07153
542639 0.06958
542699 0.07119
542711 0.07166
542795 0.07178
542807 0.07146
542819 0.07178
542879 0.07144
542903 0.07151
542915 0.07148
542927 0.07143
542963 0.07144
542975 0.07133
543035 0.07177
543047 0.07174
543071 0.07175
543095 0.07175
543107 0.0714
543119 0.07138
543167 0.07128
543179 0.07168
543191 0.07177
543239 0.07088
543251 0.07156
543263 0.07142
543275 0.07069
543335 0.07124
543371 0.07174
543395 0.07132
543419 0.07162
543431 0.07176
543443 0.07161
543455 0.07137
543467 0.07134
543479 0.07128
543491 0.0716
543527 0.07059
543563 0.07169
543575 0.07172
543599 0.07057
543623 0.07171
543647 0.07057
543683 0.07166
543731 0.0714
543743 0.07168
543779 0.07152
543803 0.07163
543815 0.07104
543839 0.07019
543851 0.07142
543863 0.07164
543899 0.07171
543935 0.07162
543947 0.07024
543983 0.07013
544019 0.07085
544043 0.07174
544055 0.07066
544067 0.07156
544079 0.07112
544091 0.07175
544115 0.07154
544127 0.07157
544151 0.07102
544163 0.07177
544187 0.07131
544211 0.07178
544235 0.07178
544271 0.07107
544283 0.07078
544295 0.07153
544307 0.07109
544319 0.07073
544331 0.07179
544343 0.07097
544355 0.07178
544379 0.07007
544391 0.0715
544439 0.07115
544463 0.07087
544475 0.07138
544499 0.07174
544511 0.07086
544523 0.07103
544547 0.07087
544559 0.07118
544571 0.07102
544583 0.07118
544619 0.071
544643 0.0717
544655 0.07089
544679 0.07121
544751 0.0704
544763 0.07167
544775 0.07102
544787 0.07164
544799 0.07094
544811 0.07145
544823 0.07078
544847 0.07092
544871 0.071
544895 0.07137
544931 0.07095
544967 0.07094
544991 0.07089
545003 0.06999
545015 0.07096
545027 0.0715
545075 0.07151
545111 0.07132
545123 0.07117
545135 0.07093
545147 0.07172
545159 0.07084
545171 0.07157
545195 0.07173
545207 0.07083
545243 0.07125
545255 0.07134
545303 0.07127
545327 0.07044
545339 0.07157
545351 0.07125
545363 0.07152
545375 0.07125
545411 0.07178
545423 0.07138
545435 0.0716
545447 0.07123
545459 0.06986
545471 0.07139
545495 0.07099
545507 0.07025
545519 0.0714
545591 0.07141
545603 0.07075
545615 0.07142
545627 0.07115
545639 0.07061
545675 0.07124
545687 0.07117
545699 0.07166
545771 0.07141
545807 0.07113
545819 0.0714
545831 0.07056
545867 0.07128
545879 0.07148
545891 0.07117
545903 0.07111
545915 0.07168
545927 0.07116
545951 0.07117
545975 0.0715
545999 0.06936
546011 0.07135
546023 0.07151
546035 0.07061
546083 0.07133
546095 0.0712
546107 0.07175
546131 0.07163
546143 0.07154
546155 0.07131
546167 0.07063
546191 0.07122
546203 0.07028
546215 0.07123
546227 0.07125
546251 0.07125
546275 0.07138
546311 0.07076
546347 0.07128
546371 0.07156
546383 0.07127
546407 0.07127
546419 0.07141
546431 0.07121
546443 0.07123
546455 0.07128
546503 0.07071
546527 0.07123
546539 0.07144
546551 0.07163
546563 0.07151
546611 0.0715
546623 0.07083
546635 0.07149
546647 0.07133
546659 0.07135
546695 0.07134
546743 0.07168
546755 0.07168
546767 0.07077
546791 0.07129
546803 0.07084
546827 0.07144
546839 0.0713
546851 0.07165
546887 0.06998
546899 0.0708
546911 0.07139
546971 0.07141
546983 0.07029
546995 0.07162
547031 0.07041
547043 0.07139
547055 0.07135
547067 0.07138
547091 0.07159
547127 0.07085
547163 0.07075
547175 0.07069
547187 0.07147
547199 0.07178
547235 0.0705
547247 0.07052
547259 0.0698
547283 0.07089
547295 0.07179
547307 0.07154
547319 0.07065
547331 0.07162
547367 0.07142
547379 0.07152
547391 0.07176
547403 0.07129
547415 0.0715
547427 0.0715
547439 0.07175
547451 0.0715
547463 0.07174
547475 0.07149
547511 0.07076
547523 0.06934
547547 0.07167
547571 0.07155
547607 0.07154
547655 0.07169
547667 0.07062
547691 0.0717
547715 0.07071
547751 0.07167
547775 0.07151
547799 0.07166
547847 0.07101
547859 0.07174
547883 0.07117
547907 0.07075
547919 0.07163
547931 0.07175
547943 0.07086
547955 0.07115
547967 0.07163
547979 0.07136
547991 0.0708
548015 0.07157
548027 0.07166
548051 0.07178
548063 0.07165
548075 0.07167
548087 0.07082
548111 0.07166
548135 0.07166
548147 0.07179
548171 0.07169
548183 0.07028
548207 0.07168
548231 0.07154
548255 0.07162
548267 0.07176
548279 0.07163
548339 0.07127
548375 0.07151
548411 0.07115
548435 0.07175
548447 0.07073
548471 0.07174
548483 0.07041
548495 0.07175
548507 0.07177
548531 0.07177
548555 0.07178
548627 0.07166
548651 0.07037
548663 0.0704
548675 0.07118
548699 0.07046
548711 0.07172
548723 0.07035
548735 0.07173
548747 0.07094
548759 0.07141
548795 0.07124
548819 0.07161
548855 0.07088
548867 0.07174
548879 0.07134
548891 0.07087
548939 0.07111
548975 0.07136
548987 0.07157
548999 0.07004
549047 0.07179
549083 0.0713
549119 0.0714
549143 0.0714
549179 0.07152
549191 0.07175
549227 0.07164
549239 0.07174
549251 0.07134
549263 0.07165
549275 0.0705
549287 0.07092
549299 0.07135
549311 0.07135
549347 0.07161
549359 0.071
549371 0.07109
549383 0.07162
549395 0.0716
549407 0.0717
549419 0.07159
549467 0.07144
549491 0.07015
549539 0.07096
549575 0.07165
549599 0.07165
549611 0.07142
549635 0.07115
549659 0.07143
549671 0.07143
549695 0.07143
549731 0.07145
549743 0.07153
549755 0.0715
549779 0.07146
549791 0.07152
549803 0.07108
549815 0.07122
549827 0.07119
549851 0.07135
549875 0.0712
549947 0.07111
549959 0.07107
549971 0.07131
549995 0.07062
550019 0.07144
550043 0.07113
550055 0.07161
550067 0.07082
550079 0.07152
550091 0.07153
550103 0.07162
550175 0.0713
550187 0.07127
550223 0.07
550247 0.07156
550259 0.07129
550271 0.07166
550307 0.0713
550319 0.06975
550331 0.0713
550343 0.06997
550355 0.07131
550367 0.07122
550391 0.07168
550403 0.07121
550451 0.07161
550475 0.07123
550487 0.07125
550499 0.07024
550511 0.07126
550535 0.07126
550547 0.07125
550559 0.0714
550619 0.07165
550655 0.07165
550715 0.07091
550727 0.07127
550739 0.07029
550751 0.07177
550787 0.0711
550799 0.07178
550823 0.07151
550835 0.07062
550871 0.07132
550883 0.07132
550907 0.07121
550919 0.06989
550931 0.07172
550943 0.07178
550955 0.07106
550967 0.07148
550979 0.07173
551015 0.07156
551051 0.07103
551075 0.07137
551087 0.0715
551135 0.07176
551147 0.07149
551171 0.07102
551183 0.07115
551195 0.0715
551243 0.07179
551267 0.07111
551279 0.07076
551303 0.07162
551315 0.07179
551327 0.07179
551351 0.07163
551375 0.07145
551399 0.07146
551411 0.07144
551435 0.07175
551447 0.07176
551459 0.07106
551471 0.07164
551495 0.07167
551507 0.07157
551531 0.07091
551567 0.07081
551591 0.07113
551603 0.07171
551627 0.07089
551639 0.07163
551675 0.07087
551687 0.07171
551699 0.07161
551711 0.07066
551747 0.07039
551771 0.07152
551807 0.07174
551819 0.07164
551831 0.07167
551855 0.07165
551867 0.07096
551879 0.07157
551891 0.07166
551903 0.07097
551939 0.07056
551987 0.07033
552023 0.07178
552035 0.0716
552119 0.07174
552131 0.07157
552143 0.07158
552203 0.07125
552215 0.07176
552227 0.07173
552275 0.07085
552287 0.07174
552299 0.07085
552311 0.0716
552323 0.06972
552347 0.07002
552359 0.07179
552371 0.07151
552407 0.07171
552419 0.07177
552467 0.07068
552479 0.07164
552539 0.07132
552551 0.07175
552563 0.06927
552575 0.0704
552599 0.07173
552623 0.07165
552647 0.07173
552671 0.07174
552683 0.07143
552695 0.07143
552719 0.0717
552743 0.07162
552779 0.06921
552803 0.07138
552827 0.07176
552851 0.07011
552863 0.07159
552875 0.0714
552911 0.07179
552947 0.07179
552959 0.07165
553007 0.07177
553019 0.07167
553031 0.07177
553055 0.07154
553079 0.07123
553091 0.07165
553127 0.07179
553151 0.0716
553163 0.07175
553175 0.07173
553187 0.06954
553199 0.07172
553223 0.07055
553247 0.07177
553259 0.0716
553271 0.0717
553283 0.07172
553307 0.07171
553319 0.07176
553331 0.06957
553355 0.07126
553367 0.07174
553379 0.07125
553391 0.07174
553403 0.07152
553415 0.07166
553427 0.07168
553451 0.07167
553475 0.07167
553487 0.07143
553499 0.07122
553511 0.07171
553523 0.07121
553535 0.0717
553547 0.07053
553559 0.07169
553571 0.07152
553595 0.07156
553631 0.07161
553679 0.0711
553691 0.07158
553715 0.07159
553739 0.07048
553763 0.06936
553775 0.07157
553787 0.07159
553799 0.07113
553823 0.07155
553847 0.07156
553859 0.07032
553871 0.07161
553883 0.07156
553895 0.07161
553907 0.07156
553967 0.07159
553979 0.07165
554015 0.07158
554027 0.06971
554039 0.07137
554063 0.0716
554075 0.07167
554099 0.07139
554111 0.07161
554135 0.07162
554159 0.07134
554183 0.07163
554195 0.0717
554219 0.0717
554231 0.07152
554243 0.07171
554255 0.07151
554279 0.07144
554291 0.07146
554327 0.07166
554339 0.071
554363 0.06963
554375 0.07167
554387 0.07031
554399 0.07148
554411 0.07019
554423 0.07145
554435 0.07175
554459 0.07129
554471 0.07128
554483 0.07021
554507 0.07128
554543 0.07148
554567 0.07172
554591 0.07149
554651 0.07179
554675 0.07179
554723 0.07135
554771 0.07121
554783 0.07177
554795 0.06925
554807 0.07177
554819 0.07175
554831 0.07178
554867 0.07119
554903 0.07087
554915 0.07172
554939 0.07172
554963 0.07085
554975 0.07139
554987 0.07128
554999 0.0714
555011 0.07126
555023 0.07081
555035 0.07115
555047 0.07176
555059 0.07169
555095 0.07123
555131 0.07124
555179 0.06871
555191 0.07173
555203 0.07165
555227 0.0713
555239 0.07145
555263 0.07164
555275 0.07131
555299 0.07132
555311 0.07165
555323 0.07075
555335 0.07169
555371 0.07134
555395 0.07074
555407 0.07104
555431 0.07168
555503 0.07091
555527 0.0717
555539 0.07137
555551 0.07171
555563 0.07113
555575 0.07163
555587 0.06942
555599 0.07117
555611 0.07154
555623 0.07161
555647 0.07161
555695 0.07174
555719 0.07107
555731 0.07142
555755 0.07151
555791 0.07105
555803 0.06857
555815 0.07176
555839 0.07111
555851 0.07148
555863 0.07114
555875 0.07145
555887 0.07155
555899 0.07147
555911 0.0716
555923 0.07104
555947 0.07147
555959 0.07002
555983 0.07152
555995 0.07148
556019 0.07144
556079 0.07164
556091 0.06988
556115 0.0715
556127 0.07175
556139 0.07086
556151 0.07148
556163 0.07054
556175 0.07121
556187 0.07097
556199 0.07167
556223 0.07173
556247 0.07013
556259 0.07138
556283 0.07137
556295 0.0711
556307 0.06903
556319 0.07092
556379 0.07156
556415 0.07141
556427 0.06975
556463 0.07167
556499 0.07159
556511 0.07174
556535 0.07075
556547 0.07028
556571 0.07075
556595 0.07129
556631 0.07162
556643 0.07069
556655 0.07135
556667 0.06974
556703 0.07081
556715 0.07126
556739 0.07164
556751 0.07179
556775 0.07121
556787 0.07165
556835 0.07123
556871 0.07156
556919 0.07124
556955 0.0712
556979 0.06845
556991 0.07139
557003 0.07033
557015 0.07174
557039 0.07127
557051 0.07171
557063 0.07151
557099 0.07116
557111 0.07088
557147 0.07173
557171 0.07114
557231 0.07168
557243 0.07113
557255 0.07167
557267 0.07058
557279 0.07167
557315 0.07177
557327 0.07166
557351 0.06888
557375 0.07148
557387 0.07031
557399 0.07071
557411 0.07066
557447 0.07163
557459 0.07107
557471 0.07062
557507 0.07064
557531 0.07177
557543 0.07152
557555 0.07176
557579 0.07176
557615 0.07099
557627 0.07175
557651 0.0706
557675 0.07092
557699 0.07014
557723 0.071
557735 0.07142
557771 0.07055
557783 0.07157
557795 0.07095
557819 0.0717
557843 0.07097
557855 0.07131
557867 0.07057
557915 0.07097
557939 0.07098
557951 0.07161
557963 0.07061
557975 0.07147
558011 0.07165
558023 0.07008
558035 0.07062
558047 0.07053
558059 0.07101
558071 0.0715
558095 0.07146
558107 0.07064
558119 0.07151
558131 0.07162
558143 0.07111
558155 0.07103
558191 0.07166
558227 0.07067
558239 0.07153
558263 0.07168
558311 0.07093
558323 0.07106
558347 0.06932
558359 0.06765
558371 0.07053
558395 0.07155
558407 0.0709
558443 0.07109
558455 0.07172
558467 0.07153
558515 0.0708
558527 0.07174
558551 0.0716
558575 0.07121
558623 0.07176
558635 0.07077
558671 0.07163
558695 0.07109
558707 0.07077
558767 0.07179
558779 0.06958
558815 0.07179
558839 0.07127
558851 0.07143
558875 0.0708
558899 0.0704
558911 0.07168
558923 0.07031
558935 0.07169
558959 0.07129
558971 0.07083
558983 0.0705
559007 0.07075
559019 0.07139
559043 0.07068
559055 0.07173
559079 0.07132
559091 0.07124
559103 0.07173
559115 0.07086
559127 0.0712
559139 0.07136
559151 0.07077
559175 0.07174
559187 0.07037
559199 0.07025
559271 0.07138
559283 0.06841
559295 0.07139
559331 0.07074
559379 0.0713
559391 0.07179
559403 0.07028
559415 0.07112
559439 0.07084
559463 0.07179
559475 0.07132
559487 0.07162
559499 0.07133
559535 0.07144
559559 0.07109
559607 0.07146
559619 0.07052
559643 0.07098
559655 0.07158
559691 0.07137
559715 0.07121
559727 0.07149
559751 0.07147
559763 0.07138
559775 0.07171
559787 0.07101
559835 0.0714
559847 0.07151
559919 0.06946
559931 0.07142
559943 0.07166
559955 0.07143
560003 0.07089
560027 0.07055
560051 0.07113
560075 0.07145
560087 0.07098
560099 0.07067
560111 0.07157
560183 0.07159
560195 0.07148
560255 0.0716
560267 0.07112
560279 0.06979
560291 0.07112
560303 0.07159
560315 0.07113
560327 0.07068
560351 0.07156
560363 0.07152
560387 0.07113
560399 0.07155
560423 0.07039
560483 0.07154
560495 0.07152
560507 0.07116
560519 0.07164
560567 0.07167
560579 0.07118
560591 0.07085
560603 0.07068
560615 0.07166
560651 0.07119
560663 0.07033
560675 0.07104
560687 0.07131
560699 0.07159
560711 0.07079
560723 0.07122
560735 0.07171
560747 0.07123
560759 0.07113
560795 0.07161
560807 0.07128
560819 0.07022
560831 0.07115
560855 0.07174
560903 0.07172
560915 0.07126
560927 0.07117
560951 0.07176
560975 0.0714
560999 0.07175
561023 0.07095
561107 0.07113
561119 0.07121
561131 0.07131
561143 0.07179
561155 0.07132
561167 0.07071
561179 0.0717
561215 0.07072
561227 0.07132
561263 0.07176
561275 0.07134
561287 0.07176
561299 0.07134
561311 0.07178
561323 0.07173
561335 0.07177
561371 0.07174
561383 0.07114
561407 0.07128
561431 0.07172
561443 0.07087
561467 0.07059
561491 0.07177
561503 0.07111
561527 0.07169
561539 0.07178
561563 0.07124
561575 0.07171
561587 0.07141
561611 0.07141
561623 0.0717
561647 0.07166
561659 0.07179
561683 0.07078
561707 0.07093
561719 0.06963
561731 0.07103
561755 0.07176
561779 0.07144
561791 0.07136
561803 0.07175
561827 0.07095
561851 0.0713
561863 0.07114
561875 0.07173
561935 0.07162
561959 0.0714
561971 0.0715
561995 0.0717
562031 0.07159
562055 0.07097
562067 0.07111
562127 0.07044
562139 0.07152
562151 0.07094
562175 0.07145
562187 0.07153
562211 0.07164
562247 0.07
562319 0.07148
562331 0.07158
562343 0.07105
562355 0.07157
562367 0.07149
562379 0.06983
562391 0.07037
562415 0.0715
562451 0.0716
562487 0.07151
562499 0.07096
562511 0.07152
562547 0.07162
562559 0.07102
562571 0.07162
562595 0.07164
562619 0.07163
562655 0.07155
562667 0.07165
562751 0.07157
562775 0.0714
562787 0.07168
562799 0.07158
562823 0.07135
562835 0.07128
562847 0.07013
562895 0.07135
562907 0.0717
562919 0.07137
562955 0.07154
562991 0.07163
563027 0.07172
563063 0.07071
563075 0.07173
563087 0.07071
563111 0.07165
563135 0.07128
563159 0.07142
563171 0.07135
563195 0.07136
563207 0.07167
563231 0.07126
563243 0.07127
563255 0.07168
563267 0.07161
563279 0.07127
563291 0.07128
563363 0.07163
563375 0.07147
563399 0.0712
563471 0.06926
563495 0.0715
563531 0.07143
563555 0.07105
563567 0.07124
563579 0.0712
563603 0.07173
563615 0.07152
563627 0.07173
563639 0.07118
563675 0.07172
563687 0.07178
563699 0.07123
563711 0.07155
563735 0.07128
563771 0.0717
563783 0.07069
563807 0.07179
563819 0.07126
563867 0.07151
563879 0.07131
563903 0.07034
563915 0.07165
563927 0.07175
563939 0.07165
563951 0.07175
563963 0.07177
563975 0.07174
564023 0.07063
564047 0.07039
564095 0.07038
564107 0.07179
564119 0.07171
564131 0.07179
564167 0.07102
564179 0.07159
564203 0.06881
564275 0.07175
564287 0.0714
564311 0.07168
564335 0.07141
564383 0.071
564395 0.07109
564431 0.0717
564455 0.07171
564479 0.07171
564503 0.0705
564515 0.07169
564527 0.0716
564539 0.06911
564563 0.07156
564575 0.07092
564587 0.07166
564611 0.07167
564623 0.07175
564647 0.06981
564659 0.07102
564707 0.0709
564719 0.06979
564731 0.07159
564743 0.07088
564803 0.07161
564815 0.07153
564851 0.07162
564887 0.07153
564935 0.07154
564947 0.07158
564995 0.07165
565007 0.07156
565019 0.07176
565031 0.07175
565043 0.07093
565067 0.06969
565091 0.07154
565103 0.07082
565139 0.07179
565151 0.0696
565175 0.07144
565187 0.0718
565199 0.0716
565211 0.07151
565223 0.07063
565235 0.0717
565271 0.07169
565295 0.07168
565307 0.07129
565355 0.07173
565367 0.07139
565403 0.07174
565475 0.07172
565499 0.07081
565535 0.07167
565547 0.07143
565595 0.0715
565607 0.07169
565619 0.07165
565643 0.07179
565679 0.07159
565703 0.07021
565739 0.07106
565751 0.07077
565763 0.07137
565775 0.07019
565811 0.07136
565823 0.06977
565847 0.07174
565859 0.07117
565871 0.07175
565883 0.07058
565895 0.07175
565931 0.07173
565955 0.07173
565967 0.07124
565991 0.06979
566003 0.07159
566015 0.0715
566027 0.07158
566039 0.07122
566063 0.07149
566075 0.0711
566087 0.07084
566111 0.07148
566123 0.07128
566147 0.07121
566159 0.07146
566171 0.07166
566195 0.07127
566207 0.07087
566219 0.07178
566255 0.07175
566267 0.07165
566303 0.07143
566315 0.07151
566327 0.06989
566339 0.07178
566351 0.0709
566375 0.07172
566399 0.07089
566411 0.0712
566423 0.07052
566447 0.07171
566459 0.07175
566471 0.0717
566483 0.07159
566495 0.07111
566507 0.07158
566519 0.06946
566555 0.07172
566579 0.06955
566591 0.07167
566603 0.07125
566615 0.07108
566627 0.07143
566651 0.07173
566663 0.07134
566675 0.07169
566699 0.07141
566711 0.07164
566735 0.07163
566747 0.07026
566771 0.07176
566783 0.07131
566831 0.07099
566843 0.07177
566867 0.07178
566927 0.07063
566951 0.07103
566975 0.07126
567023 0.07105
567035 0.07177
567047 0.07155
567071 0.07123
567083 0.07176
567095 0.07104
567131 0.07175
567155 0.07143
567167 0.06968
567191 0.0712
567203 0.07156
567215 0.07151
567227 0.07128
567239 0.07151
567251 0.07139
567275 0.07171
567299 0.07154
567311 0.07149
567371 0.07136
567395 0.07151
567419 0.07092
567431 0.07021
567443 0.07167
567455 0.07114
567479 0.07113
567491 0.07133
567503 0.07113
567551 0.07143
567563 0.07131
567575 0.07142
567587 0.0708
567599 0.07115
567611 0.07163
567623 0.07118
567635 0.07162
567647 0.0714
567671 0.07117
567683 0.07097
567731 0.07156
567755 0.07159
567791 0.07082
567803 0.07141
567827 0.07086
567839 0.07104
567851 0.07159
567875 0.07152
567911 0.07124
567923 0.07103
567935 0.07133
567959 0.07123
567971 0.07161
567995 0.07162
568031 0.07099
568043 0.07156
568055 0.0713
568067 0.07119
568079 0.07014
568103 0.07025
568127 0.07028
568139 0.07165
568175 0.07096
568199 0.07129
568223 0.07095
568247 0.07067
568259 0.07094
568271 0.07132
568283 0.07161
568307 0.07169
568319 0.07131
568331 0.07145
568343 0.07019
568355 0.07127
568427 0.07098
568451 0.07165
568463 0.07137
568475 0.07172
568487 0.07137
568499 0.07173
568535 0.07136
568547 0.07107
568559 0.07086
568571 0.07174
568583 0.06999
568607 0.0714
568667 0.07136
568703 0.07142
568715 0.07171
568727 0.07142
568739 0.07121
568763 0.07172
568775 0.07141
568799 0.07142
568811 0.07179
568835 0.07179
568847 0.07052
568859 0.07123
568871 0.0711
568883 0.07131
568919 0.0705
568943 0.07145
568955 0.07176
569015 0.07075
569027 0.07174
569039 0.07105
569063 0.0715
569075 0.07128
569087 0.0702
569099 0.07179
569123 0.07179
569147 0.07124
569171 0.07178
569183 0.0715
569195 0.0717
569207 0.07052
569219 0.07131
569255 0.07154
569279 0.07152
569291 0.07121
569303 0.07153
569315 0.07167
569327 0.07155
569339 0.07174
569351 0.07067
569363 0.07134
569387 0.07086
569399 0.07042
569411 0.0712
569435 0.07117
569483 0.07044
569519 0.07045
569531 0.07161
569543 0.07121
569555 0.07123
569567 0.07161
569591 0.07161
569615 0.07159
569627 0.0708
569639 0.0716
569651 0.07068
569675 0.07166
569699 0.07142
569723 0.07142
569783 0.07165
569795 0.07144
569855 0.07037
569867 0.07153
569879 0.07003
569891 0.0716
569951 0.07169
569963 0.07033
569975 0.0713
569999 0.07168
570011 0.07157
570023 0.0707
570035 0.07149
570059 0.07149
570095 0.07133
570167 0.07134
570179 0.07152
570203 0.07153
570227 0.07144
570239 0.07045
570251 0.07154
570263 0.07174
570275 0.0715
570287 0.07176
570299 0.0715
570311 0.07076
570323 0.07095
570347 0.07063
570371 0.07148
570395 0.07141
570431 0.0718
570443 0.07179
570455 0.0704
570479 0.07178
570503 0.07178
570515 0.07144
570551 0.07179
570575 0.07143
570599 0.0708
570611 0.07088
570623 0.07175
570635 0.07091
570647 0.07083
570695 0.07082
570707 0.07093
570755 0.07165
570767 0.07171
570779 0.06921
570791 0.07148
570803 0.07011
570815 0.07173
570863 0.07171
570875 0.07152
570899 0.07168
570911 0.07168
570923 0.07075
570935 0.0717
570971 0.07169
571007 0.07074
571079 0.07046
571091 0.07172
571103 0.07165
571115 0.07102
571127 0.07162
571139 0.07129
571151 0.07162
571175 0.07164
571187 0.0712
571235 0.07175
571247 0.07079
571271 0.07158
571283 0.07176
571307 0.07161
571343 0.0716
571355 0.07178
571367 0.0699
571379 0.07178
571391 0.07158
571415 0.071
571427 0.07164
571475 0.0712
571487 0.07101
571499 0.07098
571511 0.07089
571535 0.07103
571547 0.07111
571559 0.07056
571571 0.07167
571607 0.07166
571619 0.07175
571631 0.07058
571643 0.07113
571655 0.07167
571667 0.07061
571691 0.07169
571727 0.07168
571763 0.07116
571775 0.07105
571835 0.07105
571859 0.07173
571895 0.07172
571919 0.07109
571931 0.07174
571943 0.07142
571955 0.07175
571979 0.07108
571991 0.07174
572003 0.06983
572039 0.071
572075 0.07164
572111 0.0714
572123 0.07163
572135 0.0714
572147 0.07179
572171 0.07102
572195 0.07125
572219 0.0716
572267 0.07127
572279 0.07136
572291 0.07158
572315 0.07158
572339 0.07028
572375 0.07121
572447 0.07175
572459 0.07172
572483 0.07154
572495 0.07173
572507 0.07048
572531 0.07152
572543 0.07078
572555 0.0717
572579 0.07087
572591 0.07171
572603 0.07134
572615 0.07069
572663 0.07169
572675 0.07123
572723 0.0709
572747 0.07165
572771 0.07091
572783 0.07166
572795 0.07138
572819 0.07163
572831 0.07128
572915 0.07057
572951 0.0712
572975 0.07134
572987 0.06997
572999 0.07105
573023 0.07133
573059 0.07139
573071 0.07159
573095 0.07134
573155 0.07134
573167 0.07081
573191 0.07136
573203 0.071
573227 0.07135
573251 0.07079
573275 0.07134
573287 0.07141
573311 0.07141
573323 0.0715
573335 0.07139
573347 0.07128
573359 0.0714
573407 0.07126
573419 0.07105
573431 0.0715
573467 0.07017
573491 0.07106
573515 0.07132
573539 0.07085
573551 0.07144
573575 0.07133
573587 0.07155
573611 0.07144
573623 0.07109
573635 0.07157
573659 0.07142
573695 0.07143
573707 0.07141
573731 0.07159
573743 0.07142
573755 0.07122
573767 0.07151
573803 0.0716
573815 0.07152
573827 0.07161
573839 0.07124
573875 0.07119
573911 0.07154
573935 0.07126
573959 0.07153
573983 0.07156
574007 0.07156
574019 0.0705
574043 0.07165
574055 0.07155
574103 0.07158
574115 0.07145
574139 0.07121
574151 0.07157
574175 0.0716
574187 0.07156
574199 0.07147
574247 0.07161
574271 0.0716
574319 0.07116
574331 0.07159
574343 0.07147
574355 0.07103
574379 0.07103
574391 0.07165
574403 0.07151
574427 0.0704
574451 0.07105
574463 0.07153
574475 0.07162
574523 0.07153
574535 0.07154
574559 0.07028
574571 0.07177
574583 0.07152
574595 0.0713
574655 0.07131
574679 0.07157
574751 0.07172
574775 0.07126
574787 0.07177
574811 0.07177
574847 0.07145
574895 0.07071
574919 0.07129
574931 0.07138
574943 0.07137
574955 0.07089
574979 0.0711
574991 0.07178
575003 0.07139
575015 0.07178
575039 0.07176
575051 0.07175
575075 0.07175
575099 0.07176
575111 0.07178
575135 0.07178
575147 0.07177
575183 0.07135
575195 0.07094
575207 0.07125
575255 0.0717
575279 0.0717
575291 0.0717
575315 0.07171
575327 0.07168
575339 0.07017
575363 0.07172
575387 0.07177
575399 0.07139
575411 0.07126
575423 0.0717
575435 0.07112
575447 0.07171
575483 0.0716
575507 0.07097
575543 0.07126
575555 0.07129
575567 0.07168
575639 0.07162
575663 0.07175
575675 0.07155
575735 0.07179
575759 0.07147
575771 0.07153
575783 0.07092
575795 0.07156
575807 0.07178
575819 0.07157
575831 0.07157
575843 0.07157
575855 0.07176
575879 0.07047
575891 0.07158
575927 0.07178
575939 0.07163
575951 0.07174
575975 0.07158
575999 0.0716
576011 0.07147
576035 0.07161
576047 0.07085
576071 0.07172
576095 0.07154
576155 0.07169
576191 0.07174
576239 0.07166
576251 0.07167
576263 0.07166
576311 0.07169
576323 0.07145
576335 0.07168
576347 0.07042
576359 0.07143
576371 0.07152
576407 0.07169
576419 0.07151
576455 0.07162
576467 0.07161
576491 0.07171
576503 0.07171
576575 0.07176
576587 0.07158
576623 0.07157
576695 0.07175
576707 0.07155
576719 0.07155
576755 0.07155
576767 0.07157
576779 0.07178
576803 0.07178
576839 0.07077
576875 0.07157
576887 0.07162
576911 0.07168
576923 0.0715
576935 0.07156
576959 0.07173
576971 0.07159
577019 0.07176
577031 0.07176
577055 0.07164
577079 0.07166
577091 0.07134
577103 0.07145
577115 0.07174
577127 0.07174
577139 0.07056
577163 0.07172
577175 0.07178
577187 0.0715
577235 0.07171
577319 0.07164
577343 0.07178
577367 0.07142
577403 0.07166
577415 0.07176
577439 0.07175
577475 0.0717
577487 0.07153
577499 0.07171
577535 0.07169
577583 0.07172
577595 0.07173
577607 0.0715
577619 0.07121
577631 0.07178
577643 0.07174
577655 0.07178
577679 0.07057
577691 0.07159
577715 0.07175
577727 0.07148
577763 0.07158
577775 0.07174
577787 0.07163
577811 0.07163
577823 0.07166
577835 0.07156
577847 0.07177
577859 0.07152
577871 0.07164
577895 0.07129
577907 0.07165
577955 0.07166
577967 0.07153
577991 0.07179
578003 0.07152
578027 0.07168
578039 0.07172
578051 0.07168
578075 0.07157
578087 0.07171
578099 0.07033
578111 0.07159
578123 0.07174
578135 0.07158
578159 0.07169
578195 0.07171
578219 0.0716
578231 0.07175
578243 0.07172
578255 0.07155
578303 0.07173
578339 0.07104
578351 0.07172
578375 0.07171
578387 0.0712
578411 0.07167
578423 0.06934
578435 0.07177
578447 0.0713
578459 0.07166
578471 0.07169
578495 0.07168
578519 0.07168
578531 0.07089
578543 0.07167
578555 0.07179
578567 0.07159
578615 0.07165
578627 0.07178
578639 0.07107
578651 0.07161
578663 0.07145
578675 0.07161
578711 0.07163
578723 0.07176
578735 0.07162
578759 0.07154
578771 0.07175
578783 0.07142
578795 0.07174
578807 0.07088
578831 0.0716
578867 0.07174
578879 0.07151
578891 0.07174
578927 0.07129
578951 0.07138
578975 0.07149
578987 0.07176
579071 0.07132
579095 0.07146
579131 0.07179
579143 0.07152
579167 0.07144
579191 0.07151
579215 0.07143
579227 0.07178
579275 0.07162
579347 0.07175
579359 0.07147
579383 0.07093
579419 0.07173
579431 0.07133
579479 0.07136
579491 0.07157
579575 0.07134
579599 0.07137
579623 0.0714
579635 0.07168
579647 0.07138
579659 0.07167
579671 0.07111
579683 0.07148
579719 0.07138
579731 0.07115
579743 0.07146
579755 0.07165
579767 0.07109
579791 0.06994
579827 0.07163
579839 0.07142
579875 0.07162
579899 0.07118
579911 0.0708
579923 0.07153
579971 0.07159
579995 0.07155
580007 0.07152
580019 0.07098
580055 0.07153
580067 0.07156
580091 0.07142
580103 0.07109
580115 0.07142
580127 0.07155
580139 0.07155
580151 0.07149
580199 0.0715
580211 0.07097
580271 0.07151
580283 0.07161
580295 0.07124
580319 0.07116
580355 0.07162
580367 0.0716
580403 0.07118
580415 0.07161
580439 0.07116
580451 0.07133
580475 0.07165
580499 0.07146
580511 0.07156
580523 0.07115
580547 0.07132
580559 0.07157
580571 0.07167
580595 0.07167
580619 0.06954
580643 0.07168
580679 0.0716
580715 0.07141
580727 0.07122
580739 0.07136
580751 0.07168
580775 0.07162
580799 0.07162
580811 0.07172
580847 0.07163
580883 0.07116
580895 0.07164
580907 0.07174
580967 0.07173
580991 0.07128
581015 0.07167
581051 0.07143
581075 0.07178
581111 0.07169
581123 0.071
581135 0.07176
581147 0.07116
581159 0.07098
581219 0.07147
581231 0.07178
581255 0.07093
581267 0.07127
581279 0.07173
581291 0.07177
581315 0.07176
581339 0.07149
581363 0.07041
581399 0.07137
581423 0.07043
581435 0.07173
581483 0.07108
581495 0.07177
581507 0.07153
581555 0.07154
581567 0.07107
581579 0.07088
581591 0.07108
581603 0.07132
581615 0.07141
581627 0.07168
581711 0.07169
581723 0.07134
581735 0.07144
581747 0.07165
581759 0.07111
581771 0.07076
581783 0.07085
581807 0.07167
581867 0.07094
581879 0.07078
581915 0.07161
581927 0.07115
581939 0.07139
581951 0.07171
581963 0.0708
581975 0.07163
581999 0.07067
582035 0.07164
582047 0.07169
582071 0.07118
582095 0.0716
582107 0.07099
582131 0.071
582155 0.07143
582179 0.07167
582191 0.0707
582275 0.07152
582287 0.07096
582311 0.07097
582323 0.07147
582335 0.07157
582347 0.07151
582359 0.07157
582383 0.0702
582395 0.07172
582407 0.0716
582431 0.07152
582443 0.06911
582467 0.07107
582479 0.0716
582491 0.07174
582503 0.07101
582515 0.07092
582539 0.07152
582575 0.07156
582599 0.0708
582611 0.07094
582635 0.07143
582659 0.07177
582671 0.07164
582683 0.07155
582707 0.07096
582743 0.07144
582755 0.07141
582779 0.07179
582803 0.07076
582815 0.07142
582827 0.07139
582839 0.07149
582863 0.07061
582875 0.07159
582923 0.07136
582935 0.07136
582947 0.07175
582995 0.07161
583043 0.07001
583055 0.07144
583079 0.07172
583091 0.07172
583103 0.07114
583115 0.07171
583151 0.07142
583163 0.07165
583175 0.07036
583199 0.07142
583211 0.0708
583223 0.07037
583235 0.07168
583247 0.07176
583259 0.07124
583283 0.07167
583295 0.07039
583319 0.07178
583343 0.07022
583355 0.07126
583379 0.07165
583415 0.0718
583439 0.07098
583451 0.07171
583463 0.07042
583475 0.07129
583487 0.07126
583547 0.07081
583559 0.07044
583571 0.0716
583583 0.07029
583607 0.07151
583643 0.07087
583667 0.07158
583679 0.07173
583703 0.07048
583715 0.07117
583751 0.07104
583775 0.07128
583787 0.07115
583799 0.0717
583811 0.07136
583823 0.07118
583835 0.07136
583871 0.07168
583895 0.07168
583907 0.07089
583931 0.07178
583967 0.07166
584039 0.0716
584075 0.07174
584087 0.07135
584123 0.07044
584147 0.07107
584159 0.07113
584171 0.07172
584195 0.07171
584219 0.07145
584231 0.0716
584255 0.07165
584267 0.06972
584291 0.0713
584327 0.0704
584351 0.07112
584363 0.07038
584375 0.07141
584423 0.07063
584435 0.07165
584459 0.0715
584483 0.07105
584495 0.0712
584507 0.07137
584543 0.07144
584567 0.07099
584579 0.07136
584591 0.07172
584651 0.07039
584675 0.07159
584687 0.07174
584711 0.07174
584735 0.07053
584747 0.07139
584783 0.07054
584807 0.07145
584819 0.07157
584855 0.07036
584867 0.07158
584915 0.07154
584939 0.0716
584975 0.07153
584987 0.07046
585011 0.07161
585035 0.07162
585047 0.0714
585059 0.07124
585083 0.07118
585095 0.07156
585143 0.07078
585155 0.07021
585191 0.07174
585203 0.07121
585227 0.07149
585239 0.07173
585275 0.07145
585287 0.0716
585299 0.07151
585311 0.06975
585323 0.07078
585335 0.07138
585359 0.07132
585371 0.07169
585395 0.07153
585407 0.07014
585419 0.07027
585431 0.07168
585455 0.07078
585479 0.07141
585491 0.07155
585515 0.07127
585539 0.07138
585575 0.07018
585599 0.07144
585623 0.07074
585647 0.07163
585659 0.07175
585683 0.07033
585695 0.07162
585707 0.0702
585719 0.0709
585731 0.0716
585767 0.0717
585827 0.07005
585875 0.07104
585887 0.07119
585923 0.07136
585935 0.07066
585947 0.07178
585971 0.07177
585983 0.07096
585995 0.07137
586007 0.07175
586031 0.07153
586043 0.06957
586055 0.07153
586127 0.07178
586151 0.07079
586163 0.07058
586175 0.07112
586199 0.07031
586223 0.07179
586235 0.07171
586247 0.07148
586259 0.07121
586271 0.07178
586283 0.07015
586307 0.07172
586331 0.07173
586343 0.07176
586355 0.07145
586391 0.07175
586415 0.07105
586427 0.07175
586451 0.07143
586475 0.07176
586487 0.07173
586511 0.07163
586523 0.07114
586559 0.07108
586583 0.07051
586607 0.07165
586619 0.07086
586643 0.07151
586715 0.07083
586727 0.07168
586739 0.07149
586751 0.07112
586763 0.07056
586799 0.07097
586823 0.07165
586835 0.07175
586847 0.0717
586859 0.07174
586895 0.07171
586907 0.07087
586931 0.07157
586955 0.07158
586967 0.06977
586991 0.07173
587003 0.06998
587015 0.07118
587027 0.0717
587039 0.07129
587075 0.0709
587099 0.07161
587159 0.07177
587171 0.07162
587183 0.07156
587207 0.07155
587231 0.07087
587243 0.07066
587255 0.07123
587279 0.07107
587291 0.0716
587315 0.07165
587339 0.07096
587351 0.07178
587363 0.07068
587375 0.07109
587399 0.0712
587423 0.07034
587435 0.07039
587471 0.07149
587507 0.0714
587543 0.07129
587567 0.07146
587591 0.06941
587615 0.07145
587627 0.07102
587639 0.07114
587651 0.07172
587663 0.07144
587675 0.07173
587723 0.06995
587735 0.07142
587759 0.07041
587795 0.07057
587819 0.07151
587831 0.07135
587843 0.07048
587879 0.07071
587903 0.07138
587915 0.0705
587939 0.07148
587951 0.07138
587975 0.07163
588023 0.07047
588035 0.07179
588047 0.07104
588059 0.07126
588071 0.07161
588107 0.07178
588143 0.07049
588155 0.07124
588179 0.07175
588203 0.07074
588251 0.07122
588275 0.07178
588287 0.07124
588299 0.07172
588323 0.06975
588335 0.0711
588407 0.07152
588431 0.07132
588455 0.07132
588467 0.0712
588479 0.07151
588527 0.07129
588539 0.07171
588551 0.07151
588563 0.07166
588575 0.07151
588599 0.07091
588659 0.07168
588671 0.07153
588695 0.07119
588707 0.07129
588719 0.07145
588731 0.07162
588791 0.0712
588851 0.07128
588863 0.07121
588887 0.07122
588899 0.07163
588971 0.07029
588983 0.07112
588995 0.07131
589007 0.07139
589019 0.07132
589031 0.07144
589067 0.07121
589091 0.07105
589115 0.07105
589151 0.07134
589175 0.07134
589199 0.07164
589211 0.07136
589223 0.07015
589235 0.07154
589247 0.07038
589283 0.07048
589295 0.07166
589307 0.07138
589319 0.06907
589343 0.07167
589355 0.07114
589367 0.07147
589379 0.07113
589403 0.07049
589427 0.0715
589475 0.07144
589487 0.07126
589499 0.07143
589511 0.07069
589535 0.07151
589559 0.07155
589571 0.07146
589595 0.07146
589619 0.07145
589631 0.07173
589655 0.07157
589667 0.07087
589679 0.07122
589691 0.07138
589703 0.07175
589715 0.07146
589727 0.07139
589739 0.07037
589775 0.07084
589799 0.07156
589823 0.07161
589835 0.07149
589871 0.07142
589907 0.07138
589931 0.07151
589943 0.07179
589967 0.07058
589979 0.07152
589991 0.07165
590003 0.07131
590015 0.07057
590039 0.07177
590051 0.07095
590063 0.07166
590075 0.07134
590087 0.07162
590111 0.07114
590147 0.07097
590159 0.07164
590195 0.07128
590231 0.07172
590291 0.071
590303 0.07171
590315 0.07128
590351 0.07049
590375 0.07169
590387 0.07089
590411 0.07126
590423 0.07168
590435 0.07069
590447 0.07121
590483 0.07119
590507 0.07104
590519 0.07008
590531 0.07118
590579 0.07164
590591 0.07177
590603 0.07137
590615 0.07124
590651 0.07138
590663 0.06954
590675 0.07166
590687 0.07175
590699 0.07081
590711 0.07161
590747 0.0708
590759 0.07178
590795 0.07079
590831 0.07178
590843 0.07111
590879 0.07179
590891 0.07143
590903 0.07156
590927 0.07165
590939 0.07076
590951 0.07174
590975 0.07109
590999 0.07133
591011 0.07174
591035 0.07174
591047 0.07176
591071 0.07171
591083 0.07105
591107 0.07109
591119 0.07151
591155 0.07067
591167 0.07173
591191 0.0717
591203 0.07149
591215 0.07171
591227 0.07178
591239 0.07167
591251 0.07066
591275 0.0712
591311 0.07082
591323 0.07121
591335 0.07169
591359 0.07169
591371 0.07098
591419 0.07102
591455 0.07072
591467 0.071
591479 0.07166
591491 0.07155
591515 0.07174
591527 0.07064
591551 0.0705
591575 0.07164
591587 0.07095
591635 0.07158
591671 0.07179
591683 0.07159
591695 0.07178
591707 0.07076
591755 0.07169
591767 0.07149
591815 0.07175
591839 0.07157
591851 0.07166
591875 0.07133
591899 0.0705
591911 0.07173
591923 0.07048
591947 0.07102
591971 0.07165
591983 0.0713
592007 0.07171
592031 0.07129
592067 0.07161
592079 0.07133
592091 0.07086
592103 0.07127
592127 0.07156
592151 0.07167
592163 0.0717
592175 0.07167
592187 0.07083
592211 0.07086
592235 0.07082
592247 0.07159
592259 0.0709
592271 0.07164
592283 0.07172
592295 0.07141
592379 0.07174
592415 0.07162
592439 0.07163
592475 0.07176
592487 0.07142
592499 0.07085
592511 0.07084
592535 0.07117
592559 0.07165
592607 0.07156
592619 0.07179
592655 0.07167
592667 0.07147
592679 0.07137
592703 0.07154
592751 0.07169
592775 0.07152
592799 0.071
592811 0.07153
592823 0.07151
592835 0.07153
592859 0.07142
592871 0.07132
592883 0.07122
592943 0.07151
592955 0.07156
592979 0.07073
593027 0.07125
593039 0.07128
593063 0.07153
593075 0.07169
593099 0.07136
593135 0.07107
593147 0.0716
593195 0.07166
593219 0.07133
593243 0.07165
593255 0.07157
593267 0.07108
593279 0.07099
593315 0.07163
593339 0.07102
593363 0.07164
593375 0.07138
593411 0.07165
593423 0.07161
593459 0.07116
593471 0.07174
593483 0.07159
593495 0.07117
593543 0.07106
593555 0.07158
593579 0.07157
593591 0.0711
593615 0.07114
593639 0.0717
593675 0.07155
593687 0.0713
593699 0.0711
593723 0.07154
593747 0.07172
593759 0.07167
593771 0.0714
593795 0.07152
593807 0.07166
593819 0.07151
593831 0.07165
593843 0.07174
593855 0.0717
593867 0.07175
593879 0.07021
593891 0.07117
593915 0.07176
593927 0.0702
593963 0.07177
593975 0.07172
594035 0.07178
594059 0.07002
594071 0.07174
594131 0.07148
594167 0.06989
594239 0.07099
594251 0.07176
594263 0.07178
594275 0.07133
594323 0.07123
594347 0.07174
594371 0.07106
594383 0.07072
594395 0.07172
594419 0.07137
594443 0.07136
594479 0.07135
594491 0.0717
594503 0.07175
594527 0.07149
594575 0.07174
594587 0.07158
594599 0.07173
594623 0.07172
594647 0.0699
594659 0.07131
594671 0.0713
594683 0.0716
594695 0.07145
594707 0.07098
594719 0.07064
594731 0.07131
594743 0.07131
594755 0.07161
594767 0.07143
594779 0.07132
594791 0.07142
594851 0.07094
594863 0.07102
594875 0.07164
594923 0.07165
594935 0.07165
594947 0.07165
594983 0.07077
594995 0.07148
595007 0.07146
595019 0.0709
595031 0.07163
595055 0.07056
595067 0.07168
595079 0.07161
595091 0.07156
595103 0.07074
595115 0.07169
595151 0.07073
595175 0.07095
595199 0.07159
595211 0.07171
595223 0.07141
595283 0.07154
595295 0.07156
595307 0.07083
595355 0.07155
595367 0.07154
595391 0.07154
595403 0.07153
595439 0.07153
595475 0.07158
595487 0.07002
595499 0.07005
595511 0.07157
595559 0.07158
595583 0.07149
595595 0.0716
595607 0.07149
595619 0.07161
595631 0.07159
595643 0.0718
595667 0.07159
595679 0.0716
595691 0.07179
595715 0.0716
595727 0.07152
595739 0.07105
595775 0.07153
595787 0.07129
595799 0.07001
595811 0.07176
595823 0.07144
595835 0.07154
595859 0.07155
595871 0.07155
595907 0.07173
595919 0.07115
595979 0.071
596003 0.07136
596051 0.0717
596063 0.07081
596087 0.07169
596099 0.07171
596111 0.07137
596171 0.07169
596195 0.07166
596207 0.07162
596255 0.07172
596303 0.07164
596315 0.07175
596339 0.07176
596375 0.07175
596411 0.07174
596435 0.07161
596447 0.07
596459 0.07178
596471 0.07167
596483 0.07122
596519 0.07127
596543 0.07169
596567 0.07169
596591 0.0717
596615 0.06957
596627 0.06978
596639 0.07179
596675 0.0718
596687 0.07097
596699 0.07173
596711 0.07172
596723 0.07154
596735 0.07017
596747 0.07153
596759 0.07121
596771 0.07152
596783 0.07121
596807 0.07056
596819 0.07153
596843 0.07176
596855 0.07175
596867 0.07175
596891 0.07152
596915 0.07174
596939 0.07156
596951 0.071
596975 0.07116
596999 0.07029
597011 0.07157
597023 0.07101
597035 0.0718
597071 0.07102
597083 0.07179
597119 0.07087
597143 0.07112
597155 0.07164
597167 0.07166
597203 0.07167
597227 0.07166
597251 0.07159
597275 0.07165
597287 0.07083
597299 0.07072
597311 0.07163
597323 0.07164
597335 0.07108
597347 0.07164
597371 0.07172
597395 0.07171
597431 0.07079
597443 0.0717
597455 0.0717
597479 0.07159
597491 0.07135
597503 0.07111
597563 0.07169
597575 0.07156
597587 0.07166
597611 0.07157
597635 0.07167
597647 0.07155
597683 0.07164
597695 0.07165
597707 0.0713
597719 0.07153
597743 0.07042
597779 0.07162
597791 0.07162
597839 0.0715
597851 0.07175
597863 0.07161
597875 0.07175
597887 0.07149
597911 0.07058
597947 0.07174
597959 0.07041
597983 0.07158
597995 0.07178
598019 0.07156
598031 0.07156
598043 0.07156
598067 0.07176
598091 0.07154
598103 0.07155
598115 0.07141
598175 0.07062
598199 0.07141
598211 0.07139
598223 0.07086
598235 0.0718
598247 0.07151
598259 0.07175
598271 0.0714
598331 0.07177
598343 0.07084
598367 0.07148
598415 0.07147
598451 0.07171
598475 0.07174
598511 0.07134
598535 0.07079
598547 0.07135
598559 0.07078
598583 0.07134
598595 0.07171
598607 0.06885
598655 0.07073
598667 0.07107
598679 0.0713
598703 0.07074
598715 0.07164
598739 0.07141
598751 0.07075
598763 0.07068
598775 0.07138
598787 0.07166
598811 0.07129
598823 0.07139
598835 0.07161
598847 0.07126
598859 0.07105
598871 0.07073
598895 0.07136
598907 0.07163
598919 0.06986
598943 0.07069
598955 0.07162
598991 0.07134
599015 0.07081
599027 0.07161
599051 0.07147
599063 0.07132
599075 0.07119
599099 0.07148
599111 0.07145
599123 0.07097
599171 0.0715
599219 0.07112
599267 0.07155
599279 0.07116
599291 0.07113
599315 0.07125
599327 0.07126
599351 0.0706
599363 0.07149
599375 0.0707
599411 0.07155
599435 0.07155
599447 0.07084
599459 0.07147
599471 0.0709
599483 0.07121
599495 0.07153
599507 0.07157
599531 0.07149
599543 0.0712
599555 0.07119
599567 0.07109
599579 0.07158
599639 0.07066
599651 0.07109
599675 0.0716
599711 0.07157
599723 0.07107
599735 0.07105
599747 0.07162
599771 0.07114
599795 0.07163
599807 0.07114
599819 0.07113
599867 0.07141
599879 0.07161
599903 0.07112
599963 0.07135
599975 0.07163
599987 0.07024
600023 0.07044
600047 0.07108
600059 0.07168
600083 0.07135
600095 0.07165
600107 0.07169
600119 0.07096
600155 0.07134
600179 0.07092
600191 0.07167
600215 0.07168
600227 0.07023
600251 0.07128
600263 0.07094
600275 0.07134
600287 0.07102
600299 0.07135
600323 0.0713
600383 0.07091
600419 0.07124
600479 0.07033
600491 0.07139
600527 0.07112
600539 0.07178
600563 0.0714
600575 0.07113
600599 0.07086
600635 0.07179
600647 0.07115
600671 0.06841
600683 0.07121
600695 0.0711
600707 0.07177
600731 0.07092
600743 0.07092
600755 0.07144
600767 0.07112
600779 0.07115
600839 0.07091
600851 0.07174
600863 0.07106
600875 0.07147
600887 0.0712
600899 0.07112
600911 0.0712
600923 0.07148
600935 0.07176
601007 0.07117
601019 0.07109
601055 0.07173
601091 0.07111
601103 0.07124
601139 0.07167
601151 0.07125
601163 0.07083
601175 0.07126
601199 0.07113
601211 0.07105
601271 0.07168
601295 0.07123
601307 0.07106
601343 0.07166
601355 0.07105
601367 0.0713
601391 0.07125
601427 0.0716
601463 0.07119
601475 0.07159
601499 0.0716
601511 0.07162
601535 0.07162
601547 0.07157
601559 0.07161
601571 0.07161
601619 0.07095
601643 0.07098
601667 0.07037
601691 0.07154
601703 0.07131
601715 0.07164
601739 0.07153
601775 0.07156
601787 0.07152
601811 0.07094
601835 0.07166
601847 0.0714
601859 0.0715
601871 0.07154
601895 0.07128
601907 0.07064
601919 0.07049
601967 0.07137
601979 0.07147
602027 0.07089
602051 0.07171
602063 0.07149
602075 0.07145
602123 0.07172
602147 0.0705
602159 0.07147
602183 0.07146
602195 0.07142
602207 0.07119
602219 0.07105
602231 0.07142
602243 0.07071
602255 0.0713
602291 0.07176
602303 0.07144
602315 0.07176
602327 0.07149
602363 0.07081
602387 0.07137
602399 0.07138
602423 0.07133
602435 0.07136
602447 0.07152
602459 0.07179
602471 0.0714
602495 0.07139
602507 0.0705
602519 0.07138
602567 0.07149
602579 0.07048
602591 0.07137
602615 0.07155
602651 0.07175
602663 0.07156
602699 0.0713
602723 0.07174
602747 0.07129
602783 0.07154
602807 0.07132
602843 0.07171
602855 0.07155
602879 0.0713
602903 0.07161
602915 0.07125
602927 0.07162
602939 0.07168
602963 0.07121
602975 0.0707
602987 0.0708
603059 0.07166
603083 0.07024
603107 0.07089
603143 0.07161
603155 0.07083
603167 0.07167
603179 0.069
603215 0.07168
603239 0.07156
603251 0.07161
603263 0.07169
603275 0.0716
603287 0.07164
603299 0.0716
603323 0.07159
603335 0.0717
603347 0.07093
603371 0.07114
603383 0.07166
603395 0.07129
603419 0.07157
603479 0.07155
603515 0.07071
603527 0.07147
603539 0.0711
603551 0.07175
603575 0.0717
603587 0.07098
603599 0.06961
603611 0.07153
603635 0.07108
603659 0.07151
603671 0.07177
603683 0.07151
603755 0.07102
603767 0.07021
603779 0.07149
603803 0.07148
603839 0.07168
603875 0.07139
603911 0.07177
603959 0.0717
603971 0.07141
603983 0.07178
603995 0.07143
604043 0.07038
604067 0.07108
604091 0.0691
604127 0.06886
604139 0.07096
604151 0.07177
604163 0.07145
604175 0.07175
604187 0.07111
604199 0.07175
604211 0.07146
604247 0.0692
604271 0.07171
604295 0.07174
604307 0.07036
604331 0.07135
604367 0.07007
604391 0.07171
604403 0.0715
604415 0.07171
604451 0.0709
604463 0.07178
604475 0.07117
604511 0.07177
604523 0.07091
604571 0.07086
604607 0.0716
604631 0.07179
604655 0.0717
604679 0.07179
604691 0.07121
604739 0.07126
604751 0.07178
604763 0.07123
604775 0.06998
604835 0.07159
604847 0.07174
604871 0.07154
604895 0.07175
604919 0.07175
604955 0.07127
604967 0.07176
604979 0.07162
604991 0.07157
605003 0.07128
605015 0.07177
605027 0.07019
605063 0.07156
605111 0.07148
605135 0.07162
605183 0.07016
605207 0.06935
605219 0.07167
605243 0.07168
605279 0.07165
605291 0.07169
605303 0.07158
605327 0.06828
605351 0.07163
605375 0.07071
605387 0.07011
605399 0.07156
605435 0.0713
605447 0.0714
605483 0.06995
605495 0.07171
605519 0.07159
605555 0.07174
605567 0.07169
605579 0.07003
605591 0.07137
605651 0.07141
605663 0.07141
605675 0.07141
605699 0.07008
605711 0.0714
605723 0.07003
605735 0.07165
605747 0.07137
605759 0.07154
605783 0.06975
605795 0.07179
605807 0.06963
605819 0.07179
605831 0.07146
605843 0.071
605891 0.07178
605903 0.07144
605915 0.07146
605939 0.07054
605951 0.07149
605963 0.07177
605975 0.0716
605999 0.07148
606023 0.07148
606035 0.07149
606071 0.07157
606095 0.07131
606107 0.07144
606143 0.07139
606155 0.07151
606167 0.07155
606179 0.07145
606191 0.07138
606203 0.07126
606215 0.07154
606239 0.07153
606263 0.07142
606275 0.07147
606347 0.07155
606371 0.07129
606395 0.07166
606407 0.07124
606419 0.07086
606431 0.07142
606467 0.07042
606479 0.07148
606491 0.07164
606515 0.07132
606551 0.0712
606563 0.07162
606575 0.07128
606599 0.07145
606611 0.07161
606647 0.06955
606671 0.07143
606683 0.07162
606695 0.07147
606707 0.07026
606719 0.07125
606767 0.07109
606779 0.07034
606815 0.07129
606875 0.07076
606887 0.07113
606911 0.07138
606923 0.07154
606935 0.07152
606947 0.07141
606995 0.07162
607019 0.07152
607031 0.07154
607055 0.07134
607079 0.07134
607115 0.07037
607175 0.0712
607187 0.07172
607223 0.07119
607247 0.07104
607283 0.07174
607295 0.07118
607355 0.07176
607367 0.06953
607379 0.07143
607391 0.07126
607415 0.07109
607427 0.07171
607439 0.07162
607463 0.06981
607475 0.07172
607487 0.07092
607499 0.07172
607511 0.07124
607523 0.07046
607547 0.06925
607559 0.07021
607571 0.07016
607595 0.07178
607607 0.07096
607631 0.07166
607679 0.07167
607715 0.07175
607787 0.07178
607799 0.0717
607811 0.07173
607835 0.07132
607847 0.06989
607871 0.0709
607907 0.07045
607919 0.07114
607943 0.07173
607979 0.07129
608003 0.07055
608015 0.07101
608039 0.07111
608051 0.07164
608063 0.07175
608075 0.07127
608111 0.0711
608135 0.07176
608159 0.07177
608171 0.07172
608183 0.07091
608195 0.07167
608219 0.0706
608231 0.07107
608255 0.07106
608267 0.06952
608279 0.07089
608291 0.07169
608315 0.07169
608327 0.06973
608351 0.07093
608363 0.0712
608375 0.07178
608387 0.07171
608399 0.07092
608447 0.07102
608495 0.07175
608507 0.07157
608531 0.07063
608567 0.07099
608579 0.07162
608603 0.06933
608627 0.07175
608639 0.07087
608651 0.07161
608675 0.07069
608687 0.07006
608711 0.07095
608723 0.0707
608735 0.07095
608747 0.07178
608771 0.07178
608795 0.07179
608807 0.06895
608855 0.07166
608879 0.07092
608891 0.07108
608915 0.07155
608927 0.0709
608939 0.07107
608963 0.07075
608975 0.07163
609011 0.07152
609023 0.07071
609035 0.07175
609059 0.07104
609083 0.07077
609095 0.07061
609119 0.0716
609131 0.07078
609155 0.07172
609167 0.07059
609203 0.071
609251 0.07099
609263 0.07066
609275 0.07078
609299 0.07145
609311 0.071
609323 0.07098
609347 0.07137
609371 0.07167
609383 0.07154
609419 0.06915
609455 0.07078
609515 0.0714
609539 0.07014
609551 0.07065
609563 0.07132
609575 0.07149
609587 0.07079
609611 0.0698
609623 0.07057
609635 0.07161
609647 0.06917
609659 0.07089
609671 0.07073
609695 0.07147
609719 0.07146
609731 0.07128
609767 0.07071
609791 0.0707
609827 0.07156
609839 0.07143
609863 0.07052
609875 0.07132
609899 0.07094
609959 0.07114
609971 0.07153
609983 0.0714
609995 0.07129
610007 0.07007
610067 0.06876
610079 0.07138
610091 0.0715
610103 0.07035
610115 0.07126
610127 0.07035
610139 0.07126
610151 0.07036
610175 0.07135
610211 0.07097
610223 0.07119
610235 0.07147
610247 0.0706
610259 0.07123
610295 0.07013
610319 0.07132
610343 0.07131
610355 0.06995
610367 0.07032
610379 0.07104
610415 0.07123
610451 0.07142
610463 0.07129
610475 0.07111
610487 0.07023
610499 0.07106
610535 0.07044
610571 0.07139
610595 0.07138
610607 0.07026
610643 0.07137
610679 0.06949
610691 0.0711
610715 0.07135
610727 0.07049
610751 0.07037
610775 0.0713
610811 0.06989
610871 0.07119
610883 0.07106
610895 0.07034
610907 0.07112
610931 0.07112
610979 0.07106
610991 0.07116
611003 0.07098
611039 0.07115
611087 0.07055
611099 0.07056
611123 0.07126
611135 0.07138
611159 0.07028
611171 0.07125
611183 0.07139
611195 0.07121
611231 0.07111
611243 0.07123
611267 0.07119
611291 0.07122
611303 0.07019
611327 0.06888
611339 0.06998
611351 0.07108
611363 0.0709
611375 0.07107
611387 0.0712
611399 0.07143
611423 0.07106
611435 0.07119
611471 0.07032
611507 0.07117
611519 0.0702
611555 0.07128
611579 0.0702
611591 0.07065
611627 0.07126
611651 0.07091
611687 0.07067
611711 0.071
611723 0.06879
611747 0.07129
611759 0.07025
611771 0.07041
611783 0.07151
611795 0.07124
611807 0.06898
611819 0.07133
611855 0.07152
611867 0.07126
611891 0.07132
611915 0.07135
611975 0.07155
611987 0.07133
612035 0.07082
612047 0.06832
612059 0.07034
612095 0.07076
612119 0.07158
612143 0.07077
612155 0.07137
612167 0.06743
612191 0.07159
612203 0.07141
612227 0.07077
612239 0.07087
612251 0.07018
612275 0.07142
612287 0.07079
612335 0.07162
612347 0.07141
612359 0.07163
612395 0.07145
612419 0.07145
612431 0.07083
612455 0.07164
612467 0.07143
612479 0.07165
612503 0.07081
612527 0.07084
612539 0.07148
612551 0.0708
612575 0.0708
612587 0.0714
612623 0.07168
612659 0.07026
612683 0.07151
612695 0.07088
612743 0.0717
612755 0.07152
612767 0.07002
612779 0.07153
612815 0.07064
612827 0.07151
612839 0.07073
612851 0.07151
612875 0.07155
612935 0.07093
612959 0.06921
613019 0.07158
613043 0.07158
613067 0.0715
613079 0.06995
613091 0.07159
613103 0.07178
613115 0.07156
613127 0.07097
613139 0.07056
613151 0.07179
613175 0.06988
613187 0.07078
613211 0.07161
613223 0.07065
613235 0.07159
613259 0.07054
613271 0.07178
613283 0.0716
613295 0.07074
613307 0.07045
613319 0.07177
613331 0.07055
613343 0.07176
613355 0.07156
613379 0.0704
613391 0.06988
613415 0.07175
613475 0.07071
613511 0.07172
613535 0.07172
613547 0.07044
613571 0.07169
613583 0.06967
613619 0.0717
613631 0.0717
613643 0.07167
613655 0.07169
613679 0.06936
613703 0.07168
613727 0.07109
613739 0.07172
613751 0.06979
613775 0.07001
613787 0.06952
613799 0.06783
613823 0.06967
613835 0.07174
613847 0.07111
613859 0.0704
613871 0.07112
613895 0.06951
613919 0.07049
613931 0.07176
613955 0.07177
613979 0.07069
613991 0.07161
614003 0.07174
614015 0.06942
614027 0.07175
614039 0.06973
614075 0.07179
614087 0.06972
614099 0.07071
614111 0.07007
614123 0.07179
614159 0.07157
614171 0.07072
614231 0.07119
614243 0.07174
614255 0.07093
614315 0.07175
614327 0.07121
614351 0.07121
614363 0.07174
614375 0.07013
614399 0.07038
614423 0.06953
614447 0.07097
614459 0.07063
614471 0.0715
614495 0.07124
614555 0.07179
614567 0.06961
614591 0.071
614603 0.07178
614615 0.07147
614651 0.07171
614663 0.07128
614675 0.07067
614699 0.07083
614711 0.07144
614735 0.07103
614747 0.07174
614771 0.07174
614783 0.07143
614795 0.07068
614807 0.07105
614819 0.06977
614879 0.06943
614891 0.07161
614903 0.06928
614915 0.07088
614951 0.07139
614975 0.07134
614987 0.07014
614999 0.06942
615023 0.07137
615059 0.07075
615071 0.07136
615095 0.0711
615119 0.07135
615143 0.07137
615179 0.07093
615191 0.07138
615203 0.07158
615215 0.07139
615227 0.07163
615239 0.07018
615251 0.07153
615287 0.0714
615311 0.06948
615335 0.07141
615347 0.07154
615359 0.06673
615383 0.07142
615395 0.07159
615443 0.07158
615467 0.07158
615503 0.07145
615515 0.0715
615527 0.07145
615551 0.07011
615575 0.07146
615611 0.07148
615647 0.07039
615659 0.07103
615683 0.07147
615695 0.06905
615707 0.07146
615755 0.07089
615779 0.07088
615791 0.07124
615803 0.0715
615815 0.07151
615851 0.06998
615875 0.07142
615899 0.07138
615911 0.07003
615923 0.07137
615935 0.07127
615947 0.07093
615959 0.06919
615983 0.07128
615995 0.07145
616019 0.0711
616043 0.07135
616055 0.07047
616067 0.07111
616091 0.07143
616115 0.07143
616127 0.07131
616151 0.07111
616163 0.0701
616175 0.07132
616187 0.07113
616199 0.0711
616247 0.07051
616271 0.06988
616319 0.06969
616331 0.07131
616343 0.07162
616355 0.07127
616379 0.07117
616403 0.07101
616415 0.07137
616427 0.07129
616475 0.07103
616487 0.07165
616511 0.07103
616559 0.06988
616571 0.07122
616595 0.07106
616619 0.07122
616631 0.07141
616655 0.07168
616667 0.0701
616691 0.07123
616715 0.07107
616727 0.07169
616739 0.07109
616751 0.07061
616775 0.07097
616811 0.07126
616823 0.07171
616835 0.0712
616847 0.07063
616859 0.07127
616907 0.07128
616919 0.07001
616931 0.07118
616955 0.07123
616979 0.07114
617015 0.07066
617063 0.07176
617075 0.07131
617099 0.0711
617123 0.07119
617159 0.06986
617207 0.06871
617219 0.07118
617255 0.07179
617267 0.07119
617279 0.06889
617291 0.07119
617303 0.07155
617315 0.07109
617351 0.07177
617375 0.07176
617399 0.07082
617423 0.07157
617435 0.07138
617459 0.07122
617483 0.07111
617507 0.0711
617519 0.0708
617555 0.07109
617567 0.06893
617603 0.07108
617615 0.07077
617627 0.07142
617663 0.07162
617675 0.06984
617711 0.07169
617747 0.07145
617771 0.07145
617783 0.07074
617807 0.07166
617831 0.07072
617855 0.07166
617867 0.07147
617903 0.07084
617927 0.07085
617939 0.07149
617975 0.07169
617987 0.07134
617999 0.07003
618011 0.07133
618035 0.0715
618047 0.07087
618071 0.0716
618143 0.07065
618179 0.07045
618191 0.07064
618203 0.07085
618215 0.07157
618239 0.0695
618251 0.07138
618263 0.06853
618275 0.07093
618371 0.07081
618395 0.07158
618419 0.07158
618431 0.06858
618443 0.07089
618455 0.07032
618467 0.07144
618479 0.07033
618491 0.07144
618515 0.07144
618527 0.07097
618539 0.07161
618551 0.07149
618575 0.07055
618611 0.07079
618623 0.07177
618647 0.07147
618659 0.07147
618695 0.07146
618743 0.07145
618755 0.07165
618767 0.07144
618803 0.07149
618815 0.07173
618827 0.0708
618839 0.07049
618851 0.07167
618863 0.07142
618875 0.07073
618887 0.06811
618899 0.07152
618911 0.07171
618923 0.07152
618983 0.07169
618995 0.07076
619031 0.06933
619043 0.07058
619091 0.07064
619103 0.07108
619115 0.07172
619127 0.07046
619151 0.07165
619163 0.07066
619175 0.0711
619199 0.07047
619211 0.07159
619235 0.07158
619259 0.07175
619271 0.07132
619295 0.07162
619343 0.07161
619355 0.07177
619367 0.0716
619379 0.07069
619403 0.07068
619415 0.07159
619427 0.07178
619439 0.07032
619463 0.07158
619475 0.07164
619487 0.07128
619499 0.07163
619535 0.07126
619547 0.07058
619559 0.07055
619571 0.07073
619619 0.07167
619631 0.07031
619667 0.07071
619679 0.07036
619691 0.07175
619703 0.07123
619715 0.07169
619727 0.06707
619751 0.07038
619775 0.07122
619799 0.07059
619823 0.0712
619835 0.07051
619859 0.07171
619883 0.0705
619919 0.07025
619931 0.07079
619943 0.07147
619955 0.07174
619991 0.07146
620015 0.07127
620027 0.07056
620039 0.07044
620063 0.07114
620075 0.07175
620135 0.07142
620195 0.07177
620207 0.07111
620219 0.07179
620231 0.07131
620255 0.0714
620267 0.07179
620279 0.07048
620291 0.07179
620315 0.0716
620327 0.07133
620339 0.07036
620375 0.07071
620399 0.06902
620423 0.07136
620447 0.07105
620459 0.07091
620471 0.07073
620483 0.0709
620495 0.07053
620543 0.07137
620555 0.07093
620591 0.07138
620651 0.07094
620675 0.0717
620687 0.0713
620699 0.07171
620711 0.07099
620723 0.07092
620747 0.07168
620795 0.07168
620819 0.07168
620843 0.07097
620867 0.07148
620879 0.07081
620903 0.07144
620939 0.07164
620951 0.07062
620963 0.07165
620975 0.07083
620987 0.07086
621011 0.07098
621023 0.07092
621035 0.07144
621071 0.07148
621095 0.06998
621107 0.0716
621119 0.07065
621131 0.07161
621167 0.0715
621179 0.0709
621191 0.07067
621215 0.07151
621263 0.07152
621275 0.07138
621287 0.07152
621299 0.07138
621311 0.07115
621323 0.07058
621335 0.07153
621383 0.07154
621395 0.07153
621407 0.07084
621479 0.07093
621503 0.07081
621539 0.07087
621563 0.07062
621575 0.06987
621587 0.07149
621623 0.07108
621635 0.07149
621683 0.07148
621731 0.07128
621743 0.06872
621767 0.06748
621791 0.07162
621803 0.07117
621827 0.07068
621839 0.0708
621875 0.07144
621887 0.07164
621899 0.07118
621911 0.07165
621935 0.07101
621947 0.07141
621995 0.07106
622007 0.07166
622031 0.06875
622055 0.07167
622079 0.06876
622115 0.07138
622127 0.06768
622139 0.07138
622163 0.07059
622199 0.07107
622211 0.07126
622223 0.07171
622271 0.07088
622283 0.07126
622319 0.0688
622343 0.07173
622379 0.07129
622391 0.07091
622403 0.07129
622439 0.06968
622451 0.0713
622463 0.06761
622475 0.07129
622487 0.07093
622511 0.07177
622523 0.07128
622535 0.07177
622583 0.07178
622595 0.07132
622631 0.07116
622643 0.07126
622655 0.06887
622667 0.07131
622679 0.07117
622691 0.07125
622727 0.07178
622775 0.07177
622787 0.07122
622799 0.07119
622823 0.0696
622847 0.0712
622859 0.07138
622871 0.06781
622883 0.06988
622895 0.06871
622931 0.0714
622955 0.07141
622991 0.07123
623015 0.07103
623027 0.07138
623039 0.06895
623075 0.07142
623087 0.06742
623099 0.07143
623111 0.07105
623123 0.07143
623135 0.06786
623159 0.07106
623183 0.07043
623195 0.07141
623231 0.07167
623243 0.07145
623255 0.07129
623267 0.07147
623315 0.07144
623375 0.07131
623411 0.07149
623435 0.07124
623447 0.07162
623459 0.07135
623471 0.07133
623507 0.07126
623555 0.07153
623567 0.07064
623579 0.07153
623603 0.07152
623615 0.06906
623627 0.07154
623639 0.07136
623663 0.06735
623675 0.07154
623687 0.07137
623735 0.07155
623747 0.07156
623783 0.07154
623807 0.0714
623819 0.07158
623831 0.0712
623903 0.07056
623927 0.07151
623939 0.07145
623951 0.07122
623975 0.07143
623987 0.07146
623999 0.07143
624011 0.07162
624023 0.07148
624035 0.07161
624059 0.06963
624083 0.07128
624131 0.07163
624143 0.07146
624167 0.07147
624179 0.0715
624227 0.0714
624239 0.07148
624263 0.06927
624275 0.07167
624287 0.07129
624335 0.07047
624359 0.06921
624371 0.07165
624383 0.07016
624395 0.07144
624407 0.0714
624431 0.07152
624455 0.07139
624515 0.07171
624527 0.07154
624551 0.07134
624587 0.07173
624611 0.07173
624623 0.07135
624635 0.07174
624647 0.07136
624671 0.07157
624695 0.07157
624743 0.07037
624767 0.06929
624815 0.07006
624863 0.0691
624875 0.07175
624923 0.07179
624947 0.07165
624959 0.06933
624971 0.07178
624995 0.07179
625019 0.07003
625043 0.0694
625055 0.07164
625067 0.07179
625079 0.06914
625115 0.07175
625139 0.07176
625151 0.07146
625163 0.07179
625175 0.07146
625211 0.07178
625223 0.07121
625235 0.0716
625247 0.07168
625259 0.07171
625271 0.06918
625295 0.07025
625331 0.07172
625355 0.0717
625379 0.0717
625391 0.07171
625415 0.07022
625439 0.06901
625463 0.07116
625475 0.07175
625487 0.07173
625499 0.07166
625511 0.06737
625523 0.07167
625559 0.06899
625583 0.07019
625607 0.07175
625619 0.06994
625679 0.07156
625691 0.07163
625715 0.07179
625727 0.07157
625739 0.07056
625775 0.07179
625787 0.07171
625799 0.07159
625835 0.07019
625847 0.07013
625859 0.07176
625895 0.07106
625907 0.0696
625931 0.07165
625955 0.07175
625967 0.07162
625991 0.06833
626003 0.07166
626015 0.07163
626027 0.07172
626075 0.07152
626087 0.07173
626099 0.07177
626135 0.06977
626171 0.0717
626183 0.06751
626195 0.07027
626231 0.07098
626243 0.07156
626255 0.07168
626267 0.07178
626279 0.06959
626291 0.07157
626303 0.07002
626315 0.07173
626399 0.07171
626411 0.0704
626423 0.06971
626447 0.06963
626459 0.07038
626471 0.06963
626483 0.07176
626531 0.07161
626579 0.07037
626603 0.07148
626615 0.06945
626639 0.06967
626651 0.07158
626675 0.07164
626699 0.0714
626735 0.06993
626759 0.06969
626795 0.07018
626807 0.07085
626819 0.07136
626831 0.07085
626843 0.07168
626867 0.07165
626891 0.07164
626939 0.07135
626951 0.07154
626975 0.07081
626999 0.06863
627011 0.07136
627023 0.06986
627047 0.06957
627095 0.0715
627143 0.06984
627167 0.07172
627203 0.07159
627215 0.07076
627239 0.07147
627263 0.06958
627275 0.07155
627287 0.07146
627311 0.06951
627323 0.07165
627335 0.07145
627347 0.07164
627359 0.07144
627371 0.07141
627395 0.07128
627443 0.0718
627467 0.07179
627503 0.07069
627515 0.0715
627527 0.06874
627539 0.07149
627551 0.06874
627563 0.07159
627575 0.07163
627587 0.07119
627647 0.07161
627671 0.07137
627707 0.07174
627719 0.0716
627731 0.07155
627743 0.07064
627779 0.07132
627815 0.07158
627827 0.07172
627839 0.07157
627851 0.0717
627863 0.06968
627899 0.07141
627923 0.07169
627935 0.06992
627971 0.07115
627983 0.07059
627995 0.07167
628007 0.0713
628019 0.07138
628031 0.06994
628055 0.06884
628103 0.06974
628115 0.07164
628151 0.0715
628163 0.06743
628175 0.07149
628187 0.07163
628199 0.07149
628211 0.07179
628235 0.07144
628247 0.06999
628259 0.07103
628283 0.07178
628307 0.07132
628343 0.06799
628355 0.07177
628367 0.07122
628439 0.0712
628463 0.07048
628475 0.07174
628511 0.06953
628523 0.07137
628559 0.06803
628571 0.07098
628595 0.07153
628607 0.0714
628619 0.07125
628631 0.07044
628643 0.07099
628667 0.07134
628703 0.06986
628727 0.07008
628739 0.0711
628751 0.07136
628763 0.0715
628835 0.07166
628847 0.07134
628859 0.07119
628883 0.07147
628907 0.07106
628919 0.07133
628931 0.07128
628967 0.07108
628991 0.06893
629027 0.07144
629039 0.07106
629063 0.07034
629075 0.07125
629087 0.07034
629099 0.07084
629111 0.0694
629159 0.07127
629183 0.06939
629207 0.07103
629219 0.07111
629231 0.07102
629255 0.06997
629327 0.07028
629375 0.07021
629387 0.07153
629399 0.07021
629423 0.07001
629447 0.07121
629459 0.07076
629471 0.07023
629507 0.07075
629519 0.07119
629531 0.07115
629543 0.07003
629579 0.07073
629603 0.07113
629615 0.07117
629627 0.07112
629639 0.07026
629675 0.07096
629699 0.07096
629759 0.06908
629771 0.07099
629783 0.07018
629831 0.0703
629855 0.06896
629867 0.07099
629879 0.07087
629915 0.07141
629951 0.07015
629975 0.07012
629999 0.06808
630011 0.07104
630035 0.07082
630047 0.06923
630059 0.07092
630071 0.07106
630083 0.07137
630131 0.07105
630143 0.07015
630179 0.07085
630191 0.07009
630215 0.06836
630239 0.06927
630251 0.07134
630275 0.07098
630287 0.07078
630323 0.07132
630347 0.07131
630407 0.07099
630419 0.07072
630443 0.07112
630455 0.07042
630479 0.07074
630491 0.07111
630503 0.07002
630515 0.07092
630527 0.07073
630539 0.07081
630551 0.07072
630563 0.07126
630575 0.07095
630599 0.07095
630611 0.07057
630647 0.07046
630671 0.06936
630683 0.07116
630695 0.06998
630707 0.07123
630731 0.07123
630743 0.06797
630767 0.07091
630779 0.06925
630815 0.07066
630875 0.07119
630887 0.07088
630923 0.07121
630935 0.07052
630947 0.0712
630959 0.07086
630971 0.071
630983 0.06918
631019 0.07122
631031 0.07085
631067 0.07123
631079 0.0706
631091 0.07124
631127 0.06935
631163 0.07095
631175 0.07056
631199 0.06855
631235 0.07111
631283 0.07093
631331 0.07052
631343 0.06925
631403 0.07108
631415 0.07053
631439 0.0704
631451 0.07131
631475 0.07132
631499 0.07131
631511 0.07074
631523 0.07105
631547 0.07112
631571 0.07086
631595 0.07134
631607 0.06944
631631 0.07048
631655 0.07048
631691 0.07115
631703 0.06883
631715 0.07043
631727 0.07069
631763 0.07137
631775 0.07068
631787 0.07137
631799 0.06948
631811 0.07081
631823 0.07048
631835 0.07081
631871 0.07066
631883 0.0714
631895 0.07066
631907 0.07139
631919 0.07042
631955 0.0712
632003 0.07077
632015 0.06962
632039 0.06963
632063 0.06823
632111 0.07075
632135 0.0706
632159 0.07036
632171 0.07084
632183 0.06837
632195 0.07146
632207 0.06966
632219 0.07145
632255 0.07057
632279 0.07057
632291 0.07148
632303 0.06962
632315 0.07147
632339 0.07041
632375 0.07055
632387 0.07128
632399 0.07054
632507 0.0709
632519 0.06962
632531 0.07131
632543 0.06877
632555 0.07153
632567 0.07084
632579 0.07152
632603 0.07011
632615 0.07064
632639 0.07085
632651 0.07093
632663 0.06951
632675 0.07061
632687 0.07086
632711 0.07047
632723 0.07156
632771 0.07077
632795 0.07158
632855 0.07068
632867 0.07018
632879 0.06884
632891 0.0716
632903 0.06889
632927 0.07019
632951 0.07019
632963 0.07161
632975 0.07041
633011 0.07161
633035 0.07071
633047 0.0704
633071 0.07094
633083 0.0707
633095 0.07094
633107 0.07024
633119 0.07095
633131 0.07107
633143 0.07074
633167 0.0687
633191 0.07075
633203 0.07166
633215 0.06895
633227 0.07165
633239 0.07097
633251 0.07109
633275 0.07066
633299 0.07146
633323 0.07047
633335 0.07078
633347 0.07169
633395 0.07168
633419 0.07112
633431 0.07031
633443 0.0717
633479 0.0703
633491 0.0715
633527 0.07103
633539 0.0694
633551 0.06935
633563 0.07115
633575 0.07083
633587 0.07111
633635 0.07174
633647 0.06994
633659 0.07174
633671 0.07106
633683 0.07175
633707 0.07175
633719 0.07002
633743 0.07086
633779 0.0708
633827 0.06946
633839 0.07109
633851 0.07178
633863 0.06975
633875 0.07179
633887 0.06989
633899 0.07178
633911 0.07089
633935 0.07111
633947 0.07159
633983 0.06907
633995 0.07004
634019 0.0712
634043 0.07177
634055 0.06994
634067 0.07177
634151 0.06994
634163 0.07174
634175 0.07094
634235 0.07172
634259 0.07173
634271 0.07096
634283 0.07171
634355 0.07167
634379 0.07168
634391 0.06985
634403 0.0704
634415 0.0701
634427 0.07128
634439 0.07121
634451 0.07128
634463 0.0692
634475 0.07021
634535 0.07123
634547 0.07171
634571 0.07171
634583 0.07102
634595 0.07165
634607 0.07124
634619 0.07172
634631 0.07124
634655 0.07004
634691 0.06989
634751 0.07016
634763 0.06963
634787 0.07175
634811 0.07176
634823 0.06924
634847 0.07129
634895 0.06976
634907 0.07137
634919 0.06998
634931 0.07036
634955 0.07028
634967 0.0702
635015 0.07132
635027 0.07179
635063 0.06882
635075 0.07178
635111 0.07113
635123 0.06952
635135 0.07113
635159 0.0697
635171 0.07152
635183 0.06896
635195 0.07152
635219 0.07148
635231 0.07016
635303 0.07003
635315 0.07145
635327 0.07138
635375 0.07028
635399 0.07029
635411 0.07151
635435 0.07152
635447 0.0702
635459 0.06987
635531 0.07154
635543 0.07008
635555 0.07167
635579 0.07151
635627 0.07151
635651 0.07165
635663 0.06938
635675 0.07164
635687 0.07145
635699 0.07153
635759 0.07147
635771 0.07154
635783 0.07126
635795 0.06993
635807 0.07147
635819 0.06688
635843 0.07136
635855 0.07014
635903 0.07015
635915 0.07161
635951 0.0715
635963 0.06964
635975 0.0703
635987 0.07159
635999 0.0713
636047 0.07042
636083 0.07059
636143 0.06953
636155 0.07166
636167 0.07154
636179 0.07153
636191 0.07155
636203 0.07167
636215 0.07155
636239 0.06926
636251 0.07164
636275 0.07128
636299 0.07165
636323 0.07125
636347 0.07149
636371 0.0717
636395 0.07124
636431 0.0716
636467 0.07168
636491 0.07146
636503 0.06915
636515 0.07173
636527 0.06931
636551 0.07041
636575 0.07052
636587 0.07135
636599 0.06962
636611 0.07171
636623 0.07029
636635 0.07171
636647 0.07164
636659 0.07001
636671 0.07143
636683 0.07117
636695 0.07165
636707 0.07118
636755 0.07178
636767 0.06958
636779 0.07178
636791 0.07167
636803 0.07013
636827 0.0714
636875 0.07176
636887 0.07034
636899 0.07179
636935 0.07148
636959 0.07049
636971 0.07007
637007 0.0706
637019 0.07176
637031 0.07171
637043 0.07176
637055 0.07172
637091 0.07174
637103 0.06904
637127 0.06857
637151 0.07153
637175 0.07174
637223 0.06971
637295 0.07177
637307 0.07174
637331 0.07083
637343 0.06926
637355 0.07168
637367 0.07178
637391 0.06977
637439 0.06973
637451 0.07171
637475 0.0717
637487 0.07179
637511 0.0706
637523 0.07099
637547 0.07122
637571 0.07122
637583 0.07048
637595 0.07098
637631 0.07176
637643 0.06927
637655 0.07175
637667 0.07021
637715 0.07165
637739 0.07091
637775 0.0698
637799 0.07165
637811 0.07092
637823 0.07166
637835 0.07159
637859 0.07162
637871 0.07167
637907 0.06963
637919 0.07078
637931 0.07095
637967 0.07168
637979 0.07162
637991 0.07169
638015 0.06986
638027 0.07163
638039 0.07166
638075 0.07152
638087 0.06967
638099 0.0711
638111 0.06941
638135 0.07172
638183 0.06988
638195 0.071
638207 0.07074
638219 0.07167
638231 0.07162
638255 0.06965
638267 0.07083
638279 0.06966
638291 0.07168
638363 0.06694
638375 0.07077
638399 0.07177
638411 0.07145
638435 0.07144
638447 0.07088
638471 0.07178
638483 0.06943
638495 0.07065
638507 0.07147
638519 0.07156
638543 0.0718
638579 0.06948
638591 0.07091
638615 0.06996
638639 0.07082
638675 0.07109
638687 0.07152
638711 0.07151
638723 0.0711
638747 0.07096
638759 0.07085
638795 0.07071
638831 0.07173
638843 0.07135
638879 0.07001
638903 0.07171
638915 0.07134
638927 0.07074
638963 0.07132
638975 0.07075
638987 0.07177
639023 0.07169
639047 0.0709
639059 0.07176
639071 0.07101
639119 0.07142
639131 0.06929
639155 0.07087
639179 0.07173
639191 0.07165
639203 0.07127
639227 0.07085
639239 0.0714
639251 0.07084
639275 0.0713
639287 0.07105
639323 0.07029
639347 0.07169
639359 0.07096
639395 0.07127
639407 0.07083
639431 0.07108
639443 0.07064
639455 0.07135
639467 0.07061
639479 0.07134
639503 0.07015
639515 0.07056
639527 0.07099
639539 0.07126
639551 0.07014
639575 0.07132
639623 0.07155
639635 0.07117
639659 0.07122
639695 0.07154
639767 0.07
639791 0.07019
639803 0.07131
639815 0.07115
639827 0.07158
639863 0.07092
639875 0.07157
639887 0.07125
639923 0.06974
639935 0.07117
639947 0.0707
639995 0.07114
640091 0.07107
640103 0.0703
640175 0.07119
640187 0.0711
640211 0.07139
640271 0.07124
640283 0.07141
640295 0.07124
640319 0.07034
640331 0.07082
640343 0.07139
640355 0.07101
640367 0.07116
640379 0.07106
640391 0.07138
640403 0.071
640415 0.07138
640427 0.0708
640439 0.07117
640475 0.07144
640487 0.07112
640511 0.07119
640523 0.07098
640535 0.07129
640547 0.07142
640559 0.0711
640571 0.07146
640619 0.07141
640643 0.07148
640715 0.07098
640739 0.07098
640751 0.07043
640775 0.07124
640799 0.07129
640811 0.07136
640835 0.07136
640871 0.07136
640895 0.07127
640931 0.07153
640955 0.07154
640979 0.07094
641003 0.07095
641027 0.07132
641075 0.0713
641087 0.07099
641099 0.07093
641111 0.0713
641123 0.07084
641135 0.07122
641147 0.07129
641159 0.07141
641171 0.07098
641183 0.07121
641207 0.07132
641219 0.07127
641231 0.07133
641243 0.07099
641255 0.07119
641267 0.07096
641291 0.07126
641315 0.07101
641339 0.07125
641351 0.07145
641363 0.07162
641375 0.07116
641423 0.07115
641447 0.07123
641495 0.07114
641507 0.07081
641543 0.07125
641567 0.07139
641591 0.0714
641603 0.07074
641615 0.07126
641627 0.07078
641651 0.07118
641663 0.07023
641675 0.07117
641687 0.07085
641699 0.07168
641723 0.07169
641759 0.07153
641783 0.07018
641795 0.07114
641831 0.07154
641855 0.07155
641879 0.07155
641903 0.07132
641915 0.07112
641927 0.07132
641939 0.07104
641951 0.07063
641975 0.07079
641987 0.0711
641999 0.07147
642023 0.0697
642035 0.07115
642095 0.07159
642107 0.07112
642119 0.0716
642143 0.0707
642167 0.07041
642179 0.07114
642191 0.07098
642215 0.07162
642239 0.07073
642251 0.0711
642263 0.07069
642287 0.06816
642311 0.07096
642383 0.07141
642395 0.07177
642431 0.07142
642443 0.0709
642455 0.07156
642479 0.07167
642491 0.0712
642515 0.07091
642539 0.07174
642551 0.07168
642575 0.07073
642599 0.07169
642611 0.07172
642635 0.07172
642647 0.07012
642659 0.07171
642671 0.07147
642695 0.07147
642719 0.07161
642731 0.0717
642743 0.07086
642767 0.07162
642803 0.07168
642827 0.07097
642839 0.07164
642875 0.07167
642911 0.07079
642923 0.07165
642935 0.07176
642959 0.07062
642971 0.07129
643007 0.07177
643055 0.07178
643067 0.07126
643079 0.07059
643091 0.07126
643103 0.07155
643115 0.07161
643127 0.07179
643139 0.07161
643151 0.07089
643163 0.0716
643175 0.0717
643211 0.07083
643235 0.07159
643259 0.07158
643271 0.07177
643283 0.07037
643307 0.07101
643319 0.07176
643331 0.07156
643343 0.07093
643355 0.07136
643367 0.07174
643379 0.07155
643391 0.0716
643427 0.06993
643451 0.07154
643475 0.07134
643499 0.07153
643511 0.07177
643535 0.07171
643559 0.07178
643571 0.07151
643595 0.07145
643607 0.07165
643631 0.07169
643655 0.07168
643679 0.07179
643715 0.07114
643739 0.07147
643775 0.07177
643787 0.0714
643811 0.0714
643823 0.07062
643871 0.07175
643895 0.07174
643931 0.07147
643943 0.07104
643955 0.07148
643967 0.07173
644003 0.06784
644027 0.06832
644075 0.07154
644087 0.07174
644099 0.07155
644135 0.07175
644171 0.07156
644183 0.07104
644195 0.07153
644207 0.07176
644219 0.07137
644243 0.07157
644255 0.07073
644279 0.07166
644315 0.07159
644339 0.07155
644351 0.07179
644375 0.07164
644387 0.07151
644399 0.07113
644423 0.07179
644435 0.07132
644459 0.07158
644471 0.07178
644495 0.07048
644543 0.07176
644555 0.07163
644567 0.07159
644579 0.07164
644591 0.07159
644627 0.07132
644639 0.07146
644651 0.07161
644663 0.07118
644675 0.07166
644699 0.07166
644723 0.06941
644735 0.0712
644759 0.07155
644771 0.07168
644807 0.07118
644819 0.07169
644831 0.07142
644879 0.07153
644903 0.07168
644927 0.07168
644939 0.07171
644963 0.07139
644975 0.07124
644987 0.07168
645035 0.07169
645047 0.07123
645095 0.07164
645107 0.0717
645119 0.07147
645143 0.07083
645155 0.07166
645167 0.07061
645191 0.07162
645203 0.07077
645215 0.07161
645251 0.07138
645263 0.07127
645275 0.07173
645299 0.07169
645311 0.07131
645335 0.07126
645359 0.0713
645371 0.07179
645395 0.0718
645407 0.07157
645455 0.07156
645479 0.07139
645491 0.07178
645515 0.07143
645539 0.07144
645551 0.07126
645563 0.07176
645575 0.07153
645695 0.07138
645707 0.07177
645719 0.07139
645743 0.07139
645755 0.07176
645767 0.07149
645779 0.07178
645791 0.07137
645815 0.07148
645827 0.07149
645863 0.07136
645875 0.07179
645887 0.07139
645899 0.07179
645911 0.07142
645923 0.07168
645947 0.07152
645959 0.07143
645971 0.07171
645983 0.07141
645995 0.07092
646007 0.07115
646019 0.0717
646031 0.07145
646043 0.07165
646055 0.07101
646091 0.07174
646139 0.07173
646163 0.07162
646175 0.07112
646187 0.07162
646211 0.07018
646235 0.07161
646247 0.06807
646283 0.07164
646295 0.07147
646343 0.07146
646355 0.07165
646367 0.07113
646391 0.07149
646415 0.07128
646427 0.07161
646439 0.07148
646463 0.07134
646475 0.07168
646487 0.07133
646511 0.07154
646535 0.07154
646559 0.07115
646595 0.07164
646703 0.07158
646715 0.07172
646727 0.07134
646739 0.07006
646751 0.07154
646763 0.07107
646775 0.07156
646787 0.07104
646799 0.07159
646811 0.07168
646835 0.07175
646847 0.07132
646871 0.07158
646907 0.06963
646931 0.07146
646943 0.07157
646955 0.07145
646967 0.07095
647003 0.07144
647027 0.07178
647075 0.07179
647087 0.07162
647123 0.06844
647135 0.07163
647159 0.07122
647183 0.07167
647207 0.07144
647243 0.07139
647255 0.07165
647279 0.07145
647291 0.07175
647315 0.07142
647339 0.07178
647351 0.07121
647375 0.07171
647387 0.07173
647411 0.07119
647435 0.07179
647447 0.07169
647459 0.07144
647471 0.07111
647483 0.07121
647519 0.07145
647555 0.07119
647567 0.07093
647591 0.07151
647603 0.07093
647615 0.07172
647639 0.07176
647675 0.07134
647711 0.07174
647735 0.07177
647759 0.07173
647795 0.07164
647807 0.07176
647819 0.07131
647831 0.0713
647843 0.07125
647855 0.07175
647903 0.07136
647915 0.07094
647927 0.07143
647939 0.07168
647975 0.07144
648011 0.07159
648023 0.07133
648071 0.07175
648083 0.07132
648095 0.07174
648143 0.07177
648167 0.07176
648227 0.07127
648251 0.07116
648263 0.07176
648275 0.07136
648287 0.0715
648311 0.07165
648335 0.0716
648347 0.07134
648359 0.07168
648395 0.07135
648407 0.07091
648419 0.07113
648431 0.0717
648443 0.07139
648455 0.0717
648467 0.07149
648479 0.07171
648491 0.07121
648503 0.07171
648515 0.07155
648527 0.07061
648539 0.0711
648551 0.07155
648575 0.07167
648587 0.07119
648611 0.07153
648623 0.07168
648647 0.07171
648659 0.07152
648695 0.07129
648707 0.07141
648743 0.07147
648755 0.07142
648791 0.07169
648827 0.07103
648839 0.0717
648875 0.07147
648899 0.07148
648923 0.07139
648935 0.07177
648959 0.07177
648983 0.07164
648995 0.0715
649031 0.07084
649043 0.07137
649055 0.07174
649091 0.07108
649103 0.07085
649115 0.07117
649127 0.07075
649139 0.07109
649175 0.0716
649187 0.0714
649199 0.07177
649211 0.0714
649223 0.07161
649235 0.07099
649247 0.07072
649295 0.07175
649331 0.07156
649343 0.07159
649355 0.07157
649367 0.07141
649391 0.07173
649439 0.07172
649451 0.071
649463 0.07166
649475 0.07156
649535 0.07148
649655 0.07167
649667 0.07123
649679 0.07145
649691 0.0716
649703 0.07166
649715 0.0716
649727 0.07178
649763 0.07164
649775 0.07179
649811 0.07127
649895 0.07174
649919 0.0717
649931 0.07117
649955 0.07125
649967 0.07166
649979 0.07168
650003 0.07116
650039 0.07137
650051 0.07167
650063 0.07174
650075 0.0717
650087 0.07163
650123 0.07171
650147 0.07169
650159 0.07179
650171 0.07138
650195 0.0717
650207 0.07161
650219 0.07078
650231 0.07178
650267 0.07083
650279 0.07177
650339 0.07175
650351 0.07178
650363 0.07146
650375 0.07157
650399 0.07179
650411 0.07177
650423 0.07166
650459 0.07178
650471 0.07179
650507 0.07111
650531 0.07179
650579 0.0707
650603 0.07177
650615 0.07176
650651 0.07178
650675 0.07177
650687 0.0716
650711 0.07174
650723 0.0718
650747 0.07179
650771 0.07175
650783 0.07169
650795 0.07154
650807 0.07118
650819 0.07174
650831 0.07169
650867 0.07064
650879 0.0717
650891 0.07176
650903 0.07171
650939 0.07171
650975 0.07168
650999 0.07161
651011 0.07173
651023 0.07173
651035 0.07169
651059 0.07159
651083 0.07092
651107 0.07171
651155 0.07063
651215 0.07162
651227 0.07096
651263 0.07148
651275 0.07164
651287 0.07147
651311 0.07179
651359 0.07154
651383 0.07129
651407 0.07179
651419 0.07092
651455 0.07151
651467 0.07153
651479 0.07157
651491 0.07168
651527 0.07132
651551 0.07176
651575 0.07155
651611 0.07165
651635 0.07156
651695 0.07135
651719 0.07145
651755 0.07173
651851 0.07151
651875 0.0717
651887 0.07124
651899 0.07176
651923 0.07153
651935 0.07147
651947 0.06895
651959 0.07146
651983 0.07166
652007 0.07166
652031 0.07165
652043 0.07151
652127 0.07165
652139 0.07145
652151 0.07153
652163 0.07148
652175 0.07128
652187 0.07147
652223 0.07161
652247 0.07123
652259 0.07176
652271 0.07167
652295 0.07146
652307 0.07072
652355 0.07174
652367 0.07169
652391 0.07157
652403 0.07033
652427 0.0707
652439 0.07149
652463 0.07155
652475 0.07177
652487 0.07155
652511 0.07154
652523 0.0714
652535 0.07154
652547 0.07086
652571 0.0717
652583 0.07132
652595 0.07175
652619 0.07087
652631 0.07174
652679 0.07079
652703 0.07176
652763 0.07135
652775 0.07104
652823 0.07148
652835 0.07169
652847 0.07134
652859 0.07169
652907 0.07178
652919 0.07168
652955 0.07167
652979 0.07166
653015 0.0717
653039 0.0717
653051 0.07175
653063 0.07176
653075 0.07174
653087 0.07176
653099 0.07164
653135 0.07097
653171 0.07172
653183 0.07174
653219 0.07171
653231 0.07174
653279 0.07165
653291 0.07159
653315 0.07169
653327 0.07092
653351 0.07176
653375 0.07177
653387 0.07121
653399 0.07177
653411 0.07151
653423 0.07101
653447 0.07145
653459 0.07079
653471 0.07178
653483 0.07155
653531 0.07154
653543 0.0718
653555 0.07164
653567 0.06952
653591 0.07171
653603 0.07147
653627 0.07106
653663 0.07177
653675 0.07127
653723 0.0715
653735 0.07174
653747 0.0716
653759 0.07175
653795 0.07085
653807 0.0716
653843 0.07111
653855 0.07091
653867 0.07157
653891 0.07141
653939 0.07156
653975 0.07163
653987 0.07154
653999 0.07179
654059 0.07137
654071 0.07179
654119 0.07178
654131 0.06989
654143 0.07178
654155 0.07151
654179 0.0714
654227 0.07149
654239 0.07168
654251 0.07118
654263 0.07175
654275 0.07138
654299 0.07098
654311 0.07174
654335 0.07173
654347 0.0714
654359 0.07171
654383 0.07093
654395 0.07146
654407 0.07076
654419 0.07129
654431 0.07172
654455 0.07165
654503 0.07173
654515 0.07097
654551 0.07169
654563 0.07074
654575 0.07109
654647 0.07064
654659 0.0713
654683 0.07014
654695 0.07177
654707 0.07146
654731 0.07147
654755 0.07147
654791 0.07179
654815 0.07171
654851 0.07149
654863 0.07179
654875 0.0715
654887 0.07173
654911 0.07178
654947 0.07133
654959 0.0716
654971 0.07083
654983 0.07175
654995 0.07152
655007 0.071
655019 0.07152
655079 0.07174
655091 0.0711
655139 0.07119
655151 0.07173
655175 0.07076
655199 0.07143
655235 0.07156
655247 0.07095
655259 0.07157
655271 0.07179
655319 0.07169
655367 0.07094
655415 0.07167
655427 0.0716
655451 0.07161
655463 0.07056
655475 0.07141
655487 0.07123
655523 0.06996
655535 0.07122
655571 0.0707
655595 0.07144
655607 0.07172
655619 0.07164
655655 0.07086
655667 0.07165
655679 0.07161
655691 0.07117
655703 0.07014
655739 0.07146
655751 0.07159
655763 0.06995
655775 0.07131
655799 0.07158
655811 0.07123
655823 0.07167
655835 0.07168
655871 0.07166
655895 0.0704
655931 0.0715
655955 0.07126
655979 0.07127
655991 0.07163
656003 0.07095
656027 0.07152
656051 0.07103
656075 0.07172
656087 0.07033
656111 0.07161
656123 0.07098
656135 0.06999
656159 0.07026
656183 0.0715
656195 0.07131
656219 0.07018
656231 0.07053
656243 0.07019
656279 0.07148
656315 0.07157
656339 0.07133
656351 0.07118
656363 0.07057
656375 0.07155
656387 0.07178
656411 0.07109
656435 0.07179
656447 0.07114
656495 0.07126
656531 0.07137
656543 0.07033
656567 0.07151
656579 0.07113
656591 0.07124
656615 0.0715
656627 0.07176
656675 0.07175
656699 0.0714
656711 0.07119
656723 0.07115
656747 0.07141
656759 0.07012
656795 0.07069
656807 0.07145
656831 0.07122
656843 0.07043
656867 0.07168
656879 0.06898
656903 0.07117
656915 0.07169
656927 0.07059
656963 0.0712
656975 0.07124
656987 0.0717
656999 0.07104
657011 0.07073
657023 0.07125
657095 0.07062
657119 0.07034
657143 0.07138
657179 0.07164
657191 0.07128
657203 0.07075
657215 0.07129
657227 0.07077
657239 0.0711
657263 0.0713
657275 0.07078
657287 0.07051
657335 0.07037
657359 0.07096
657371 0.0716
657407 0.07132
657419 0.07178
657443 0.07034
657455 0.07131
657467 0.07155
657479 0.0704
657503 0.07134
657515 0.07179
657527 0.07071
657551 0.0712
657563 0.07061
657575 0.07072
657599 0.07119
657611 0.07177
657623 0.07077
657635 0.07158
657647 0.07077
657671 0.07138
657695 0.07044
657731 0.07087
657755 0.0716
657791 0.07124
657803 0.07056
657839 0.07047
657851 0.07172
657887 0.07077
657923 0.07059
657935 0.07084
657971 0.07147
657995 0.07092
658007 0.0708
658019 0.07165
658067 0.07093
658091 0.07167
658115 0.07167
658175 0.0709
658223 0.07148
658235 0.07062
658259 0.0717
658271 0.07149
658283 0.07016
658295 0.07085
658331 0.07146
658415 0.07087
658427 0.07159
658439 0.07088
658451 0.07173
658475 0.07057
658499 0.07158
658511 0.071
658523 0.07041
658559 0.07099
658583 0.0707
658595 0.07063
658631 0.07156
658667 0.07023
658679 0.07068
658691 0.07178
658727 0.07158
658739 0.07153
658775 0.07158
658787 0.0718
658799 0.07095
658823 0.07102
658835 0.07155
658859 0.07068
658931 0.07055
658955 0.0711
658967 0.07162
659015 0.07099
659027 0.07174
659039 0.07071
659051 0.07174
659075 0.0716
659087 0.071
659099 0.07173
659111 0.07087
659123 0.07073
659135 0.07086
659147 0.07043
659207 0.07167
659255 0.07103
659267 0.07119
659291 0.07118
659303 0.07168
659315 0.07164
659339 0.07063
659351 0.07105
659363 0.0689
659375 0.0709
659387 0.07167
659411 0.07166
659435 0.07166
659447 0.07063
659459 0.07065
659471 0.07088
659483 0.0708
659507 0.07136
659519 0.07078
659543 0.07173
659555 0.07121
659567 0.07173
659579 0.07134
659615 0.07174
659627 0.07161
659651 0.07171
659663 0.06991
659675 0.07171
659687 0.07111
659699 0.07084
659711 0.07083
659747 0.07131
659807 0.07114
659855 0.07115
659867 0.07128
659879 0.07072
659891 0.07105
659915 0.07128
659927 0.07072
659939 0.07104
659987 0.07037
660011 0.07177
660023 0.0707
660035 0.07102
660059 0.07178
660083 0.0705
660107 0.07151
660155 0.07099
660179 0.07149
660191 0.07074
660239 0.07062
660263 0.07075
660275 0.07097
660287 0.0702
660311 0.07171
660335 0.0708
660371 0.07145
660395 0.07145
660419 0.07173
660431 0.07095
660455 0.07058
660467 0.07143
660479 0.07096
660491 0.07139
660527 0.0708
660539 0.071
660551 0.07128
660575 0.07064
660587 0.07141
660611 0.07112
660623 0.07164
660647 0.07086
660671 0.07012
660695 0.07162
660707 0.07138
660743 0.07084
660767 0.07088
660803 0.07165
660815 0.07089
660827 0.07145
660839 0.06973
660863 0.07159
660875 0.06996
660911 0.07158
660935 0.07091
660959 0.07105
660971 0.07161
661007 0.07055
661043 0.07109
661055 0.07107
661067 0.0708
661079 0.07045
661127 0.07139
661151 0.07139
661163 0.07097
661199 0.0714
661211 0.07127
661223 0.07151
661247 0.0715
661283 0.07155
661295 0.07112
661307 0.07097
661319 0.07023
661331 0.07154
661355 0.07153
661367 0.07047
661379 0.06995
661391 0.071
661403 0.07102
661427 0.07156
661451 0.07151
661475 0.07118
661487 0.07145
661499 0.07071
661511 0.07145
661523 0.07149
661535 0.07146
661595 0.0716
661619 0.07147
661631 0.07142
661643 0.07147
661691 0.07089
661715 0.07116
661727 0.0715
661739 0.07145
661751 0.07139
661763 0.06972
661775 0.07031
661799 0.07013
661811 0.07143
661847 0.07137
661871 0.07137
661895 0.07153
661907 0.07165
661919 0.06999
661943 0.07124
661955 0.0714
661967 0.07111
661979 0.07167
661991 0.07035
662027 0.0711
662039 0.07024
662051 0.07081
662075 0.07108
662087 0.06982
662099 0.07077
662123 0.07016
662135 0.07131
662147 0.0717
662159 0.07022
662171 0.0717
662183 0.0703
662207 0.07159
662219 0.07132
662243 0.07134
662255 0.06979
662279 0.0716
662303 0.07113
662315 0.07075
662375 0.07115
662423 0.07125
662447 0.07163
662459 0.07176
662471 0.07164
662507 0.07177
662519 0.07014
662579 0.07138
662603 0.07097
662627 0.07179
662651 0.07125
662663 0.0712
662675 0.06987
662687 0.07119
662699 0.07179
662711 0.07121
662747 0.07178
662759 0.07169
662783 0.0705
662807 0.0717
662831 0.07171
662855 0.07016
662879 0.0699
662891 0.07144
662903 0.07125
662915 0.07174
662927 0.07172
662975 0.0713
662987 0.07173
663011 0.07172
663023 0.07144
663047 0.07175
663059 0.07087
663083 0.07034
663107 0.07096
663119 0.07176
663131 0.0717
663143 0.07001
663215 0.07178
663227 0.07084
663251 0.07151
663287 0.07179
663299 0.07032
663311 0.0718
663347 0.07165
663383 0.07134
663419 0.07163
663431 0.07177
663443 0.07155
663479 0.06977
663491 0.07155
663503 0.07153
663515 0.07161
663527 0.0714
663575 0.07155
663623 0.07138
663635 0.07104
663647 0.07172
663671 0.07156
663719 0.07171
663743 0.07158
663791 0.07159
663803 0.07161
663839 0.0716
663851 0.07148
663863 0.0716
663899 0.07163
663911 0.07167
663935 0.07144
663947 0.07152
663995 0.07165
664007 0.07165
664031 0.07163
664055 0.07164
664079 0.07164
664127 0.07162
664163 0.07153
664175 0.07166
664187 0.07127
664235 0.07016
664247 0.07159
664259 0.07155
664307 0.07057
664343 0.07084
664355 0.07157
664391 0.0717
664415 0.07157
664439 0.06762
664451 0.07141
664463 0.07171
664475 0.07159
664499 0.07174
664535 0.07159
664547 0.07134
664559 0.07173
664595 0.07176
664607 0.07156
664631 0.07157
664655 0.07175
664715 0.07137
664751 0.07177
664763 0.07165
664775 0.07047
664787 0.07138
664811 0.07179
664823 0.07161
664859 0.07178
664871 0.07179
664883 0.06967
664895 0.07166
664907 0.0713
664931 0.07176
664943 0.07071
664955 0.07176
664979 0.07175
665015 0.07177
665075 0.07173
665099 0.07133
665135 0.07175
665159 0.0714
665171 0.07172
665183 0.07167
665219 0.07173
665231 0.06929
665243 0.07075
665291 0.07175
665315 0.07175
665327 0.07174
665339 0.07175
665363 0.07176
665375 0.07175
665399 0.07175
665459 0.0701
665471 0.07177
665495 0.07173
665519 0.07061
665543 0.07102
665555 0.07063
665567 0.07174
665579 0.07034
665615 0.0713
665663 0.07163
665675 0.07115
665687 0.07018
665699 0.07177
665735 0.07178
665759 0.07177
665771 0.0703
665795 0.07175
665807 0.07126
665819 0.07029
665831 0.07179
665855 0.07179
665867 0.07028
665879 0.07068
665891 0.07159
665903 0.07158
665927 0.07178
665939 0.07109
665951 0.07123
665963 0.07171
665987 0.07161
665999 0.07172
666011 0.07161
666035 0.07161
666047 0.07111
666059 0.07169
666083 0.0709
666095 0.07174
666131 0.07022
666155 0.07167
666179 0.0715
666215 0.07044
666227 0.07154
666251 0.07155
666275 0.07155
666287 0.0717
666311 0.0715
666335 0.07169
666347 0.07095
666359 0.07149
666371 0.07168
666383 0.07148
666407 0.07163
666443 0.07097
666455 0.07112
666503 0.07165
666539 0.07159
666551 0.07144
666563 0.07099
666575 0.07159
666587 0.071
666623 0.07122
666659 0.07163
666695 0.07157
666743 0.0716
666767 0.07032
666779 0.07137
666791 0.07159
666803 0.07104
666815 0.07159
666839 0.07138
666851 0.07152
666863 0.0704
666875 0.07177
666887 0.07153
666899 0.07167
666923 0.07134
666947 0.07106
666971 0.07149
666995 0.07169
667031 0.0715
667043 0.07179
667055 0.07149
667079 0.07099
667151 0.07152
667163 0.07129
667175 0.07147
667187 0.0701
667199 0.07131
667223 0.07133
667247 0.07134
667259 0.07073
667295 0.07134
667307 0.07175
667319 0.07144
667343 0.07127
667355 0.07172
667391 0.06921
667415 0.07146
667439 0.07097
667451 0.07077
667475 0.07178
667499 0.07138
667523 0.07169
667535 0.07139
667571 0.07136
667607 0.07137
667655 0.07141
667667 0.07165
667679 0.07136
667703 0.0714
667739 0.07052
667763 0.07122
667775 0.07138
667787 0.07175
667799 0.07104
667811 0.07162
667823 0.07117
667835 0.07123
667847 0.07082
667871 0.07116
667907 0.07173
667919 0.07115
667931 0.07172
667943 0.07115
667967 0.0708
668015 0.07006
668027 0.07065
668039 0.07128
668075 0.07169
668099 0.07073
668123 0.07125
668135 0.0715
668147 0.07089
668171 0.07155
668183 0.0711
668195 0.07154
668207 0.07129
668219 0.07166
668231 0.07112
668267 0.07165
668279 0.07123
668315 0.07152
668339 0.07078
668351 0.07126
668375 0.07125
668387 0.06984
668399 0.06816
668411 0.07094
668423 0.07104
668435 0.07161
668459 0.07161
668495 0.07103
668519 0.07118
668627 0.07145
668639 0.07119
668675 0.07144
668711 0.07118
668735 0.07121
668771 0.07101
668783 0.07162
668795 0.07141
668807 0.07052
668819 0.0711
668831 0.07111
668855 0.07115
668975 0.07113
668987 0.06996
669011 0.07149
669035 0.07089
669047 0.07111
669059 0.07148
669071 0.07168
669083 0.07146
669095 0.07128
669119 0.06999
669131 0.07147
669143 0.07129
669191 0.07104
669239 0.07087
669251 0.07132
669275 0.07095
669323 0.07151
669335 0.07085
669383 0.07087
669395 0.07129
669407 0.07099
669455 0.07175
669467 0.07153
669503 0.07176
669515 0.07138
669563 0.07125
669587 0.07124
669599 0.07137
669623 0.07137
669635 0.07123
669647 0.06972
669671 0.07098
669683 0.07122
669695 0.07107
669755 0.07159
669767 0.07096
669803 0.0716
669827 0.07131
669851 0.07131
669875 0.07087
669899 0.0713
669935 0.07175
669959 0.07144
669983 0.07016
670055 0.07173
670079 0.07146
670091 0.07126
670115 0.07165
670127 0.06926
670151 0.0717
670175 0.0717
670187 0.07038
670247 0.07103
670259 0.07099
670271 0.0715
670283 0.07095
670331 0.07121
670355 0.07108
670367 0.07029
670391 0.0712
670403 0.07102
670415 0.07165
670427 0.07171
670439 0.07153
670451 0.07132
670463 0.07153
670499 0.07118
670535 0.0708
670547 0.07173
670595 0.07174
670631 0.0711
670643 0.07175
670655 0.0716
670667 0.07047
670679 0.07086
670703 0.07126
670715 0.07176
670751 0.07158
670775 0.07157
670799 0.0707
670835 0.07124
670847 0.07156
670871 0.07129
670883 0.07111
670895 0.07161
670907 0.07109
670943 0.07162
670967 0.07066
670979 0.07142
671015 0.07163
671027 0.07177
671051 0.07176
671075 0.07105
671099 0.07144
671147 0.07091
671183 0.07166
671195 0.07173
671207 0.07065
671231 0.07136
671243 0.07042
671255 0.07136
671267 0.07172
671279 0.07003
671291 0.07171
671327 0.07145
671351 0.07062
671363 0.07169
671375 0.07138
671387 0.07169
671399 0.071
671423 0.07171
671447 0.07056
671459 0.07151
671483 0.07167
671495 0.07172
671507 0.07062
671531 0.07152
671543 0.07058
671555 0.07083
671579 0.07153
671615 0.07139
671639 0.07052
671663 0.07175
671675 0.07155
671687 0.07144
671711 0.07106
671723 0.07126
671735 0.07177
671747 0.07091
671759 0.07177
671771 0.07127
671783 0.07178
671807 0.07146
671819 0.07123
671867 0.07159
671891 0.07125
671915 0.07144
671927 0.06987
671951 0.07178
671963 0.07145
671975 0.0715
672023 0.06961
672047 0.07137
672071 0.0713
672083 0.07147
672155 0.07153
672179 0.07164
672191 0.07045
672203 0.07135
672263 0.07141
672275 0.07166
672287 0.07155
672299 0.07167
672335 0.0717
672383 0.0706
672407 0.07122
672431 0.07122
672455 0.07158
672467 0.0717
672479 0.07167
672491 0.07136
672503 0.06998
672527 0.0716
672539 0.07137
672563 0.07156
672575 0.07165
672599 0.06805
672611 0.07172
672635 0.07173
672647 0.07162
672671 0.07148
672707 0.07085
672719 0.07124
672731 0.07159
672755 0.0716
672791 0.07126
672815 0.0716
672839 0.07126
672851 0.07177
672875 0.07143
672887 0.07166
672899 0.07143
672911 0.07167
672947 0.07136
672995 0.07179
673007 0.07154
673031 0.07072
673055 0.07155
673067 0.0712
673079 0.07154
673103 0.0717
673115 0.07152
673127 0.07171
673139 0.07177
673163 0.07153
673175 0.07075
673187 0.07073
673211 0.07175
673235 0.07169
673259 0.07
673283 0.0715
673295 0.07135
673307 0.07006
673319 0.07149
673331 0.07173
673343 0.07149
673367 0.07175
673379 0.07171
673463 0.07163
673475 0.07173
673511 0.07139
673523 0.07174
673559 0.0714
673571 0.0716
673583 0.07144
673595 0.07175
673607 0.0718
673679 0.07142
673691 0.07158
673703 0.07177
673739 0.07164
673775 0.07176
673799 0.07049
673823 0.07139
673835 0.07165
673847 0.0717
673859 0.07161
673895 0.07146
673931 0.0716
673955 0.07168
674003 0.07164
674015 0.07135
674027 0.06985
674039 0.06941
674063 0.07174
674075 0.0717
674087 0.0715
674111 0.07169
674135 0.07175
674147 0.0714
674171 0.07172
674207 0.07167
674219 0.07171
674279 0.06982
674291 0.07169
674315 0.07169
674327 0.07045
674339 0.07175
674351 0.07154
674375 0.07163
674387 0.0715
674399 0.07155
674411 0.07111
674447 0.07079
674459 0.07172
674507 0.07118
674519 0.06944
674531 0.07147
674555 0.07119
674567 0.07176
674591 0.07175
674627 0.07149
674651 0.07162
674675 0.07178
674723 0.07177
674783 0.0704
674795 0.07178
674819 0.07179
674855 0.07169
674891 0.07125
674915 0.07157
674939 0.07106
674951 0.07151
674975 0.07167
675011 0.07171
675023 0.07166
675047 0.07058
675059 0.07154
675107 0.07129
675119 0.07169
675143 0.07147
675155 0.07134
675167 0.07163
675203 0.07173
675275 0.07166
675287 0.07077
675311 0.0716
675323 0.0717
675335 0.07143
675359 0.07173
675371 0.07162
675383 0.0706
675395 0.07168
675431 0.07141
675443 0.07145
675455 0.07157
675467 0.07164
675491 0.07164
675503 0.07156
675515 0.07144
675527 0.07176
675563 0.07159
675575 0.07119
675599 0.07177
675635 0.07167
675647 0.07178
675659 0.07048
675683 0.07162
675695 0.07179
675707 0.07135
675719 0.0718
675731 0.07161
675767 0.0715
675779 0.06948
675791 0.07178
675803 0.0717
675815 0.07149
675875 0.07172
675887 0.0706
675911 0.07131
675935 0.07175
675947 0.07117
675971 0.07173
675983 0.07129
675995 0.07174
676019 0.07155
676079 0.07172
676091 0.07147
676115 0.07147
676127 0.07171
676139 0.07057
676151 0.07142
676163 0.07058
676175 0.07037
676187 0.07149
676199 0.07079
676223 0.07131
676235 0.07145
676247 0.07124
676271 0.07139
676283 0.07023
676307 0.07146
676319 0.07167
676331 0.07147
676343 0.07138
676367 0.07137
676379 0.07148
676439 0.07164
676451 0.07141
676475 0.07154
676487 0.07099
676499 0.07145
676535 0.07072
676547 0.07066
676559 0.07137
676571 0.07144
676583 0.07138
676607 0.07132
676619 0.07137
676631 0.07087
676643 0.07157
676655 0.07139
676667 0.07172
676715 0.07171
676739 0.07133
676775 0.07157
676787 0.0716
676799 0.07105
676811 0.07155
676847 0.07091
676895 0.07155
676991 0.07153
677027 0.07165
677039 0.07071
677051 0.07164
677063 0.07146
677075 0.07165
677087 0.0711
677099 0.07146
677123 0.07166
677183 0.07149
677195 0.07163
677207 0.07148
677219 0.07148
677255 0.0715
677267 0.0716
677279 0.07015
677327 0.07146
677351 0.07101
677363 0.07145
677375 0.07116
677399 0.07153
677411 0.07171
677435 0.07172
677483 0.07155
677495 0.07117
677507 0.07168
677519 0.07118
677567 0.07096
677591 0.07156
677615 0.0712
677675 0.07098
677711 0.07109
677723 0.07151
677735 0.07137
677759 0.07122
677771 0.07178
677807 0.07091
677819 0.07159
677831 0.0709
677843 0.07117
677867 0.07175
677879 0.07161
677903 0.07162
677915 0.07161
677939 0.07161
677951 0.07112
677963 0.07178
677975 0.07112
677987 0.07177
678059 0.07158
678071 0.07072
678083 0.07179
678095 0.07128
678107 0.07179
678131 0.07095
678143 0.071
678155 0.0711
678215 0.07168
678239 0.07168
678263 0.07081
678275 0.07167
678287 0.07118
678311 0.07105
678323 0.07175
678359 0.0717
678419 0.07164
678431 0.07171
678443 0.07173
678455 0.07172
678467 0.07171
678503 0.07093
678515 0.07133
678527 0.07136
678539 0.07166
678575 0.07119
678587 0.07164
678623 0.07111
678683 0.07099
678695 0.07176
678707 0.07175
678743 0.07113
678755 0.07166
678791 0.07178
678803 0.07107
678827 0.07177
678839 0.07142
678851 0.07172
678863 0.07024
678875 0.07173
678911 0.07088
678947 0.07109
679043 0.0716
679055 0.07176
679079 0.07132
679103 0.07175
679115 0.07159
679139 0.07176
679151 0.07148
679163 0.07152
679175 0.07148
679199 0.07173
679211 0.07151
679235 0.07179
679247 0.07105
679259 0.07087
679271 0.07077
679283 0.07179
679307 0.0705
679331 0.07154
679343 0.07096
679355 0.07154
679379 0.07177
679391 0.07169
679415 0.07125
679439 0.07101
679475 0.0708
679499 0.07168
679535 0.07141
679547 0.07144
679559 0.06954
679571 0.07173
679583 0.07165
679595 0.07143
679619 0.07166
679631 0.07164
679643 0.07172
679655 0.07143
679667 0.07165
679679 0.07163
679727 0.07158
679739 0.07163
679763 0.07169
679775 0.0706
679787 0.07139
679799 0.0716
679811 0.07168
679835 0.07161
679847 0.07133
679871 0.07134
679931 0.07142
679955 0.07141
679967 0.07149
679979 0.07165
679991 0.07163
680015 0.07156
680051 0.07156
680063 0.07155
680075 0.07156
680087 0.07151
680111 0.07066
680147 0.07132
680171 0.07132
680195 0.0716
680231 0.07151
680243 0.07159
680255 0.07151
680267 0.07152
680279 0.0715
680303 0.0715
680315 0.07151
680339 0.0715
680351 0.07156
680363 0.07133
680375 0.07057
680423 0.07144
680447 0.0708
680459 0.07154
680519 0.07173
680543 0.07145
680579 0.07145
680591 0.07144
680603 0.0714
680615 0.07175
680627 0.07144
680639 0.07175
680663 0.07048
680675 0.07143
680699 0.07102
680711 0.07141
680723 0.07149
680735 0.07177
680771 0.07148
680795 0.07147
680807 0.07122
680819 0.07147
680855 0.0708
680867 0.07145
680903 0.07137
680915 0.07146
680939 0.07145
680951 0.07178
680975 0.07178
681023 0.07155
681059 0.07142
681095 0.07169
681119 0.07132
681131 0.07116
681143 0.07129
681155 0.07133
681191 0.07173
681203 0.07151
681215 0.07173
681227 0.0715
681239 0.07172
681275 0.07152
681287 0.07063
681299 0.07152
681323 0.07054
681335 0.07174
681347 0.0712
681359 0.07174
681383 0.07056
681395 0.07154
681431 0.07162
681443 0.07155
681455 0.07134
681467 0.07155
681479 0.07167
681491 0.07156
681503 0.07072
681527 0.07177
681551 0.07177
681575 0.07178
681587 0.07124
681599 0.07178
681659 0.07123
681671 0.07166
681683 0.07099
681695 0.07167
681707 0.07112
681743 0.0714
681767 0.07053
681803 0.07126
681815 0.0716
681827 0.07162
681851 0.07163
681875 0.07163
681887 0.07175
681911 0.07175
681923 0.07124
681935 0.07174
681947 0.07117
681959 0.06997
682007 0.07173
682019 0.07126
682031 0.07145
682043 0.07166
682055 0.07172
682067 0.07167
682091 0.07167
682103 0.07069
682115 0.07168
682127 0.07103
682139 0.07167
682175 0.07176
682199 0.07168
682211 0.0713
682223 0.07177
682271 0.07177
682283 0.07131
682295 0.0715
682319 0.07107
682367 0.07151
682379 0.07171
682391 0.0718
682403 0.07173
682475 0.07173
682487 0.07146
682499 0.07135
682523 0.07175
682571 0.07176
682619 0.07137
682631 0.07156
682667 0.0713
682691 0.07178
682703 0.07099
682715 0.07178
682727 0.07157
682787 0.07142
682799 0.06998
682823 0.07097
682835 0.07143
682847 0.07155
682859 0.07142
682883 0.07142
682895 0.07161
682907 0.07148
682919 0.07153
682931 0.07176
682955 0.07177
682979 0.07149
682991 0.07167
683027 0.07146
683051 0.07147
683063 0.07166
683075 0.07147
683099 0.07146
683111 0.07164
683135 0.07122
683147 0.07074
683171 0.07171
683195 0.07172
683207 0.07147
683219 0.07154
683243 0.0717
683267 0.07171
683279 0.0711
683315 0.07155
683327 0.07021
683339 0.07142
683363 0.07167
683375 0.07144
683387 0.07168
683411 0.07153
683495 0.07128
683519 0.07129
683531 0.07156
683615 0.07139
683627 0.07147
683639 0.07122
683663 0.07112
683675 0.07158
683723 0.0716
683735 0.07133
683771 0.07132
683795 0.07164
683855 0.07134
683867 0.07129
683879 0.07121
683891 0.07162
683903 0.07179
683915 0.07157
683951 0.07147
683963 0.07155
683975 0.07179
683987 0.07155
683999 0.07137
684011 0.07103
684023 0.07118
684035 0.07169
684047 0.07145
684059 0.07079
684071 0.07139
684083 0.07152
684095 0.07139
684107 0.0717
684131 0.07167
684143 0.0707
684155 0.07157
684167 0.07142
684179 0.07166
684215 0.07141
684227 0.07172
684251 0.07167
684263 0.07173
684275 0.0706
684299 0.07173
684323 0.0717
684335 0.07144
684359 0.07144
684371 0.07169
684455 0.07136
684467 0.07162
684479 0.07105
684491 0.0714
684515 0.07143
684539 0.07144
684551 0.07128
684611 0.07147
684623 0.07165
684695 0.07136
684707 0.0714
684719 0.07136
684743 0.07057
684779 0.07139
684827 0.07176
684839 0.07133
684875 0.07128
684899 0.07179
684911 0.07159
684947 0.07173
684959 0.07121
684971 0.07179
685007 0.07156
685043 0.07176
685055 0.07156
685079 0.07157
685091 0.07177
685127 0.07122
685139 0.07176
685151 0.07056
685163 0.07153
685175 0.07154
685223 0.07153
685235 0.07174
685259 0.07115
685283 0.07099
685295 0.07151
685307 0.07178
685331 0.07178
685343 0.07045
685355 0.07178
685379 0.07171
685391 0.07143
685403 0.07162
685415 0.07116
685439 0.0715
685463 0.07
685475 0.07167
685487 0.07062
685523 0.07168
685535 0.07165
685559 0.07063
685607 0.07167
685619 0.07159
685667 0.07163
685691 0.07164
685703 0.0711
685751 0.07169
685763 0.07168
685775 0.0717
685787 0.07172
685799 0.07067
685823 0.0697
685835 0.07117
685847 0.0714
685883 0.07166
685895 0.07158
685919 0.07075
685931 0.07169
685943 0.07139
685967 0.07159
685979 0.07168
686015 0.07174
686075 0.0715
686111 0.07162
686123 0.0711
686135 0.07162
686159 0.07177
686171 0.07171
686183 0.0706
686207 0.07178
686219 0.07153
686231 0.07164
686243 0.07177
686279 0.07179
686291 0.07107
686315 0.07178
686327 0.0718
686351 0.07179
686375 0.07167
686387 0.07179
686435 0.07179
686447 0.06973
686459 0.07148
686471 0.07149
686483 0.07176
686495 0.07163
686507 0.07177
686531 0.07158
686543 0.07093
686579 0.07155
686591 0.07151
686615 0.07151
686627 0.07151
686651 0.0716
686675 0.0716
686699 0.07143
686711 0.07173
686735 0.07153
686747 0.07153
686759 0.07173
686771 0.07142
686783 0.07168
686807 0.0712
686831 0.07169
686867 0.0717
686927 0.07117
686939 0.07165
686951 0.07167
686975 0.07089
686987 0.07173
686999 0.07166
687011 0.07172
687035 0.07166
687047 0.07179
687059 0.07167
687071 0.07159
687095 0.07164
687119 0.07076
687143 0.07161
687155 0.07169
687191 0.07178
687251 0.07167
687263 0.07163
687287 0.0711
687335 0.07178
687347 0.07172
687371 0.07165
687407 0.07157
687419 0.07128
687503 0.07178
687515 0.07175
687527 0.07155
687539 0.07126
687563 0.07168
687575 0.0717
687587 0.0716
687599 0.07176
687611 0.07177
687635 0.07154
687659 0.07178
687671 0.06997
687695 0.07171
687719 0.07173
687731 0.07171
687743 0.07173
687755 0.07179
687791 0.07165
687803 0.0715
687815 0.07173
687851 0.07162
687875 0.07177
687887 0.07163
687899 0.07176
687911 0.07169
687959 0.07176
687971 0.07175
687983 0.07096
687995 0.07174
688007 0.07107
688043 0.07113
688055 0.07144
688091 0.07177
688103 0.07178
688127 0.07158
688151 0.07158
688163 0.07168
688175 0.07141
688199 0.07179
688211 0.0718
688235 0.07141
688259 0.07169
688271 0.07178
688307 0.07178
688319 0.07177
688331 0.07177
688343 0.07015
688355 0.07144
688367 0.07137
688415 0.07159
688427 0.07165
688439 0.07158
688463 0.07174
688487 0.07151
688499 0.07174
688523 0.07141
688547 0.07158
688559 0.07156
688595 0.07175
688607 0.07148
688619 0.07176
688643 0.07171
688655 0.0717
688667 0.0717
688691 0.07177
688703 0.07153
688727 0.07146
688739 0.07057
688751 0.07152
688775 0.07167
688811 0.07167
688823 0.06937
688835 0.07163
688847 0.07127
688859 0.07156
688883 0.07133
688895 0.07165
688919 0.07164
688931 0.07178
688967 0.07125
688991 0.07163
689027 0.07166
689051 0.07167
689075 0.07175
689087 0.07138
689099 0.07174
689111 0.0716
689123 0.07168
689147 0.07123
689159 0.07137
689195 0.07172
689207 0.07136
689231 0.07158
689255 0.07157
689303 0.07156
689315 0.07157
689327 0.07131
689339 0.07169
689351 0.07139
689363 0.07172
689387 0.07173
689423 0.07118
689435 0.07109
689447 0.07131
689471 0.07134
689483 0.07109
689507 0.07175
689519 0.07136
689531 0.07175
689543 0.07037
689579 0.07156
689591 0.0715
689615 0.0715
689627 0.07177
689639 0.07137
689651 0.07178
689675 0.07149
689687 0.0711
689747 0.07138
689759 0.07147
689783 0.06887
689795 0.07179
689819 0.07035
689843 0.07178
689855 0.07141
689939 0.07086
689975 0.07143
689999 0.07119
690023 0.07129
690047 0.07144
690071 0.07145
690083 0.07141
690095 0.07145
690107 0.07121
690155 0.07166
690167 0.07146
690203 0.06954
690215 0.07137
690239 0.07148
690251 0.07168
690263 0.07133
690275 0.0715
690287 0.07097
690299 0.07169
690311 0.07119
690335 0.07135
690359 0.07135
690383 0.07089
690431 0.07151
690443 0.07165
690455 0.07137
690479 0.07137
690515 0.07173
690527 0.07092
690539 0.07058
690551 0.07153
690563 0.07174
690575 0.07154
690587 0.07068
690599 0.07113
690623 0.0714
690635 0.07142
690647 0.07106
690659 0.07175
690671 0.07156
690707 0.0716
690731 0.0714
690743 0.06843
690755 0.0714
690767 0.07157
690779 0.07117
690791 0.07143
690803 0.07158
690827 0.07125
690851 0.07179
690863 0.07108
690899 0.07066
690959 0.07146
690971 0.07178
690983 0.07122
690995 0.07122
691007 0.07162
691031 0.07162
691055 0.07148
691067 0.07153
691091 0.07088
691115 0.07132
691127 0.0708
691139 0.07175
691163 0.07151
691175 0.07165
691187 0.0715
691211 0.07173
691247 0.06997
691271 0.07151
691295 0.07093
691307 0.07142
691319 0.07106
691331 0.07171
691355 0.07147
691379 0.0717
691391 0.07168
691403 0.07146
691427 0.07081
691475 0.07168
691487 0.0717
691511 0.07072
691535 0.07171
691547 0.07143
691619 0.06949
691655 0.07173
691667 0.07149
691679 0.07112
691703 0.07091
691715 0.07163
691751 0.07175
691775 0.07161
691811 0.07161
691823 0.07161
691835 0.07067
691847 0.07177
691895 0.07178
691955 0.07134
691967 0.07014
692027 0.07155
692039 0.07165
692075 0.07156
692087 0.07075
692123 0.07157
692159 0.07121
692171 0.07158
692183 0.07097
692195 0.07097
692207 0.07176
692231 0.07175
692243 0.07152
692267 0.07099
692291 0.0716
692315 0.07099
692339 0.07037
692351 0.07125
692375 0.07171
692435 0.07105
692447 0.07171
692483 0.07164
692495 0.07173
692507 0.07123
692519 0.07091
692579 0.06825
692603 0.07102
692615 0.07176
692639 0.07093
692675 0.07119
692687 0.06998
692699 0.071
692723 0.07118
692747 0.07168
692759 0.07164
692783 0.07179
692819 0.07097
692831 0.07179
692843 0.0717
692891 0.0711
692903 0.06995
692915 0.07171
692975 0.07177
692987 0.07111
692999 0.07176
693023 0.07137
693035 0.07173
693047 0.07004
693071 0.07137
693083 0.07174
693095 0.07101
693107 0.07114
693131 0.0711
693143 0.07173
693155 0.07082
693191 0.07094
693203 0.07132
693215 0.07103
693227 0.07177
693263 0.07059
693275 0.07066
693299 0.07117
693311 0.0717
693335 0.07142
693383 0.07168
693407 0.07058
693419 0.07063
693443 0.07127
693455 0.07099
693479 0.07145
693491 0.07088
693515 0.0707
693539 0.07082
693551 0.07165
693563 0.07176
693575 0.07147
693587 0.07122
693599 0.07102
693611 0.07124
693647 0.07103
693671 0.07097
693707 0.07124
693719 0.07144
693755 0.07125
693767 0.07143
693791 0.0715
693839 0.07142
693875 0.07127
693887 0.07066
693899 0.07096
693911 0.07153
693923 0.07117
693935 0.07157
693971 0.07129
693983 0.07154
694007 0.07022
694031 0.07155
694055 0.07069
694103 0.07154
694115 0.07132
694127 0.07136
694139 0.071
694151 0.07153
694163 0.07025
694175 0.07157
694187 0.07163
694199 0.07158
694235 0.07102
694247 0.07113
694283 0.07023
694295 0.0715
694307 0.07081
694355 0.0716
694379 0.06993
694403 0.07159
694439 0.0713
694451 0.07138
694463 0.07146
694475 0.07157
694499 0.07139
694547 0.07156
694583 0.07165
694595 0.07155
694607 0.0712
694643 0.07087
694655 0.07129
694667 0.07142
694679 0.07142
694691 0.07009
694715 0.07152
694727 0.07053
694739 0.07101
694751 0.07168
694775 0.0714
694787 0.07111
694811 0.0715
694823 0.07139
694847 0.07084
694859 0.07098
694883 0.07098
694895 0.07137
694907 0.07114
694931 0.07148
694943 0.07134
694955 0.07147
694967 0.07126
694991 0.07135
695015 0.07122
695027 0.07146
695039 0.07127
695051 0.07116
695063 0.07049
695075 0.07145
695123 0.07095
695135 0.07174
695159 0.07175
695183 0.07125
695231 0.07125
695255 0.0713
695267 0.0712
695279 0.07177
695291 0.0712
695303 0.07177
695315 0.07034
695339 0.07121
695351 0.07178
695363 0.071
695375 0.07134
695387 0.07154
695399 0.07127
695423 0.0718
695435 0.07044
695459 0.07123
695471 0.07144
695483 0.07102
695495 0.07178
695507 0.07136
695519 0.07136
695531 0.07103
695543 0.07177
695555 0.07041
695579 0.07019
695675 0.07127
695711 0.07174
695735 0.07071
695747 0.07131
695759 0.07173
695783 0.07119
695819 0.0713
695831 0.07136
695855 0.07065
695891 0.07128
695903 0.07137
695915 0.07164
695951 0.07116
695963 0.0711
695987 0.07165
696011 0.07125
696023 0.07167
696035 0.07125
696059 0.07166
696071 0.0714
696095 0.07166
696131 0.07168
696143 0.07107
696155 0.0705
696167 0.0707
696179 0.07169
696191 0.07069
696203 0.07122
696227 0.07137
696251 0.07116
696275 0.07014
696287 0.07081
696299 0.07171
696347 0.07172
696371 0.07118
696383 0.0716
696395 0.07172
696407 0.07111
696419 0.07002
696431 0.07112
696467 0.07018
696527 0.07154
696539 0.07032
696551 0.07114
696563 0.07121
696575 0.07114
696587 0.0704
696599 0.07155
696635 0.07145
696647 0.07084
696671 0.07165
696731 0.07178
696767 0.07089
696779 0.07147
696791 0.07098
696803 0.07125
696815 0.07154
696839 0.07168
696863 0.07155
696875 0.07057
696911 0.07079
696923 0.07034
696959 0.07148
696995 0.07045
697007 0.07094
697031 0.07158
697043 0.07104
697055 0.07172
697091 0.07174
697103 0.07092
697139 0.07154
697151 0.07165
697175 0.07144
697187 0.07154
697199 0.07166
697223 0.07089
697235 0.07171
697247 0.07084
697283 0.071
697319 0.07099
697331 0.07169
697355 0.07168
697391 0.07129
697403 0.07136
697463 0.07085
697475 0.07166
697487 0.07102
697535 0.07132
697547 0.07139
697559 0.07178
697571 0.07161
697595 0.07163
697607 0.07069
697619 0.07163
697679 0.07176
697715 0.07142
697739 0.07049
697751 0.07097
697763 0.07143
697775 0.07176
697799 0.07173
697811 0.07159
697835 0.07088
697847 0.07178
697859 0.07055
697871 0.07178
697895 0.07179
697907 0.07081
697919 0.07173
697931 0.07168
697943 0.0717
698015 0.07178
698027 0.07147
698075 0.0717
698123 0.06935
698147 0.07171
698159 0.07178
698195 0.07172
698207 0.07144
698219 0.07067
698231 0.07122
698243 0.07087
698255 0.07164
698267 0.0708
698279 0.07179
698303 0.07179
698351 0.07172
698363 0.07064
698375 0.07108
698399 0.07119
698435 0.07177
698459 0.07177
698495 0.07175
698519 0.07159
698555 0.07073
698603 0.07073
698615 0.07173
698627 0.07179
698639 0.07123
698651 0.07179
698675 0.07071
698687 0.07152
698699 0.0707
698711 0.07059
698759 0.07154
698771 0.07176
698783 0.07115
698807 0.07107
698819 0.07078
698843 0.07068
698879 0.07167
698915 0.07163
698927 0.07156
698963 0.07075
698987 0.07135
698999 0.07129
699011 0.07165
699023 0.07164
699035 0.07171
699047 0.07116
699071 0.07159
699083 0.07102
699095 0.07159
699107 0.07063
699131 0.07132
699143 0.07103
699203 0.07168
699215 0.07162
699227 0.07169
699239 0.06932
699263 0.07143
699275 0.07166
699311 0.07158
699335 0.07125
699359 0.07141
699371 0.07164
699395 0.07107
699407 0.07165
699419 0.07126
699431 0.07137
699467 0.07162
699491 0.07109
699515 0.07124
699551 0.07153
699563 0.07053
699575 0.07146
699587 0.07092
699599 0.07042
699623 0.07152
699635 0.07121
699659 0.07093
699671 0.07151
699743 0.07134
699755 0.07178
699815 0.07148
699827 0.07155
699839 0.07144
699851 0.0718
699875 0.07154
699887 0.07137
699899 0.07097
699911 0.0714
699959 0.07146
699971 0.07152
699983 0.07145
700007 0.07133
700019 0.07151
700031 0.07176
700043 0.07176
700055 0.07143
700091 0.07149
700151 0.0715
700175 0.07142
700187 0.07122
700247 0.07084
700259 0.07146
700271 0.07152
700295 0.07139
700379 0.07106
700415 0.07144
700439 0.07137
700451 0.07167
700463 0.07175
700475 0.07141
700487 0.07147
700511 0.07142
700535 0.07173
700547 0.07165
700559 0.07006
700595 0.07164
700607 0.0714
700619 0.07138
700631 0.07171
700655 0.07082
700679 0.07159
700727 0.0717
700739 0.07094
700775 0.07169
700787 0.0716
700823 0.07017
700847 0.07167
700859 0.07063
700895 0.07166
700931 0.07157
700943 0.07154
700967 0.07165
700979 0.07111
701003 0.07066
701015 0.07164
701027 0.07155
701063 0.0713
701087 0.07158
701099 0.07129
701111 0.07162
701123 0.07068
701195 0.07152
701231 0.07159
701243 0.07151
701255 0.07151
701267 0.07151
701303 0.07118
701327 0.07171
701339 0.07117
701375 0.07171
701387 0.07124
701411 0.07148
701423 0.07164
701435 0.07144
701459 0.07121
701471 0.07173
701483 0.07115
701495 0.07165
701519 0.07174
701543 0.07166
701555 0.07121
701567 0.07161
701615 0.0714
701651 0.07118
701663 0.0711
701675 0.07142
701687 0.07169
701735 0.0717
701747 0.06989
701759 0.07178
701771 0.07078
701795 0.0714
701807 0.07171
701843 0.07139
701855 0.07179
701867 0.07114
701879 0.07167
701891 0.07138
701915 0.0707
701927 0.07173
701939 0.07133
701975 0.07177
701987 0.07111
701999 0.07169
702023 0.07173
702047 0.07116
702059 0.07126
702071 0.07176
702083 0.07155
702107 0.07133
702119 0.07175
702155 0.07107
702167 0.07177
702227 0.07158
702263 0.07151
702275 0.07159
702287 0.07138
702299 0.0713
702335 0.07179
702359 0.07096
702371 0.07136
702395 0.07161
702419 0.07124
702455 0.07179
702467 0.07162
702479 0.07177
702491 0.07133
702515 0.07163
702563 0.07124
702575 0.07157
702611 0.07165
702647 0.07176
702659 0.0706
702695 0.07178
702719 0.07162
702779 0.07148
702791 0.07172
702839 0.07087
702863 0.0717
702875 0.07169
702899 0.0715
702923 0.0717
702947 0.0717
702959 0.07173
702971 0.07152
702995 0.07147
703019 0.07153
703031 0.07176
703067 0.07135
703091 0.07173
703103 0.07166
703115 0.07154
703151 0.07164
703163 0.0715
703175 0.07168
703187 0.07112
703199 0.07173
703247 0.07172
703259 0.07151
703271 0.07169
703307 0.07177
703319 0.07165
703343 0.07158
703355 0.07178
703367 0.0717
703391 0.07164
703427 0.0716
703475 0.07179
703487 0.07173
703511 0.07167
703523 0.07178
703535 0.07174
703547 0.07104
703571 0.07177
703583 0.07156
703595 0.07163
703607 0.07165
703667 0.0704
703703 0.07177
703715 0.07175
703727 0.07151
703739 0.0716
703751 0.07178
703775 0.07152
703787 0.07173
703799 0.07161
703811 0.07167
703823 0.07179
703835 0.07073
703847 0.07154
703859 0.07167
703871 0.07154
703919 0.07149
703931 0.07163
703955 0.07164
703979 0.0717
704015 0.07151
704039 0.07146
704063 0.07175
704075 0.07171
704099 0.069
704123 0.07167
704147 0.07172
704159 0.07144
704207 0.07147
704231 0.07142
704255 0.07171
704267 0.07175
704327 0.07156
704339 0.07166
704351 0.07147
704375 0.07157
704411 0.07172
704423 0.07168
704435 0.07172
704459 0.0716
704483 0.07168
704495 0.07159
704519 0.07037
704555 0.0717
704591 0.07165
704615 0.07152
704627 0.07163
704639 0.0705
704651 0.07171
704675 0.07119
704699 0.07164
704723 0.07177
704735 0.07163
704759 0.07132
704795 0.07133
704831 0.0716
704855 0.07134
704879 0.07129
704903 0.07166
704927 0.07126
704939 0.07135
704951 0.07157
704963 0.07149
704975 0.07158
704987 0.07092
705023 0.07159
705035 0.07178
705047 0.0716
705059 0.07176
705071 0.07155
705095 0.0717
705107 0.07168
705143 0.07161
705155 0.07179
705179 0.07178
705203 0.0714
705215 0.0712
705227 0.07173
705251 0.07174
705275 0.07165
705287 0.07173
705311 0.0713
705323 0.07142
705359 0.07129
705371 0.07176
705419 0.07174
705431 0.07176
705443 0.07133
705455 0.07106
705467 0.07161
705479 0.07127
705503 0.07168
705515 0.07178
705527 0.07168
705539 0.07171
705551 0.07178
705563 0.07146
705575 0.07119
705587 0.0718
705599 0.07124
705611 0.07164
705623 0.07179
705635 0.07179
705647 0.0717
705659 0.07169
705671 0.07179
705695 0.07122
705719 0.07112
705743 0.07178
705755 0.07176
705767 0.07141
705791 0.07177
705815 0.0714
705839 0.07049
705851 0.07174
705875 0.07174
705887 0.07175
705911 0.07175
705923 0.07153
705935 0.07137
705947 0.07172
705983 0.07176
706007 0.07136
706031 0.07177
706091 0.07156
706103 0.07171
706127 0.07179
706139 0.07159
706163 0.07048
706175 0.07113
706187 0.07078
706211 0.07167
706223 0.07179
706235 0.07166
706247 0.07168
706259 0.07159
706295 0.071
706307 0.07115
706319 0.071
706331 0.07155
706343 0.07176
706355 0.07164
706367 0.07104
706379 0.07161
706439 0.07102
706475 0.07147
706571 0.07164
706583 0.07161
706619 0.07165
706643 0.07149
706655 0.0716
706667 0.07121
706691 0.07155
706715 0.07167
706727 0.07169
706739 0.07167
706775 0.07157
706799 0.07091
706811 0.07168
706835 0.07111
706859 0.07154
706871 0.07087
706895 0.07165
706931 0.07171
706955 0.07152
706967 0.07097
706979 0.07142
706991 0.07153
707039 0.0709
707051 0.07161
707075 0.07173
707087 0.07161
707123 0.07162
707135 0.0716
707171 0.07085
707183 0.07116
707207 0.07116
707231 0.07158
707255 0.07082
707267 0.07146
707291 0.07132
707303 0.07146
707315 0.07177
707339 0.07123
707351 0.07156
707363 0.06937
707375 0.07068
707387 0.07167
707399 0.07067
707411 0.07179
707423 0.07107
707471 0.07153
707507 0.0712
707519 0.07076
707531 0.07169
707579 0.0713
707591 0.07104
707603 0.07176
707615 0.07104
707651 0.07128
707675 0.07175
707687 0.07124
707699 0.07122
707735 0.07148
707771 0.07126
707783 0.07137
707795 0.07174
707807 0.07127
707843 0.07107
707855 0.07135
707867 0.07133
707879 0.07078
707891 0.07143
707903 0.07134
707915 0.07176
707927 0.07134
707963 0.07016
707975 0.07076
707999 0.07071
708035 0.07178
708059 0.07167
708071 0.07141
708083 0.07114
708107 0.07147
708143 0.0714
708155 0.07113
708167 0.07139
708203 0.07117
708215 0.0706
708227 0.07126
708239 0.07066
708275 0.0715
708299 0.07162
708383 0.07137
708419 0.07122
708431 0.07124
708443 0.07173
708455 0.07123
708467 0.07108
708491 0.07153
708503 0.07139
708515 0.07111
708551 0.07132
708575 0.07084
708587 0.07155
708611 0.0717
708623 0.07098
708635 0.07169
708659 0.07156
708671 0.07142
708695 0.07129
708707 0.07117
708719 0.07062
708731 0.07154
708743 0.07117
708755 0.07153
708767 0.07127
708779 0.07159
708827 0.07124
708851 0.0716
708863 0.07049
708875 0.07115
708887 0.07146
708935 0.07104
708947 0.07116
709031 0.07112
709067 0.0716
709079 0.07106
709091 0.07146
709103 0.0711
709115 0.07164
709127 0.07073
709163 0.07159
709175 0.07151
709187 0.0713
709199 0.07109
709223 0.0696
709235 0.07167
709247 0.07152
709259 0.07143
709295 0.07153
709343 0.07116
709367 0.07105
709391 0.07154
709403 0.07154
709415 0.07114
709427 0.07135
709439 0.07113
709463 0.07067
709487 0.07066
709499 0.07171
709511 0.07156
709523 0.07136
709559 0.07061
709571 0.0715
709595 0.0715
709631 0.07159
709667 0.07148
709715 0.0714
709727 0.07042
709751 0.07064
709763 0.07086
709775 0.07119
709787 0.07176
709811 0.07131
709835 0.07177
709859 0.07177
709883 0.07144
709895 0.07163
709907 0.07178
709931 0.07179
709943 0.07028
709979 0.07134
710015 0.07123
710039 0.07035
710063 0.07101
710087 0.07054
710111 0.07125
710123 0.07088
710135 0.07125
710147 0.07067
710159 0.07041
710171 0.07148
710183 0.07168
710231 0.07169
710243 0.07149
710255 0.07169
710267 0.07174
710279 0.07043
710291 0.07136
710303 0.0717
710315 0.07173
710363 0.07122
710375 0.07129
710387 0.07093
710435 0.0717
710471 0.07173
710567 0.07091
710579 0.07085
710639 0.07134
710651 0.07166
710675 0.07147
710687 0.07089
710711 0.07177
710723 0.07157
710735 0.0701
710783 0.07033
710807 0.07015
710819 0.0713
710855 0.07179
710879 0.07084
710891 0.07102
710939 0.07132
710975 0.07073
710999 0.0714
711035 0.07158
711047 0.07175
711059 0.07153
711083 0.07105
711095 0.07038
711107 0.07157
711119 0.07009
711167 0.07173
711191 0.07068
711215 0.0709
711227 0.07156
711239 0.0709
711251 0.07167
711263 0.07077
711275 0.07157
711311 0.07146
711323 0.07022
711335 0.07066
711347 0.07152
711359 0.07146
711383 0.07147
711395 0.07169
711407 0.07075
711419 0.07151
711431 0.07168
711443 0.07113
711455 0.07148
711467 0.0717
711503 0.07166
711515 0.07161
711527 0.07072
711551 0.07165
711575 0.07165
711587 0.07172
711599 0.07151
711611 0.07147
711647 0.07009
711659 0.07164
711671 0.07163
711695 0.07069
711719 0.07049
711743 0.07161
711755 0.07093
711779 0.07147
711791 0.07154
711803 0.07118
711815 0.0716
711827 0.07142
711863 0.07101
711875 0.07044
711911 0.07065
711935 0.07014
711995 0.07121
712019 0.07151
712031 0.07074
712043 0.07179
712055 0.07159
712091 0.07178
712103 0.06905
712115 0.07177
712139 0.07153
712151 0.07018
712163 0.07154
712175 0.07161
712223 0.07152
712235 0.07174
712259 0.07115
712271 0.07162
712283 0.07174
712295 0.07163
712307 0.07175
712355 0.07176
712379 0.07176
712391 0.0708
712415 0.07148
712439 0.07111
712451 0.07159
712463 0.07112
712487 0.07007
712535 0.07064
712547 0.07179
712583 0.07051
712595 0.07168
712607 0.07025
712619 0.07179
712643 0.07122
712655 0.07039
712667 0.07126
712679 0.07169
712691 0.07122
712703 0.0717
712727 0.07142
712751 0.07141
712775 0.07087
712787 0.07053
712799 0.07172
712811 0.07175
712823 0.0714
712871 0.07173
712919 0.06958
712979 0.07171
712991 0.07136
713003 0.07036
713015 0.07091
713027 0.0717
713051 0.07169
713075 0.0717
713087 0.07092
713099 0.07129
713123 0.0717
713135 0.07177
713195 0.07115
713207 0.06895
713219 0.07167
713231 0.07125
713291 0.07154
713315 0.07174
713327 0.0713
713375 0.07129
713387 0.07152
713423 0.07128
713435 0.07135
713459 0.0711
713471 0.07023
713483 0.07177
713507 0.07161
713519 0.07081
713531 0.07178
713543 0.07174
713567 0.07125
713579 0.07067
713591 0.07124
713603 0.07149
713615 0.07132
713639 0.07102
713675 0.07179
713687 0.07122
713711 0.07133
713723 0.07178
713735 0.07134
713759 0.07085
713783 0.0712
713819 0.07142
713867 0.07154
713879 0.07167
713915 0.07154
713951 0.07166
713963 0.07145
713975 0.07165
713999 0.07138
714011 0.07172
714023 0.06946
714035 0.07172
714047 0.07109
714059 0.07171
714071 0.0714
714095 0.0711
714119 0.07162
714155 0.0717
714167 0.0701
714179 0.07147
714191 0.07161
714203 0.07149
714215 0.07112
714239 0.0716
714251 0.07057
714263 0.06942
714275 0.07161
714287 0.0711
714299 0.07167
714311 0.07144
714323 0.07162
714347 0.07144
714359 0.07095
714371 0.07165
714383 0.07145
714395 0.07152
714407 0.07015
714419 0.07164
714431 0.07115
714491 0.07141
714527 0.07117
714575 0.07148
714599 0.071
714611 0.07156
714623 0.07149
714635 0.0716
714647 0.07061
714671 0.07151
714683 0.07159
714743 0.07151
714755 0.07158
714767 0.07008
714791 0.07152
714863 0.07148
714875 0.07155
714899 0.07155
714923 0.07172
714935 0.07155
714959 0.07125
714983 0.07156
714995 0.07153
715007 0.06933
715055 0.07126
715067 0.07147
715079 0.07143
715091 0.07175
715103 0.06957
715115 0.07165
715139 0.07165
715175 0.0707
715187 0.07074
715199 0.07141
715211 0.07177
715235 0.07167
715247 0.07091
715271 0.07161
715307 0.07073
715331 0.07124
715355 0.07053
715367 0.07074
715403 0.07022
715415 0.07163
715427 0.07178
715451 0.0717
715475 0.07177
715487 0.06984
715511 0.06983
715547 0.07155
715559 0.07166
715595 0.07156
715607 0.07136
715655 0.07132
715667 0.07173
715691 0.07173
715703 0.07119
715715 0.07175
715751 0.07138
715763 0.07176
715775 0.07081
715787 0.07171
715799 0.07139
715835 0.0717
715871 0.07127
715883 0.07169
715895 0.07171
715907 0.07161
715931 0.07179
715955 0.07179
715967 0.07077
716015 0.06924
716039 0.06973
716075 0.07178
716099 0.07131
716147 0.07067
716159 0.07176
716183 0.07176
716207 0.07146
716231 0.07147
716243 0.07174
716255 0.07178
716267 0.07168
716327 0.06907
716375 0.07149
716423 0.07179
716471 0.07178
716495 0.07151
716507 0.07118
716519 0.07177
716555 0.07122
716567 0.07065
716579 0.07173
716603 0.07167
716615 0.07135
716639 0.07174
716675 0.07166
716699 0.07175
716711 0.07155
716735 0.07137
716759 0.07156
716771 0.07096
716795 0.07177
716807 0.07157
716831 0.07108
716843 0.0715
716855 0.0717
716879 0.07139
716891 0.07149
716915 0.07179
716927 0.07159
716939 0.06954
716963 0.07004
716999 0.0716
717023 0.0699
717035 0.07146
717071 0.07161
717083 0.07158
717107 0.07128
717131 0.07176
717143 0.06993
717155 0.07144
717167 0.07163
717179 0.07156
717203 0.0708
717239 0.07164
717251 0.07086
717263 0.07162
717275 0.07131
717287 0.07165
717299 0.07087
717311 0.07161
717347 0.0714
717359 0.0716
717371 0.07171
717383 0.07097
717395 0.07133
717407 0.06968
717431 0.07149
717503 0.07157
717563 0.07115
717575 0.07151
717587 0.07167
717599 0.0717
717611 0.07147
717647 0.07113
717671 0.07172
717695 0.07114
717707 0.07139
717743 0.07154
717767 0.07115
717779 0.07163
717815 0.07151
717839 0.07156
717863 0.07005
717875 0.07142
717899 0.07161
717911 0.07176
717935 0.07118
717947 0.07128
717971 0.07143
717983 0.07086
717995 0.07094
718019 0.07144
718031 0.0692
718067 0.07158
718079 0.07179
718091 0.07157
718103 0.0716
718115 0.07137
718127 0.0718
718175 0.07179
718199 0.07011
718211 0.07123
718235 0.07148
718247 0.0693
718295 0.07141
718307 0.07105
718319 0.07176
718355 0.0715
718415 0.07166
718439 0.07173
718451 0.0713
718475 0.07131
718487 0.07128
718499 0.07153
718523 0.07076
718535 0.07136
718583 0.07169
718607 0.0717
718619 0.07147
718631 0.0717
718643 0.07134
718655 0.07072
718667 0.07114
718727 0.07132
718751 0.0707
718763 0.07136
718775 0.06986
718787 0.07111
718799 0.07133
718811 0.07158
718823 0.07173
718835 0.07077
718967 0.06907
718979 0.07161
718991 0.06995
719003 0.07111
719015 0.07137
719039 0.07126
719051 0.07118
719075 0.07163
719087 0.0716
719099 0.07137
719111 0.07178
719147 0.07142
719171 0.0712
719195 0.07115
719207 0.07013
719219 0.07165
719231 0.07158
719243 0.07115
719255 0.07157
719279 0.07122
719315 0.07133
719339 0.07167
719363 0.07118
719375 0.0701
719387 0.07146
719399 0.07032
719411 0.07131
719471 0.07145
719495 0.07152
719519 0.07117
719531 0.0717
719555 0.07149
719591 0.07172
719615 0.07172
719627 0.07127
719651 0.07151
719663 0.07171
719675 0.07106
719687 0.07149
719711 0.07052
719747 0.07026
719759 0.07169
719771 0.0713
719783 0.07038
719795 0.07154
719819 0.07123
719831 0.07005
719843 0.07126
719867 0.07035
719879 0.07152
719891 0.07121
719915 0.07156
719927 0.07144
719963 0.07101
719975 0.07042
719987 0.07178
719999 0.07164
720011 0.07179
720035 0.07119
720047 0.07008
720071 0.07141
720095 0.0714
720107 0.07159
720119 0.06996
720143 0.07161
720191 0.0716
720203 0.07105
720215 0.06997
720227 0.07138
720239 0.07138
720251 0.07176
720263 0.07017
720275 0.07139
720287 0.06856
720323 0.07134
720335 0.07136
720371 0.07135
720383 0.071
720395 0.07173
720431 0.07155
720443 0.07091
720455 0.07155
720479 0.07133
720539 0.0717
720551 0.07097
720575 0.07153
720599 0.07152
720623 0.07095
720635 0.07168
720647 0.07165
720659 0.07106
720719 0.07166
720755 0.07166
720803 0.07051
720827 0.07171
720839 0.07147
720851 0.07164
720863 0.07147
720875 0.07144
720911 0.0717
720935 0.07145
720959 0.07059
720995 0.07161
721019 0.07034
721031 0.0706
721055 0.07172
721067 0.0716
721091 0.07121
721151 0.07085
721175 0.07141
721187 0.07154
721211 0.07157
721247 0.07175
721259 0.07156
721271 0.07117
721403 0.07178
721415 0.07178
721427 0.07177
721463 0.07038
721475 0.07154
721487 0.0718
721511 0.07179
721559 0.07069
721583 0.07069
721595 0.07161
721607 0.07111
721655 0.07176
721667 0.07086
721679 0.07131
721691 0.07066
721715 0.07172
721727 0.07175
721751 0.07108
721775 0.07129
721799 0.07173
721811 0.0717
721823 0.07074
721847 0.06962
721871 0.07172
721907 0.07168
721943 0.07125
721955 0.07168
721967 0.07103
722003 0.07072
722015 0.07068
722039 0.07169
722051 0.07169
722075 0.0714
722087 0.07049
722099 0.07165
722171 0.07171
722207 0.07099
722219 0.0714
722231 0.07165
722267 0.07173
722279 0.07063
722303 0.07062
722315 0.07169
722327 0.07053
722339 0.07174
722351 0.07054
722375 0.07054
722387 0.07158
722399 0.07035
722423 0.07116
722435 0.07176
722471 0.0716
722483 0.07171
722495 0.07115
722507 0.07131
722531 0.07178
722543 0.07057
722567 0.07158
722579 0.07178
722591 0.07091
722603 0.07173
722615 0.07058
722627 0.07083
722651 0.07153
722675 0.07179
722699 0.06976
722735 0.07155
722747 0.07151
722759 0.07154
722795 0.07085
722831 0.07153
722855 0.07153
722867 0.07124
722891 0.07152
722927 0.07151
722939 0.07061
722951 0.07014
722975 0.07084
722987 0.07079
722999 0.0715
723035 0.07154
723059 0.07155
723083 0.07144
723095 0.07103
723107 0.07171
723143 0.07048
723155 0.07176
723179 0.07057
723191 0.07097
723239 0.07049
723251 0.07174
723275 0.07167
723299 0.07167
723311 0.07143
723323 0.07159
723347 0.07095
723359 0.07051
723395 0.07165
723419 0.07171
723431 0.07067
723455 0.07073
723503 0.07095
723515 0.07169
723527 0.07139
723539 0.07168
723575 0.07055
723599 0.07093
723611 0.07167
723635 0.07165
723647 0.07071
723659 0.07109
723683 0.07165
723695 0.07136
723707 0.07159
723719 0.07069
723731 0.07107
723743 0.07107
723767 0.07134
723779 0.06995
723827 0.07103
723875 0.07169
723887 0.07066
723911 0.07061
723935 0.0711
723971 0.0717
723995 0.07159
724019 0.07153
724031 0.07084
724043 0.07008
724055 0.07129
724067 0.07152
724091 0.07151
724127 0.07079
724139 0.07173
724151 0.07127
724163 0.07174
724175 0.07026
724223 0.07115
724271 0.07116
724283 0.07121
724295 0.06989
724307 0.07147
724319 0.07124
724343 0.07068
724355 0.07112
724367 0.07123
724379 0.07152
724391 0.07122
724427 0.07093
724439 0.07119
724451 0.0715
724463 0.0709
724475 0.07117
724511 0.0712
724535 0.0712
724559 0.07119
724571 0.07178
724595 0.07141
724607 0.07118
724619 0.07107
724679 0.07123
724715 0.07176
724727 0.07094
724739 0.07144
724763 0.07111
724775 0.0709
724799 0.07048
724811 0.0712
724823 0.07125
724859 0.07136
724883 0.07172
724895 0.07126
724907 0.07135
724931 0.07171
724943 0.07127
724955 0.07171
724979 0.07108
725003 0.07139
725015 0.07128
725027 0.07124
725051 0.07138
725063 0.07129
725075 0.07138
725087 0.07109
725123 0.07059
725135 0.07082
725171 0.07167
725195 0.07129
725207 0.07097
725255 0.07133
725267 0.07077
725279 0.07105
725339 0.07133
725375 0.071
725411 0.07121
725435 0.07116
725459 0.07161
725471 0.07107
725483 0.07117
725495 0.07137
725543 0.07108
725555 0.07159
725567 0.06764
725591 0.07138
725615 0.0711
725627 0.07134
725651 0.07125
725675 0.07093
725711 0.07111
725735 0.07112
725759 0.07141
725771 0.07155
725783 0.07142
725795 0.07154
725819 0.07117
725831 0.07108
725843 0.07123
725855 0.07143
725879 0.07143
725903 0.07064
725927 0.07092
725951 0.07145
725963 0.07151
725975 0.07096
725987 0.0714
726011 0.0715
726047 0.07117
726059 0.07149
726083 0.07149
726119 0.06986
726143 0.07099
726155 0.07143
726167 0.07022
726179 0.07134
726203 0.07083
726215 0.07101
726227 0.07114
726239 0.07101
726251 0.07145
726263 0.07101
726275 0.07135
726299 0.07131
726311 0.07019
726347 0.07137
726359 0.07084
726395 0.07132
726455 0.07061
726467 0.07148
726479 0.07105
726491 0.07141
726551 0.07155
726563 0.07139
726575 0.07155
726587 0.07141
726635 0.07151
726671 0.07128
726683 0.07152
726719 0.07158
726743 0.07129
726755 0.07123
726767 0.06784
726791 0.07159
726803 0.07071
726815 0.0713
726827 0.07124
726851 0.07155
726875 0.0714
726935 0.07073
726947 0.07147
726959 0.07127
727007 0.07071
727031 0.07071
727043 0.07143
727055 0.07084
727067 0.07042
727127 0.07136
727139 0.07053
727151 0.07077
727163 0.0713
727187 0.07151
727235 0.07096
727283 0.07055
727319 0.07089
727331 0.07148
727367 0.0714
727379 0.07036
727439 0.07136
727463 0.07082
727475 0.07166
727511 0.07142
727547 0.07167
727559 0.07172
727583 0.07172
727595 0.0711
727607 0.07011
727619 0.07153
727631 0.07173
727679 0.07174
727727 0.07141
727739 0.07161
727751 0.07096
727775 0.07083
727787 0.07161
727811 0.07171
727871 0.07177
727883 0.07158
727895 0.07129
727907 0.07115
727919 0.07099
727931 0.07159
727943 0.07099
727955 0.07164
727967 0.0715
727991 0.07091
728051 0.07145
728075 0.07166
728099 0.07167
728111 0.07178
728123 0.07162
728135 0.07153
728159 0.07094
728171 0.07163
728183 0.07176
728195 0.07178
728219 0.07163
728243 0.07179
728255 0.07096
728279 0.0715
728291 0.07122
728315 0.07179
728327 0.07151
728339 0.06957
728351 0.07156
728363 0.0715
728375 0.07157
728399 0.07138
728447 0.0707
728459 0.07173
728495 0.07159
728519 0.07154
728531 0.07153
728543 0.07096
728555 0.07153
728567 0.07155
728591 0.07102
728603 0.07173
728651 0.07171
728663 0.07162
728759 0.07037
728783 0.07164
728807 0.07159
728819 0.07095
728879 0.07146
728903 0.07166
728915 0.07167
728939 0.07083
728951 0.07161
728975 0.07167
728987 0.07047
728999 0.07162
729011 0.07177
729047 0.07163
729071 0.07105
729083 0.07164
729107 0.07175
729119 0.07164
729155 0.07179
729167 0.07038
729179 0.07173
729215 0.07083
729227 0.06782
729239 0.07166
729251 0.07178
729263 0.07172
729299 0.07139
729323 0.07177
729335 0.07123
729347 0.0717
729383 0.07155
729407 0.07174
729419 0.07169
729431 0.07156
729455 0.06994
729467 0.07063
729479 0.07117
729491 0.07173
729539 0.07081
729563 0.07172
729575 0.07177
729611 0.07136
729623 0.07159
729635 0.07164
729647 0.07173
729659 0.0717
729683 0.07173
729695 0.07116
729731 0.07071
729755 0.07174
729767 0.07179
729827 0.07148
729839 0.07132
729863 0.07132
729875 0.07148
729887 0.07177
729899 0.07149
729911 0.07178
729923 0.07177
729959 0.07179
729983 0.07125
729995 0.07178
730007 0.07052
730019 0.07151
730031 0.07173
730067 0.07145
730127 0.06839
730151 0.07124
730175 0.07177
730211 0.07177
730235 0.07177
730247 0.07175
730259 0.06833
730271 0.0717
730307 0.07151
730319 0.07174
730343 0.07171
730355 0.07175
730367 0.07167
730379 0.07078
730391 0.07128
730403 0.0715
730415 0.07025
730439 0.07173
730463 0.07142
730475 0.07154
730499 0.07159
730511 0.0717
730523 0.07023
730535 0.07163
730547 0.07171
730595 0.07152
730607 0.07162
730631 0.07176
730655 0.07097
730715 0.07168
730739 0.07163
730775 0.07148
730787 0.07166
730835 0.07165
730847 0.07163
730859 0.0709
730871 0.07163
730883 0.07164
730895 0.07179
730907 0.07164
730931 0.07117
730967 0.07161
730979 0.07167
730991 0.07161
731003 0.07162
731039 0.07104
731051 0.07161
731063 0.07175
731075 0.07125
731087 0.06971
731099 0.07169
731111 0.07153
731123 0.07141
731135 0.07174
731147 0.07135
731159 0.07118
731171 0.07163
731207 0.07156
731231 0.07172
731255 0.07172
731279 0.07156
731291 0.07173
731303 0.07143
731315 0.07165
731339 0.07131
731351 0.0717
731387 0.07119
731399 0.07158
731411 0.07154
731423 0.07159
731435 0.07135
731459 0.07176
731507 0.07168
731519 0.07152
731543 0.07161
731555 0.07151
731579 0.07099
731627 0.07178
731663 0.07154
731675 0.07171
731687 0.07147
731699 0.0713
731723 0.07148
731747 0.07179
731771 0.07178
731855 0.07138
731867 0.07175
731879 0.07143
731891 0.0712
731939 0.07119
731975 0.07168
731987 0.07177
732011 0.07136
732047 0.07134
732059 0.07107
732071 0.0717
732095 0.0717
732107 0.0714
732119 0.07099
732131 0.0714
732143 0.07162
732155 0.07171
732167 0.07134
732203 0.07179
732215 0.07172
732251 0.07114
732263 0.0716
732275 0.07119
732335 0.07165
732347 0.07136
732359 0.07134
732371 0.07176
732383 0.0715
732395 0.07135
732407 0.07028
732419 0.06995
732431 0.07176
732443 0.07143
732455 0.07167
732479 0.07148
732503 0.07139
732515 0.07173
732527 0.07125
732551 0.07165
732563 0.07119
732575 0.07165
732587 0.07162
732599 0.07179
732623 0.07123
732647 0.06998
732659 0.07161
732671 0.07171
732707 0.07169
732719 0.07132
732743 0.07178
732779 0.07159
732791 0.07169
732803 0.07167
732839 0.07174
732875 0.07166
732887 0.07101
732899 0.07125
732935 0.07174
732947 0.07089
732983 0.07176
732995 0.07163
733007 0.07148
733031 0.07172
733079 0.07136
733091 0.07162
733115 0.07155
733139 0.07152
733151 0.07179
733163 0.07129
733175 0.0718
733199 0.07107
733211 0.0715
733247 0.07152
733259 0.07149
733271 0.07178
733295 0.07177
733319 0.07167
733355 0.07156
733367 0.07114
733379 0.07091
733403 0.07122
733439 0.07129
733463 0.07179
733475 0.07154
733487 0.07012
733535 0.07173
733547 0.07144
733583 0.07177
733631 0.07158
733643 0.07163
733655 0.07175
733679 0.07175
733703 0.07159
733727 0.07116
733739 0.07084
733763 0.07148
733787 0.07136
733799 0.07157
733811 0.07166
733859 0.07082
733895 0.07171
733907 0.07138
733955 0.07169
733967 0.07164
733979 0.07086
734015 0.07168
734027 0.07132
734039 0.07163
734051 0.07144
734075 0.07102
734099 0.06963
734111 0.07116
734123 0.07172
734135 0.07167
734147 0.07142
734183 0.0716
734195 0.07173
734219 0.07173
734231 0.07159
734243 0.07086
734255 0.07169
734279 0.07163
734315 0.07175
734327 0.0717
734339 0.07128
734351 0.07171
734363 0.07149
734375 0.07161
734387 0.07096
734399 0.07156
734447 0.07172
734459 0.07148
734483 0.07178
734495 0.07029
734507 0.07125
734519 0.07158
734579 0.07092
734591 0.07142
734603 0.0718
734615 0.07175
734651 0.07154
734675 0.07155
734699 0.07178
734711 0.07083
734723 0.07156
734735 0.07177
734783 0.07138
734795 0.07176
734843 0.07175
734855 0.07169
734867 0.07147
734891 0.07174
734927 0.07179
734939 0.07159
734951 0.07178
734963 0.07148
734975 0.07178
734987 0.07149
734999 0.07137
735011 0.07157
735023 0.07177
735035 0.07161
735047 0.06926
735095 0.07105
735119 0.07173
735131 0.07159
735167 0.0714
735179 0.07168
735191 0.07174
735203 0.07164
735215 0.07175
735227 0.07153
735287 0.07142
735299 0.07162
735335 0.07143
735347 0.07155
735371 0.07163
735395 0.07117
735407 0.0711
735455 0.0708
735503 0.07139
735515 0.07169
735527 0.07081
735539 0.07169
735551 0.07146
735563 0.0717
735587 0.07159
735599 0.07178
735611 0.07171
735623 0.07165
735635 0.07167
735671 0.07148
735707 0.07169
735767 0.07068
735803 0.07069
735839 0.07151
735851 0.07163
735863 0.07132
735887 0.0694
735899 0.07175
735911 0.07172
735923 0.07164
735935 0.07131
735947 0.07066
735971 0.07048
735995 0.07174
736031 0.07129
736043 0.07151
736067 0.07058
736079 0.07123
736103 0.07168
736127 0.07122
736139 0.07093
736151 0.07157
736163 0.07149
736175 0.07157
736199 0.07166
736223 0.07124
736235 0.0712
736271 0.07165
736283 0.07042
736295 0.07164
736307 0.07179
736319 0.07118
736331 0.07122
736343 0.07111
736355 0.07122
736379 0.07034
736391 0.07062
736427 0.07082
736451 0.07041
736463 0.07161
736475 0.07143
736487 0.07128
736499 0.07177
736535 0.07163
736547 0.07085
736559 0.07104
736571 0.07171
736583 0.07159
736631 0.07146
736643 0.0714
736667 0.07174
736715 0.07178
736727 0.07132
736739 0.07168
736751 0.071
736775 0.07143
736799 0.07114
736835 0.0717
736859 0.0717
736895 0.07153
736907 0.07178
736919 0.07152
736967 0.07105
736979 0.07167
736991 0.07151
737003 0.07133
737015 0.07122
737027 0.07074
737063 0.07149
737075 0.07175
737087 0.07138
737099 0.07135
737123 0.07161
737135 0.07173
737171 0.07073
737195 0.07172
737219 0.07163
737267 0.07081
737315 0.07161
737375 0.07177
737399 0.07178
737447 0.07036
737459 0.07158
737471 0.07145
737495 0.0713
737519 0.0718
737543 0.07131
737555 0.07165
737603 0.07164
737615 0.07127
737639 0.07116
737651 0.0712
737675 0.07163
737699 0.07149
737759 0.07175
737771 0.07161
737795 0.07152
737831 0.07174
737867 0.07106
737879 0.07173
737891 0.07148
737903 0.07133
737939 0.06934
737963 0.07144
737975 0.07153
738023 0.07119
738047 0.07123
738095 0.07168
738119 0.07074
738155 0.07145
738191 0.07142
738203 0.0714
738215 0.07126
738227 0.07095
738239 0.07126
738251 0.07154
738275 0.07155
738299 0.07142
738311 0.07159
738323 0.07107
738335 0.07164
738347 0.07114
738359 0.07079
738371 0.0715
738395 0.07149
738407 0.07096
738431 0.07017
738455 0.07161
738479 0.07147
738503 0.07121
738527 0.07109
738575 0.07149
738587 0.07101
738599 0.07159
738647 0.07133
738659 0.07018
738671 0.07078
738719 0.07156
738755 0.07129
738767 0.07167
738779 0.07133
738803 0.07163
738815 0.07168
738887 0.07104
738911 0.07114
738947 0.07048
738971 0.07166
738983 0.07112
739007 0.07171
739019 0.07094
739043 0.07167
739067 0.07136
739091 0.07109
739115 0.07169
739127 0.06969
739139 0.07169
739151 0.07108
739175 0.07159
739211 0.07124
739223 0.0716
739235 0.07129
739247 0.07146
739271 0.07175
739319 0.07145
739355 0.07131
739367 0.07093
739403 0.07132
739415 0.07163
739427 0.07132
739451 0.07084
739475 0.07092
739487 0.0709
739499 0.07119
739535 0.0718
739547 0.07127
739559 0.07149
739607 0.07025
739619 0.07116
739643 0.07178
739667 0.07058
739679 0.07167
739691 0.07115
739703 0.07086
739715 0.07137
739727 0.07152
739739 0.07179
739775 0.07175
739811 0.07121
739823 0.07056
739835 0.07121
739883 0.07177
739895 0.07154
739919 0.07133
739955 0.07141
739979 0.07109
739991 0.07093
740015 0.07092
740027 0.07142
740039 0.07173
740051 0.07174
740063 0.07174
740075 0.07143
740111 0.07168
740135 0.07158
740147 0.07067
740159 0.07175
740183 0.07176
740195 0.07145
740207 0.07077
740231 0.07127
740243 0.07113
740255 0.07166
740267 0.07146
740291 0.0717
740339 0.07013
740375 0.07163
740399 0.07163
740411 0.07101
740435 0.07167
740447 0.07039
740459 0.07109
740471 0.06978
740495 0.07164
740507 0.07133
740531 0.07151
740543 0.0707
740555 0.07134
740567 0.07132
740579 0.07103
740627 0.07106
740639 0.07167
740663 0.07175
740675 0.07136
740699 0.07113
740723 0.07161
740747 0.07137
740759 0.07023
740771 0.07138
740783 0.07173
740795 0.0716
740807 0.0717
740819 0.07089
740831 0.07136
740843 0.07115
740867 0.07012
740879 0.07031
740915 0.07157
740927 0.07114
740963 0.07157
740975 0.07173
740999 0.07112
741047 0.07174
741083 0.07154
741095 0.07166
741107 0.07097
741143 0.07031
741155 0.07121
741167 0.07148
741179 0.07121
741191 0.07176
741239 0.07177
741251 0.07122
741263 0.07163
741275 0.0715
741287 0.07056
741299 0.07115
741311 0.07145
741323 0.07123
741335 0.07145
741359 0.07067
741407 0.07055
741419 0.07148
741443 0.07166
741455 0.07147
741527 0.07141
741539 0.07119
741551 0.07177
741575 0.07157
741587 0.07169
741623 0.07062
741635 0.07169
741647 0.07175
741707 0.07076
741731 0.07093
741755 0.07141
741791 0.07136
741815 0.07046
741851 0.07156
741863 0.07152
741875 0.07173
741887 0.07134
741899 0.07138
741911 0.07154
741923 0.07157
741947 0.07175
741959 0.07169
741971 0.07137
742007 0.07042
742019 0.07135
742067 0.07177
742079 0.07053
742103 0.0713
742115 0.07177
742139 0.07137
742163 0.07138
742175 0.07165
742187 0.07101
742223 0.07043
742235 0.07179
742259 0.07132
742271 0.07144
742295 0.07143
742319 0.07162
742331 0.0714
742343 0.07142
742367 0.07161
742403 0.07081
742427 0.07176
742451 0.07105
742463 0.0714
742475 0.07127
742487 0.07164
742511 0.07158
742523 0.07167
742535 0.07122
742583 0.07166
742595 0.07173
742631 0.07076
742643 0.07146
742667 0.06971
742679 0.07042
742691 0.07109
742727 0.07154
742739 0.07044
742751 0.07153
742775 0.07169
742787 0.07169
742799 0.07153
742811 0.07121
742823 0.07116
742835 0.07172
742871 0.06998
742883 0.07089
742919 0.0715
742931 0.07143
742955 0.07118
742979 0.07143
743015 0.07148
743039 0.07073
743051 0.07176
743075 0.07176
743087 0.07084
743099 0.07093
743171 0.07154
743183 0.07109
743207 0.0706
743219 0.07147
743231 0.07144
743243 0.07179
743255 0.07177
743303 0.07178
743351 0.07142
743387 0.07178
743399 0.07141
743411 0.07157
743435 0.07056
743459 0.07151
743471 0.07121
743495 0.07103
743543 0.07025
743567 0.07138
743603 0.07173
743627 0.07173
743651 0.07153
743663 0.07175
743687 0.07174
743699 0.07163
743723 0.07164
743759 0.07073
743771 0.07157
743795 0.0717
743807 0.07073
743831 0.07097
743843 0.07169
743855 0.07171
743867 0.07047
743879 0.07075
743903 0.0717
743927 0.07131
743951 0.07169
743963 0.07147
743975 0.07098
744011 0.07108
744023 0.07016
744035 0.07169
744047 0.07129
744059 0.07161
744095 0.07128
744107 0.07164
744119 0.07053
744131 0.07163
744143 0.07108
744155 0.07095
744167 0.07165
744191 0.07165
744215 0.0708
744227 0.07161
744275 0.07173
744287 0.07163
744299 0.0707
744311 0.07162
744347 0.07037
744359 0.07123
744383 0.07103
744395 0.07167
744419 0.07076
744479 0.07101
744491 0.07176
744515 0.0714
744527 0.07158
744551 0.07083
744575 0.07109
744587 0.07155
744623 0.07156
744647 0.07156
744671 0.07084
744683 0.07119
744695 0.07116
744719 0.07089
744743 0.07096
744755 0.07178
744803 0.0715
744815 0.07114
744839 0.07113
744851 0.07122
744863 0.07152
744875 0.07176
744887 0.07091
744899 0.07175
744935 0.07115
744947 0.07147
744983 0.07149
744995 0.07177
745007 0.07116
745019 0.07082
745043 0.07173
745079 0.0709
745115 0.07179
745127 0.07118
745139 0.0718
745163 0.07127
745199 0.07107
745211 0.07169
745223 0.07094
745235 0.07169
745271 0.07105
745283 0.07153
745319 0.07099
745331 0.07176
745355 0.07154
745367 0.07096
745403 0.07131
745415 0.07123
745427 0.07174
745439 0.07075
745451 0.07174
745463 0.07083
745475 0.07156
745487 0.07124
745499 0.07039
745523 0.07157
745535 0.07139
745559 0.07103
745571 0.07163
745583 0.0708
745607 0.07078
745643 0.07114
745655 0.07127
745703 0.07078
745775 0.07134
745799 0.07107
745835 0.07166
745847 0.07133
745883 0.07157
745895 0.07105
745907 0.07163
745919 0.07109
745943 0.07065
745967 0.07132
745991 0.07084
746003 0.07141
746015 0.07107
746027 0.07127
746039 0.07111
746063 0.07071
746075 0.07166
746087 0.07128
746111 0.07134
746123 0.07167
746135 0.07127
746147 0.07167
746159 0.07088
746207 0.07136
746219 0.0715
746279 0.07115
746291 0.07122
746327 0.06928
746339 0.07157
746375 0.07139
746387 0.0712
746399 0.07117
746423 0.07139
746447 0.07121
746471 0.0714
746495 0.07115
746519 0.07093
746555 0.07153
746567 0.07116
746579 0.07152
746591 0.0712
746603 0.07175
746639 0.07095
746651 0.07175
746663 0.07117
746675 0.0715
746687 0.07144
746699 0.07081
746711 0.07144
746735 0.07122
746759 0.07097
746771 0.07154
746783 0.07079
746795 0.07155
746819 0.07079
746831 0.07146
746867 0.07179
746879 0.07125
746927 0.07122
746963 0.07109
746975 0.07149
746987 0.07144
746999 0.07127
747011 0.07144
747035 0.07134
747059 0.07134
747119 0.07103
747155 0.07175
747167 0.07152
747179 0.07132
747191 0.07126
747215 0.07107
747227 0.07103
747251 0.07173
747275 0.07139
747299 0.07163
747311 0.07132
747335 0.07132
747347 0.07105
747359 0.06992
747383 0.07155
747395 0.0717
747419 0.07122
747431 0.07134
747443 0.07127
747479 0.07135
747491 0.07168
747503 0.07157
747551 0.07158
747575 0.07133
747623 0.07093
747635 0.0713
747659 0.07131
747671 0.07138
747683 0.07131
747707 0.07164
747719 0.07113
747767 0.07162
747779 0.07129
747791 0.0714
747803 0.07171
747875 0.07134
747887 0.07138
747899 0.07173
747911 0.07064
747935 0.0707
747947 0.07102
747959 0.07099
747983 0.07092
747995 0.07136
748007 0.07143
748031 0.07118
748043 0.07175
748055 0.07167
748067 0.07157
748079 0.07052
748103 0.07142
748127 0.07145
748151 0.07168
748163 0.07086
748175 0.07146
748187 0.07121
748223 0.07144
748235 0.07179
748259 0.0712
748295 0.07171
748307 0.07153
748319 0.07123
748355 0.07179
748367 0.07172
748403 0.07178
748415 0.07078
748427 0.0715
748439 0.07151
748475 0.07176
748511 0.07126
748535 0.07149
748547 0.07125
748571 0.07148
748595 0.07147
748607 0.07176
748619 0.07174
748667 0.07077
748679 0.07155
748715 0.07172
748739 0.07171
748751 0.07084
748775 0.07156
748787 0.07144
748799 0.07071
748811 0.07116
748847 0.07132
748859 0.07169
748907 0.07118
748919 0.07159
748931 0.07168
748943 0.07074
748967 0.07177
748979 0.07152
748991 0.07177
749003 0.07148
749039 0.06973
749063 0.07089
749075 0.07165
749099 0.07154
749111 0.07175
749123 0.07164
749159 0.07137
749207 0.07173
749255 0.0703
749291 0.07161
749303 0.07019
749315 0.07158
749375 0.07169
749411 0.07132
749435 0.0716
749447 0.07164
749459 0.07071
749507 0.07059
749519 0.07091
749531 0.07161
749567 0.07059
749579 0.07129
749591 0.0717
749603 0.07158
749615 0.0717
749627 0.07128
749639 0.07145
749651 0.07159
749663 0.07127
749675 0.0716
749687 0.07168
749699 0.07164
749723 0.07152
749735 0.07172
749759 0.07032
749783 0.07101
749819 0.07166
749831 0.07174
749867 0.07147
749879 0.07089
749903 0.07171
749915 0.07164
749951 0.07176
749963 0.07148
749975 0.07158
749999 0.07176
750011 0.07169
750023 0.07157
750035 0.0717
750047 0.07174
750071 0.07152
750095 0.07178
750107 0.07151
750143 0.07135
750155 0.07172
750167 0.07179
750191 0.07176
750215 0.07177
750227 0.07089
750239 0.07179
750251 0.07154
750275 0.0717
750323 0.07175
750359 0.07176
750395 0.07086
750431 0.07074
750443 0.07177
750467 0.07144
750479 0.07007
750491 0.07173
750515 0.07178
750527 0.07173
750539 0.07141
750563 0.07179
750575 0.07142
750587 0.07159
750611 0.07142
750623 0.07175
750635 0.07175
750647 0.07171
750659 0.07125
750671 0.07162
750683 0.07176
750695 0.07174
750743 0.07173
750767 0.07079
750815 0.07164
750839 0.07167
750851 0.07179
750875 0.07164
750899 0.07094
750935 0.07169
750947 0.07152
750959 0.07167
750971 0.07178
751019 0.0711
751031 0.07168
751043 0.07172
751067 0.07167
751079 0.07169
751127 0.07162
751175 0.07152
751187 0.07087
751211 0.07152
751223 0.07164
751247 0.07171
751271 0.07087
751295 0.07126
751355 0.07172
751391 0.07156
751403 0.07173
751415 0.07122
751451 0.07169
751475 0.07168
751487 0.07129
751511 0.0713
751535 0.07158
751547 0.07111
751559 0.07177
751571 0.07162
751583 0.07159
751595 0.07176
751607 0.07131
751655 0.07178
751667 0.07163
751679 0.07179
751751 0.07162
751775 0.07128
751811 0.07086
751835 0.07124
751847 0.07178
751859 0.07162
751931 0.07146
751955 0.07126
751979 0.07169
751991 0.07145
752003 0.07147
752015 0.07138
752027 0.07082
752039 0.06981
752063 0.07167
752099 0.07171
752159 0.07169
752219 0.07168
752231 0.07128
752243 0.07063
752255 0.07144
752267 0.07173
752315 0.07152
752327 0.07143
752339 0.07132
752375 0.07172
752387 0.07171
752399 0.07131
752435 0.0715
752471 0.07008
752495 0.0714
752507 0.07177
752531 0.07121
752543 0.07147
752555 0.07128
752567 0.07134
752579 0.07136
752591 0.07176
752663 0.07149
752675 0.0713
752711 0.07161
752723 0.07159
752735 0.07135
752759 0.07137
752783 0.07145
752843 0.0716
752879 0.07158
752927 0.0714
752951 0.07154
752975 0.07154
752987 0.07143
753011 0.07173
753047 0.07141
753059 0.07133
753071 0.07129
753083 0.07138
753095 0.07175
753107 0.07005
753119 0.0715
753131 0.07175
753155 0.07138
753167 0.07157
753179 0.07146
753215 0.07172
753239 0.07151
753251 0.07173
753275 0.07152
753287 0.07121
753299 0.07167
753323 0.07135
753335 0.0717
753359 0.07149
753371 0.07171
753395 0.0715
753407 0.07123
753419 0.0717
753431 0.07122
753455 0.07124
753479 0.07147
753491 0.07151
753503 0.06989
753515 0.07147
753551 0.07157
753563 0.07146
753575 0.07145
753599 0.07115
753623 0.07126
753635 0.07174
753671 0.07143
753683 0.07146
753695 0.07142
753755 0.07176
753767 0.07153
753779 0.07163
753791 0.07115
753815 0.07161
753827 0.07089
753875 0.07178
753887 0.07169
753899 0.07161
753911 0.07101
753923 0.07179
753935 0.07131
753971 0.07092
753995 0.07154
754007 0.07171
754031 0.07157
754055 0.07166
754079 0.07156
754091 0.07152
754103 0.07173
754115 0.07157
754127 0.07173
754139 0.07151
754151 0.07088
754175 0.07174
754199 0.07154
754247 0.07137
754259 0.07154
754271 0.07169
754295 0.0717
754307 0.07153
754319 0.07131
754331 0.07165
754355 0.07173
754475 0.07145
754487 0.07165
754499 0.07168
754511 0.07166
754523 0.07169
754607 0.07178
754619 0.07168
754631 0.07178
754643 0.07162
754655 0.07177
754667 0.07163
754691 0.07141
754727 0.07098
754763 0.07165
754775 0.07178
754787 0.07144
754799 0.07178
754823 0.07178
754847 0.06854
754883 0.0716
754919 0.07172
754943 0.07179
755003 0.07053
755015 0.07174
755027 0.07119
755039 0.07177
755051 0.07159
755063 0.0717
755075 0.07169
755099 0.07177
755159 0.07176
755183 0.07174
755195 0.07179
755207 0.07177
755231 0.07173
755291 0.07178
755315 0.07178
755327 0.07165
755339 0.07178
755375 0.07179
755411 0.07175
755423 0.07048
755435 0.07152
755447 0.07178
755459 0.07152
755471 0.07169
755495 0.07168
755507 0.07177
755519 0.07168
755531 0.07177
755543 0.0716
755555 0.07177
755579 0.07172
755603 0.07178
755615 0.07159
755639 0.07165
755651 0.07172
755675 0.07173
755687 0.07173
755699 0.07174
755723 0.07174
755735 0.07173
755747 0.07126
755783 0.07163
755795 0.07169
755807 0.07085
755819 0.07164
755831 0.07132
755891 0.07176
755915 0.07165
755927 0.07169
755975 0.07152
755987 0.07121
755999 0.07168
756035 0.07179
756047 0.07166
756059 0.0718
756071 0.07167
756083 0.07172
756095 0.07167
756119 0.07137
756143 0.07168
756155 0.07171
756203 0.07089
756275 0.07176
756299 0.07159
756335 0.07113
756347 0.07172
756359 0.07161
756371 0.07173
756383 0.07172
756407 0.07172
756431 0.07173
756455 0.0715
756479 0.0715
756539 0.07131
756551 0.07175
756575 0.07157
756599 0.07145
756611 0.07177
756635 0.07153
756647 0.07176
756659 0.07178
756671 0.07155
756707 0.07058
756731 0.07179
756755 0.07179
756767 0.07178
756779 0.07106
756791 0.07179
756803 0.07126
756815 0.07148
756827 0.07158
756851 0.07158
756863 0.07144
756875 0.0714
756899 0.07177
756911 0.0715
756935 0.07178
756947 0.07147
756959 0.07151
756983 0.07133
756995 0.07162
757007 0.07152
757055 0.07176
757079 0.07148
757139 0.07139
757163 0.07152
757175 0.07145
757199 0.07076
757211 0.07158
757223 0.07139
757235 0.07171
757283 0.07156
757295 0.07156
757367 0.0717
757379 0.07143
757391 0.0717
757427 0.07144
757451 0.07153
757463 0.07143
757475 0.0711
757499 0.07152
757511 0.0716
757547 0.07165
757559 0.07161
757571 0.07151
757595 0.07144
757619 0.07164
757643 0.07111
757667 0.07163
757679 0.07127
757703 0.07164
757715 0.07148
757775 0.07159
757787 0.07161
757799 0.07165
757835 0.0716
757847 0.07117
757859 0.0713
757871 0.0716
757883 0.07145
757907 0.07157
757919 0.07166
757931 0.07157
757955 0.07128
757967 0.07151
757979 0.07153
757991 0.07168
758027 0.07156
758039 0.07129
758063 0.07164
758075 0.07159
758135 0.0717
758147 0.07081
758171 0.07153
758183 0.07111
758207 0.07154
758219 0.07157
758291 0.07108
758303 0.07108
758315 0.07123
758327 0.07127
758351 0.07114
758387 0.07129
758399 0.07169
758423 0.07113
758447 0.07175
758459 0.07093
758471 0.07121
758495 0.07105
758507 0.07166
758531 0.07167
758543 0.06849
758555 0.07162
758567 0.07177
758591 0.07172
758603 0.07132
758615 0.07146
758627 0.07124
758663 0.07174
758675 0.07164
758735 0.07179
758747 0.07122
758759 0.07107
758795 0.07171
758879 0.07177
758903 0.07167
758939 0.07168
758951 0.07137
758975 0.07168
758999 0.07174
759023 0.07168
759035 0.07135
759059 0.07136
759071 0.07179
759095 0.07109
759107 0.07171
759119 0.07172
759143 0.07178
759155 0.07172
759191 0.07171
759203 0.07178
759215 0.07176
759251 0.07106
759275 0.07179
759299 0.07132
759311 0.07168
759323 0.0714
759335 0.07133
759347 0.07179
759383 0.07174
759395 0.07178
759407 0.07039
759419 0.07176
759443 0.07116
759527 0.07177
759539 0.07178
759563 0.07075
759575 0.07178
759587 0.07175
759611 0.07148
759635 0.07145
759647 0.07124
759683 0.07111
759743 0.07166
759755 0.07171
759767 0.07178
759779 0.07123
759791 0.07159
759827 0.07115
759839 0.07159
759851 0.0717
759875 0.07175
759887 0.07152
759935 0.07175
759983 0.07162
759995 0.07173
760019 0.07172
760031 0.07173
760055 0.07173
760067 0.07165
760091 0.07153
760115 0.07165
760127 0.07153
760151 0.07165
760175 0.07158
760247 0.07169
760259 0.07168
760271 0.07156
760283 0.07109
760295 0.07168
760319 0.07159
760331 0.07157
760391 0.07173
760403 0.07159
760427 0.07111
760439 0.07161
760451 0.07164
760463 0.07137
760475 0.07159
760487 0.07165
760523 0.0716
760535 0.07177
760547 0.07162
760559 0.07082
760571 0.07156
760583 0.07163
760595 0.07161
760631 0.07164
760655 0.07162
760667 0.0716
760679 0.07149
760703 0.07161
760751 0.0716
760763 0.06994
760775 0.07167
760787 0.07158
760811 0.07151
760823 0.07159
760835 0.07073
760883 0.07166
760895 0.07169
760907 0.07133
760919 0.07169
760931 0.07075
760943 0.07145
760955 0.07155
760967 0.07128
760979 0.07167
761027 0.07153
761063 0.07154
761099 0.07152
761111 0.07172
761135 0.07153
761147 0.07098
761171 0.07124
761231 0.07138
761243 0.07171
761255 0.07144
761267 0.07149
761279 0.07137
761303 0.0715
761339 0.07147
761375 0.07148
761411 0.07146
761423 0.07119
761447 0.07178
761495 0.07178
761627 0.07082
761639 0.0715
761663 0.07151
761675 0.07087
761687 0.07177
761699 0.07179
761723 0.07133
761759 0.07176
761771 0.07179
761783 0.07153
761819 0.07148
761843 0.07178
761891 0.07137
761903 0.07127
761915 0.0715
761987 0.07129
761999 0.07171
762023 0.07157
762047 0.07163
762059 0.07089
762107 0.07024
762119 0.07147
762131 0.07153
762143 0.07165
762155 0.07095
762179 0.07154
762263 0.07167
762287 0.07133
762299 0.07142
762311 0.07167
762323 0.07169
762347 0.07128
762383 0.07169
762395 0.07167
762431 0.07163
762515 0.07159
762527 0.0703
762551 0.07171
762683 0.06959
762719 0.07168
762755 0.0715
762767 0.07157
762803 0.07035
762839 0.07108
762851 0.07151
762887 0.07159
762923 0.07152
762935 0.07178
762947 0.07166
762983 0.07105
763019 0.07168
763055 0.07179
763079 0.07151
763103 0.07179
763127 0.07163
763139 0.07111
763151 0.07178
763187 0.0717
763199 0.07164
763211 0.07112
763235 0.07112
763247 0.07148
763283 0.07044
763331 0.07173
763379 0.07173
763439 0.07168
763475 0.07175
763499 0.07175
763535 0.07143
763607 0.07171
763631 0.07141
763655 0.07175
763691 0.07087
763703 0.07092
763727 0.07167
763763 0.07166
763775 0.07173
763871 0.07164
763895 0.07171
763979 0.0712
764015 0.07161
764063 0.07162
764075 0.07093
764087 0.07097
764123 0.07109
764135 0.07163
764147 0.07127
764159 0.07131
764207 0.07042
764219 0.07133
764243 0.07133
764267 0.0717
764279 0.07177
764315 0.07175
764351 0.0712
764363 0.07113
764483 0.07178
764531 0.07101
764543 0.07159
764555 0.07165
764567 0.07172
764615 0.07124
764639 0.0717
764651 0.07179
764687 0.07172
764699 0.07162
764711 0.07149
764747 0.07133
764759 0.07127
764807 0.07147
764831 0.07175
764867 0.07139
764927 0.07129
764951 0.07116
764963 0.07123
765023 0.07178
765035 0.07171
765071 0.07162
765083 0.0717
765095 0.07179
765107 0.07143
765119 0.0712
765167 0.07133
765179 0.07153
765215 0.0716
765263 0.07076
765275 0.07167
765299 0.07142
765311 0.07158
765323 0.07114
765359 0.07157
765371 0.07129
765395 0.07115
765407 0.07137
765443 0.07131
765455 0.07138
765491 0.07149
765527 0.07172
765551 0.0714
765563 0.07161
765575 0.07133
765635 0.07145
765647 0.07141
765683 0.07134
765695 0.07151
765719 0.0715
765803 0.07121
765815 0.07167
765839 0.07132
765863 0.07127
765875 0.07155
765887 0.07147
765911 0.07145
765923 0.07155
765935 0.07098
765959 0.07146
766019 0.07153
766043 0.07125
766103 0.07068
766115 0.07141
766139 0.07159
766151 0.07161
766199 0.07079
766307 0.06974
766319 0.07089
766331 0.07163
766343 0.07157
766379 0.07163
766391 0.07141
766403 0.07094
766427 0.07131
766463 0.07155
766475 0.07095
766499 0.07161
766523 0.0711
766535 0.07155
766631 0.07157
766643 0.0715
766655 0.07119
766775 0.07089
766823 0.07148
766859 0.07171
766955 0.07169
767003 0.07141
767027 0.07119
767039 0.07151
767063 0.07105
767159 0.07166
767171 0.07144
767183 0.07096
767207 0.07123
767219 0.07177
767255 0.07124
767267 0.07145
767303 0.07125
767315 0.07179
767327 0.0712
767351 0.0712
767363 0.07162
767375 0.07156
767387 0.0718
767411 0.07127
767447 0.07136
767459 0.07178
767519 0.07171
767531 0.07127
767543 0.07092
767567 0.07116
767579 0.07179
767591 0.07134
767639 0.07101
767675 0.07043
767699 0.07179
767795 0.07172
767807 0.07176
767855 0.07164
767903 0.07135
767927 0.07178
767963 0.07171
767975 0.07166
767987 0.07173
767999 0.07094
768011 0.07172
768023 0.07126
768071 0.07109
768083 0.07173
768095 0.07178
768131 0.07174
768143 0.0701
768179 0.07113
768215 0.07112
768239 0.0717
768251 0.07161
768275 0.0714
768287 0.07171
768299 0.07177
768311 0.07174
768383 0.07143
768395 0.07163
768443 0.07164
768455 0.07174
768467 0.07098
768527 0.07175
768587 0.07166
768611 0.07162
768635 0.07161
768683 0.06939
768719 0.07167
768731 0.07169
768755 0.07159
768827 0.07158
768839 0.07165
768875 0.07152
768899 0.07149
768911 0.07151
768935 0.07163
768947 0.07172
769043 0.07169
769079 0.07175
769103 0.07154
769139 0.07167
769163 0.07153
769175 0.07173
769211 0.07166
769223 0.07023
769235 0.07154
769295 0.0717
769343 0.07101
769367 0.07169
769403 0.07142
769415 0.07139
769439 0.07122
769451 0.07179
769475 0.07178
769499 0.07122
769511 0.07166
769523 0.07144
769535 0.07166
769571 0.07176
769583 0.07029
769595 0.0716
769607 0.0715
769631 0.07135
769643 0.07175
769655 0.07135
769667 0.07146
769679 0.07144
769703 0.07137
769715 0.07136
769787 0.07172
769811 0.07172
769823 0.07139
769859 0.07138
769883 0.0715
769895 0.07147
769907 0.07021
769931 0.07065
769991 0.07143
770003 0.07168
770015 0.07169
770075 0.07169
770087 0.07022
770171 0.07125
770195 0.07171
770231 0.07173
770243 0.07164
770267 0.07172
770279 0.07052
770303 0.07084
770327 0.07147
770339 0.07145
770351 0.07175
770363 0.07128
770399 0.07175
770411 0.07174
770423 0.07043
770471 0.07139
770495 0.07148
770543 0.07048
770627 0.07178
770651 0.07178
770687 0.07145
770723 0.07163
770735 0.07161
770747 0.07117
770783 0.07043
770807 0.07162
770831 0.07177
770855 0.07155
770879 0.07155
770939 0.07134
770963 0.07151
770975 0.07165
770999 0.07173
771023 0.07158
771035 0.07174
771071 0.07138
771083 0.07169
771107 0.0717
771119 0.07149
771131 0.07172
771167 0.07168
771203 0.07057
771263 0.07169
771323 0.07173
771347 0.07152
771383 0.07164
771407 0.07172
771419 0.07168
771443 0.07142
771467 0.07154
771491 0.07176
771539 0.07123
771575 0.07174
771611 0.07164
771635 0.07163
771671 0.07176
771683 0.0715
771707 0.07179
771731 0.0718
771743 0.07064
771767 0.07039
771779 0.07047
771791 0.07178
771803 0.07135
771839 0.07179
771875 0.07134
771923 0.07159
771959 0.07156
771983 0.07049
772043 0.07174
772055 0.07175
772079 0.07174
772103 0.07013
772151 0.07176
772163 0.07158
772175 0.07176
772199 0.07071
772223 0.07072
772259 0.07109
772283 0.07126
772307 0.07151
772319 0.07169
772343 0.07179
772355 0.07168
772427 0.07167
772463 0.07146
772487 0.07169
772511 0.07168
772535 0.07168
772583 0.07078
772595 0.07164
772643 0.06979
772679 0.07175
772727 0.07174
772751 0.07174
772775 0.07173
772823 0.07171
772883 0.07169
772943 0.07179
772979 0.07178
773015 0.07179
773099 0.07137
773111 0.07177
773135 0.07165
773171 0.07135
773243 0.07175
773279 0.07164
773291 0.07176
773303 0.0707
773315 0.07132
773327 0.06963
773351 0.07173
773375 0.07173
773411 0.07173
773435 0.07105
773471 0.07171
773483 0.07016
773519 0.07168
773543 0.07169
773555 0.07138
773591 0.07169
773639 0.07168
773651 0.07139
773663 0.07156
773675 0.07177
773687 0.07171
773699 0.07126
773747 0.07176
773759 0.07088
773783 0.07097
773795 0.07175
773819 0.07142
773843 0.06913
773855 0.07153
773891 0.07173
773903 0.0712
773915 0.07143
773963 0.07138
774095 0.07159
774167 0.07138
774203 0.07167
774215 0.07179
774227 0.0709
774275 0.07091
774287 0.07145
774299 0.07114
774335 0.07144
774347 0.07165
774359 0.07154
774395 0.07155
774455 0.07142
774479 0.07132
774503 0.07007
774515 0.07153
774527 0.07174
774539 0.07068
774563 0.07067
774587 0.07154
774599 0.0715
774623 0.07149
774647 0.07138
774659 0.0715
774683 0.07108
774695 0.07171
774755 0.07148
774815 0.07134
774839 0.07135
774851 0.07158
774911 0.07134
774923 0.07154
774935 0.07167
774947 0.0716
774983 0.07143
774995 0.07144
775019 0.07161
775031 0.06979
775055 0.0713
775115 0.07163
775127 0.07163
775139 0.07141
775199 0.07162
775211 0.07149
775223 0.07138
775283 0.07114
775307 0.07113
775319 0.06961
775331 0.07108
775355 0.07146
775403 0.07112
775475 0.07168
775487 0.07114
775523 0.06946
775535 0.07156
775547 0.07109
775559 0.07155
775583 0.0712
775631 0.07144
775703 0.0713
775715 0.07139
775751 0.07152
775775 0.07151
775847 0.07115
775883 0.0706
775895 0.07148
775979 0.07028
776051 0.071
776063 0.06971
776111 0.07134
776123 0.07132
776147 0.07179
776171 0.07122
776207 0.07153
776231 0.07136
776243 0.0713
776279 0.07142
776315 0.0712
776339 0.07096
776375 0.07156
776387 0.07127
776411 0.07175
776423 0.0712
776435 0.07175
776459 0.07174
776567 0.07137
776591 0.07103
776603 0.06911
776663 0.07124
776675 0.0717
776699 0.0717
776723 0.07045
776735 0.07125
776795 0.07132
776807 0.07163
776843 0.07068
776867 0.07167
776903 0.06962
776951 0.07129
776963 0.07116
776975 0.07166
776999 0.06984
777035 0.07107
777059 0.07007
777083 0.06919
777095 0.07093
777107 0.07137
777131 0.0708
777263 0.07134
777287 0.07123
777299 0.07069
777335 0.0708
777347 0.07158
777359 0.07172
777407 0.07136
777467 0.07156
777491 0.07114
777539 0.07115
777563 0.07073
777575 0.07095
777611 0.07153
777623 0.06996
777635 0.07116
777647 0.07176
777659 0.07108
777719 0.07177
777767 0.0708
777779 0.07147
777803 0.07101
777815 0.07114
777875 0.07149
777923 0.07052
777935 0.07178
777971 0.07098
777983 0.07164
778007 0.06944
778055 0.07109
778103 0.07166
778115 0.07153
778127 0.07175
778139 0.07153
778175 0.07003
778199 0.07168
778235 0.07118
778259 0.07155
778331 0.07156
778343 0.0707
778367 0.07104
778415 0.07152
778451 0.07121
778463 0.07172
778475 0.07089
778487 0.07153
778499 0.07159
778583 0.07077
778631 0.07175
778679 0.07033
778691 0.07091
778703 0.07157
778715 0.07134
778739 0.07072
778751 0.07177
778799 0.07177
778811 0.07083
778835 0.07164
778859 0.07165
778895 0.07179
778919 0.0716
778943 0.07028
778991 0.07161
779015 0.07162
779027 0.07167
779075 0.07078
779087 0.07048
779147 0.07169
779171 0.07141
779183 0.07165
779195 0.0717
779243 0.07025
779303 0.07166
779375 0.07152
779399 0.07171
779423 0.07171
779447 0.07169
779471 0.0717
779555 0.07078
779567 0.07048
779627 0.0714
779651 0.0708
779687 0.07037
779711 0.07165
779723 0.07056
779735 0.07145
779759 0.07056
779783 0.07044
779807 0.07144
779819 0.07179
779843 0.0711
779855 0.07054
779867 0.07178
779915 0.07145
779951 0.07177
779975 0.07177
779999 0.0716
780011 0.07176
780023 0.07178
780059 0.07108
780071 0.0705
780083 0.07062
780155 0.07115
780227 0.07149
780239 0.07156
780263 0.07177
780311 0.07154
780335 0.07154
780359 0.07025
780407 0.07133
780431 0.07174
780443 0.07119
780455 0.07041
780467 0.071
780491 0.07052
780503 0.07042
780575 0.07042
780599 0.07149
780611 0.07165
780623 0.07149
780743 0.07038
780767 0.07168
780779 0.07109
780827 0.07074
780863 0.07166
780875 0.0716
780923 0.07127
780935 0.07049
780983 0.07142
780995 0.07158
781031 0.07163
781055 0.07051
781091 0.07163
781103 0.07162
781115 0.07172
781175 0.0716
781187 0.07165
781223 0.07044
781235 0.07174
781259 0.07132
781319 0.07136
781331 0.07085
781343 0.07136
781355 0.07167
781415 0.07026
781451 0.07177
781463 0.07155
781475 0.07178
781499 0.07136
781547 0.07179
781583 0.07131
781643 0.06999
781655 0.0713
781691 0.07173
781703 0.07151
781715 0.07178
781739 0.07144
781751 0.07052
781763 0.07029
781787 0.07176
781811 0.07175
781835 0.07175
781871 0.07148
781895 0.07147
781907 0.07116
781943 0.07146
781955 0.07177
782015 0.07103
782027 0.07178
782051 0.07171
782063 0.07067
782099 0.07179
782111 0.07102
782195 0.07178
782243 0.07027
782255 0.07048
782291 0.07177
782303 0.07118
782315 0.07133
782327 0.07098
782351 0.07117
782363 0.06944
782423 0.07116
782459 0.07173
782471 0.07095
782483 0.07016
782495 0.07095
782507 0.07132
782543 0.07073
782579 0.07162
782591 0.07093
782603 0.07154
782615 0.07112
782627 0.0717
782639 0.07026
782651 0.0717
782675 0.07155
782759 0.07076
782807 0.07023
782819 0.07167
782867 0.07166
782879 0.07058
782903 0.07129
782915 0.07143
782927 0.06954
782951 0.07106
782987 0.07079
783035 0.07141
783107 0.07162
783179 0.07163
783203 0.07069
783215 0.07085
783275 0.07164
783287 0.06981
783335 0.07121
783347 0.07146
783371 0.07166
783383 0.0712
783419 0.07113
783431 0.07087
783443 0.07167
783491 0.07141
783503 0.07118
783575 0.07117
783587 0.0715
783659 0.07151
783695 0.07091
783731 0.07156
783755 0.07172
783815 0.07005
783863 0.07074
783899 0.07159
783911 0.07089
783935 0.07088
783971 0.07148
783983 0.07088
784007 0.07067
784019 0.07156
784043 0.07176
784055 0.07108
784067 0.07161
784079 0.07089
784127 0.07107
784139 0.07031
784151 0.071
784163 0.07151
784187 0.07159
784199 0.07099
784247 0.07041
784259 0.07164
784271 0.071
784295 0.0708
784319 0.07062
784331 0.07161
784343 0.07054
784355 0.07178
784391 0.07055
784403 0.07155
784439 0.07095
784499 0.07168
784523 0.07133
784559 0.0697
784595 0.07158
784607 0.06991
784643 0.07159
784667 0.07167
784691 0.07167
784739 0.07122
784763 0.0717
784775 0.07073
784787 0.07137
784811 0.07173
784823 0.07094
784871 0.0709
784967 0.07113
784991 0.07113
785015 0.07112
785027 0.06861
785039 0.07113
785063 0.07115
785075 0.07164
785111 0.07114
785147 0.07167
785171 0.07115
785183 0.07107
785195 0.07114
785243 0.07161
785291 0.0716
785315 0.0716
785339 0.07178
785351 0.07119
785387 0.07178
785399 0.07118
785411 0.07158
785447 0.0706
785507 0.07108
785519 0.0712
785531 0.07174
785567 0.07123
785603 0.07174
785615 0.07122
785699 0.07171
785783 0.07124
785795 0.07045
785819 0.07173
785843 0.07111
785855 0.07117
785867 0.07178
785915 0.07167
785927 0.07128
785939 0.07167
785999 0.07107
786011 0.0717
786071 0.07131
786083 0.07177
786107 0.07177
786119 0.0713
786131 0.07168
786143 0.07132
786227 0.07175
786239 0.07031
786263 0.07073
786287 0.07045
786323 0.07161
786383 0.07135
786479 0.07043
786539 0.0716
786563 0.07137
786575 0.07117
786623 0.07129
786671 0.0713
786683 0.06984
786767 0.07081
786791 0.0712
786839 0.06975
786863 0.07082
786875 0.07163
786923 0.07171
786995 0.07172
787019 0.07152
787031 0.07124
787103 0.07147
787115 0.07145
787127 0.07021
787151 0.07146
787175 0.07148
787199 0.07046
787211 0.07157
787271 0.0715
787295 0.07128
787319 0.07149
787343 0.07141
787355 0.07154
787379 0.07083
787403 0.07109
787451 0.07152
787463 0.07143
787475 0.07179
787487 0.07104
787499 0.07138
787559 0.07144
787571 0.07138
787583 0.07154
787607 0.07155
787619 0.07152
787643 0.07177
787655 0.07154
787679 0.07021
787703 0.07156
787763 0.07147
787775 0.07157
787787 0.07155
787799 0.07156
787847 0.07159
787919 0.07138
787967 0.07034
788003 0.07145
788015 0.07151
788051 0.07146
788063 0.07152
788111 0.07073
788183 0.07142
788219 0.07149
788243 0.07166
788279 0.0707
788291 0.07137
788315 0.0715
788327 0.07166
788339 0.07164
788423 0.07168
788435 0.07125
788447 0.07107
788471 0.07167
788483 0.07162
788495 0.07147
788507 0.07166
788543 0.0716
788555 0.0716
788579 0.07021
788615 0.07161
788627 0.07131
788639 0.07045
788663 0.07171
788699 0.07018
788711 0.07172
788723 0.07157
788747 0.0717
788759 0.07171
788783 0.07172
788807 0.07125
788831 0.07048
788939 0.07173
788951 0.07176
788963 0.07153
788975 0.07175
788987 0.07134
789011 0.07174
789023 0.07177
789035 0.07175
789047 0.07129
789059 0.07115
789071 0.07176
789083 0.07109
789131 0.07163
789143 0.07169
789167 0.07179
789191 0.07179
789215 0.07179
789239 0.07179
789263 0.07178
789275 0.07178
789287 0.07133
789359 0.0716
789383 0.07178
789395 0.07167
789455 0.07174
789479 0.07175
789503 0.07163
789515 0.07142
789551 0.07176
789563 0.07117
789599 0.07164
789647 0.07126
789695 0.07139
789743 0.07169
789767 0.0714
789803 0.07174
789815 0.07179
789827 0.07171
789839 0.0717
789875 0.0717
789923 0.07149
789971 0.07169
789983 0.0717
790007 0.07103
790019 0.07037
790055 0.07132
790067 0.07092
790103 0.07145
790115 0.07166
790151 0.07146
790163 0.07114
790175 0.07173
790223 0.07174
790259 0.07178
790283 0.07154
790295 0.07161
790319 0.0717
790343 0.07109
790415 0.07168
790463 0.07151
790475 0.07159
790487 0.07139
790535 0.07179
790559 0.07179
790571 0.07124
790643 0.07123
790655 0.07155
790667 0.07122
790679 0.07178
790763 0.07136
790787 0.07162
790799 0.07152
790823 0.07152
790835 0.07163
790895 0.07174
790907 0.07118
790919 0.0708
790931 0.07117
790955 0.07139
791027 0.07079
791039 0.07171
791051 0.07166
791063 0.07157
791075 0.07164
791183 0.07162
791195 0.07146
791219 0.07161
791231 0.07163
791243 0.07161
791279 0.07143
791303 0.07152
791315 0.07144
791459 0.07142
791483 0.07156
791495 0.0714
791507 0.07174
791555 0.07155
791579 0.07154
791591 0.07157
791603 0.07154
791615 0.0705
791675 0.07068
791711 0.07158
791723 0.07139
791747 0.07117
791771 0.07152
791831 0.07173
791879 0.07156
791903 0.07133
791915 0.07154
791963 0.07143
792011 0.07178
792047 0.07176
792083 0.07122
792143 0.07131
792155 0.07158
792167 0.07137
792203 0.07095
792251 0.07124
792275 0.07173
792287 0.07126
792311 0.07134
792335 0.07148
792407 0.07169
792419 0.07162
792467 0.07123
792503 0.07064
792515 0.07151
792587 0.0713
792599 0.07138
792611 0.07167
792623 0.07117
792659 0.07013
792671 0.07173
792695 0.0714
792707 0.07165
792743 0.07171
792767 0.07147
792779 0.07168
792791 0.0717
792839 0.07142
792851 0.07134
792863 0.07169
792875 0.07131
792887 0.07177
792911 0.07177
792923 0.07082
792935 0.07178
792947 0.07161
792971 0.0716
792995 0.07159
793007 0.07113
793067 0.07113
793115 0.07173
793151 0.07178
793175 0.07178
793259 0.07175
793271 0.07176
793295 0.07107
793307 0.07141
793319 0.07118
793331 0.07176
793367 0.0716
793415 0.07157
793427 0.07032
793463 0.07158
793535 0.07126
793571 0.07179
793583 0.07154
793595 0.071
793619 0.07169
793643 0.07148
793679 0.07124
793703 0.07168
793715 0.07177
793727 0.07168
793751 0.07162
793763 0.07171
793775 0.07163
793799 0.0715
793823 0.07166
793835 0.07172
793847 0.07151
793883 0.07144
793943 0.07165
793991 0.07166
794003 0.07142
794087 0.07167
794099 0.07176
794123 0.07035
794135 0.07155
794195 0.07155
794219 0.07109
794255 0.07164
794267 0.07058
794279 0.07165
794291 0.07179
794339 0.07111
794351 0.07172
794375 0.07159
794435 0.07164
794447 0.0716
794555 0.07132
794603 0.07161
794651 0.07174
794663 0.07176
794699 0.07098
794723 0.07129
794735 0.07172
794747 0.07164
794771 0.07172
794807 0.07078
794819 0.07171
794843 0.07047
794855 0.07147
794891 0.0708
794903 0.07179
794915 0.07155
794939 0.07155
794951 0.07168
794975 0.07144
794987 0.07167
795035 0.07122
795095 0.0717
795107 0.0702
795131 0.0717
795143 0.07128
795155 0.07165
795179 0.07124
795191 0.07179
795227 0.07119
795263 0.07173
795275 0.07163
795287 0.07173
795359 0.07109
795371 0.07161
795383 0.0717
795419 0.0716
795431 0.07176
795491 0.07175
795563 0.0713
795587 0.06998
795611 0.07059
795623 0.07166
795683 0.07178
795695 0.07171
795731 0.0714
795755 0.0714
795767 0.07178
795779 0.07153
795815 0.07157
795839 0.07169
795863 0.07168
795887 0.07161
795911 0.07176
795923 0.0713
796043 0.07175
796079 0.07173
796127 0.07162
796175 0.07163
796187 0.07037
796199 0.07162
796211 0.07057
796223 0.0696
796271 0.07169
796283 0.07057
796295 0.07169
796319 0.07168
796343 0.07153
796355 0.07169
796367 0.07166
796463 0.07118
796475 0.07141
796535 0.07156
796547 0.07139
796559 0.071
796607 0.07116
796643 0.07141
796655 0.0717
796667 0.07049
796691 0.07148
796703 0.071
796715 0.07076
796727 0.07172
796739 0.07064
796763 0.07162
796775 0.07172
796787 0.07161
796823 0.07104
796943 0.07106
796955 0.07132
796991 0.07176
797027 0.07147
797075 0.07116
797087 0.07093
797099 0.07051
797123 0.07129
797135 0.07178
797147 0.07155
797183 0.07138
797195 0.07156
797243 0.0715
797255 0.07152
797267 0.07053
797279 0.07143
797327 0.06894
797351 0.07142
797375 0.07141
797387 0.07152
797411 0.07159
797435 0.07124
797471 0.07176
797483 0.0716
797543 0.07138
797555 0.07155
797603 0.07156
797663 0.0703
797687 0.07172
797723 0.07164
797771 0.07074
797795 0.07143
797807 0.07127
797831 0.07169
797843 0.07073
797867 0.0716
797879 0.07148
797903 0.07149
797915 0.07161
797939 0.07115
797963 0.07096
797999 0.0715
798011 0.07162
798083 0.07163
798095 0.07089
798107 0.07138
798119 0.07136
798167 0.0705
798215 0.07162
798275 0.071
798299 0.07173
798311 0.07161
798323 0.07167
798359 0.0716
798395 0.07133
798407 0.07159
798419 0.07091
798455 0.07122
798479 0.07158
798491 0.0717
798551 0.07156
798563 0.07171
798575 0.07131
798587 0.07015
798635 0.07094
798659 0.07179
798671 0.07161
798683 0.07102
798707 0.07173
798719 0.07133
798767 0.0711
798803 0.0701
798827 0.07125
798851 0.07175
798863 0.07136
798875 0.07098
798947 0.0708
798959 0.07113
798971 0.07175
798983 0.07111
799043 0.07174
799115 0.0712
799175 0.07117
799187 0.07179
799235 0.07178
799283 0.07177
799295 0.07143
799319 0.07115
799391 0.07141
799415 0.07081
799439 0.07173
799451 0.07088
799463 0.07104
799475 0.07166
799487 0.07119
799499 0.07119
799511 0.07174
799535 0.07174
799559 0.07047
799571 0.07121
799583 0.07175
799607 0.0711
799631 0.07176
799703 0.07177
799763 0.07161
799799 0.07134
799811 0.07081
799823 0.07059
799835 0.07125
799847 0.07124
799871 0.07133
799907 0.07106
799919 0.07152
799931 0.07114
799943 0.07095
800003 0.07115
800027 0.07061
800039 0.07154
800051 0.07128
800147 0.07098
800183 0.06797
800207 0.07089
800219 0.07119
800255 0.07126
800279 0.07158
800315 0.07132
800327 0.07132
800363 0.07098
800411 0.07122
800423 0.0716
800459 0.07134
800531 0.07136
800543 0.07162
800555 0.07147
800567 0.0712
800591 0.0712
800615 0.07167
800675 0.07152
800699 0.07138
800723 0.07144
800735 0.07164
800747 0.07151
800771 0.0715
800807 0.07099
800819 0.0714
800831 0.0714
800867 0.07046
800939 0.0714
801023 0.07159
801047 0.07112
801083 0.07137
801095 0.07158
801131 0.07145
801143 0.07171
801191 0.07073
801239 0.06767
801275 0.07141
801299 0.07016
801323 0.07148
801383 0.0707
801395 0.07149
801431 0.07112
801443 0.07138
801467 0.07138
801479 0.07151
801515 0.07139
801527 0.0711
801575 0.07178
801587 0.07007
801599 0.07074
801623 0.07149
801659 0.07035
801695 0.07153
801731 0.07133
801755 0.07155
801767 0.07154
801803 0.07057
801815 0.07145
801827 0.07089
801863 0.07177
801887 0.07097
801899 0.07025
801923 0.07157
801983 0.0711
801995 0.07146
802079 0.0714
802091 0.07129
802175 0.07124
802199 0.06918
802211 0.0715
802223 0.07055
802235 0.07162
802247 0.07162
802271 0.07137
802295 0.07122
802343 0.07014
802355 0.07164
802379 0.07114
802403 0.07121
802427 0.0707
802451 0.07113
802547 0.06918
802595 0.07156
802619 0.07137
802631 0.07163
802655 0.07168
802679 0.07012
802691 0.07138
802727 0.07169
802775 0.07122
802835 0.07106
802847 0.07123
802871 0.07135
802883 0.07172
802907 0.07112
802919 0.07158
802931 0.07112
802943 0.07157
803003 0.07162
803039 0.07137
803051 0.07108
803063 0.0704
803075 0.07163
803111 0.07175
803219 0.07022
803231 0.07152
803339 0.07024
803363 0.07054
803375 0.0715
803387 0.07114
803423 0.07179
803471 0.07144
803543 0.07177
803603 0.07171
803639 0.07047
803675 0.07153
803711 0.07174
803735 0.07174
803747 0.07119
803759 0.07148
803771 0.07174
803783 0.0711
803843 0.07121
803855 0.0715
803879 0.07146
803903 0.07171
803915 0.07122
804011 0.07168
804023 0.07169
804047 0.07117
804071 0.07105
804083 0.07179
804095 0.07142
804131 0.07125
804143 0.07021
804155 0.07166
804215 0.07165
804227 0.07127
804251 0.07178
804299 0.07177
804311 0.07133
804347 0.07163
804407 0.07154
804467 0.07165
804491 0.07102
804503 0.0713
804527 0.0716
804539 0.07159
804563 0.07172
804575 0.07128
804599 0.07096
804623 0.07158
804635 0.07171
804647 0.07162
804671 0.07159
804683 0.07074
804719 0.06957
804755 0.07072
804779 0.07106
804791 0.07065
804815 0.07165
804827 0.07171
804839 0.07165
804851 0.07077
804863 0.07154
804875 0.07172
804899 0.07166
804923 0.07078
804935 0.07163
804947 0.07173
804959 0.07163
805043 0.0708
805055 0.07168
805103 0.07149
805115 0.07081
805127 0.0717
805139 0.07176
805151 0.07159
805163 0.07148
805175 0.07166
805247 0.07167
805259 0.0716
805319 0.07173
805343 0.07162
805379 0.07055
805391 0.07174
805415 0.07144
805439 0.0717
805511 0.07172
805547 0.07177
805643 0.07153
805667 0.07175
805691 0.07149
805715 0.07152
805739 0.07138
805763 0.07151
805775 0.07176
805787 0.07062
805823 0.07169
805895 0.07146
805907 0.07034
805919 0.07146
805943 0.07134
805979 0.07147
806015 0.07175
806063 0.07173
806123 0.07124
806147 0.07156
806171 0.07056
806195 0.07157
806207 0.07172
806219 0.07165
806243 0.07057
806267 0.07158
806279 0.07171
806375 0.07127
806387 0.07131
806519 0.07171
806531 0.07162
806603 0.07163
806651 0.07157
806663 0.07122
806675 0.07157
806687 0.07123
806699 0.07121
806723 0.07165
806735 0.07176
806759 0.07095
806771 0.07155
806795 0.07138
806831 0.07166
806843 0.07135
806855 0.07173
806879 0.06991
806939 0.07152
806963 0.07137
806987 0.07169
807023 0.07115
807047 0.0717
807131 0.07143
807143 0.07168
807167 0.07168
807191 0.07167
807215 0.07102
807227 0.07144
807263 0.07132
807311 0.06978
807323 0.07143
807347 0.07175
807395 0.07175
807431 0.07108
807443 0.07107
807455 0.07163
807503 0.07162
807551 0.07171
807563 0.07146
807575 0.07075
807623 0.07137
807671 0.07159
807683 0.07179
807695 0.07104
807743 0.06855
807767 0.07149
807779 0.07137
807791 0.07175
807803 0.07122
807827 0.07177
807839 0.07148
807863 0.07141
807875 0.07059
807959 0.07141
808031 0.07178
808043 0.07173
808067 0.07132
808079 0.07143
808091 0.07097
808103 0.0692
808127 0.07179
808163 0.07128
808199 0.07178
808235 0.07157
808259 0.0716
808319 0.07119
808331 0.0713
808355 0.07167
808379 0.07127
808427 0.07016
808463 0.07145
808475 0.07163
808487 0.07132
808499 0.07127
808511 0.07144
808547 0.07165
808583 0.07143
808595 0.07165
808607 0.07152
808619 0.07122
808631 0.07134
808643 0.07163
808667 0.07163
808703 0.07097
808763 0.07096
808775 0.07023
808799 0.07167
808811 0.07083
808823 0.07139
808835 0.07159
808883 0.07167
808907 0.0717
808943 0.07158
808967 0.07158
809003 0.07168
809015 0.0713
809027 0.07082
809075 0.07173
809111 0.07162
809135 0.07133
809159 0.07161
809183 0.07161
809219 0.07175
809255 0.07162
809267 0.07081
809279 0.07134
809303 0.07163
809315 0.07173
809327 0.07158
809351 0.07107
809387 0.07177
809411 0.07149
809435 0.07148
809483 0.07176
809495 0.07127
809519 0.07138
809543 0.07071
809639 0.07152
809663 0.07086
809675 0.07145
809687 0.06975
809711 0.07141
809723 0.07152
809783 0.0717
809795 0.07179
809807 0.07142
809927 0.07173
809951 0.07173
809975 0.07116
809987 0.07172
810011 0.07175
810047 0.07146
810107 0.07094
810143 0.07119
810155 0.07158
810203 0.07118
810215 0.07177
810263 0.07178
810275 0.07166
810311 0.07179
810323 0.07169
810335 0.0715
810359 0.07001
810371 0.07168
810479 0.07153
810515 0.07135
810575 0.07136
810599 0.07126
810611 0.0716
810635 0.07166
810647 0.07175
810683 0.07137
810707 0.07167
810719 0.07156
810731 0.07138
810743 0.07105
810767 0.07137
810779 0.07158
810803 0.07168
810815 0.07158
810851 0.07169
810887 0.0713
810899 0.07155
810935 0.0717
810947 0.07111
810983 0.07132
810995 0.07157
811043 0.07143
811055 0.07168
811091 0.07167
811103 0.07167
811151 0.07089
811175 0.07166
811187 0.07174
811223 0.07012
811235 0.07175
811271 0.07164
811283 0.07146
811319 0.07146
811331 0.07171
811355 0.07171
811367 0.07112
811403 0.07172
811415 0.07147
811427 0.0715
811451 0.07114
811463 0.07113
811475 0.07179
811487 0.07168
811535 0.07169
811547 0.0718
811595 0.07179
811631 0.07158
811655 0.07142
811679 0.07151
811739 0.07153
811751 0.07087
811787 0.07119
811823 0.07145
811835 0.07175
811847 0.07154
811907 0.07105
811943 0.07152
812015 0.07028
812075 0.07158
812087 0.07157
812123 0.07159
812135 0.07178
812147 0.07169
812159 0.07178
812207 0.07066
812243 0.07135
812291 0.07132
812315 0.07172
812327 0.07105
812423 0.07154
812447 0.07128
812459 0.07152
812471 0.07176
812531 0.07165
812543 0.07142
812567 0.07165
812579 0.07168
812651 0.07167
812687 0.07139
812723 0.07168
812735 0.07171
812747 0.07134
812783 0.07159
812831 0.07169
812843 0.07158
812903 0.07161
812915 0.07124
812975 0.07084
812999 0.07163
813011 0.07143
813035 0.07173
813059 0.07174
813071 0.07173
813143 0.07139
813155 0.07175
813191 0.07174
813215 0.07163
813263 0.07061
813335 0.07177
813347 0.07148
813371 0.07178
813395 0.07179
813431 0.07178
813491 0.07179
813527 0.07179
813539 0.07146
813563 0.07112
813575 0.07145
813587 0.07147
813671 0.07173
813719 0.07096
813743 0.06999
813779 0.07174
813791 0.07175
813827 0.07139
813851 0.07174
813899 0.07108
813923 0.07144
813959 0.07099
813983 0.07116
814055 0.07101
814091 0.07168
814103 0.07012
814163 0.07167
814175 0.07146
814223 0.07006
814259 0.07138
814271 0.07177
814283 0.07162
814319 0.07105
814331 0.07178
814343 0.0711
814355 0.07159
814391 0.07175
814415 0.07174
814427 0.0716
814463 0.07173
814475 0.07175
814523 0.07175
814571 0.07174
814583 0.07161
814595 0.0716
814607 0.07066
814619 0.07132
814679 0.0716
814691 0.07172
814703 0.07022
814739 0.07157
814775 0.07158
814787 0.07123
814811 0.07156
814835 0.07166
814871 0.07165
814907 0.07124
814967 0.07099
815039 0.07163
815087 0.07097
815099 0.07164
815147 0.07171
815171 0.07171
815183 0.0717
815207 0.0717
815219 0.07172
815255 0.07171
815267 0.07173
815303 0.07172
815363 0.07119
815387 0.07174
815423 0.07174
815435 0.07159
815447 0.07146
815483 0.07043
815495 0.0709
815531 0.07141
815555 0.07177
815567 0.07053
815579 0.07156
815591 0.07154
815615 0.0712
815723 0.07174
815747 0.07137
815795 0.07179
815867 0.07177
815879 0.07138
815903 0.07178
815927 0.07115
815951 0.07137
815975 0.07147
815987 0.0717
816023 0.07042
816035 0.07174
816059 0.06993
816071 0.07175
816107 0.0715
816143 0.07144
816179 0.07132
816263 0.07142
816275 0.0717
816311 0.07171
816335 0.07116
816347 0.07169
816359 0.07107
816371 0.07142
816383 0.0717
816419 0.07101
816431 0.07169
816467 0.07167
816479 0.07138
816515 0.0716
816527 0.07127
816563 0.07093
816575 0.0712
816611 0.07164
816623 0.07051
816659 0.07163
816671 0.07121
816683 0.07158
816695 0.07164
816719 0.07124
816803 0.07122
816851 0.07161
816863 0.07161
816875 0.07162
816935 0.0716
816983 0.07129
817031 0.07103
817043 0.0713
817091 0.07165
817115 0.07165
817175 0.07156
817199 0.07125
817283 0.07129
817307 0.07147
817343 0.07058
817355 0.07169
817367 0.07132
817391 0.07152
817439 0.07133
817511 0.0711
817535 0.07095
817547 0.07172
817583 0.07149
817595 0.07165
817619 0.07107
817643 0.07135
817655 0.07156
817667 0.07166
817703 0.07059
817751 0.07157
817763 0.07139
817775 0.07145
817799 0.07105
817847 0.07144
817859 0.07142
817931 0.07178
817955 0.07141
817991 0.07141
818003 0.07134
818015 0.07161
818027 0.07141
818039 0.07101
818063 0.0711
818075 0.07156
818087 0.07162
818183 0.07138
818195 0.07158
818255 0.07145
818267 0.07159
818279 0.07165
818315 0.07175
818351 0.07166
818375 0.0707
818411 0.07161
818423 0.07039
818447 0.07168
818459 0.07178
818483 0.07065
818495 0.07149
818507 0.07126
818519 0.07169
818615 0.07151
818627 0.0717
818639 0.07171
818651 0.07165
818699 0.07166
818711 0.07129
818735 0.07129
818795 0.07127
818843 0.06931
818879 0.07155
818903 0.07096
818915 0.07154
819023 0.0708
819047 0.07157
819059 0.07171
819071 0.07177
819143 0.07081
819179 0.07169
819191 0.0716
819203 0.07102
819215 0.07136
819227 0.07168
819275 0.07167
819299 0.07167
819323 0.0716
819335 0.07138
819347 0.07176
819383 0.07093
819527 0.07174
819551 0.07141
819575 0.07174
819587 0.07112
819671 0.07167
819683 0.07141
819755 0.07177
819803 0.07168
819815 0.07169
819839 0.07146
819863 0.07109
819923 0.07144
819971 0.07173
819983 0.07094
819995 0.07173
820019 0.07115
820043 0.07146
820079 0.07173
820091 0.07147
820103 0.07075
820139 0.07152
820199 0.07175
820235 0.07174
820307 0.0714
820391 0.07178
820403 0.07177
820415 0.07178
820439 0.07158
820451 0.07177
820475 0.07165
820511 0.07129
820523 0.07073
820571 0.07154
820583 0.07096
820607 0.0713
820631 0.07131
820655 0.07143
820715 0.0716
820739 0.07133
820751 0.07176
820775 0.0705
820799 0.0716
820811 0.07127
820823 0.07115
820847 0.07161
820859 0.07158
820871 0.07173
820895 0.07173
820943 0.07109
820979 0.0716
821111 0.07165
821123 0.07131
821135 0.07169
821159 0.0715
821231 0.07151
821243 0.07017
821315 0.07167
821339 0.07131
821351 0.07071
821363 0.07086
821387 0.07149
821399 0.07154
821423 0.07124
821435 0.07136
821483 0.07164
821543 0.0708
821555 0.07169
821567 0.07156
821579 0.07127
821615 0.07173
821639 0.07146
821675 0.07171
821687 0.07159
821735 0.07158
821795 0.07142
821807 0.07157
821903 0.07131
821951 0.07162
821963 0.07156
821975 0.07151
821987 0.07111
822023 0.07069
822047 0.07153
822071 0.07164
822119 0.07129
822143 0.07127
822203 0.07071
822239 0.07167
822263 0.07136
822275 0.0715
822287 0.07089
822359 0.07086
822395 0.07131
822455 0.07173
822491 0.07175
822503 0.0714
822575 0.07133
822623 0.0709
822635 0.07154
822647 0.07173
822659 0.07155
822695 0.07162
822707 0.07137
822719 0.07141
822731 0.07171
822755 0.07142
822779 0.07057
822827 0.07106
822863 0.07093
822875 0.07123
822899 0.07168
822911 0.07138
822923 0.07096
822959 0.07164
822983 0.07095
823007 0.07178
823019 0.07053
823055 0.07135
823079 0.07179
823139 0.07116
823151 0.07134
823211 0.07163
823223 0.07087
823235 0.07145
823247 0.07177
823295 0.07176
823307 0.07118
823343 0.07089
823367 0.07172
823403 0.07131
823463 0.07091
823475 0.07148
823571 0.07168
823583 0.07156
823607 0.07176
823631 0.07152
823667 0.07121
823763 0.07125
823823 0.0716
823859 0.07173
823871 0.07161
823883 0.07151
823895 0.07114
823919 0.07165
823931 0.0715
823943 0.07162
823979 0.07112
823991 0.07115
824003 0.07175
824027 0.07157
824075 0.07157
824087 0.07176
824135 0.07162
824159 0.07113
824171 0.07146
824207 0.07022
824243 0.07178
824255 0.0716
824303 0.0716
824327 0.07172
824387 0.07162
824423 0.07161
824471 0.07169
824483 0.07177
824507 0.07112
824543 0.06985
824603 0.07139
824615 0.07172
824627 0.07138
824675 0.07173
824687 0.07173
824735 0.07126
824747 0.07108
824771 0.07072
824783 0.07122
824855 0.07176
824903 0.07176
824927 0.07169
824963 0.0714
824975 0.07129
824987 0.07144
825011 0.07141
825023 0.07126
825083 0.07166
825095 0.07171
825119 0.07127
825155 0.07174
825179 0.07026
825215 0.07178
825239 0.07118
825251 0.07175
825263 0.07177
825275 0.07175
825299 0.07127
825323 0.07146
825335 0.07135
825383 0.0712
825431 0.07177
825563 0.07158
825599 0.07136
825623 0.07135
825635 0.07178
825659 0.07178
825671 0.07179
825683 0.07091
825707 0.07177
825719 0.07116
825731 0.07177
825755 0.07152
825863 0.07167
825911 0.07131
825935 0.07165
825995 0.07159
826067 0.07171
826079 0.07147
826103 0.07172
826115 0.07161
826127 0.07147
826139 0.0717
826163 0.07148
826175 0.0717
826307 0.07164
826319 0.0715
826331 0.07164
826343 0.07134
826355 0.07161
826367 0.07151
826439 0.07122
826451 0.0715
826475 0.07166
826487 0.07134
826511 0.07153
826523 0.07141
826535 0.07155
826547 0.07167
826643 0.07166
826679 0.07156
826691 0.07138
826703 0.07161
826751 0.07157
826763 0.07154
826775 0.0716
827003 0.07171
827015 0.07144
827027 0.07144
827051 0.07159
827075 0.07172
827099 0.07153
827111 0.07157
827135 0.07158
827171 0.07146
827195 0.07147
827207 0.07122
827219 0.07057
827243 0.07147
827267 0.07178
827279 0.07145
827291 0.07059
827363 0.07176
827375 0.0715
827399 0.07166
827435 0.07179
827483 0.07165
827495 0.07152
827507 0.07177
827519 0.07148
827531 0.07179
827543 0.07164
827579 0.07176
827603 0.07179
827627 0.07144
827651 0.07175
827735 0.07075
827759 0.07099
827807 0.07133
827819 0.07066
827831 0.07168
827855 0.07173
827951 0.07155
827963 0.071
827999 0.07176
828023 0.07156
828035 0.07172
828083 0.07174
828095 0.07177
828107 0.07167
828155 0.07175
828191 0.07178
828203 0.07169
828215 0.07174
828263 0.07134
828275 0.07177
828287 0.07125
828311 0.07179
828323 0.0711
828359 0.07178
828419 0.07161
828443 0.07179
828455 0.07178
828479 0.07163
828539 0.07107
828551 0.07164
828563 0.07163
828623 0.07165
828635 0.07126
828671 0.07178
828683 0.07176
828719 0.07177
828755 0.07088
828791 0.07081
828803 0.07082
828815 0.07171
828851 0.07173
828875 0.07172
828935 0.07169
828947 0.07156
828959 0.07173
828983 0.07173
829019 0.07084
829031 0.07175
829043 0.07174
829067 0.0715
829079 0.07175
829127 0.07119
829139 0.07094
829163 0.07152
829175 0.07057
829235 0.07166
829247 0.07163
829259 0.0708
829283 0.07178
829295 0.07167
829307 0.0712
829343 0.07179
829379 0.07098
829391 0.07179
829403 0.07179
829427 0.07179
829475 0.07143
829487 0.07159
829499 0.07162
829523 0.07089
829571 0.0716
829607 0.07157
829631 0.07162
829667 0.07175
829691 0.07158
829715 0.07143
829739 0.07139
829751 0.07173
829763 0.07173
829799 0.07064
829835 0.07172
829859 0.07096
829871 0.07175
829895 0.07175
829919 0.0717
829931 0.0717
830015 0.07097
830039 0.07172
830063 0.07103
830075 0.07102
830087 0.07099
830159 0.07147
830183 0.07152
830195 0.0715
830231 0.07169
830243 0.07149
830291 0.07129
830303 0.0715
830351 0.07144
830399 0.07162
830423 0.07088
830471 0.07057
830519 0.07164
830531 0.07125
830543 0.07159
830555 0.07159
830603 0.07109
830651 0.07123
830663 0.07162
830675 0.07157
830687 0.07119
830699 0.06968
830747 0.07125
830759 0.07109
830783 0.0716
830795 0.07139
830807 0.07086
830831 0.0709
830843 0.07143
830855 0.07154
830867 0.07154
830927 0.07123
830975 0.07156
830987 0.07122
830999 0.07156
831011 0.0712
831059 0.07123
831119 0.07042
831143 0.07067
831203 0.07149
831263 0.07086
831383 0.07072
831395 0.07119
831419 0.07129
831455 0.07144
831467 0.07153
831479 0.0713
831527 0.07132
831611 0.07125
831623 0.07092
831635 0.07155
831671 0.07126
831719 0.07123
831791 0.07138
831803 0.07158
831875 0.07135
831935 0.07126
831947 0.07136
831959 0.07139
832043 0.07134
832055 0.07115
832067 0.07162
832115 0.07133
832127 0.07129
832139 0.0713
832163 0.07132
832175 0.0713
832235 0.07132
832259 0.07096
832283 0.0713
832319 0.07144
832343 0.07133
832403 0.07128
832475 0.07168
832511 0.07135
832559 0.07125
832571 0.07137
832595 0.07139
832619 0.06997
832655 0.07114
832691 0.07171
832727 0.06949
832739 0.07139
832775 0.07139
832823 0.07125
832847 0.0714
832895 0.07152
832907 0.07128
832991 0.07119
833051 0.07136
833075 0.07144
833111 0.07155
833123 0.07088
833147 0.07143
833159 0.07156
833195 0.07114
833207 0.07115
833243 0.07133
833279 0.06988
833303 0.07116
833315 0.0715
833327 0.07124
833351 0.07159
833411 0.07158
833435 0.07158
833447 0.07119
833495 0.07126
833507 0.07175
833567 0.07128
833579 0.07011
833663 0.07105
833675 0.07153
833699 0.07154
833735 0.07153
833771 0.07163
833807 0.07054
833819 0.07118
833831 0.07131
833867 0.07142
833879 0.07106
833975 0.07134
834071 0.0717
834083 0.07099
834095 0.07112
834119 0.07136
834167 0.0706
834179 0.07032
834191 0.07171
834203 0.07164
834227 0.07163
834239 0.07138
834251 0.0717
834263 0.07096
834275 0.07162
834347 0.07172
834359 0.07094
834371 0.07161
834407 0.07175
834419 0.07024
834443 0.07107
834467 0.07174
834479 0.07107
834491 0.07076
834539 0.07129
834551 0.07165
834563 0.07168
834575 0.07119
834587 0.07175
834635 0.0716
834647 0.07167
834683 0.0717
834695 0.07167
834719 0.07179
834731 0.07169
834743 0.07092
834755 0.07162
834767 0.07169
834827 0.07157
834839 0.07072
834851 0.07179
834863 0.07123
834875 0.07173
834887 0.07177
834911 0.07113
834923 0.07172
835031 0.07149
835091 0.07167
835103 0.07078
835127 0.07063
835151 0.07174
835163 0.07177
835175 0.07128
835199 0.07172
835223 0.0708
835259 0.07173
835295 0.0717
835331 0.0718
835343 0.07067
835367 0.07154
835415 0.07178
835463 0.07046
835475 0.07178
835487 0.07156
835547 0.07167
835571 0.07176
835583 0.07151
835619 0.07177
835667 0.07174
835691 0.07178
835703 0.07152
835715 0.07175
835751 0.07176
835763 0.07177
835775 0.07137
835787 0.07176
835799 0.07161
835943 0.07091
835991 0.07071
836015 0.07158
836027 0.07168
836051 0.07175
836075 0.07171
836087 0.07158
836099 0.07152
836111 0.07169
836123 0.07166
836207 0.07168
836303 0.07081
836315 0.07173
836339 0.07164
836363 0.06953
836375 0.07169
836399 0.07151
836435 0.07178
836483 0.07171
836495 0.07164
836519 0.07149
836531 0.07159
836543 0.07148
836579 0.07169
836627 0.07162
836687 0.07167
836723 0.07158
836735 0.07124
836759 0.07175
836771 0.07173
836783 0.07065
836819 0.07165
836831 0.07176
836855 0.07143
836867 0.07153
836903 0.07153
836927 0.07178
836963 0.07162
836975 0.07171
836999 0.07179
837023 0.07155
837083 0.0716
837095 0.07179
837119 0.07157
837143 0.07174
837155 0.07166
837179 0.07168
837275 0.07164
837287 0.07111
837311 0.07176
837323 0.07163
837347 0.0717
837383 0.07134
837395 0.07144
837407 0.07134
837443 0.07145
837479 0.07173
837527 0.0718
837539 0.06979
837563 0.07143
837575 0.07163
837587 0.07133
837623 0.07116
837635 0.07145
837695 0.07177
837719 0.07139
837743 0.07176
837791 0.07167
837803 0.07157
837827 0.07141
837875 0.07158
837899 0.07179
837911 0.07173
837935 0.07165
837947 0.07179
837959 0.07142
837983 0.0702
837995 0.07152
838007 0.07171
838031 0.07123
838079 0.07171
838103 0.07108
838151 0.07169
838163 0.07149
838175 0.07172
838187 0.07149
838199 0.0716
838211 0.07176
838223 0.07173
838271 0.07174
838283 0.07134
838295 0.07019
838319 0.07158
838427 0.07131
838451 0.07144
838499 0.07118
838523 0.07168
838535 0.07178
838559 0.07167
838595 0.07134
838607 0.07168
838619 0.07169
838655 0.07152
838703 0.0716
838715 0.07171
838763 0.07125
838811 0.07151
838823 0.07096
838835 0.07173
838847 0.07123
838859 0.06984
838883 0.07173
838907 0.07164
838955 0.0712
838967 0.07147
838979 0.07175
839003 0.07128
839015 0.07174
839039 0.07106
839063 0.07173
839075 0.07161
839111 0.07159
839123 0.07133
839135 0.07144
839183 0.0716
839195 0.07159
839219 0.07105
839231 0.0717
839243 0.07179
839255 0.0717
839279 0.07178
839291 0.07123
839363 0.07179
839375 0.07163
839423 0.07164
839507 0.07161
839591 0.07176
839627 0.07101
839639 0.07163
839675 0.07116
839687 0.07147
839699 0.07173
839711 0.07162
839735 0.07174
839747 0.07104
839783 0.07169
839795 0.07121
839843 0.0712
839891 0.07106
839927 0.0715
839939 0.07169
839975 0.0717
840035 0.07169
840071 0.07174
840095 0.07174
840107 0.0709
840131 0.07143
840143 0.07001
840167 0.07138
840191 0.07166
840203 0.07171
840251 0.07113
840263 0.07152
840275 0.07163
840323 0.07112
840359 0.07178
840371 0.07174
840383 0.07142
840431 0.07142
840443 0.07097
840503 0.07129
840515 0.07109
840527 0.0716
840563 0.07158
840575 0.0716
840587 0.07135
840599 0.07159
840623 0.07026
840647 0.07158
840695 0.07176
840719 0.07176
840779 0.07091
840887 0.0716
840947 0.07177
840959 0.07111
840971 0.07129
840983 0.0714
840995 0.07128
841007 0.07113
841031 0.0717
841043 0.07084
841115 0.07092
841127 0.0713
841139 0.07123
841151 0.07168
841163 0.07173
841175 0.07164
841187 0.07124
841199 0.07149
841247 0.07154
841271 0.07148
841295 0.07166
841331 0.07145
841343 0.07115
841379 0.07084
841403 0.07087
841451 0.07128
841475 0.0712
841487 0.07173
841523 0.07167
841571 0.07166
841583 0.0713
841595 0.07141
841619 0.0714
841643 0.0709
841667 0.07076
841679 0.07062
841703 0.07176
841715 0.07082
841739 0.07116
841775 0.07177
841787 0.07074
841811 0.07114
841871 0.07164
841883 0.07161
841895 0.07137
841967 0.07179
841991 0.0707
842015 0.07103
842027 0.0711
842099 0.07132
842123 0.07132
842135 0.07151
842207 0.07179
842231 0.0715
842243 0.07154
842375 0.07172
842411 0.07081
842459 0.07126
842471 0.07134
842555 0.07149
842579 0.07084
842603 0.07102
842651 0.07103
842663 0.07142
842687 0.07172
842711 0.07142
842723 0.07146
842735 0.07141
842783 0.07165
842831 0.07164
842843 0.07144
842855 0.07178
842867 0.07144
842903 0.07179
842915 0.07089
842963 0.07118
843035 0.07141
843059 0.07116
843095 0.0716
843107 0.07152
843143 0.06967
843167 0.0716
843191 0.07144
843227 0.07154
843239 0.07163
843263 0.07175
843335 0.07156
843395 0.0713
843407 0.0716
843419 0.07096
843467 0.07158
843551 0.0717
843563 0.07132
843575 0.07169
843599 0.07127
843611 0.07133
843623 0.07167
843647 0.07167
843659 0.07118
843671 0.07151
843707 0.06984
843719 0.07154
843731 0.07135
843743 0.07168
843767 0.07153
843803 0.07103
843827 0.07163
843863 0.07164
843875 0.07073
843935 0.07121
843959 0.07102
843995 0.07035
844007 0.07172
844067 0.0714
844079 0.07157
844103 0.07174
844115 0.07125
844151 0.07159
844175 0.07141
844211 0.07169
844223 0.07141
844235 0.07169
844259 0.07096
844271 0.07176
844319 0.07144
844331 0.07079
844343 0.07114
844355 0.07144
844391 0.07029
844403 0.07093
844415 0.07143
844451 0.0713
844571 0.07131
844583 0.07178
844595 0.07075
844655 0.07151
844667 0.07175
844679 0.0709
844703 0.0715
844727 0.07132
844751 0.07149
844787 0.07177
844799 0.07168
844835 0.07178
844859 0.07136
844883 0.0706
844919 0.06922
844931 0.07109
844943 0.07104
844967 0.0717
844979 0.07179
845051 0.07178
845063 0.07102
845075 0.07178
845087 0.07172
845123 0.0714
845135 0.07173
845195 0.07141
845255 0.07167
845291 0.07174
845327 0.07122
845339 0.07159
845375 0.07176
845399 0.07096
845411 0.07066
845435 0.07126
845471 0.07163
845483 0.07075
845507 0.0717
845519 0.07094
845543 0.07053
845579 0.07169
845615 0.07122
845639 0.071
845663 0.07116
845675 0.07167
845711 0.07133
845747 0.07131
845759 0.07177
845783 0.07114
845843 0.0715
845855 0.07113
845867 0.07132
845891 0.07167
845903 0.06902
845963 0.07074
845999 0.07116
846011 0.07162
846023 0.07106
846035 0.07096
846047 0.07107
846071 0.07115
846083 0.07154
846107 0.07136
846119 0.07114
846143 0.07126
846155 0.07155
846167 0.07152
846191 0.0717
846203 0.07088
846251 0.07108
846263 0.07124
846275 0.0707
846299 0.07173
846335 0.07123
846371 0.07156
846395 0.07158
846431 0.07166
846455 0.07139
846467 0.07175
846515 0.07176
846551 0.06938
846611 0.07105
846623 0.07114
846683 0.06999
846707 0.07145
846731 0.07179
846743 0.07116
846767 0.07144
846791 0.07144
846803 0.07164
846875 0.07147
846887 0.07101
846899 0.07148
846923 0.07166
846935 0.07157
846959 0.07147
846971 0.07176
847019 0.07167
847055 0.07148
847175 0.07153
847235 0.07171
847295 0.07125
847307 0.07069
847391 0.07105
847403 0.06987
847439 0.07154
847463 0.07123
847475 0.07174
847523 0.07099
847535 0.07129
847547 0.07157
847559 0.07155
847571 0.07166
847583 0.07128
847595 0.07174
847619 0.07128
847631 0.07145
847643 0.07177
847679 0.07144
847691 0.07129
847739 0.07133
847751 0.07127
847763 0.07178
847775 0.07127
847799 0.07132
847811 0.07161
847823 0.07132
847847 0.07097
847859 0.07161
847907 0.0716
847931 0.07163
847943 0.0713
848015 0.07167
848063 0.0712
848075 0.07176
848171 0.07156
848219 0.07173
848231 0.07135
848243 0.0711
848279 0.07166
848291 0.07168
848303 0.07139
848315 0.07123
848327 0.0714
848351 0.07167
848375 0.07133
848411 0.0717
848447 0.07142
848459 0.0714
848483 0.07169
848495 0.07143
848519 0.07142
848543 0.07139
848555 0.07172
848615 0.07171
848627 0.07113
848639 0.0714
848663 0.07093
848675 0.07166
848723 0.07165
848759 0.071
848783 0.07101
848795 0.07175
848819 0.07137
848831 0.07147
848855 0.07174
848903 0.06941
848951 0.07149
848963 0.07042
848987 0.07178
849011 0.07148
849023 0.07104
849035 0.07141
849071 0.07121
849107 0.07179
849167 0.07179
849239 0.07179
849263 0.07153
849275 0.07156
849287 0.07102
849299 0.07176
849323 0.07126
849335 0.0715
849371 0.07126
849395 0.07124
849407 0.07071
849479 0.07156
849491 0.07152
849503 0.07069
849515 0.07156
849527 0.07106
849575 0.07158
849623 0.07067
849647 0.07055
849671 0.07067
849683 0.0712
849695 0.0716
849719 0.07171
849791 0.07116
849827 0.07131
849863 0.07162
849875 0.07153
849887 0.07163
849911 0.07168
849971 0.07075
849983 0.07164
850007 0.07165
850019 0.07164
850031 0.07164
850067 0.07164
850091 0.07124
850103 0.07165
850127 0.07164
850151 0.07167
850163 0.07157
850199 0.07168
850223 0.07167
850295 0.07164
850319 0.07044
850343 0.07165
850355 0.07158
850367 0.07118
850379 0.07141
850463 0.07012
850511 0.07079
850523 0.07162
850535 0.07078
850547 0.07141
850559 0.07173
850583 0.07172
850595 0.07133
850619 0.07172
850643 0.07085
850655 0.07128
850667 0.07087
850703 0.0717
850715 0.07086
850739 0.07135
850751 0.07176
850763 0.07147
850775 0.07175
850799 0.07007
850847 0.07125
850859 0.0715
850883 0.07167
850919 0.07178
850931 0.07149
850955 0.07177
850967 0.07179
850991 0.07178
851003 0.0715
851063 0.07176
851075 0.07178
851111 0.07179
851123 0.07152
851183 0.07
851219 0.07172
851243 0.07173
851255 0.07177
851279 0.07179
851399 0.07179
851435 0.07145
851447 0.07037
851483 0.07157
851531 0.07069
851543 0.07141
851555 0.07177
851567 0.07079
851615 0.07171
851663 0.07143
851675 0.0716
851687 0.07046
851711 0.07033
851759 0.07168
851771 0.07114
851783 0.07168
851807 0.07139
851867 0.07133
851903 0.0717
851939 0.07166
851951 0.07029
851963 0.07162
851975 0.07169
851999 0.07163
852023 0.07168
852035 0.07154
852071 0.07162
852083 0.07174
852107 0.0709
852119 0.07053
852131 0.07164
852203 0.07172
852215 0.07165
852227 0.07166
852275 0.07126
852299 0.0716
852311 0.07128
852335 0.07158
852383 0.07162
852395 0.07168
852419 0.0716
852431 0.07154
852443 0.07008
852479 0.0716
852491 0.07113
852503 0.0702
852539 0.07161
852551 0.07156
852575 0.0715
852611 0.07107
852647 0.07106
852659 0.07174
852683 0.07175
852707 0.07119
852719 0.07158
852743 0.07153
852767 0.0715
852779 0.07118
852791 0.07153
852815 0.07015
852839 0.07119
852875 0.07175
852887 0.07155
852899 0.07111
852911 0.07155
852923 0.07178
852947 0.0712
853043 0.07169
853067 0.07178
853115 0.0717
853139 0.07114
853151 0.07144
853163 0.07177
853247 0.0716
853271 0.07143
853295 0.07167
853307 0.07144
853331 0.07177
853343 0.07167
853355 0.07173
853367 0.0714
853379 0.07087
853391 0.07162
853415 0.07162
853475 0.0715
853487 0.07163
853499 0.0715
853511 0.07143
853523 0.07176
853583 0.07138
853595 0.07148
853631 0.07137
853655 0.07166
853679 0.0714
853715 0.07131
853751 0.07139
853775 0.07103
853847 0.07124
853859 0.07166
853871 0.07137
853883 0.07143
853895 0.07169
853907 0.07167
853943 0.07046
853955 0.07126
854003 0.07141
854027 0.07136
854063 0.0713
854075 0.07162
854183 0.07132
854207 0.07096
854243 0.07162
854267 0.07161
854279 0.07034
854291 0.07158
854315 0.07136
854339 0.07157
854375 0.07176
854399 0.07176
854411 0.07159
854519 0.07122
854543 0.07126
854555 0.07167
854603 0.07156
854615 0.07172
854627 0.07144
854651 0.07165
854663 0.07124
854699 0.07164
854711 0.07171
854723 0.07154
854735 0.0717
854759 0.07122
854795 0.07147
854831 0.07176
854879 0.07168
854903 0.07174
854915 0.07148
854939 0.07141
854975 0.0714
855011 0.07159
855047 0.07112
855083 0.0715
855095 0.07142
855107 0.07113
855155 0.07146
855167 0.07143
855179 0.07151
855227 0.07038
855239 0.07079
855251 0.07111
855263 0.07168
855323 0.07154
855335 0.07167
855347 0.07143
855383 0.07166
855443 0.07152
855479 0.07106
855539 0.07137
855563 0.07158
855575 0.07109
855587 0.07031
855599 0.07108
855623 0.07155
855659 0.0707
855695 0.07161
855743 0.0716
855755 0.07159
855839 0.07104
855875 0.07132
855899 0.07144
855935 0.07098
855971 0.07164
856007 0.07156
856019 0.07163
856031 0.07155
856079 0.07148
856091 0.07164
856103 0.071
856127 0.07048
856151 0.07154
856163 0.07167
856175 0.07153
856211 0.07167
856223 0.07152
856235 0.0716
856259 0.07167
856283 0.07125
856295 0.07144
856307 0.07161
856319 0.07144
856367 0.0716
856379 0.07168
856403 0.0717
856415 0.07142
856427 0.07162
856439 0.07116
856463 0.07162
856475 0.07171
856511 0.07162
856523 0.07172
856535 0.07084
856559 0.07117
856583 0.07088
856595 0.07165
856607 0.07146
856631 0.07164
856655 0.07164
856667 0.07166
856679 0.07085
856727 0.07057
856763 0.0712
856835 0.07176
856883 0.07177
856907 0.07117
856931 0.07176
856955 0.07178
856979 0.07126
856991 0.07085
857003 0.07177
857063 0.06945
857111 0.07138
857243 0.07178
857279 0.06901
857291 0.07176
857303 0.07077
857327 0.07129
857351 0.07134
857375 0.07126
857399 0.07074
857435 0.07075
857447 0.07176
857495 0.07177
857531 0.07117
857543 0.07123
857591 0.07178
857603 0.07103
857639 0.07122
857675 0.07179
857699 0.07171
857735 0.07134
857759 0.07073
857771 0.071
857783 0.06959
857807 0.07136
857819 0.0703
857831 0.07136
857939 0.07098
857987 0.07164
857999 0.07022
858023 0.07116
858035 0.07165
858071 0.07122
858095 0.0714
858107 0.07172
858119 0.0714
858131 0.07107
858143 0.07172
858155 0.07161
858191 0.07065
858203 0.07162
858215 0.07119
858275 0.07161
858287 0.0717
858299 0.07161
858323 0.06975
858359 0.07079
858383 0.07111
858407 0.07082
858431 0.07061
858491 0.07165
858515 0.07165
858551 0.07165
858575 0.07084
858587 0.07089
858599 0.07147
858635 0.07163
858647 0.07148
858695 0.07084
858743 0.06931
858779 0.07128
858791 0.07161
858803 0.07152
858827 0.0716
858839 0.07102
858863 0.0716
858875 0.07149
858935 0.07049
858947 0.0708
858971 0.07157
858983 0.0712
859007 0.07158
859019 0.07156
859043 0.07148
859103 0.06939
859163 0.0703
859175 0.07155
859199 0.07096
859211 0.07144
859235 0.07153
859247 0.07102
859283 0.07136
859307 0.07152
859355 0.07141
859367 0.07152
859403 0.07142
859415 0.07159
859427 0.07109
859463 0.07108
859487 0.07108
859499 0.07116
859535 0.07096
859571 0.07117
859583 0.0711
859643 0.07141
859655 0.07147
859703 0.0713
859715 0.07114
859739 0.07144
859763 0.07143
859775 0.07145
859811 0.07143
859835 0.07115
859859 0.07144
859871 0.07101
859883 0.07116
859931 0.06952
859955 0.07123
859967 0.07134
860039 0.07104
860099 0.07147
860171 0.07128
860183 0.07137
860195 0.07149
860207 0.07119
860219 0.07129
860231 0.07138
860255 0.07171
860303 0.07136
860315 0.07128
860339 0.07058
860363 0.07129
860375 0.07121
860387 0.07124
860411 0.07133
860435 0.07152
860459 0.0713
860471 0.07174
860495 0.07055
860555 0.07126
860591 0.07073
860603 0.07155
860615 0.07125
860639 0.07177
860711 0.07129
860723 0.07128
860771 0.07129
860783 0.07127
860795 0.07135
860807 0.07179
860867 0.07116
860879 0.07068
860903 0.06932
860915 0.07137
860951 0.07067
860963 0.07109
860975 0.07178
860987 0.07132
860999 0.06985
861023 0.07124
861035 0.07115
861071 0.0715
861155 0.07163
861179 0.07014
861203 0.07163
861227 0.07113
861251 0.07119
861263 0.07134
861275 0.07114
861287 0.0712
861371 0.07117
861383 0.07154
861419 0.07167
861431 0.07125
861443 0.07167
861455 0.07124
861467 0.07116
861503 0.07116
861515 0.07168
861527 0.07157
861587 0.07141
861623 0.07128
861635 0.07113
861671 0.0714
861683 0.07103
861695 0.07159
861707 0.0712
861731 0.07149
861779 0.07106
861815 0.07161
861863 0.07161
861875 0.07151
861887 0.07162
861911 0.07162
861923 0.07174
861959 0.07076
861971 0.07107
861983 0.07144
862007 0.07134
862043 0.07176
862079 0.07133
862103 0.07078
862151 0.07158
862163 0.07155
862199 0.07135
862211 0.07156
862223 0.07105
862235 0.07156
862247 0.07104
862271 0.07137
862295 0.07168
862367 0.07051
862379 0.07158
862391 0.0715
862403 0.07152
862415 0.07169
862427 0.07153
862475 0.07099
862523 0.0716
862619 0.07175
862631 0.07172
862643 0.07162
862679 0.07083
862691 0.07096
862751 0.07148
862763 0.07164
862775 0.07156
862823 0.07175
862835 0.07171
862847 0.07147
862859 0.07171
862871 0.07146
862895 0.07158
862931 0.07107
862967 0.07177
863027 0.07105
863039 0.07147
863063 0.0716
863135 0.0715
863147 0.07141
863159 0.07097
863183 0.07149
863243 0.07111
863255 0.07152
863267 0.07046
863291 0.07164
863303 0.07151
863327 0.06994
863339 0.07172
863375 0.07153
863399 0.06975
863411 0.07111
863423 0.07165
863459 0.0713
863483 0.07009
863495 0.07102
863507 0.07168
863519 0.06977
863531 0.07169
863543 0.07173
863615 0.071
863627 0.07132
863651 0.07158
863663 0.07171
863675 0.07148
863699 0.07177
863723 0.07156
863735 0.07105
863759 0.07106
863819 0.07155
863831 0.07171
863903 0.07167
863927 0.07166
863939 0.07153
863963 0.07121
863999 0.07161
864023 0.07165
864059 0.07177
864095 0.07164
864155 0.07175
864215 0.07164
864227 0.07179
864239 0.07164
864263 0.07177
864275 0.07173
864311 0.07178
864371 0.07171
864395 0.07145
864431 0.07158
864443 0.07177
864455 0.07017
864467 0.07177
864515 0.07176
864527 0.07178
864563 0.07175
864575 0.07177
864599 0.07118
864611 0.07174
864635 0.07174
864647 0.07172
864659 0.07167
864683 0.07173
864695 0.07175
864719 0.07171
864743 0.07174
864791 0.07174
864815 0.07173
864827 0.07131
864839 0.07117
864851 0.0717
864863 0.07175
864875 0.07163
864899 0.07135
864923 0.07166
864983 0.07177
865019 0.07114
865031 0.07177
865079 0.07176
865127 0.07168
865163 0.0717
865175 0.07024
865187 0.0717
865199 0.07178
865223 0.07123
865235 0.07171
865319 0.07179
865331 0.07172
865355 0.07173
865367 0.07164
865403 0.07173
865415 0.07035
865451 0.07174
865463 0.07175
865487 0.07175
865523 0.07159
865535 0.07176
865547 0.07159
865583 0.0716
865595 0.07151
865607 0.0716
865655 0.07138
865691 0.07177
865703 0.07171
865727 0.07171
865763 0.07178
865775 0.07172
865787 0.07179
865799 0.07131
865835 0.07164
865883 0.07153
865919 0.07137
865943 0.07169
865967 0.07167
866015 0.07168
866039 0.07167
866063 0.07165
866075 0.07167
866111 0.07166
866147 0.07149
866171 0.07153
866219 0.07132
866243 0.07173
866255 0.07164
866267 0.07173
866291 0.07172
866303 0.07161
866327 0.07127
866339 0.07156
866351 0.07162
866363 0.07171
866387 0.07153
866423 0.07125
866435 0.07154
866447 0.07138
866483 0.07143
866495 0.07158
866507 0.07174
866531 0.07174
866543 0.07159
866555 0.07156
866567 0.07157
866579 0.07159
866603 0.07167
866615 0.07158
866651 0.07138
866663 0.07157
866675 0.07157
866699 0.07176
866723 0.07076
866771 0.07177
866855 0.07152
866867 0.07179
866891 0.07161
866903 0.07153
866975 0.0715
866999 0.07152
867035 0.07166
867047 0.07146
867095 0.07147
867107 0.07177
867119 0.07154
867167 0.07075
867179 0.07145
867191 0.07155
867215 0.07155
867251 0.07169
867287 0.07145
867311 0.07153
867323 0.07155
867335 0.07153
867347 0.07167
867359 0.07146
867395 0.07168
867419 0.07172
867479 0.0707
867491 0.0715
867503 0.07142
867515 0.07172
867575 0.07157
867599 0.0704
867659 0.07168
867683 0.07149
867707 0.07172
867731 0.07153
867755 0.07154
867767 0.07103
867839 0.0716
867851 0.07126
867863 0.07063
867935 0.07166
867971 0.07176
867983 0.07061
868079 0.07042
868091 0.0716
868115 0.07178
868127 0.07008
868139 0.0713
868163 0.07177
868187 0.07159
868223 0.0717
868343 0.07171
868367 0.07127
868391 0.07114
868403 0.0712
868439 0.07173
868463 0.07169
868475 0.07154
868499 0.07154
868511 0.07167
868547 0.07041
868595 0.0717
868607 0.07051
868619 0.0717
868631 0.07175
868643 0.07166
868655 0.07169
868667 0.07133
868703 0.07177
868763 0.07131
868775 0.07122
868811 0.07167
868823 0.07175
868859 0.07081
868871 0.07175
868919 0.07173
868967 0.07174
868979 0.07164
869003 0.07172
869015 0.07178
869051 0.07172
869075 0.07166
869099 0.07165
869123 0.0713
869159 0.07179
869171 0.07143
869183 0.07114
869207 0.07082
869231 0.07179
869243 0.07066
869279 0.07114
869327 0.07179
869387 0.07134
869411 0.07177
869423 0.07171
869435 0.07088
869447 0.07179
869483 0.07149
869495 0.07109
869507 0.07137
869519 0.07174
869531 0.07179
869555 0.0715
869567 0.07094
869603 0.07153
869627 0.07138
869651 0.07135
869699 0.07177
869735 0.07107
869759 0.0717
869783 0.07098
869843 0.07154
869855 0.07172
869891 0.07155
869903 0.07099
869963 0.07156
869975 0.07101
870011 0.07156
870023 0.07161
870119 0.071
870143 0.07164
870155 0.07148
870167 0.07081
870179 0.07144
870203 0.07089
870215 0.07163
870227 0.0708
870263 0.07162
870371 0.07162
870383 0.07084
870419 0.07092
870503 0.07108
870515 0.07121
870527 0.07108
870539 0.07138
870551 0.07157
870563 0.07138
870575 0.07157
870587 0.07141
870623 0.07099
870635 0.0714
870647 0.07159
870659 0.07166
870671 0.07158
870707 0.07153
870719 0.07154
870767 0.07112
870791 0.07157
870803 0.07154
870827 0.07074
870839 0.07082
870851 0.07115
870863 0.07113
870875 0.07158
870899 0.07169
870923 0.07156
870935 0.07109
870947 0.07076
870959 0.07146
870995 0.07131
871055 0.07105
871091 0.07159
871115 0.07159
871127 0.07151
871175 0.0715
871187 0.07068
871235 0.07109
871247 0.07111
871283 0.07175
871319 0.07148
871331 0.07162
871355 0.07176
871379 0.0715
871403 0.07176
871415 0.07139
871427 0.07063
871475 0.07126
871487 0.071
871499 0.07122
871523 0.07147
871535 0.07141
871547 0.07099
871607 0.07116
871619 0.07121
871691 0.07179
871715 0.07178
871775 0.07133
871799 0.07132
871811 0.07123
871847 0.07079
871859 0.07176
871943 0.07123
871955 0.0709
871967 0.07102
871979 0.07151
872051 0.07173
872063 0.07123
872075 0.07138
872087 0.0713
872111 0.07131
872135 0.07134
872183 0.07132
872195 0.07129
872219 0.0717
872267 0.07175
872279 0.07129
872291 0.07176
872303 0.07134
872363 0.07168
872375 0.07131
872423 0.07128
872447 0.07129
872495 0.07136
872507 0.07088
872531 0.07159
872555 0.07123
872579 0.07134
872603 0.07179
872615 0.07123
872639 0.07133
872651 0.07178
872675 0.07178
872771 0.07176
872783 0.07111
872819 0.07163
872831 0.0713
872879 0.07137
872891 0.07125
872903 0.0712
872963 0.07158
872975 0.07121
873011 0.07123
873023 0.07122
873035 0.07157
873059 0.07156
873071 0.07133
873131 0.0717
873143 0.07116
873167 0.07146
873179 0.07154
873191 0.07124
873203 0.07143
873215 0.07147
873239 0.07098
873275 0.07144
873287 0.07099
873299 0.0717
873311 0.07117
873335 0.07143
873347 0.0711
873371 0.07145
873443 0.07172
873455 0.07143
873479 0.0712
873491 0.07164
873503 0.07151
873563 0.07174
873599 0.07111
873623 0.07141
873635 0.07149
873683 0.07139
873695 0.07148
873719 0.07149
873731 0.07161
873755 0.07177
873779 0.07177
873803 0.07144
873827 0.07088
873851 0.07159
873875 0.07132
873887 0.07149
873899 0.07083
873911 0.07149
873923 0.07157
873947 0.07133
873983 0.07158
874019 0.07144
874031 0.07158
874043 0.07178
874055 0.07159
874067 0.07045
874139 0.07177
874163 0.07157
874187 0.07153
874223 0.07156
874235 0.07152
874259 0.07175
874283 0.07158
874307 0.07138
874319 0.07157
874355 0.07124
874379 0.07173
874391 0.07156
874439 0.07094
874451 0.0715
874463 0.07159
874475 0.07126
874499 0.07171
874511 0.07165
874559 0.07135
874571 0.0717
874667 0.07145
874679 0.07162
874691 0.0713
874703 0.07146
874751 0.07161
874775 0.07169
874835 0.07165
874931 0.07164
874943 0.07166
874979 0.07168
875003 0.0714
875063 0.07142
875075 0.07149
875087 0.07166
875099 0.0717
875123 0.07138
875135 0.07163
875147 0.07125
875159 0.07169
875207 0.07164
875231 0.07175
875255 0.07146
875279 0.07171
875303 0.07176
875315 0.07162
875351 0.0717
875399 0.07172
875411 0.07175
875423 0.0714
875435 0.0714
875483 0.07176
875495 0.07157
875531 0.07131
875567 0.07179
875603 0.07153
875675 0.07178
875687 0.07077
875723 0.07179
875735 0.07177
875747 0.07144
875771 0.0718
875807 0.07176
875843 0.0717
875867 0.07126
875891 0.07178
875915 0.07148
875939 0.07177
875999 0.07178
876071 0.07179
876095 0.07166
876119 0.07157
876143 0.07177
876167 0.07162
876251 0.07175
876275 0.07104
876323 0.07141
876347 0.07167
876383 0.0717
876419 0.07139
876467 0.07143
876503 0.07171
876539 0.07044
876563 0.0717
876575 0.07171
876587 0.07064
876599 0.07131
876659 0.07136
876671 0.07167
876683 0.06978
876695 0.07173
876707 0.07112
876743 0.07173
876755 0.07164
876779 0.07067
876803 0.07175
876815 0.07171
876839 0.07167
876863 0.07171
876875 0.07174
876887 0.07166
876899 0.07094
876911 0.07173
876923 0.07174
876935 0.07157
876959 0.07151
876983 0.07169
876995 0.07151
877007 0.07171
877019 0.07159
877031 0.07163
877067 0.07042
877103 0.07179
877139 0.07157
877175 0.07178
877247 0.07177
877259 0.07155
877271 0.07178
877283 0.07179
877295 0.07175
877307 0.07166
877319 0.07178
877331 0.07154
877391 0.07175
877415 0.07177
877427 0.07176
877439 0.07044
877475 0.07152
877499 0.07164
877511 0.07178
877535 0.07172
877559 0.07153
877571 0.07121
877583 0.07179
877607 0.0718
877631 0.07178
877655 0.07179
877679 0.07175
877691 0.07172
877703 0.07172
877763 0.07173
877775 0.07177
877835 0.0717
877847 0.07155
877919 0.07176
877931 0.07168
877955 0.07168
877967 0.07166
877979 0.07144
878015 0.07173
878051 0.07155
878135 0.07171
878195 0.07179
878219 0.07076
878231 0.07171
878303 0.07178
878363 0.07161
878375 0.07169
878399 0.07177
878423 0.07176
878447 0.07166
878459 0.07106
878483 0.07176
878519 0.07173
878531 0.07173
878543 0.07164
878555 0.07173
878579 0.07134
878591 0.07174
878639 0.07175
878687 0.07028
878711 0.07163
878735 0.07177
878771 0.07176
878843 0.07177
878855 0.07161
878867 0.07177
878879 0.07161
878903 0.07164
878963 0.07179
878975 0.07179
878999 0.07165
879059 0.07099
879083 0.07149
879107 0.07178
879131 0.07165
879191 0.07154
879263 0.07169
879275 0.07102
879323 0.07175
879335 0.0717
879359 0.07126
879383 0.07142
879395 0.07133
879407 0.07147
879419 0.07091
879431 0.07172
879443 0.07143
879467 0.07173
879479 0.07172
879515 0.07172
879527 0.07148
879563 0.07158
879587 0.07107
879599 0.07155
879635 0.07117
879659 0.07129
879671 0.07174
879755 0.0708
879767 0.07119
879779 0.07098
879791 0.07176
879803 0.07154
879875 0.07166
879899 0.07125
879911 0.0716
879923 0.07165
879947 0.07112
879959 0.07179
879983 0.07179
879995 0.07134
880055 0.07162
880103 0.07141
880163 0.07161
880175 0.07177
880295 0.07158
880307 0.07129
880319 0.07175
880355 0.07145
880379 0.07056
880403 0.07117
880415 0.07113
880451 0.07144
880463 0.07143
880475 0.07143
880499 0.07115
880535 0.07168
880547 0.07155
880583 0.07169
880619 0.07121
880631 0.0717
880643 0.07153
880655 0.0717
880775 0.07172
880787 0.07138
880811 0.07151
880835 0.0715
880931 0.07126
880967 0.07125
881027 0.07098
881039 0.07126
881063 0.07134
881075 0.07134
881087 0.0712
881183 0.07161
881195 0.07132
881243 0.07131
881303 0.07159
881339 0.07131
881363 0.07044
881375 0.07155
881387 0.07037
881399 0.07179
881423 0.07157
881459 0.07133
881483 0.07127
881507 0.0718
881519 0.07179
881543 0.07133
881555 0.07139
881567 0.07179
881579 0.07123
881603 0.07138
881615 0.07175
881627 0.07135
881651 0.07137
881675 0.07177
881687 0.07135
881699 0.07125
881723 0.07125
881747 0.07108
881759 0.0716
881771 0.07137
881783 0.07172
881795 0.07122
881807 0.07175
881819 0.07126
881831 0.07174
881843 0.07134
881855 0.07119
881867 0.07139
881879 0.07171
881891 0.07173
881927 0.07131
881951 0.07132
881975 0.07172
881999 0.07172
882011 0.07129
882023 0.07168
882035 0.07171
882059 0.0713
882107 0.0717
882119 0.07167
882131 0.07142
882167 0.07169
882191 0.07166
882203 0.07031
882215 0.07165
882227 0.07168
882275 0.07129
882311 0.07143
882323 0.07114
882347 0.07113
882371 0.07146
882383 0.07114
882395 0.07117
882407 0.07145
882419 0.07117
882443 0.07124
882455 0.0717
882467 0.07118
882527 0.07096
882539 0.07148
882575 0.07159
882611 0.0712
882635 0.07134
882647 0.07141
882671 0.07158
882683 0.07135
882695 0.0716
882731 0.07122
882743 0.07174
882767 0.07159
882791 0.07151
882803 0.07116
882815 0.07158
882827 0.07152
882839 0.07158
882875 0.07138
882899 0.07157
882911 0.07154
882935 0.07109
882947 0.07154
882959 0.07177
882983 0.07153
883007 0.07155
883019 0.0714
883031 0.07155
883043 0.0714
883067 0.07007
883079 0.07101
883091 0.07141
883115 0.07127
883127 0.07148
883139 0.07145
883151 0.07153
883175 0.07152
883199 0.07149
883223 0.0715
883235 0.07151
883271 0.0715
883283 0.07111
883295 0.07127
883319 0.0715
883355 0.07144
883367 0.07149
883379 0.0716
883403 0.07109
883415 0.07175
883427 0.07004
883439 0.07145
883463 0.07174
883475 0.07161
883499 0.07162
883511 0.07174
883523 0.07107
883535 0.07161
883547 0.07133
883559 0.07173
883583 0.07172
883595 0.07151
883607 0.07145
883643 0.07076
883655 0.07163
883679 0.07171
883715 0.07165
883775 0.07157
883787 0.07137
883811 0.07166
883835 0.07142
883847 0.07166
883859 0.07155
883883 0.07156
883907 0.07138
883919 0.0714
883943 0.07149
883967 0.07108
884015 0.0715
884027 0.07139
884039 0.07165
884051 0.07069
884063 0.07165
884075 0.07057
884099 0.0717
884123 0.07155
884135 0.0717
884147 0.07097
884195 0.0716
884207 0.07171
884255 0.07171
884279 0.07161
884291 0.07134
884303 0.07172
884315 0.07173
884327 0.07134
884339 0.07174
884351 0.07173
884375 0.07173
884399 0.07159
884411 0.07132
884447 0.07167
884459 0.07146
884471 0.07174
884507 0.07176
884519 0.07145
884531 0.07131
884543 0.07175
884555 0.07165
884567 0.07117
884603 0.07166
884627 0.07116
884639 0.07129
884663 0.07147
884675 0.07163
884687 0.07134
884711 0.0717
884735 0.0716
884747 0.07127
884759 0.07148
884771 0.07164
884783 0.07171
884795 0.07179
884807 0.07161
884819 0.07179
884855 0.0718
884879 0.07136
884891 0.0717
884903 0.07162
884927 0.07122
884975 0.07163
885011 0.07168
885047 0.07091
885059 0.07155
885071 0.07176
885119 0.07139
885143 0.07175
885155 0.07173
885179 0.07174
885191 0.07174
885275 0.07158
885299 0.07172
885323 0.07172
885335 0.07172
885347 0.0717
885395 0.07159
885407 0.07171
885419 0.07177
885431 0.07179
885467 0.0716
885479 0.07158
885491 0.07178
885515 0.07155
885527 0.07169
885539 0.07179
885563 0.07045
885575 0.07176
885587 0.07114
885599 0.07146
885647 0.07175
885659 0.07177
885671 0.07173
885683 0.07178
885695 0.07148
885707 0.07045
885719 0.07148
885731 0.07177
885743 0.07174
885755 0.07177
885767 0.07173
885779 0.07165
885815 0.0715
885827 0.07163
885851 0.0718
885863 0.07163
885875 0.07179
885887 0.07171
885899 0.07161
885935 0.07177
885983 0.07177
885995 0.07177
886067 0.07169
886079 0.07166
886103 0.07168
886139 0.07137
886151 0.07167
886175 0.07167
886187 0.07157
886211 0.0717
886235 0.07156
886259 0.07172
886295 0.07156
886319 0.07156
886331 0.07173
886355 0.0714
886379 0.07167
886391 0.07171
886403 0.07171
886439 0.07143
886451 0.07174
886475 0.07168
886499 0.07169
886523 0.07169
886535 0.07173
886559 0.07124
886631 0.07172
886655 0.07175
886679 0.07114
886703 0.07171
886715 0.07166
886727 0.07082
886739 0.07165
886763 0.07055
886775 0.07163
886811 0.07147
886823 0.07169
886835 0.07164
886871 0.07178
886883 0.07051
886907 0.07179
886931 0.07092
886943 0.07179
886955 0.07178
887003 0.07175
887015 0.07151
887039 0.07179
887051 0.07143
887063 0.07144
887075 0.07176
887087 0.07168
887099 0.07064
887111 0.07178
887123 0.07177
887159 0.07177
887183 0.07142
887195 0.07174
887207 0.07
887219 0.07126
887231 0.07176
887243 0.07179
887255 0.07176
887279 0.07175
887303 0.07171
887315 0.07156
887339 0.07154
887351 0.07156
887363 0.07179
887375 0.07174
887411 0.07178
887471 0.07173
887495 0.07173
887519 0.07093
887531 0.07157
887579 0.07082
887591 0.07175
887603 0.07031
887615 0.07174
887639 0.07095
887663 0.07176
887675 0.07072
887687 0.07176
887699 0.07146
887723 0.07145
887735 0.07176
887747 0.07085
887771 0.07165
887783 0.07153
887795 0.07131
887807 0.07178
887831 0.07177
887855 0.07166
887879 0.07163
887891 0.07147
887915 0.07162
887927 0.07164
887939 0.07162
887951 0.07164
887963 0.07112
887975 0.07165
888023 0.07163
888035 0.07164
888071 0.07165
888095 0.07166
888119 0.07166
888131 0.07166
888155 0.07166
888167 0.07167
888191 0.07168
888215 0.07168
888227 0.07166
888251 0.07167
888275 0.07167
888299 0.07156
888311 0.07175
888335 0.07169
888347 0.07155
888383 0.07158
888407 0.07138
888419 0.07083
888491 0.0716
888503 0.07171
888515 0.0716
888527 0.07171
888539 0.0712
888551 0.07171
888575 0.07155
888587 0.07046
888599 0.07154
888611 0.07071
888635 0.07117
888647 0.07169
888671 0.07142
888707 0.07157
888719 0.07061
888731 0.07157
888743 0.07099
888755 0.07149
888791 0.07176
888803 0.07149
888839 0.07166
888851 0.07175
888863 0.07165
888875 0.07114
888911 0.07149
888947 0.0706
888971 0.07153
888995 0.07177
889007 0.07179
889019 0.07178
889031 0.0718
889067 0.07178
889079 0.0705
889103 0.07146
889127 0.07178
889151 0.07179
889175 0.07149
889199 0.07032
889223 0.07147
889235 0.07155
889283 0.0712
889295 0.07175
889319 0.07176
889331 0.07124
889343 0.07176
889355 0.07177
889379 0.07176
889403 0.07123
889427 0.07175
889451 0.07118
889463 0.07126
889475 0.07145
889487 0.07151
889499 0.07083
889511 0.07172
889523 0.07088
889547 0.0705
889559 0.07172
889571 0.07173
889583 0.07112
889595 0.07173
889607 0.07111
889619 0.07115
889643 0.07135
889655 0.07152
889667 0.07086
889679 0.07153
889691 0.07136
889739 0.07136
889751 0.07125
889763 0.07117
889775 0.07168
889787 0.07132
889799 0.07168
889823 0.07168
889847 0.07167
889859 0.07168
889883 0.07164
889919 0.07133
889943 0.07133
889955 0.07165
889979 0.0714
889991 0.07105
890015 0.07161
890039 0.07163
890051 0.07166
890075 0.07141
890123 0.07081
890135 0.0716
890171 0.0704
890183 0.07162
890243 0.07169
890255 0.07143
890315 0.07108
890327 0.07142
890339 0.07161
890363 0.07121
890375 0.07166
890387 0.07123
890399 0.07166
890423 0.07125
890435 0.07171
890447 0.07167
890471 0.07164
890495 0.07165
890555 0.07148
890567 0.07138
890579 0.07087
890603 0.07127
890615 0.07169
890627 0.07103
890639 0.07155
890663 0.07107
890675 0.07155
890699 0.07175
890723 0.07175
890735 0.07152
890747 0.07127
890759 0.07153
890771 0.07176
890783 0.07134
890795 0.07153
890807 0.07151
890819 0.07116
890831 0.07152
890855 0.07173
890891 0.07152
890951 0.07171
890975 0.07171
890987 0.0712
891071 0.07148
891083 0.07179
891095 0.07147
891119 0.07176
891131 0.07156
891167 0.07144
891191 0.07145
891215 0.07175
891227 0.07108
891263 0.07145
891275 0.07158
891299 0.07158
891335 0.07176
891347 0.07145
891359 0.0718
891383 0.07143
891395 0.0711
891407 0.07142
891419 0.07143
891431 0.07142
891443 0.07115
891455 0.07178
891467 0.07143
891479 0.07149
891503 0.07138
891515 0.07137
891527 0.07149
891575 0.0714
891599 0.07122
891623 0.07121
891671 0.07151
891683 0.0714
891695 0.07174
891719 0.07137
891731 0.07168
891779 0.07168
891803 0.07167
891815 0.07172
891839 0.07142
891863 0.07143
891875 0.07142
891911 0.07174
891935 0.0717
891947 0.07132
891959 0.0717
891971 0.07164
891995 0.07164
892007 0.07173
892031 0.07172
892055 0.07172
892115 0.07108
892127 0.07167
892139 0.07162
892151 0.07167
892163 0.07161
892175 0.0707
892187 0.07131
892199 0.07159
892211 0.07161
892223 0.07169
892247 0.07169
892259 0.07136
892283 0.07159
892295 0.07165
892319 0.07164
892331 0.07159
892343 0.07149
892355 0.07149
892379 0.07173
892403 0.0715
892415 0.07166
892427 0.07124
892463 0.07165
892475 0.07156
892487 0.07165
892499 0.07175
892511 0.07125
892535 0.07164
892571 0.07176
892583 0.07163
892595 0.07176
892607 0.07115
892619 0.07177
892631 0.07159
892679 0.07001
892691 0.07093
892715 0.07154
892739 0.07143
892775 0.07167
892799 0.07119
892811 0.07179
892823 0.07156
892847 0.07118
892859 0.0712
892871 0.07159
892883 0.0715
892895 0.07169
892907 0.0709
892943 0.0712
892955 0.07132
892979 0.07177
893027 0.07118
893039 0.07171
893063 0.07083
893075 0.07176
893159 0.07161
893171 0.07174
893231 0.07173
893255 0.07153
893267 0.07136
893279 0.07162
893291 0.07162
893303 0.07152
893315 0.07172
893327 0.07125
893375 0.07175
893387 0.07164
893399 0.07176
893411 0.07164
893435 0.07164
893447 0.07176
893471 0.07177
893483 0.07053
893495 0.07149
893507 0.0708
893519 0.07177
893531 0.07115
893555 0.07168
893579 0.0714
893615 0.07167
893627 0.07167
893639 0.07114
893663 0.07146
893675 0.07166
893687 0.07089
893699 0.07142
893711 0.07179
893735 0.07105
893747 0.07157
893759 0.07169
893771 0.07169
893783 0.07169
893795 0.07169
893807 0.07086
893819 0.07158
893831 0.0717
893843 0.0717
893855 0.07177
893867 0.0717
893879 0.07139
893891 0.07163
893915 0.07171
893927 0.07101
893951 0.07175
893975 0.07141
893987 0.0716
894047 0.0714
894071 0.07174
894083 0.0716
894107 0.07174
894179 0.07163
894215 0.07098
894251 0.07176
894263 0.07136
894275 0.0715
894299 0.07165
894311 0.07132
894323 0.07155
894335 0.07177
894347 0.07177
894359 0.07001
894383 0.07178
894395 0.07178
894443 0.07127
894455 0.07179
894479 0.07167
894491 0.07167
894539 0.07142
894551 0.07179
894563 0.07179
894575 0.07165
894587 0.07159
894599 0.07074
894623 0.07178
894635 0.07178
894659 0.07155
894683 0.07177
894707 0.07156
894743 0.07071
894803 0.07119
894815 0.07124
894827 0.07162
894851 0.07175
894863 0.07174
894875 0.07174
894887 0.07147
894899 0.07173
894911 0.07126
894959 0.07173
894971 0.07173
894983 0.07067
894995 0.07145
895019 0.07175
895031 0.07171
895043 0.07172
895055 0.07149
895091 0.07171
895115 0.07166
895163 0.07151
895175 0.07156
895187 0.07167
895199 0.07135
895223 0.07151
895235 0.07178
895259 0.07178
895271 0.07117
895295 0.07087
895307 0.0714
895331 0.07165
895355 0.07179
895367 0.07153
895379 0.07165
895403 0.0717
895439 0.07077
895451 0.07142
895475 0.07178
895487 0.07151
895511 0.07164
895547 0.07168
895559 0.07163
895607 0.07157
895619 0.07097
895643 0.07162
895655 0.07157
895679 0.07074
895727 0.07158
895751 0.07147
895775 0.0716
895847 0.07095
895859 0.07172
895871 0.07158
895883 0.07161
895895 0.07161
895919 0.07157
895931 0.07171
895943 0.07161
895955 0.07173
895967 0.07011
895991 0.07106
896039 0.07155
896063 0.07017
896075 0.07179
896087 0.07141
896099 0.07164
896135 0.07164
896159 0.0714
896171 0.07167
896183 0.07149
896195 0.07178
896207 0.07106
896219 0.07177
896243 0.07177
896255 0.07152
896267 0.07177
896279 0.07151
896291 0.07178
896303 0.07166
896315 0.07165
896339 0.07179
896351 0.07167
896363 0.07175
896375 0.07077
896387 0.07179
896399 0.07136
896411 0.0718
896423 0.07152
896459 0.07011
896471 0.07153
896483 0.07149
896495 0.07053
896507 0.07178
896555 0.07157
896567 0.07097
896579 0.07156
896591 0.07059
896603 0.07172
896615 0.07171
896627 0.07111
896639 0.07155
896651 0.07176
896663 0.07156
896675 0.07175
896699 0.07158
896735 0.07172
896759 0.07157
896795 0.07174
896807 0.07173
896819 0.07174
896831 0.07174
896843 0.07116
896855 0.07142
896891 0.07175
896903 0.07175
896939 0.07155
896951 0.0709
896975 0.0709
896987 0.07165
896999 0.0709
897023 0.07093
897095 0.07092
897107 0.07165
897131 0.07178
897155 0.07168
897167 0.0709
897179 0.07179
897203 0.07179
897215 0.07179
897227 0.07167
897239 0.07123
897275 0.07166
897287 0.07115
897299 0.07179
897311 0.07179
897335 0.07165
897347 0.07165
897371 0.07167
897383 0.07048
897419 0.07163
897431 0.07166
897455 0.07133
897479 0.07092
897503 0.07067
897515 0.07175
897539 0.07175
897551 0.07175
897575 0.07168
897587 0.07161
897599 0.07169
897611 0.07172
897623 0.0713
897683 0.07172
897695 0.07173
897719 0.0717
897731 0.07174
897743 0.07172
897755 0.07153
897767 0.07081
897791 0.07127
897827 0.07175
897839 0.07172
897851 0.0714
897863 0.07079
897875 0.07174
897923 0.07155
897935 0.07173
897959 0.07124
897995 0.07176
898031 0.07124
898043 0.07167
898055 0.07175
898079 0.07175
898103 0.07122
898151 0.07109
898163 0.0718
898175 0.07102
898187 0.07158
898235 0.07179
898271 0.07178
898331 0.0716
898343 0.07179
898367 0.07068
898379 0.07132
898391 0.07118
898415 0.07131
898451 0.07177
898463 0.0716
898475 0.07176
898487 0.07132
898499 0.07146
898511 0.07178
898535 0.07177
898559 0.07107
898583 0.07177
898619 0.07139
898631 0.07114
898643 0.07139
898655 0.07176
898679 0.06975
898703 0.07113
898739 0.0714
898775 0.07112
898799 0.07136
898811 0.07141
898835 0.07167
898847 0.07154
898871 0.07137
898907 0.07143
898919 0.07138
898931 0.07169
898943 0.07112
898955 0.07169
898967 0.07138
898979 0.07139
898991 0.0717
899003 0.07086
899015 0.07139
899027 0.07121
899039 0.07021
899063 0.07151
899075 0.07145
899099 0.0712
899111 0.0709
899147 0.07172
899171 0.07149
899195 0.07172
899207 0.07058
899219 0.07147
899231 0.07142
899243 0.07148
899255 0.07166
899267 0.07173
899279 0.07117
899303 0.07147
899315 0.07163
899327 0.07143
899351 0.07118
899363 0.07162
899375 0.07164
899399 0.07144
899411 0.0715
899435 0.07126
899471 0.07144
899543 0.07096
899555 0.07152
899567 0.07065
899579 0.07137
899591 0.07161
899627 0.07123
899651 0.07158
899663 0.07141
899675 0.07156
899699 0.07154
899723 0.07156
899747 0.07154
899759 0.07018
899771 0.07156
899783 0.07158
899795 0.07154
899819 0.07155
899855 0.07125
899867 0.07177
899879 0.07151
899915 0.07142
899951 0.07126
899963 0.07136
899975 0.07136
899999 0.07154
900011 0.07158
900023 0.07102
900047 0.07135
900059 0.07159
900071 0.07078
900095 0.07134
900119 0.07129
900131 0.0716
900155 0.0715
900167 0.07155
900179 0.07149
900191 0.07155
900203 0.07172
900239 0.07156
900251 0.07146
900263 0.0715
900275 0.07148
900299 0.07104
900311 0.07157
900335 0.07149
900359 0.07132
900371 0.07146
900395 0.07169
900407 0.0713
900431 0.07147
900455 0.07147
900467 0.07164
900479 0.07085
900503 0.07146
900515 0.07167
900575 0.07145
900635 0.07152
900647 0.07161
900695 0.07143
900707 0.07111
900731 0.07168
900755 0.07111
900767 0.07067
900779 0.07111
900791 0.07138
900815 0.07083
900827 0.07162
900839 0.07043
900875 0.07161
900887 0.07065
900899 0.0717
900923 0.07136
900935 0.07139
900947 0.0716
900983 0.07045
900995 0.07135
901031 0.07167
901043 0.07159
901091 0.07133
901103 0.07142
901115 0.07157
901127 0.07062
901139 0.07134
901163 0.07132
901175 0.07143
901187 0.07174
901199 0.07135
901223 0.07088
901259 0.07175
901271 0.07134
901283 0.07097
901319 0.07049
901331 0.07154
901343 0.0705
901355 0.07162
901379 0.07177
901391 0.0705
901415 0.07122
901439 0.07172
901463 0.07069
901475 0.07178
901487 0.07173
901511 0.07148
901523 0.07126
901559 0.07174
901571 0.07165
901583 0.07124
901595 0.07125
901607 0.07094
901619 0.07098
901631 0.07128
901667 0.07178
901715 0.07177
901727 0.07109
901763 0.07167
901775 0.07151
901799 0.07056
901835 0.07107
901847 0.07178
901883 0.07169
901943 0.07154
901967 0.07099
901991 0.07179
902003 0.07128
902015 0.0713
902051 0.07172
902063 0.071
902075 0.07129
902123 0.07118
902135 0.07101
902159 0.07177
902171 0.07173
902183 0.0712
902195 0.07173
902207 0.07101
902219 0.07174
902243 0.07174
902255 0.07118
902267 0.07115
902279 0.07175
902291 0.07116
902327 0.07104
902339 0.07108
902375 0.07173
902387 0.07085
902399 0.07064
902423 0.0716
902435 0.07176
902447 0.07105
902459 0.07084
902495 0.07004
902519 0.07162
902531 0.0711
902543 0.07096
902567 0.07057
902615 0.07138
902651 0.0711
902663 0.07108
902675 0.07179
902699 0.07179
902711 0.07164
902747 0.07161
902759 0.07167
902795 0.07139
902819 0.07108
902843 0.07139
902855 0.07166
902879 0.07034
902891 0.07129
902915 0.07176
902927 0.07164
902939 0.07089
902975 0.07168
902999 0.07045
903011 0.07174
903023 0.07169
903035 0.07127
903047 0.07114
903059 0.07111
903083 0.07173
903095 0.0717
903107 0.07155
903119 0.07074
903155 0.07101
903167 0.07086
903191 0.07146
903203 0.07144
903215 0.07171
903227 0.07089
903239 0.07172
903263 0.07147
903275 0.07099
903287 0.07159
903299 0.06986
903431 0.071
903455 0.07175
903467 0.07117
903491 0.07149
903503 0.07079
903515 0.07124
903539 0.0705
903575 0.07151
903587 0.07148
903599 0.07152
903611 0.07165
903635 0.0715
903647 0.07122
903659 0.07151
903671 0.07153
903695 0.07153
903707 0.07146
903719 0.07178
903731 0.07145
903743 0.07062
903779 0.07076
903815 0.07155
903839 0.0715
903851 0.07153
903863 0.07155
903875 0.07154
903887 0.07149
903911 0.07149
903923 0.07154
903935 0.07156
903947 0.07099
903959 0.07178
903971 0.0713
903983 0.07157
904031 0.07147
904091 0.07157
904115 0.07157
904139 0.07157
904151 0.07175
904163 0.07156
904175 0.07129
904187 0.07138
904199 0.07083
904211 0.07155
904223 0.07173
904247 0.07083
904259 0.07154
904271 0.0709
904295 0.07161
904307 0.07128
904319 0.07086
904331 0.07153
904367 0.07142
904391 0.07163
904403 0.07152
904427 0.07134
904439 0.07082
904451 0.07162
904475 0.07137
904487 0.07087
904583 0.07135
904595 0.07139
904631 0.07167
904655 0.07136
904691 0.07165
904703 0.07166
904715 0.07147
904739 0.07147
904751 0.07165
904763 0.07141
904775 0.07165
904787 0.07129
904799 0.07168
904835 0.07142
904859 0.07167
904895 0.07163
904943 0.07162
904955 0.07144
904979 0.07144
904991 0.07171
905003 0.07114
905027 0.07128
905039 0.07131
905063 0.07172
905075 0.07128
905135 0.07129
905159 0.07073
905183 0.07103
905219 0.07054
905231 0.07157
905255 0.07157
905279 0.07157
905303 0.07039
905351 0.07126
905363 0.07149
905375 0.07176
905399 0.07099
905411 0.07144
905447 0.07125
905459 0.07151
905471 0.07177
905483 0.0712
905495 0.07153
905519 0.07097
905531 0.07176
905543 0.07178
905555 0.07135
905567 0.07101
905579 0.07146
905591 0.07179
905603 0.07177
905627 0.07122
905639 0.0718
905663 0.07149
905675 0.07178
905699 0.07179
905711 0.07178
905723 0.07124
905735 0.07178
905747 0.07148
905771 0.0718
905795 0.07179
905831 0.07152
905855 0.07091
905867 0.07139
905879 0.07106
905891 0.07157
905903 0.07147
905927 0.07103
905939 0.0714
905975 0.07116
905987 0.07127
906035 0.07142
906047 0.07076
906059 0.07127
906071 0.07173
906083 0.07126
906131 0.07174
906155 0.07173
906167 0.0711
906191 0.07116
906239 0.07112
906275 0.07162
906299 0.07122
906311 0.07169
906335 0.07169
906347 0.07007
906359 0.07109
906395 0.0717
906407 0.0716
906419 0.07035
906443 0.07164
906455 0.0712
906467 0.07147
906491 0.07168
906503 0.07161
906527 0.07111
906551 0.07115
906575 0.07162
906587 0.0716
906599 0.07116
906623 0.07164
906635 0.07167
906647 0.07163
906659 0.07161
906671 0.07163
906683 0.07167
906695 0.07123
906719 0.07114
906743 0.07164
906755 0.07162
906803 0.07163
906815 0.07165
906827 0.07163
906851 0.07163
906863 0.07126
906875 0.07044
906887 0.07088
906899 0.07164
906947 0.07154
906959 0.07127
906983 0.07106
907007 0.07121
907043 0.0714
907055 0.07157
907079 0.07122
907091 0.07156
907103 0.07169
907115 0.07158
907175 0.07124
907187 0.07168
907235 0.07175
907247 0.07125
907271 0.07125
907283 0.07101
907307 0.07146
907319 0.07124
907343 0.07173
907355 0.07145
907379 0.07022
907415 0.07127
907439 0.07123
907451 0.07172
907463 0.07174
907475 0.07148
907499 0.07104
907511 0.0715
907523 0.07179
907535 0.07125
907547 0.07173
907559 0.07097
907595 0.07163
907607 0.07129
907619 0.07148
907631 0.0712
907643 0.07179
907655 0.07177
907679 0.07147
907715 0.07151
907739 0.07177
907763 0.0715
907775 0.07178
907787 0.07176
907799 0.07129
907835 0.07147
907847 0.07108
907859 0.07177
907883 0.0711
907895 0.07086
907907 0.07178
907919 0.07119
907931 0.07119
907943 0.07143
907955 0.07178
907979 0.07111
907991 0.07142
908051 0.07172
908075 0.07155
908087 0.07176
908099 0.0717
908111 0.07143
908123 0.07121
908135 0.07143
908147 0.0717
908207 0.07138
908219 0.07171
908231 0.07138
908255 0.07138
908267 0.07176
908279 0.07138
908291 0.07158
908315 0.07173
908327 0.07139
908339 0.07139
908351 0.0714
908375 0.07136
908387 0.07019
908399 0.0714
908411 0.07166
908423 0.07136
908435 0.07072
908447 0.07137
908495 0.0717
908507 0.07127
908519 0.07148
908567 0.07083
908579 0.07171
908615 0.07084
908639 0.07075
908651 0.07163
908663 0.07129
908675 0.07164
908735 0.07151
908747 0.0713
908783 0.06999
908831 0.07153
908855 0.07143
908867 0.07132
908891 0.07166
908903 0.07132
908915 0.07132
908939 0.07178
908951 0.07148
908975 0.07162
908987 0.07177
908999 0.07127
909011 0.07157
909035 0.07168
909059 0.07164
909083 0.0717
909095 0.07125
909131 0.07169
909143 0.07159
909155 0.07174
909167 0.07147
909179 0.07154
909191 0.07159
909215 0.07137
909275 0.0716
909311 0.07157
909323 0.07152
909335 0.07121
909359 0.07153
909395 0.07174
909407 0.07154
909431 0.0714
909443 0.07175
909479 0.07152
909491 0.07174
909527 0.07152
909551 0.07162
909563 0.07141
909575 0.07153
909587 0.07168
909623 0.07098
909647 0.07059
909659 0.07176
909695 0.07116
909707 0.07178
909719 0.07007
909755 0.07178
909779 0.07055
909815 0.07128
909827 0.07164
909839 0.06919
909875 0.07178
909887 0.07157
909923 0.07179
909935 0.07147
909947 0.07162
909959 0.07147
909983 0.06998
909995 0.07161
910007 0.07146
910043 0.07176
910067 0.07031
910079 0.0717
910091 0.07177
910115 0.07147
910151 0.07144
910163 0.07141
910175 0.07171
910187 0.0715
910211 0.07173
910259 0.07174
910271 0.07151
910283 0.07172
910319 0.07135
910331 0.07173
910343 0.07173
910355 0.07171
910367 0.07136
910379 0.07155
910391 0.07174
910403 0.07172
910415 0.07164
910427 0.07142
910439 0.07137
910463 0.07106
910475 0.07154
910487 0.07137
910499 0.0717
910547 0.07123
910559 0.07176
910571 0.07146
910595 0.07155
910667 0.07054
910679 0.07178
910703 0.07113
910715 0.07138
910727 0.07172
910739 0.07068
910763 0.07164
910775 0.07173
910811 0.07165
910823 0.07179
910859 0.0699
910919 0.07178
910931 0.07162
910955 0.07163
910967 0.07175
910979 0.07163
910991 0.07035
911015 0.07173
911051 0.0716
911075 0.07162
911099 0.07161
911123 0.07162
911135 0.07178
911183 0.07116
911243 0.07164
911255 0.07176
911279 0.07165
911315 0.07121
911339 0.07157
911351 0.07125
911375 0.07171
911399 0.0717
911411 0.07166
911423 0.07123
911435 0.07154
911447 0.07177
911471 0.07168
911483 0.07167
911495 0.0712
911519 0.07176
911531 0.0716
911543 0.07169
911555 0.07168
911567 0.07179
911579 0.0716
911591 0.07175
911603 0.07169
911615 0.07174
911639 0.07178
911651 0.0717
911675 0.07152
911699 0.07162
911711 0.07177
911735 0.07176
911747 0.07054
911759 0.07172
911795 0.07148
911843 0.07164
911855 0.07175
911891 0.07164
911915 0.07131
911927 0.07169
911939 0.07165
911963 0.07174
911975 0.07169
911999 0.07161
912023 0.07175
912035 0.07175
912059 0.07146
912071 0.07054
912095 0.07176
912107 0.07176
912131 0.07176
912143 0.07132
912179 0.07127
912191 0.07077
912263 0.07178
912275 0.07178
912299 0.07142
912311 0.07163
912323 0.0717
912347 0.0714
912371 0.07148
912383 0.07109
912395 0.07171
912407 0.07136
912419 0.07172
912431 0.07179
912455 0.07171
912479 0.07178
912503 0.07153
912527 0.07165
912551 0.06899
912563 0.07174
912575 0.07173
912599 0.07173
912611 0.07093
912635 0.07176
912659 0.07119
912671 0.07167
912683 0.07152
912695 0.07167
912707 0.07082
912719 0.07174
912731 0.07176
912743 0.07149
912755 0.07118
912779 0.07177
912803 0.07096
912815 0.07176
912827 0.07173
912875 0.07068
912887 0.07101
912947 0.07085
912983 0.0717
913007 0.07172
913019 0.07179
913031 0.07169
913043 0.07169
913055 0.07179
913079 0.07155
913091 0.0713
913115 0.07178
913127 0.07064
913175 0.07154
913187 0.07159
913211 0.07167
913223 0.07166
913235 0.07166
913271 0.07152
913307 0.07097
913319 0.07176
913343 0.07094
913355 0.07161
913367 0.07175
913379 0.07059
913403 0.07092
913415 0.07163
913427 0.07163
913439 0.07163
913451 0.07163
913463 0.07162
913475 0.07163
913499 0.07172
913511 0.07137
913535 0.07173
913547 0.07161
913559 0.07179
913583 0.07148
913595 0.07122
913607 0.0718
913631 0.07153
913643 0.07121
913655 0.07159
913667 0.0716
913679 0.07135
913691 0.07108
913703 0.07098
913715 0.07169
913727 0.0715
913751 0.07169
913763 0.07168
913775 0.07177
913787 0.07117
913835 0.07167
913859 0.07166
913883 0.07156
913919 0.07142
913931 0.07087
913955 0.07165
913991 0.07174
914003 0.07115
914039 0.07173
914051 0.07154
914063 0.07155
914075 0.07171
914087 0.0714
914099 0.07114
914135 0.07171
914147 0.07096
914159 0.07163
914183 0.07127
914231 0.0717
914243 0.07151
914267 0.0711
914291 0.07174
914303 0.07149
914315 0.07174
914375 0.07159
914399 0.07167
914411 0.07148
914423 0.07123
914447 0.07166
914459 0.07119
914471 0.07147
914483 0.07147
914531 0.07177
914555 0.07178
914567 0.07156
914603 0.07155
914615 0.07164
914627 0.07178
914639 0.07155
914663 0.07163
914675 0.06982
914687 0.07052
914699 0.07153
914735 0.07168
914747 0.07179
914759 0.07142
914771 0.07152
914795 0.07142
914807 0.07161
914831 0.07165
914855 0.07166
914879 0.0716
914915 0.07176
914939 0.07084
914975 0.07171
914987 0.07139
914999 0.06921
915011 0.07126
915023 0.07115
915035 0.07148
915047 0.07172
915059 0.07147
915083 0.07147
915095 0.07169
915107 0.071
915119 0.07148
915131 0.07173
915155 0.07136
915167 0.07174
915179 0.07128
915215 0.07111
915227 0.07102
915239 0.07146
915275 0.07144
915287 0.07172
915299 0.0713
915323 0.0717
915359 0.07152
915371 0.07077
915395 0.07169
915407 0.07119
915419 0.07086
915443 0.07141
915467 0.07131
915491 0.07167
915503 0.07175
915515 0.0712
915551 0.07179
915575 0.07141
915599 0.07112
915635 0.07129
915671 0.07177
915695 0.07125
915743 0.07178
915767 0.07138
915779 0.07137
915791 0.07137
915815 0.07177
915875 0.07161
915899 0.07093
915923 0.07134
915935 0.07179
915971 0.07127
915983 0.07174
915995 0.0716
916007 0.07142
916019 0.07113
916043 0.0714
916055 0.0713
916067 0.07158
916079 0.07109
916115 0.07129
916139 0.07046
916151 0.07131
916163 0.07096
916175 0.0711
916199 0.07139
916211 0.0713
916223 0.07095
916247 0.0717
916271 0.07169
916283 0.07143
916307 0.07131
916343 0.07117
916355 0.07118
916379 0.07065
916391 0.07172
916403 0.07153
916427 0.07118
916439 0.07127
916475 0.07146
916487 0.07166
916499 0.07146
916523 0.07151
916547 0.07151
916559 0.07111
916619 0.07148
916631 0.07137
916655 0.07163
916667 0.07113
916691 0.07136
916727 0.07113
916739 0.07104
916763 0.07121
916775 0.07166
916799 0.07122
916823 0.07161
916835 0.07071
916847 0.0714
916883 0.07152
916895 0.07141
916919 0.07128
916955 0.0714
916967 0.07159
916979 0.07126
916991 0.07142
917015 0.07117
917027 0.07143
917075 0.07075
917087 0.07161
917099 0.07155
917111 0.07119
917135 0.07156
917147 0.07143
917171 0.07105
917183 0.07159
917207 0.07019
917231 0.07123
917267 0.07103
917303 0.07153
917315 0.07145
917339 0.07112
917351 0.07126
917375 0.07126
917387 0.07138
917399 0.07101
917447 0.07151
917483 0.0711
917507 0.071
917531 0.0716
917543 0.07154
917567 0.07153
917603 0.07116
917627 0.07098
917639 0.07115
917663 0.07151
917675 0.07133
917699 0.07106
917711 0.07131
917723 0.0715
917735 0.07152
917747 0.07132
917795 0.07164
917819 0.07164
917867 0.07138
917879 0.07119
917915 0.07103
917963 0.07166
917975 0.07147
917987 0.07092
917999 0.07111
918023 0.07135
918035 0.07167
918059 0.07122
918083 0.07122
918095 0.07145
918107 0.07127
918119 0.07132
918155 0.07123
918167 0.07158
918179 0.07124
918203 0.07169
918215 0.07159
918239 0.07099
918251 0.07158
918275 0.07158
918287 0.07142
918299 0.07171
918311 0.07124
918323 0.07061
918335 0.0716
918359 0.07086
918383 0.0714
918395 0.07159
918407 0.07161
918419 0.07093
918479 0.07127
918503 0.07103
918515 0.07174
918551 0.07142
918575 0.07164
918599 0.07139
918611 0.07175
918623 0.07143
918635 0.07163
918659 0.0713
918695 0.0714
918707 0.07117
918719 0.0692
918755 0.0715
918791 0.07134
918803 0.07165
918827 0.07098
918863 0.07168
918875 0.07088
918887 0.07168
918911 0.07147
918923 0.07167
918935 0.07148
918983 0.07169
918995 0.07179
919043 0.07168
919055 0.0717
919103 0.07072
919139 0.07155
919151 0.07125
919163 0.07176
919175 0.07085
919187 0.0711
919199 0.07147
919211 0.07104
919235 0.07156
919259 0.07104
919271 0.07148
919283 0.07172
919295 0.07152
919307 0.07157
919331 0.07105
919343 0.07174
919367 0.07174
919379 0.0714
919391 0.07154
919415 0.07139
919439 0.0715
919451 0.07159
919463 0.07155
919475 0.07077
919487 0.07119
919523 0.07171
919583 0.07156
919607 0.07157
919619 0.07161
919655 0.07079
919739 0.07027
919751 0.07154
919763 0.07145
919775 0.07179
919835 0.07179
919847 0.07156
919919 0.07157
919931 0.07166
919943 0.07161
919955 0.07179
919967 0.07147
919991 0.07116
920003 0.07163
920027 0.07115
920063 0.07163
920075 0.07177
920099 0.07168
920111 0.07149
920135 0.07042
920159 0.07058
920171 0.07151
920207 0.07161
920231 0.07161
920243 0.0716
920255 0.07165
920303 0.07088
920315 0.07158
920327 0.0711
920351 0.0717
920363 0.07056
920375 0.0717
920387 0.07089
920459 0.07173
920483 0.07156
920495 0.07169
920531 0.07156
920543 0.07029
920567 0.07167
920603 0.07088
920615 0.0717
920627 0.07168
920639 0.07166
920663 0.07101
920675 0.07167
920723 0.07158
920735 0.07172
920759 0.07168
920771 0.07125
920795 0.07083
920819 0.07151
920831 0.07163
920855 0.07162
920867 0.07084
920879 0.0717
920903 0.07136
920915 0.07179
920939 0.07179
920975 0.071
920987 0.07162
921023 0.07137
921035 0.07147
921047 0.0716
921059 0.07087
921071 0.07176
921083 0.07163
921095 0.07177
921119 0.07162
921131 0.07177
921167 0.07178
921179 0.07176
921215 0.07174
921227 0.07131
921239 0.07175
921251 0.07175
921263 0.07156
921275 0.07166
921299 0.07072
921311 0.0718
921323 0.07157
921335 0.07179
921347 0.07132
921359 0.07059
921383 0.07154
921419 0.07173
921431 0.07177
921479 0.07178
921515 0.0714
921527 0.07152
921539 0.07169
921551 0.07179
921575 0.07175
921587 0.07153
921599 0.07169
921623 0.07106
921635 0.0717
921659 0.06962
921671 0.0717
921683 0.07077
921695 0.07178
921707 0.07137
921719 0.07178
921731 0.07138
921767 0.07172
921791 0.07177
921803 0.07173
921815 0.07172
921827 0.07166
921851 0.07149
921863 0.07083
921875 0.07174
921899 0.07165
921923 0.07068
921935 0.07175
921971 0.07164
921983 0.07169
921995 0.07111
922007 0.07145
922019 0.07176
922031 0.07041
922055 0.07175
922091 0.07162
922103 0.07167
922115 0.07177
922127 0.07172
922139 0.07143
922151 0.07176
922175 0.07142
922187 0.07144
922199 0.07171
922259 0.07179
922271 0.07178
922295 0.07178
922307 0.07115
922319 0.07029
922343 0.07075
922355 0.07158
922379 0.07179
922403 0.07126
922415 0.07179
922475 0.07125
922535 0.07091
922547 0.07107
922571 0.07176
922583 0.07136
922595 0.07175
922607 0.07176
922655 0.07163
922691 0.07174
922703 0.07027
922715 0.07173
922751 0.07174
922763 0.07121
922775 0.07133
922799 0.07043
922811 0.07152
922823 0.07068
922847 0.07156
922871 0.07162
922895 0.07163
922919 0.07096
922955 0.0717
922967 0.07164
922979 0.07169
922991 0.0717
923003 0.07131
923015 0.0717
923039 0.07158
923063 0.07039
923075 0.07168
923087 0.07165
923099 0.07115
923111 0.07168
923159 0.07
923195 0.07166
923207 0.07126
923219 0.07158
923231 0.07167
923267 0.07127
923279 0.07042
923291 0.07159
923303 0.07168
923315 0.07164
923327 0.07102
923339 0.07143
923351 0.07165
923375 0.07169
923423 0.0717
923447 0.0717
923459 0.07162
923495 0.07163
923519 0.07038
923615 0.07149
923627 0.07163
923639 0.07148
923651 0.07121
923675 0.07106
923699 0.07164
923723 0.07106
923735 0.07058
923747 0.07165
923759 0.07135
923771 0.07165
923795 0.07135
923807 0.07175
923819 0.07124
923831 0.07175
923843 0.07118
923855 0.07136
923867 0.07166
923879 0.07109
923891 0.07167
923915 0.07134
923927 0.07177
923951 0.07051
923975 0.07155
923999 0.07155
924011 0.07138
924035 0.07153
924047 0.07178
924071 0.07154
924095 0.07139
924119 0.07113
924131 0.0717
924143 0.07053
924167 0.07179
924179 0.07129
924203 0.07111
924227 0.06997
924239 0.07141
924251 0.07172
924263 0.07142
924275 0.07141
924287 0.07007
924311 0.07177
924335 0.07143
924347 0.07142
924371 0.07173
924407 0.07136
924443 0.07115
924455 0.07144
924479 0.07144
924491 0.07175
924539 0.07175
924563 0.07033
924575 0.07146
924587 0.07124
924599 0.07146
924611 0.07146
924623 0.07172
924635 0.07177
924647 0.07133
924695 0.07144
924707 0.07105
924755 0.07148
924767 0.07143
924803 0.07148
924815 0.07169
924839 0.07056
924851 0.07138
924863 0.07056
924875 0.07138
924887 0.07168
924899 0.0714
924923 0.0715
924935 0.07151
924947 0.07178
924971 0.07138
924983 0.07167
925007 0.07139
925031 0.07125
925043 0.07137
925055 0.07059
925067 0.07141
925115 0.07176
925127 0.07125
925139 0.07175
925175 0.07154
925187 0.07154
925199 0.07154
925235 0.07134
925247 0.07163
925259 0.07134
925283 0.07134
925295 0.07155
925319 0.07134
925343 0.07059
925367 0.07117
925379 0.07111
925403 0.07132
925415 0.07157
925427 0.07157
925439 0.07132
925463 0.07115
925475 0.07128
925511 0.07159
925535 0.07159
925547 0.07158
925571 0.07168
925583 0.07159
925595 0.07159
925643 0.07048
925667 0.07107
925691 0.0716
925703 0.07068
925715 0.07166
925739 0.06936
925751 0.07155
925763 0.07132
925775 0.07115
925787 0.07088
925811 0.07165
925847 0.07136
925859 0.07104
925871 0.07136
925895 0.07153
925907 0.07163
925919 0.07125
925931 0.07153
925955 0.07162
925967 0.07124
926003 0.07165
926015 0.07107
926039 0.07123
926063 0.0715
926075 0.07161
926123 0.07069
926135 0.07149
926159 0.07167
926195 0.07167
926207 0.07068
926219 0.07158
926231 0.07141
926243 0.06954
926255 0.07168
926279 0.07038
926291 0.07118
926315 0.0714
926339 0.07072
926363 0.07169
926375 0.07101
926387 0.07159
926435 0.07155
926447 0.071
926459 0.07155
926471 0.07144
926483 0.07115
926531 0.07094
926543 0.07079
926555 0.07161
926579 0.07161
926591 0.07103
926603 0.07144
926627 0.07173
926639 0.07074
926651 0.07162
926663 0.07097
926675 0.07151
926687 0.0714
926699 0.07145
926711 0.07096
926723 0.07112
926735 0.0714
926759 0.07175
926771 0.07175
926783 0.07139
926831 0.07099
926891 0.07177
926915 0.07109
926927 0.0715
926939 0.07147
926951 0.07178
926975 0.07099
926999 0.07178
927011 0.07178
927035 0.07069
927047 0.07022
927095 0.07153
927107 0.07145
927119 0.07179
927131 0.0718
927143 0.07133
927155 0.07169
927179 0.07151
927203 0.07178
927215 0.07105
927227 0.07083
927239 0.07095
927263 0.07177
927275 0.07177
927299 0.06879
927311 0.07092
927347 0.07172
927359 0.07103
927371 0.07154
927383 0.07087
927395 0.07172
927419 0.07086
927467 0.07174
927479 0.07174
927503 0.07173
927515 0.07174
927527 0.07107
927539 0.07078
927551 0.07159
927563 0.07047
927575 0.07127
927599 0.071
927623 0.07172
927659 0.07176
927767 0.07124
927815 0.07162
927827 0.07178
927851 0.07178
927875 0.07179
927887 0.07163
927899 0.07179
927911 0.07122
927923 0.07078
927935 0.07164
927947 0.07072
927959 0.07094
927971 0.07162
927983 0.07166
928007 0.0712
928019 0.07179
928055 0.07165
928067 0.07178
928091 0.0713
928103 0.07164
928115 0.07177
928127 0.07166
928151 0.07163
928175 0.07163
928199 0.07167
928211 0.07165
928235 0.07162
928247 0.07096
928259 0.07127
928283 0.07166
928295 0.07109
928319 0.07161
928355 0.07126
928367 0.0717
928379 0.07173
928391 0.0717
928439 0.07171
928451 0.07172
928475 0.07169
928487 0.07113
928499 0.07171
928511 0.07158
928523 0.07169
928571 0.0717
928583 0.07113
928595 0.07102
928655 0.07173
928691 0.07172
928715 0.07168
928727 0.07123
928739 0.07172
928751 0.07102
928763 0.07026
928775 0.07109
928811 0.07154
928847 0.07107
928895 0.07125
928919 0.07177
928931 0.07165
928943 0.07151
928955 0.07151
928967 0.07105
928991 0.07178
929015 0.07105
929039 0.07179
929075 0.07177
929099 0.07162
929111 0.0718
929135 0.07148
929147 0.07148
929159 0.07179
929183 0.07121
929195 0.07178
929219 0.07022
929231 0.07115
929255 0.07177
929315 0.07146
929339 0.07179
929351 0.07145
929363 0.07145
929375 0.07176
929387 0.07145
929411 0.07144
929423 0.07117
929435 0.07157
929447 0.07175
929471 0.07174
929495 0.07133
929519 0.07115
929531 0.07176
929543 0.07142
929555 0.07176
929567 0.07069
929579 0.07115
929591 0.07134
929603 0.07
929651 0.07116
929675 0.07153
929687 0.07135
929699 0.07153
929711 0.07118
929723 0.07173
929747 0.07152
929759 0.07129
929771 0.07152
929783 0.07093
929819 0.07172
929867 0.07137
929879 0.07168
929903 0.07136
929915 0.07137
929927 0.07139
929939 0.07149
929951 0.07131
929975 0.07166
929987 0.07042
930023 0.07053
930059 0.07168
930083 0.07167
930107 0.07099
930131 0.07044
930143 0.07087
930155 0.07166
930167 0.07142
930203 0.07132
930215 0.07163
930227 0.07132
930239 0.07162
930263 0.07136
930275 0.07124
930299 0.07164
930311 0.07161
930335 0.07161
930347 0.0713
930359 0.07144
930371 0.07163
930383 0.07129
930395 0.07163
930407 0.07145
930419 0.07162
930431 0.07138
930443 0.06939
930455 0.07146
930527 0.07095
930539 0.07092
930563 0.0716
930575 0.07127
930599 0.07082
930611 0.07139
930623 0.0714
930635 0.07091
930647 0.07128
930659 0.0713
930683 0.07125
930695 0.07134
930731 0.07137
930743 0.07135
930755 0.07124
930767 0.07072
930791 0.07154
930803 0.07123
930839 0.07153
930851 0.07132
930875 0.07155
930887 0.07152
930899 0.07133
930959 0.07152
930983 0.07145
930995 0.07076
931007 0.0715
931019 0.07134
931031 0.07136
931043 0.07056
931079 0.07136
931115 0.07136
931151 0.07148
931175 0.07155
931187 0.0713
931211 0.0715
931223 0.07148
931247 0.07156
931259 0.07129
931283 0.06991
931307 0.0706
931331 0.07124
931343 0.07143
931367 0.07093
931379 0.07139
931391 0.07144
931427 0.07113
931439 0.07159
931451 0.0714
931463 0.07145
931475 0.07113
931523 0.07127
931535 0.0716
931547 0.07141
931559 0.07146
931583 0.07143
931595 0.07111
931631 0.07141
931643 0.07037
931655 0.07141
931703 0.07155
931775 0.07163
931787 0.07073
931799 0.07164
931823 0.07086
931835 0.07145
931871 0.07165
931919 0.07099
931979 0.07118
932015 0.07167
932027 0.0709
932063 0.0716
932075 0.07137
932123 0.07135
932135 0.07168
932147 0.07115
932159 0.07151
932171 0.07135
932195 0.0715
932267 0.07101
932279 0.0717
932291 0.07113
932315 0.071
932327 0.07092
932339 0.07152
932351 0.07164
932363 0.07132
932375 0.07164
932387 0.07099
932399 0.07164
932411 0.07138
932423 0.07154
932435 0.07153
932459 0.07154
932495 0.07155
932507 0.07062
932519 0.07159
932531 0.07155
932555 0.07025
932615 0.0716
932627 0.0704
932639 0.07175
932675 0.07156
932699 0.07157
932711 0.07158
932735 0.07158
932747 0.07157
932759 0.07159
932795 0.07158
932807 0.07177
932831 0.07157
932843 0.07144
932855 0.0717
932867 0.07104
932891 0.07102
932903 0.07171
932975 0.07128
932987 0.07082
933011 0.07089
933035 0.07147
933071 0.07178
933083 0.07104
933119 0.07178
933131 0.07105
933143 0.07167
933155 0.07033
933167 0.07117
933179 0.07149
933191 0.07175
933203 0.07149
933215 0.07176
933227 0.07099
933239 0.07131
933251 0.07164
933275 0.0715
933287 0.0704
933299 0.07165
933311 0.07169
933323 0.07118
933335 0.07177
933371 0.07049
933383 0.07177
933419 0.06989
933431 0.07173
933455 0.07173
933467 0.07167
933503 0.07055
933515 0.0711
933527 0.07171
933539 0.07047
933575 0.07173
933587 0.07169
933599 0.0717
933611 0.07169
933623 0.07174
933647 0.07168
933659 0.06923
933683 0.06974
933695 0.07178
933719 0.07177
933731 0.07171
933743 0.07177
933755 0.07156
933767 0.07108
933779 0.07171
933791 0.07176
933803 0.07157
933863 0.07175
933875 0.07172
933887 0.07166
933899 0.06968
933911 0.07177
933935 0.07178
933947 0.07116
933971 0.07159
933983 0.07178
934007 0.07115
934019 0.07107
934055 0.07176
934091 0.07175
934103 0.07179
934115 0.07176
934139 0.07176
934175 0.07175
934199 0.07175
934211 0.07119
934235 0.07163
934247 0.07176
934283 0.07163
934307 0.071
934331 0.07069
934379 0.07165
934391 0.07175
934439 0.07147
934475 0.07123
934511 0.07179
934535 0.07156
934559 0.07135
934583 0.07172
934595 0.07168
934619 0.07168
934631 0.07155
934643 0.07168
934655 0.07171
934667 0.07105
934679 0.07162
934691 0.07169
934715 0.07126
934727 0.07151
934739 0.07175
934751 0.07169
934775 0.07173
934823 0.07172
934835 0.07107
934847 0.07126
934859 0.07173
934871 0.07175
934895 0.07159
934931 0.07108
934955 0.07172
934967 0.07173
934991 0.07166
935027 0.0697
935039 0.07172
935051 0.07174
935075 0.0717
935087 0.07142
935111 0.07168
935123 0.0709
935159 0.07167
935171 0.07111
935195 0.07168
935207 0.07169
935219 0.0706
935255 0.07169
935267 0.07133
935279 0.07158
935291 0.07166
935315 0.07177
935327 0.07159
935351 0.07167
935363 0.07178
935375 0.07152
935387 0.07062
935411 0.07178
935435 0.07115
935459 0.07065
935471 0.07172
935495 0.07158
935567 0.0714
935579 0.07178
935627 0.07138
935663 0.07169
935675 0.07118
935723 0.06979
935735 0.07158
935747 0.0714
935759 0.07161
935783 0.07157
935795 0.07175
935807 0.07152
935867 0.07157
935915 0.06972
935927 0.07158
935939 0.0707
935951 0.07167
935975 0.07151
936011 0.07071
936035 0.07123
936047 0.07169
936059 0.07071
936071 0.07155
936083 0.07144
936107 0.07144
936143 0.07148
936155 0.0717
936167 0.07157
936191 0.07156
936215 0.07171
936239 0.07147
936251 0.07088
936263 0.0715
936275 0.07168
936287 0.07172
936299 0.07151
936323 0.07167
936335 0.07173
936347 0.07127
936359 0.07159
936371 0.07166
936395 0.07149
936419 0.07011
936431 0.07174
936443 0.07037
936455 0.0716
936479 0.07161
936491 0.07148
936503 0.0716
936551 0.07161
936575 0.07145
936623 0.07162
936635 0.07162
936671 0.07147
936683 0.07067
936707 0.0694
936719 0.07163
936743 0.07148
936755 0.07153
936767 0.07165
936791 0.07179
936803 0.0716
936815 0.07165
936839 0.07179
936851 0.07134
936863 0.07129
936875 0.07155
936887 0.07153
936899 0.07158
936923 0.07155
936947 0.07141
936959 0.07178
936983 0.07154
936995 0.07157
937019 0.07084
937043 0.07028
937055 0.07155
937079 0.07138
937091 0.07158
937103 0.07153
937163 0.07158
937175 0.07154
937199 0.07056
937223 0.07158
937235 0.07087
937247 0.07052
937259 0.07136
937271 0.07174
937283 0.0714
937295 0.07171
937307 0.0716
937319 0.07172
937367 0.07172
937391 0.07173
937403 0.07023
937415 0.07172
937427 0.07134
937439 0.07173
937451 0.0715
937475 0.07142
937487 0.07174
937499 0.07132
937523 0.07141
937547 0.07143
937559 0.07154
937583 0.07126
937595 0.07144
937619 0.07147
937631 0.07168
937691 0.07052
937703 0.07128
937715 0.07166
937727 0.07167
937739 0.07129
937763 0.07145
937775 0.07177
937787 0.07167
937799 0.0713
937811 0.07147
937835 0.07167
937859 0.07095
937871 0.07178
937895 0.07166
937907 0.07135
937931 0.07148
937955 0.07079
937967 0.07164
937979 0.07125
938015 0.07178
938039 0.07178
938063 0.07165
938075 0.07023
938087 0.07161
938111 0.07177
938135 0.07177
938147 0.07172
938159 0.07109
938303 0.07172
938315 0.07174
938327 0.07169
938339 0.07102
938363 0.07037
938375 0.07173
938399 0.07156
938411 0.07175
938423 0.0717
938471 0.07174
938483 0.07134
938519 0.07171
938531 0.07019
938543 0.07126
938579 0.07116
938603 0.07178
938615 0.07127
938627 0.07178
938639 0.07153
938675 0.07131
938687 0.07177
938699 0.07106
938711 0.07177
938723 0.07036
938735 0.07167
938759 0.0717
938771 0.0713
938783 0.07175
938795 0.07122
938819 0.07108
938855 0.07171
938867 0.07161
938891 0.07178
938915 0.07124
938927 0.07148
938975 0.07173
938987 0.07118
938999 0.07173
939023 0.07178
939035 0.07163
939047 0.07162
939083 0.07125
939095 0.07133
939107 0.07112
939143 0.0718
939155 0.0703
939227 0.07172
939251 0.07128
939275 0.07172
939311 0.07177
939323 0.07167
939335 0.07173
939371 0.07167
939383 0.07158
939395 0.0717
939407 0.07176
939419 0.07116
939455 0.07175
939467 0.07117
939479 0.07179
939503 0.0717
939515 0.07168
939527 0.07137
939539 0.07118
939563 0.0717
939575 0.07179
939587 0.07101
939647 0.07138
939659 0.071
939671 0.07153
939683 0.07171
939695 0.07171
939743 0.07176
939779 0.0702
939803 0.07164
939827 0.07163
939851 0.07174
939863 0.07174
939875 0.07136
939887 0.07164
939899 0.07113
939911 0.07168
939947 0.07175
939959 0.07094
939995 0.07175
940007 0.07167
940043 0.07107
940079 0.07171
940091 0.0711
940103 0.07171
940115 0.07177
940139 0.07109
940151 0.0717
940163 0.07178
940175 0.07169
940187 0.07158
940199 0.07148
940211 0.07126
940235 0.07179
940283 0.07156
940295 0.07168
940307 0.0698
940343 0.07167
940355 0.07143
940367 0.07161
940379 0.07129
940391 0.0715
940415 0.07166
940427 0.07129
940439 0.07151
940451 0.07178
940463 0.0716
940475 0.07177
940487 0.0715
940499 0.07104
940511 0.0715
940559 0.07149
940571 0.07152
940595 0.07152
940631 0.07163
940655 0.07157
940667 0.07174
940679 0.07154
940751 0.07155
940763 0.07149
940775 0.07155
940799 0.07152
940811 0.0706
940823 0.0716
940835 0.07117
940847 0.07084
940859 0.07135
940907 0.07171
940943 0.07158
940955 0.07136
940967 0.07148
940991 0.07157
941015 0.07159
941051 0.07138
941063 0.07159
941075 0.07144
941087 0.07157
941111 0.07155
941135 0.07158
941147 0.07139
941171 0.07153
941195 0.07166
941219 0.06997
941231 0.07161
941243 0.07165
941255 0.0716
941279 0.07129
941291 0.07165
941303 0.07162
941315 0.07164
941327 0.07142
941339 0.07067
941363 0.07164
941375 0.07161
941387 0.07142
941399 0.07072
941411 0.07139
941435 0.07157
941447 0.07145
941459 0.07089
941483 0.07162
941531 0.07072
941543 0.07166
941579 0.07127
941627 0.0716
941639 0.07163
941651 0.07136
941675 0.07146
941687 0.07165
941699 0.07004
941711 0.07164
941735 0.07168
941759 0.07145
941783 0.07169
941807 0.07167
941819 0.07148
941843 0.07162
941855 0.0717
941867 0.07163
941891 0.06969
941915 0.07061
941927 0.07169
941939 0.07149
941951 0.07142
941963 0.07081
941975 0.07171
941987 0.07164
942011 0.07133
942023 0.07149
942047 0.0717
942059 0.07151
942083 0.07153
942095 0.07169
942107 0.07166
942119 0.07116
942131 0.07152
942191 0.07171
942203 0.07127
942227 0.07167
942239 0.07115
942251 0.07037
942275 0.07154
942287 0.07119
942299 0.07154
942323 0.07169
942335 0.07174
942347 0.07155
942383 0.07177
942395 0.07148
942407 0.07154
942419 0.07058
942431 0.07177
942467 0.07147
942491 0.07157
942503 0.07176
942515 0.07171
942551 0.07179
942563 0.07172
942575 0.07157
942587 0.07145
942599 0.07109
942611 0.07172
942623 0.07178
942671 0.07177
942695 0.07178
942707 0.0712
942731 0.0716
942743 0.07125
942755 0.07044
942791 0.0713
942803 0.07175
942839 0.07129
942851 0.07144
942863 0.07176
942875 0.06982
942911 0.07127
942923 0.07145
942935 0.07179
942959 0.07127
942971 0.07145
942995 0.07146
943007 0.07128
943019 0.07164
943055 0.07173
943067 0.07178
943103 0.07164
943115 0.07179
943151 0.07171
943175 0.07175
943211 0.07136
943223 0.07173
943235 0.07149
943247 0.0705
943259 0.07101
943283 0.06987
943295 0.07169
943319 0.07173
943331 0.07134
943355 0.0715
943379 0.07026
943391 0.07168
943415 0.07171
943427 0.07132
943451 0.07175
943463 0.07169
943475 0.07108
943487 0.07169
943559 0.07169
943583 0.07169
943607 0.0717
943619 0.07171
943631 0.07164
943643 0.07172
943655 0.07171
943667 0.07172
943679 0.07116
943691 0.07171
943703 0.07165
943715 0.07171
943727 0.07165
943739 0.07155
943775 0.07166
943787 0.0717
943811 0.07174
943823 0.07114
943847 0.07173
943883 0.07169
943907 0.07175
943919 0.07164
943943 0.07175
943979 0.07111
943991 0.07175
944015 0.07121
944051 0.07177
944063 0.0716
944075 0.0716
944159 0.07109
944171 0.07179
944183 0.07178
944195 0.07179
944219 0.07179
944231 0.07178
944243 0.07163
944255 0.07179
944267 0.0712
944279 0.07154
944291 0.07179
944303 0.07156
944327 0.0718
944351 0.07157
944375 0.07146
944423 0.07178
944435 0.07165
944459 0.07108
944471 0.07154
944483 0.07159
944495 0.07153
944507 0.07093
944531 0.07166
944567 0.07152
944603 0.07119
944615 0.07153
944627 0.07174
944639 0.07081
944663 0.07174
944675 0.07173
944699 0.07111
944735 0.07095
944747 0.07172
944759 0.07147
944771 0.07169
944783 0.07173
944795 0.07169
944807 0.07152
944819 0.0717
944831 0.07148
944855 0.07153
944867 0.07113
944879 0.07149
944891 0.0711
944903 0.07145
944927 0.07088
944939 0.07114
944951 0.07096
944975 0.07146
945011 0.07172
945023 0.07169
945035 0.07172
945047 0.07155
945071 0.07168
945083 0.07103
945107 0.07026
945131 0.07126
945155 0.07166
945167 0.07065
945239 0.07144
945251 0.07175
945275 0.07104
945287 0.07165
945299 0.07176
945311 0.07141
945323 0.07129
945371 0.07177
945383 0.07163
945395 0.07107
945407 0.0716
945419 0.0713
945443 0.0713
945455 0.07161
945467 0.07121
945491 0.07144
945503 0.07104
945515 0.0716
945527 0.07162
945551 0.07161
945563 0.07143
945575 0.07142
945599 0.07134
945611 0.07179
945659 0.07179
945683 0.07098
945719 0.07136
945743 0.07135
945779 0.07177
945791 0.07165
945803 0.07176
945815 0.07108
945827 0.07126
945839 0.07084
945863 0.07166
945875 0.07175
945911 0.07167
945923 0.07138
945947 0.07127
945959 0.07129
946007 0.07147
946019 0.07153
946055 0.07153
946067 0.07152
946103 0.07153
946127 0.07152
946139 0.07171
946175 0.0715
946199 0.07088
946235 0.07118
946247 0.07151
946259 0.07141
946271 0.07171
946283 0.07169
946295 0.07126
946343 0.07152
946403 0.07121
946415 0.07173
946427 0.07147
946439 0.07092
946451 0.07144
946475 0.07144
946499 0.07166
946523 0.07144
946559 0.07049
946571 0.07034
946583 0.07175
946595 0.07145
946619 0.07164
946631 0.07156
946643 0.07164
946655 0.07118
946679 0.07095
946691 0.07163
946703 0.07157
946715 0.07163
946739 0.06986
946751 0.07178
946763 0.07125
946775 0.07121
946787 0.07138
946811 0.07139
946835 0.07139
946871 0.07119
946883 0.07123
946895 0.0718
946907 0.07127
946979 0.07159
946991 0.0716
947003 0.07128
947015 0.07139
947039 0.07117
947051 0.07157
947063 0.07112
947075 0.07077
947087 0.07138
947099 0.07136
947111 0.07177
947123 0.07102
947135 0.07162
947147 0.0713
947159 0.07111
947207 0.07163
947219 0.07135
947231 0.07175
947255 0.07174
947267 0.07145
947279 0.07113
947291 0.07155
947339 0.07155
947363 0.0705
947375 0.07112
947387 0.07146
947399 0.07111
947435 0.07046
947447 0.07132
947459 0.07157
947495 0.0713
947519 0.07082
947531 0.07158
947543 0.07131
947555 0.07158
947567 0.07131
947591 0.07169
947639 0.0712
947663 0.07168
947675 0.0715
947687 0.07132
947699 0.07035
947759 0.07109
947807 0.07086
947831 0.07171
947855 0.07126
947867 0.07153
947879 0.07123
947891 0.07153
947903 0.07135
947939 0.07038
947951 0.07173
947975 0.07173
948011 0.07143
948023 0.07174
948035 0.07143
948047 0.07174
948059 0.07114
948071 0.07126
948083 0.07143
948107 0.07105
948119 0.07096
948131 0.07143
948155 0.07156
948179 0.07166
948191 0.07115
948203 0.07065
948239 0.07128
948251 0.07145
948275 0.07145
948311 0.07178
948323 0.07168
948335 0.07158
948347 0.07146
948359 0.0713
948371 0.07169
948383 0.07179
948395 0.07169
948419 0.07117
948431 0.07142
948491 0.0712
948503 0.07179
948515 0.07161
948527 0.07143
948539 0.07135
948563 0.07098
948575 0.07115
948587 0.07114
948599 0.07096
948611 0.0715
948623 0.07154
948635 0.07163
948647 0.07153
948683 0.07058
948695 0.07121
948719 0.07134
948743 0.07152
948755 0.07151
948779 0.07123
948791 0.07147
948803 0.0705
948815 0.07123
948851 0.07175
948863 0.07136
948875 0.0713
948899 0.07109
948911 0.07149
948923 0.07075
948935 0.07172
948983 0.07109
949007 0.07171
949031 0.07138
949055 0.07171
949079 0.07086
949091 0.07156
949103 0.07117
949127 0.07127
949139 0.07128
949163 0.07157
949175 0.07169
949187 0.0717
949199 0.07141
949235 0.07125
949259 0.0713
949271 0.07153
949283 0.07178
949331 0.07131
949343 0.07166
949355 0.07177
949367 0.07166
949379 0.07071
949403 0.07177
949415 0.07031
949463 0.07164
949475 0.07121
949487 0.07141
949499 0.07121
949511 0.07122
949535 0.07109
949547 0.07073
949571 0.07174
949595 0.07108
949619 0.07176
949655 0.07138
949679 0.07147
949715 0.07172
949727 0.07125
949739 0.07177
949763 0.07136
949775 0.0716
949787 0.0711
949799 0.07136
949847 0.07135
949859 0.07179
949871 0.07158
949895 0.07135
949919 0.0707
949943 0.07095
949955 0.07088
950003 0.07075
950015 0.07139
950051 0.07178
950063 0.07103
950075 0.07169
950087 0.07132
950123 0.07166
950147 0.07176
950159 0.0714
950195 0.0717
950219 0.07164
950243 0.07109
950267 0.07117
950303 0.07128
950327 0.07167
950339 0.07163
950351 0.07133
950375 0.07168
950387 0.07118
950399 0.07156
950411 0.07087
950435 0.07086
950471 0.07135
950495 0.07169
950555 0.0717
950567 0.07148
950579 0.07096
950591 0.0711
950603 0.07176
950615 0.07147
950627 0.07088
950663 0.07171
950675 0.07168
950711 0.07093
950747 0.07065
950759 0.07094
950771 0.07178
950807 0.07144
950831 0.07144
950843 0.07155
950855 0.0715
950891 0.07165
950903 0.07163
950915 0.0718
950939 0.07101
950951 0.07175
950963 0.07153
950975 0.07127
950987 0.07092
950999 0.07128
951011 0.07178
951083 0.07154
951095 0.07177
951119 0.07153
951155 0.07154
951167 0.07139
951179 0.07161
951191 0.07178
951203 0.07155
951227 0.0716
951239 0.07155
951263 0.07114
951275 0.07096
951287 0.07179
951311 0.07179
951323 0.07157
951335 0.07132
951347 0.07173
951359 0.07169
951371 0.07157
951383 0.07086
951395 0.07147
951419 0.07107
951431 0.07121
951443 0.07055
951455 0.07148
951467 0.07132
951515 0.07171
951527 0.07176
951539 0.07155
951551 0.07159
951563 0.07109
951575 0.07149
951587 0.07155
951611 0.0716
951635 0.07169
951671 0.07131
951683 0.07168
951707 0.07168
951719 0.07174
951731 0.07152
951743 0.07152
951755 0.07167
951767 0.07068
951779 0.07163
951815 0.07172
951827 0.0702
951875 0.07139
951899 0.07139
951923 0.07164
951971 0.07164
951983 0.07155
951995 0.07163
952007 0.07064
952019 0.07166
952031 0.07141
952043 0.07163
952055 0.07165
952067 0.07062
952079 0.07142
952103 0.07179
952115 0.07167
952127 0.07167
952139 0.07167
952175 0.07167
952187 0.0716
952211 0.07145
952223 0.07179
952235 0.07145
952259 0.07145
952283 0.07026
952295 0.07178
952307 0.07159
952319 0.07038
952331 0.07143
952343 0.07177
952391 0.0717
952403 0.07107
952415 0.07134
952427 0.07145
952451 0.07145
952463 0.07057
952475 0.07108
952499 0.07076
952523 0.07172
952571 0.07075
952595 0.07154
952607 0.07094
952631 0.07173
952643 0.07174
952655 0.07149
952679 0.07173
952703 0.07137
952727 0.07174
952751 0.07174
952763 0.07175
952775 0.07171
952787 0.07151
952799 0.07175
952835 0.07102
952847 0.07156
952871 0.07156
952907 0.0701
952991 0.07177
953003 0.07179
953015 0.07178
953027 0.07099
953051 0.07179
953075 0.07153
953087 0.07179
953099 0.07116
953123 0.07146
953135 0.0717
953147 0.0703
953159 0.07055
953183 0.07165
953207 0.07179
953219 0.07121
953231 0.07179
953255 0.07163
953267 0.07072
953279 0.07163
953291 0.07156
953315 0.07176
953327 0.07172
953339 0.07128
953363 0.07119
953375 0.07173
953387 0.07104
953423 0.07174
953435 0.0712
953459 0.07158
953471 0.07147
953531 0.0714
953591 0.07173
953603 0.07172
953615 0.07116
953627 0.0716
953663 0.07078
953675 0.07171
953687 0.07177
953711 0.07171
953723 0.0717
953735 0.07171
953759 0.07171
953771 0.07137
953783 0.07063
953807 0.06991
953819 0.07169
953843 0.07116
953855 0.07169
953867 0.07019
953879 0.07165
953891 0.07164
953903 0.07135
953951 0.0714
953963 0.07117
953975 0.07178
953999 0.07136
954023 0.07155
954047 0.07177
954059 0.07132
954071 0.07177
954083 0.07106
954095 0.07176
954107 0.07167
954119 0.0715
954143 0.07122
954155 0.07143
954179 0.07114
954191 0.07175
954227 0.07115
954239 0.07006
954251 0.07169
954275 0.07135
954299 0.07132
954311 0.07158
954335 0.07159
954347 0.07128
954371 0.07116
954383 0.07172
954395 0.07133
954407 0.07029
954419 0.07133
954431 0.07173
954443 0.07147
954467 0.07126
954479 0.07173
954503 0.0717
954515 0.07158
954551 0.07174
954563 0.07148
954575 0.07174
954587 0.0711
954635 0.07174
954647 0.07163
954659 0.07174
954683 0.07123
954695 0.07176
954707 0.07123
954731 0.07175
954755 0.07175
954767 0.07023
954791 0.0714
954803 0.07154
954815 0.07155
954839 0.07154
954863 0.07139
954875 0.07123
954887 0.07179
954899 0.07143
954935 0.07166
954959 0.07149
954983 0.07149
954995 0.07154
955007 0.07179
955019 0.07151
955031 0.07168
955043 0.07141
955055 0.07168
955067 0.07179
955079 0.0703
955115 0.07156
955151 0.07169
955163 0.07133
955175 0.0716
955187 0.07147
955199 0.07038
955247 0.07148
955259 0.07144
955283 0.07147
955295 0.07153
955331 0.07149
955343 0.07172
955403 0.07159
955415 0.07173
955451 0.07174
955463 0.07173
955475 0.07174
955487 0.0714
955499 0.07161
955523 0.07161
955535 0.07156
955547 0.07132
955571 0.07142
955583 0.07157
955619 0.07162
955631 0.07128
955643 0.07139
955655 0.07169
955667 0.07009
955679 0.07169
955691 0.07154
955703 0.07158
955739 0.0717
955775 0.07159
955811 0.07165
955823 0.07089
955835 0.07156
955847 0.07178
955859 0.07156
955871 0.07179
955895 0.07166
955907 0.07136
955931 0.07166
955943 0.07149
955955 0.07167
955979 0.07153
956015 0.07164
956027 0.07138
956039 0.07049
956063 0.07147
956075 0.07165
956099 0.07155
956123 0.07134
956159 0.07162
956171 0.0714
956183 0.07064
956195 0.07146
956243 0.07147
956267 0.07161
956279 0.07095
956291 0.07162
956315 0.07171
956327 0.07151
956339 0.07172
956351 0.07174
956363 0.07148
956375 0.07115
956411 0.0716
956435 0.07149
956447 0.07158
956459 0.0715
956471 0.07172
956483 0.07081
956507 0.07159
956519 0.07169
956531 0.07145
956555 0.07145
956567 0.07156
956591 0.07155
956603 0.07175
956615 0.0717
956627 0.07157
956639 0.07113
956651 0.07166
956663 0.07155
956675 0.07167
956687 0.07169
956711 0.07154
956735 0.07137
956747 0.07092
956771 0.07155
956783 0.07172
956795 0.07164
956807 0.07167
956819 0.07178
956855 0.07151
956867 0.07149
956879 0.07124
956915 0.0717
956927 0.0715
956939 0.07179
956975 0.07108
957023 0.07164
957035 0.0712
957047 0.07163
957083 0.07178
957095 0.07148
957155 0.07177
957167 0.07161
957179 0.07159
957191 0.07178
957203 0.07086
957215 0.07161
957227 0.07091
957239 0.07146
957251 0.07124
957275 0.07175
957287 0.07145
957299 0.07171
957311 0.07164
957323 0.07116
957347 0.07175
957371 0.07174
957395 0.07156
957443 0.07162
957467 0.07144
957479 0.07111
957503 0.07156
957515 0.07171
957527 0.07156
957575 0.0713
957623 0.07063
957635 0.07175
957647 0.07131
957671 0.07175
957683 0.07169
957695 0.07174
957707 0.07179
957719 0.07139
957767 0.07122
957779 0.07167
957791 0.0711
957803 0.07098
957839 0.07137
957863 0.07172
957875 0.07166
957899 0.07138
957911 0.0715
957923 0.07169
957935 0.07135
957947 0.07133
957971 0.07179
957983 0.07136
958019 0.07175
958031 0.07169
958055 0.07169
958067 0.07164
958079 0.07075
958091 0.07105
958103 0.07174
958115 0.07178
958127 0.07116
958139 0.07165
958151 0.07168
958175 0.07167
958187 0.07172
958199 0.07167
958211 0.07172
958235 0.0707
958247 0.07176
958271 0.0713
958283 0.07104
958295 0.07145
958307 0.0717
958379 0.07158
958391 0.07164
958403 0.07174
958415 0.07178
958427 0.07169
958475 0.07176
958511 0.07179
958559 0.07162
958571 0.07171
958583 0.07179
958595 0.07127
958607 0.07179
958619 0.07178
958631 0.07144
958655 0.07178
958691 0.07179
958703 0.07177
958715 0.07179
958727 0.07177
958775 0.07084
958799 0.07081
958835 0.07179
958847 0.07106
958859 0.07178
958895 0.07174
958907 0.07175
958919 0.0697
958943 0.07174
958979 0.07176
959003 0.07176
959027 0.07177
959039 0.07154
959051 0.07177
959063 0.07172
959075 0.07178
959087 0.07133
959111 0.07171
959123 0.07163
959147 0.07148
959171 0.07174
959195 0.07157
959231 0.0709
959243 0.07161
959255 0.07169
959291 0.0715
959303 0.0715
959315 0.0716
959327 0.07153
959375 0.07167
959387 0.07177
959399 0.07114
959411 0.07152
959423 0.07154
959435 0.07177
959447 0.07113
959459 0.07153
959483 0.07169
959507 0.07153
959519 0.07137
959531 0.07152
959543 0.07156
959567 0.07164
959591 0.07164
959615 0.07095
959639 0.07145
959651 0.07155
959663 0.07124
959675 0.07166
959687 0.07158
959711 0.0714
959735 0.07158
959747 0.0711
959771 0.07156
959795 0.07148
959807 0.07122
959843 0.07079
959855 0.0716
959891 0.0717
959915 0.0717
959939 0.07151
959951 0.07105
959963 0.07162
959975 0.07161
959987 0.07159
959999 0.0714
960023 0.07162
960083 0.07075
960095 0.07103
960107 0.07161
960143 0.07138
960155 0.07161
960179 0.07166
960203 0.07151
960227 0.07165
960263 0.07165
960275 0.0713
960287 0.07154
960311 0.07135
960323 0.07131
960335 0.07148
960347 0.07164
960359 0.07099
960371 0.07154
960395 0.07155
960491 0.07155
960503 0.07133
960539 0.07156
960551 0.07151
960563 0.07021
960575 0.07169
960599 0.07108
960611 0.07159
960623 0.07152
960635 0.07125
960659 0.07168
960671 0.07152
960695 0.07171
960719 0.07153
960731 0.07158
960743 0.07147
960755 0.07138
960767 0.07108
960779 0.07169
960815 0.07172
960827 0.07137
960839 0.07111
960851 0.0716
960875 0.07155
960887 0.07173
960899 0.07171
960923 0.07031
960947 0.07154
960959 0.0709
960995 0.07172
961007 0.07143
961019 0.07153
961031 0.07157
961055 0.07142
961079 0.07158
961103 0.07141
961115 0.07152
961127 0.07072
961163 0.07164
961175 0.07177
961199 0.07122
961211 0.07143
961223 0.07178
961235 0.07143
961271 0.07117
961307 0.07176
961343 0.07161
961367 0.07137
961379 0.07167
961391 0.07057
961403 0.07104
961415 0.07119
961439 0.07112
961463 0.07163
961475 0.07146
961499 0.07127
961523 0.07146
961559 0.07164
961571 0.07145
961607 0.07176
961655 0.07115
961667 0.07143
961727 0.07094
961775 0.07131
961787 0.07176
961799 0.07097
961823 0.07167
961835 0.0715
961859 0.07141
961883 0.07133
961895 0.07168
961907 0.07117
961919 0.07112
961931 0.07139
961967 0.07129
961979 0.07174
962003 0.07105
962015 0.0717
962027 0.07173
962039 0.07127
962075 0.07176
962111 0.07169
962123 0.0713
962135 0.07128
962147 0.07171
962159 0.07172
962183 0.07168
962195 0.0717
962207 0.06953
962219 0.07128
962255 0.07173
962279 0.0713
962327 0.07166
962375 0.07165
962387 0.07134
962399 0.07029
962411 0.07179
962423 0.07164
962435 0.07158
962483 0.07178
962507 0.07166
962519 0.07176
962555 0.07136
962567 0.07162
962579 0.07177
962591 0.07177
962615 0.07119
962639 0.07134
962651 0.07176
962675 0.0712
962699 0.07138
962711 0.07179
962723 0.07121
962771 0.07163
962795 0.07174
962819 0.07139
962831 0.07179
962843 0.07173
962879 0.07131
962891 0.07172
962927 0.07157
962939 0.07159
962975 0.07177
962987 0.07101
962999 0.07113
963023 0.07176
963035 0.0717
963059 0.07123
963071 0.07175
963095 0.07154
963119 0.07141
963131 0.07169
963167 0.07113
963203 0.07168
963215 0.07173
963251 0.0712
963263 0.07136
963275 0.07169
963347 0.07146
963359 0.07137
963371 0.0717
963383 0.07144
963395 0.07165
963407 0.07069
963443 0.07171
963455 0.07145
963467 0.07098
963503 0.07169
963515 0.07151
963527 0.07067
963539 0.07163
963551 0.0712
963575 0.07168
963587 0.07173
963599 0.07167
963611 0.07115
963623 0.07146
963635 0.07174
963647 0.07024
963671 0.07141
963683 0.07174
963695 0.07145
963755 0.07159
963767 0.07064
963791 0.07144
963803 0.07159
963815 0.0715
963827 0.07176
963851 0.07103
963875 0.07145
963887 0.071
963911 0.07151
963923 0.07177
963935 0.07162
963947 0.07178
963959 0.07145
963971 0.07137
963983 0.07162
964007 0.07141
964019 0.07143
964031 0.07098
964043 0.07101
964079 0.0716
964091 0.07154
964103 0.07107
964115 0.07179
964127 0.07125
964163 0.07153
964175 0.07138
964187 0.07178
964211 0.07178
964223 0.07155
964247 0.07137
964271 0.07157
964307 0.07158
964319 0.07156
964331 0.07176
964343 0.07156
964355 0.07176
964367 0.06862
964379 0.07138
964391 0.07157
964403 0.0715
964427 0.07107
964451 0.0716
964475 0.07149
964487 0.0713
964511 0.07152
964523 0.07148
964535 0.07159
964547 0.07173
964595 0.07172
964607 0.07132
964619 0.07145
964631 0.0716
964643 0.07146
964691 0.07171
964715 0.07145
964727 0.07088
964739 0.07114
964763 0.07147
964775 0.07162
964799 0.07116
964811 0.07165
964835 0.07131
964859 0.07148
964907 0.07087
964919 0.07052
964979 0.07167
964991 0.07066
965027 0.07089
965039 0.07146
965051 0.07168
965063 0.07166
965075 0.07168
965099 0.07119
965123 0.07152
965135 0.07167
965159 0.07167
965183 0.07144
965195 0.0717
965207 0.07123
965219 0.0717
965231 0.07141
965243 0.07091
965279 0.07169
965315 0.07162
965327 0.07071
965339 0.07124
965351 0.07143
965375 0.07163
965387 0.07089
965435 0.0716
965447 0.07077
965459 0.07173
965471 0.07069
965495 0.07171
965543 0.07172
965555 0.07174
965579 0.07132
965615 0.07144
965651 0.07157
965663 0.07145
965675 0.07159
965687 0.07088
965747 0.07177
965771 0.07088
965783 0.07168
965795 0.07154
965807 0.07147
965819 0.07178
965831 0.07176
965855 0.07149
965867 0.07153
965879 0.0717
965891 0.071
965903 0.07177
965939 0.0713
965975 0.07079
965987 0.0713
965999 0.07178
966023 0.07152
966035 0.07163
966047 0.0711
966059 0.07178
966071 0.07172
966083 0.07164
966095 0.07152
966107 0.07132
966119 0.07153
966131 0.07177
966143 0.0718
966155 0.07129
966167 0.07151
966179 0.07176
966203 0.07104
966239 0.07174
966251 0.07134
966263 0.07178
966275 0.0711
966299 0.07175
966311 0.07153
966335 0.07154
966359 0.07046
966395 0.0712
966407 0.07105
966443 0.07169
966455 0.07177
966467 0.07144
966479 0.07082
966503 0.07178
966515 0.07171
966551 0.07138
966563 0.07118
966575 0.07157
966587 0.07138
966599 0.07173
966611 0.07142
966623 0.07179
966671 0.07158
966683 0.07172
966695 0.07179
966731 0.07168
966743 0.07178
966755 0.07173
966767 0.071
966779 0.0714
966815 0.0717
966827 0.07167
966839 0.07177
966851 0.07141
966875 0.07166
966887 0.07018
966899 0.07139
966911 0.07168
966947 0.07123
966959 0.07168
966983 0.07175
966995 0.07176
967007 0.07093
967031 0.07163
967043 0.07176
967055 0.07174
967067 0.07111
967079 0.0709
967091 0.07115
967103 0.07165
967151 0.07172
967163 0.07116
967175 0.07166
967187 0.07134
967199 0.07172
967211 0.07146
967223 0.07167
967247 0.07165
967271 0.07096
967283 0.07179
967295 0.07166
967307 0.07132
967331 0.07159
967355 0.07179
967367 0.07097
967403 0.07119
967415 0.07169
967439 0.0716
967475 0.0716
967487 0.07168
967499 0.07177
967523 0.07129
967547 0.0715
967559 0.07171
967595 0.07108
967619 0.07151
967631 0.0717
967643 0.07127
967655 0.07165
967679 0.07165
967691 0.07133
967715 0.07154
967727 0.07039
967775 0.07174
967799 0.07163
967811 0.0712
967835 0.07151
967871 0.07175
967883 0.07068
967895 0.07156
967907 0.07151
967943 0.07174
967955 0.0717
967967 0.07101
967991 0.07175
968039 0.07159
968051 0.07153
968075 0.07128
968099 0.07168
968135 0.07159
968171 0.07158
968195 0.07125
968207 0.07094
968219 0.07159
968231 0.07156
968243 0.0714
968255 0.07148
968279 0.07179
968303 0.07155
968327 0.0711
968339 0.07164
968363 0.07058
968375 0.07177
968387 0.07144
968399 0.07177
968411 0.07143
968435 0.07158
968447 0.07178
968471 0.07178
968483 0.07115
968507 0.07142
968543 0.07015
968555 0.07144
968579 0.0716
968603 0.0716
968627 0.07164
968639 0.07165
968675 0.07165
968687 0.07114
968711 0.07172
968735 0.07149
968747 0.07162
968771 0.07137
968783 0.07173
968795 0.07163
968843 0.07064
968867 0.07148
968891 0.07136
968915 0.07149
968927 0.07103
968951 0.07169
968975 0.07145
968999 0.0717
969035 0.07169
969047 0.07119
969059 0.07137
969095 0.07171
969107 0.07133
969119 0.07171
969155 0.07171
969191 0.07135
969203 0.07152
969215 0.07165
969251 0.07169
969263 0.07104
969275 0.07172
969299 0.07169
969311 0.0714
969323 0.07154
969335 0.07119
969383 0.07123
969395 0.07171
969491 0.07132
969515 0.07175
969527 0.07162
969539 0.07133
969551 0.0716
969563 0.07099
969575 0.07159
969587 0.07173
969623 0.07161
969635 0.07174
969647 0.07161
969659 0.07145
969683 0.07149
969707 0.07178
969731 0.07159
969779 0.07179
969803 0.07051
969815 0.07179
969827 0.07176
969839 0.07133
969875 0.07161
969887 0.07116
969899 0.07177
969935 0.07177
969959 0.07127
969971 0.07178
969995 0.0714
970007 0.07155
970019 0.07139
970055 0.07132
970079 0.07175
970103 0.07154
970115 0.07176
970127 0.0706
970139 0.07138
970151 0.07174
970163 0.07165
970175 0.07174
970187 0.07174
970199 0.0713
970211 0.07174
970223 0.07152
970235 0.07178
970271 0.07172
970283 0.07057
970295 0.07172
970307 0.07177
970331 0.07176
970379 0.07172
970427 0.07175
970439 0.07133
970451 0.07174
970463 0.07169
970475 0.07169
970499 0.07174
970511 0.07138
970523 0.07159
970535 0.07148
970547 0.0717
970559 0.07145
970571 0.07173
970619 0.07172
970631 0.07146
970655 0.07166
970679 0.0712
970691 0.07167
970727 0.07078
970739 0.07148
970751 0.07165
970763 0.07162
970775 0.07094
970811 0.07173
970823 0.07141
970907 0.07174
970919 0.07109
970955 0.07167
970979 0.07161
970991 0.07144
971003 0.07175
971075 0.07176
971135 0.07159
971147 0.07177
971159 0.07142
971183 0.07159
971219 0.07159
971243 0.07169
971255 0.07143
971267 0.07169
971303 0.07148
971327 0.07136
971351 0.07156
971363 0.0717
971375 0.07135
971399 0.07133
971411 0.07167
971435 0.07171
971447 0.07146
971459 0.07118
971495 0.07146
971507 0.07172
971519 0.07154
971543 0.07153
971555 0.07172
971567 0.06977
971603 0.07176
971627 0.07163
971675 0.0716
971687 0.07153
971735 0.0713
971795 0.07166
971819 0.07154
971831 0.07151
971843 0.07176
971879 0.07126
971891 0.07177
971915 0.07171
971927 0.07025
971963 0.07178
971975 0.07147
971987 0.07174
971999 0.07147
972035 0.07175
972059 0.07165
972095 0.07154
972143 0.07159
972167 0.07159
972179 0.07149
972191 0.07155
972203 0.07178
972239 0.07112
972275 0.07177
972287 0.0716
972299 0.07125
972323 0.07172
972335 0.07161
972359 0.07157
972371 0.07179
972383 0.07141
972479 0.07159
972491 0.07163
972503 0.07096
972515 0.07178
972527 0.07163
972539 0.07144
972551 0.0715
972563 0.07175
972575 0.07115
972587 0.07177
972647 0.07151
972659 0.07138
972671 0.07165
972695 0.07148
972707 0.07173
972719 0.07152
972731 0.07178
972743 0.07166
972755 0.07175
972767 0.07163
972779 0.07174
972791 0.07153
972815 0.07163
972851 0.07169
972863 0.0715
972875 0.07175
972911 0.07113
972935 0.07151
972947 0.07176
972971 0.07178
972983 0.07169
972995 0.07178
973007 0.0717
973019 0.07137
973043 0.07024
973055 0.0717
973079 0.07123
973091 0.0717
973127 0.07167
973139 0.07179
973163 0.07176
973175 0.07158
973199 0.07168
973211 0.07175
973223 0.07172
973259 0.07179
973271 0.07155
973307 0.07178
973319 0.07156
973343 0.07126
973379 0.07126
973391 0.07174
973427 0.07172
973451 0.07176
973463 0.07108
973475 0.07171
973499 0.07089
973511 0.07162
973559 0.07173
973595 0.07174
973607 0.07026
973619 0.07173
973655 0.07164
973667 0.07032
973679 0.07174
973703 0.07161
973715 0.07172
973751 0.07132
973775 0.07175
973799 0.07162
973811 0.07131
973859 0.07159
973883 0.07154
973895 0.07178
973907 0.07158
973943 0.07134
973955 0.07153
973967 0.07119
973979 0.07168
974015 0.07178
974027 0.07156
974039 0.07179
974051 0.07163
974075 0.07162
974087 0.0717
974099 0.07155
974171 0.07138
974207 0.07178
974219 0.07165
974231 0.07171
974243 0.0716
974255 0.07173
974267 0.07164
974303 0.07124
974327 0.07124
974339 0.07113
974351 0.07173
974363 0.07151
974399 0.07175
974423 0.0717
974435 0.07161
974471 0.0717
974483 0.07154
974519 0.07171
974543 0.07171
974567 0.07176
974579 0.07159
974603 0.06948
974639 0.07173
974663 0.07167
974675 0.07156
974723 0.07156
974735 0.07166
974759 0.07178
974771 0.07144
974783 0.07145
974795 0.07158
974807 0.07169
974831 0.07169
974843 0.07158
974855 0.07169
974903 0.07176
974915 0.07145
974939 0.07158
974963 0.07142
974975 0.07178
974987 0.0716
975023 0.07133
975035 0.0716
975047 0.07177
975059 0.07143
975095 0.07079
975119 0.07179
975131 0.07162
975155 0.07162
975167 0.07175
975179 0.07161
975239 0.07174
975251 0.07164
975275 0.071
975299 0.07163
975311 0.07178
975335 0.07178
975359 0.07177
975371 0.07164
975395 0.07152
975407 0.07127
975419 0.07089
975431 0.07156
975443 0.07148
975455 0.0716
975467 0.07142
975479 0.0705
975503 0.07175
975539 0.0715
975563 0.07166
975575 0.07169
975611 0.07154
975623 0.07156
975647 0.07152
975659 0.07155
975683 0.07169
975695 0.07141
975719 0.07172
975767 0.07151
975791 0.07158
975839 0.07139
975851 0.0717
975875 0.0717
975911 0.07153
975923 0.07172
975935 0.07164
975947 0.07172
975959 0.07168
975971 0.07173
975983 0.0716
975995 0.07173
976031 0.07151
976043 0.07172
976055 0.07135
976067 0.07138
976115 0.07175
976139 0.07091
976163 0.07174
976175 0.07149
976223 0.07163
976235 0.07162
976247 0.07148
976259 0.07163
976283 0.07114
976319 0.07159
976331 0.07177
976367 0.07158
976379 0.07177
976391 0.07165
976415 0.07166
976463 0.07166
976475 0.07178
976499 0.07166
976511 0.0716
976523 0.07126
976535 0.0716
976583 0.07168
976619 0.0718
976631 0.07158
976655 0.07143
976667 0.07139
976691 0.07177
976703 0.07154
976739 0.07178
976751 0.07157
976763 0.07165
976775 0.07155
976787 0.07122
976835 0.0717
976847 0.07156
976859 0.07117
976871 0.07155
976895 0.07172
976907 0.07174
976955 0.07175
976967 0.07158
976979 0.07168
977003 0.07119
977015 0.07158
977039 0.07174
977051 0.07112
977063 0.07083
977099 0.0712
977111 0.07155
977159 0.07175
977195 0.07175
977207 0.0715
977219 0.07171
977231 0.0715
977255 0.07147
977267 0.07127
977279 0.07148
977291 0.0717
977303 0.07157
977315 0.07147
977327 0.07152
977339 0.07172
977375 0.07178
977387 0.07148
977399 0.07152
977423 0.07126
977435 0.07166
977459 0.07117
977483 0.07167
977495 0.07179
977519 0.0716
977531 0.07179
977543 0.07179
977579 0.07179
977615 0.07178
977639 0.07152
977651 0.07179
977663 0.07123
977675 0.07177
977687 0.07138
977699 0.07164
977711 0.07177
977735 0.07157
977759 0.07176
977783 0.07093
977795 0.07178
977843 0.07162
977855 0.07155
977891 0.07179
977903 0.07174
977915 0.07121
977939 0.07179
977975 0.0716
977987 0.07174
977999 0.07123
978023 0.07125
978035 0.07137
978059 0.07158
978083 0.07177
978095 0.07172
978119 0.07171
978131 0.07176
978143 0.07172
978155 0.07171
978191 0.07131
978215 0.07169
978227 0.07139
978251 0.07175
978263 0.07174
978275 0.0717
978299 0.07174
978311 0.07175
978335 0.0717
978371 0.07152
978383 0.07176
978395 0.07141
978407 0.07117
978419 0.07172
978431 0.07172
978443 0.07172
978467 0.07162
978503 0.07177
978515 0.07166
978527 0.07167
978539 0.07129
978551 0.07173
978563 0.07139
978575 0.0713
978587 0.07165
978623 0.07179
978635 0.07164
978671 0.07179
978707 0.07165
978719 0.07068
978731 0.07168
978767 0.0717
978779 0.07142
978791 0.07178
978803 0.07166
978815 0.07178
978875 0.07161
978887 0.07171
978899 0.07146
978911 0.07159
978959 0.07178
978971 0.07159
978983 0.07179
978995 0.07169
979007 0.07173
979019 0.07163
979043 0.07169
979055 0.07174
979067 0.07101
979079 0.07107
979091 0.07162
979115 0.07162
979127 0.07171
979139 0.07146
979175 0.07175
979223 0.07172
979235 0.07141
979259 0.07091
979271 0.07177
979295 0.07173
979319 0.07174
979331 0.07173
979355 0.07173
979367 0.07114
979391 0.07175
979427 0.07154
979463 0.07169
979475 0.0715
979499 0.07156
979523 0.07156
979547 0.07061
979559 0.07172
979571 0.07176
979583 0.07149
979607 0.07179
979619 0.0715
979631 0.07171
979643 0.07177
979667 0.07133
979679 0.07098
979703 0.07165
979715 0.07158
979727 0.07179
979739 0.07154
979763 0.07178
979775 0.07176
979799 0.07108
979811 0.07158
979823 0.07148
979847 0.07175
979859 0.07082
979871 0.07175
979895 0.07178
979931 0.07179
979943 0.07162
979967 0.07177
979979 0.07069
979991 0.07177
980003 0.07178
980039 0.07165
980075 0.07163
980087 0.07172
980099 0.07158
980123 0.07127
980135 0.07164
980147 0.07142
980171 0.07149
980183 0.07163
980207 0.07174
980231 0.0714
980267 0.07141
980279 0.07101
980303 0.07162
980315 0.07144
980339 0.07075
980351 0.07168
980387 0.07139
980411 0.07172
980447 0.0717
980495 0.07156
980519 0.07169
980531 0.07164
980543 0.07153
980567 0.07147
980615 0.0708
980627 0.07135
980639 0.07167
980651 0.0717
980663 0.07151
980675 0.07168
980699 0.07139
980723 0.07171
980735 0.07078
980747 0.07171
980759 0.07083
980771 0.07138
980783 0.0716
980807 0.07131
980819 0.07167
980843 0.07137
980867 0.07078
980879 0.07095
980891 0.07168
980903 0.07162
980915 0.07169
980927 0.07159
980939 0.07056
980951 0.07152
980975 0.07034
980987 0.07125
981035 0.07134
981047 0.07161
981059 0.07129
981071 0.07164
981083 0.07162
981095 0.07098
981107 0.07127
981119 0.07098
981131 0.07176
981143 0.07165
981155 0.07127
981167 0.07165
981179 0.07162
981191 0.07159
981203 0.07177
981215 0.07148
981251 0.07163
981275 0.07178
981323 0.07158
981335 0.07141
981359 0.07146
981371 0.07174
981383 0.07168
981407 0.07156
981431 0.07152
981479 0.06987
981491 0.07166
981503 0.07144
981551 0.0717
981563 0.07177
981575 0.07154
981611 0.07154
981647 0.07171
981695 0.07172
981719 0.07152
981755 0.07169
981767 0.07079
981779 0.07119
981791 0.07147
981803 0.07174
981815 0.07173
981827 0.07102
981839 0.0715
981863 0.07144
981875 0.0715
981899 0.07117
981911 0.07149
981923 0.07172
981971 0.07177
981995 0.07172
982019 0.07085
982031 0.07133
982043 0.07171
982055 0.07134
982115 0.07175
982127 0.07074
982139 0.07113
982163 0.07169
982175 0.07141
982199 0.07141
982235 0.07098
982259 0.07116
982283 0.07167
982319 0.07143
982355 0.07143
982367 0.07179
982379 0.0711
982391 0.07138
982415 0.07126
982427 0.0712
982439 0.07137
982451 0.07178
982463 0.07178
982475 0.07179
982499 0.07169
982511 0.0714
982523 0.07145
982535 0.07081
982547 0.07145
982583 0.07176
982607 0.07135
982631 0.07154
982655 0.07122
982679 0.07134
982691 0.07178
982727 0.07174
982739 0.0703
982751 0.07173
982763 0.07165
982775 0.07156
982787 0.07102
982799 0.07136
982811 0.07176
982823 0.07172
982835 0.07176
982859 0.07175
982883 0.07103
982907 0.07104
982955 0.07135
982979 0.07174
983003 0.07173
983015 0.0717
983027 0.07151
983039 0.07129
983051 0.07156
983075 0.07156
983087 0.07169
983099 0.07104
983111 0.07147
983135 0.07131
983147 0.0711
983159 0.07131
983183 0.07148
983195 0.0717
983207 0.07148
983219 0.07159
983231 0.07126
983255 0.07166
983279 0.07125
983291 0.07101
983303 0.07163
983351 0.07128
983387 0.07128
983399 0.07127
983411 0.07156
983423 0.07164
983459 0.07104
983471 0.07163
983483 0.07155
983507 0.07104
983555 0.07149
983591 0.0713
983603 0.07164
983615 0.07058
983639 0.07124
983651 0.07152
983663 0.07167
983675 0.07147
983687 0.0716
983711 0.07123
983723 0.0716
983747 0.0716
983759 0.07089
983795 0.07162
983807 0.07169
983831 0.07169
983867 0.07088
983891 0.07144
983903 0.0717
983915 0.07143
983927 0.07157
983963 0.07163
983975 0.07171
983999 0.07108
984011 0.07158
984023 0.07159
984071 0.07136
984095 0.07173
984107 0.07165
984143 0.0716
984179 0.07084
984203 0.07166
984215 0.07112
984227 0.0712
984239 0.07138
984251 0.07166
984263 0.07162
984275 0.07167
984311 0.07162
984335 0.07176
984347 0.07081
984371 0.07114
984419 0.07153
984431 0.07164
984443 0.07152
984455 0.07164
984467 0.07169
984479 0.07111
984515 0.07112
984527 0.07148
984551 0.07178
984599 0.0711
984623 0.07108
984647 0.07166
984683 0.07149
984695 0.07145
984719 0.07108
984743 0.07178
984755 0.07127
984779 0.07136
984791 0.07145
984803 0.07147
984815 0.07177
984827 0.07085
984839 0.07106
984851 0.07174
984875 0.07174
984887 0.07146
984899 0.07134
984935 0.07094
984983 0.07175
984995 0.07144
985031 0.07171
985043 0.07176
985055 0.07174
985067 0.07177
985127 0.07149
985139 0.07142
985163 0.07125
985175 0.07172
985199 0.07101
985223 0.07174
985235 0.07124
985247 0.07174
985259 0.0714
985271 0.07116
985283 0.07179
985319 0.07152
985343 0.07136
985355 0.07179
985391 0.07169
985427 0.07136
985439 0.07153
985475 0.07177
985511 0.07154
985523 0.07137
985535 0.07178
985559 0.07096
985583 0.07166
985595 0.07119
985607 0.07166
985619 0.07135
985643 0.07138
985655 0.07179
985715 0.07174
985727 0.07093
985739 0.07122
985763 0.0714
985775 0.07163
985787 0.0714
985811 0.0714
985823 0.07082
985835 0.07121
985883 0.07171
985895 0.07177
985907 0.07171
985919 0.07159
985931 0.07142
985943 0.07161
985955 0.0717
985967 0.07161
986003 0.0713
986027 0.07136
986039 0.07085
986051 0.07136
986063 0.07174
986075 0.07168
986087 0.07174
986099 0.07128
986111 0.07162
986123 0.07128
986135 0.07173
986159 0.07162
986171 0.07127
986195 0.07167
986219 0.07138
986243 0.07166
986255 0.07171
986291 0.07114
986303 0.07156
986315 0.07147
986327 0.07164
986387 0.07063
986399 0.07165
986423 0.07169
986447 0.07169
986459 0.07106
986483 0.07123
986531 0.07162
986591 0.07167
986603 0.07161
986615 0.07151
986627 0.07082
986639 0.07096
986651 0.0712
986663 0.0715
986675 0.0712
986687 0.07116
986699 0.07108
986711 0.07165
986723 0.07159
986747 0.07159
986771 0.07054
986783 0.07164
986831 0.07062
986843 0.07124
986867 0.07125
986879 0.07077
986891 0.07157
986939 0.06897
986951 0.07172
986975 0.07146
986987 0.07148
986999 0.07173
987011 0.07148
987035 0.07156
987047 0.07093
987059 0.07149
987071 0.0716
987107 0.07114
987119 0.07174
987131 0.07089
987155 0.07157
987167 0.07143
987179 0.07059
987203 0.0709
987239 0.07176
987263 0.07056
987311 0.07177
987323 0.0715
987335 0.07156
987347 0.07117
987359 0.07093
987371 0.0716
987419 0.07154
987431 0.07116
987443 0.07149
987455 0.07178
987479 0.07116
987503 0.07153
987515 0.07119
987527 0.07138
987539 0.07119
987551 0.07153
987563 0.07163
987575 0.07179
987623 0.07152
987635 0.07163
987647 0.07178
987671 0.07109
987683 0.07102
987719 0.07061
987743 0.0712
987791 0.07176
987815 0.07149
987827 0.07159
987839 0.07111
987863 0.07133
987875 0.07166
987887 0.07148
987923 0.07167
987935 0.07174
987947 0.07167
987959 0.07174
988019 0.07161
988043 0.07139
988055 0.07151
988079 0.07172
988091 0.07169
988103 0.07145
988115 0.0714
988139 0.07163
988151 0.07107
988175 0.07144
988187 0.07163
988211 0.07171
988223 0.07153
988247 0.07153
988259 0.07086
988283 0.07172
988295 0.07154
988307 0.07136
988331 0.07136
988379 0.0713
988391 0.07128
988427 0.07173
988451 0.07145
988475 0.07167
988487 0.07166
988499 0.07082
988523 0.07077
988535 0.07157
988559 0.0712
988595 0.07176
988619 0.07133
988655 0.07113
988667 0.07169
988679 0.07163
988691 0.0717
988703 0.07132
988715 0.07177
988739 0.07135
988751 0.07162
988775 0.07123
988787 0.07093
988823 0.07133
988847 0.07161
988871 0.07161
988907 0.07172
988919 0.0707
988931 0.07095
988943 0.07162
988955 0.07179
988967 0.07159
988991 0.07159
989003 0.07178
989039 0.07158
989051 0.07178
989063 0.07164
989075 0.07177
989111 0.07157
989135 0.07119
989147 0.07176
989159 0.07156
989195 0.07072
989207 0.07156
989219 0.07176
989243 0.07122
989255 0.07166
989267 0.07177
989303 0.07167
989315 0.07177
989351 0.07154
989363 0.07156
989375 0.07167
989387 0.07178
989399 0.07131
989447 0.07119
989459 0.07144
989483 0.07171
989495 0.07169
989519 0.0712
989531 0.07144
989543 0.07142
989555 0.0712
989567 0.07079
989591 0.0715
989603 0.0717
989615 0.07171
989627 0.07169
989639 0.07122
989651 0.07177
989675 0.07169
989699 0.07177
989711 0.07172
989723 0.07161
989759 0.07148
989771 0.07176
989807 0.07173
989819 0.07064
989843 0.07166
989903 0.07137
989927 0.07129
989963 0.07165
989975 0.07175
989987 0.07164
990035 0.07164
990047 0.07176
990059 0.07171
990071 0.07149
990083 0.07165
990095 0.07177
990107 0.07171
990131 0.07166
990143 0.07177
990167 0.07177
990191 0.07141
990203 0.07167
990263 0.07179
990275 0.07168
990299 0.07154
990311 0.07152
990335 0.0718
990347 0.07051
990395 0.07169
990407 0.07179
990419 0.07156
990431 0.07144
990443 0.07131
990467 0.0717
990491 0.07165
990515 0.0717
990527 0.07137
990539 0.07157
990551 0.07137
990575 0.07176
990587 0.07171
990611 0.07133
990623 0.07176
990647 0.07175
990659 0.07163
990671 0.07175
990683 0.07173
990731 0.0716
990743 0.07157
990755 0.07173
990779 0.07118
990791 0.07158
990815 0.07158
990827 0.07174
990839 0.07095
990863 0.07149
990875 0.07175
990899 0.07162
990911 0.07141
990935 0.07142
990947 0.07137
990959 0.07038
990971 0.07163
990983 0.0716
990995 0.07176
991007 0.07103
991019 0.07163
991055 0.07169
991067 0.07177
991103 0.07162
991139 0.07045
991151 0.07163
991163 0.07147
991175 0.07163
991199 0.07141
991211 0.07166
991235 0.07147
991247 0.07099
991259 0.07166
991271 0.07164
991283 0.07148
991307 0.07179
991319 0.07143
991355 0.07153
991379 0.07168
991391 0.07147
991439 0.07144
991451 0.07091
991463 0.07166
991475 0.07176
991487 0.07163
991523 0.07144
991535 0.07158
991559 0.07146
991583 0.07168
991595 0.0717
991631 0.07169
991655 0.07169
991691 0.07148
991715 0.07153
991727 0.07152
991763 0.07154
991775 0.07161
991787 0.07154
991799 0.07149
991835 0.07171
991847 0.07153
991859 0.07132
991895 0.07172
991907 0.0717
991919 0.0715
991967 0.07156
991991 0.07163
992003 0.0715
992015 0.07164
992027 0.07157
992039 0.07164
992063 0.07174
992075 0.07158
992099 0.07135
992123 0.07158
992147 0.07152
992159 0.07153
992171 0.07166
992207 0.07096
992243 0.07165
992255 0.07167
992279 0.07155
992291 0.0716
992303 0.07159
992339 0.0718
992351 0.07159
992375 0.07102
992399 0.07156
992423 0.07178
992435 0.07156
992447 0.07157
992471 0.07179
992483 0.07156
992495 0.07179
992507 0.07163
992519 0.07058
992531 0.07157
992543 0.07101
992555 0.07034
992567 0.07162
992579 0.07141
992615 0.07117
992627 0.07141
992639 0.07117
992651 0.07159
992663 0.07146
992675 0.07175
992687 0.07118
992699 0.07174
992711 0.0716
992735 0.07164
992747 0.07174
992759 0.07176
992783 0.07176
992795 0.0713
992807 0.0703
992879 0.07162
992915 0.07162
992939 0.07145
992951 0.07102
992987 0.07146
992999 0.07122
993023 0.07141
993047 0.07122
993059 0.07147
993071 0.0711
993083 0.0717
993095 0.07171
993119 0.07178
993131 0.07148
993143 0.07178
993155 0.07168
993167 0.0717
993191 0.07178
993215 0.07112
993227 0.07091
993251 0.07151
993263 0.07179
993275 0.07166
993299 0.07125
993311 0.07168
993335 0.07179
993347 0.07167
993359 0.07167
993383 0.07107
993455 0.07177
993491 0.07139
993503 0.07174
993515 0.07176
993539 0.07153
993551 0.07129
993563 0.07139
993575 0.07175
993599 0.07175
993623 0.07117
993635 0.07171
993659 0.07161
993671 0.07163
993695 0.07131
993719 0.07173
993731 0.07125
993743 0.07162
993755 0.07172
993791 0.07174
993803 0.07109
993815 0.0712
993839 0.07172
993863 0.07113
993875 0.07143
993899 0.07157
993911 0.07179
993923 0.07128
993935 0.07159
993947 0.07175
993959 0.07134
993971 0.07178
993995 0.07129
994007 0.07134
994031 0.07179
994043 0.07177
994079 0.07077
994091 0.07176
994127 0.07124
994139 0.07102
994151 0.07177
994175 0.07178
994211 0.07178
994223 0.07122
994235 0.07161
994259 0.07162
994283 0.07179
994355 0.07172
994379 0.07163
994403 0.0715
994415 0.07173
994439 0.0714
994451 0.07171
994463 0.07128
994475 0.07151
994487 0.07177
994499 0.07058
994511 0.07172
994523 0.07177
994535 0.07162
994547 0.07169
994595 0.07176
994607 0.0717
994619 0.07147
994631 0.07127
994655 0.07174
994703 0.07169
994727 0.07173
994739 0.07154
994763 0.07174
994775 0.07158
994787 0.07173
994799 0.07147
994823 0.07115
994847 0.07171
994859 0.06919
994883 0.07172
994895 0.07133
994919 0.07088
994931 0.07142
994943 0.07113
994955 0.0717
994967 0.07165
994979 0.07113
995003 0.07141
995015 0.07144
995027 0.0717
995039 0.07089
995063 0.07154
995111 0.07168
995123 0.07093
995135 0.07148
995171 0.07139
995207 0.07149
995231 0.07166
995255 0.0714
995267 0.07166
995279 0.0715
995315 0.07175
995375 0.07159
995411 0.07176
995423 0.07137
995435 0.07135
995459 0.07163
995483 0.07147
995495 0.07137
995507 0.07177
995543 0.07134
995555 0.07162
995579 0.07092
995603 0.07099
995615 0.0716
995627 0.07154
995639 0.07112
995675 0.0715
995687 0.07155
995711 0.0714
995723 0.07166
995735 0.07156
995759 0.07062
995771 0.07179
995795 0.0713
995831 0.07157
995843 0.07075
995855 0.07157
995867 0.07158
995879 0.07142
995915 0.07169
995939 0.07153
995951 0.07139
995963 0.07112
995975 0.07155
995999 0.0713
996023 0.0714
996047 0.0716
996059 0.07155
996071 0.07154
996083 0.07147
996095 0.0714
996107 0.07154
996131 0.07147
996155 0.07172
996179 0.07173
996191 0.07149
996215 0.07162
996227 0.07108
996239 0.07137
996251 0.07157
996275 0.07173
996287 0.07163
996299 0.07082
996347 0.07151
996359 0.07144
996371 0.07151
996383 0.07149
996395 0.07175
996419 0.07159
996443 0.07142
996455 0.07122
996467 0.07131
996479 0.07145
996491 0.07168
996503 0.07153
996515 0.0716
996527 0.07105
996575 0.07154
996587 0.07078
996611 0.07161
996623 0.07152
996635 0.07166
996659 0.07077
996683 0.07178
996695 0.07152
996707 0.07076
996719 0.07126
996731 0.07165
996743 0.07156
996755 0.07163
996767 0.07157
996779 0.0718
996791 0.07169
996815 0.07143
996839 0.07129
996851 0.07144
996863 0.07158
996875 0.07165
996911 0.07128
996923 0.07115
996935 0.07141
996959 0.07151
996971 0.07161
996983 0.07156
997007 0.0716
997067 0.07139
997079 0.07173
997115 0.07139
997127 0.07161
997139 0.07174
997175 0.07174
997187 0.0711
997199 0.07132
997211 0.07131
997223 0.07133
997295 0.07155
997331 0.07137
997367 0.07161
997403 0.07136
997451 0.0717
997475 0.0717
997487 0.07129
997499 0.07169
997523 0.07096
997535 0.07178
997559 0.06679
997571 0.07145
997595 0.07174
997607 0.07127
997619 0.07104
997631 0.0718
997643 0.07088
997655 0.07164
997679 0.07179
997691 0.07132
997763 0.06946
997775 0.07124
997787 0.0713
997823 0.07162
997847 0.07177
997859 0.07164
997883 0.07177
997895 0.07176
997919 0.07163
997943 0.07122
997955 0.07147
997967 0.07168
997979 0.07162
998003 0.0712
998039 0.07111
998063 0.07125
998075 0.0718
998087 0.07173
998099 0.07179
998135 0.07174
998159 0.0711
998171 0.06929
998183 0.07123
998195 0.07131
998231 0.07123
998255 0.07172
998267 0.07116
998279 0.07168
998291 0.07142
998303 0.07176
998315 0.07142
998327 0.07176
998339 0.07155
998351 0.07176
998363 0.07133
998375 0.07169
998387 0.07133
998447 0.07174
998459 0.07174
998483 0.07135
998495 0.07167
998507 0.0712
998519 0.07119
998531 0.07173
998543 0.07131
998567 0.07133
998579 0.07172
998591 0.07172
998603 0.07153
998615 0.07172
998627 0.07136
998639 0.07172
998663 0.07179
998675 0.0711
998699 0.07171
998735 0.07126
998747 0.07138
998783 0.07178
998795 0.0716
998855 0.07162
998867 0.07139
998891 0.07162
998903 0.07179
998939 0.07162
998963 0.07148
998975 0.0716
998987 0.07106
998999 0.07177
999047 0.07137
999059 0.07165
999071 0.07178
999107 0.07164
999119 0.07178
999143 0.07109
999167 0.07135
999179 0.07164
999191 0.07157
999203 0.07163
999215 0.07157
999227 0.0711
999263 0.07157
999275 0.07128
999311 0.0717
999335 0.07143
999347 0.06881
999383 0.07169
999395 0.07161
999407 0.0705
999419 0.0716
999443 0.0716
999455 0.07168
999467 0.07169
999503 0.07171
999515 0.07169
999527 0.0711
999539 0.07125
999551 0.0717
999575 0.0717
999587 0.0717
999635 0.07171
999647 0.07165
999659 0.07138
999695 0.07164
999707 0.0715
999719 0.07173
999731 0.07058
999743 0.07172
999755 0.07172
999767 0.07167
999779 0.07137
999803 0.07102
999815 0.07166
999827 0.07101
999839 0.07165
999851 0.07154
999899 0.07071
999923 0.07153
999935 0.0717
999971 0.07153
