575 0.04181
935 0.04229
1175 0.03919
1643 0.04746
1679 0.04892
1739 0.04883
1817 0.04574
2135 0.05022
2183 0.04411
2279 0.04908
2303 0.04067
2639 0.05043
2759 0.04621
3071 0.04921
3131 0.03751
3239 0.04357
3335 0.04795
3431 0.0453
3479 0.04174
3503 0.04346
3551 0.04588
3815 0.03975
3887 0.0454
3959 0.05009
4031 0.04144
4175 0.05026
4199 0.04969
4247 0.04857
4307 0.03306
4343 0.05042
4379 0.03426
4559 0.04257
4655 0.04188
4727 0.03921
4775 0.04823
4823 0.04408
4847 0.0468
4895 0.04984
4991 0.04828
5015 0.04887
5063 0.04659
5135 0.04776
5159 0.04898
5183 0.04853
5207 0.04645
5423 0.04089
5543 0.04447
5687 0.04667
6215 0.04894
6275 0.04815
6407 0.04605
6419 0.05003
6479 0.0491
6527 0.04437
6575 0.04639
6623 0.04699
6767 0.0414
6887 0.04228
6935 0.04829
7007 0.0473
7031 0.03824
7367 0.03695
7775 0.04302
7847 0.03618
7991 0.04636
8255 0.04344
8687 0.04727
8903 0.05029
8927 0.02516
8975 0.04793
9071 0.04881
9191 0.05035
9287 0.04476
9359 0.04942
9407 0.04362
9455 0.05035
9503 0.04984
9575 0.04639
9599 0.0419
9695 0.04553
9815 0.04703
9911 0.04582
9959 0.04538
9983 0.04912
10127 0.03916
10199 0.04162
10379 0.04777
10439 0.04723
10511 0.04986
10535 0.04963
10595 0.04907
10619 0.04564
10679 0.03947
10703 0.04808
10775 0.04433
10919 0.04996
10991 0.05028
11039 0.04651
11111 0.0473
11135 0.04899
11183 0.03618
11327 0.04293
11375 0.0502
11495 0.04969
11567 0.04152
11591 0.04887
11603 0.04877
11615 0.04502
11639 0.04484
11663 0.04827
11687 0.04033
11711 0.04429
11819 0.03045
11975 0.04235
11999 0.04561
12095 0.04738
12215 0.04859
12431 0.05029
12551 0.04934
12575 0.03992
12599 0.04567
12839 0.04204
12887 0.04845
13031 0.04982
13079 0.04543
13175 0.04519
13199 0.04311
13271 0.04413
13439 0.04531
13559 0.03952
13631 0.04705
13727 0.04602
13823 0.05002
13895 0.04941
13919 0.03389
13943 0.04131
14039 0.04399
14063 0.0393
14111 0.04791
14135 0.04967
14231 0.04901
14279 0.04253
14351 0.04999
14399 0.0461
14471 0.04564
14615 0.04646
14711 0.04846
14735 0.04777
14807 0.04837
14999 0.04662
15023 0.03378
15047 0.04632
15167 0.04559
15215 0.04951
15239 0.04274
15311 0.04234
15407 0.04837
15455 0.04876
15479 0.04784
15503 0.03341
15575 0.04324
15695 0.05038
15743 0.05007
15839 0.04642
15863 0.04931
16031 0.04894
16151 0.04822
16175 0.049
16199 0.04919
16247 0.04955
16271 0.04687
16343 0.04672
16391 0.04708
16415 0.05024
16463 0.04762
16511 0.04798
16559 0.04247
16727 0.04968
16775 0.0494
16799 0.05011
16895 0.0487
16967 0.04829
17111 0.04899
17135 0.04885
17219 0.0432
17255 0.04817
17375 0.04835
17543 0.04684
17591 0.04988
17615 0.04734
17639 0.04468
17687 0.04656
17711 0.05033
17759 0.05006
17927 0.0495
17951 0.04967
17975 0.05002
17999 0.04873
18023 0.04522
18239 0.05042
18383 0.05
18575 0.04921
18647 0.04859
18767 0.0482
18815 0.0505
19055 0.04925
19175 0.05002
19199 0.0485
19415 0.04965
19703 0.04605
19871 0.0474
19943 0.0486
19967 0.04875
20039 0.04661
20087 0.04188
20207 0.04014
20351 0.04796
20375 0.04508
20519 0.04246
20591 0.04886
20615 0.04875
20687 0.04298
20735 0.05026
20951 0.04452
20975 0.04709
20999 0.04432
21119 0.04501
21167 0.04624
21311 0.048
21359 0.04424
21431 0.04681
21479 0.04725
21527 0.04639
21551 0.04798
21719 0.04748
21935 0.05016
21983 0.05043
22007 0.0491
22055 0.05024
22103 0.05042
22199 0.05018
22607 0.04908
22703 0.04797
22775 0.04976
22823 0.04729
22919 0.05048
22967 0.05007
23111 0.04945
23135 0.0503
23183 0.04914
23207 0.04999
23375 0.0502
23423 0.05
23495 0.04969
23519 0.04903
23639 0.04975
23735 0.04689
23759 0.05038
23807 0.04502
23927 0.0499
23951 0.0478
23999 0.04805
24119 0.04251
24215 0.04678
24287 0.04478
24455 0.04936
24503 0.04143
24647 0.0486
24743 0.04822
24839 0.04609
24983 0.04346
25079 0.04813
25175 0.04776
25199 0.04767
25631 0.04349
25823 0.04539
25967 0.04965
26303 0.04335
26519 0.05022
26567 0.04743
27023 0.04043
27311 0.04795
27719 0.04913
27863 0.05042
27887 0.05049
27911 0.04297
28175 0.04756
28247 0.04921
28391 0.04963
28487 0.04838
28655 0.04872
28823 0.04726
28847 0.04704
28943 0.04216
28967 0.04768
28991 0.04765
29039 0.04786
29087 0.04641
29279 0.0496
29495 0.04978
29639 0.05038
29735 0.05028
29807 0.05004
29831 0.04345
29975 0.04997
29999 0.05028
30167 0.04885
30263 0.04287
30299 0.04986
30503 0.04863
30551 0.04862
30575 0.04897
30719 0.04795
30959 0.04776
31007 0.04423
31175 0.04804
31487 0.04617
31559 0.04895
31631 0.04575
31679 0.0443
31775 0.04986
32015 0.04985
32039 0.04735
32207 0.04926
32231 0.04881
32351 0.04828
32375 0.04936
32519 0.04892
32567 0.04817
32639 0.04938
32759 0.04725
32807 0.04747
32975 0.04806
33215 0.04967
33239 0.04451
33383 0.04957
33431 0.04975
33695 0.05033
33887 0.04772
34007 0.04738
34055 0.04406
34103 0.04914
34151 0.04963
34175 0.04893
34247 0.04817
34727 0.04989
34775 0.04868
34799 0.05015
34943 0.05004
34967 0.05032
35015 0.05029
35207 0.05013
35255 0.04598
35303 0.05048
35351 0.04923
35639 0.04558
35687 0.04831
35711 0.04821
35735 0.04829
35807 0.04798
36023 0.04848
36047 0.04936
36167 0.04977
36287 0.04798
36407 0.0497
36503 0.05018
36623 0.04985
36695 0.04864
36719 0.0503
36815 0.04642
37007 0.04537
37151 0.04558
37247 0.05048
37319 0.0487
37367 0.05021
37391 0.04956
37415 0.04949
37439 0.04077
37583 0.04963
37727 0.04925
37895 0.04882
38111 0.0477
38135 0.04816
38399 0.04901
38591 0.04962
38807 0.04907
38855 0.04643
38927 0.04626
38975 0.05038
39071 0.04998
39095 0.05007
39215 0.04977
39263 0.04965
39407 0.04772
39431 0.04509
39455 0.04916
39479 0.04995
39527 0.0481
39575 0.04825
39647 0.04701
39695 0.04941
39767 0.04686
39911 0.04929
39935 0.04882
40103 0.04308
40175 0.04864
40199 0.04818
40247 0.05032
40271 0.0504
40319 0.04908
40367 0.04805
40415 0.04885
40439 0.04761
40463 0.05012
40535 0.04994
40631 0.04971
40655 0.0471
40703 0.04953
40727 0.05033
40775 0.05047
40871 0.0503
40919 0.04689
40967 0.05049
40991 0.05043
41015 0.05002
41087 0.05023
41111 0.0503
41135 0.05008
41159 0.04518
41207 0.04948
41255 0.05032
41375 0.0495
41423 0.04991
41447 0.04891
41471 0.04927
41495 0.04974
41567 0.04749
41591 0.04951
41615 0.04945
41663 0.04934
41711 0.04925
41735 0.04945
41783 0.04946
41807 0.04848
41855 0.0498
41951 0.04996
41975 0.04627
42119 0.05045
42143 0.0505
42167 0.05033
42191 0.05038
42287 0.04354
42311 0.04693
42431 0.04971
42455 0.04976
42527 0.04949
42575 0.04948
42599 0.04932
42671 0.04953
42911 0.04898
42935 0.05029
42959 0.04912
42983 0.04918
43007 0.04815
43055 0.0504
43079 0.04835
43127 0.04849
43175 0.05012
43247 0.04785
43295 0.05008
43439 0.04743
43463 0.04774
43559 0.04924
43583 0.05019
43631 0.05008
43679 0.04691
43703 0.04695
43727 0.04849
43775 0.04975
43847 0.05049
43919 0.04465
44039 0.04916
44063 0.04812
44135 0.04963
44183 0.04977
44255 0.04956
44375 0.04554
44399 0.04924
44423 0.04831
44447 0.04693
44495 0.04903
44567 0.04726
44591 0.05019
44639 0.04871
44663 0.04498
44735 0.04986
44807 0.0497
44831 0.04965
44951 0.04588
44975 0.04933
45047 0.04917
45095 0.04907
45167 0.04143
45287 0.04566
45359 0.04718
45431 0.04881
45479 0.04894
45527 0.04989
45575 0.05002
45623 0.04933
45671 0.04784
45695 0.05034
45719 0.04959
45743 0.04965
45791 0.05043
45815 0.05038
45839 0.04817
45911 0.04605
46031 0.05043
46055 0.04986
46079 0.04893
46127 0.03983
46151 0.04561
46247 0.04944
46295 0.04951
46319 0.04957
46367 0.0497
46391 0.04965
46463 0.04416
46487 0.04492
46535 0.04949
46583 0.05016
46607 0.05034
46631 0.05028
46655 0.04858
46775 0.05038
46799 0.0497
46847 0.04982
46895 0.05012
46943 0.05002
46967 0.04794
46991 0.0502
47135 0.05045
47183 0.04951
47231 0.04804
47255 0.04927
47375 0.04712
47399 0.04989
47423 0.04901
47471 0.04882
47495 0.04969
47663 0.04958
47687 0.04268
47759 0.04927
47783 0.04933
47855 0.05007
47879 0.04889
48047 0.04855
48167 0.04831
48191 0.04708
48263 0.05046
48287 0.04807
48335 0.05031
48359 0.04793
48503 0.04996
48551 0.04942
48575 0.04937
48671 0.04962
48719 0.04722
48791 0.04938
48911 0.04913
48959 0.0486
49151 0.04951
49175 0.04957
49247 0.05019
49271 0.04629
49319 0.04532
49343 0.04828
49487 0.04683
49511 0.05041
49583 0.04483
49631 0.05034
49679 0.04878
49703 0.0502
49751 0.04749
49775 0.04785
49895 0.04815
50015 0.04957
50135 0.04874
50183 0.04886
50255 0.05021
50279 0.05027
50303 0.04884
50327 0.04425
50399 0.04586
50447 0.047
50471 0.05032
50519 0.05023
50615 0.0496
50639 0.04998
50663 0.0466
50735 0.05021
50759 0.04776
50783 0.05033
50807 0.05007
50855 0.05019
50879 0.0479
50903 0.04786
50927 0.04942
50975 0.05027
51023 0.04829
51095 0.05004
51119 0.04863
51359 0.04953
51455 0.04902
51527 0.04868
51575 0.04962
51623 0.04927
51671 0.04995
51695 0.04991
51743 0.04351
51791 0.05014
51863 0.05031
51887 0.05047
51911 0.05042
51935 0.05045
51959 0.05048
51983 0.05028
52007 0.05031
52055 0.04994
52151 0.05017
52175 0.05012
52271 0.05014
52319 0.04933
52415 0.05036
52439 0.05032
52463 0.04977
52487 0.05034
52535 0.05046
52559 0.05051
52751 0.05014
52775 0.04968
52799 0.05005
52823 0.04885
52847 0.04292
52871 0.05041
53015 0.05014
53063 0.04865
53111 0.04905
53159 0.04986
53207 0.04887
53303 0.04959
53351 0.04861
53375 0.04946
53399 0.04942
53495 0.04875
53519 0.0475
53567 0.04822
53663 0.04797
53687 0.04841
53735 0.0488
53879 0.04854
54023 0.04828
54071 0.04851
54095 0.04768
54119 0.04862
54191 0.04878
54215 0.04883
54383 0.04814
54407 0.04839
54431 0.04845
54479 0.04943
54575 0.04965
54599 0.04863
54671 0.04899
54791 0.05014
54815 0.05019
54839 0.04917
54863 0.04942
54911 0.05041
55007 0.05041
55031 0.0498
55055 0.05033
55151 0.04814
55175 0.04993
55199 0.05006
55319 0.05025
55391 0.05041
55463 0.05046
55535 0.04946
55583 0.04517
55703 0.04937
55727 0.04493
55775 0.04974
55895 0.04979
55919 0.0459
55943 0.0499
55991 0.04495
56015 0.04491
56135 0.04926
56231 0.05049
56279 0.04669
56303 0.04896
56327 0.05032
56351 0.04888
56375 0.05023
56399 0.0488
56447 0.04379
56471 0.04852
56615 0.04842
56639 0.04392
56735 0.04959
56855 0.04939
56879 0.04715
56927 0.04774
56975 0.04781
57023 0.04909
57071 0.04621
57095 0.04846
57239 0.04877
57263 0.04882
57311 0.04726
57359 0.04718
57407 0.04844
57479 0.04709
57551 0.04643
57575 0.04949
57599 0.04954
57623 0.04808
57671 0.0475
57695 0.04673
57743 0.04985
57815 0.0478
57959 0.05031
57983 0.04627
58007 0.04533
58055 0.0505
58103 0.04729
58127 0.04765
58175 0.05029
58295 0.04553
58319 0.04887
58415 0.04988
58463 0.04728
58535 0.04933
58559 0.04537
58607 0.04948
58703 0.04632
58751 0.04978
58775 0.04983
58823 0.04912
58847 0.04917
58919 0.04824
59015 0.05034
59039 0.04849
59087 0.04699
59231 0.04997
59255 0.04894
59303 0.04744
59327 0.05012
59423 0.05037
59495 0.04944
59519 0.04949
59639 0.04959
59711 0.04989
59831 0.05013
59903 0.04981
59927 0.04912
59975 0.05043
60023 0.04724
60047 0.04957
60071 0.0485
60095 0.04907
60119 0.04903
60143 0.05029
60191 0.05021
60239 0.04884
60287 0.04938
60311 0.04952
60335 0.04997
60431 0.04981
60479 0.04973
60551 0.04961
60575 0.05006
60599 0.05002
60671 0.04893
60695 0.0503
60743 0.04978
60791 0.05041
60863 0.0504
60935 0.05035
61079 0.05046
61175 0.05032
61247 0.0501
61295 0.05019
61367 0.05
61415 0.04992
61439 0.04996
61535 0.0493
61607 0.04961
61655 0.05031
61679 0.05035
61799 0.05044
61847 0.04986
61919 0.04911
62015 0.05024
62063 0.05001
62087 0.04637
62111 0.04993
62135 0.0494
62159 0.04986
62279 0.0503
62399 0.04346
62447 0.04787
62471 0.04887
62495 0.04932
62519 0.04991
62543 0.05008
62567 0.05013
62615 0.05023
62663 0.05032
62759 0.04788
62855 0.05035
62879 0.04769
62951 0.04923
62975 0.04857
62999 0.04785
63047 0.05005
63071 0.04842
63143 0.04784
63167 0.0478
63191 0.04982
63215 0.05037
63263 0.04836
63335 0.04863
63383 0.04647
63407 0.04684
63431 0.04869
63455 0.04874
63479 0.04841
63551 0.04892
63575 0.04699
63623 0.04973
63767 0.04951
63887 0.04874
63935 0.04967
64055 0.04849
64079 0.04994
64175 0.05013
64199 0.04674
64247 0.04877
64295 0.0487
64343 0.04805
64367 0.04851
64415 0.05044
64487 0.04784
64511 0.05029
64583 0.04818
64607 0.04823
64631 0.04811
64655 0.04906
64703 0.04999
64727 0.04846
64751 0.04992
64775 0.04988
64823 0.04734
64943 0.04962
65087 0.04988
65135 0.04997
65159 0.0467
65207 0.04937
65231 0.04919
65255 0.0502
65279 0.05025
65303 0.04955
65351 0.05038
65375 0.04952
65471 0.04987
65567 0.05005
65591 0.04993
65615 0.04998
65711 0.05032
65783 0.05029
65807 0.04991
65879 0.04769
65903 0.0505
65975 0.04992
65999 0.04996
66119 0.05019
66143 0.05
66215 0.05003
66263 0.04982
66527 0.05015
66551 0.04952
66575 0.04949
66599 0.05004
66671 0.04863
66719 0.04702
66743 0.04924
66767 0.04979
66815 0.04972
66839 0.04968
66887 0.0489
66935 0.05001
66983 0.04876
67007 0.04847
67175 0.04848
67199 0.0505
67295 0.05037
67319 0.05034
67367 0.0482
67415 0.04986
67487 0.04873
67535 0.05002
67655 0.05029
67703 0.04975
67727 0.04769
67775 0.0505
67799 0.04992
67847 0.0504
67895 0.04861
67991 0.04935
68015 0.04798
68159 0.05045
68183 0.04659
68231 0.04983
68255 0.05031
68303 0.05024
68375 0.04693
68423 0.05006
68471 0.04948
68495 0.04996
68591 0.04931
68663 0.04971
68735 0.04642
68759 0.05017
68807 0.049
68855 0.04893
68975 0.04927
69023 0.0492
69071 0.04863
69095 0.0503
69167 0.04498
69215 0.05012
69335 0.04617
69359 0.04614
69407 0.04908
69455 0.04978
69479 0.04974
69527 0.04525
69551 0.04964
69575 0.0496
69599 0.04942
69647 0.04951
69671 0.04924
69695 0.04929
69791 0.04976
69935 0.05002
69983 0.04658
70007 0.04984
70151 0.0504
70175 0.05044
70247 0.05046
70295 0.05035
70343 0.05043
70391 0.04846
70463 0.04836
70511 0.05033
70655 0.04988
70679 0.04807
70727 0.04508
70751 0.04999
70775 0.04971
70799 0.04968
70847 0.04961
70871 0.04982
70895 0.04979
70943 0.04972
70967 0.04813
71015 0.04806
71063 0.04755
71087 0.04928
71111 0.04924
71135 0.04945
71207 0.04935
71231 0.04595
71303 0.04871
71375 0.05028
71423 0.05036
71447 0.04902
71495 0.04889
71519 0.04868
71543 0.04579
71567 0.04576
71639 0.04914
71687 0.04673
71759 0.04836
71783 0.04427
71831 0.04962
71855 0.04847
71951 0.04983
71975 0.04987
72071 0.04988
72119 0.04217
72215 0.05028
72239 0.04767
72263 0.05036
72311 0.05029
72335 0.05048
72407 0.04773
72455 0.04804
72575 0.05032
72695 0.05003
72743 0.05008
72791 0.0499
72839 0.04995
72887 0.04977
72935 0.04982
72983 0.05039
73055 0.04549
73103 0.04493
73151 0.05016
73175 0.0495
73223 0.04943
73247 0.04345
73295 0.04946
73343 0.04464
73367 0.04987
73391 0.04962
73487 0.04896
73511 0.04773
73535 0.04986
73631 0.04877
73775 0.04817
73871 0.04845
73919 0.0485
73967 0.04574
73991 0.05041
74015 0.05038
74039 0.05035
74087 0.04869
74111 0.04873
74183 0.045
74327 0.0476
74351 0.04992
74375 0.04917
74399 0.04772
74519 0.04773
74543 0.0477
74639 0.04459
74663 0.04754
74711 0.04973
74783 0.04728
74807 0.04725
74855 0.04847
74879 0.04922
74927 0.04916
74951 0.04863
74975 0.04703
74999 0.04871
75023 0.04709
75047 0.05028
75071 0.04897
75095 0.0474
75143 0.04682
75215 0.04907
75287 0.04664
75311 0.04789
75335 0.04863
75359 0.0486
75383 0.04787
75551 0.04962
75575 0.04999
75623 0.04992
75647 0.04844
75671 0.04981
75719 0.04841
75815 0.04767
75839 0.04798
75863 0.04489
75887 0.04792
75911 0.04789
76007 0.04902
76055 0.04936
76127 0.05047
76151 0.04926
76175 0.0492
76199 0.04919
76319 0.04562
76391 0.04964
76415 0.04968
76583 0.04995
76703 0.04983
76727 0.05019
76751 0.04918
76775 0.05012
76799 0.04493
77039 0.05048
77063 0.05045
77087 0.04972
77111 0.04919
77159 0.04866
77231 0.05023
77303 0.05002
77327 0.04999
77375 0.05018
77423 0.04421
77519 0.04999
77615 0.04973
77663 0.0504
77735 0.04958
77855 0.05015
77879 0.0455
77903 0.05009
77927 0.05006
78023 0.04994
78119 0.04754
78263 0.05041
78359 0.04927
78383 0.04948
78431 0.05037
78551 0.04957
78599 0.04735
78647 0.04832
78671 0.04945
78719 0.04983
78767 0.04991
78959 0.0497
79055 0.04995
79175 0.05014
79439 0.04893
79511 0.04972
79655 0.04987
79679 0.05017
79775 0.04869
79895 0.05031
79919 0.04851
80135 0.05037
80159 0.04865
80183 0.04954
80375 0.05038
80495 0.04884
80519 0.04989
80615 0.04935
80711 0.04965
80735 0.04962
80759 0.05013
80855 0.04947
80927 0.04673
80951 0.0499
81167 0.04803
81191 0.04736
81287 0.04895
81407 0.04775
81479 0.05038
81503 0.05035
81623 0.0502
81719 0.05024
81791 0.04888
81863 0.04753
81911 0.04742
81959 0.04742
82079 0.04801
82103 0.04977
82295 0.04939
82319 0.04906
82343 0.04933
82511 0.04934
82535 0.04938
82583 0.04671
82679 0.0496
82775 0.04974
82823 0.04891
82871 0.0487
82895 0.04992
82919 0.04892
82967 0.04699
82991 0.04696
83111 0.04842
83135 0.04731
83159 0.04928
83183 0.04506
83327 0.04712
83447 0.05032
83519 0.04536
83567 0.04531
83687 0.05003
83711 0.04773
83759 0.04927
83807 0.04934
83879 0.04981
83927 0.04975
83975 0.05049
84119 0.0498
84311 0.05013
84455 0.04913
84479 0.04993
84527 0.04945
84575 0.05047
84599 0.05051
84647 0.05045
84839 0.0495
84911 0.049
84959 0.05008
85007 0.05015
85031 0.04626
85079 0.05025
85175 0.05039
85271 0.04819
85295 0.05046
85415 0.04955
85511 0.05031
85559 0.04994
85631 0.05005
85655 0.04927
85775 0.0499
85799 0.04987
85919 0.05046
85943 0.04906
86039 0.04959
86087 0.04999
86159 0.05027
86207 0.04715
86279 0.04856
86327 0.04926
86471 0.0499
86519 0.04915
86591 0.04815
86615 0.05003
86663 0.04825
86759 0.04949
86831 0.04914
86975 0.05049
86999 0.04983
87047 0.0489
87167 0.04897
87239 0.05017
87287 0.05012
87503 0.04944
87551 0.05042
87575 0.0504
87599 0.04784
87791 0.04955
87815 0.04952
87863 0.05007
87935 0.04999
88031 0.04988
88151 0.04974
88199 0.04969
88247 0.04861
88319 0.04706
88343 0.04809
88391 0.04947
88511 0.05023
88559 0.04928
88631 0.05009
88655 0.04918
88679 0.04915
88703 0.04979
88847 0.04985
88895 0.05006
88943 0.05012
88967 0.04907
89015 0.05022
89039 0.05026
89159 0.05042
89183 0.04947
89207 0.04995
89279 0.05005
89327 0.05011
89351 0.05036
89423 0.04971
89447 0.04974
89471 0.05023
89543 0.04987
89639 0.05004
89711 0.04996
89735 0.05037
89807 0.05024
89879 0.04733
89903 0.05037
89999 0.05038
90047 0.05046
90119 0.05048
90143 0.05036
90335 0.05039
90455 0.05025
90479 0.05008
90503 0.04996
90575 0.04798
90695 0.04984
90719 0.04929
90743 0.04532
90791 0.04828
90839 0.04916
90935 0.04948
90983 0.04953
91031 0.04962
91103 0.04954
91175 0.04946
91319 0.04822
91391 0.04909
91439 0.04945
91511 0.04954
91679 0.04948
91727 0.04983
91751 0.04861
91775 0.04961
91799 0.04906
91871 0.05003
92039 0.0484
92063 0.04947
92087 0.04944
92159 0.05041
92183 0.04815
92207 0.05048
92231 0.04964
92303 0.04826
92351 0.05038
92375 0.04753
92423 0.04813
92495 0.05005
92543 0.05011
92711 0.05028
92759 0.04714
92807 0.05047
92879 0.0505
92903 0.05044
92999 0.0474
93023 0.04845
93095 0.05028
93119 0.04678
93167 0.0502
93215 0.04945
93335 0.05002
93527 0.04935
93599 0.04686
93623 0.04896
93647 0.04964
93671 0.04966
93695 0.04917
93791 0.04949
93839 0.04525
93863 0.04956
94055 0.04671
94127 0.04872
94175 0.04913
94223 0.04975
94271 0.0501
94319 0.04852
94631 0.05029
94655 0.04859
94751 0.05033
94799 0.04781
94967 0.04827
95015 0.04677
95159 0.04812
95207 0.04985
95351 0.04793
95519 0.04936
95567 0.04781
95639 0.04697
95735 0.04953
95759 0.04967
95807 0.04812
95831 0.04976
95903 0.04733
95927 0.0491
95951 0.04931
95975 0.04928
96119 0.05013
96143 0.04911
96287 0.04874
96359 0.0485
96383 0.04864
96407 0.04889
96455 0.04895
96503 0.05042
96575 0.0491
96599 0.04881
96695 0.04617
96719 0.05019
96743 0.0485
96791 0.04389
96815 0.04941
96839 0.05007
97079 0.0486
97199 0.0499
97247 0.04996
97319 0.05005
97439 0.04525
97559 0.05036
97679 0.05018
97703 0.05021
97895 0.04899
98039 0.05014
98087 0.05009
98159 0.05002
98183 0.05026
98279 0.04531
98423 0.05029
98471 0.04997
98735 0.05037
98759 0.04748
98783 0.04965
98831 0.05027
98855 0.04958
98879 0.04956
98903 0.04672
98951 0.04795
98975 0.05012
99479 0.0487
99599 0.04832
99671 0.04942
99791 0.04876
99887 0.04867
99911 0.04919
99935 0.04894
100007 0.04819
100031 0.04907
100079 0.04902
100175 0.04924
100223 0.04888
100295 0.04843
100319 0.04879
100367 0.04926
100415 0.04953
100439 0.04867
100487 0.04773
100607 0.04956
100679 0.04986
100751 0.04973
100775 0.04976
100919 0.04821
101015 0.04932
101039 0.05009
101087 0.05015
101135 0.05042
101351 0.05047
101447 0.05045
101471 0.05025
101519 0.05038
101567 0.05033
101639 0.05008
101687 0.05021
101783 0.05025
101903 0.0504
101951 0.05046
101975 0.04993
102095 0.05041
102143 0.05006
102167 0.04617
102263 0.05024
102287 0.04692
102311 0.05026
102383 0.05035
102455 0.04946
102527 0.04999
102575 0.04605
102623 0.04855
102671 0.05036
102695 0.04594
102767 0.0475
102863 0.04966
102887 0.04964
102935 0.049
102959 0.04546
103031 0.05001
103151 0.04989
103199 0.04924
103247 0.04929
103439 0.04953
103463 0.04833
103559 0.04967
103679 0.04858
103727 0.04884
103751 0.04881
103799 0.04996
103871 0.04812
103943 0.04913
104039 0.05024
104111 0.05033
104135 0.05036
104159 0.04814
104255 0.04884
104423 0.04868
104447 0.04759
104591 0.04853
104615 0.05017
104663 0.05012
104807 0.04992
104927 0.04773
104951 0.04811
104975 0.04983
105047 0.0502
105191 0.05037
105215 0.0496
105431 0.04842
105455 0.05037
105479 0.05035
105551 0.05028
105623 0.04922
105647 0.04893
105719 0.05012
105791 0.05006
105839 0.04855
106079 0.05039
106151 0.04926
106175 0.04954
106439 0.05026
106535 0.04996
106559 0.04572
106583 0.04972
106655 0.0501
106679 0.05004
106919 0.049
106991 0.05024
107015 0.05027
107039 0.04889
107111 0.05002
107135 0.05039
107207 0.04924
107231 0.04952
107255 0.05048
107327 0.04863
107423 0.05038
107471 0.05044
107663 0.0501
107735 0.04983
107759 0.0503
107855 0.05021
107879 0.04897
108215 0.04987
108335 0.04678
108407 0.05042
108575 0.05027
108647 0.0502
108671 0.05007
108743 0.04891
108767 0.04998
108839 0.0493
109007 0.04887
109151 0.05042
109223 0.05036
109247 0.04965
109271 0.04982
109343 0.04885
109463 0.04946
109511 0.05009
109535 0.05007
109559 0.05014
109655 0.04996
109679 0.05028
109799 0.04844
109871 0.04976
109967 0.04984
110087 0.04973
110111 0.0503
110279 0.04955
110351 0.04796
110375 0.04947
110399 0.05004
110471 0.04998
110495 0.0492
110591 0.04928
110639 0.04982
110687 0.04978
110831 0.04965
110999 0.05
111047 0.04887
111071 0.04885
111239 0.04929
111383 0.05043
111407 0.04914
111479 0.04957
111503 0.05047
111527 0.04855
111575 0.04899
111647 0.04893
111671 0.04978
111695 0.05029
111719 0.04829
111743 0.04986
111839 0.04876
111887 0.04959
111911 0.05005
112055 0.04997
112079 0.05024
112175 0.05034
112271 0.04978
112295 0.05047
112367 0.04783
112391 0.05015
112439 0.05041
112463 0.04782
112487 0.0482
112535 0.05032
112703 0.0494
112751 0.05048
112775 0.05011
112823 0.04929
112847 0.04922
112871 0.05037
112991 0.05027
113015 0.0499
113207 0.05008
113231 0.05005
113303 0.04964
113375 0.0498
113399 0.04991
113447 0.04759
113615 0.04937
113687 0.05014
113735 0.04961
113807 0.04592
113879 0.04949
113999 0.04828
114047 0.04934
114071 0.04822
114119 0.05043
114215 0.04972
114239 0.05032
114263 0.04453
114287 0.0485
114335 0.04909
114359 0.05022
114503 0.04864
114575 0.04889
114623 0.05016
114695 0.04894
114839 0.04866
114863 0.05042
114887 0.04961
114911 0.04963
114959 0.0505
115391 0.05015
115415 0.04971
115439 0.04816
115463 0.04967
115487 0.05025
115535 0.0503
115559 0.04997
115607 0.04914
115847 0.04811
115895 0.04968
115967 0.04883
116039 0.05028
116111 0.0495
116231 0.05045
116327 0.05037
116375 0.0504
116399 0.04928
116735 0.05002
116759 0.04967
116831 0.05001
116951 0.04983
116999 0.04992
117047 0.04938
117095 0.05023
117215 0.05015
117263 0.04964
117311 0.05025
117335 0.05027
117359 0.0503
117383 0.04973
117407 0.04976
117455 0.04953
117479 0.04956
117527 0.04988
117551 0.0505
117575 0.04943
117599 0.04946
117623 0.04998
117647 0.05001
117719 0.05037
117791 0.04989
117863 0.05025
117887 0.04999
117935 0.04981
117983 0.05015
118007 0.05039
118031 0.05041
118055 0.05044
118151 0.05049
118271 0.05016
118319 0.05044
118367 0.05049
118391 0.05028
118415 0.05031
118487 0.05039
118511 0.0504
118535 0.05038
118607 0.05032
118631 0.05049
118655 0.05047
118703 0.04954
118727 0.05041
118775 0.05018
118823 0.04934
118871 0.0501
118919 0.05024
118943 0.04782
118991 0.05018
119015 0.05016
119063 0.04972
119279 0.04994
119303 0.04983
119327 0.0499
119351 0.04926
119375 0.04991
119399 0.04993
119423 0.04996
119519 0.04943
119567 0.04952
119615 0.04879
119711 0.04963
119807 0.04973
119879 0.05043
119927 0.04985
119975 0.0499
120071 0.05041
120119 0.04894
120143 0.04914
120191 0.05031
120239 0.04924
120263 0.04926
120287 0.04675
120311 0.04931
120359 0.0503
120407 0.05035
120479 0.04948
120575 0.04958
120695 0.04989
120743 0.04865
120791 0.0487
120815 0.04965
120839 0.04985
120887 0.04355
120911 0.04993
120935 0.0502
120959 0.0498
120983 0.04664
121031 0.05012
121079 0.04899
121103 0.04902
121127 0.04997
121175 0.04909
121223 0.04796
121295 0.04829
121319 0.04924
121415 0.0493
121463 0.04939
121511 0.04943
121535 0.05047
121583 0.04917
121655 0.04911
121679 0.04959
121775 0.05027
121847 0.05035
121871 0.05033
121943 0.04888
121991 0.05023
122087 0.04639
122111 0.04999
122159 0.0492
122183 0.04993
122255 0.04987
122351 0.05029
122375 0.05031
122543 0.04787
122567 0.04887
122591 0.04974
122615 0.04834
122687 0.0472
122711 0.0504
122759 0.04961
122807 0.04957
122831 0.04866
122879 0.05026
122927 0.04859
122951 0.0502
122975 0.05018
122999 0.04512
123023 0.05014
123047 0.04736
123095 0.05008
123119 0.04795
123287 0.04637
123335 0.04914
123359 0.04987
123431 0.04907
123575 0.04891
123623 0.04756
123647 0.04795
123671 0.04962
123695 0.0496
123743 0.04868
123839 0.04948
123935 0.0494
123959 0.04865
124031 0.04933
124055 0.04931
124079 0.05033
124127 0.04679
124151 0.04948
124175 0.05025
124271 0.04841
124319 0.04965
124391 0.04972
124415 0.05006
124439 0.04741
124463 0.04979
124511 0.04895
124559 0.04891
124583 0.04724
124607 0.04815
124655 0.04895
124727 0.04903
124751 0.05008
124775 0.04874
124871 0.04917
125015 0.04821
125087 0.04773
125111 0.05043
125135 0.05046
125159 0.04606
125255 0.04492
125279 0.05044
125327 0.04962
125351 0.04854
125375 0.05036
125495 0.05026
125519 0.0487
125543 0.04815
125567 0.04799
125615 0.05017
125663 0.04884
125783 0.05003
125831 0.04846
125879 0.04826
125903 0.04994
125951 0.05023
125975 0.0486
125999 0.04986
126071 0.05035
126119 0.04929
126167 0.04858
126191 0.05047
126239 0.04967
126263 0.04888
126335 0.0495
126383 0.04879
126431 0.04905
126455 0.04886
126479 0.05031
126503 0.04946
126527 0.05028
126575 0.05024
126599 0.04746
126647 0.04926
126671 0.04983
126767 0.04917
126791 0.05007
126815 0.05005
126863 0.04407
126887 0.04999
126935 0.05009
126959 0.04911
126983 0.05014
127007 0.04961
127127 0.0498
127151 0.0503
127175 0.04894
127199 0.05035
127223 0.04891
127295 0.04989
127367 0.04975
127391 0.04973
127511 0.0504
127535 0.04991
127559 0.04989
127655 0.04999
127751 0.05033
127775 0.04848
127823 0.0504
127847 0.05021
127919 0.05008
127943 0.05031
127991 0.04881
128039 0.04998
128087 0.04906
128135 0.05049
128207 0.0505
128231 0.05028
128255 0.04906
128375 0.05037
128423 0.04968
128495 0.05027
128543 0.04399
128567 0.05018
128639 0.05016
128687 0.04992
128759 0.04955
128783 0.04941
128927 0.04842
128975 0.0499
129071 0.04985
129167 0.04975
129191 0.04909
129215 0.04968
129239 0.05001
129311 0.04749
129359 0.05012
129383 0.04895
129407 0.04953
129431 0.04955
129455 0.05021
129479 0.05024
129503 0.05026
129551 0.04942
129575 0.04944
129599 0.04879
129623 0.04937
129743 0.05049
129767 0.04909
129791 0.04864
129815 0.04922
129839 0.05045
129983 0.0491
130007 0.04911
130055 0.04908
130103 0.05025
130175 0.04879
130247 0.04893
130271 0.04871
130295 0.0501
130391 0.04879
130463 0.0475
130559 0.04584
130583 0.04988
130607 0.04863
130727 0.04854
130751 0.04886
130775 0.04973
130799 0.04852
130823 0.04847
130847 0.04895
130895 0.04845
130919 0.04962
130943 0.04961
130967 0.04906
131039 0.04828
131087 0.04832
131159 0.04825
131207 0.04929
131279 0.04935
131327 0.0481
131399 0.04838
131471 0.04868
131495 0.04919
131567 0.04795
131615 0.04967
131663 0.04906
131831 0.04894
131975 0.04883
131999 0.04894
132023 0.05005
132095 0.05012
132143 0.04827
132191 0.04912
132215 0.05023
132239 0.04741
132311 0.04947
132335 0.04857
132359 0.04952
132431 0.05043
132455 0.05046
132479 0.04858
132503 0.04941
132551 0.04841
132575 0.04772
132599 0.04974
132719 0.04985
132767 0.04271
132791 0.0503
132815 0.04822
132839 0.04698
132935 0.05005
132959 0.05007
132983 0.04905
133031 0.05014
133055 0.04816
133079 0.04994
133127 0.05023
133151 0.04921
133175 0.05003
133223 0.04997
133295 0.05039
133343 0.05019
133487 0.04977
133535 0.04974
133607 0.0465
133679 0.05032
133703 0.04584
133751 0.04976
133775 0.05044
133799 0.04885
133823 0.05041
133871 0.05037
133895 0.04373
133991 0.05028
134015 0.04622
134063 0.04935
134111 0.04815
134135 0.05017
134159 0.04918
134231 0.04991
134255 0.05023
134279 0.05007
134351 0.05032
134375 0.05
134423 0.04125
134447 0.04975
134495 0.04991
134519 0.04853
134543 0.04567
134615 0.05047
134663 0.05043
134711 0.04975
134831 0.0498
134855 0.05029
134879 0.04984
134903 0.04874
134927 0.04989
134975 0.0502
135095 0.05011
135143 0.04943
135239 0.05017
135263 0.04999
135287 0.04532
135359 0.04927
135383 0.04925
135407 0.04904
135503 0.04981
135527 0.04945
135575 0.04949
135695 0.04967
135791 0.04969
135815 0.04958
135839 0.05034
135863 0.04955
135935 0.04982
135959 0.04948
135983 0.04882
136007 0.05021
136079 0.05016
136127 0.04853
136151 0.05001
136175 0.04828
136271 0.05012
136367 0.05021
136391 0.04993
136439 0.05028
136583 0.04903
136655 0.04871
136679 0.05049
136703 0.04551
136775 0.04652
136799 0.05043
136847 0.04659
136895 0.04956
136919 0.04895
136967 0.04728
137015 0.05028
137063 0.04721
137111 0.04912
137159 0.04937
137207 0.05014
137231 0.04923
137327 0.04932
137375 0.04846
137471 0.04758
137495 0.04993
137543 0.04772
137591 0.04906
137615 0.04984
137663 0.04826
137711 0.04966
137735 0.04896
137783 0.04374
137855 0.04888
137903 0.04309
137975 0.04742
138023 0.04801
138047 0.04953
138095 0.05001
138119 0.05003
138167 0.04776
138263 0.04449
138335 0.04932
138359 0.05024
138383 0.04631
138503 0.04768
138527 0.04686
138575 0.05043
138623 0.04264
138719 0.05047
138767 0.0483
138791 0.049
138911 0.04824
138935 0.04812
139031 0.04805
139055 0.0465
139103 0.04284
139151 0.04864
139175 0.04795
139271 0.05007
139295 0.05005
139319 0.04879
139463 0.04702
139535 0.04988
139583 0.04633
139655 0.04908
139679 0.04892
139751 0.04747
139775 0.04971
139799 0.04921
139895 0.04823
139919 0.0496
140015 0.0494
140039 0.04772
140087 0.04733
140279 0.04963
140303 0.04646
140375 0.0479
140399 0.04955
140447 0.04978
140519 0.0478
140543 0.04616
140567 0.04989
140687 0.0498
140711 0.05001
140735 0.05004
140783 0.04614
140807 0.0501
140855 0.05014
140927 0.05001
140951 0.04888
140975 0.05025
140999 0.046
141047 0.0466
141191 0.05025
141335 0.05037
141431 0.05046
141455 0.04853
141503 0.04711
141575 0.04845
141599 0.04843
141647 0.04913
141695 0.04728
141791 0.05014
141815 0.04928
141839 0.05026
141887 0.05007
141983 0.04668
142103 0.04763
142127 0.05006
142175 0.05003
142199 0.04986
142247 0.04982
142295 0.04979
142343 0.04619
142367 0.04989
142415 0.04986
142439 0.04982
142487 0.04986
142511 0.04979
142535 0.04977
142631 0.04971
142655 0.04969
142679 0.04636
142775 0.04961
142919 0.04935
142943 0.04824
142967 0.05028
143207 0.04916
143231 0.0505
143303 0.04782
143399 0.04723
143423 0.04792
143447 0.05036
143471 0.05034
143495 0.05033
143591 0.05026
143639 0.04886
143663 0.04897
143735 0.05016
143759 0.04893
143783 0.04897
143903 0.04724
143927 0.05003
143951 0.0488
143975 0.04999
144047 0.04733
144095 0.04991
144119 0.04989
144143 0.04744
144239 0.04981
144263 0.04938
144287 0.04978
144359 0.04957
144431 0.04968
144455 0.04966
144527 0.0496
144551 0.04973
144575 0.04964
144623 0.04968
144647 0.04897
144695 0.04986
144743 0.04979
144815 0.04996
144911 0.04993
144935 0.05006
145055 0.04932
145079 0.04923
145103 0.04936
145127 0.04801
145151 0.05025
145175 0.04917
145199 0.05029
145247 0.04948
145319 0.05039
145343 0.05041
145367 0.05032
145415 0.05036
145439 0.04884
145535 0.05046
145559 0.04891
145583 0.0505
145607 0.04888
145631 0.049
145727 0.05042
145751 0.0504
145775 0.04993
145847 0.04999
145871 0.05001
145919 0.04924
146015 0.05022
146039 0.04934
146087 0.05017
146135 0.05013
146207 0.05029
146231 0.05031
146303 0.04993
146327 0.04723
146351 0.04838
146375 0.04997
146471 0.0499
146495 0.05049
146567 0.05044
146615 0.0504
146663 0.04932
146687 0.05036
146831 0.04957
146855 0.05024
146879 0.04932
146903 0.04961
146927 0.05019
146951 0.05017
146975 0.05013
147023 0.05017
147071 0.05021
147095 0.05023
147143 0.05028
147167 0.05
147239 0.05003
147287 0.0501
147359 0.05013
147431 0.05019
147455 0.05049
147479 0.05047
147575 0.05035
147599 0.05033
147695 0.05041
147767 0.04962
147791 0.05026
147815 0.05029
147839 0.05031
147887 0.04954
147911 0.05018
147959 0.05023
147983 0.05036
148007 0.05038
148031 0.05036
148103 0.05028
148127 0.0503
148175 0.05044
148271 0.05049
148295 0.05051
148319 0.0499
148391 0.05044
148463 0.05039
148487 0.05002
148511 0.05004
148535 0.05002
148559 0.05033
148607 0.04997
148631 0.04996
148655 0.05012
148679 0.05025
148703 0.05023
148775 0.05018
148799 0.05017
148823 0.04834
148847 0.04978
148871 0.05012
148895 0.0501
148919 0.05009
148967 0.04973
149039 0.04942
149063 0.04999
149135 0.04994
149231 0.04988
149303 0.04968
149327 0.04874
149375 0.04878
149447 0.04884
149471 0.04937
149495 0.04938
149615 0.04898
149687 0.04925
149783 0.04916
149831 0.04933
149855 0.04911
149879 0.04913
149927 0.0482
149951 0.0494
149975 0.04906
149999 0.04905
150023 0.04932
150047 0.04934
150071 0.04932
150095 0.04938
150167 0.0482
150191 0.0491
150215 0.04948
150311 0.04955
150335 0.04857
150479 0.0493
150575 0.04938
150599 0.04866
150719 0.0495
150815 0.04997
150839 0.04825
150863 0.0488
150887 0.05003
150911 0.04966
151103 0.0502
151127 0.04832
151151 0.04985
151175 0.05026
151199 0.04989
151271 0.05034
151367 0.05003
151415 0.04831
151439 0.05009
151463 0.04926
151487 0.04928
151511 0.05049
151559 0.04836
151583 0.048
151655 0.04942
151727 0.04948
151751 0.04809
151775 0.05036
151823 0.05028
151895 0.05023
151919 0.04813
151943 0.04965
152207 0.04809
152255 0.05031
152279 0.0503
152327 0.05026
152351 0.04998
152375 0.05023
152399 0.04855
152447 0.04749
152471 0.04861
152495 0.05015
152543 0.05014
152615 0.04976
152663 0.05024
152687 0.04971
152711 0.04849
152735 0.05029
152807 0.04843
152831 0.05037
152855 0.05039
152903 0.05043
152927 0.04699
152951 0.05047
152975 0.04857
152999 0.04982
153023 0.04906
153047 0.04876
153143 0.05042
153239 0.04892
153335 0.04961
153431 0.04893
153455 0.05021
153527 0.05016
153551 0.04948
153575 0.05013
153599 0.04766
153647 0.04909
153671 0.05007
153695 0.04906
153863 0.04973
153935 0.04922
153983 0.04987
154007 0.04514
154031 0.0489
154103 0.04735
154151 0.04996
154175 0.04998
154199 0.04743
154367 0.04982
154391 0.04984
154415 0.05017
154463 0.05021
154535 0.05027
154559 0.04657
154583 0.05031
154607 0.0466
154631 0.05003
154679 0.05039
154703 0.04608
154775 0.05001
154847 0.05007
154895 0.05025
154919 0.05045
154967 0.0503
155015 0.05034
155039 0.04881
155063 0.05036
155135 0.05044
155183 0.04813
155279 0.05047
155375 0.05049
155471 0.05046
155495 0.05008
155519 0.05007
155543 0.05005
155687 0.05032
155711 0.05031
155759 0.05016
155855 0.05022
155879 0.04948
155927 0.04938
155951 0.05015
155999 0.04976
156047 0.0505
156191 0.05042
156215 0.05041
156239 0.04986
156263 0.04906
156287 0.0498
156311 0.05034
156407 0.04786
156455 0.04993
156479 0.04923
156527 0.04985
156551 0.04987
156575 0.04816
156599 0.04963
156647 0.0496
156743 0.04965
156767 0.05018
156791 0.0502
156815 0.05022
156911 0.05015
156959 0.04961
157055 0.04987
157079 0.04855
157151 0.04939
157175 0.04978
157199 0.0498
157295 0.05044
157319 0.05043
157343 0.04991
157415 0.05048
157439 0.04999
157463 0.04493
157487 0.04918
157511 0.04958
157535 0.04915
157583 0.04953
157607 0.05024
157631 0.04506
157703 0.05029
157727 0.05016
157775 0.05025
157847 0.04937
157871 0.04901
157895 0.04934
157919 0.04855
157943 0.04931
157967 0.04888
158039 0.04997
158063 0.04639
158087 0.05005
158111 0.0505
158159 0.0494
158183 0.05046
158207 0.04986
158255 0.04947
158327 0.04979
158375 0.0494
158399 0.04974
158447 0.049
158471 0.04969
158543 0.05023
158687 0.04885
158711 0.05012
158735 0.04968
158783 0.0469
158903 0.05
158975 0.04996
158999 0.05005
159095 0.04808
159215 0.04934
159239 0.04922
159335 0.04927
159359 0.05033
159479 0.05026
159527 0.05046
159551 0.04832
159575 0.05033
159599 0.04754
159695 0.04842
159743 0.04948
159767 0.05048
159887 0.05032
159959 0.05041
159983 0.04933
160055 0.04882
160103 0.04799
160175 0.05014
160223 0.04804
160247 0.05023
160391 0.05014
160487 0.04903
160535 0.04991
160631 0.04985
160655 0.04998
160679 0.04996
160703 0.04889
160775 0.04846
160799 0.04975
160847 0.04972
160895 0.04877
160991 0.04826
161063 0.04868
161111 0.04956
161135 0.04874
161207 0.04958
161231 0.04962
161279 0.04964
161327 0.04956
161351 0.04969
161375 0.0494
161423 0.048
161447 0.04977
161663 0.04914
161711 0.04919
161759 0.04825
161927 0.04934
161951 0.05015
161975 0.04938
162047 0.04899
162071 0.04911
162095 0.05026
162167 0.04905
162191 0.05034
162239 0.04759
162431 0.04803
162479 0.04886
162503 0.0488
162551 0.04655
162575 0.04983
162599 0.04879
162647 0.04891
162719 0.05032
162743 0.04898
162863 0.04868
162911 0.05021
162959 0.04857
162983 0.05014
163103 0.04853
163175 0.04859
163271 0.04998
163295 0.05038
163319 0.04902
163391 0.04947
163415 0.05047
163439 0.04988
163463 0.04532
163511 0.05048
163607 0.05042
163631 0.05041
163655 0.05039
163703 0.05036
163751 0.0481
163775 0.04968
163799 0.04294
163823 0.04908
163967 0.0499
164063 0.04998
164087 0.05013
164111 0.05011
164135 0.05003
164159 0.04904
164207 0.05008
164255 0.04973
164303 0.04976
164327 0.05017
164375 0.05021
164399 0.0493
164495 0.04991
164519 0.04993
164591 0.04966
164615 0.05
164639 0.05002
164735 0.05048
164783 0.04971
164807 0.05049
164879 0.04987
164951 0.04993
165023 0.0503
165071 0.05033
165095 0.05036
165119 0.05038
165191 0.05043
165215 0.05024
165239 0.04711
165335 0.05021
165359 0.05047
165407 0.0487
165503 0.05038
165575 0.0501
165599 0.05041
165623 0.05031
165647 0.05015
165695 0.04995
165743 0.0505
165767 0.04991
165791 0.05047
165815 0.05028
165839 0.04933
165863 0.05043
165911 0.0504
165935 0.04953
165959 0.05039
166007 0.05042
166103 0.04965
166127 0.05051
166175 0.05048
166199 0.04972
166223 0.05021
166295 0.05017
166343 0.04878
166367 0.04972
166391 0.04878
166415 0.0501
166439 0.05032
166463 0.04871
166511 0.05028
166535 0.05002
166559 0.04975
166583 0.05001
166727 0.04999
166751 0.05013
166775 0.04962
166895 0.05024
166991 0.05018
167207 0.05034
167231 0.05036
167255 0.05051
167279 0.04762
167303 0.04931
167327 0.04947
167351 0.05045
167375 0.05044
167399 0.04952
167447 0.04972
167495 0.04888
167519 0.04961
167591 0.04963
167615 0.04968
167639 0.05028
167783 0.05019
167831 0.04949
167855 0.05015
167927 0.04991
167975 0.0494
168119 0.04932
168167 0.05007
168191 0.05011
168215 0.04994
168239 0.04925
168287 0.04459
168311 0.04998
168335 0.0487
168383 0.04984
168407 0.04759
168431 0.04981
168455 0.0503
168479 0.04988
168551 0.04984
168575 0.04983
168623 0.0497
168647 0.04978
168671 0.05046
168767 0.04913
168815 0.04969
168911 0.04886
168935 0.04926
168983 0.04948
169031 0.05034
169127 0.0494
169175 0.04947
169223 0.04862
169247 0.05021
169271 0.05019
169295 0.05018
169367 0.05014
169391 0.04935
169415 0.05011
169463 0.0492
169487 0.04698
169511 0.04968
169535 0.05004
169631 0.04921
169679 0.04995
169703 0.04817
169775 0.04918
169799 0.04988
169847 0.04801
169871 0.04831
169895 0.04983
170015 0.04976
170039 0.04937
170087 0.05009
170135 0.04822
170159 0.0493
170183 0.04947
170255 0.05022
170375 0.04945
170399 0.04877
170495 0.05039
170519 0.04746
170543 0.04858
170567 0.04718
170591 0.05046
170639 0.04939
170783 0.04991
170831 0.04994
170879 0.04998
170903 0.04984
170975 0.04989
170999 0.05006
171095 0.04837
171143 0.05017
171191 0.04898
171215 0.04906
171239 0.05008
171287 0.05014
171359 0.04898
171407 0.05007
171455 0.04782
171503 0.05027
171527 0.04888
171575 0.04885
171599 0.0505
171647 0.04796
171695 0.05046
171743 0.0472
171767 0.0494
171791 0.04985
171839 0.04727
171911 0.04885
171935 0.05045
171959 0.04954
171983 0.05042
172007 0.04757
172055 0.05038
172103 0.04771
172175 0.04962
172247 0.04839
172295 0.04913
172319 0.05023
172391 0.0492
172463 0.05014
172487 0.04566
172511 0.04763
172535 0.04995
172559 0.04996
172631 0.05002
172655 0.0499
172679 0.05002
172727 0.04746
172775 0.04996
172799 0.05014
172823 0.04993
172847 0.04881
172895 0.04977
172919 0.04988
172943 0.04974
172967 0.04917
172991 0.04916
173111 0.04964
173135 0.05038
173159 0.0504
173231 0.0497
173279 0.05048
173351 0.04853
173375 0.0499
173399 0.05046
173423 0.0484
173447 0.0489
173471 0.04926
173495 0.05041
173519 0.04953
173567 0.04838
173591 0.05035
173639 0.05032
173711 0.0459
173759 0.05017
173855 0.04953
173879 0.05018
173903 0.05027
173927 0.04958
173951 0.04753
173975 0.04915
174023 0.04882
174119 0.04919
174167 0.04741
174191 0.04977
174239 0.05051
174359 0.04925
174455 0.04996
174479 0.04707
174503 0.05035
174551 0.05033
174575 0.04978
174623 0.04891
174719 0.0495
174743 0.04628
174791 0.0502
174887 0.05026
174935 0.0503
174983 0.0495
175007 0.04803
175031 0.04856
175127 0.04947
175175 0.0486
175247 0.04761
175319 0.04936
175367 0.04783
175439 0.05001
175559 0.05009
175607 0.0503
175775 0.04963
175823 0.0496
175871 0.04822
175895 0.05033
175943 0.04953
175967 0.05009
176039 0.05025
176231 0.05026
176279 0.05042
176351 0.05034
176375 0.05036
176399 0.04928
176423 0.04926
176447 0.04982
176471 0.05033
176495 0.05031
176519 0.0485
176543 0.04976
176687 0.0502
176735 0.05043
176855 0.05036
176879 0.0501
176975 0.05019
176999 0.05003
177023 0.05016
177071 0.05023
177119 0.05021
177215 0.04664
177263 0.04839
177287 0.05011
177311 0.04985
177335 0.04932
177359 0.04982
177503 0.04989
177527 0.04973
177575 0.04863
177599 0.04994
177671 0.0498
177695 0.04988
177719 0.04987
177767 0.04984
177911 0.04946
177935 0.04975
177959 0.04949
178007 0.04719
178031 0.04945
178055 0.04837
178175 0.04952
178319 0.04912
178343 0.04821
178367 0.04951
178415 0.04981
178463 0.04803
178511 0.04988
178535 0.04932
178583 0.04863
178607 0.04937
178631 0.04996
178679 0.05
178703 0.04857
178727 0.04577
178751 0.05005
178775 0.04943
178823 0.04916
178895 0.04922
178943 0.04822
179063 0.04903
179087 0.04887
179135 0.04968
179159 0.05033
179183 0.04972
179231 0.04918
179279 0.05041
179375 0.04928
179399 0.04884
179447 0.04933
179543 0.04876
179567 0.04885
179735 0.04891
179783 0.05013
179879 0.04901
179927 0.05023
179975 0.04907
180047 0.05016
180095 0.04915
180119 0.04979
180143 0.05038
180215 0.04986
180359 0.04832
180407 0.04884
180431 0.05046
180455 0.05002
180527 0.04892
180671 0.05032
180719 0.0502
180743 0.0496
180839 0.04952
180911 0.04957
181007 0.0504
181055 0.0496
181079 0.04968
181151 0.0505
181175 0.05004
181295 0.04997
181319 0.04781
181367 0.04765
181415 0.05037
181463 0.04689
181487 0.04937
181559 0.04983
181583 0.04704
181631 0.05025
181655 0.05024
181703 0.04975
181799 0.0492
181823 0.0498
181847 0.05013
181895 0.05038
181991 0.0496
182015 0.05032
182039 0.05033
182063 0.05035
182135 0.05048
182183 0.05045
182207 0.04948
182231 0.04946
182327 0.05014
182375 0.05018
182399 0.05033
182495 0.04978
182543 0.0497
182591 0.05035
182735 0.05027
182759 0.05026
182783 0.05045
182807 0.04988
182831 0.05049
182879 0.0499
182903 0.05049
182975 0.04952
183143 0.04993
183287 0.05018
183311 0.05022
183335 0.05025
183359 0.04931
183407 0.05026
183431 0.0503
183551 0.05038
183575 0.0504
183599 0.05039
183647 0.04998
183671 0.04941
183719 0.04973
183767 0.05006
183815 0.05047
183839 0.05048
183911 0.05041
183983 0.04959
184055 0.05034
184103 0.04786
184175 0.05027
184223 0.04977
184295 0.05042
184319 0.04941
184343 0.05018
184367 0.05019
184415 0.05016
184439 0.05051
184535 0.0501
184679 0.05009
184775 0.05032
184799 0.04995
184847 0.04991
184871 0.05027
184943 0.04985
184991 0.05021
185039 0.05033
185111 0.05038
185135 0.05013
185207 0.05044
185255 0.05048
185279 0.0502
185399 0.04731
185447 0.05031
185471 0.05042
185495 0.05034
185639 0.05033
185663 0.04947
185735 0.04981
185759 0.04944
185783 0.04978
185879 0.05044
185975 0.05015
185999 0.04852
186047 0.05034
186095 0.04999
186167 0.05028
186263 0.0493
186287 0.05022
186335 0.05015
186359 0.04773
186383 0.04832
186407 0.04992
186455 0.05012
186503 0.05026
186623 0.04896
186719 0.04893
186839 0.05049
186863 0.04796
186887 0.04971
186935 0.04963
186983 0.04802
187007 0.04979
187055 0.05041
187079 0.0504
187151 0.04989
187175 0.0499
187199 0.04973
187247 0.04995
187271 0.0503
187487 0.05011
187511 0.05012
187679 0.04878
187727 0.05027
187919 0.04912
187967 0.05042
187991 0.05044
188015 0.0499
188039 0.04905
188087 0.04976
188111 0.0505
188135 0.05049
188183 0.04815
188231 0.04979
188279 0.04976
188327 0.04921
188375 0.04995
188399 0.04926
188423 0.05034
188471 0.05031
188591 0.05009
188615 0.05023
188639 0.0491
188759 0.0502
188783 0.04949
188807 0.04952
188855 0.04946
188903 0.05008
188975 0.04963
189071 0.04938
189143 0.04995
189167 0.04976
189191 0.05048
189263 0.04797
189287 0.05048
189335 0.04987
189359 0.04988
189383 0.04866
189431 0.04962
189455 0.05039
189527 0.05035
189575 0.05033
189647 0.05029
189695 0.0501
189719 0.05025
189863 0.04897
189911 0.05024
189959 0.04996
190079 0.05006
190103 0.05006
190127 0.05038
190175 0.05042
190199 0.05
190295 0.04864
190319 0.05051
190343 0.04979
190439 0.05028
190463 0.04987
190511 0.05032
190535 0.04991
190559 0.04881
190655 0.04853
190679 0.05043
190727 0.04768
190775 0.05007
190799 0.05026
190847 0.05023
190943 0.05043
191015 0.0504
191135 0.05033
191183 0.04983
191207 0.04984
191255 0.05038
191327 0.0495
191375 0.05046
191471 0.0505
191567 0.04985
191639 0.04951
191663 0.0504
191759 0.04959
191927 0.05031
191951 0.04991
191975 0.04786
192095 0.05042
192119 0.04982
192167 0.05004
192215 0.05007
192311 0.05006
192359 0.05004
192455 0.0504
192503 0.04737
192551 0.04994
192575 0.04914
192623 0.05031
192647 0.04815
192671 0.04934
192719 0.04985
192839 0.04979
192911 0.05016
192935 0.04951
192983 0.05046
193007 0.04855
193079 0.04932
193103 0.0504
193151 0.05048
193175 0.04966
193223 0.05034
193295 0.0496
193343 0.05027
193415 0.05024
193487 0.0502
193631 0.05013
193655 0.05027
193775 0.05005
193895 0.04999
193919 0.05013
193967 0.04995
193991 0.05018
194039 0.05021
194063 0.05006
194111 0.05026
194183 0.05
194231 0.05033
194279 0.05023
194303 0.05038
194327 0.04943
194351 0.05027
194375 0.05043
194399 0.05044
194423 0.05032
194447 0.04971
194519 0.0505
194639 0.05046
194711 0.04883
194735 0.04972
194759 0.05049
194879 0.04875
194903 0.05042
194951 0.04945
194975 0.05038
194999 0.05025
195119 0.05031
195287 0.04928
195383 0.0489
195455 0.05013
195575 0.05011
195623 0.04993
195839 0.05028
195911 0.0499
195935 0.05034
195983 0.04975
196055 0.05041
196103 0.04987
196127 0.04756
196151 0.04968
196199 0.04975
196223 0.04994
196295 0.04999
196319 0.04958
196343 0.05002
196415 0.0504
196487 0.04989
196559 0.05033
196607 0.04829
196631 0.04998
196655 0.05
196775 0.05029
196823 0.0491
196847 0.05018
196943 0.04861
197015 0.05044
197039 0.04923
197087 0.05027
197111 0.05028
197135 0.04851
197183 0.04932
197327 0.04994
197351 0.05039
197375 0.04944
197399 0.04904
197447 0.04751
197471 0.05051
197519 0.05031
197543 0.05047
197591 0.05027
197615 0.05044
197639 0.04961
197663 0.04902
197687 0.04716
197735 0.04887
197783 0.05035
197855 0.04974
197903 0.04879
197999 0.05006
198119 0.04954
198167 0.05016
198191 0.05014
198215 0.05013
198239 0.04679
198263 0.05011
198287 0.05009
198311 0.05003
198359 0.05006
198383 0.04913
198431 0.0501
198455 0.04814
198551 0.04858
198575 0.04931
198743 0.04838
198767 0.04922
198791 0.04966
198815 0.04983
198911 0.0504
198935 0.04947
198983 0.04974
199007 0.0491
199055 0.05049
199079 0.05051
199199 0.04964
199271 0.04968
199295 0.04959
199319 0.04867
199367 0.04955
199439 0.04979
199511 0.04983
199535 0.04985
199607 0.04835
199655 0.04924
199703 0.0502
199775 0.04935
199847 0.04932
199919 0.05009
199943 0.0501
200015 0.05014
200039 0.04595
200111 0.04876
200207 0.04922
200255 0.05029
200279 0.04991
200303 0.04892
200327 0.04879
200375 0.04986
200399 0.04769
200447 0.04937
200567 0.04904
200663 0.04972
200687 0.04951
200735 0.04968
200831 0.0504
200855 0.04962
200951 0.04968
200975 0.04929
200999 0.05031
201023 0.0503
201047 0.04934
201143 0.04929
201215 0.05021
201239 0.04946
201335 0.04941
201407 0.04945
201431 0.0501
201455 0.0483
201479 0.05
201503 0.05006
201527 0.05003
201575 0.05003
201887 0.04985
201959 0.0503
202007 0.05032
202055 0.05035
202103 0.04988
202175 0.04973
202199 0.05044
202223 0.04995
202247 0.04849
202271 0.04893
202319 0.05012
202391 0.05016
202439 0.05045
202463 0.0501
202487 0.05042
202559 0.05026
202583 0.05017
202607 0.05019
202703 0.04947
202775 0.04869
202847 0.05044
202871 0.05045
202895 0.05036
202919 0.04579
202943 0.05039
202991 0.04894
203015 0.05048
203087 0.05045
203111 0.05049
203255 0.04848
203375 0.05031
203399 0.05029
203519 0.05023
203543 0.04957
203639 0.05018
203711 0.05014
203735 0.05021
203759 0.04941
203975 0.0501
204191 0.04999
204239 0.0497
204263 0.05
204287 0.04994
204383 0.05008
204479 0.04788
204527 0.04988
204575 0.05019
204647 0.05024
204671 0.04954
204743 0.04972
204767 0.04846
204815 0.05034
204863 0.04945
204911 0.05011
204935 0.04954
204959 0.05014
205343 0.04995
205367 0.05038
205415 0.04978
205511 0.05031
205631 0.05048
205727 0.04997
205751 0.04905
205775 0.05041
205799 0.04799
205871 0.05037
205919 0.0503
205943 0.04914
206063 0.04836
206087 0.05026
206111 0.0502
206159 0.05044
206231 0.05048
206255 0.0505
206423 0.05039
206471 0.05041
206567 0.04979
206615 0.04977
206663 0.05049
206711 0.04996
206735 0.05029
206831 0.0499
206855 0.05023
206903 0.04963
206927 0.05036
206975 0.04983
207023 0.04958
207047 0.0503
207071 0.05012
207095 0.05011
207119 0.04754
207143 0.04858
207167 0.04974
207263 0.0502
207359 0.04998
207383 0.05014
207407 0.05013
207503 0.05008
207527 0.05011
207599 0.04874
207647 0.04951
207767 0.04945
207791 0.05027
207815 0.05028
207839 0.04888
207887 0.04945
207911 0.05034
207935 0.04988
207959 0.04744
207983 0.04785
208007 0.04984
208127 0.05047
208151 0.05048
208175 0.04959
208199 0.04925
208247 0.05048
208343 0.04972
208415 0.0504
208439 0.04947
208535 0.0493
208559 0.04941
208583 0.04957
208607 0.05031
208655 0.04903
208679 0.04778
208727 0.05025
208751 0.04949
208823 0.0478
208847 0.04948
208895 0.04859
208919 0.04924
208943 0.05008
208967 0.05009
209087 0.05016
209135 0.05019
209207 0.05023
209231 0.05025
209303 0.04923
209351 0.04866
209375 0.04994
209399 0.04889
209423 0.05036
209591 0.04992
209615 0.05047
209663 0.04884
209711 0.04999
209783 0.04968
209855 0.04847
209879 0.04846
209951 0.04876
209975 0.04979
209999 0.04924
210023 0.05034
210047 0.05033
210239 0.04862
210287 0.04951
210383 0.05003
210455 0.05014
210479 0.04942
210575 0.04958
210743 0.05024
210815 0.0504
210863 0.05031
210983 0.04989
211031 0.05041
211055 0.04986
211079 0.04927
211103 0.05045
211295 0.05047
211391 0.05006
211463 0.0499
211487 0.05037
211511 0.04894
211679 0.05023
211703 0.05027
211751 0.05025
211799 0.0503
211823 0.05031
211847 0.04972
211919 0.04888
211967 0.04986
212111 0.05048
212135 0.05007
212159 0.05051
212231 0.05048
212303 0.05039
212375 0.05003
212471 0.05049
212519 0.04848
212543 0.05049
212567 0.04901
212591 0.05015
212615 0.04955
212639 0.04954
212735 0.05024
212759 0.05023
212783 0.04905
212831 0.05019
212879 0.04943
212927 0.05035
212951 0.0503
213071 0.0493
213095 0.04962
213167 0.04958
213239 0.0505
213311 0.05046
213431 0.0504
213455 0.04952
213503 0.04988
213575 0.04984
213671 0.04996
213743 0.04977
213767 0.05025
213839 0.04899
214055 0.05011
214079 0.05013
214103 0.04708
214127 0.04991
214175 0.05019
214199 0.05004
214223 0.04899
214271 0.05024
214319 0.05002
214343 0.04965
214367 0.04997
214415 0.05008
214487 0.05012
214535 0.0494
214583 0.04893
214655 0.05046
214679 0.04896
214703 0.04948
214751 0.0493
214799 0.04855
214847 0.05032
214871 0.04937
214919 0.05042
215135 0.05049
215159 0.0505
215231 0.0498
215303 0.04965
215375 0.04918
215423 0.04968
215519 0.05035
215543 0.04945
215591 0.0494
215615 0.05002
215639 0.05029
215711 0.05006
215783 0.04989
215807 0.05021
215831 0.05
215855 0.05015
215903 0.04738
215999 0.05024
216095 0.05044
216143 0.04861
216215 0.05014
216239 0.05037
216287 0.05028
216311 0.04871
216359 0.05044
216383 0.05023
216407 0.0484
216527 0.05049
216575 0.05034
216599 0.04964
216767 0.04977
217007 0.05045
217031 0.05044
217079 0.05023
217127 0.05039
217175 0.04938
217247 0.05015
217343 0.04829
217391 0.05051
217415 0.0505
217487 0.05004
217535 0.05012
217607 0.05017
217631 0.05016
217703 0.05012
217871 0.04923
217967 0.04922
218159 0.04983
218207 0.04989
218327 0.04934
218375 0.04951
218399 0.04963
218495 0.05
218615 0.04971
218687 0.04959
218759 0.04887
218855 0.04964
218879 0.04941
218903 0.05018
218927 0.04983
218951 0.0504
218975 0.05038
218999 0.05037
219047 0.05026
219095 0.04992
219167 0.05033
219191 0.04968
219215 0.05036
219239 0.04986
219263 0.05002
219287 0.04863
219383 0.05045
219551 0.05003
219575 0.05019
219671 0.0501
219719 0.05013
220007 0.05044
220031 0.04931
220055 0.05046
220079 0.04948
220127 0.04977
220175 0.04917
220199 0.0504
220223 0.05017
220271 0.04973
220463 0.04996
220487 0.0497
220607 0.04941
220679 0.04981
220703 0.05025
220751 0.04949
220775 0.05013
220823 0.04954
220847 0.05031
220871 0.05019
220943 0.05014
220991 0.05013
221039 0.05022
221063 0.05009
221183 0.04974
221231 0.05012
221255 0.05028
221279 0.04868
221375 0.05007
221495 0.0499
221519 0.05
221591 0.04997
221615 0.05043
221687 0.05038
221735 0.05048
221759 0.05005
221783 0.05046
221879 0.05048
221927 0.05051
221975 0.05027
222119 0.04807
222143 0.04916
222167 0.05028
222191 0.04918
222239 0.05037
222335 0.05021
222359 0.05031
222407 0.05041
222431 0.05028
222575 0.05051
222671 0.05047
222695 0.05016
222743 0.04992
222767 0.04933
222887 0.05037
222911 0.04995
222983 0.0495
223031 0.04965
223055 0.0503
223079 0.05028
223127 0.04985
223175 0.05024
223199 0.05023
223295 0.04901
223343 0.04982
223391 0.04985
223535 0.04967
223559 0.05007
223583 0.04965
223607 0.04975
223631 0.05004
223655 0.04973
223727 0.04982
223799 0.04996
223847 0.04977
223871 0.04976
223967 0.04948
224015 0.05007
224039 0.04999
224087 0.04983
224135 0.0499
224159 0.05027
224183 0.05029
224207 0.05008
224231 0.04998
224471 0.05045
224519 0.05047
224543 0.05013
224567 0.04971
224639 0.05042
224687 0.05035
224735 0.05044
224807 0.0503
224879 0.05045
224903 0.04918
224927 0.04946
224975 0.04993
224999 0.0504
225071 0.05044
225095 0.05043
225191 0.05024
225215 0.05023
225239 0.05032
225311 0.05028
225359 0.05034
225407 0.05032
225575 0.05036
225719 0.05028
225815 0.05025
225887 0.0502
226055 0.04946
226127 0.05046
226151 0.04991
226175 0.05044
226223 0.04986
226319 0.04974
226439 0.05047
226607 0.05046
226655 0.05014
226679 0.05043
226751 0.05015
226775 0.05016
226847 0.05024
226895 0.05027
226919 0.04977
226967 0.05031
227039 0.04971
227255 0.05011
227327 0.05015
227351 0.05013
227375 0.05012
227423 0.05047
227447 0.05022
227495 0.05024
227543 0.05042
227591 0.05043
227711 0.05038
227735 0.04997
227807 0.0503
227855 0.05032
227879 0.05031
227903 0.05046
227999 0.05002
228047 0.05019
228071 0.05022
228095 0.05021
228119 0.0502
228143 0.05019
228167 0.05043
228191 0.05042
228215 0.04955
228287 0.05018
228407 0.05032
228551 0.05026
228575 0.04996
228623 0.05003
228695 0.0504
228719 0.04899
228743 0.05009
228767 0.04885
228791 0.04991
228839 0.05048
228863 0.05016
229007 0.05024
229055 0.05044
229079 0.04978
229103 0.05002
229175 0.05039
229271 0.05038
229295 0.05039
229319 0.04928
229391 0.05044
229415 0.04924
229439 0.05027
229463 0.04986
229511 0.05051
229535 0.0505
229655 0.04949
229679 0.048
229775 0.05039
229823 0.04946
229943 0.05032
230039 0.04897
230087 0.05026
230111 0.04958
230183 0.04959
230207 0.05021
230351 0.04968
230375 0.04987
230399 0.04827
230423 0.04945
230519 0.0498
230543 0.04978
230591 0.05004
230615 0.04982
230759 0.04812
230879 0.04965
230927 0.04989
231023 0.04923
231071 0.04983
231119 0.04955
231191 0.04932
231263 0.05016
231311 0.04907
231335 0.04939
231383 0.0497
231407 0.05024
231455 0.05027
231527 0.0503
231623 0.05036
231647 0.04933
231767 0.04953
231863 0.04951
231911 0.05051
231959 0.04922
231983 0.04944
232031 0.05046
232151 0.04937
232175 0.05039
232199 0.04935
232247 0.05036
232271 0.05035
232319 0.04801
232343 0.0497
232415 0.04981
232463 0.04999
232559 0.04988
232631 0.04992
232655 0.04918
232703 0.05017
232775 0.05014
232799 0.04728
232895 0.04972
232967 0.04934
232991 0.05004
233015 0.05029
233039 0.05014
233063 0.05001
233135 0.05035
233255 0.05025
233351 0.05023
233375 0.05048
233399 0.05033
233447 0.04985
233495 0.04816
233519 0.04847
233543 0.05046
233711 0.05049
233783 0.05049
233807 0.05048
233927 0.0503
233951 0.05029
233999 0.04833
234023 0.05039
234071 0.05037
234119 0.05036
234143 0.05039
234263 0.05034
234311 0.05026
234359 0.04756
234407 0.04795
234455 0.05048
234479 0.05047
234503 0.05046
234551 0.05044
234575 0.05043
234623 0.05019
234671 0.05039
234695 0.05016
234815 0.05033
234839 0.05032
234887 0.05036
234911 0.05037
234935 0.05038
235031 0.05032
235055 0.05033
235079 0.04994
235103 0.05047
235151 0.04996
235175 0.05018
235223 0.05042
235247 0.05048
235271 0.05047
235343 0.05044
235415 0.05041
235463 0.05048
235511 0.04981
235535 0.05045
235631 0.04976
235655 0.05031
235727 0.05037
235775 0.05035
235799 0.04991
235823 0.05033
235895 0.04959
236015 0.0496
236039 0.0498
236135 0.04985
236159 0.04986
236183 0.04953
236279 0.04766
236327 0.04995
236447 0.04942
236495 0.05004
236567 0.05007
236591 0.04958
236735 0.04985
236759 0.04951
236831 0.05021
236855 0.04989
236903 0.04987
236927 0.05026
236951 0.05027
237023 0.04982
237047 0.04898
237191 0.04966
237215 0.04974
237239 0.04931
237311 0.05046
237335 0.04905
237359 0.04822
237407 0.04883
237431 0.04895
237503 0.04898
237527 0.04958
237551 0.04959
237575 0.05044
237599 0.05043
237623 0.04963
237647 0.04892
237671 0.04946
237695 0.04967
237719 0.04883
237839 0.04906
237863 0.04905
237887 0.0503
237935 0.04979
238007 0.05025
238127 0.0502
238175 0.04934
238199 0.04891
238319 0.05012
238343 0.04927
238367 0.05002
238391 0.05009
238487 0.05005
238535 0.04883
238583 0.04923
238607 0.04834
238631 0.05015
238679 0.04997
238751 0.0491
238799 0.04866
238871 0.04863
239015 0.05035
239039 0.04857
239159 0.04852
239183 0.05044
239255 0.0492
239279 0.04972
239303 0.0505
239351 0.04925
239375 0.05049
239399 0.04841
239447 0.05046
239471 0.05045
239495 0.04963
239591 0.04975
239615 0.04976
239639 0.04774
239663 0.04831
239687 0.04955
239855 0.04948
239903 0.04991
239927 0.04992
239951 0.05025
239975 0.04995
240023 0.04997
240071 0.05
240095 0.05001
240119 0.04937
240143 0.05004
240239 0.04932
240311 0.04974
240335 0.05013
240383 0.04978
240647 0.04996
240671 0.04993
240767 0.04828
240791 0.0499
240911 0.05043
240983 0.04982
241031 0.04818
241055 0.04847
241151 0.04931
241175 0.04974
241223 0.04822
241247 0.05043
241415 0.04964
241439 0.04946
241487 0.04961
241535 0.05031
241583 0.05029
241607 0.05028
241655 0.05043
241703 0.05046
241751 0.05022
241775 0.04963
241799 0.04962
241871 0.05048
241895 0.04944
241943 0.05045
242015 0.05042
242039 0.04976
242063 0.04975
242087 0.04857
242111 0.05038
242159 0.05036
242183 0.04932
242207 0.04931
242255 0.05002
242327 0.04848
242351 0.05028
242423 0.04923
242471 0.04993
242495 0.0492
242567 0.04884
242663 0.05015
242735 0.04893
242783 0.0501
242831 0.05014
242879 0.05019
242903 0.05018
242951 0.05023
242975 0.05022
243071 0.05027
243143 0.04965
243191 0.04892
243287 0.0504
243359 0.04807
243383 0.04955
243407 0.04883
243455 0.04969
243551 0.04979
243575 0.04978
243695 0.04844
243719 0.05042
243743 0.05043
243767 0.0494
243791 0.05039
243959 0.05034
244007 0.0473
244031 0.04965
244055 0.05028
244151 0.05024
244175 0.05025
244223 0.05023
244319 0.0498
244343 0.05014
244487 0.05011
244511 0.05011
244559 0.04938
244607 0.04988
244631 0.04967
244655 0.0503
244679 0.05031
244775 0.04996
244799 0.05037
244847 0.04978
244871 0.04895
244895 0.05002
244991 0.04992
245111 0.0502
245135 0.05049
245159 0.05022
245207 0.04882
245231 0.05019
245255 0.04999
245303 0.04925
245375 0.05039
245399 0.05034
245447 0.0503
245495 0.05039
245543 0.05032
245663 0.05027
245735 0.05051
245831 0.0502
245927 0.04783
245999 0.05013
246023 0.05044
246047 0.05038
246095 0.05041
246239 0.05003
246263 0.05049
246287 0.05034
246359 0.05025
246383 0.04998
246431 0.05028
246455 0.05021
246479 0.04873
246647 0.05037
246671 0.05036
246767 0.05032
246863 0.0502
246887 0.05004
246935 0.05025
246959 0.04949
247079 0.04996
247103 0.05015
247127 0.04999
247151 0.05035
247199 0.04961
247247 0.05012
247271 0.04988
247319 0.05043
247415 0.05048
247487 0.05034
247535 0.04983
247559 0.05048
247631 0.05045
247679 0.05043
247727 0.04673
247775 0.05049
247871 0.05049
247895 0.05048
247919 0.04936
247967 0.04928
248087 0.0504
248111 0.04955
248159 0.05009
248183 0.04957
248207 0.05035
248255 0.05019
248279 0.04963
248327 0.05031
248375 0.04967
248399 0.05021
248423 0.05027
248471 0.05025
248495 0.04962
248519 0.05027
248567 0.04978
248591 0.0502
248615 0.05019
248663 0.05034
248711 0.05037
248951 0.04977
248975 0.0505
248999 0.04999
249023 0.04988
249047 0.05001
249095 0.05047
249167 0.04997
249191 0.04989
249239 0.05041
249335 0.04996
249407 0.04987
249431 0.0502
249479 0.0485
249527 0.05006
249551 0.05029
249599 0.04965
249623 0.04978
249719 0.04891
249767 0.05018
249791 0.04972
249839 0.05041
249935 0.04905
249959 0.04614
250055 0.05032
250079 0.05008
250127 0.05048
250247 0.04954
250295 0.04843
250319 0.0504
250391 0.05037
250463 0.04867
250511 0.04943
250535 0.05047
250559 0.0503
250631 0.05027
250679 0.04923
250775 0.05037
250847 0.05035
250943 0.04922
251015 0.05012
251111 0.04842
251183 0.04934
251207 0.04916
251303 0.04849
251327 0.04882
251399 0.04997
251423 0.04954
251447 0.04995
251615 0.05004
251687 0.05001
251711 0.05
251735 0.04983
251759 0.04962
251855 0.04994
251999 0.04973
252023 0.04988
252071 0.04977
252095 0.04978
252167 0.04982
252287 0.04929
252311 0.04976
252335 0.0499
252407 0.04973
252455 0.04937
252479 0.04954
252503 0.04998
252527 0.04968
252575 0.05002
252599 0.05003
252623 0.04913
252647 0.04963
252671 0.04903
252719 0.04851
252743 0.04951
252791 0.05041
252815 0.04923
252839 0.0494
252863 0.05016
253007 0.04964
253031 0.04933
253055 0.04966
253151 0.04943
253199 0.04926
253271 0.04977
253295 0.04946
253391 0.05042
253487 0.0493
253511 0.05048
253559 0.04946
253631 0.04994
253655 0.04857
253727 0.05004
253775 0.05043
253799 0.04903
253847 0.04866
253943 0.05036
253967 0.04966
253991 0.0498
254015 0.05013
254063 0.05015
254087 0.05016
254111 0.05018
254135 0.05029
254159 0.04838
254183 0.05021
254255 0.05025
254327 0.04898
254351 0.05029
254375 0.05019
254495 0.04891
254567 0.0504
254591 0.04997
254639 0.04904
254687 0.05001
254735 0.04847
254759 0.05005
254807 0.05051
254951 0.05014
255047 0.05041
255119 0.05022
255143 0.04989
255263 0.04891
255287 0.05043
255335 0.04894
255359 0.04981
255407 0.05049
255431 0.05037
255455 0.05051
255623 0.0497
255647 0.05018
255671 0.04954
255695 0.05016
255719 0.04967
255791 0.04981
255815 0.05037
255863 0.0492
255935 0.05032
255983 0.04957
256007 0.05029
256055 0.05038
256103 0.05025
256127 0.0491
256247 0.0503
256271 0.05004
256319 0.05027
256343 0.04943
256367 0.04989
256439 0.05012
256463 0.05011
256487 0.04985
256511 0.05035
256559 0.04935
256583 0.05038
256631 0.05001
256655 0.05004
256679 0.05043
256703 0.05044
256727 0.05026
256751 0.05
256775 0.05047
256823 0.0505
256847 0.04996
256871 0.0505
256895 0.05034
256943 0.05047
257039 0.05041
257063 0.04988
257087 0.05044
257111 0.04996
257159 0.05047
257183 0.04983
257207 0.04993
257231 0.05051
257255 0.0498
257279 0.05032
257303 0.04979
257375 0.05046
257423 0.05028
257471 0.05041
257567 0.05038
257615 0.05048
257735 0.05032
257759 0.05031
257807 0.05046
257855 0.05012
257927 0.04909
257951 0.0504
257975 0.05039
258047 0.05019
258071 0.05036
258095 0.04958
258167 0.04931
258191 0.05032
258215 0.04991
258239 0.05029
258263 0.04994
258287 0.05027
258311 0.05038
258359 0.04992
258479 0.05046
258575 0.0505
258671 0.05036
258695 0.05047
258719 0.05038
258767 0.04947
258791 0.05043
258815 0.05042
258839 0.04989
258863 0.05022
258911 0.05048
259031 0.05049
259055 0.05031
259079 0.04996
259103 0.04965
259175 0.05037
259199 0.05043
259223 0.0504
259247 0.05041
259319 0.05023
259415 0.05018
259439 0.04966
259463 0.05051
259487 0.04982
259559 0.05013
259703 0.04912
259847 0.05011
259871 0.05039
259895 0.05016
260039 0.05029
260063 0.05028
260087 0.05012
260159 0.05049
260279 0.05019
260303 0.05023
260327 0.05022
260351 0.05017
260375 0.04997
260495 0.04977
260591 0.05036
260615 0.05035
260639 0.05006
260687 0.04958
260711 0.0505
260759 0.04982
260783 0.049
260831 0.05048
260855 0.05049
260903 0.04962
260927 0.0497
260975 0.0505
261023 0.05038
261047 0.04975
261095 0.05044
261119 0.05044
261143 0.05042
261215 0.05009
261239 0.05008
261263 0.04986
261287 0.05028
261311 0.05027
261479 0.0503
261551 0.05018
261623 0.05023
261671 0.05023
261719 0.04964
261743 0.04988
261767 0.05018
262031 0.04977
262055 0.05023
262175 0.05002
262199 0.05003
262223 0.04992
262247 0.04991
262295 0.04997
262319 0.04998
262343 0.04996
262415 0.0504
262439 0.04994
262487 0.04992
262535 0.04993
262607 0.05049
262631 0.0505
262655 0.04984
262679 0.04999
262727 0.05048
262775 0.05046
262799 0.04924
262871 0.05042
262919 0.04919
262943 0.04885
262967 0.04972
262991 0.05014
263015 0.0504
263039 0.05016
263159 0.04966
263207 0.05033
263231 0.05025
263255 0.05028
263279 0.0493
263327 0.05025
263351 0.05031
263375 0.05023
263447 0.04974
263471 0.05019
263615 0.05014
263639 0.04941
263711 0.0501
263783 0.04941
263807 0.04991
263831 0.05006
263855 0.0494
263879 0.05047
263903 0.04953
263999 0.05043
264023 0.04924
264047 0.05041
264095 0.05039
264143 0.04928
264191 0.04996
264215 0.0501
264239 0.05033
264287 0.04924
264311 0.04972
264335 0.0503
264383 0.04865
264407 0.04938
264431 0.04983
264455 0.05025
264479 0.05023
264551 0.05022
264575 0.04984
264623 0.04987
264647 0.0503
264695 0.04952
264719 0.05034
264767 0.05036
264863 0.04901
264887 0.04966
264935 0.04968
264983 0.05003
265031 0.04967
265055 0.05049
265127 0.05
265175 0.05048
265295 0.04993
265367 0.04991
265391 0.05039
265415 0.04989
265439 0.05038
265487 0.04943
265535 0.04984
265559 0.0503
265583 0.0494
265631 0.04995
265655 0.04936
265679 0.05036
265727 0.05
265751 0.0494
265775 0.0504
265799 0.05003
265823 0.05043
265895 0.05046
265919 0.05009
265967 0.05018
266015 0.05016
266039 0.04966
266063 0.04987
266087 0.05013
266135 0.05019
266207 0.04959
266231 0.05023
266255 0.05007
266303 0.04819
266327 0.04967
266375 0.04891
266399 0.05036
266423 0.04909
266471 0.05033
266567 0.0501
266639 0.05027
266735 0.05047
266783 0.0496
266807 0.0505
266831 0.04985
266855 0.0505
266879 0.04903
266903 0.04826
266951 0.05046
266975 0.05046
267023 0.05012
267047 0.05043
267119 0.05004
267191 0.05039
267215 0.05036
267263 0.05043
267287 0.05044
267311 0.05045
267335 0.05001
267455 0.05019
267503 0.0491
267527 0.05048
267575 0.05025
267599 0.05022
267623 0.04915
267695 0.0503
267743 0.0504
267767 0.05034
267815 0.05037
267839 0.04948
267935 0.05042
267983 0.05016
268007 0.05017
268031 0.05046
268079 0.04973
268127 0.0505
268223 0.05022
268295 0.04946
268319 0.05044
268367 0.05033
268391 0.04984
268415 0.04992
268463 0.05038
268511 0.05037
268535 0.05041
268583 0.05043
268679 0.04951
268703 0.05004
268727 0.05
268775 0.0505
268799 0.04977
268847 0.05047
268871 0.05007
268895 0.04996
268943 0.05044
268967 0.05043
269015 0.05001
269087 0.05015
269111 0.05006
269135 0.05019
269207 0.0501
269255 0.05024
269279 0.05013
269375 0.0503
269399 0.05019
269423 0.05026
269447 0.05033
269471 0.05024
269567 0.05038
269591 0.0504
269639 0.05
269735 0.05034
269759 0.05005
269807 0.0495
269831 0.04997
269951 0.05022
269975 0.05023
269999 0.05024
270047 0.05019
270095 0.05041
270215 0.05047
270335 0.05042
270359 0.0489
270383 0.05031
270431 0.05044
270479 0.05046
270503 0.05047
270575 0.05043
270599 0.0505
270647 0.04988
270671 0.05035
270743 0.05039
270767 0.04994
270839 0.05043
270863 0.0504
270887 0.05046
270911 0.04989
270959 0.05043
270983 0.05004
271007 0.04897
271031 0.0505
271151 0.04914
271175 0.04961
271199 0.05044
271223 0.05015
271247 0.04896
271271 0.05017
271295 0.05031
271343 0.04907
271391 0.05027
271439 0.05035
271487 0.05027
271511 0.04999
271535 0.05032
271559 0.05021
271607 0.04897
271631 0.05021
271679 0.04992
271727 0.05026
271751 0.05039
271775 0.05007
271823 0.04978
271871 0.0501
271895 0.05033
271991 0.0505
272135 0.05044
272159 0.04999
272255 0.05042
272279 0.04995
272327 0.04993
272375 0.04935
272471 0.04997
272543 0.04995
272663 0.04947
272687 0.05026
272711 0.05035
272783 0.04903
272831 0.05031
272855 0.0502
272975 0.05016
273023 0.05014
273095 0.05011
273119 0.0502
273167 0.05018
273191 0.04972
273239 0.05016
273263 0.05005
273383 0.04948
273407 0.05009
273431 0.04977
273455 0.05008
273575 0.04957
273599 0.04991
273671 0.0499
273695 0.04995
273743 0.04952
273815 0.04995
273839 0.04843
273863 0.05002
273911 0.04981
273983 0.04813
274031 0.05022
274055 0.04986
274079 0.04808
274151 0.05027
274175 0.05017
274247 0.05014
274295 0.05022
274343 0.05024
274367 0.05019
274415 0.05021
274439 0.0504
274487 0.05042
274511 0.05004
274559 0.05046
274607 0.04877
274655 0.05032
274703 0.0504
274727 0.05049
274775 0.05047
274823 0.04865
274919 0.0505
274991 0.05047
275015 0.05009
275063 0.04876
275135 0.05034
275231 0.04883
275279 0.05039
275351 0.05041
275375 0.05025
275471 0.05032
275495 0.05021
275519 0.0503
275567 0.04812
275615 0.05049
275639 0.05025
275663 0.04866
275687 0.05028
275759 0.05021
275807 0.05045
275831 0.05046
275879 0.04889
275903 0.05016
275975 0.05035
276071 0.05046
276143 0.04901
276167 0.05043
276263 0.05007
276311 0.05038
276335 0.05037
276407 0.04988
276551 0.04992
276575 0.04943
276719 0.04977
276743 0.05022
276791 0.05006
276815 0.04973
276863 0.05017
276887 0.05002
276911 0.05016
276935 0.04983
276959 0.05
277031 0.0498
277103 0.05009
277127 0.04876
277151 0.04975
277175 0.05006
277271 0.04971
277295 0.04988
277319 0.04965
277343 0.04824
277367 0.04968
277391 0.04967
277415 0.04998
277439 0.04982
277463 0.04954
277487 0.04984
277535 0.04979
277559 0.048
277583 0.04955
277631 0.0499
277655 0.04989
277679 0.0471
277727 0.04955
277775 0.04974
277823 0.04951
277943 0.04918
277967 0.05005
277991 0.05006
278039 0.04985
278135 0.05013
278159 0.04991
278183 0.05015
278231 0.04988
278255 0.04995
278303 0.04997
278351 0.04993
278375 0.04995
278423 0.05026
278471 0.05005
278495 0.05
278519 0.04783
278567 0.04945
278615 0.04955
278663 0.04953
278735 0.04936
278783 0.05042
278831 0.05021
278855 0.05045
278951 0.0502
278975 0.05027
279167 0.04962
279191 0.05044
279239 0.04918
279263 0.04976
279287 0.04931
279335 0.05039
279359 0.04959
279455 0.05042
279527 0.05032
279575 0.04885
279695 0.05049
279719 0.05044
279743 0.05048
279791 0.05046
279815 0.0504
279839 0.05039
279887 0.05042
279911 0.05042
279959 0.04917
280007 0.05038
280127 0.04993
280151 0.05009
280175 0.05032
280247 0.05029
280271 0.05024
280295 0.05012
280367 0.05002
280391 0.05026
280415 0.05027
280439 0.05018
280511 0.05031
280535 0.05023
280559 0.04872
280679 0.05018
280727 0.05041
280775 0.05022
280799 0.04954
280847 0.05037
280919 0.05001
280991 0.05031
281015 0.05044
281039 0.04806
281087 0.05047
281111 0.04994
281135 0.04993
281231 0.05042
281255 0.04997
281375 0.05036
281471 0.05007
281519 0.04986
281543 0.05038
281567 0.05046
281591 0.04989
281615 0.05027
281711 0.05041
281735 0.05031
281759 0.04996
281855 0.05027
281903 0.05026
281951 0.0498
281975 0.05032
281999 0.05031
282047 0.0502
282095 0.05011
282119 0.04819
282191 0.05024
282263 0.05041
282359 0.05023
282431 0.05026
282455 0.0505
282479 0.05014
282551 0.05049
282575 0.05048
282647 0.05008
282695 0.04989
282719 0.04685
282743 0.05042
282791 0.05003
282815 0.05018
282839 0.05044
282863 0.05045
282935 0.04938
282983 0.05033
283103 0.04982
283127 0.05028
283175 0.05045
283199 0.04921
283223 0.05025
283247 0.04987
283271 0.05042
283319 0.0504
283343 0.05041
283367 0.05042
283391 0.04972
283415 0.05036
283535 0.05014
283559 0.04916
283727 0.05045
283751 0.05024
283775 0.04951
283847 0.05025
283871 0.0502
283919 0.04691
283943 0.04999
283967 0.05037
283991 0.04951
284015 0.05015
284087 0.04957
284207 0.05041
284255 0.04995
284279 0.04746
284303 0.05045
284327 0.05024
284351 0.04948
284399 0.05002
284471 0.04927
284495 0.04943
284519 0.04958
284543 0.05047
284567 0.05009
284639 0.04938
284663 0.05043
284687 0.04936
284711 0.05015
284735 0.05016
284855 0.05006
284951 0.04982
284975 0.05001
284999 0.04981
285047 0.0503
285095 0.04959
285143 0.05034
285167 0.04857
285215 0.05037
285239 0.04545
285311 0.0499
285383 0.04967
285407 0.05045
285431 0.04998
285455 0.05015
285479 0.04758
285503 0.0505
285527 0.05002
285551 0.04961
285575 0.04942
285623 0.05048
285647 0.04903
285671 0.05008
285743 0.05005
285911 0.04999
285935 0.05037
285959 0.04826
286031 0.05024
286055 0.05033
286079 0.04943
286151 0.04991
286175 0.0499
286247 0.05033
286271 0.04961
286343 0.05022
286391 0.05021
286439 0.048
286511 0.05017
286535 0.04947
286559 0.05046
286607 0.05013
286631 0.04861
286679 0.05051
286775 0.05007
286799 0.04806
286823 0.05006
286847 0.04967
286895 0.05003
286991 0.05
287015 0.05039
287039 0.05038
287063 0.04997
287111 0.04908
287207 0.04954
287231 0.05031
287255 0.04991
287303 0.04951
287375 0.05026
287423 0.04917
287447 0.05024
287471 0.04983
287495 0.05014
287519 0.05021
287543 0.04912
287591 0.04873
287615 0.05019
287639 0.0489
287687 0.05015
287711 0.04887
287735 0.04866
287807 0.05011
287879 0.05009
287951 0.05033
287975 0.05034
287999 0.04866
288047 0.04925
288071 0.05038
288095 0.05001
288119 0.04873
288167 0.05042
288215 0.04807
288263 0.04956
288311 0.05049
288431 0.04989
288455 0.05048
288479 0.04887
288503 0.05046
288575 0.04984
288599 0.04984
288671 0.04904
288695 0.04873
288719 0.04734
288791 0.049
288815 0.05035
288863 0.04935
288887 0.04974
288911 0.04896
288959 0.04907
288983 0.04844
289007 0.05029
289055 0.04842
289079 0.04967
289175 0.05023
289199 0.04837
289247 0.04961
289271 0.0496
289391 0.04956
289415 0.04879
289535 0.0501
289583 0.04717
289631 0.04909
289655 0.04948
289703 0.04839
289751 0.04839
289775 0.04943
289823 0.05
289895 0.04958
289943 0.0496
290015 0.04994
290063 0.04992
290087 0.04956
290159 0.04959
290207 0.04987
290231 0.04859
290255 0.04963
290279 0.04955
290303 0.04984
290375 0.04979
290423 0.04981
290519 0.04974
290543 0.04986
290567 0.04976
290615 0.04969
290639 0.04979
290687 0.04981
290831 0.04966
290903 0.04829
290927 0.04991
290951 0.04903
290975 0.04797
291023 0.04959
291047 0.05007
291071 0.05008
291095 0.04957
291119 0.0499
291239 0.04894
291311 0.04998
291335 0.04999
291383 0.04908
291407 0.05023
291431 0.0491
291455 0.04886
291527 0.04845
291551 0.05029
291575 0.0503
291599 0.04917
291623 0.04842
291671 0.05014
291695 0.05024
291719 0.05025
291863 0.05042
291911 0.0493
291935 0.04928
291959 0.0487
292007 0.05048
292031 0.04935
292151 0.05043
292175 0.0492
292199 0.05045
292271 0.05039
292295 0.04783
292391 0.05049
292415 0.04712
292463 0.05038
292487 0.05048
292511 0.05049
292535 0.04957
292559 0.04958
292583 0.04817
292655 0.04847
292751 0.05028
292775 0.05036
292823 0.0472
292871 0.05024
292919 0.05031
292991 0.05028
293039 0.05034
293111 0.05032
293135 0.05031
293159 0.04659
293183 0.04886
293231 0.05028
293255 0.05019
293303 0.04847
293327 0.05024
293375 0.05023
293471 0.04855
293519 0.0501
293567 0.04874
293591 0.05001
293615 0.04998
293663 0.0489
293687 0.05005
293735 0.05007
293879 0.05006
293903 0.04873
293927 0.04987
293951 0.05016
293975 0.04986
294071 0.04999
294095 0.04982
294143 0.04883
294191 0.05026
294215 0.04978
294239 0.05028
294287 0.04992
294335 0.05032
294407 0.04971
294455 0.05038
294503 0.04925
294527 0.04976
294575 0.04974
294599 0.05044
294671 0.04979
294695 0.04978
294719 0.05049
294743 0.0496
294791 0.04908
294839 0.0454
294863 0.05048
294935 0.04953
294959 0.04937
295127 0.04947
295151 0.04962
295175 0.05037
295223 0.04955
295295 0.05033
295343 0.05032
295367 0.04961
295391 0.04954
295487 0.04951
295559 0.0458
295583 0.05023
295631 0.04972
295655 0.04929
295679 0.0502
295775 0.05017
295895 0.05013
295919 0.05012
295991 0.0496
296015 0.04959
296063 0.0499
296087 0.04962
296111 0.04992
296135 0.04993
296207 0.04969
296255 0.04969
296303 0.04908
296351 0.04973
296375 0.05003
296399 0.04996
296423 0.04995
296447 0.04977
296471 0.0498
296495 0.04981
296567 0.04946
296615 0.05013
296639 0.04988
296711 0.04985
296735 0.04991
296759 0.0499
296783 0.04894
296807 0.05021
296855 0.05023
296879 0.04814
296903 0.04998
296927 0.05026
296975 0.05028
296999 0.05
297047 0.05031
297071 0.05003
297119 0.04972
297143 0.04971
297239 0.0501
297287 0.05041
297383 0.05045
297407 0.05046
297431 0.05047
297455 0.05021
297479 0.0502
297527 0.04925
297551 0.05025
297575 0.05026
297599 0.05025
297647 0.05029
297743 0.05044
297767 0.05034
297815 0.05034
297839 0.04999
297863 0.04998
297887 0.05039
297935 0.05037
297959 0.05004
298007 0.04868
298079 0.05009
298103 0.05048
298151 0.0503
298175 0.05011
298271 0.05049
298319 0.05048
298391 0.05044
298415 0.05044
298439 0.04879
298463 0.05041
298511 0.05041
298655 0.05013
298703 0.04974
298751 0.05037
298775 0.05038
298871 0.05029
298919 0.05042
298967 0.05046
298991 0.05047
299015 0.05048
299111 0.0505
299135 0.0502
299207 0.04994
299255 0.05047
299279 0.049
299303 0.05013
299327 0.05014
299375 0.05043
299399 0.04815
299423 0.05004
299495 0.05039
299519 0.05038
299543 0.05037
299615 0.05033
299639 0.05034
299663 0.05033
299735 0.05007
299759 0.04891
299831 0.05028
299879 0.05026
299927 0.05015
299975 0.04992
299999 0.04943
300071 0.05018
300095 0.05019
300215 0.04961
300263 0.0491
300311 0.0504
300335 0.05041
300359 0.05008
300383 0.05009
300407 0.05035
300479 0.05006
300527 0.04787
300551 0.05041
300575 0.05042
300599 0.05002
300767 0.0505
300791 0.05051
300815 0.04934
300839 0.04978
300863 0.04867
300887 0.05041
300911 0.04981
300935 0.05039
300983 0.05037
301007 0.05044
301031 0.04986
301055 0.05042
301103 0.05041
301151 0.04953
301175 0.05031
301199 0.04982
301223 0.04837
301271 0.05028
301391 0.05031
301415 0.05002
301439 0.05002
301511 0.05027
301535 0.04964
301559 0.05007
301607 0.04967
301631 0.04968
301679 0.04966
301727 0.04934
301775 0.05016
301799 0.05017
301823 0.04781
301847 0.04959
301871 0.05015
301895 0.05007
301919 0.04957
301967 0.04926
302015 0.05026
302039 0.04984
302063 0.05028
302183 0.04989
302207 0.04947
302231 0.04948
302255 0.05036
302303 0.05038
302327 0.04996
302351 0.04997
302375 0.04998
302423 0.04989
302471 0.04988
302495 0.04939
302519 0.05047
302543 0.04993
302591 0.05007
302615 0.05006
302639 0.05009
302687 0.05011
302735 0.04979
302807 0.04977
302855 0.05016
302879 0.05042
302975 0.05023
303023 0.05038
303047 0.04976
303071 0.04958
303095 0.05028
303167 0.04916
303215 0.04971
303239 0.04838
303311 0.04967
303335 0.04911
303359 0.04911
303383 0.04965
303455 0.05042
303479 0.05041
303503 0.04875
303527 0.04976
303575 0.05019
303623 0.05047
303695 0.0505
303719 0.05051
303743 0.04862
303791 0.05012
303863 0.0501
303887 0.04949
303911 0.04992
303935 0.05007
304007 0.04889
304031 0.04997
304079 0.04872
304103 0.04942
304175 0.05036
304247 0.0493
304271 0.04936
304319 0.0488
304343 0.0488
304415 0.04992
304463 0.05026
304535 0.05024
304583 0.04986
304607 0.04897
304655 0.0502
304703 0.04922
304727 0.05016
304775 0.0492
304799 0.05014
304871 0.04899
304895 0.04976
304919 0.04861
304991 0.05009
305015 0.05008
305087 0.0504
305183 0.05002
305207 0.04922
305279 0.04964
305327 0.04918
305375 0.05051
305399 0.0496
305447 0.05048
305519 0.04783
305567 0.05044
305591 0.04989
305615 0.04987
305687 0.04985
305711 0.04985
305735 0.05039
305807 0.04981
305831 0.04981
305855 0.04979
305879 0.0498
305951 0.05032
305975 0.04977
306071 0.04956
306095 0.05027
306119 0.0497
306143 0.04971
306215 0.04962
306287 0.04965
306311 0.04966
306335 0.04958
306383 0.04963
306527 0.04957
306575 0.05011
306599 0.04921
306623 0.0501
306647 0.04953
306671 0.04954
306719 0.04952
306743 0.05006
306767 0.04984
306791 0.05004
306863 0.0498
306887 0.05001
306935 0.04866
306959 0.04909
306983 0.04993
307007 0.04849
307055 0.04996
307127 0.04999
307175 0.04997
307199 0.04937
307247 0.05004
307271 0.0484
307295 0.05002
307319 0.04933
307439 0.04929
307463 0.05009
307487 0.04926
307559 0.04925
307607 0.05018
307655 0.05017
307679 0.05018
307703 0.05013
307751 0.05015
307775 0.05025
307799 0.04916
307847 0.05028
307895 0.05026
307943 0.04913
307991 0.04965
308039 0.04911
308063 0.04903
308087 0.05038
308111 0.04962
308183 0.05041
308207 0.05034
308231 0.05043
308279 0.05042
308375 0.0504
308399 0.04899
308471 0.05049
308495 0.04929
308543 0.05047
308567 0.05046
308591 0.05049
308687 0.05049
308735 0.05041
308783 0.05042
308831 0.0504
308855 0.05044
308879 0.04918
308975 0.05033
309023 0.05038
309047 0.04909
309071 0.04952
309119 0.04841
309143 0.0503
309191 0.05029
309239 0.04697
309263 0.05031
309287 0.04924
309335 0.04962
309431 0.05025
309455 0.0502
309551 0.05021
309575 0.05021
309695 0.05012
309767 0.05014
309815 0.04982
309839 0.05008
309887 0.04943
309959 0.05004
309983 0.04988
310007 0.04901
310031 0.05006
310103 0.04996
310151 0.05002
310175 0.0497
310199 0.04997
310247 0.04992
310271 0.04998
310295 0.05001
310319 0.05002
310343 0.04977
310391 0.04994
310415 0.04997
310487 0.04991
310535 0.0499
310583 0.05003
310607 0.04972
310679 0.0499
310703 0.05017
310751 0.0501
310775 0.04978
310799 0.04977
310847 0.04972
310871 0.05024
310895 0.04983
310943 0.05018
310967 0.04976
310991 0.05028
311015 0.0497
311039 0.0503
311063 0.05005
311087 0.04991
311135 0.05034
311159 0.05035
311207 0.04995
311231 0.05038
311255 0.0503
311327 0.04964
311351 0.05034
311375 0.05044
311423 0.04957
311471 0.04953
311519 0.05049
311543 0.05024
311591 0.05026
311639 0.05048
311663 0.04953
311783 0.0495
311831 0.05042
311855 0.04789
311879 0.05048
311927 0.04964
311975 0.05038
312095 0.05041
312119 0.05047
312143 0.05032
312167 0.04937
312191 0.0505
312215 0.05037
312263 0.05035
312287 0.04978
312359 0.05046
312455 0.05045
312479 0.05021
312503 0.05042
312575 0.0505
312647 0.04992
312671 0.05049
312791 0.05032
312911 0.0491
312935 0.05028
312959 0.04756
312983 0.04912
313007 0.05038
313055 0.05037
313175 0.05013
313199 0.04998
313223 0.05005
313319 0.05001
313487 0.04896
313511 0.05026
313535 0.04995
313559 0.05028
313607 0.04911
313631 0.05018
313703 0.05003
313751 0.05002
313775 0.05013
313799 0.05013
313823 0.04978
313847 0.0504
313871 0.04998
313895 0.05042
313919 0.05009
313943 0.04982
313967 0.05007
314015 0.04993
314087 0.05004
314111 0.0505
314207 0.0481
314231 0.04999
314375 0.04982
314447 0.04885
314471 0.0504
314495 0.04964
314519 0.05039
314615 0.05036
314663 0.04807
314687 0.05033
314735 0.05032
314783 0.04969
314951 0.04976
314975 0.04965
314999 0.04975
315023 0.04947
315071 0.05021
315095 0.0502
315119 0.04944
315143 0.04958
315167 0.04969
315191 0.05017
315215 0.04941
315239 0.05016
315287 0.04965
315311 0.04938
315383 0.04929
315431 0.0501
315455 0.05009
315479 0.04959
315503 0.04932
315575 0.04988
315623 0.04929
315647 0.04954
315695 0.0494
315719 0.04919
315767 0.0495
315791 0.04998
315815 0.04949
315839 0.04997
315863 0.04935
315887 0.04825
315935 0.04943
315983 0.04931
316007 0.04991
316103 0.04884
316151 0.05011
316175 0.04912
316199 0.05013
316247 0.04935
316295 0.05016
316319 0.05017
316367 0.05019
316415 0.05021
316463 0.04937
316487 0.05024
316511 0.05025
316535 0.04926
316607 0.05028
316727 0.04858
316751 0.05034
316775 0.05035
316799 0.04966
316871 0.05039
316895 0.04953
317015 0.04958
317039 0.04986
317111 0.05048
317135 0.05049
317183 0.04914
317231 0.04879
317255 0.04994
317375 0.04972
317423 0.04974
317471 0.05042
317519 0.0504
317567 0.04941
317615 0.05008
317687 0.05035
317735 0.04986
317807 0.05031
317855 0.04933
317879 0.05029
317927 0.05021
317951 0.05021
317975 0.05022
318047 0.0488
318071 0.0496
318095 0.05022
318119 0.05028
318167 0.0502
318215 0.04966
318239 0.04955
318311 0.05035
318359 0.05037
318383 0.04973
318527 0.05044
318551 0.05045
318575 0.0496
318599 0.05006
318623 0.0483
318695 0.05023
318719 0.05051
318767 0.05001
318791 0.05
318815 0.04999
318839 0.05047
318935 0.05044
318959 0.04995
319007 0.05042
319055 0.04999
319079 0.04988
319103 0.05039
319151 0.05037
319175 0.05036
319199 0.04984
319247 0.05006
319271 0.05033
319295 0.05008
319319 0.05048
319367 0.0496
319415 0.05051
319463 0.05014
319559 0.05046
319583 0.05019
319631 0.05022
319655 0.05043
319703 0.05042
319775 0.05026
319799 0.05017
319823 0.05038
319871 0.0503
319895 0.05014
319991 0.05033
320015 0.05032
320087 0.05038
320135 0.05029
320183 0.05027
320207 0.05043
320231 0.05032
320255 0.05045
320279 0.05034
320327 0.04848
320351 0.05029
320375 0.0505
320399 0.0503
320423 0.0504
320447 0.04996
320495 0.05048
320543 0.05047
320639 0.04943
320663 0.05049
320711 0.05051
320735 0.0505
320783 0.05045
320951 0.04911
320975 0.05022
320999 0.05049
321023 0.05048
321071 0.0503
321095 0.05039
321167 0.04927
321191 0.04973
321215 0.05042
321263 0.05034
321287 0.05034
321335 0.04921
321407 0.04967
321455 0.05041
321479 0.05027
321503 0.04973
321527 0.04963
321551 0.05045
321575 0.04983
321599 0.0503
321695 0.0498
321719 0.04957
321767 0.05008
321791 0.05049
321815 0.05048
321839 0.04985
321863 0.04974
321887 0.04947
321935 0.05013
322007 0.04948
322031 0.05041
322055 0.05016
322103 0.05039
322127 0.04997
322151 0.05006
322175 0.05037
322223 0.05
322295 0.05003
322367 0.04966
322391 0.04967
322439 0.05008
322487 0.05027
322535 0.04933
322655 0.05017
322679 0.0499
322703 0.0502
322751 0.04994
322775 0.04706
322799 0.05022
322823 0.05023
322847 0.05016
322943 0.04988
322967 0.04949
322991 0.0495
323015 0.05011
323039 0.05031
323111 0.05034
323159 0.04727
323183 0.05037
323231 0.05004
323255 0.04962
323303 0.04749
323327 0.04861
323351 0.05043
323375 0.05004
323423 0.04967
323447 0.04967
323495 0.05049
323519 0.0505
323543 0.0497
323615 0.05014
323663 0.0499
323687 0.05016
323783 0.04962
323831 0.04985
323855 0.05041
323975 0.04988
324023 0.05036
324071 0.05035
324095 0.05032
324167 0.04975
324191 0.05031
324215 0.04974
324287 0.05039
324311 0.0494
324335 0.05001
324383 0.05025
324407 0.04871
324527 0.04964
324551 0.04963
324575 0.04922
324599 0.05051
324671 0.05016
324695 0.04882
324815 0.05044
324863 0.05021
324887 0.04889
324911 0.04921
324935 0.0504
324959 0.0504
325031 0.04949
325103 0.04906
325127 0.04714
325151 0.05001
325175 0.05033
325247 0.05031
325295 0.05038
325415 0.05026
325511 0.05046
325535 0.05047
325559 0.05021
325583 0.04908
325655 0.04918
325679 0.04898
325703 0.04928
325727 0.05016
325775 0.04895
325799 0.05014
325823 0.05045
325847 0.04894
325871 0.05012
325967 0.05009
325991 0.0504
326039 0.05006
326135 0.05036
326183 0.04874
326231 0.04912
326255 0.04912
326279 0.05043
326303 0.05031
326327 0.0503
326375 0.05028
326399 0.04883
326423 0.04883
326447 0.05026
326471 0.04961
326495 0.05025
326639 0.04988
326711 0.05018
326735 0.04985
326759 0.04873
326783 0.05016
326807 0.04962
326879 0.04981
326975 0.0489
327047 0.04976
327143 0.04885
327167 0.04975
327191 0.05003
327215 0.05003
327239 0.04978
327287 0.0498
327335 0.04982
327359 0.04848
327431 0.04876
327455 0.04995
327503 0.04835
327527 0.0495
327551 0.04928
327575 0.04991
327623 0.0499
327671 0.04989
327743 0.04966
327767 0.04998
327791 0.04968
327863 0.04994
327887 0.0495
327911 0.04972
327959 0.04891
328031 0.04978
328055 0.05009
328079 0.0501
328151 0.04974
328175 0.04973
328199 0.04909
328247 0.05016
328295 0.04938
328319 0.05019
328367 0.04849
328391 0.05022
328415 0.04966
328463 0.04976
328487 0.05025
328559 0.05028
328583 0.04972
328607 0.04739
328631 0.05031
328679 0.04918
328703 0.05002
328727 0.05034
328751 0.04955
328775 0.05005
328799 0.04923
328823 0.04999
328871 0.04889
328895 0.05009
328943 0.05011
328967 0.05043
329015 0.05014
329039 0.04859
329063 0.05008
329159 0.0505
329183 0.0502
329231 0.05014
329279 0.04803
329303 0.05017
329351 0.04938
329375 0.04874
329423 0.05029
329447 0.04981
329543 0.05026
329567 0.05039
329615 0.05037
329735 0.05033
329759 0.04959
329783 0.04897
329807 0.05032
329831 0.05036
329855 0.05045
329927 0.05028
329975 0.05042
330023 0.0505
330071 0.05049
330095 0.05023
330119 0.05022
330215 0.04905
330239 0.04977
330263 0.05043
330407 0.05013
330455 0.04898
330479 0.04865
330503 0.05042
330527 0.04915
330551 0.05041
330575 0.05033
330647 0.05031
330671 0.05037
330695 0.05036
330743 0.0503
330815 0.05026
330863 0.05025
330911 0.0503
330935 0.05029
330959 0.04997
331055 0.04944
331103 0.05043
331151 0.05045
331175 0.04949
331223 0.0502
331247 0.0502
331271 0.0505
331295 0.0505
331343 0.04955
331415 0.05008
331439 0.04925
331487 0.05023
331535 0.05044
331559 0.04929
331583 0.05043
331607 0.05042
331631 0.04976
331655 0.0503
331679 0.04934
331703 0.04999
331727 0.04999
331751 0.04998
331775 0.05034
331823 0.05035
331847 0.05035
331895 0.04968
332111 0.05047
332135 0.05026
332255 0.05022
332279 0.04957
332327 0.05048
332351 0.05047
332375 0.04984
332423 0.05017
332519 0.04965
332543 0.05
332639 0.05038
332663 0.04996
332735 0.05007
332759 0.05035
332807 0.0501
332831 0.05002
332879 0.05002
332927 0.0503
332975 0.05028
332999 0.04941
333047 0.05018
333095 0.05012
333119 0.05011
333143 0.05014
333167 0.05015
333191 0.05022
333239 0.04992
333311 0.05018
333335 0.05005
333407 0.05024
333431 0.05023
333455 0.05001
333527 0.05004
333551 0.05037
333575 0.05038
333743 0.05036
333839 0.05038
333863 0.05049
333935 0.05027
333983 0.05045
334007 0.05046
334055 0.05046
334079 0.05023
334103 0.05025
334151 0.05044
334175 0.05028
334223 0.05038
334271 0.05048
334295 0.05048
334367 0.05044
334391 0.05045
334463 0.04879
334535 0.05033
334559 0.05031
334583 0.05031
334607 0.0505
334631 0.05045
334703 0.05034
334775 0.05039
334799 0.0504
334823 0.05031
334847 0.05049
334871 0.0505
334895 0.05043
334943 0.0504
334967 0.05046
335039 0.05045
335063 0.05043
335087 0.05044
335111 0.05043
335135 0.0505
335183 0.05049
335231 0.05047
335255 0.05046
335279 0.05046
335303 0.05029
335327 0.05015
335351 0.05046
335375 0.05035
335399 0.05047
335447 0.05049
335471 0.0505
335495 0.05051
335543 0.05038
335615 0.05038
335639 0.05027
335735 0.05044
335759 0.05043
335831 0.05046
335855 0.05028
335927 0.05038
335951 0.05037
335975 0.05037
336023 0.0505
336047 0.05013
336071 0.05048
336167 0.05003
336191 0.05044
336215 0.05044
336287 0.05027
336311 0.05025
336335 0.0504
336359 0.05025
336383 0.05018
336407 0.05028
336431 0.05023
336455 0.05021
336479 0.05022
336575 0.05035
336623 0.05032
336647 0.05037
336719 0.0503
336743 0.05031
336791 0.05043
336815 0.05043
336839 0.05044
336935 0.05038
336959 0.05039
337079 0.05049
337127 0.05048
337151 0.0503
337175 0.05046
337199 0.05046
337247 0.04981
337295 0.05035
337319 0.0505
337391 0.04974
337415 0.05047
337439 0.04981
337463 0.05042
337535 0.05036
337559 0.05045
337631 0.04968
337679 0.05039
337703 0.04964
337727 0.04965
337775 0.05001
337799 0.05049
337823 0.05002
337847 0.05026
337943 0.05007
338015 0.05009
338063 0.04913
338087 0.05012
338111 0.05018
338135 0.04961
338303 0.0502
338351 0.05022
338375 0.05022
338399 0.04953
338447 0.05025
338519 0.05014
338639 0.05011
338663 0.0501
338711 0.05035
338735 0.04938
338783 0.04968
338807 0.04933
338831 0.04997
338855 0.04965
338879 0.05016
338951 0.04945
338975 0.05001
339047 0.04991
339167 0.04942
339191 0.04994
339359 0.04982
339407 0.04918
339431 0.05
339503 0.04985
339551 0.05039
339575 0.04996
339599 0.04982
339623 0.04926
339647 0.04928
339719 0.04971
339743 0.04991
339767 0.04879
339791 0.05032
339815 0.04989
339911 0.04936
339983 0.04971
340055 0.05024
340175 0.05021
340199 0.04991
340247 0.04948
340319 0.04974
340343 0.04973
340367 0.05015
340415 0.04971
340463 0.04956
340487 0.04949
340511 0.05002
340535 0.0501
340607 0.05008
340631 0.05007
340655 0.04964
340679 0.04943
340703 0.05009
340727 0.04925
340751 0.04967
340775 0.05012
340823 0.04947
340847 0.05001
340871 0.05
340895 0.05
340943 0.04956
340967 0.0489
340991 0.04997
341015 0.04996
341039 0.05021
341111 0.04993
341159 0.05026
341231 0.0499
341255 0.04919
341279 0.0503
341351 0.04878
341375 0.04989
341399 0.04922
341495 0.05038
341519 0.04939
341567 0.04917
341591 0.05041
341615 0.04936
341711 0.05046
341735 0.04975
341783 0.04932
341807 0.04973
341831 0.05006
341903 0.04891
341975 0.04894
342023 0.05046
342095 0.05044
342119 0.05043
342167 0.05018
342263 0.05021
342287 0.04853
342311 0.04958
342335 0.05037
342383 0.05036
342479 0.05033
342503 0.05032
342551 0.04921
342575 0.04992
342623 0.05029
342719 0.05026
342743 0.04946
342767 0.0504
342815 0.04889
342839 0.05001
342887 0.05003
342911 0.04941
342935 0.05019
342959 0.05006
342983 0.04939
343007 0.05048
343103 0.04894
343151 0.05049
343175 0.05048
343223 0.05011
343247 0.0494
343271 0.05045
343319 0.05019
343343 0.05043
343367 0.05043
343439 0.05005
343487 0.04894
343511 0.04949
343535 0.05002
343655 0.05031
343679 0.05032
343703 0.05033
343751 0.04958
343775 0.05035
343871 0.04968
343895 0.0504
343919 0.0504
343991 0.05043
344015 0.05044
344063 0.05021
344087 0.04976
344135 0.04984
344159 0.05024
344255 0.04911
344279 0.05028
344303 0.05029
344375 0.05032
344399 0.05033
344447 0.05044
344471 0.05043
344519 0.05042
344591 0.0504
344615 0.0504
344687 0.0489
344711 0.05044
344783 0.04846
344855 0.05049
344903 0.05051
344951 0.05001
344975 0.05049
344999 0.05009
345023 0.05048
345071 0.05011
345119 0.05045
345167 0.05009
345191 0.05022
345215 0.04989
345239 0.05041
345287 0.04828
345359 0.05018
345383 0.04948
345407 0.05023
345455 0.04877
345503 0.05034
345527 0.05028
345575 0.05032
345623 0.05025
345671 0.05033
345695 0.05028
345719 0.05035
345743 0.05027
345767 0.0503
345839 0.05004
345911 0.05035
345935 0.05042
345959 0.0502
345983 0.04984
346007 0.04984
346055 0.04965
346127 0.05016
346175 0.05051
346199 0.0505
346271 0.05048
346319 0.04963
346343 0.05009
346415 0.04988
346463 0.05001
346487 0.05002
346511 0.05041
346535 0.05046
346583 0.04949
346631 0.04996
346655 0.05037
346679 0.05
346727 0.04945
346775 0.05034
346799 0.04976
346823 0.05032
346847 0.05031
346871 0.05036
346967 0.04986
346991 0.04987
347039 0.05026
347159 0.04993
347207 0.05027
347231 0.04948
347255 0.0502
347279 0.05019
347351 0.05022
347375 0.05033
347423 0.04891
347447 0.05036
347471 0.05018
347543 0.05039
347567 0.05011
347615 0.05031
347639 0.0501
347663 0.05013
347687 0.05012
347711 0.05045
347735 0.04969
347783 0.05048
347807 0.05009
347831 0.04967
347855 0.0505
347903 0.04972
347927 0.05042
347975 0.05048
347999 0.04998
348023 0.05045
348047 0.05025
348071 0.04956
348095 0.05026
348119 0.04979
348167 0.04993
348215 0.05031
348263 0.05032
348311 0.05047
348335 0.04965
348359 0.05046
348383 0.05036
348503 0.05033
348551 0.0504
348575 0.04988
348599 0.04904
348623 0.04997
348647 0.05046
348719 0.04979
348743 0.04994
348767 0.04906
348791 0.05003
348863 0.05031
348887 0.05048
348935 0.0502
348959 0.05009
348983 0.05028
349031 0.05044
349055 0.04973
349103 0.05024
349127 0.05015
349175 0.04995
349223 0.05018
349247 0.04969
349271 0.0502
349319 0.05036
349391 0.05024
349415 0.04975
349439 0.05032
349463 0.05014
349487 0.05031
349511 0.05021
349535 0.05012
349607 0.05027
349631 0.05033
349679 0.05027
349703 0.04908
349727 0.05024
349751 0.05037
349775 0.05038
349799 0.05022
349823 0.04989
349895 0.05042
349943 0.05044
349991 0.05016
350063 0.05048
350135 0.04995
350207 0.04984
350279 0.05034
350303 0.05049
350327 0.04937
350375 0.05044
350399 0.05038
350471 0.05048
350519 0.05043
350543 0.05039
350567 0.05044
350591 0.05044
350639 0.05037
350687 0.05049
350735 0.0504
350807 0.05049
350855 0.05037
350879 0.05047
350927 0.04936
350951 0.05045
350975 0.05045
350999 0.04989
351095 0.04957
351119 0.05023
351167 0.05036
351191 0.04996
351215 0.0502
351263 0.0504
351335 0.05042
351407 0.05045
351431 0.05046
351455 0.05031
351575 0.05027
351623 0.05011
351647 0.04969
351671 0.05013
351695 0.05024
351719 0.05006
351743 0.05011
351815 0.05044
351839 0.05009
351935 0.05041
351983 0.05024
352031 0.05038
352055 0.05026
352079 0.05027
352103 0.05001
352127 0.05024
352151 0.05035
352175 0.05031
352199 0.04917
352343 0.05029
352415 0.05027
352439 0.04985
352487 0.05001
352559 0.05044
352583 0.05045
352655 0.05047
352679 0.05048
352703 0.05014
352727 0.05045
352751 0.05046
352775 0.05017
352799 0.0505
352823 0.04981
352871 0.0505
352895 0.05047
352943 0.05049
352967 0.05049
353015 0.05025
353039 0.04986
353063 0.05046
353111 0.05028
353159 0.0504
353183 0.05039
353207 0.05032
353231 0.05041
353255 0.05041
353279 0.0485
353303 0.04961
353351 0.05037
353375 0.05033
353399 0.05033
353423 0.05039
353447 0.0504
353495 0.05034
353519 0.04789
353543 0.05043
353615 0.05046
353639 0.05013
353663 0.05032
353735 0.0505
353759 0.05017
353831 0.0502
353855 0.05039
353927 0.05046
353951 0.05046
353975 0.05045
353999 0.05016
354071 0.05028
354095 0.0498
354119 0.04955
354167 0.0505
354191 0.05051
354239 0.05034
354263 0.05037
354287 0.05036
354311 0.05011
354359 0.04993
354407 0.05033
354431 0.05032
354503 0.05043
354527 0.05042
354575 0.05003
354599 0.05001
354623 0.05039
354671 0.05049
354695 0.05024
354719 0.04884
354767 0.05035
354815 0.05048
354863 0.0501
354935 0.05045
354959 0.05044
355103 0.05013
355151 0.0491
355175 0.05021
355199 0.05022
355223 0.05037
355247 0.04984
355367 0.05005
355391 0.05029
355415 0.05002
355487 0.05002
355511 0.05033
355535 0.05034
355583 0.05027
355607 0.05011
355631 0.05037
355655 0.05038
355703 0.04935
355727 0.05008
355775 0.05042
355823 0.0502
355871 0.04874
355895 0.05018
355919 0.04876
355991 0.0505
356015 0.05014
356063 0.05025
356087 0.05026
356135 0.05011
356159 0.04944
356183 0.04811
356207 0.0503
356255 0.05008
356279 0.05044
356375 0.05036
356423 0.05037
356447 0.04975
356471 0.05039
356495 0.04902
356519 0.05
356615 0.05034
356639 0.04997
356759 0.04965
356807 0.04977
356855 0.05028
356879 0.04808
356903 0.04962
356975 0.05046
357023 0.05023
357071 0.05022
357119 0.04923
357167 0.05041
357191 0.04967
357287 0.05038
357311 0.05015
357335 0.05014
357383 0.04961
357407 0.05034
357455 0.05033
357479 0.04973
357575 0.05007
357599 0.0494
357623 0.04969
357647 0.04918
357695 0.05004
357719 0.04998
357743 0.05025
357791 0.05023
357887 0.04968
357935 0.04946
358055 0.0501
358127 0.05014
358151 0.04991
358175 0.0496
358199 0.0499
358247 0.05011
358271 0.04963
358295 0.05009
358319 0.05019
358343 0.04986
358367 0.04961
358391 0.05021
358415 0.04968
358439 0.04969
358463 0.05005
358559 0.0498
358583 0.05001
358631 0.0503
358655 0.04994
358679 0.04977
358751 0.05034
358775 0.04996
358823 0.04995
358871 0.04884
358895 0.05003
358919 0.04986
358967 0.05005
358991 0.0499
359015 0.05043
359039 0.04984
359087 0.05045
359135 0.05047
359159 0.04913
359255 0.04997
359351 0.05048
359375 0.05019
359399 0.04957
359447 0.04977
359471 0.05045
359519 0.04953
359543 0.04953
359567 0.05042
359591 0.05042
359615 0.05009
359639 0.0504
359687 0.0503
359711 0.05031
359759 0.05008
359807 0.05035
359831 0.04967
359879 0.05019
359903 0.05037
359927 0.05038
359951 0.05021
359975 0.05031
359999 0.05023
360047 0.05042
360119 0.05027
360191 0.05029
360263 0.04897
360335 0.05034
360359 0.0502
360383 0.05049
360431 0.05047
360479 0.05017
360503 0.05045
360527 0.05035
360575 0.05014
360599 0.05037
360623 0.04837
360671 0.05046
360719 0.05047
360743 0.05039
360791 0.0505
360815 0.05045
360839 0.05051
360887 0.05047
360911 0.05034
360935 0.05049
360983 0.05047
361007 0.05008
361031 0.05045
361079 0.05049
361103 0.05043
361175 0.04997
361295 0.05043
361319 0.05042
361343 0.05036
361367 0.05021
361391 0.04997
361415 0.0502
361487 0.05018
361583 0.05028
361607 0.05015
361631 0.05029
361655 0.05028
361775 0.05034
361823 0.05036
361847 0.05013
362015 0.05043
362039 0.05017
362111 0.0502
362135 0.05047
362159 0.05024
362183 0.05013
362207 0.05025
362231 0.0505
362255 0.05016
362279 0.05028
362327 0.05022
362375 0.05031
362399 0.05032
362447 0.05046
362471 0.0501
362495 0.05045
362519 0.05036
362543 0.05003
362567 0.05043
362591 0.05007
362615 0.05039
362639 0.05033
362663 0.05
362687 0.05039
362711 0.04999
362783 0.05037
362807 0.05036
362831 0.05047
362855 0.05018
362879 0.05048
362975 0.05031
362999 0.05045
363023 0.05015
363071 0.05048
363095 0.05026
363167 0.05045
363191 0.05051
363239 0.05022
363263 0.04969
363287 0.05048
363335 0.05047
363383 0.0498
363455 0.05043
363479 0.05043
363527 0.04937
363575 0.05033
363599 0.04931
363623 0.04974
363671 0.05046
363743 0.04839
363791 0.0505
363863 0.05007
363935 0.05046
364007 0.05028
364055 0.04955
364151 0.05042
364175 0.05049
364199 0.05041
364319 0.05038
364343 0.05044
364367 0.05036
364391 0.04885
364463 0.05041
364487 0.0499
364511 0.05039
364559 0.05007
364631 0.05011
364679 0.05028
364703 0.04942
364727 0.05026
364775 0.05025
364799 0.05
364823 0.05031
364871 0.0503
364895 0.05022
364967 0.04942
365015 0.05018
365087 0.04938
365111 0.04991
365135 0.05022
365183 0.05021
365207 0.05013
365255 0.04988
365351 0.05016
365375 0.05016
365399 0.04984
365447 0.05002
365495 0.05012
365519 0.05005
365543 0.04907
365615 0.04973
365663 0.05008
365687 0.04975
365711 0.05011
365735 0.04999
365783 0.04954
365807 0.04997
365831 0.05015
365855 0.04995
365879 0.05017
365927 0.04983
365951 0.05
365975 0.04949
365999 0.05021
366047 0.05023
366071 0.04989
366095 0.04989
366143 0.04945
366263 0.04991
366335 0.04951
366359 0.05033
366407 0.05035
366431 0.04987
366551 0.04967
366575 0.05041
366623 0.05007
366647 0.04974
366671 0.05044
366695 0.05045
366767 0.04953
366863 0.04968
366887 0.05051
366911 0.0505
366959 0.05049
367055 0.04975
367079 0.04984
367103 0.04911
367151 0.05025
367175 0.05043
367223 0.0498
367247 0.05028
367271 0.05029
367319 0.04992
367343 0.04984
367367 0.04954
367439 0.04929
367463 0.05035
367487 0.05036
367511 0.04962
367535 0.05038
367583 0.04759
367607 0.0504
367631 0.04966
367655 0.05004
367727 0.04945
367775 0.05046
367799 0.05026
367847 0.04974
367895 0.05012
367919 0.05013
367943 0.04939
367967 0.05021
368015 0.05016
368039 0.05008
368063 0.05047
368135 0.05045
368183 0.04939
368207 0.05015
368303 0.05017
368351 0.04851
368375 0.05039
368519 0.05024
368543 0.05034
368567 0.05034
368591 0.04898
368615 0.05036
368639 0.04625
368663 0.04855
368687 0.05038
368735 0.0504
368759 0.05041
368807 0.04998
368831 0.05034
368903 0.05037
368927 0.04995
368951 0.05047
368975 0.05012
369167 0.05048
369215 0.0502
369287 0.05022
369311 0.05051
369431 0.04876
369455 0.0499
369503 0.05046
369527 0.05038
369551 0.05045
369575 0.0501
369599 0.05032
369623 0.05005
369671 0.05042
369815 0.04971
369839 0.05003
369863 0.05036
369887 0.05029
369935 0.04898
370031 0.05032
370055 0.04902
370079 0.04964
370127 0.0505
370151 0.05029
370175 0.05014
370271 0.05025
370295 0.05017
370319 0.05046
370343 0.04911
370367 0.05036
370391 0.05022
370415 0.05022
370535 0.05018
370607 0.05039
370703 0.04966
370727 0.05035
370751 0.05033
370775 0.04946
370799 0.05004
370823 0.04972
370847 0.0505
370895 0.05031
370943 0.0504
370967 0.05047
370991 0.05028
371039 0.04997
371063 0.05004
371135 0.04938
371159 0.05001
371183 0.05001
371207 0.0504
371231 0.05049
371255 0.05039
371351 0.05049
371375 0.05036
371399 0.05017
371495 0.04993
371519 0.05045
371543 0.04872
371567 0.0503
371591 0.05043
371687 0.05027
371711 0.05009
371735 0.04874
371759 0.05025
371783 0.04959
371855 0.04945
371879 0.05022
371975 0.05019
372071 0.05017
372143 0.05028
372191 0.05016
372215 0.04995
372239 0.05025
372287 0.04933
372335 0.05023
372383 0.04979
372431 0.05024
372455 0.04903
372479 0.04959
372503 0.05018
372527 0.04987
372551 0.05028
372575 0.05016
372599 0.05029
372623 0.04962
372647 0.04984
372671 0.05032
372695 0.05033
372743 0.04991
372767 0.04998
372791 0.0498
372815 0.04979
372863 0.0481
372887 0.04995
372911 0.0504
372959 0.04919
372983 0.04892
373079 0.04972
373103 0.05046
373175 0.05
373223 0.0505
373247 0.04968
373271 0.05008
373295 0.04997
373319 0.05049
373367 0.04929
373391 0.05012
373415 0.05047
373439 0.05014
373511 0.05044
373583 0.05042
373607 0.04976
373679 0.04869
373703 0.04986
373727 0.04955
373751 0.05037
373775 0.04942
373799 0.04983
373871 0.04981
373919 0.05033
373991 0.04948
374015 0.04978
374183 0.04931
374207 0.0496
374231 0.0504
374255 0.05024
374279 0.05023
374303 0.05043
374327 0.04917
374375 0.05045
374423 0.04963
374495 0.05017
374519 0.05017
374543 0.05016
374567 0.04931
374591 0.04973
374711 0.04977
374735 0.05011
374759 0.04979
374831 0.05044
374855 0.04955
374927 0.04943
374951 0.0504
374975 0.0504
374999 0.05039
375023 0.04983
375047 0.04947
375095 0.05037
375143 0.04991
375191 0.04999
375215 0.05033
375239 0.05033
375287 0.04955
375335 0.04993
375383 0.04999
375455 0.05027
375479 0.04909
375503 0.05026
375575 0.04989
375671 0.05021
375695 0.0501
375719 0.0502
375791 0.05013
375815 0.05017
375839 0.04986
375863 0.05011
375911 0.05015
375935 0.05014
375959 0.05018
376007 0.04922
376031 0.05016
376079 0.04981
376103 0.04994
376151 0.05025
376175 0.04997
376223 0.05023
376247 0.04986
376271 0.05029
376295 0.05029
376319 0.0503
376367 0.05027
376391 0.05032
376415 0.05033
376487 0.05031
376559 0.05038
376607 0.05035
376655 0.05037
376751 0.05016
376775 0.05045
376799 0.05017
376895 0.05045
376919 0.0505
376967 0.0501
376991 0.0505
377039 0.05049
377063 0.0505
377087 0.05014
377111 0.0505
377135 0.05046
377159 0.04951
377255 0.05043
377303 0.05045
377375 0.05018
377399 0.05037
377423 0.05038
377447 0.04969
377495 0.04962
377519 0.05041
377567 0.05024
377591 0.05034
377615 0.05044
377639 0.05033
377663 0.05036
377735 0.05048
377759 0.0503
377783 0.05031
377807 0.05032
377879 0.04928
377903 0.05026
377927 0.05041
377975 0.05027
378047 0.0504
378119 0.05043
378143 0.05019
378215 0.05041
378263 0.05047
378287 0.05049
378311 0.05049
378335 0.05048
378359 0.0499
378383 0.05051
378431 0.0505
378455 0.05045
378479 0.05044
378527 0.05047
378575 0.05046
378623 0.0503
378647 0.05017
378695 0.05043
378767 0.05041
378791 0.05013
378815 0.04728
378839 0.05034
378863 0.0496
378887 0.05016
378959 0.04934
378983 0.05028
379055 0.05013
379079 0.04995
379127 0.05032
379175 0.04995
379223 0.04994
379247 0.05036
379271 0.05037
379295 0.05038
379367 0.0502
379463 0.05023
379535 0.05029
379559 0.05038
379583 0.0503
379631 0.0504
379775 0.05036
379799 0.05046
379823 0.04991
379847 0.05008
379871 0.05012
379919 0.05006
379967 0.05044
379991 0.05004
380063 0.05041
380087 0.05006
380111 0.05047
380135 0.05026
380183 0.05038
380255 0.0505
380279 0.04963
380303 0.05
380351 0.05048
380375 0.0504
380471 0.05044
380519 0.05043
380543 0.04994
380567 0.05015
380663 0.05026
380687 0.05025
380711 0.0499
380783 0.05036
380831 0.05028
380855 0.05018
380903 0.05033
380927 0.04979
380975 0.05031
380999 0.04967
381023 0.0503
381095 0.05028
381119 0.04974
381191 0.04977
381263 0.05038
381311 0.0504
381335 0.04969
381359 0.04968
381431 0.05043
381455 0.05018
381503 0.04954
381551 0.0504
381575 0.05048
381671 0.05051
381743 0.05049
381767 0.05048
381815 0.05049
381839 0.04956
381863 0.0505
381887 0.05051
381959 0.04942
381983 0.04991
382007 0.05048
382055 0.05003
382079 0.05002
382127 0.04994
382151 0.04986
382175 0.04993
382199 0.04999
382247 0.05036
382367 0.05038
382415 0.0498
382439 0.04993
382487 0.04978
382559 0.04983
382607 0.05026
382655 0.04973
382679 0.0498
382775 0.04984
382823 0.05026
382943 0.05023
382967 0.05022
383039 0.04977
383063 0.05014
383087 0.0492
383111 0.05019
383159 0.04967
383183 0.05017
383207 0.04924
383327 0.04956
383351 0.05012
383375 0.05012
383423 0.04919
383447 0.04739
383471 0.04959
383495 0.05003
383543 0.0495
383567 0.05001
383591 0.05001
383615 0.05005
383663 0.05003
383687 0.05004
383711 0.04974
383735 0.05005
383783 0.04995
383879 0.04979
383927 0.04885
383975 0.04939
384023 0.04984
384047 0.04988
384071 0.04988
384119 0.04987
384191 0.0499
384239 0.048
384263 0.05022
384335 0.04994
384431 0.05028
384455 0.04964
384503 0.04855
384527 0.05031
384551 0.04975
384575 0.04937
384647 0.04888
384695 0.05006
384743 0.05038
384767 0.05039
384839 0.04977
384887 0.04882
384911 0.05043
384935 0.05044
384983 0.05046
385031 0.05047
385055 0.05017
385103 0.0497
385247 0.04963
385295 0.05025
385319 0.05026
385367 0.04994
385415 0.05044
385463 0.0503
385487 0.05042
385535 0.05041
385655 0.05038
385679 0.05037
385703 0.05038
385727 0.05005
385751 0.05035
385775 0.04953
385799 0.04992
385823 0.04948
385847 0.05009
385871 0.0501
385895 0.05011
385919 0.04949
386015 0.05048
386063 0.0505
386087 0.05017
386135 0.05018
386183 0.05049
386207 0.04966
386231 0.05048
386255 0.05022
386351 0.0501
386375 0.04881
386423 0.04854
386447 0.04966
386495 0.05041
386567 0.04978
386591 0.05033
386663 0.05012
386687 0.04921
386711 0.04974
386759 0.05038
386807 0.0504
386831 0.04986
386879 0.04872
386903 0.05028
386951 0.0499
386975 0.05003
386999 0.05028
387023 0.05031
387119 0.0505
387143 0.05024
387167 0.04989
387215 0.05049
387239 0.04908
387287 0.04995
387335 0.05041
387383 0.05043
387407 0.04908
387479 0.05046
387527 0.05009
387575 0.0504
387599 0.05003
387671 0.0501
387695 0.05049
387767 0.05035
387863 0.04981
387887 0.05012
387983 0.05042
388007 0.05024
388031 0.05041
388079 0.05027
388103 0.04974
388127 0.04889
388175 0.05021
388223 0.04996
388247 0.05023
388343 0.05033
388367 0.05035
388439 0.0484
388463 0.0498
388511 0.0504
388535 0.05015
388559 0.04988
388583 0.05042
388607 0.04962
388631 0.05044
388679 0.05024
388751 0.0499
388775 0.0504
388799 0.05041
388847 0.05042
388871 0.05007
388895 0.05006
388919 0.04933
388943 0.04864
388967 0.05004
389015 0.05047
389039 0.04999
389087 0.05045
389135 0.05012
389159 0.0505
389183 0.05043
389207 0.04998
389255 0.04925
389279 0.04973
389327 0.05046
389351 0.05038
389375 0.05009
389423 0.0486
389519 0.05014
389543 0.04962
389615 0.05038
389735 0.05028
389759 0.04725
389831 0.05026
389855 0.04874
389951 0.05029
389975 0.05029
390023 0.0503
390095 0.05032
390167 0.05024
390215 0.05023
390239 0.05004
390287 0.05021
390311 0.0497
390335 0.0504
390383 0.0498
390455 0.04982
390575 0.04975
390623 0.04898
390839 0.05047
390887 0.05005
390911 0.05045
390935 0.05026
390983 0.04965
391007 0.05002
391055 0.0503
391079 0.05041
391127 0.04984
391271 0.05008
391319 0.05038
391343 0.04921
391439 0.05013
391463 0.04866
391511 0.04996
391559 0.05029
391583 0.04965
391607 0.05047
391655 0.05049
391703 0.04978
391727 0.05051
391775 0.05004
391799 0.04982
391895 0.05027
391919 0.05028
391943 0.04972
391991 0.05044
392015 0.05017
392183 0.04984
392231 0.05038
392255 0.05038
392303 0.04951
392327 0.05036
392399 0.05007
392471 0.04993
392495 0.05046
392591 0.05029
392615 0.04955
392687 0.0498
392711 0.04999
392735 0.05049
392783 0.04997
392903 0.05007
392951 0.05043
392975 0.05042
392999 0.04973
393023 0.05011
393047 0.04951
393071 0.05045
393095 0.05046
393239 0.05012
393263 0.04998
393335 0.05033
393359 0.05009
393407 0.05023
393503 0.05005
393527 0.05005
393599 0.05027
393647 0.0503
393695 0.05001
393719 0.04996
393791 0.05022
393815 0.05037
393887 0.04923
393959 0.04994
393983 0.04966
394055 0.05043
394079 0.0503
394103 0.05024
394127 0.05029
394151 0.05017
394175 0.05018
394247 0.05049
394295 0.05014
394343 0.04977
394391 0.05049
394415 0.05034
394439 0.04982
394463 0.05005
394487 0.0502
394607 0.0504
394655 0.05042
394679 0.04999
394703 0.05041
394775 0.05039
394799 0.05012
394823 0.04972
394847 0.04972
394871 0.05048
395063 0.05048
395087 0.05031
395135 0.05047
395183 0.05029
395207 0.05051
395255 0.05
395279 0.0505
395327 0.05008
395351 0.05047
395375 0.05024
395399 0.04987
395447 0.05045
395471 0.05038
395495 0.05021
395519 0.04993
395567 0.05042
395591 0.05048
395615 0.05041
395639 0.04925
395663 0.05002
395711 0.05045
395783 0.04999
395807 0.05029
395831 0.05042
395855 0.05042
395879 0.05034
395903 0.05027
395927 0.05006
395951 0.05032
395975 0.05028
395999 0.05031
396023 0.05037
396047 0.0503
396167 0.04873
396191 0.05033
396215 0.05019
396263 0.05037
396335 0.05023
396359 0.05022
396455 0.05023
396503 0.05045
396551 0.0503
396575 0.05017
396599 0.05016
396695 0.05051
396743 0.05032
396791 0.05037
396815 0.05048
396839 0.05032
396863 0.05047
396911 0.05046
396935 0.05045
396959 0.04942
397031 0.05012
397079 0.0501
397103 0.05047
397175 0.05045
397247 0.04999
397271 0.05048
397295 0.05049
397343 0.05048
397367 0.04997
397391 0.05034
397415 0.05033
397439 0.05046
397463 0.05045
397487 0.05006
397511 0.05047
397559 0.05048
397583 0.05047
397607 0.0501
397631 0.05046
397679 0.0504
397703 0.05042
397727 0.05025
397775 0.0504
397823 0.05041
397847 0.04935
397871 0.05038
397943 0.05036
397967 0.04982
398015 0.05034
398159 0.05033
398183 0.05027
398255 0.05028
398351 0.04949
398375 0.05034
398399 0.05035
398567 0.0504
398615 0.05041
398663 0.04971
398687 0.05001
398735 0.05045
398783 0.05038
398807 0.05047
398831 0.05016
398855 0.05013
398879 0.0505
398927 0.05051
398975 0.0505
398999 0.04962
399095 0.05048
399143 0.05008
399167 0.04897
399311 0.05041
399359 0.05003
399383 0.04997
399407 0.05039
399431 0.05038
399455 0.05044
399479 0.04994
399503 0.04999
399551 0.05042
399575 0.05041
399599 0.04997
399743 0.04993
399767 0.04956
399791 0.05036
399815 0.04989
399839 0.04984
399863 0.05034
399959 0.05025
400007 0.05024
400127 0.04927
400223 0.05002
400271 0.04997
400295 0.04979
400319 0.05023
400343 0.04999
400367 0.04995
400415 0.05014
400463 0.05019
400487 0.05012
400511 0.05011
400583 0.05007
400631 0.05015
400655 0.05009
400727 0.05006
400751 0.05006
400775 0.05007
400799 0.04988
400847 0.05003
400895 0.05023
400967 0.05
400991 0.05026
401111 0.05023
401135 0.05024
401207 0.05021
401327 0.04964
401351 0.0503
401375 0.05038
401399 0.04996
401447 0.05028
401471 0.05009
401495 0.05041
401543 0.05043
401615 0.05038
401639 0.04897
401663 0.0504
401687 0.04975
401759 0.0505
401783 0.04943
401807 0.05039
401855 0.0498
401879 0.05047
401927 0.04884
401975 0.05044
401999 0.05046
402047 0.04881
402119 0.05049
402143 0.05042
402167 0.0503
402215 0.05051
402287 0.05049
402311 0.04994
402335 0.05035
402431 0.05035
402479 0.05044
402575 0.05043
402599 0.05037
402647 0.05045
402671 0.05035
402695 0.05039
402719 0.05047
402743 0.04962
402791 0.05009
402839 0.05051
402887 0.05012
402911 0.05033
402959 0.05028
402983 0.05027
403031 0.0502
403127 0.05044
403175 0.05017
403271 0.0504
403295 0.05025
403319 0.04948
403343 0.04934
403367 0.05027
403463 0.04938
403535 0.04936
403559 0.05033
403583 0.05007
403655 0.05015
403727 0.05038
403751 0.05028
403775 0.05039
403847 0.05041
403871 0.05009
403919 0.05008
403943 0.04998
403967 0.05023
404063 0.05
404087 0.04923
404135 0.0505
404207 0.05001
404231 0.05017
404255 0.0499
404279 0.05015
404303 0.04994
404327 0.05047
404351 0.04988
404375 0.04992
404447 0.05044
404471 0.05043
404495 0.04994
404519 0.05009
404543 0.04983
404567 0.05008
404639 0.05006
404687 0.05038
404711 0.04979
404735 0.05037
404759 0.05003
404855 0.05001
404879 0.05033
404903 0.049
404927 0.04999
404975 0.04982
404999 0.0503
405119 0.04995
405191 0.04967
405263 0.04965
405311 0.04969
405335 0.04989
405359 0.05021
405383 0.04997
405431 0.04998
405455 0.04986
405503 0.05
405551 0.05016
405575 0.05016
405623 0.04962
405671 0.04961
405695 0.0498
405743 0.04926
405887 0.0496
405935 0.04949
405983 0.05015
406007 0.05005
406031 0.04952
406055 0.05004
406103 0.05019
406127 0.05019
406151 0.04969
406199 0.0494
406223 0.04787
406295 0.04998
406319 0.04875
406391 0.05027
406439 0.04962
406463 0.05003
406607 0.05034
406679 0.04936
406727 0.04939
406751 0.04955
406799 0.04986
406823 0.05014
406847 0.04984
406871 0.05016
406895 0.05043
406919 0.04962
406943 0.05044
407015 0.05046
407039 0.04927
407063 0.05048
407087 0.05022
407135 0.0505
407255 0.04974
407279 0.04973
407303 0.05048
407327 0.04925
407375 0.05031
407399 0.04923
407423 0.05032
407447 0.04804
407495 0.05043
407543 0.05036
407591 0.04982
407615 0.0504
407663 0.05039
407687 0.0504
407711 0.05041
407759 0.0493
407831 0.05035
407855 0.0496
407903 0.0479
407999 0.04956
408023 0.04995
408047 0.04867
408143 0.05048
408167 0.05026
408215 0.05025
408383 0.05006
408407 0.04946
408455 0.05019
408503 0.05018
408527 0.05017
408551 0.05038
408575 0.04895
408599 0.04942
408647 0.05036
408671 0.0494
408767 0.04955
408791 0.05018
408839 0.04884
408863 0.05009
408887 0.05009
408935 0.05029
408983 0.05028
409031 0.04963
409055 0.04931
409103 0.05028
409127 0.05003
409151 0.05029
409175 0.04967
409199 0.05031
409223 0.05022
409247 0.04969
409295 0.0502
409343 0.05019
409439 0.04864
409487 0.04994
409511 0.04993
409535 0.04993
409559 0.05042
409607 0.05012
409631 0.05044
409679 0.04916
409703 0.05046
409727 0.04988
409775 0.04985
409799 0.04829
409847 0.04987
409871 0.04988
409895 0.04911
409919 0.04862
409991 0.05048
410039 0.0485
410135 0.04999
410159 0.04853
410183 0.04887
410303 0.0504
410327 0.04995
410351 0.05039
410375 0.05039
410423 0.04841
410447 0.04773
410471 0.05006
410495 0.04896
410543 0.0499
410615 0.05033
410639 0.04861
410663 0.04965
410711 0.05013
410735 0.04985
410831 0.04888
410879 0.04952
410951 0.05024
410975 0.05024
411023 0.05023
411047 0.04866
411191 0.04974
411215 0.05018
411239 0.05017
411263 0.0503
411383 0.05034
411407 0.04947
411431 0.04827
411455 0.05036
411551 0.05039
411575 0.04973
411599 0.04823
411623 0.05008
411647 0.04884
411719 0.04867
411767 0.05045
411839 0.04832
411863 0.05002
411887 0.04957
411911 0.04939
411959 0.0483
411983 0.04941
412055 0.04859
412079 0.04988
412103 0.05048
412151 0.05046
412175 0.05046
412247 0.04948
412271 0.04854
412295 0.05043
412367 0.05041
412439 0.04908
412583 0.04805
412607 0.05004
412631 0.05035
412679 0.05006
412703 0.05033
412727 0.05007
412751 0.05008
412775 0.05031
412799 0.0498
412823 0.04966
412847 0.04967
412895 0.05028
412919 0.04839
412991 0.05015
413015 0.05025
413135 0.04975
413231 0.04904
413279 0.04875
413327 0.05025
413351 0.05026
413375 0.05027
413399 0.05027
413423 0.04984
413447 0.05029
413471 0.04919
413519 0.05031
413543 0.05012
413567 0.04988
413591 0.05033
413639 0.04886
413663 0.0486
413735 0.05038
413831 0.04892
413855 0.05041
413903 0.05004
413927 0.05043
413975 0.04951
413999 0.05045
414023 0.0488
414047 0.05
414071 0.04957
414095 0.04948
414119 0.05049
414143 0.05006
414191 0.05051
414215 0.05008
414239 0.0505
414263 0.05009
414287 0.04963
414335 0.05011
414407 0.05013
414527 0.05043
414551 0.05018
414575 0.05042
414719 0.04934
414743 0.05023
414839 0.04922
414863 0.0493
414935 0.05029
414983 0.05031
415007 0.05031
415055 0.05033
415103 0.04912
415127 0.05028
415151 0.04931
415175 0.05027
415199 0.0499
415223 0.04922
415247 0.04971
415367 0.04938
415439 0.0494
415487 0.05046
415511 0.04942
415535 0.05018
415655 0.04962
415703 0.0493
415727 0.04898
415775 0.04932
415847 0.0501
415871 0.0501
415895 0.0501
415991 0.05043
416063 0.04908
416111 0.05004
416183 0.04912
416207 0.0502
416231 0.05037
416255 0.05022
416279 0.04965
416303 0.04915
416327 0.04921
416375 0.04967
416423 0.04951
416447 0.05032
416519 0.04995
416567 0.0494
416615 0.05028
416639 0.04948
416687 0.05035
416711 0.05026
416735 0.04886
416759 0.04979
416783 0.04953
416807 0.05038
416831 0.04963
416855 0.0504
416879 0.04986
416903 0.04888
416951 0.05043
416975 0.04958
416999 0.04986
417047 0.05018
417071 0.05017
417095 0.05047
417143 0.0494
417167 0.05015
417263 0.04976
417335 0.05011
417359 0.04863
417407 0.04948
417431 0.04999
417455 0.04972
417503 0.04974
417551 0.04952
417599 0.04969
417647 0.04914
417695 0.05002
417743 0.04862
417767 0.05009
417791 0.05038
417887 0.05012
417911 0.05035
417935 0.05034
418055 0.04993
418127 0.04992
418151 0.05029
418175 0.05021
418223 0.05004
418295 0.05024
418367 0.05008
418439 0.05002
418463 0.04979
418487 0.05021
418535 0.0502
418607 0.04989
418655 0.05035
418679 0.05009
418775 0.05014
418823 0.0499
418847 0.04975
418919 0.05011
418943 0.04895
418967 0.04994
418991 0.05045
419015 0.05046
419039 0.04661
419063 0.0502
419135 0.05004
419159 0.05023
419207 0.05033
419279 0.05049
419327 0.05037
419375 0.05029
419399 0.05012
419471 0.05044
419495 0.05033
419519 0.05033
419543 0.04966
419663 0.0497
419735 0.0504
419783 0.05041
419807 0.05051
419855 0.05035
419879 0.04988
419903 0.05049
419951 0.05048
419975 0.05047
420023 0.04947
420143 0.0505
420215 0.05031
420239 0.04979
420311 0.05039
420359 0.05045
420407 0.05042
420431 0.04992
420455 0.05043
420575 0.05041
420647 0.04999
420695 0.0505
420767 0.05047
420791 0.05048
420839 0.05048
420863 0.05033
420887 0.05025
420911 0.05047
420935 0.0505
420959 0.05031
421007 0.05048
421031 0.05044
421151 0.05019
421175 0.0504
421199 0.0504
421223 0.0487
421247 0.05016
421295 0.05042
421319 0.05022
421367 0.04915
421391 0.05039
421415 0.05021
421439 0.04969
421511 0.05032
421631 0.05033
421655 0.05029
421679 0.04518
421775 0.05032
421823 0.0501
421871 0.04987
421895 0.05027
421919 0.05022
421967 0.05038
421991 0.05021
422015 0.05024
422039 0.0502
422135 0.05043
422159 0.05017
422207 0.04994
422279 0.04931
422303 0.04992
422327 0.05048
422375 0.0501
422423 0.04997
422447 0.0505
422543 0.04993
422663 0.04816
422687 0.04982
422735 0.05044
422783 0.05008
422807 0.05006
422831 0.05005
422855 0.05041
422951 0.05002
422975 0.05038
422999 0.04826
423023 0.04982
423047 0.04996
423095 0.05035
423119 0.05018
423167 0.0491
423215 0.05035
423239 0.05021
423311 0.05037
423335 0.05038
423359 0.04988
423383 0.04973
423407 0.05028
423551 0.04969
423575 0.05031
423599 0.05046
423671 0.05048
423695 0.04959
423719 0.05049
423743 0.05036
423767 0.04957
423863 0.0504
423911 0.05041
423959 0.04821
423983 0.05043
424151 0.05042
424175 0.05042
424367 0.04969
424391 0.05036
424415 0.05047
424463 0.05003
424487 0.05034
424511 0.04965
424535 0.05033
424583 0.05
424607 0.04969
424655 0.05042
424703 0.04961
424751 0.05039
424775 0.04955
424799 0.05038
424847 0.04994
424871 0.05025
424943 0.04882
424991 0.05034
425015 0.0499
425063 0.04934
425087 0.04988
425231 0.04987
425303 0.05026
425351 0.0499
425375 0.0491
425399 0.05013
425495 0.04995
425567 0.05009
425615 0.04998
425639 0.04854
425663 0.05018
425687 0.05
425711 0.04973
425759 0.05004
425807 0.0485
425831 0.05014
425855 0.05013
425927 0.04928
425951 0.05
425975 0.04863
425999 0.0501
426047 0.05011
426071 0.04911
426095 0.05012
426119 0.05007
426143 0.05006
426167 0.05014
426191 0.05015
426263 0.05004
426335 0.04959
426359 0.05001
426431 0.05022
426455 0.04988
426503 0.05024
426575 0.05026
426623 0.04898
426647 0.04946
426695 0.0495
426719 0.04993
426767 0.0498
426791 0.0498
426935 0.05036
426983 0.0474
427127 0.04879
427175 0.04962
427199 0.04982
427223 0.05045
427271 0.0498
427319 0.04902
427343 0.05048
427367 0.04899
427391 0.04983
427415 0.0505
427463 0.04975
427487 0.0484
427511 0.04956
427535 0.04974
427559 0.04973
427583 0.05048
427607 0.05047
427631 0.0496
427679 0.04961
427703 0.0497
427799 0.04909
427823 0.04909
427871 0.05041
427895 0.0504
427943 0.04969
428015 0.05037
428063 0.05036
428159 0.04959
428255 0.04978
428327 0.05018
428351 0.05019
428375 0.04837
428399 0.04982
428423 0.05028
428447 0.04998
428519 0.0494
428543 0.05026
428591 0.04988
428615 0.05003
428687 0.04875
428711 0.04947
428735 0.04992
428783 0.05019
428855 0.04943
428879 0.04947
428903 0.05017
428927 0.04839
428975 0.05014
429023 0.05014
429047 0.04861
429071 0.05001
429143 0.05018
429167 0.05019
429191 0.05005
429239 0.04934
429263 0.05007
429287 0.05008
429311 0.05023
429335 0.05024
429359 0.04961
429383 0.04853
429407 0.05026
429455 0.05027
429479 0.04957
429527 0.0503
429575 0.05031
429623 0.05032
429671 0.05034
429695 0.05019
429743 0.05021
429767 0.04906
429815 0.05023
429839 0.04975
429935 0.04911
429959 0.05027
429983 0.05043
430127 0.04983
430175 0.04917
430199 0.04985
430223 0.0487
430247 0.0492
430271 0.05036
430295 0.04912
430367 0.05049
430439 0.04916
430535 0.04995
430559 0.04996
430583 0.05044
430607 0.04977
430631 0.05046
430679 0.04999
430703 0.04992
430775 0.05039
430919 0.04784
430943 0.05048
430967 0.04969
431015 0.05034
431039 0.05002
431087 0.05011
431111 0.04881
431159 0.05042
431183 0.0503
431207 0.05029
431231 0.05007
431279 0.04877
431303 0.05039
431351 0.05026
431375 0.04886
431495 0.05035
431543 0.04907
431591 0.05025
431687 0.05028
431735 0.05029
431783 0.04914
431879 0.05033
431951 0.05028
431975 0.05011
432047 0.04971
432071 0.05039
432095 0.0504
432119 0.04964
432215 0.05035
432239 0.05044
432263 0.05017
432383 0.0504
432407 0.05048
432431 0.05049
432575 0.05049
432623 0.04938
432647 0.04962
432671 0.0498
432719 0.0505
432767 0.04927
432791 0.04992
432815 0.05004
432863 0.04994
432887 0.05042
432911 0.04946
433031 0.05045
433055 0.04991
433127 0.04985
433175 0.05003
433199 0.05035
433295 0.05007
433343 0.05037
433391 0.05036
433415 0.0499
433463 0.05035
433487 0.04986
433535 0.05033
433559 0.05006
433631 0.0493
433655 0.04942
433751 0.05022
433799 0.04995
433823 0.04972
433871 0.05023
433895 0.05025
433919 0.05024
434015 0.05016
434063 0.04979
434135 0.05031
434159 0.05023
434183 0.05032
434231 0.05007
434279 0.0497
434327 0.04987
434351 0.05028
434375 0.05011
434423 0.04864
434447 0.04964
434495 0.05041
434519 0.05004
434543 0.05042
434591 0.04963
434639 0.05019
434687 0.05046
434711 0.05038
434735 0.05048
434759 0.04973
434855 0.05042
434879 0.05002
434975 0.05
434999 0.05029
435023 0.04872
435047 0.05046
435095 0.05008
435215 0.0505
435239 0.05049
435311 0.0504
435335 0.0504
435383 0.0499
435431 0.04989
435455 0.05019
435479 0.05043
435527 0.04981
435551 0.05045
435575 0.05046
435599 0.04997
435695 0.05026
435719 0.05038
435767 0.04975
435791 0.04975
435815 0.0505
435887 0.04973
435959 0.05007
436007 0.05045
436031 0.05035
436103 0.04942
436175 0.05002
436199 0.05027
436223 0.05004
436247 0.05019
436271 0.05042
436295 0.05043
436367 0.05045
436391 0.04961
436415 0.05022
436511 0.05049
436535 0.05033
436559 0.04957
436583 0.05011
436655 0.0484
436679 0.05016
436703 0.05015
436751 0.05028
436775 0.05047
436823 0.05005
436847 0.05005
436895 0.05011
436943 0.05043
436991 0.05042
437039 0.05022
437087 0.0504
437207 0.05037
437231 0.05032
437255 0.05036
437303 0.05002
437327 0.05035
437375 0.05
437423 0.04992
437447 0.05049
437495 0.05051
437567 0.05009
437591 0.05049
437639 0.05008
437663 0.05044
437711 0.05046
437759 0.05045
437783 0.05024
437807 0.05048
437831 0.04989
437855 0.05003
437879 0.05002
437951 0.0502
437975 0.05049
437999 0.0504
438023 0.05018
438071 0.04998
438095 0.05038
438167 0.05015
438191 0.05044
438239 0.04994
438263 0.05043
438311 0.05042
438335 0.05011
438359 0.05006
438383 0.0501
438407 0.05039
438503 0.05037
438575 0.05001
438599 0.05026
438719 0.04987
438743 0.05032
438767 0.05031
438791 0.05018
438815 0.0503
438839 0.0502
438863 0.05029
438935 0.05022
438959 0.05018
439031 0.05025
439079 0.04961
439103 0.05027
439127 0.05014
439175 0.05022
439247 0.0502
439295 0.04874
439319 0.05033
439343 0.05034
439391 0.05035
439415 0.05016
439439 0.05037
439487 0.05016
439535 0.05039
439679 0.05014
439703 0.05013
439727 0.05004
439775 0.05024
439847 0.05037
439871 0.05049
439895 0.05049
439943 0.05051
439967 0.05029
440135 0.05026
440231 0.05048
440255 0.05029
440327 0.0504
440375 0.0505
440423 0.05042
440495 0.05048
440519 0.05047
440615 0.05048
440639 0.04866
440663 0.05049
440687 0.05043
440735 0.05051
440759 0.05044
440855 0.05047
440879 0.05048
440927 0.05047
440951 0.0505
440975 0.05049
441047 0.0505
441071 0.0505
441095 0.0505
441119 0.05048
441143 0.05049
441215 0.05031
441239 0.05045
441287 0.05048
441311 0.05045
441335 0.05049
441383 0.05036
441407 0.05042
441455 0.05049
441503 0.05048
441551 0.05039
441575 0.05038
441599 0.05038
441623 0.05046
441719 0.05011
441743 0.05043
441767 0.05033
441815 0.05008
441863 0.05007
441911 0.0498
441935 0.0503
441959 0.0503
442103 0.04998
442127 0.04999
442175 0.05025
442199 0.05024
442223 0.05024
442295 0.05021
442391 0.05019
442415 0.05028
442463 0.05019
442511 0.05025
442535 0.05016
442559 0.05016
442583 0.04991
442631 0.05014
442655 0.05022
442679 0.04934
442727 0.05015
442751 0.0502
442775 0.05017
442799 0.04995
442847 0.05018
442871 0.05008
442895 0.0502
443015 0.05011
443087 0.05012
443111 0.05003
443135 0.05015
443183 0.05028
443207 0.0501
443279 0.04993
443303 0.05019
443351 0.04995
443375 0.05006
443399 0.04996
443447 0.04998
443495 0.04994
443519 0.05
443615 0.05
443663 0.05029
443807 0.05045
443831 0.05034
443951 0.05049
443975 0.05013
444071 0.05008
444119 0.05009
444143 0.04981
444239 0.04978
444263 0.04978
444359 0.04951
444383 0.04884
444407 0.05042
444431 0.05051
444455 0.04982
444479 0.05019
444503 0.04973
444551 0.05029
444575 0.04957
444599 0.0503
444695 0.05033
444815 0.05033
444839 0.05037
444911 0.04966
444935 0.05039
444959 0.04968
444983 0.05033
445007 0.05038
445055 0.05037
445079 0.05036
445127 0.04972
445151 0.05045
445175 0.05039
445223 0.04964
445247 0.04976
445295 0.05042
445343 0.04954
445391 0.0505
445439 0.04951
445511 0.05048
445559 0.05046
445607 0.05025
445655 0.0505
445727 0.05012
445751 0.04945
445775 0.05011
445895 0.05039
445919 0.04941
445991 0.04996
446039 0.05041
446063 0.04946
446183 0.04935
446207 0.05032
446255 0.05037
446303 0.05036
446351 0.05034
446375 0.05007
446495 0.05005
446519 0.05025
446543 0.0503
446591 0.05013
446615 0.05028
446639 0.05022
446687 0.05
446711 0.0502
446735 0.04931
446783 0.05025
446807 0.04906
446879 0.05017
446903 0.04996
446927 0.04918
446975 0.0502
447023 0.05019
447071 0.04972
447095 0.04981
447143 0.05017
447167 0.04913
447191 0.05016
447287 0.04977
447335 0.05033
447359 0.05012
447383 0.04975
447407 0.05005
447479 0.05009
447551 0.05039
447575 0.04973
447599 0.05041
447647 0.05042
447671 0.04989
447695 0.04978
447719 0.04998
447767 0.04914
447863 0.05
447887 0.04917
447911 0.05049
447935 0.04983
447959 0.05051
448007 0.04961
448079 0.05049
448103 0.04959
448127 0.04989
448151 0.05047
448175 0.04994
448223 0.04884
448247 0.04986
448271 0.05044
448319 0.05043
448343 0.04994
448391 0.04989
448415 0.05009
448439 0.0504
448463 0.04987
448511 0.0496
448535 0.04981
448559 0.04979
448583 0.05001
448655 0.05036
448679 0.05016
448751 0.04975
448775 0.05033
448799 0.0498
448823 0.04953
448847 0.05031
448967 0.0495
448991 0.05025
449015 0.04969
449039 0.05026
449063 0.04974
449087 0.04967
449111 0.04951
449135 0.04962
449159 0.0503
449183 0.05017
449207 0.04868
449231 0.05032
449255 0.05019
449279 0.05022
449351 0.05035
449375 0.04969
449423 0.05024
449447 0.04866
449471 0.05017
449639 0.05014
449687 0.05013
449735 0.05046
449831 0.05035
449855 0.05049
449903 0.04955
449927 0.05051
449975 0.0505
449999 0.0504
450023 0.05022
450047 0.04946
450119 0.05043
450167 0.04944
450191 0.05045
450215 0.04903
450359 0.05041
450407 0.04836
450455 0.04995
450527 0.04994
450551 0.05037
450575 0.05002
450623 0.05046
450647 0.05035
450695 0.05034
450743 0.05006
450791 0.04997
450863 0.05045
450911 0.0504
450959 0.05039
450983 0.05049
451055 0.05026
451127 0.05006
451151 0.04864
451175 0.05049
451199 0.05019
451223 0.0493
451247 0.04978
451271 0.05046
451295 0.05046
451319 0.05045
451367 0.05019
451391 0.05044
451415 0.05014
451463 0.05042
451487 0.05016
451511 0.04894
451535 0.05026
451559 0.0494
451631 0.05024
451655 0.04881
451703 0.05037
451727 0.04889
451751 0.04915
451775 0.04946
451943 0.0488
452063 0.05042
452111 0.05044
452135 0.04958
452183 0.05046
452231 0.05036
452255 0.05037
452303 0.0496
452327 0.05039
452351 0.05008
452375 0.0504
452399 0.0505
452423 0.0505
452471 0.0502
452543 0.05004
452567 0.04992
452591 0.05003
452663 0.0497
452711 0.05044
452783 0.05042
452855 0.04975
452879 0.0504
452927 0.05047
452951 0.05038
452975 0.05009
453047 0.04982
453071 0.04981
453167 0.05042
453191 0.05033
453215 0.04978
453263 0.04988
453287 0.04977
453335 0.0503
453359 0.05029
453383 0.05
453407 0.05037
453455 0.05036
453503 0.05026
453575 0.05033
453623 0.05023
453647 0.05031
453695 0.05022
453743 0.04929
453767 0.04923
453791 0.05001
453815 0.05001
453839 0.05027
453863 0.05003
453887 0.05026
453911 0.05026
454007 0.04991
454055 0.0497
454103 0.05013
454127 0.05021
454175 0.0502
454223 0.05012
454295 0.04999
454319 0.05017
454343 0.05007
454367 0.04924
454391 0.05006
454415 0.05018
454439 0.05014
454463 0.04662
454511 0.0502
454583 0.05022
454631 0.05008
454703 0.04961
454727 0.05011
454775 0.05007
454871 0.04972
454895 0.05015
455015 0.05001
455039 0.05035
455063 0.0502
455087 0.04978
455111 0.04999
455135 0.05037
455207 0.04892
455255 0.04996
455303 0.05042
455327 0.04898
455375 0.04986
455399 0.04986
455423 0.05045
455447 0.0503
455519 0.04983
455591 0.04992
455615 0.05035
455735 0.05038
455759 0.05048
455807 0.0504
455855 0.04999
455879 0.04974
455927 0.05001
455951 0.04989
455975 0.04929
456071 0.05047
456095 0.04978
456143 0.05049
456191 0.05039
456239 0.05038
456311 0.05011
456335 0.05048
456359 0.05035
456383 0.04979
456431 0.05034
456479 0.05016
456527 0.04906
456575 0.05005
456599 0.0503
456695 0.05028
456719 0.04955
456743 0.05039
456815 0.05018
456839 0.05025
456863 0.05013
456887 0.05027
456911 0.05036
456983 0.04907
457007 0.05033
457031 0.05024
457079 0.05032
457103 0.04999
457127 0.04893
457175 0.05001
457199 0.05035
457247 0.05028
457343 0.05032
457391 0.04957
457415 0.05041
457439 0.04911
457487 0.04843
457535 0.05044
457583 0.05033
457631 0.05034
457655 0.05007
457703 0.05015
457727 0.05018
457775 0.05051
457823 0.04932
457847 0.05015
457895 0.0502
457919 0.05048
457967 0.05012
457991 0.05012
458015 0.0505
458087 0.04972
458111 0.05044
458135 0.05048
458159 0.05048
458183 0.05049
458231 0.05029
458255 0.05046
458279 0.05051
458351 0.04983
458375 0.05048
458495 0.04917
458519 0.04988
458591 0.05039
458615 0.05039
458687 0.04997
458711 0.05042
458735 0.05036
458831 0.05028
458903 0.04998
458927 0.05026
458951 0.04916
458975 0.05035
458999 0.0503
459071 0.05028
459095 0.05033
459119 0.05032
459143 0.05049
459191 0.05031
459215 0.05025
459239 0.05019
459287 0.05046
459311 0.05023
459359 0.04906
459455 0.04968
459503 0.05024
459551 0.0504
459575 0.05016
459767 0.05035
459815 0.05034
459839 0.05012
459863 0.05033
459887 0.05021
459911 0.0497
459935 0.05031
459959 0.05014
459983 0.05008
460007 0.05002
460031 0.05002
460055 0.05012
460151 0.05032
460175 0.05004
460199 0.05004
460223 0.0503
460271 0.05007
460295 0.05035
460319 0.05006
460343 0.05005
460391 0.05022
460487 0.05037
460511 0.04957
460559 0.05042
460607 0.0504
460631 0.05044
460655 0.04895
460679 0.04947
460703 0.05043
460727 0.05014
460775 0.05048
460799 0.04985
460847 0.05047
460943 0.0505
460967 0.04938
461039 0.0499
461063 0.0499
461087 0.04979
461231 0.04981
461279 0.0498
461303 0.05002
461375 0.04983
461399 0.0504
461423 0.04938
461471 0.05041
461495 0.05037
461519 0.04975
461543 0.05036
461567 0.05039
461615 0.05038
461663 0.04977
461711 0.05033
461759 0.05032
461783 0.05034
461807 0.05034
461831 0.05033
461855 0.05032
461879 0.04973
461927 0.04927
461975 0.04976
461999 0.04966
462047 0.04924
462071 0.04985
462119 0.04934
462167 0.04983
462215 0.04937
462359 0.04951
462383 0.05021
462407 0.0502
462431 0.04956
462455 0.05017
462479 0.05016
462503 0.05016
462527 0.05018
462551 0.05017
462575 0.05017
462599 0.04998
462647 0.04892
462695 0.04995
462743 0.0501
462767 0.049
462791 0.05009
462815 0.05012
462935 0.05001
463007 0.04993
463055 0.04964
463079 0.05003
463151 0.05004
463175 0.05004
463199 0.04998
463223 0.05003
463271 0.04938
463295 0.05017
463367 0.05
463439 0.05021
463463 0.04934
463487 0.04997
463559 0.05018
463583 0.05024
463631 0.05009
463655 0.0502
463703 0.05022
463751 0.05029
463775 0.05029
463799 0.0503
463871 0.05026
463943 0.05028
464015 0.04943
464039 0.04986
464063 0.04985
464087 0.05022
464111 0.05022
464135 0.05023
464159 0.05023
464183 0.04923
464207 0.04875
464231 0.04939
464255 0.04978
464303 0.0492
464375 0.05045
464399 0.04975
464423 0.04939
464519 0.05049
464543 0.0505
464567 0.04974
464615 0.05046
464735 0.04967
464759 0.049
464807 0.05006
464831 0.05046
464855 0.05045
464903 0.05049
464975 0.05047
465047 0.04961
465095 0.04963
465191 0.05051
465215 0.05051
465263 0.05041
465287 0.05049
465311 0.0504
465335 0.05039
465359 0.05034
465431 0.05023
465455 0.05045
465479 0.05045
465503 0.04954
465527 0.05044
465575 0.05034
465599 0.05027
465623 0.05028
465647 0.05028
465719 0.04978
465767 0.04975
465791 0.05038
465815 0.04976
465863 0.04883
465959 0.05034
466007 0.05038
466031 0.0502
466055 0.04983
466175 0.05042
466199 0.05043
466223 0.0502
466271 0.05045
466295 0.05014
466343 0.04977
466391 0.05048
466439 0.05024
466463 0.04931
466487 0.04999
466559 0.05013
466583 0.04997
466607 0.04997
466631 0.0502
466655 0.05011
466679 0.05047
466703 0.04865
466727 0.05005
466775 0.05017
466799 0.04924
466823 0.05003
466847 0.04991
466871 0.05015
466895 0.05014
466943 0.05005
466967 0.05013
467015 0.05013
467039 0.04996
467087 0.05038
467111 0.05011
467159 0.05037
467207 0.05008
467231 0.04955
467255 0.05019
467303 0.05002
467327 0.05021
467351 0.05033
467375 0.05018
467423 0.05019
467495 0.0503
467567 0.05023
467639 0.05012
467687 0.05026
467711 0.05025
467735 0.05013
467759 0.05032
467807 0.04971
467831 0.05022
467855 0.0503
467951 0.0502
467975 0.0502
467999 0.04991
468047 0.0499
468095 0.0498
468119 0.05025
468167 0.05043
468215 0.05014
468263 0.05041
468287 0.04983
468311 0.04984
468335 0.05043
468383 0.04852
468407 0.04986
468431 0.0505
468455 0.04981
468503 0.04967
468575 0.05049
468743 0.04966
468767 0.05048
468791 0.05048
468959 0.05046
469007 0.05043
469103 0.05041
469151 0.05051
469175 0.05051
469199 0.05035
469247 0.04992
469271 0.05048
469295 0.05048
469319 0.05047
469415 0.05031
469463 0.04947
469535 0.04982
469559 0.05041
469607 0.04984
469655 0.05039
469679 0.0504
469751 0.05023
469775 0.05037
469871 0.04968
469943 0.05023
469967 0.04949
469991 0.05028
470015 0.05029
470063 0.04895
470111 0.05031
470135 0.0503
470159 0.05029
470255 0.05013
470327 0.05037
470351 0.05014
470375 0.04968
470423 0.05013
470543 0.0501
470567 0.04964
470591 0.05005
470615 0.05045
470639 0.05019
470687 0.05017
470735 0.05048
470759 0.05002
470807 0.05015
470855 0.05004
470879 0.04966
470951 0.05019
470975 0.05012
471047 0.05022
471071 0.05046
471143 0.05009
471167 0.05044
471191 0.05003
471215 0.05003
471239 0.05043
471287 0.05005
471311 0.05006
471335 0.05029
471359 0.05004
471431 0.05039
471479 0.0501
471527 0.05011
471551 0.05
471575 0.05036
471623 0.04906
471647 0.05034
471695 0.04996
471743 0.04985
471815 0.05019
471839 0.05042
471935 0.05022
471983 0.04991
472007 0.05026
472055 0.04978
472079 0.05025
472175 0.05051
472199 0.04986
472223 0.04889
472271 0.05031
472295 0.05048
472343 0.04983
472439 0.05035
472487 0.05044
472511 0.05016
472535 0.05015
472607 0.04966
472679 0.0504
472703 0.04984
472727 0.05039
472775 0.05044
472823 0.04973
472871 0.05018
472895 0.04972
472919 0.05019
472943 0.0499
472967 0.05049
473063 0.04794
473087 0.05004
473111 0.05049
473135 0.05003
473183 0.04976
473231 0.05028
473303 0.04789
473375 0.05031
473447 0.05033
473495 0.05041
473543 0.05006
473567 0.05036
473591 0.05007
473639 0.0502
473663 0.05009
473711 0.0504
473759 0.05041
473783 0.04942
473807 0.05043
473831 0.05016
473879 0.05044
473903 0.04859
473975 0.05031
474047 0.05011
474167 0.05027
474191 0.05023
474215 0.04943
474239 0.04943
474335 0.05047
474383 0.05028
474407 0.04939
474431 0.05029
474455 0.05044
474527 0.05019
474551 0.05019
474575 0.05042
474599 0.04972
474695 0.0497
474719 0.05038
474743 0.04933
474767 0.05037
474815 0.05019
474863 0.0502
474887 0.05035
474935 0.05042
475007 0.04963
475055 0.05031
475127 0.0503
475175 0.04987
475199 0.05049
475223 0.04895
475295 0.05003
475343 0.05049
475391 0.05048
475463 0.04893
475487 0.04981
475559 0.05045
475775 0.05044
475799 0.04993
475847 0.04992
475895 0.05014
475919 0.05013
475943 0.05048
475967 0.05049
476063 0.04925
476135 0.05049
476159 0.04985
476231 0.05007
476255 0.0503
476303 0.04901
476327 0.04989
476375 0.04981
476399 0.05003
476447 0.05002
476471 0.05042
476495 0.05001
476543 0.05024
476567 0.04999
476615 0.05039
476687 0.05037
476711 0.04942
476735 0.04973
476807 0.05002
476855 0.05017
476903 0.04938
476975 0.05031
476999 0.04968
477023 0.05014
477071 0.05013
477119 0.05012
477143 0.04936
477167 0.04964
477191 0.0501
477239 0.05013
477263 0.04798
477287 0.05025
477311 0.05024
477407 0.05017
477431 0.05018
477455 0.05021
477503 0.0502
477527 0.04957
477575 0.05022
477599 0.05022
477647 0.05024
477719 0.04999
477743 0.05015
477815 0.05014
477911 0.04956
477935 0.05031
477959 0.04994
477983 0.04958
478031 0.05009
478055 0.04977
478079 0.05035
478151 0.05037
478175 0.04964
478223 0.04989
478295 0.04923
478319 0.04984
478367 0.04969
478415 0.05043
478439 0.05044
478463 0.04987
478487 0.04937
478511 0.04989
478559 0.04982
478583 0.04874
478607 0.04964
478703 0.04985
478751 0.0505
478775 0.0505
478799 0.04996
478847 0.04988
478895 0.04999
478919 0.05047
479039 0.04985
479063 0.04994
479087 0.05043
479135 0.04989
479159 0.05005
479183 0.04989
479207 0.0504
479255 0.04991
479279 0.05039
479375 0.05011
479399 0.04985
479447 0.04986
479471 0.05013
479495 0.05034
479519 0.04998
479591 0.04977
479663 0.05018
479711 0.0503
479759 0.0496
479831 0.05014
479927 0.0497
479975 0.05026
480095 0.04969
480119 0.05021
480239 0.05033
480263 0.04963
480335 0.05027
480407 0.04967
480455 0.05014
480479 0.05024
480551 0.05041
480575 0.05026
480599 0.05026
480623 0.05034
480671 0.05028
480695 0.05036
480767 0.05031
480791 0.05031
480815 0.05021
480863 0.05032
480935 0.05051
481007 0.05026
481079 0.05048
481127 0.05047
481151 0.04986
481175 0.05042
481223 0.05045
481271 0.05051
481319 0.04996
481367 0.04995
481391 0.04995
481415 0.05048
481463 0.04922
481487 0.05005
481511 0.05039
481535 0.05046
481559 0.05051
481583 0.05051
481607 0.05008
481703 0.05049
481727 0.05011
481775 0.05041
481799 0.05046
481823 0.05032
481871 0.05045
481895 0.05044
481919 0.0505
481943 0.05043
481991 0.04982
482015 0.05041
482063 0.05035
482111 0.0504
482135 0.05048
482159 0.05047
482183 0.05038
482303 0.0503
482327 0.05044
482375 0.05028
482495 0.05018
482543 0.05017
482567 0.04971
482591 0.05024
482615 0.05029
482639 0.05034
482735 0.05027
482783 0.0502
482855 0.0504
482879 0.05041
482903 0.05023
482927 0.05022
482975 0.05043
482999 0.05008
483023 0.05034
483047 0.05045
483095 0.05036
483119 0.05047
483143 0.05018
483191 0.05039
483287 0.05015
483311 0.05015
483359 0.05022
483383 0.05043
483431 0.05021
483455 0.05012
483479 0.0502
483527 0.05019
483575 0.05045
483623 0.0505
483647 0.04854
483743 0.05006
483791 0.05049
483887 0.05038
483959 0.0501
483983 0.05001
484007 0.05044
484031 0.05044
484055 0.05043
484103 0.05042
484127 0.05042
484175 0.04996
484199 0.05032
484223 0.05002
484247 0.05031
484295 0.05038
484343 0.05037
484367 0.05037
484391 0.05028
484415 0.05036
484463 0.05035
484559 0.05024
484679 0.05022
484775 0.05028
484823 0.04977
484847 0.05024
484871 0.04976
484919 0.05036
484943 0.04994
484967 0.0498
485039 0.05039
485087 0.05014
485135 0.05041
485159 0.05025
485183 0.05001
485255 0.05035
485303 0.05046
485327 0.05036
485375 0.05048
485399 0.05032
485471 0.0505
485495 0.05041
485591 0.05043
485615 0.05049
485639 0.05044
485663 0.05038
485687 0.05046
485711 0.0504
485735 0.05047
485759 0.05047
485783 0.05045
485879 0.05044
485903 0.05044
485951 0.0505
485975 0.05046
485999 0.05049
486095 0.05049
486143 0.05051
486167 0.0495
486215 0.05036
486239 0.05036
486263 0.05049
486287 0.05043
486335 0.0503
486359 0.05041
486383 0.05031
486455 0.0504
486551 0.05012
486575 0.05042
486599 0.05042
486623 0.05028
486647 0.05038
486695 0.05039
486719 0.05039
486743 0.05007
486791 0.05018
486815 0.05042
486863 0.05023
486887 0.05021
486911 0.05027
486983 0.05046
487031 0.0503
487055 0.05048
487103 0.05018
487127 0.0505
487175 0.05025
487199 0.05034
487319 0.05032
487343 0.047
487415 0.05024
487439 0.0504
487487 0.05036
487511 0.05044
487535 0.05043
487559 0.05038
487583 0.04921
487631 0.05041
487655 0.05046
487751 0.05048
487775 0.05043
487799 0.05004
487823 0.05003
487847 0.05037
487871 0.05046
487919 0.0505
487967 0.05008
487991 0.05039
488015 0.05049
488039 0.0505
488063 0.05032
488135 0.0505
488183 0.05009
488351 0.05048
488375 0.05045
488447 0.05039
488471 0.04995
488495 0.05051
488519 0.05042
488543 0.04937
488591 0.05049
488615 0.0504
488735 0.05046
488783 0.05045
488807 0.04946
488951 0.05033
488975 0.0498
489023 0.04922
489071 0.05012
489095 0.05026
489119 0.05025
489143 0.0501
489167 0.05037
489287 0.04999
489335 0.05025
489383 0.05032
489455 0.05031
489527 0.05017
489575 0.05023
489599 0.04975
489623 0.04968
489647 0.05019
489671 0.05009
489695 0.05018
489767 0.05012
489815 0.05029
489839 0.05015
490079 0.05019
490127 0.05017
490175 0.05021
490199 0.05007
490295 0.04987
490319 0.05025
490343 0.04952
490391 0.05043
490415 0.05027
490439 0.04998
490487 0.04983
490511 0.05001
490535 0.05009
490583 0.04947
490607 0.05049
490655 0.0505
490679 0.05051
490703 0.04995
490727 0.05005
490751 0.05036
490775 0.05049
490799 0.04998
490823 0.04976
490871 0.04996
490919 0.04954
491015 0.05044
491063 0.04974
491087 0.05043
491111 0.05002
491183 0.05007
491207 0.04995
491231 0.05009
491303 0.05007
491351 0.05038
491375 0.0505
491399 0.04939
491447 0.05049
491471 0.04984
491519 0.04928
491663 0.0484
491807 0.04921
491831 0.05028
491855 0.05041
491879 0.05025
491903 0.05025
491927 0.0498
491975 0.05025
491999 0.05038
492071 0.05026
492119 0.05035
492143 0.04949
492167 0.05002
492239 0.05034
492263 0.04904
492287 0.05005
492311 0.05036
492359 0.05037
492383 0.05034
492407 0.04963
492479 0.04961
492527 0.04956
492575 0.05042
492599 0.05025
492623 0.0504
492695 0.04965
492743 0.04916
492887 0.05047
492935 0.05048
492959 0.0495
492983 0.0505
493007 0.04906
493031 0.05023
493055 0.05051
493079 0.04945
493103 0.04957
493151 0.05001
493175 0.05046
493223 0.05045
493247 0.05047
493271 0.05046
493295 0.05046
493319 0.04997
493343 0.04925
493415 0.05041
493439 0.04995
493487 0.05042
493535 0.05041
493559 0.05006
493631 0.04946
493679 0.05003
493727 0.05041
493751 0.04969
493775 0.05002
493799 0.05001
493847 0.05044
493871 0.05044
493991 0.05029
494015 0.04944
494039 0.05028
494111 0.05029
494135 0.05051
494159 0.04994
494183 0.04909
494207 0.04993
494231 0.04992
494255 0.04982
494279 0.04991
494303 0.04891
494351 0.05022
494375 0.05021
494423 0.05023
494447 0.05023
494543 0.05018
494615 0.05019
494663 0.0504
494711 0.05039
494807 0.04996
494831 0.04996
494855 0.0498
494879 0.0497
494951 0.0492
494975 0.05012
494999 0.05009
495023 0.05033
495047 0.05033
495095 0.05032
495167 0.05008
495191 0.0503
495215 0.05029
495239 0.05007
495263 0.05003
495287 0.04975
495311 0.05027
495335 0.05027
495407 0.04973
495431 0.05011
495455 0.05012
495479 0.05013
495503 0.0492
495575 0.05022
495599 0.04997
495623 0.04999
495719 0.05019
495767 0.05018
495815 0.05017
495863 0.04994
495911 0.05023
495935 0.05015
496031 0.04994
496055 0.04999
496103 0.05
496151 0.05029
496175 0.05002
496199 0.04998
496223 0.05009
496271 0.05008
496319 0.04996
496367 0.04936
496415 0.04971
496463 0.04934
496535 0.05011
496607 0.05041
496655 0.05042
496727 0.04999
496751 0.05006
496775 0.05045
496799 0.05046
496823 0.04997
496895 0.05048
496967 0.05017
497015 0.05018
497039 0.04959
497063 0.04948
497087 0.05015
497135 0.05016
497159 0.05048
497183 0.04989
497207 0.04989
497231 0.05028
497255 0.05046
497327 0.05045
497375 0.05027
497399 0.05043
497447 0.05024
497471 0.05024
497495 0.0503
497519 0.05041
497543 0.05036
497639 0.05034
497687 0.05003
497735 0.05036
497759 0.05032
497783 0.05042
497807 0.05035
497927 0.04918
497951 0.05046
497975 0.05047
498023 0.05048
498047 0.05044
498095 0.0504
498191 0.0505
498239 0.05049
498263 0.04968
498311 0.05025
498359 0.05047
498383 0.04965
498407 0.05048
498431 0.05045
498455 0.05048
498479 0.05044
498575 0.0505
498623 0.04753
498671 0.04999
498695 0.05048
498719 0.0504
498815 0.05046
498839 0.05041
498863 0.05004
498887 0.049
498911 0.05039
498983 0.05007
499007 0.05037
499031 0.05041
499055 0.05036
499079 0.04998
499103 0.04999
499175 0.0504
499199 0.0503
499223 0.05013
499247 0.05041
499271 0.04971
499319 0.05015
499343 0.05016
499367 0.05004
499415 0.05046
499463 0.05019
499487 0.05028
499583 0.05022
499655 0.05029
499703 0.05014
499727 0.05049
499775 0.05048
499799 0.05027
499823 0.05017
499847 0.05047
499895 0.04935
499919 0.0503
499991 0.05016
500039 0.05033
500063 0.05012
500087 0.05015
500135 0.05015
500159 0.05036
500183 0.05037
500207 0.05039
500255 0.05038
500279 0.05028
500303 0.04997
500327 0.05011
500351 0.05041
500375 0.05041
500399 0.05042
500423 0.05032
500447 0.05013
500495 0.05034
500543 0.05029
500591 0.05036
500615 0.05036
500639 0.05048
500663 0.05
500687 0.05008
500711 0.05039
500735 0.05034
500855 0.05049
500879 0.05049
500903 0.04939
500927 0.04972
500975 0.04933
500999 0.05041
501023 0.04892
501047 0.05023
501071 0.05048
501095 0.05048
501119 0.05049
501143 0.05017
501167 0.04998
501215 0.05046
501239 0.05047
501263 0.04988
501311 0.05021
501359 0.05023
501527 0.04991
501551 0.05048
501575 0.04986
501599 0.05029
501647 0.04984
501671 0.05042
501695 0.04988
501791 0.05044
501887 0.05006
501935 0.04964
501983 0.05027
502007 0.04982
502031 0.05039
502103 0.05033
502127 0.05001
502151 0.05042
502175 0.04974
502199 0.05035
502223 0.05035
502271 0.05034
502319 0.04975
502343 0.05032
502367 0.04996
502391 0.05048
502511 0.05016
502535 0.04972
502559 0.04972
502583 0.05015
502607 0.04991
502655 0.05013
502679 0.05048
502727 0.04989
502751 0.05024
502775 0.04985
502799 0.05045
502823 0.05045
502871 0.05044
502895 0.05017
502967 0.04989
502991 0.05041
503015 0.05041
503063 0.0504
503111 0.05017
503135 0.04987
503255 0.04917
503279 0.05014
503375 0.04993
503447 0.05001
503471 0.05032
503567 0.04998
503591 0.05008
503615 0.05029
503639 0.05028
503687 0.04948
503759 0.05
503783 0.0501
503831 0.04998
503855 0.05002
503903 0.05001
503975 0.05
503999 0.04995
504023 0.05015
504071 0.0502
504095 0.05017
504119 0.04997
504167 0.05013
504191 0.05017
504215 0.05014
504239 0.05014
504263 0.05021
504287 0.04958
504335 0.0498
504431 0.05025
504455 0.05026
504503 0.05027
504551 0.0501
504575 0.05029
504647 0.05031
504695 0.05032
504719 0.05026
504743 0.05026
504791 0.05028
504815 0.05027
504839 0.05029
504863 0.05029
504911 0.04968
504959 0.05002
505007 0.04918
505055 0.04966
505079 0.05
505103 0.05042
505151 0.05036
505175 0.05044
505199 0.05037
505223 0.04975
505247 0.05045
505295 0.05047
505391 0.05043
505415 0.05043
505463 0.05043
505487 0.05045
505631 0.04967
505655 0.05049
505679 0.05049
505703 0.05046
505751 0.0505
505775 0.04929
505799 0.0496
505847 0.05049
505895 0.04982
505943 0.05042
505967 0.05046
505991 0.05047
506039 0.04959
506063 0.04986
506087 0.05044
506111 0.05044
506135 0.05038
506159 0.04978
506207 0.05036
506255 0.05042
506279 0.05041
506375 0.05039
506399 0.04939
506495 0.05036
506519 0.05036
506543 0.05005
506567 0.05034
506639 0.05033
506759 0.05032
506807 0.0503
506831 0.0503
506855 0.05029
506879 0.05029
506927 0.05022
506951 0.05027
506975 0.05027
507047 0.0501
507143 0.05012
507191 0.05023
507215 0.05016
507239 0.04957
507263 0.04952
507287 0.04905
507311 0.05016
507407 0.04897
507455 0.05012
507575 0.04951
507647 0.05013
507695 0.05012
507767 0.05006
507791 0.0501
507815 0.05011
507863 0.0501
507887 0.0503
507911 0.05031
507935 0.05031
507959 0.05008
507983 0.05032
508007 0.05033
508031 0.05006
508079 0.05005
508127 0.04909
508151 0.05037
508175 0.04939
508199 0.04939
508247 0.05039
508295 0.0504
508343 0.04978
508415 0.04998
508463 0.05044
508511 0.05045
508535 0.04996
508631 0.05048
508655 0.0493
508679 0.04993
508703 0.04993
508751 0.04988
508775 0.04941
508967 0.04946
508991 0.04981
509015 0.05046
509039 0.04987
509111 0.04985
509135 0.04984
509159 0.04984
509183 0.04998
509207 0.04977
509231 0.04893
509255 0.05041
509279 0.04982
509327 0.05002
509351 0.05039
509375 0.05003
509471 0.04972
509495 0.05036
509519 0.04976
509567 0.05035
509615 0.05034
509663 0.05033
509735 0.05031
509759 0.04905
509807 0.04966
509831 0.05014
509855 0.04965
509903 0.05016
509927 0.04968
509975 0.04968
509999 0.04968
510023 0.04971
510071 0.05025
510167 0.05022
510335 0.0502
510407 0.04981
510431 0.04981
510455 0.05029
510479 0.04869
510503 0.04983
510527 0.04983
510575 0.04911
510599 0.04892
510623 0.0495
510647 0.0497
510719 0.04954
510743 0.05036
510791 0.05037
510815 0.0499
510887 0.0504
510911 0.05008
510935 0.05041
510959 0.04971
510983 0.04995
511007 0.05042
511031 0.05043
511055 0.05044
511079 0.04896
511103 0.05045
511127 0.05045
511319 0.04853
511367 0.04987
511415 0.04988
511511 0.05048
511535 0.05048
511607 0.04995
511655 0.04994
511679 0.04988
511775 0.05043
511799 0.04955
511895 0.04957
511919 0.05
511943 0.04944
511967 0.05018
512063 0.04998
512087 0.05021
512111 0.05036
512135 0.05022
512159 0.05006
512183 0.05035
512231 0.05034
512279 0.04966
512327 0.04896
512351 0.05031
512375 0.04922
512399 0.05012
512423 0.04979
512471 0.0503
512519 0.05015
512687 0.05025
512783 0.05023
512807 0.04965
512831 0.04971
512855 0.0504
512879 0.04793
513023 0.05018
513071 0.05017
513095 0.05029
513119 0.05023
513143 0.05024
513191 0.05048
513263 0.0505
513287 0.04925
513359 0.0495
513455 0.04994
513551 0.04997
513575 0.0504
513599 0.0492
513623 0.04999
513647 0.05042
513671 0.04958
513695 0.05044
513743 0.04807
513863 0.0504
513887 0.05001
513911 0.05048
513935 0.04992
513959 0.05043
514007 0.04948
514151 0.05048
514175 0.05048
514199 0.05047
514367 0.04945
514391 0.05049
514415 0.04976
514439 0.05043
514487 0.05042
514511 0.05041
514535 0.05041
514559 0.0504
514583 0.05045
514631 0.05044
514679 0.05043
514727 0.05037
514799 0.05027
514895 0.05029
514919 0.05039
514943 0.05019
514991 0.05032
515015 0.04966
515039 0.04991
515063 0.05033
515135 0.05035
515159 0.05035
515183 0.05036
515207 0.05023
515255 0.05027
515327 0.05025
515375 0.05027
515399 0.05029
515447 0.05029
515543 0.05045
515591 0.05004
515735 0.05036
515759 0.0505
515807 0.05037
515831 0.05038
515903 0.05001
515927 0.04962
515975 0.05048
515999 0.04967
516071 0.05044
516095 0.05016
516119 0.05017
516143 0.05017
516167 0.04995
516191 0.05018
516215 0.05013
516287 0.05049
516311 0.05041
516335 0.05041
516383 0.05023
516479 0.05025
516503 0.05037
516551 0.05048
516575 0.05004
516671 0.05045
516695 0.05007
516791 0.05003
516815 0.05042
516863 0.04998
516887 0.05005
516983 0.05013
517007 0.05014
517031 0.05038
517055 0.05027
517103 0.04996
517175 0.05018
517223 0.05019
517247 0.04975
517271 0.05044
517295 0.05045
517319 0.05045
517391 0.04985
517439 0.05019
517463 0.05049
517535 0.05017
517583 0.05027
517607 0.04883
517631 0.05027
517655 0.05015
517679 0.05049
517703 0.05008
517775 0.0502
517799 0.0501
517847 0.05034
517871 0.05035
517895 0.05029
517943 0.05009
518015 0.05042
518039 0.05026
518087 0.04967
518111 0.05028
518183 0.04999
518231 0.05043
518279 0.05037
518303 0.05033
518351 0.05023
518375 0.0504
518519 0.05038
518591 0.04995
518663 0.04996
518687 0.05048
518711 0.05049
518735 0.04994
518879 0.05025
518903 0.05025
518927 0.05049
518951 0.05043
518975 0.05048
518999 0.05023
519023 0.05022
519047 0.05041
519071 0.05051
519095 0.05046
519143 0.05008
519167 0.05039
519191 0.05044
519263 0.04995
519311 0.05046
519455 0.05044
519479 0.0505
519599 0.05036
519671 0.05029
519695 0.05047
519719 0.05039
519743 0.05038
519767 0.04927
519791 0.05037
519839 0.05038
519887 0.05026
519911 0.05011
519935 0.05043
519983 0.05042
520007 0.05023
520127 0.05021
520175 0.05046
520199 0.05038
520247 0.05019
520271 0.05035
520319 0.05027
520343 0.0505
520367 0.05037
520391 0.0502
520415 0.0505
520439 0.0505
520463 0.05049
520511 0.05049
520583 0.05047
520655 0.05044
520751 0.05046
520775 0.05047
520799 0.04953
520871 0.05049
520919 0.04936
520991 0.0505
521015 0.05039
521111 0.05039
521135 0.0504
521159 0.05011
521183 0.05041
521207 0.05046
521255 0.05043
521327 0.05044
521351 0.05045
521375 0.05007
521495 0.0504
521543 0.05012
521591 0.05011
521639 0.04972
521663 0.05037
521687 0.05049
521711 0.05049
521759 0.05008
521783 0.05035
521807 0.05047
521855 0.05046
521975 0.05044
522023 0.05043
522071 0.05018
522143 0.05041
522215 0.05014
522287 0.05016
522311 0.05016
522335 0.05024
522407 0.05023
522431 0.05019
522503 0.04993
522527 0.0498
522551 0.05033
522575 0.04995
522599 0.05008
522647 0.04972
522695 0.0503
522767 0.05029
522815 0.05028
522911 0.0503
522935 0.05014
522983 0.05024
523055 0.05034
523079 0.05007
523127 0.05035
523151 0.0502
523175 0.05037
523199 0.05009
523223 0.05038
523247 0.04997
523271 0.05022
523319 0.04993
523367 0.04927
523655 0.0502
523703 0.05021
523727 0.05033
523751 0.0505
523775 0.05023
523799 0.04985
523823 0.05024
523871 0.05025
523967 0.05048
523991 0.05028
524159 0.05013
524207 0.05001
524303 0.05041
524327 0.05047
524375 0.04966
524399 0.05049
524423 0.05039
524471 0.05046
524495 0.05051
524543 0.05041
524567 0.05049
524615 0.05049
524639 0.04972
524687 0.05051
524759 0.05046
524783 0.04975
524879 0.04977
524927 0.05047
524975 0.05051
525023 0.04946
525047 0.05033
525071 0.05049
525215 0.05037
525239 0.05036
525311 0.04958
525335 0.05044
525383 0.05048
525455 0.05032
525479 0.05032
525503 0.05041
525527 0.05045
525575 0.05046
525623 0.04974
525647 0.05049
525695 0.05014
525743 0.05036
525791 0.05051
525815 0.05046
525863 0.05045
525911 0.05033
525935 0.04973
525959 0.05048
526007 0.05047
526031 0.05041
526103 0.04998
526151 0.05019
526175 0.05044
526247 0.05017
526295 0.05036
526343 0.05025
526415 0.05023
526439 0.05039
526535 0.05012
526607 0.05004
526631 0.05035
526727 0.05028
526751 0.05021
526775 0.05032
526823 0.05026
526847 0.05015
526919 0.05009
526967 0.05028
526991 0.05019
527015 0.05028
527039 0.04999
527111 0.05021
527183 0.05032
527255 0.05023
527279 0.05023
527375 0.05028
527519 0.05025
527543 0.04971
527567 0.05026
527615 0.05033
527711 0.05014
527735 0.05044
527759 0.05031
527783 0.05037
527831 0.05032
527855 0.05047
527879 0.05018
527903 0.05006
527927 0.05041
527951 0.05005
527975 0.04994
527999 0.05051
528023 0.05051
528047 0.05044
528119 0.05024
528143 0.05001
528239 0.0498
528287 0.05049
528311 0.05003
528359 0.05045
528407 0.04996
528431 0.05046
528479 0.05042
528503 0.05042
528551 0.05034
528575 0.04993
528599 0.04988
528671 0.05045
528695 0.05045
528743 0.05037
528767 0.04994
528815 0.05047
528839 0.05047
528887 0.05042
528935 0.0504
528959 0.05045
528983 0.05039
529031 0.05006
529055 0.05006
529079 0.05042
529151 0.05041
529175 0.05049
529223 0.0501
529247 0.04994
529295 0.05012
529367 0.05013
529391 0.05007
529463 0.0503
529511 0.05047
529583 0.04963
529631 0.05044
529655 0.05031
529679 0.05004
529799 0.05016
529895 0.05022
529943 0.05014
529991 0.05025
530015 0.05037
530039 0.05024
530135 0.05031
530159 0.04944
530207 0.05033
530255 0.05034
530327 0.05019
530375 0.05037
530399 0.0503
530471 0.05028
530519 0.05024
530543 0.05034
530591 0.05035
530639 0.05027
530687 0.05034
530735 0.05038
530759 0.0503
530783 0.05046
530903 0.05049
530951 0.0505
530975 0.05006
530999 0.05018
531047 0.05005
531119 0.05047
531167 0.05047
531191 0.05046
531311 0.0505
531335 0.0505
531407 0.05051
531431 0.04998
531503 0.05047
531527 0.05049
531575 0.05048
531599 0.05004
531647 0.05047
531671 0.05051
531695 0.04988
531719 0.0505
531743 0.05042
531767 0.04938
531791 0.05049
531839 0.05009
531887 0.0501
531935 0.05033
531959 0.05046
532031 0.05014
532103 0.05037
532127 0.05037
532151 0.05029
532175 0.05037
532223 0.04992
532247 0.0504
532271 0.05027
532319 0.05039
532343 0.05025
532415 0.05023
532463 0.05029
532487 0.0499
532511 0.0503
532535 0.05047
532583 0.05048
532631 0.05028
532679 0.05032
532703 0.05033
532727 0.05031
532775 0.05035
532799 0.05032
532847 0.05029
532871 0.05033
532895 0.05048
532943 0.05039
532967 0.05046
532991 0.0504
533015 0.05027
533039 0.05037
533087 0.05038
533159 0.05023
533183 0.0496
533207 0.04977
533231 0.05041
533255 0.05041
533279 0.05021
533351 0.05039
533423 0.05038
533471 0.05047
533519 0.0505
533567 0.04953
533591 0.05007
533615 0.0505
533639 0.05048
533687 0.05043
533759 0.05049
533783 0.04998
533807 0.05048
533855 0.05047
533903 0.05004
534095 0.05039
534119 0.05005
534143 0.05049
534191 0.05041
534215 0.05023
534239 0.0504
534263 0.05036
534287 0.04945
534359 0.05041
534383 0.05042
534455 0.05043
534503 0.05031
534527 0.04997
534551 0.05046
534575 0.05041
534599 0.05033
534623 0.05029
534695 0.05014
534719 0.05031
534743 0.05013
534767 0.05012
534791 0.05037
534863 0.05049
534887 0.05027
534911 0.05027
534935 0.05034
534959 0.05023
534983 0.05047
535007 0.04993
535055 0.05024
535079 0.04942
535199 0.05043
535223 0.05042
535247 0.05021
535295 0.05024
535343 0.0504
535415 0.05027
535463 0.05024
535535 0.05037
535559 0.05012
535583 0.04997
535631 0.05013
535655 0.0502
535703 0.05009
535775 0.05032
535799 0.05035
535823 0.05031
535847 0.05017
535871 0.0503
535895 0.0503
536039 0.05003
536183 0.04959
536207 0.04996
536303 0.05008
536375 0.05025
536471 0.05051
536495 0.05027
536519 0.05018
536663 0.05006
536759 0.05046
536783 0.04997
536807 0.05045
536831 0.05044
536855 0.05036
536927 0.05012
536951 0.05001
536975 0.05013
537047 0.0504
537095 0.05016
537119 0.04982
537167 0.05038
537239 0.05005
537311 0.05021
537359 0.05034
537383 0.05048
537407 0.05048
537431 0.04987
537455 0.05033
537479 0.04979
537503 0.05
537551 0.04999
537575 0.0505
537623 0.05028
537647 0.05029
537671 0.05029
537695 0.05028
537719 0.04996
537767 0.05046
537791 0.05046
537839 0.04994
537887 0.05034
537911 0.05044
537935 0.05043
537959 0.05023
537983 0.05037
538007 0.05037
538055 0.04993
538103 0.04989
538175 0.05041
538295 0.05032
538319 0.05016
538415 0.05002
538439 0.05014
538463 0.05048
538535 0.05049
538559 0.04984
538607 0.05031
538655 0.0504
538775 0.05008
538847 0.05047
538895 0.05025
538919 0.05046
538967 0.05044
539015 0.05023
539087 0.05017
539183 0.0502
539255 0.05049
539279 0.0501
539327 0.05012
539375 0.05003
539399 0.04996
539423 0.05046
539471 0.05026
539495 0.05044
539519 0.05016
539543 0.05027
539807 0.05023
539831 0.05028
539879 0.05024
539903 0.05037
539927 0.05036
539951 0.05037
539975 0.05026
539999 0.04933
540023 0.0494
540047 0.05039
540095 0.05019
540143 0.05002
540191 0.05031
540215 0.05043
540239 0.0503
540311 0.05034
540335 0.0502
540359 0.0493
540431 0.05048
540455 0.05027
540479 0.05038
540503 0.05025
540551 0.0504
540575 0.05051
540623 0.04942
540647 0.05013
540671 0.05027
540767 0.0497
540791 0.05045
540815 0.0499
540911 0.05045
540959 0.05049
540983 0.05043
541031 0.05042
541079 0.05042
541103 0.04984
541127 0.0505
541175 0.05049
541199 0.05044
541223 0.04977
541247 0.05047
541295 0.05046
541319 0.05042
541343 0.0501
541487 0.05051
541535 0.0505
541559 0.05042
541607 0.05049
541679 0.05005
541703 0.05003
541775 0.05007
541847 0.05036
542015 0.05033
542039 0.04916
542087 0.05044
542135 0.05039
542159 0.05038
542231 0.05037
542255 0.05041
542303 0.05031
542327 0.05035
542351 0.05039
542375 0.05039
542399 0.05026
542471 0.05035
542543 0.05014
542639 0.0503
542711 0.05028
542807 0.05042
542879 0.05025
542903 0.05045
542927 0.05045
542975 0.0502
543047 0.05022
543071 0.05048
543095 0.05049
543119 0.05025
543167 0.05051
543191 0.05051
543239 0.0501
543263 0.0505
543335 0.05021
543431 0.05046
543455 0.05045
543479 0.05046
543527 0.05033
543575 0.05044
543599 0.05016
543623 0.05031
543647 0.05036
543743 0.05034
543815 0.0504
543839 0.05009
543863 0.05048
543935 0.05037
543983 0.05039
544055 0.05045
544079 0.04995
544127 0.05006
544151 0.05043
544271 0.05041
544295 0.0505
544319 0.0504
544343 0.04981
544391 0.05049
544439 0.05049
544463 0.05024
544511 0.05036
544583 0.05025
544655 0.05048
544679 0.04961
544751 0.05046
544775 0.05043
544799 0.05031
544823 0.0503
544847 0.05041
544871 0.05044
544895 0.05029
544967 0.05042
544991 0.04986
545015 0.05027
545111 0.05019
545135 0.05039
545159 0.05035
545207 0.05035
545255 0.05037
545303 0.05043
545327 0.05036
545351 0.05044
545375 0.05044
545423 0.05026
545447 0.05033
545471 0.05033
545495 0.05029
545519 0.05048
545591 0.05049
545615 0.0505
545639 0.04919
545687 0.05026
545807 0.05024
545831 0.05035
545879 0.05047
545903 0.05047
545927 0.05
545951 0.05046
545975 0.05045
545999 0.05039
546095 0.05043
546143 0.04948
546167 0.0502
546191 0.05016
546215 0.05005
546311 0.05039
546383 0.05047
546407 0.05012
546455 0.05049
546503 0.05014
546527 0.05032
546551 0.05035
546623 0.05033
546647 0.05011
546695 0.05006
546743 0.04938
546767 0.04984
546791 0.05046
546839 0.05039
546887 0.0504
546911 0.05044
546983 0.04991
547031 0.05043
547055 0.05044
547127 0.04999
547175 0.05047
547199 0.05023
547295 0.05037
547319 0.04996
547367 0.05051
547391 0.04998
547415 0.05035
547439 0.05023
547463 0.04941
547511 0.04981
547607 0.05027
547655 0.04993
547751 0.05044
547775 0.05031
547799 0.05012
547847 0.05009
547919 0.04985
547943 0.04988
547967 0.05035
547991 0.04987
548015 0.05039
548063 0.05023
548087 0.05038
548111 0.05015
548135 0.05037
548183 0.05021
548207 0.0504
548231 0.05035
548255 0.04979
548279 0.05042
548375 0.05001
548447 0.04978
548471 0.05046
548495 0.0503
548663 0.05027
548711 0.0497
548735 0.0505
548759 0.0501
548855 0.05048
548879 0.05008
548975 0.05022
548999 0.05021
549047 0.05036
549143 0.05003
549191 0.04999
549239 0.05041
549263 0.05001
549287 0.04982
549311 0.05042
549359 0.05039
549383 0.05043
549407 0.05038
549575 0.05011
549599 0.0501
549671 0.04975
549695 0.05032
549743 0.04992
549791 0.0505
549815 0.05049
549959 0.05028
550055 0.05026
550079 0.04986
550175 0.04986
550223 0.05003
550247 0.05022
550271 0.05041
550319 0.05021
550343 0.0489
550367 0.05025
550391 0.04996
550487 0.05009
550511 0.05037
550535 0.05036
550559 0.04937
550655 0.05015
550727 0.05014
550751 0.05015
550799 0.05035
550823 0.05031
550871 0.0503
550919 0.05038
550943 0.04933
550967 0.05039
551015 0.0504
551087 0.05041
551135 0.05006
551183 0.05024
551279 0.05046
551303 0.05022
551327 0.05022
551351 0.04994
551375 0.05029
551447 0.04921
551471 0.05032
551495 0.05051
551567 0.04974
551591 0.0505
551639 0.05019
551687 0.05015
551711 0.05037
551807 0.05046
551831 0.05023
551855 0.05045
551879 0.05044
551903 0.04938
552023 0.04935
552119 0.05029
552215 0.05038
552287 0.05037
552311 0.0505
552359 0.05035
552407 0.05017
552479 0.05038
552575 0.05021
552599 0.05031
552623 0.05046
552647 0.04941
552671 0.05045
552695 0.05029
552719 0.05043
552743 0.05044
552863 0.05046
552911 0.05029
552959 0.05025
553007 0.04873
553031 0.0505
553055 0.05038
553079 0.05051
553127 0.05037
553151 0.0505
553175 0.05049
553199 0.05035
553223 0.05035
553247 0.04968
553271 0.05034
553319 0.05038
553367 0.04957
553391 0.04965
553415 0.05031
553487 0.05042
553511 0.0503
553535 0.05043
553559 0.05042
553631 0.05045
553679 0.0504
553775 0.05025
553799 0.05049
553823 0.05038
553847 0.05009
553871 0.04976
553895 0.05008
553967 0.04974
554015 0.05049
554039 0.05034
554063 0.05033
554111 0.04974
554135 0.05047
554159 0.0492
554183 0.05031
554231 0.04922
554255 0.05016
554279 0.05044
554327 0.04892
554375 0.05043
554399 0.04947
554423 0.04981
554471 0.05041
554543 0.04929
554567 0.04955
554591 0.0501
554783 0.04851
554807 0.04991
554831 0.0499
554903 0.04943
554975 0.05003
555023 0.04965
555047 0.04987
555095 0.04954
555191 0.04998
555239 0.04983
555263 0.04998
555311 0.05001
555335 0.05025
555407 0.04995
555431 0.04891
555503 0.05005
555527 0.04919
555551 0.05006
555575 0.04992
555599 0.04947
555623 0.05008
555647 0.05008
555695 0.0499
555719 0.05003
555791 0.05017
555815 0.05016
555839 0.05016
555863 0.05001
555887 0.04897
555911 0.05
555959 0.04971
555983 0.04998
556079 0.04968
556127 0.05011
556151 0.05019
556175 0.0501
556199 0.04966
556247 0.04965
556295 0.05023
556319 0.05007
556415 0.04977
556463 0.0494
556511 0.05027
556535 0.05028
556631 0.0497
556655 0.05031
556703 0.04983
556751 0.05004
556775 0.04999
556871 0.05006
556919 0.04982
556991 0.04983
557015 0.0501
557039 0.04979
557063 0.04951
557111 0.05012
557231 0.05043
557255 0.05015
557279 0.0499
557351 0.05046
557375 0.05018
557399 0.04992
557447 0.04987
557471 0.05049
557543 0.04962
557615 0.04984
557735 0.05006
557783 0.04996
557855 0.05046
557951 0.0503
557975 0.05
558023 0.05006
558047 0.04948
558071 0.05033
558095 0.04976
558119 0.04882
558143 0.05041
558191 0.0504
558239 0.04977
558311 0.04981
558359 0.0498
558407 0.04858
558455 0.05035
558527 0.05043
558551 0.05044
558575 0.05044
558623 0.05014
558671 0.05027
558695 0.04989
558767 0.04862
558815 0.05029
558839 0.05024
558911 0.0505
558935 0.04886
558959 0.05022
558983 0.04813
559007 0.05049
559055 0.05048
559103 0.05047
559127 0.04929
559175 0.05046
559199 0.05032
559271 0.04927
559295 0.05044
559391 0.05043
559415 0.05018
559439 0.05004
559463 0.0504
559535 0.05046
559559 0.0504
559655 0.05049
559727 0.0505
559751 0.05044
559775 0.05051
559847 0.04932
559919 0.04943
559943 0.05048
560087 0.04898
560111 0.0505
560183 0.05049
560255 0.05003
560279 0.05051
560303 0.05051
560327 0.04943
560351 0.05026
560399 0.05045
560423 0.0492
560495 0.05038
560567 0.04932
560591 0.05029
560615 0.05035
560663 0.0504
560687 0.05033
560735 0.05034
560759 0.04953
560807 0.04911
560831 0.05037
560855 0.04912
560903 0.0504
560927 0.04991
560951 0.05039
560975 0.0504
560999 0.05038
561023 0.05039
561119 0.05036
561143 0.04811
561167 0.04893
561215 0.04986
561263 0.05029
561287 0.04877
561311 0.04922
561335 0.04922
561383 0.05031
561407 0.04967
561431 0.05021
561503 0.05049
561527 0.0498
561575 0.0505
561623 0.0505
561647 0.05001
561719 0.05025
561791 0.05047
561863 0.05023
561935 0.04996
561959 0.05021
562031 0.05041
562055 0.05041
562127 0.05008
562151 0.05017
562175 0.04904
562247 0.04991
562319 0.04901
562343 0.04837
562367 0.04988
562391 0.05035
562415 0.05035
562487 0.04948
562511 0.05011
562559 0.04992
562655 0.04983
562751 0.05007
562775 0.04996
562799 0.05002
562823 0.05027
562847 0.04704
562895 0.05
562919 0.05004
562991 0.05002
563063 0.05002
563087 0.05023
563111 0.04991
563135 0.05023
563159 0.04962
563207 0.04989
563231 0.05021
563255 0.05007
563279 0.05007
563375 0.05017
563399 0.04995
563471 0.05017
563495 0.04993
563615 0.04987
563639 0.05016
563687 0.05017
563735 0.05013
563783 0.04984
563807 0.05019
563879 0.0502
563903 0.0501
563927 0.04976
563951 0.04982
563975 0.04977
564023 0.04806
564047 0.04982
564095 0.05026
564119 0.05026
564167 0.05003
564287 0.04932
564311 0.05001
564335 0.04988
564431 0.05
564455 0.05034
564479 0.05034
564503 0.05034
564527 0.04997
564575 0.04998
564647 0.04948
564719 0.05039
564743 0.04993
564815 0.04995
564887 0.05043
564935 0.05001
565007 0.04942
565031 0.05
565103 0.04988
565151 0.05049
565175 0.05049
565223 0.04986
565271 0.05051
565295 0.05005
565367 0.04945
565535 0.05014
565607 0.05045
565679 0.05044
565703 0.04978
565751 0.05043
565775 0.05042
565823 0.04952
565847 0.04979
565871 0.05018
565895 0.04973
565967 0.05024
566015 0.04982
566039 0.04945
566063 0.05022
566087 0.04969
566111 0.04971
566159 0.05035
566207 0.04967
566255 0.05034
566303 0.0494
566327 0.05032
566351 0.04965
566375 0.05031
566399 0.05031
566423 0.0503
566447 0.0503
566471 0.0503
566495 0.0503
566519 0.05036
566591 0.05027
566615 0.05034
566663 0.05035
566711 0.04933
566735 0.05041
566783 0.05038
566927 0.05041
566951 0.05042
566975 0.04881
567023 0.0502
567047 0.05005
567071 0.04952
567095 0.05045
567167 0.05017
567191 0.05017
567215 0.05051
567239 0.0505
567311 0.05049
567431 0.0505
567455 0.05047
567479 0.05011
567503 0.05012
567551 0.05048
567575 0.0501
567599 0.05017
567623 0.05047
567671 0.05043
567791 0.0494
567839 0.05006
567911 0.05042
567935 0.05024
567959 0.05003
568031 0.0494
568055 0.04937
568079 0.05036
568103 0.05038
568127 0.05
568175 0.05037
568199 0.05033
568223 0.04934
568247 0.05033
568271 0.04997
568319 0.05033
568343 0.05034
568463 0.0495
568487 0.05013
568535 0.05037
568559 0.05027
568583 0.04993
568607 0.05039
568703 0.04976
568727 0.05027
568775 0.05026
568799 0.05043
568847 0.04987
568871 0.04988
568919 0.05022
568943 0.04986
569015 0.05024
569039 0.05019
569063 0.04984
569087 0.05049
569183 0.04982
569207 0.05028
569255 0.04988
569303 0.05017
569327 0.05048
569351 0.05031
569399 0.05047
569519 0.04787
569543 0.04994
569567 0.05036
569591 0.05012
569615 0.04995
569639 0.05043
569783 0.05009
569855 0.0497
569879 0.05043
569951 0.05003
569975 0.05045
569999 0.05045
570023 0.05004
570095 0.05005
570167 0.04964
570239 0.05051
570263 0.0501
570287 0.05031
570311 0.0505
570431 0.05029
570455 0.05014
570479 0.05047
570503 0.04994
570575 0.05045
570599 0.04996
570623 0.05017
570647 0.05025
570695 0.04989
570767 0.05023
570791 0.05
570815 0.05022
570863 0.04865
570911 0.05039
570935 0.05024
571007 0.05025
571079 0.05026
571103 0.04949
571127 0.04882
571151 0.05008
571175 0.05035
571247 0.05034
571271 0.05033
571343 0.05012
571367 0.05033
571391 0.05034
571415 0.05035
571487 0.05035
571511 0.05016
571535 0.05037
571559 0.05037
571607 0.05027
571631 0.05039
571655 0.05039
571727 0.05006
571775 0.05042
571895 0.05024
571919 0.05025
571943 0.05046
571991 0.05046
572039 0.04966
572111 0.05049
572135 0.04999
572279 0.04996
572375 0.05048
572447 0.05047
572495 0.05037
572591 0.04991
572615 0.05043
572663 0.05042
572783 0.04996
572831 0.05044
572975 0.05038
572999 0.05037
573023 0.05002
573071 0.04989
573095 0.05013
573167 0.05034
573191 0.0505
573287 0.04947
573311 0.04866
573335 0.04866
573359 0.05009
573407 0.0503
573431 0.0503
573551 0.05027
573575 0.05027
573623 0.05001
573695 0.05041
573815 0.05023
573839 0.0503
573911 0.05037
573935 0.05037
573959 0.05037
573983 0.05019
574007 0.0502
574055 0.05024
574103 0.05034
574151 0.05026
574175 0.05037
574199 0.05037
574247 0.05015
574271 0.05015
574319 0.0503
574343 0.0503
574391 0.05041
574463 0.05033
574535 0.05026
574559 0.04942
574583 0.05026
574655 0.05037
574679 0.05048
574751 0.05025
574775 0.05022
574847 0.05051
574895 0.0505
574919 0.05004
574943 0.05043
574991 0.05018
575015 0.05048
575039 0.05047
575135 0.05047
575183 0.04878
575207 0.04911
575255 0.05044
575279 0.0505
575327 0.04912
575399 0.0505
575423 0.05011
575447 0.0504
575543 0.04886
575639 0.05045
575663 0.05044
575735 0.05044
575759 0.05046
575783 0.05043
575831 0.04988
575855 0.0492
575879 0.05049
575927 0.05032
575951 0.05031
575975 0.05051
575999 0.0505
576047 0.04984
576071 0.05049
576095 0.05049
576191 0.05036
576239 0.05046
576263 0.05046
576311 0.0498
576335 0.05045
576359 0.05044
576407 0.04982
576455 0.04993
576503 0.0503
576575 0.0504
576623 0.05028
576695 0.05019
576719 0.04989
576767 0.0499
576839 0.04991
576887 0.04936
576911 0.05035
576935 0.05014
576959 0.05022
577031 0.04995
577055 0.04996
577079 0.04996
577103 0.0495
577127 0.05011
577175 0.04981
577319 0.05027
577343 0.04952
577367 0.05007
577415 0.05014
577487 0.05005
577535 0.05012
577583 0.05023
577607 0.04957
577631 0.05011
577655 0.0501
577679 0.05009
577727 0.0496
577775 0.05019
577823 0.05007
577847 0.04957
577871 0.04958
577895 0.05017
577967 0.0496
577991 0.05016
578039 0.0497
578087 0.05018
578111 0.05019
578135 0.04994
578159 0.0502
578231 0.04962
578255 0.05022
578303 0.04975
578351 0.05024
578375 0.05024
578423 0.04947
578447 0.04948
578471 0.04988
578495 0.04979
578519 0.04972
578543 0.0498
578567 0.05028
578615 0.05005
578639 0.04955
578711 0.05003
578735 0.05003
578759 0.05002
578783 0.04983
578807 0.04983
578831 0.04984
578879 0.05035
578927 0.05036
578951 0.04986
578975 0.04987
579071 0.04989
579095 0.04997
579143 0.04984
579167 0.04976
579191 0.04991
579215 0.04995
579359 0.04981
579383 0.04998
579431 0.04991
579479 0.05
579575 0.0505
579599 0.0505
579623 0.04962
579647 0.05001
579719 0.04997
579743 0.04951
579767 0.05049
579791 0.05048
579839 0.04984
579911 0.05046
580007 0.05044
580055 0.0498
580103 0.05014
580127 0.05042
580151 0.05015
580199 0.05041
580271 0.0504
580295 0.05015
580319 0.0501
580367 0.05011
580415 0.04979
580439 0.05013
580511 0.04937
580559 0.05023
580679 0.05018
580727 0.05032
580751 0.05032
580775 0.05031
580799 0.05029
580847 0.04911
580895 0.05028
580967 0.04946
580991 0.05033
581015 0.05033
581135 0.05036
581159 0.04949
581231 0.05038
581255 0.05038
581279 0.04934
581399 0.04922
581423 0.05042
581495 0.05043
581567 0.05042
581591 0.05017
581615 0.05046
581711 0.0504
581735 0.05015
581759 0.04962
581783 0.05019
581807 0.05019
581879 0.0501
581951 0.05049
581975 0.05049
581999 0.05049
582047 0.0505
582071 0.0505
582095 0.05014
582191 0.0505
582287 0.0503
582311 0.05019
582335 0.05045
582359 0.04975
582383 0.04976
582407 0.05044
582431 0.05022
582479 0.05047
582503 0.05023
582575 0.05039
582599 0.04948
582671 0.05013
582743 0.05039
582815 0.05037
582839 0.04967
582935 0.05032
583055 0.05046
583079 0.05035
583103 0.05032
583175 0.05035
583199 0.05028
583223 0.04994
583247 0.05034
583295 0.05033
583319 0.05026
583343 0.05041
583415 0.05042
583439 0.05029
583463 0.04999
583487 0.0503
583583 0.05002
583607 0.05046
583679 0.05003
583703 0.05044
583751 0.05043
583775 0.05036
583799 0.04931
583823 0.05051
583871 0.05041
583895 0.0505
584039 0.05047
584087 0.05037
584159 0.05045
584231 0.05035
584255 0.05046
584327 0.05011
584351 0.05048
584375 0.05041
584423 0.04983
584495 0.05021
584543 0.05005
584567 0.05023
584591 0.05022
584711 0.05047
584735 0.05046
584783 0.05025
584807 0.05028
584855 0.05002
584975 0.05031
585047 0.05033
585095 0.05029
585143 0.05035
585191 0.05036
585239 0.04955
585287 0.05037
585311 0.05038
585335 0.05038
585359 0.05006
585407 0.04997
585431 0.05041
585455 0.0504
585479 0.05034
585575 0.05043
585599 0.04993
585623 0.05031
585647 0.05026
585695 0.05046
585719 0.04985
585767 0.05029
585887 0.04984
585935 0.05032
585983 0.05025
586031 0.05034
586055 0.05035
586127 0.05048
586151 0.05019
586175 0.05037
586199 0.04983
586223 0.05046
586247 0.05046
586271 0.05046
586343 0.04974
586391 0.05043
586415 0.05042
586487 0.05041
586559 0.04977
586583 0.04972
586607 0.05046
586727 0.05049
586751 0.05049
586799 0.05036
586847 0.05036
586895 0.05034
586991 0.05048
587015 0.05032
587039 0.05032
587159 0.05005
587183 0.05041
587207 0.05042
587255 0.05003
587279 0.05047
587351 0.05048
587375 0.05045
587399 0.05041
587423 0.05025
587471 0.05009
587543 0.04998
587567 0.05038
587591 0.04989
587615 0.05022
587639 0.05048
587663 0.04996
587735 0.0505
587759 0.05046
587831 0.04956
587903 0.04992
587951 0.05017
587975 0.05045
588023 0.05045
588071 0.05041
588143 0.04946
588287 0.05037
588335 0.05027
588407 0.0502
588431 0.05023
588455 0.05029
588479 0.05034
588527 0.05006
588551 0.05023
588575 0.05035
588599 0.05024
588671 0.05026
588695 0.05003
588719 0.05019
588791 0.05036
588863 0.05038
588887 0.0503
588983 0.0504
589007 0.05033
589031 0.05041
589151 0.04982
589175 0.05045
589199 0.05037
589223 0.05024
589295 0.05023
589319 0.05026
589343 0.04923
589367 0.05027
589487 0.0502
589511 0.04989
589535 0.05022
589559 0.05031
589631 0.05014
589655 0.05024
589703 0.05016
589727 0.05016
589775 0.05027
589799 0.05049
589823 0.05028
589871 0.04997
589943 0.04982
589967 0.05039
589991 0.05011
590015 0.05042
590039 0.05042
590063 0.0501
590087 0.05006
590111 0.05047
590159 0.05043
590231 0.05045
590303 0.05037
590351 0.04991
590375 0.0504
590423 0.05035
590447 0.05041
590519 0.0504
590591 0.0505
590615 0.0505
590663 0.05031
590687 0.05046
590711 0.05047
590759 0.05047
590831 0.05049
590879 0.05045
590927 0.05033
590951 0.05044
590975 0.0505
590999 0.05043
591047 0.05031
591071 0.05042
591119 0.05041
591167 0.05047
591191 0.05022
591215 0.05046
591239 0.05039
591311 0.05038
591335 0.05044
591359 0.04974
591455 0.05042
591479 0.05017
591527 0.05041
591551 0.0504
591575 0.05033
591671 0.05035
591695 0.0502
591767 0.0503
591815 0.05038
591839 0.04977
591911 0.0501
591983 0.05033
592007 0.05042
592031 0.05014
592079 0.05025
592103 0.04946
592127 0.05044
592151 0.05012
592175 0.05045
592247 0.0502
592271 0.05028
592295 0.05048
592415 0.05001
592487 0.0505
592511 0.05017
592535 0.05026
592559 0.05016
592607 0.05022
592655 0.05048
592679 0.04997
592703 0.05047
592751 0.04962
592775 0.05031
592799 0.05012
592823 0.05045
592871 0.05018
592943 0.04992
593039 0.04997
593063 0.05037
593135 0.05039
593255 0.05005
593279 0.05004
593375 0.05043
593423 0.05044
593471 0.05008
593495 0.05033
593543 0.05047
593591 0.04948
593615 0.05031
593639 0.04939
593687 0.0503
593759 0.04996
593831 0.0505
593855 0.05049
593879 0.04977
593927 0.04993
593975 0.04999
594071 0.04991
594167 0.05044
594239 0.05006
594383 0.04822
594479 0.05011
594503 0.05016
594527 0.05012
594575 0.05037
594599 0.04982
594623 0.05036
594647 0.05014
594671 0.05015
594695 0.04963
594719 0.04962
594743 0.04936
594767 0.05034
594791 0.04986
594863 0.04984
594935 0.05031
594983 0.05008
595007 0.05022
595031 0.05029
595055 0.05029
595079 0.04963
595103 0.04896
595151 0.0498
595175 0.05027
595199 0.04921
595223 0.05026
595295 0.05028
595367 0.05002
595439 0.04977
595487 0.05
595511 0.04999
595559 0.04979
595583 0.04948
595607 0.0502
595631 0.05035
595679 0.05036
595727 0.05037
595775 0.04914
595799 0.05038
595823 0.04994
595871 0.0504
595919 0.04987
596063 0.05012
596087 0.05044
596111 0.04991
596207 0.0501
596255 0.04994
596303 0.04986
596375 0.05007
596447 0.05006
596471 0.04998
596519 0.05049
596567 0.04982
596591 0.05048
596615 0.05003
596639 0.05047
596687 0.05046
596711 0.05001
596735 0.05003
596759 0.05045
596783 0.04978
596807 0.04979
596855 0.05006
596951 0.04982
596975 0.04982
596999 0.05041
597023 0.04996
597071 0.0504
597119 0.05011
597143 0.04986
597167 0.05038
597287 0.04991
597311 0.05036
597335 0.05016
597431 0.04992
597455 0.04992
597479 0.05019
597503 0.04974
597575 0.04987
597647 0.04985
597695 0.05029
597719 0.04913
597743 0.04936
597791 0.04983
597839 0.05027
597863 0.05001
597887 0.05026
597959 0.05029
597983 0.04984
598031 0.0503
598103 0.04978
598175 0.05021
598199 0.05034
598223 0.05008
598247 0.04893
598271 0.04975
598343 0.04991
598367 0.05018
598415 0.04992
598511 0.0504
598535 0.05015
598559 0.04995
598583 0.04948
598607 0.05042
598655 0.05017
598679 0.05013
598703 0.04998
598751 0.05045
598775 0.0502
598847 0.0501
598871 0.04989
598895 0.05022
598919 0.04909
598943 0.04942
598991 0.0505
599015 0.04931
599063 0.05006
599111 0.0505
599327 0.05046
599351 0.05046
599375 0.04925
599447 0.05044
599471 0.0494
599495 0.05034
599543 0.04954
599567 0.04998
599639 0.05005
599711 0.04951
599735 0.0502
599807 0.05041
599879 0.04895
599903 0.04936
599975 0.05044
600023 0.05045
600047 0.05046
600095 0.04931
600119 0.05033
600191 0.05032
600215 0.05049
600263 0.04934
600383 0.04959
600479 0.05035
600527 0.05047
600575 0.05037
600599 0.04981
600647 0.05045
600671 0.05045
600695 0.05027
600743 0.0504
600767 0.05022
600839 0.05042
600863 0.05041
600887 0.05041
600911 0.05041
600935 0.05019
601007 0.05033
601055 0.05047
601103 0.0496
601151 0.05049
601175 0.05049
601199 0.0505
601271 0.04958
601295 0.04978
601343 0.0505
601367 0.05041
601391 0.05049
601463 0.05031
601511 0.05047
601535 0.05044
601559 0.05046
601703 0.05043
601775 0.05049
601847 0.05051
601871 0.05025
601895 0.05051
601967 0.04991
602063 0.05037
602159 0.05036
602183 0.05035
602207 0.04998
602231 0.05045
602255 0.05044
602303 0.04887
602327 0.05043
602399 0.05042
602423 0.05015
602447 0.04994
602471 0.05002
602495 0.0504
602519 0.0504
602567 0.05039
602591 0.04929
602615 0.04991
602663 0.05006
602783 0.05025
602807 0.05009
602855 0.05024
602879 0.04991
602903 0.05007
602927 0.04998
602975 0.04993
603143 0.05016
603167 0.05016
603215 0.05002
603239 0.04999
603263 0.05017
603287 0.05027
603335 0.05019
603383 0.0502
603479 0.04933
603527 0.0501
603551 0.05024
603575 0.05005
603599 0.05022
603671 0.05011
603767 0.05028
603839 0.05011
603911 0.05031
603983 0.05033
604127 0.05022
604151 0.05036
604175 0.05037
604199 0.05018
604247 0.05025
604271 0.05025
604295 0.0502
604367 0.05018
604391 0.05041
604415 0.05028
604463 0.04998
604511 0.0503
604607 0.0497
604631 0.05005
604655 0.05028
604679 0.05028
604751 0.05035
604775 0.05049
604847 0.0505
604871 0.05001
604895 0.05033
604919 0.05032
604967 0.04952
604991 0.05031
605015 0.05049
605063 0.04991
605111 0.04997
605135 0.05043
605183 0.04982
605207 0.05044
605279 0.05041
605303 0.05046
605327 0.04947
605351 0.05042
605375 0.05048
605399 0.04982
605447 0.05044
605495 0.05
605519 0.05045
605567 0.04989
605591 0.0499
605663 0.05038
605711 0.05037
605735 0.05048
605759 0.0505
605783 0.0505
605807 0.04995
605831 0.05035
605903 0.0505
605951 0.05049
605975 0.05051
605999 0.04936
606023 0.0505
606071 0.05047
606095 0.05042
606143 0.05048
606167 0.05045
606191 0.05045
606215 0.05044
606239 0.05044
606263 0.05046
606431 0.05043
606479 0.0504
606551 0.05041
606575 0.05038
606599 0.05038
606647 0.05032
606671 0.05039
606695 0.05036
606719 0.05036
606767 0.0503
606815 0.05035
606887 0.05036
606911 0.05032
606935 0.05033
607031 0.0503
607055 0.05033
607079 0.04971
607175 0.05028
607223 0.05012
607247 0.05022
607295 0.05027
607367 0.05028
607391 0.05038
607415 0.05027
607439 0.05039
607463 0.0504
607511 0.05041
607559 0.05042
607607 0.04982
607631 0.05005
607679 0.05044
607799 0.05047
607847 0.05017
607871 0.05037
607919 0.05049
607943 0.05018
608015 0.05051
608039 0.05014
608063 0.05014
608111 0.05041
608135 0.05049
608159 0.05012
608183 0.05048
608231 0.05044
608255 0.05047
608279 0.0501
608327 0.05046
608351 0.04967
608375 0.05011
608399 0.05045
608447 0.05048
608495 0.05049
608567 0.05051
608639 0.05004
608687 0.05003
608711 0.05049
608735 0.05005
608807 0.05047
608855 0.05003
608879 0.04999
608927 0.05045
608975 0.05044
609023 0.05034
609095 0.05012
609119 0.05033
609167 0.05013
609383 0.05038
609455 0.05027
609551 0.05004
609575 0.05035
609623 0.05024
609647 0.04987
609695 0.05015
609719 0.04987
609767 0.05031
609791 0.05026
609839 0.05027
609863 0.0502
609959 0.04918
609983 0.05028
610007 0.04984
610079 0.05023
610103 0.05026
610127 0.05016
610151 0.05033
610175 0.05025
610247 0.05019
610295 0.05027
610319 0.05037
610343 0.04979
610367 0.05021
610415 0.05011
610463 0.05011
610535 0.05009
610607 0.05043
610727 0.05045
610751 0.04987
610775 0.05046
610871 0.05018
610895 0.05013
610991 0.04984
611039 0.04993
611087 0.05022
611135 0.05037
611159 0.05049
611183 0.05038
611231 0.05039
611303 0.04961
611327 0.05046
611351 0.05049
611375 0.05041
611399 0.0505
611423 0.05029
611471 0.05043
611519 0.0505
611687 0.05047
611759 0.05046
611783 0.0505
611807 0.05045
611855 0.0501
611975 0.05049
612095 0.05047
612143 0.05044
612167 0.05039
612191 0.05032
612239 0.05031
612287 0.0503
612335 0.05048
612359 0.05036
612431 0.05035
612455 0.0505
612479 0.05034
612527 0.0504
612551 0.05015
612575 0.05039
612623 0.04985
612695 0.05037
612743 0.05047
612767 0.05029
612815 0.05035
612839 0.05028
612935 0.05044
613079 0.04861
613103 0.05041
613127 0.04916
613151 0.05036
613175 0.0504
613223 0.05037
613271 0.05038
613295 0.05038
613319 0.05023
613343 0.05037
613391 0.05036
613415 0.05036
613511 0.05043
613535 0.05017
613583 0.05033
613631 0.05022
613655 0.05046
613679 0.0503
613703 0.05047
613727 0.0502
613751 0.05039
613775 0.05049
613799 0.04876
613823 0.05049
613847 0.05012
613895 0.05042
613919 0.04878
613991 0.05027
614015 0.05045
614039 0.05049
614087 0.05025
614111 0.05048
614159 0.05047
614231 0.05041
614255 0.05005
614327 0.05043
614351 0.05051
614375 0.05043
614399 0.0505
614423 0.0505
614447 0.05019
614471 0.05019
614495 0.05046
614591 0.05047
614615 0.05049
614663 0.05005
614711 0.04991
614735 0.05037
614783 0.05014
614807 0.0505
614879 0.05035
614903 0.0489
614951 0.05034
614975 0.0504
614999 0.0504
615023 0.0501
615071 0.04998
615095 0.05039
615119 0.05038
615143 0.05008
615191 0.05043
615215 0.05043
615287 0.04981
615311 0.05041
615335 0.05041
615359 0.05034
615383 0.0494
615503 0.04963
615527 0.05002
615551 0.05037
615575 0.05037
615647 0.05036
615695 0.05035
615791 0.05027
615815 0.04997
615911 0.05018
615935 0.05025
615959 0.04961
615983 0.05024
616055 0.05029
616127 0.04987
616175 0.05014
616199 0.05027
616247 0.05026
616271 0.04979
616319 0.04908
616343 0.0498
616415 0.05017
616487 0.04995
616511 0.04986
616559 0.05008
616631 0.0502
616655 0.05019
616727 0.05
616751 0.05018
616775 0.05004
616823 0.0501
616847 0.05002
616919 0.05009
617015 0.05014
617063 0.05007
617159 0.05008
617207 0.0501
617255 0.04998
617279 0.04996
617303 0.05012
617351 0.05012
617375 0.05001
617399 0.05007
617519 0.04999
617567 0.04952
617615 0.04997
617663 0.05006
617711 0.0502
617783 0.04998
617807 0.05022
617855 0.05022
617903 0.05024
617927 0.05023
617975 0.05002
617999 0.04991
618047 0.05027
618071 0.05027
618143 0.05029
618191 0.0503
618215 0.05029
618239 0.04941
618263 0.05018
618431 0.05021
618455 0.05011
618479 0.05012
618527 0.05035
618551 0.05037
618575 0.05036
618623 0.04974
618647 0.05039
618695 0.0504
618743 0.05041
618767 0.0504
618815 0.05019
618839 0.05019
618863 0.05043
618911 0.05031
618983 0.04961
619031 0.04975
619103 0.05035
619127 0.05048
619151 0.05049
619175 0.05049
619199 0.05049
619271 0.0505
619295 0.05028
619343 0.05029
619367 0.04979
619415 0.05049
619439 0.0497
619463 0.04971
619487 0.05042
619535 0.05047
619559 0.05047
619631 0.05045
619679 0.04964
619703 0.05044
619727 0.05044
619751 0.05048
619775 0.05038
619823 0.05042
619919 0.05041
619943 0.04991
619991 0.0505
620015 0.05
620039 0.05043
620063 0.05049
620135 0.04984
620207 0.04996
620231 0.05035
620255 0.05045
620279 0.05048
620327 0.05034
620375 0.0505
620399 0.0499
620423 0.04945
620447 0.05042
620471 0.0505
620495 0.04991
620543 0.05049
620591 0.0504
620687 0.05038
620711 0.05038
620879 0.05044
620903 0.0501
620951 0.05043
620975 0.05042
621023 0.05022
621071 0.05032
621095 0.04978
621119 0.04948
621191 0.05016
621215 0.05024
621263 0.05019
621287 0.05029
621311 0.04941
621335 0.05026
621383 0.05027
621407 0.05027
621479 0.05011
621575 0.05033
621743 0.05027
621767 0.05027
621791 0.04937
621839 0.05018
621887 0.05009
621935 0.05031
622007 0.05007
622031 0.05025
622055 0.05041
622079 0.04932
622127 0.05042
622199 0.05022
622223 0.05026
622271 0.05037
622343 0.05039
622391 0.0504
622439 0.04948
622463 0.05018
622487 0.04977
622511 0.05017
622535 0.0505
622583 0.04997
622631 0.05034
622655 0.05034
622679 0.05035
622727 0.05011
622775 0.04955
622799 0.04955
622823 0.04907
622847 0.05047
622871 0.05046
622895 0.05003
623015 0.05009
623039 0.05042
623087 0.05049
623111 0.05018
623135 0.04989
623159 0.04963
623183 0.05007
623231 0.0504
623255 0.05046
623375 0.05049
623447 0.05043
623471 0.04996
623567 0.05035
623615 0.05041
623639 0.05034
623663 0.05
623687 0.05033
623735 0.05047
623783 0.05038
623807 0.04988
623831 0.05045
623903 0.05044
623927 0.05005
623951 0.05035
623975 0.04994
623999 0.05043
624023 0.04994
624143 0.0504
624167 0.05025
624239 0.04984
624263 0.04989
624287 0.05042
624335 0.05037
624359 0.05022
624383 0.05028
624407 0.05044
624431 0.05045
624455 0.04968
624527 0.05047
624551 0.05019
624623 0.05024
624647 0.04975
624671 0.05032
624695 0.0505
624743 0.05022
624767 0.05051
624815 0.05015
624863 0.05029
624959 0.04998
625055 0.05026
625079 0.04992
625151 0.05016
625175 0.05009
625223 0.05031
625247 0.05031
625295 0.05042
625391 0.05041
625415 0.0504
625439 0.0502
625463 0.05023
625487 0.0501
625511 0.05037
625559 0.05038
625583 0.05038
625607 0.05037
625679 0.05016
625775 0.05029
625799 0.04955
625847 0.05043
625895 0.05008
625967 0.05003
625991 0.05019
626015 0.05034
626087 0.04994
626135 0.05029
626231 0.05051
626255 0.05027
626279 0.05024
626303 0.04997
626423 0.05048
626447 0.05024
626471 0.05043
626615 0.05031
626639 0.05021
626735 0.05048
626759 0.05019
626831 0.05041
626951 0.05039
626975 0.05038
626999 0.05039
627023 0.05018
627047 0.05006
627095 0.05007
627143 0.05041
627167 0.05036
627215 0.05035
627239 0.05035
627263 0.05034
627287 0.05034
627311 0.05045
627335 0.05045
627359 0.05012
627503 0.04938
627527 0.05041
627575 0.05041
627647 0.05039
627671 0.05028
627719 0.0505
627743 0.05032
627815 0.05036
627839 0.05048
627863 0.04996
627935 0.05046
627983 0.05045
628055 0.05044
628103 0.05032
628151 0.05001
628175 0.05049
628199 0.05049
628247 0.0503
628343 0.0504
628367 0.05027
628439 0.05045
628463 0.05045
628511 0.0504
628559 0.05048
628607 0.04973
628631 0.05049
628703 0.04968
628727 0.05044
628751 0.05045
628847 0.05047
628919 0.05043
628967 0.05044
628991 0.05044
629039 0.05046
629063 0.05035
629087 0.05005
629111 0.05045
629159 0.05048
629183 0.05026
629207 0.05014
629231 0.05048
629255 0.04968
629327 0.05047
629375 0.0505
629399 0.05026
629423 0.0504
629447 0.05049
629471 0.05049
629519 0.05028
629543 0.05009
629615 0.05042
629639 0.05036
629759 0.05044
629783 0.05034
629855 0.05038
629879 0.05022
629951 0.05031
629975 0.05041
629999 0.0504
630047 0.05027
630071 0.05027
630143 0.05034
630191 0.05041
630215 0.05042
630239 0.0503
630287 0.05036
630407 0.0503
630455 0.05047
630503 0.05047
630527 0.05036
630551 0.05048
630575 0.05049
630599 0.05011
630647 0.0503
630671 0.05013
630695 0.05025
630743 0.0505
630767 0.05028
630815 0.05007
630887 0.05043
630935 0.05005
630959 0.05019
630983 0.05015
631031 0.05045
631079 0.05047
631127 0.05006
631175 0.05023
631199 0.05049
631343 0.04921
631415 0.05049
631439 0.04997
631511 0.05038
631607 0.05032
631631 0.05046
631655 0.05045
631727 0.05044
631775 0.05035
631799 0.05035
631823 0.05007
631871 0.05042
631895 0.04994
631919 0.05041
632015 0.05023
632039 0.05029
632063 0.05029
632111 0.05024
632135 0.05042
632159 0.04986
632183 0.04999
632207 0.05001
632255 0.05028
632279 0.05027
632303 0.05027
632375 0.05047
632399 0.05033
632519 0.04973
632543 0.05034
632567 0.0505
632615 0.04989
632639 0.0505
632663 0.05019
632687 0.0505
632711 0.05028
632855 0.05038
632879 0.05039
632903 0.05041
632927 0.05025
632951 0.0504
632975 0.04993
633047 0.05044
633071 0.05042
633095 0.05044
633119 0.05043
633143 0.05045
633167 0.0499
633191 0.05045
633215 0.0502
633239 0.04882
633335 0.04983
633431 0.05038
633479 0.05016
633527 0.04984
633551 0.05049
633575 0.05049
633647 0.05048
633671 0.05029
633719 0.05033
633743 0.04971
633839 0.05003
633863 0.05045
633887 0.05044
633911 0.05043
633935 0.05044
633983 0.04933
634055 0.05041
634151 0.05041
634175 0.05039
634271 0.05039
634391 0.05036
634415 0.05043
634439 0.05036
634463 0.0496
634535 0.05045
634583 0.05046
634607 0.05032
634631 0.05018
634655 0.05048
634751 0.05017
634823 0.05051
634895 0.0504
634919 0.05014
634967 0.05013
635015 0.05042
635063 0.05025
635111 0.05026
635135 0.05028
635159 0.05046
635183 0.05045
635231 0.05046
635303 0.05048
635327 0.05008
635375 0.05042
635399 0.05033
635447 0.04972
635543 0.05003
635663 0.05038
635687 0.05039
635783 0.05046
635807 0.05041
635855 0.05013
635903 0.05013
635951 0.04982
635975 0.05045
635999 0.05032
636047 0.0501
636143 0.0503
636167 0.05015
636215 0.05008
636239 0.0505
636431 0.05026
636503 0.05035
636527 0.05002
636551 0.05034
636575 0.05047
636623 0.05024
636647 0.05046
636671 0.05007
636695 0.05026
636767 0.04896
636791 0.05043
636887 0.04928
636935 0.05018
636959 0.05041
637007 0.0504
637031 0.04994
637055 0.05026
637103 0.05015
637151 0.04979
637175 0.05035
637223 0.05013
637295 0.05035
637343 0.04971
637367 0.05034
637391 0.04988
637439 0.05033
637487 0.04974
637511 0.05041
637583 0.05043
637631 0.0503
637655 0.05017
637775 0.04961
637799 0.05014
637823 0.05008
637871 0.05009
637919 0.05032
637967 0.05021
637991 0.04995
638015 0.05033
638087 0.05035
638111 0.05022
638135 0.04964
638183 0.05048
638207 0.05048
638231 0.05047
638255 0.05047
638279 0.05001
638375 0.05045
638399 0.05041
638447 0.05044
638471 0.04993
638495 0.05005
638519 0.05003
638543 0.05022
638591 0.05033
638615 0.05015
638687 0.05046
638711 0.05047
638759 0.05048
638831 0.05
638879 0.0505
638903 0.04978
638927 0.04964
638975 0.05036
639023 0.05041
639071 0.05049
639119 0.05007
639191 0.05047
639239 0.04992
639287 0.05046
639359 0.05044
639407 0.05049
639431 0.05039
639455 0.04958
639479 0.05042
639503 0.0504
639527 0.05051
639551 0.05041
639575 0.05042
639623 0.04996
639695 0.05048
639767 0.05029
639791 0.0503
639815 0.05047
639863 0.0502
639887 0.05045
639935 0.04962
640103 0.0505
640175 0.05049
640295 0.05028
640319 0.05047
640343 0.05023
640367 0.05029
640391 0.05037
640415 0.05037
640439 0.05042
640487 0.05032
640511 0.05009
640535 0.05027
640559 0.05045
640751 0.05032
640775 0.05049
640799 0.05015
640871 0.0502
640895 0.05039
641087 0.05
641111 0.05044
641135 0.05047
641159 0.05047
641183 0.05033
641207 0.05025
641255 0.05024
641351 0.05031
641375 0.05006
641423 0.05031
641447 0.05007
641495 0.05051
641543 0.05029
641567 0.05009
641591 0.0501
641615 0.05031
641663 0.05048
641759 0.05033
641783 0.04998
641831 0.05046
641855 0.04999
641879 0.04998
641903 0.05022
641927 0.04996
641951 0.05034
641975 0.05043
641999 0.05048
642023 0.05043
642095 0.05002
642119 0.0504
642167 0.05005
642191 0.05022
642215 0.0503
642239 0.05044
642263 0.04984
642287 0.05039
642383 0.05028
642431 0.05029
642455 0.05041
642479 0.05047
642551 0.05034
642575 0.05039
642599 0.05049
642647 0.05023
642671 0.05048
642695 0.05032
642719 0.0505
642743 0.05009
642767 0.05
642839 0.05017
642911 0.04989
642935 0.05047
642959 0.04891
643007 0.04996
643055 0.05045
643079 0.05041
643103 0.04995
643151 0.0504
643175 0.05025
643271 0.05042
643319 0.05022
643343 0.05047
643367 0.05044
643391 0.05026
643511 0.05047
643535 0.05024
643559 0.05048
643607 0.04961
643631 0.05049
643655 0.05034
643679 0.05035
643775 0.0505
643823 0.05037
643871 0.05036
643895 0.05033
644087 0.05042
644135 0.05041
644183 0.05027
644207 0.05043
644255 0.05043
644279 0.05044
644351 0.05046
644375 0.05048
644399 0.05021
644423 0.05047
644471 0.05024
644495 0.05022
644543 0.05026
644567 0.05003
644591 0.05037
644639 0.05037
644663 0.05049
644735 0.0503
644759 0.05049
644807 0.05051
644831 0.05017
644903 0.05045
644927 0.04988
644975 0.05015
645047 0.05047
645095 0.05044
645119 0.05043
645143 0.05043
645191 0.05045
645215 0.05045
645263 0.05041
645311 0.0501
645335 0.05039
645359 0.05042
645455 0.05038
645479 0.05041
645551 0.05039
645575 0.05036
645695 0.05037
645719 0.05002
645743 0.05034
645767 0.05049
645791 0.0505
645815 0.0505
645863 0.0503
645887 0.05017
645911 0.05031
645959 0.04996
645983 0.05029
646007 0.05032
646031 0.05032
646055 0.05048
646175 0.0503
646247 0.05045
646295 0.05028
646343 0.05023
646367 0.05014
646391 0.05026
646415 0.05042
646439 0.0504
646463 0.0504
646487 0.05025
646511 0.05009
646535 0.05021
646559 0.05007
646703 0.05045
646727 0.05037
646751 0.05037
646775 0.05046
646847 0.05015
646871 0.05035
646943 0.05018
646967 0.05034
647135 0.05029
647183 0.05022
647207 0.0503
647255 0.05013
647279 0.05032
647351 0.05046
647375 0.05046
647447 0.05026
647471 0.05044
647519 0.05043
647567 0.05024
647591 0.05038
647615 0.05042
647639 0.05042
647711 0.0504
647735 0.05022
647759 0.05041
647807 0.05034
647831 0.05035
647855 0.05038
647903 0.05011
647927 0.05044
647975 0.05037
648071 0.05047
648095 0.05047
648143 0.05041
648167 0.05049
648263 0.05043
648287 0.05043
648311 0.05051
648335 0.0505
648359 0.04959
648407 0.05049
648431 0.05046
648455 0.05008
648479 0.05028
648503 0.05017
648527 0.05048
648551 0.05048
648575 0.05018
648623 0.0505
648647 0.05
648695 0.05026
648743 0.05024
648791 0.05043
648935 0.05041
648959 0.05041
649031 0.05033
649055 0.04982
649103 0.05034
649127 0.05044
649175 0.05043
649199 0.0503
649223 0.05043
649247 0.05037
649295 0.05042
649343 0.05041
649367 0.05026
649391 0.0504
649439 0.05035
649463 0.04976
649535 0.05038
649655 0.05039
649679 0.04976
649703 0.05035
649775 0.05021
649895 0.05049
649919 0.05026
649967 0.04987
650039 0.05046
650087 0.05027
650159 0.04937
650207 0.04997
650231 0.0505
650279 0.05051
650351 0.04981
650375 0.05045
650399 0.05045
650423 0.05049
650471 0.05034
650615 0.05046
650687 0.05038
650711 0.05051
650831 0.05049
650903 0.04998
650975 0.05047
650999 0.05044
651023 0.0504
651215 0.05037
651263 0.04949
651287 0.05011
651311 0.0505
651359 0.05035
651383 0.0503
651455 0.04983
651479 0.05002
651527 0.05048
651551 0.05038
651575 0.05037
651695 0.05029
651887 0.05033
651935 0.05042
651959 0.04976
651983 0.05018
652007 0.05031
652031 0.04986
652127 0.05039
652151 0.05022
652175 0.05038
652223 0.05017
652247 0.05037
652271 0.05037
652295 0.05024
652367 0.05026
652391 0.05025
652439 0.05034
652463 0.0504
652487 0.05028
652511 0.05012
652535 0.05041
652583 0.05016
652631 0.05031
652679 0.05014
652703 0.05032
652775 0.04982
652823 0.05034
652847 0.05047
652919 0.05017
653015 0.05025
653039 0.05005
653063 0.05051
653087 0.05039
653135 0.05007
653183 0.05049
653231 0.05042
653279 0.05021
653351 0.05046
653375 0.05046
653399 0.05012
653423 0.05046
653447 0.05012
653471 0.05047
653543 0.05048
653567 0.05048
653591 0.05015
653663 0.05009
653735 0.0505
653759 0.05004
653807 0.05019
653855 0.05012
653975 0.05009
654071 0.05024
654119 0.05017
654143 0.05044
654239 0.04996
654263 0.05042
654311 0.05042
654335 0.05005
654359 0.04995
654407 0.05031
654455 0.05039
654503 0.04936
654551 0.05038
654575 0.05038
654647 0.05027
654695 0.05036
654791 0.0503
654815 0.04988
654887 0.05023
654959 0.05033
654983 0.05031
655007 0.04954
655079 0.0503
655175 0.04992
655199 0.05028
655271 0.05047
655319 0.04973
655367 0.0504
655415 0.05036
655463 0.05043
655487 0.05044
655535 0.0505
655607 0.05049
655655 0.05048
655679 0.05046
655703 0.04968
655751 0.05049
655775 0.05049
655799 0.05049
655823 0.0505
655871 0.05051
655895 0.0505
655991 0.0505
656087 0.05042
656111 0.05045
656135 0.0505
656159 0.05046
656183 0.05046
656231 0.0504
656279 0.04975
656351 0.05048
656375 0.05037
656447 0.05042
656495 0.05046
656543 0.04997
656567 0.04971
656591 0.05048
656615 0.05048
656711 0.04999
656759 0.05042
656807 0.05031
656831 0.05036
656879 0.05044
656903 0.05043
656927 0.04925
656975 0.05028
656999 0.05039
657023 0.05033
657095 0.05032
657119 0.0504
657143 0.04988
657215 0.05031
657239 0.05031
657287 0.04955
657335 0.04985
657359 0.05033
657455 0.05027
657479 0.05035
657503 0.05034
657527 0.05026
657575 0.05019
657599 0.04992
657623 0.05029
657671 0.05032
657695 0.05028
657791 0.05022
657839 0.05026
657887 0.05014
657935 0.05022
658007 0.05019
658175 0.05021
658223 0.05001
658271 0.05029
658295 0.05029
658415 0.05031
658439 0.05007
658511 0.05011
658559 0.05034
658583 0.05035
658631 0.05009
658679 0.05013
658727 0.0501
658775 0.05007
658799 0.05039
658823 0.05011
658967 0.05004
659015 0.05018
659087 0.05017
659111 0.0501
659135 0.0502
659207 0.05019
659255 0.05007
659303 0.05024
659351 0.05049
659375 0.05023
659471 0.05004
659519 0.05028
659543 0.05
659567 0.04998
659615 0.04988
659663 0.05001
659687 0.04994
659711 0.05031
659807 0.04958
659855 0.05032
659879 0.05034
659927 0.05004
660023 0.04996
660191 0.05009
660239 0.04993
660287 0.0504
660311 0.04978
660335 0.04991
660431 0.05042
660455 0.04938
660479 0.05046
660527 0.04981
660551 0.05045
660575 0.04974
660623 0.05033
660647 0.0487
660671 0.05049
660695 0.0505
660743 0.05048
660767 0.05049
660815 0.05021
660863 0.0505
660911 0.04979
660935 0.05028
660959 0.05028
661007 0.04973
661055 0.05025
661079 0.05026
661127 0.05027
661151 0.05025
661199 0.05044
661223 0.04974
661247 0.0497
661295 0.05013
661319 0.05043
661367 0.04925
661391 0.05043
661487 0.05042
661511 0.0504
661535 0.05041
661631 0.05019
661727 0.05038
661751 0.05038
661775 0.05022
661799 0.05035
661847 0.04961
661895 0.05036
661919 0.05013
661943 0.05035
661967 0.05035
661991 0.04963
662039 0.04962
662087 0.05028
662135 0.05032
662159 0.0501
662183 0.05029
662207 0.0503
662255 0.05048
662279 0.0495
662375 0.0505
662423 0.05051
662447 0.05027
662471 0.05005
662519 0.05024
662687 0.04958
662711 0.05047
662759 0.0504
662807 0.05045
662855 0.04999
662879 0.05042
662903 0.04955
662927 0.05043
662975 0.05043
663023 0.04997
663047 0.04957
663119 0.04995
663143 0.04995
663215 0.05049
663287 0.0505
663311 0.05051
663383 0.04945
663431 0.05036
663479 0.05049
663503 0.05035
663527 0.04974
663575 0.0501
663623 0.04848
663647 0.05032
663671 0.05046
663719 0.04977
663743 0.05006
663791 0.05044
663839 0.05043
663863 0.05004
663911 0.05005
663935 0.05042
664007 0.05041
664055 0.0504
664079 0.04915
664127 0.05025
664175 0.04999
664247 0.05
664391 0.05021
664415 0.05021
664439 0.04922
664463 0.04929
664535 0.04923
664559 0.04993
664607 0.05032
664631 0.05031
664655 0.05017
664775 0.05015
664823 0.05015
664871 0.04929
664895 0.05027
664943 0.04928
665015 0.05026
665135 0.05003
665159 0.05023
665231 0.05005
665327 0.05021
665375 0.05001
665399 0.05008
665471 0.0501
665495 0.0501
665519 0.04979
665543 0.05004
665567 0.05017
665615 0.05016
665663 0.05002
665687 0.05014
665735 0.05001
665759 0.04946
665807 0.04977
665831 0.05013
665855 0.0501
665879 0.05017
665903 0.0501
665927 0.05012
665951 0.04949
665999 0.0502
666047 0.04892
666095 0.05014
666215 0.05016
666287 0.05018
666335 0.05026
666359 0.05026
666407 0.05027
666455 0.05028
666503 0.04966
666551 0.0503
666575 0.05023
666623 0.05024
666695 0.05032
666743 0.04962
666767 0.05027
666791 0.0496
666815 0.04946
666839 0.04998
666863 0.04961
666887 0.04886
667031 0.05039
667055 0.04898
667079 0.0497
667175 0.04979
667199 0.04993
667247 0.05043
667295 0.05044
667319 0.05044
667343 0.04977
667391 0.05045
667415 0.05046
667439 0.0495
667535 0.05041
667607 0.05042
667655 0.0505
667703 0.04982
667775 0.05045
667799 0.04964
667823 0.04982
667847 0.04983
667871 0.05047
667919 0.04967
667943 0.05048
667967 0.05049
668015 0.05046
668039 0.0498
668135 0.0499
668183 0.0505
668207 0.05049
668231 0.05049
668279 0.04977
668351 0.04975
668375 0.05041
668399 0.0504
668423 0.04995
668495 0.04994
668519 0.05039
668639 0.05037
668711 0.04981
668735 0.05041
668783 0.05041
668807 0.05034
668855 0.05039
668975 0.04986
669047 0.04988
669071 0.05007
669095 0.05008
669119 0.04926
669143 0.05006
669191 0.0499
669335 0.05026
669383 0.05031
669407 0.04887
669455 0.0503
669503 0.04957
669599 0.05022
669623 0.05017
669647 0.05028
669671 0.05021
669695 0.05016
669767 0.05026
669935 0.05004
669959 0.05004
669983 0.04966
670055 0.05025
670079 0.05026
670127 0.05024
670151 0.05025
670175 0.04969
670247 0.05013
670271 0.05018
670391 0.05032
670415 0.0496
670439 0.05032
670535 0.05032
670631 0.05036
670655 0.05034
670679 0.05006
670703 0.05037
670751 0.04939
670775 0.05036
670799 0.04928
670847 0.05004
670871 0.0504
670895 0.05009
670967 0.05023
671015 0.05024
671183 0.04954
671207 0.05027
671231 0.05047
671255 0.05003
671279 0.05029
671327 0.05002
671351 0.04931
671375 0.0505
671399 0.0505
671423 0.05051
671447 0.05049
671495 0.0505
671543 0.04994
671615 0.05048
671639 0.04983
671663 0.05048
671711 0.0495
671735 0.05049
671759 0.0499
671783 0.04999
671807 0.05048
671927 0.04909
671951 0.05045
671975 0.05043
672023 0.05044
672047 0.05044
672071 0.05043
672191 0.05045
672263 0.0496
672287 0.0504
672335 0.05009
672383 0.05039
672407 0.0498
672431 0.05036
672455 0.0505
672479 0.04978
672503 0.05037
672575 0.05036
672599 0.05
672647 0.04983
672671 0.05033
672719 0.05048
672791 0.05047
672815 0.05032
672839 0.04985
672887 0.05045
672911 0.05029
673031 0.05008
673055 0.05029
673079 0.05042
673103 0.05026
673127 0.05023
673175 0.05027
673295 0.04973
673343 0.05025
673367 0.05028
673463 0.05016
673511 0.05022
673559 0.05035
673583 0.05021
673607 0.04992
673679 0.05033
673703 0.05034
673775 0.05022
673799 0.05016
673823 0.05023
673847 0.05031
673895 0.05038
674015 0.05028
674039 0.05027
674063 0.05041
674087 0.05027
674111 0.05028
674135 0.05028
674207 0.05012
674279 0.05031
674327 0.0497
674351 0.05005
674375 0.05033
674399 0.05022
674447 0.04979
674519 0.05005
674567 0.05006
674591 0.05037
674783 0.04973
674855 0.05048
674975 0.05024
675023 0.05045
675047 0.05013
675119 0.05019
675143 0.05047
675167 0.05013
675287 0.05022
675335 0.0505
675383 0.04994
675431 0.0505
675455 0.05014
675503 0.05034
675527 0.05006
675575 0.05037
675599 0.05048
675647 0.05029
675695 0.05023
675719 0.0503
675767 0.05034
675791 0.05004
675815 0.05033
675911 0.04999
675935 0.05041
675983 0.05042
676079 0.05044
676127 0.0501
676151 0.05038
676175 0.05039
676199 0.05046
676223 0.05038
676247 0.0504
676271 0.05048
676319 0.05029
676367 0.05035
676439 0.05032
676487 0.05044
676535 0.0501
676559 0.0505
676607 0.05035
676631 0.0504
676655 0.05035
676775 0.0505
676799 0.0505
676847 0.05039
676895 0.05044
676991 0.05049
677039 0.05048
677063 0.05015
677087 0.05027
677183 0.0504
677207 0.0505
677255 0.05051
677279 0.05039
677327 0.0505
677351 0.05048
677375 0.05043
677495 0.05041
677519 0.05023
677567 0.0505
677591 0.05046
677615 0.05045
677711 0.05044
677735 0.05048
677759 0.05047
677807 0.05047
677831 0.05046
677879 0.05042
677903 0.0503
677951 0.05043
677975 0.05044
678071 0.05033
678095 0.05039
678143 0.05038
678215 0.05048
678239 0.05048
678263 0.05042
678287 0.05049
678311 0.0505
678359 0.05027
678431 0.05045
678455 0.0505
678503 0.05046
678527 0.05047
678575 0.05025
678623 0.05043
678695 0.05044
678743 0.05043
678791 0.05043
678839 0.05047
678863 0.0505
679055 0.0504
679079 0.05035
679103 0.05049
679151 0.0505
679175 0.05045
679199 0.05049
679247 0.05038
679271 0.0505
679343 0.05049
679391 0.05046
679415 0.05048
679439 0.05035
679535 0.05048
679559 0.05032
679583 0.05045
679631 0.0505
679655 0.05042
679679 0.05051
679727 0.0505
679775 0.05048
679799 0.0504
679847 0.05049
679871 0.0505
679991 0.0505
680015 0.05037
680063 0.05038
680087 0.05038
680111 0.05049
680231 0.05044
680255 0.05026
680279 0.05046
680303 0.05046
680351 0.05046
680375 0.05032
680423 0.05037
680447 0.0504
680519 0.05019
680543 0.05042
680591 0.05041
680615 0.05032
680639 0.0505
680711 0.05036
680735 0.05035
680807 0.05044
680855 0.05047
680951 0.05047
680975 0.05048
681023 0.05035
681095 0.04998
681119 0.05021
681143 0.05051
681191 0.05033
681215 0.0505
681239 0.05044
681287 0.05027
681335 0.0503
681359 0.0503
681383 0.05039
681431 0.05047
681455 0.05025
681503 0.05024
681527 0.05049
681551 0.05045
681575 0.05037
681599 0.05027
681671 0.05027
681695 0.05043
681743 0.05034
681767 0.05013
681815 0.05049
681911 0.05011
681935 0.0497
681959 0.05046
682007 0.05039
682031 0.05038
682055 0.05038
682103 0.05037
682127 0.05044
682175 0.05036
682199 0.05018
682223 0.05037
682271 0.05042
682295 0.05041
682319 0.05041
682367 0.0504
682391 0.05033
682487 0.05031
682631 0.05036
682703 0.05046
682799 0.05019
682823 0.05018
682847 0.05026
682895 0.05049
682919 0.05003
682991 0.05024
683063 0.0505
683111 0.05049
683135 0.05029
683207 0.04986
683279 0.05047
683327 0.04978
683375 0.05045
683495 0.05044
683519 0.04986
683615 0.05022
683639 0.04993
683663 0.05006
683735 0.05013
683855 0.05038
683879 0.05038
683903 0.05038
683951 0.04986
683975 0.0501
683999 0.05036
684023 0.04732
684047 0.04988
684071 0.05015
684095 0.04945
684143 0.05034
684167 0.05007
684215 0.05006
684263 0.04948
684335 0.04986
684359 0.05031
684455 0.0503
684479 0.05009
684551 0.05028
684623 0.05027
684695 0.04991
684719 0.05006
684743 0.05025
684839 0.04989
684911 0.04967
684959 0.04988
685007 0.05002
685055 0.05006
685079 0.04985
685127 0.05
685175 0.05019
685223 0.05018
685295 0.0499
685343 0.04981
685391 0.05012
685415 0.04996
685439 0.0498
685463 0.05015
685487 0.04966
685535 0.05015
685559 0.05015
685607 0.05016
685703 0.05002
685751 0.05011
685775 0.05019
685799 0.04965
685823 0.049
685847 0.04947
685895 0.05022
685919 0.04988
685943 0.04886
686015 0.05007
686111 0.05009
686135 0.05005
686159 0.05005
686183 0.04942
686207 0.04977
686231 0.04977
686279 0.05012
686327 0.04982
686351 0.0503
686375 0.0503
686447 0.04945
686471 0.0498
686495 0.05032
686543 0.04972
686591 0.04972
686615 0.05035
686711 0.0497
686735 0.04976
686759 0.04996
686783 0.0494
686807 0.05038
686831 0.04968
686927 0.0495
686951 0.05041
686975 0.04973
686999 0.05025
687047 0.05042
687071 0.04991
687095 0.04971
687119 0.05044
687143 0.05028
687263 0.04933
687287 0.0491
687335 0.04968
687407 0.04959
687527 0.04961
687575 0.04929
687599 0.04984
687671 0.05049
687695 0.04982
687719 0.05048
687815 0.0504
687887 0.04921
687911 0.04959
687959 0.05045
687983 0.05043
688055 0.04929
688103 0.04919
688127 0.04972
688151 0.04972
688175 0.05046
688199 0.04931
688271 0.04974
688319 0.04975
688343 0.04946
688367 0.05039
688415 0.04947
688439 0.04952
688463 0.05051
688487 0.04944
688559 0.04935
688607 0.04949
688655 0.05035
688703 0.04968
688727 0.04952
688751 0.05047
688775 0.04935
688847 0.04946
688895 0.05031
688919 0.04945
688967 0.04941
688991 0.04913
689159 0.05041
689207 0.04961
689255 0.05026
689303 0.05038
689351 0.04958
689423 0.04931
689447 0.04996
689471 0.04966
689519 0.04936
689543 0.04929
689591 0.04968
689615 0.04999
689639 0.04906
689687 0.0497
689759 0.05032
689783 0.04927
689855 0.04925
689975 0.05015
689999 0.05028
690023 0.04949
690071 0.05027
690095 0.05014
690167 0.04978
690215 0.05025
690239 0.05025
690263 0.04945
690287 0.04982
690311 0.05024
690335 0.0501
690359 0.04944
690383 0.05023
690431 0.05022
690455 0.04942
690527 0.04922
690551 0.0502
690575 0.05007
690599 0.0502
690623 0.04942
690647 0.04987
690671 0.05005
690743 0.04988
690767 0.04912
690791 0.0502
690959 0.04948
690983 0.0491
691007 0.05024
691031 0.05
691055 0.05006
691127 0.05026
691175 0.05011
691247 0.04981
691271 0.05028
691295 0.05013
691319 0.04982
691487 0.05019
691511 0.05006
691535 0.05006
691655 0.05035
691679 0.04991
691703 0.05004
691751 0.04962
691775 0.04989
691823 0.04925
691847 0.04988
691895 0.05032
691967 0.04918
692039 0.04999
692087 0.05038
692159 0.05044
692183 0.04997
692207 0.05015
692231 0.05043
692351 0.05017
692375 0.05001
692447 0.05003
692615 0.04977
692639 0.0505
692687 0.05049
692783 0.04981
692831 0.05009
692999 0.05012
693023 0.04985
693047 0.04971
693095 0.05043
693143 0.04904
693191 0.05032
693215 0.04982
693263 0.05033
693335 0.0504
693383 0.04953
693407 0.05036
693455 0.05021
693575 0.05039
693647 0.04859
693671 0.05041
693719 0.04997
693767 0.05033
693791 0.05043
693839 0.04907
693887 0.05045
693911 0.05045
693983 0.04964
694055 0.04955
694103 0.0483
694127 0.05033
694175 0.05033
694199 0.0487
694439 0.05024
694463 0.05011
694583 0.04962
694607 0.05021
694655 0.04864
694727 0.05044
694751 0.05019
694823 0.04968
694895 0.05042
694967 0.04882
694991 0.0502
695015 0.04956
695063 0.05039
695135 0.05013
695159 0.05023
695231 0.0505
695303 0.04876
695399 0.05048
695423 0.04989
695495 0.04857
695519 0.05008
695543 0.05032
695735 0.05043
695783 0.05029
695831 0.04996
695903 0.04944
696023 0.0486
696071 0.05039
696095 0.0504
696143 0.05002
696167 0.04999
696191 0.05036
696287 0.05035
696383 0.04996
696551 0.05018
696575 0.05031
696647 0.05016
696767 0.05028
696815 0.05027
696911 0.05048
696959 0.05025
697007 0.04987
697031 0.04986
697103 0.0501
697151 0.05045
697175 0.04891
697223 0.05044
697247 0.05021
697319 0.04924
697463 0.05025
697607 0.05018
697751 0.04977
697847 0.04839
697871 0.04999
697895 0.04902
697919 0.05034
697943 0.05034
698015 0.05032
698159 0.05008
698255 0.05039
698279 0.05006
698303 0.04881
698375 0.05005
698399 0.04967
698759 0.04949
698783 0.05049
698807 0.04961
698879 0.0505
698927 0.04952
698999 0.05018
699023 0.05049
699071 0.04995
699095 0.05044
699143 0.05045
699215 0.05047
699239 0.05015
699263 0.05046
699311 0.05045
699335 0.05048
699359 0.05013
699407 0.0499
699551 0.04988
699623 0.05049
699671 0.0504
699743 0.04972
699815 0.05007
699887 0.04983
699983 0.05044
700007 0.04981
700055 0.05035
700151 0.04966
700247 0.04978
700271 0.05
700295 0.05031
700415 0.04998
700439 0.05029
700487 0.04945
700511 0.05036
700535 0.05036
700607 0.05035
700631 0.04995
700655 0.05034
700775 0.05024
700823 0.05032
700895 0.05032
700967 0.04955
701063 0.04953
701087 0.05028
701111 0.04988
701255 0.04986
701303 0.05039
701375 0.04984
701495 0.04903
701519 0.04998
701543 0.05013
701567 0.04959
701615 0.05012
701663 0.04959
701687 0.0497
701759 0.04979
701807 0.04969
701855 0.05017
701927 0.05016
701975 0.05051
701999 0.05007
702023 0.0505
702071 0.05008
702119 0.05049
702167 0.04986
702263 0.05011
702335 0.0501
702359 0.05013
702455 0.05044
702479 0.04984
702575 0.04998
702791 0.05008
702863 0.04839
702959 0.05037
703103 0.05014
703151 0.05034
703175 0.04997
703199 0.04993
703271 0.05006
703319 0.0503
703343 0.04988
703367 0.05
703511 0.05029
703583 0.05028
703607 0.05035
703703 0.05026
703727 0.05006
703775 0.05025
703799 0.05004
703871 0.05039
704063 0.05001
704207 0.05011
704231 0.05046
704327 0.05024
704375 0.05048
704423 0.05016
704495 0.05038
704519 0.05039
704615 0.0504
704639 0.0505
704735 0.0502
704759 0.05043
704831 0.05047
704855 0.05034
704903 0.05016
704927 0.05045
704975 0.05036
705023 0.05047
705047 0.05044
705071 0.0503
705311 0.0505
705431 0.05048
705479 0.05047
705503 0.05047
705527 0.05038
705575 0.04999
705599 0.05039
705623 0.04925
705647 0.05048
705695 0.04998
705743 0.04978
705791 0.05043
705815 0.05051
705839 0.05051
705911 0.05041
705935 0.05041
705983 0.04994
706007 0.05046
706103 0.04992
706175 0.05045
706295 0.05041
706319 0.05026
706343 0.05041
706367 0.0505
706583 0.04992
706655 0.05031
706967 0.0505
706991 0.05035
707039 0.0504
707087 0.05016
707183 0.05047
707207 0.05003
707231 0.05037
707303 0.05039
707351 0.05039
707375 0.05044
707423 0.0493
707591 0.05032
707615 0.05041
707687 0.05031
707783 0.05048
707879 0.05031
707903 0.05015
707927 0.05036
707975 0.05051
708143 0.0502
708167 0.05048
708239 0.05017
708383 0.0503
708431 0.05023
708455 0.04959
708503 0.04958
708551 0.05027
708575 0.05026
708623 0.05042
708671 0.0502
708695 0.05044
708743 0.05001
708767 0.05016
708863 0.05032
708935 0.05016
709031 0.05015
709103 0.05035
709127 0.04986
709175 0.04949
709199 0.05037
709247 0.05049
709295 0.0504
709367 0.0501
709391 0.05001
709415 0.05047
709439 0.05023
709463 0.05041
709487 0.0503
709511 0.05045
709727 0.05005
709751 0.05046
709943 0.05008
710015 0.05051
710039 0.05038
710063 0.05049
710087 0.05049
710111 0.0505
710135 0.05049
710159 0.04966
710183 0.0502
710231 0.05047
710279 0.05047
710303 0.05046
710375 0.05045
710639 0.04983
710687 0.05044
710735 0.04924
710783 0.05039
710807 0.05027
710855 0.05047
710999 0.0505
711047 0.05013
711095 0.05014
711167 0.0505
711191 0.05049
711215 0.05034
711239 0.04975
711311 0.05033
711335 0.05031
711359 0.04964
711383 0.05032
711407 0.05046
711431 0.05002
711455 0.05046
711503 0.0503
711527 0.04882
711551 0.05044
711599 0.05044
711695 0.05027
711719 0.04974
711743 0.04998
711815 0.04997
711863 0.05028
712031 0.05031
712103 0.05032
712151 0.05021
712223 0.05019
712271 0.05034
712295 0.05035
712391 0.05018
712439 0.05017
712463 0.05015
712535 0.0503
712583 0.0504
712655 0.05001
712679 0.0501
712703 0.04892
712751 0.05027
712775 0.05043
712799 0.04935
712871 0.05026
712919 0.04957
713015 0.05024
713087 0.05023
713207 0.05021
713231 0.05008
713327 0.04969
713375 0.05049
713423 0.05048
713543 0.05014
713591 0.05046
713615 0.04974
713759 0.04977
713783 0.05029
713879 0.04984
713975 0.05033
713999 0.05022
714023 0.0504
714047 0.05039
714071 0.05034
714167 0.04984
714215 0.04979
714239 0.04985
714263 0.05038
714311 0.05035
714359 0.05005
714383 0.0504
714575 0.05002
714599 0.05043
714623 0.05032
714647 0.05031
714743 0.05046
714767 0.04994
714791 0.05035
714863 0.04982
714983 0.04981
715007 0.04999
715055 0.05051
715103 0.05041
715175 0.0495
715415 0.05046
715559 0.05049
715703 0.05042
715751 0.0505
715775 0.05015
715799 0.05012
715895 0.04987
716015 0.05046
716039 0.05037
716183 0.05044
716207 0.04953
716231 0.04979
716375 0.05022
716423 0.04933
716519 0.0496
716567 0.05025
716615 0.05038
716639 0.04985
716711 0.05028
716735 0.05001
716759 0.05027
716879 0.0497
716999 0.0498
717023 0.04969
717071 0.05022
717143 0.05031
717239 0.0501
717263 0.0501
717287 0.05038
717359 0.05039
717383 0.05018
717407 0.04992
717431 0.05027
717503 0.05026
717575 0.05043
717599 0.05001
717647 0.05011
717671 0.05017
717743 0.05022
717767 0.05046
717815 0.0502
717863 0.05015
717911 0.05049
717935 0.0502
717983 0.05017
718079 0.05008
718103 0.05019
718199 0.05049
718247 0.04988
718295 0.05013
718415 0.05046
718439 0.05046
718487 0.05002
718535 0.05026
718583 0.0501
718607 0.05004
718631 0.05034
718655 0.05019
718727 0.05041
718751 0.05041
718823 0.05037
718967 0.05034
718991 0.05014
719087 0.05013
719111 0.05027
719255 0.05039
719279 0.05045
719471 0.05042
719519 0.04919
719591 0.05051
719615 0.05051
719663 0.0505
719687 0.04931
719711 0.05028
719759 0.05038
719783 0.05048
719879 0.05025
719927 0.04885
720047 0.05019
720071 0.05045
720095 0.05049
720143 0.05045
720191 0.05048
720263 0.05047
720287 0.05047
720335 0.05024
720383 0.05049
720431 0.05039
720455 0.05044
720479 0.05051
720551 0.0505
720575 0.0505
720599 0.05039
720623 0.05006
720719 0.05014
720839 0.05046
720863 0.05038
720911 0.05047
720935 0.05047
720959 0.04978
721031 0.05049
721055 0.05043
721151 0.05042
721175 0.05041
721271 0.05042
721415 0.05047
721463 0.05045
721487 0.04936
721511 0.05048
721559 0.04969
721583 0.05045
721607 0.05047
721655 0.05024
721727 0.04918
721775 0.05051
721823 0.05042
721847 0.0505
722015 0.0505
722303 0.05044
722327 0.05018
722423 0.05033
722471 0.05042
722495 0.05032
722543 0.05042
722567 0.0504
722591 0.0504
722615 0.05041
722735 0.05042
722927 0.05046
722951 0.0495
722975 0.05047
723095 0.05049
723143 0.04985
723359 0.0502
723431 0.05048
723455 0.05021
723503 0.05047
723527 0.05011
723599 0.05008
723719 0.05024
723743 0.05024
723887 0.04935
723911 0.05042
723935 0.05012
724031 0.0502
724055 0.0502
724151 0.05021
724175 0.05018
724223 0.05017
724271 0.05037
724295 0.05018
724343 0.05006
724367 0.05035
724391 0.05025
724511 0.05033
724535 0.05033
724559 0.05028
724727 0.05031
724775 0.05013
724799 0.05032
724823 0.05029
724895 0.05034
724943 0.04998
725063 0.05018
725135 0.05006
725207 0.04997
725255 0.0504
725471 0.0502
725543 0.05019
725567 0.04983
725711 0.05017
725735 0.05048
725783 0.05011
725855 0.05015
725903 0.04954
725927 0.04996
725975 0.0505
726119 0.05017
726143 0.05011
726167 0.04993
726215 0.05037
726263 0.05019
726311 0.04988
726479 0.05043
726575 0.05043
726743 0.05003
726791 0.05002
726815 0.05038
727007 0.05036
727031 0.04999
727127 0.0501
727151 0.04998
727319 0.05031
727439 0.05045
727463 0.05045
727511 0.05044
727583 0.05043
727631 0.05043
727727 0.05026
727895 0.05014
727943 0.05038
727967 0.05024
727991 0.05024
728135 0.05018
728159 0.0505
728183 0.0505
728279 0.0502
728375 0.05018
728399 0.05047
728447 0.05032
728495 0.05033
728519 0.05045
728543 0.05045
728567 0.05034
728663 0.05036
728759 0.04955
728783 0.05042
728807 0.04979
728879 0.05031
728903 0.0504
728951 0.05041
728999 0.05029
729119 0.05035
729167 0.04924
729239 0.05037
729263 0.05037
729335 0.05047
729383 0.05039
729455 0.05033
729479 0.05041
729623 0.0505
729647 0.05033
729695 0.05029
729767 0.04996
729839 0.05043
729863 0.05047
729911 0.05048
729959 0.05039
729983 0.05046
730007 0.0494
730127 0.05043
730175 0.04955
730247 0.05043
730319 0.05048
730343 0.0504
730391 0.04975
730463 0.05032
730511 0.05018
730535 0.05048
730655 0.0505
730775 0.05041
730847 0.04983
730871 0.05049
730895 0.05048
730991 0.05041
731039 0.0498
731063 0.0504
731111 0.05045
731135 0.04994
731159 0.05043
731207 0.05044
731255 0.05045
731303 0.05027
731351 0.05022
731399 0.05047
731423 0.05005
731543 0.05026
731663 0.05028
731687 0.04962
731855 0.04933
731879 0.05
731975 0.05018
732047 0.05034
732095 0.05023
732119 0.05026
732143 0.04996
732215 0.05043
732263 0.05038
732359 0.05023
732383 0.05022
732407 0.0504
732431 0.0504
732455 0.04896
732503 0.05042
732527 0.0501
732575 0.05043
732599 0.05025
732623 0.05019
732671 0.05018
732719 0.05023
732743 0.05015
732887 0.05021
732935 0.05033
732983 0.05011
733031 0.05003
733175 0.05022
733199 0.05023
733247 0.04905
733295 0.05
733319 0.05015
733367 0.04863
733463 0.05008
733535 0.05007
733583 0.05029
733727 0.05042
733799 0.05033
733895 0.05039
734039 0.04971
734135 0.05039
734183 0.05035
734231 0.0504
734255 0.05015
734279 0.05002
734327 0.05007
734351 0.05007
734375 0.04995
734399 0.04977
734447 0.05032
734495 0.0499
734591 0.05004
734783 0.05027
734951 0.0503
734975 0.05025
735047 0.05024
735095 0.05003
735191 0.05047
735215 0.05021
735335 0.05
735455 0.05043
735503 0.0495
735527 0.05019
735551 0.04951
735599 0.05041
735623 0.05042
735839 0.04993
735863 0.05046
735887 0.05033
736079 0.04972
736103 0.04972
736127 0.0503
736151 0.0505
736199 0.04976
736223 0.05033
736295 0.0504
736319 0.04987
736343 0.05049
736391 0.05011
736463 0.05004
736559 0.04966
736583 0.05046
736631 0.05002
736727 0.0497
736775 0.05048
736799 0.05017
736895 0.05023
737015 0.0505
737063 0.05022
737399 0.04937
737471 0.05016
737495 0.0499
737519 0.0497
737543 0.0497
737759 0.05012
737831 0.05045
737879 0.05028
737975 0.05043
738023 0.05038
738191 0.05024
738239 0.05005
738311 0.05033
738407 0.05031
738431 0.05045
738455 0.05002
738479 0.0502
738503 0.05019
738527 0.05036
738575 0.05001
738647 0.05034
738671 0.049
738719 0.04999
738815 0.05005
738887 0.04924
738911 0.05025
738983 0.05013
739007 0.0497
739127 0.05011
739223 0.0501
739247 0.04893
739319 0.05044
739367 0.05015
739415 0.05043
739487 0.04966
739607 0.05015
739679 0.04929
739703 0.05013
739823 0.04984
739895 0.05023
739919 0.05036
739991 0.05016
740039 0.04999
740063 0.05009
740111 0.05027
740135 0.0502
740159 0.04997
740183 0.05021
740207 0.05007
740255 0.05029
740375 0.05011
740399 0.05029
740447 0.0501
740495 0.05026
740639 0.04934
740663 0.05026
740759 0.05024
740927 0.05041
740999 0.04998
741095 0.04999
741143 0.05044
741167 0.05037
741239 0.05018
741263 0.04993
741287 0.05039
741311 0.05047
741359 0.0501
741455 0.05049
741527 0.0484
741551 0.05044
741623 0.05001
741647 0.04935
741815 0.05018
741863 0.04974
741887 0.04984
741911 0.05046
741959 0.05008
742079 0.05022
742103 0.04981
742175 0.05048
742223 0.05011
742319 0.05003
742343 0.04984
742367 0.05046
742463 0.05039
742487 0.05044
742535 0.05044
742583 0.05037
742679 0.05032
742727 0.05035
742751 0.05035
742775 0.05027
742799 0.04961
742823 0.0504
742871 0.0497
742919 0.0503
743015 0.05031
743039 0.05038
743183 0.05041
743207 0.04972
743231 0.05034
743303 0.05027
743399 0.05038
743471 0.05032
743495 0.05046
743543 0.05047
743567 0.04961
743663 0.05028
743759 0.05044
743807 0.05038
743927 0.05046
743951 0.0504
743975 0.05049
744023 0.05023
744047 0.05048
744119 0.0505
744287 0.05014
744359 0.05044
744383 0.04957
744551 0.05046
744575 0.05046
744623 0.05009
744647 0.05015
744695 0.0505
744743 0.05038
744815 0.05007
744863 0.05012
744935 0.05041
744983 0.05046
745007 0.0501
745127 0.05003
745223 0.05032
745271 0.04945
745367 0.05041
745463 0.05039
745535 0.05028
745559 0.05016
745583 0.05015
745655 0.05037
745703 0.05017
745799 0.05019
745919 0.05004
745943 0.04998
745967 0.05033
745991 0.05022
746039 0.05024
746063 0.05023
746087 0.05031
746135 0.05025
746207 0.04994
746327 0.04987
746399 0.0503
746423 0.05029
746471 0.05031
746495 0.05031
746519 0.05031
746639 0.05016
746663 0.04988
746711 0.05034
746735 0.05017
746783 0.04933
746879 0.05038
746927 0.05014
746975 0.05021
747215 0.05043
747311 0.04984
747335 0.05045
747383 0.05045
747503 0.04934
747575 0.05027
747623 0.04914
747719 0.0499
747767 0.05034
747911 0.05011
747959 0.05037
747983 0.04995
748007 0.05047
748031 0.05047
748079 0.05036
748103 0.05004
748151 0.05045
748175 0.05045
748223 0.05044
748295 0.05018
748319 0.05043
748367 0.0499
748415 0.05003
748439 0.05002
748799 0.05051
748847 0.05035
748919 0.0505
748943 0.04995
748967 0.05034
748991 0.05034
749063 0.05033
749111 0.05047
749159 0.05032
749255 0.05016
749303 0.04977
749375 0.05029
749447 0.05042
749615 0.0504
749639 0.0504
749663 0.04906
749735 0.05038
749783 0.04981
749831 0.05025
749879 0.05011
749903 0.05011
749951 0.05045
749975 0.0502
749999 0.05035
750047 0.05029
750071 0.05037
750095 0.05019
750167 0.05032
750215 0.05032
750359 0.05034
750431 0.05032
750479 0.05049
750623 0.05012
750647 0.05026
750695 0.0504
750743 0.05025
750815 0.05027
750839 0.05044
750935 0.05022
750959 0.05025
751031 0.05021
751175 0.05047
751223 0.05033
751247 0.05038
751295 0.04956
751391 0.05051
751511 0.05038
751559 0.04881
751583 0.05048
751607 0.05048
751655 0.05015
751679 0.05041
751751 0.05046
751775 0.05031
751847 0.05045
751991 0.05042
752015 0.05043
752063 0.05042
752231 0.04949
752255 0.0505
752399 0.05038
752495 0.05045
752543 0.05035
752567 0.05035
752591 0.05047
752663 0.05
752759 0.05042
752783 0.05045
752879 0.05043
752927 0.05039
753047 0.05028
753167 0.05038
753287 0.05026
753335 0.05034
753359 0.04975
753407 0.05024
753431 0.05042
753479 0.05035
753503 0.05043
753551 0.05044
753575 0.05034
753623 0.05033
753695 0.05046
753767 0.05019
753791 0.05048
753815 0.05048
753887 0.0505
753935 0.05029
754007 0.05016
754031 0.05028
754079 0.05015
754103 0.05021
754151 0.05014
754199 0.05026
754247 0.05023
754295 0.05021
754487 0.05044
754631 0.0503
754727 0.05007
754775 0.05032
754799 0.05035
754823 0.05035
754847 0.05039
754943 0.05038
755039 0.05015
755063 0.05039
755159 0.04986
755183 0.05041
755207 0.05
755327 0.04999
755375 0.05044
755423 0.0501
755447 0.05043
755519 0.04982
755543 0.05047
755615 0.05048
755687 0.05047
755783 0.05049
755975 0.0505
756047 0.04954
756071 0.05001
756143 0.05022
756359 0.05044
756479 0.04996
756551 0.05017
756575 0.05042
756647 0.05041
756671 0.05015
756767 0.04948
756791 0.04992
756863 0.05037
756911 0.05012
756959 0.05036
756983 0.05011
757007 0.05008
757055 0.04988
757079 0.04997
757223 0.05034
757295 0.05031
757367 0.05032
757463 0.04983
757559 0.05028
757679 0.05026
757703 0.05027
757775 0.05026
757799 0.04952
757847 0.04974
757871 0.04999
757919 0.05023
758039 0.04985
758063 0.05025
758183 0.05019
758303 0.05029
758327 0.04993
758399 0.05016
758423 0.05019
758447 0.04966
758471 0.05032
758543 0.05015
758567 0.05034
758663 0.05013
758735 0.05014
758759 0.05025
758903 0.04986
758951 0.05011
759023 0.05029
759095 0.0503
759119 0.04957
759143 0.04955
759191 0.05003
759311 0.05004
759335 0.05034
759383 0.05035
759407 0.05047
759575 0.05003
759647 0.04928
759743 0.0505
759839 0.05014
759887 0.04999
759935 0.05047
759983 0.05016
760031 0.05046
760127 0.04935
760175 0.04993
760271 0.05049
760295 0.05042
760319 0.04979
760439 0.0505
760463 0.04991
760487 0.04993
760559 0.04939
760583 0.04989
760631 0.05027
760655 0.05047
760775 0.05036
760823 0.05035
760895 0.05031
760919 0.05044
760943 0.04983
760967 0.04984
761063 0.05042
761111 0.05035
761135 0.05031
761231 0.0504
761255 0.05039
761279 0.05039
761303 0.05038
761375 0.04996
761423 0.05027
761447 0.05027
761495 0.05036
761639 0.04942
761663 0.05044
761687 0.05013
761759 0.04944
761783 0.05003
761903 0.05031
761999 0.04948
762023 0.05049
762047 0.05019
762119 0.05028
762143 0.05051
762287 0.05023
762311 0.04967
762383 0.05015
762431 0.05024
762527 0.05026
762551 0.05016
762719 0.0503
762767 0.0503
762839 0.05042
762887 0.04962
762935 0.05033
762983 0.0504
763055 0.05024
763103 0.05025
763127 0.04966
763151 0.05025
763199 0.05037
763247 0.05038
763439 0.05011
763535 0.05
763607 0.04999
763631 0.05033
763655 0.05033
763703 0.05007
763727 0.04923
763775 0.0503
763871 0.05048
764015 0.05003
764063 0.04942
764087 0.05035
764135 0.0505
764159 0.04909
764207 0.04938
764279 0.05044
764351 0.05047
764543 0.04996
764567 0.04989
764615 0.05043
764639 0.05018
764687 0.04991
764759 0.05051
764831 0.0505
764927 0.05048
764951 0.05049
765023 0.0505
765071 0.04997
765095 0.05046
765167 0.04999
765215 0.0501
765311 0.05043
765359 0.05043
765407 0.04929
765455 0.05032
765527 0.05045
765551 0.05045
765575 0.04932
765647 0.0503
765695 0.05029
765719 0.05029
765815 0.05041
765839 0.05037
765863 0.05036
765887 0.04916
765911 0.05026
765935 0.0504
765959 0.05026
766103 0.05033
766151 0.04998
766199 0.0497
766319 0.05021
766343 0.0503
766391 0.04972
766463 0.04971
766535 0.05032
766631 0.05031
766655 0.05026
766775 0.05025
766823 0.04862
767039 0.05021
767063 0.04907
767183 0.04845
767207 0.05032
767255 0.04987
767303 0.04857
767327 0.05034
767351 0.05034
767375 0.05034
767447 0.05036
767519 0.04991
767543 0.05019
767567 0.05018
767591 0.05014
767807 0.05015
767855 0.05042
767903 0.05014
767927 0.04949
767975 0.04942
767999 0.05008
768023 0.04941
768071 0.04998
768095 0.05046
768143 0.05006
768215 0.04975
768239 0.04948
768287 0.05009
768383 0.04969
768455 0.0505
768527 0.05006
768719 0.05047
768839 0.04985
768911 0.05014
768935 0.05014
769079 0.0496
769103 0.0496
769175 0.05041
769223 0.04997
769295 0.05039
769343 0.04995
769415 0.05022
769439 0.05022
769511 0.05036
769535 0.04996
769583 0.04992
769607 0.05035
769631 0.05035
769655 0.05026
769679 0.05026
769703 0.04991
769823 0.04985
769895 0.05002
769991 0.05031
770015 0.05031
770087 0.04984
770231 0.05035
770279 0.05036
770303 0.04978
770327 0.05036
770351 0.05025
770399 0.0501
770471 0.05024
770495 0.05024
770543 0.04975
770687 0.04993
770735 0.05043
770783 0.04972
770807 0.0502
770855 0.05045
770879 0.05019
770975 0.05019
770999 0.05017
771023 0.04974
771071 0.05048
771119 0.05049
771167 0.0505
771263 0.04932
771383 0.04898
771407 0.05012
771575 0.05047
771671 0.05045
771743 0.04985
771767 0.04928
771791 0.05007
771839 0.05047
771959 0.05045
771983 0.04989
772055 0.0504
772079 0.05037
772151 0.05038
772175 0.04959
772199 0.05018
772223 0.04993
772319 0.05
772343 0.04991
772487 0.04998
772511 0.05034
772535 0.05044
772583 0.04995
772679 0.05046
772727 0.05032
772751 0.05026
772775 0.05031
772823 0.05003
772943 0.05001
773015 0.05051
773111 0.05032
773135 0.05026
773279 0.0501
773303 0.04953
773327 0.05046
773351 0.05046
773375 0.05036
773519 0.05044
773543 0.04957
773591 0.0504
773639 0.0502
773663 0.05016
773687 0.05042
773759 0.04925
773783 0.05014
773855 0.0502
773903 0.04937
774095 0.05036
774167 0.04942
774215 0.0505
774287 0.05051
774335 0.05023
774359 0.05033
774455 0.05049
774479 0.04925
774503 0.04924
774527 0.05048
774599 0.05031
774623 0.04926
774647 0.05046
774695 0.05046
774815 0.05044
774839 0.05035
774911 0.05043
774935 0.05036
774983 0.05037
775031 0.05041
775055 0.05038
775127 0.05
775199 0.05037
775223 0.05037
775319 0.05042
775487 0.05035
775535 0.05042
775559 0.05046
775583 0.04845
775631 0.05047
775703 0.04991
775775 0.0505
775847 0.04955
775895 0.05051
776063 0.05051
776111 0.05027
776231 0.05026
776279 0.05025
776375 0.05047
776423 0.05044
776567 0.05005
776591 0.05041
776663 0.05041
776735 0.05042
776807 0.05018
776903 0.05037
776951 0.05037
776975 0.05036
776999 0.04976
777095 0.05038
777263 0.05036
777287 0.04973
777335 0.04969
777359 0.05034
777407 0.05018
777575 0.05029
777623 0.05022
777647 0.04974
777719 0.04967
777815 0.05026
777935 0.05027
777983 0.05023
778007 0.05003
778055 0.04985
778103 0.05025
778127 0.05005
778175 0.0503
778199 0.05023
778343 0.05033
778367 0.05009
778415 0.05034
778463 0.05017
778583 0.05037
778631 0.05038
778679 0.05014
778703 0.04884
778751 0.0504
778799 0.05016
778895 0.05042
778919 0.05006
778943 0.05043
779015 0.0501
779087 0.05045
779183 0.0501
779303 0.05
779375 0.05006
779399 0.05008
779423 0.05014
779447 0.05026
779471 0.05026
779567 0.0505
779687 0.04934
779711 0.05004
779735 0.04999
779759 0.05031
779783 0.05
779807 0.05047
779855 0.05021
779951 0.05034
779975 0.05045
779999 0.05034
780023 0.05011
780071 0.05043
780239 0.04986
780263 0.05015
780311 0.0504
780335 0.05029
780359 0.04988
780407 0.05039
780431 0.05041
780455 0.05038
780503 0.04853
780575 0.0502
780599 0.05012
780623 0.05036
780743 0.04991
780767 0.05034
780863 0.05016
780935 0.05049
780983 0.05032
781055 0.0504
781103 0.0502
781175 0.05049
781319 0.05047
781343 0.05045
781415 0.05026
781463 0.04982
781583 0.05024
781655 0.0505
781703 0.0505
781751 0.05039
781871 0.05049
781895 0.0504
781943 0.05034
782015 0.05047
782063 0.05047
782111 0.04958
782255 0.05044
782303 0.05047
782327 0.05014
782351 0.05048
782423 0.05041
782471 0.04966
782495 0.05051
782543 0.04979
782615 0.0504
782639 0.05045
782759 0.05038
782807 0.05028
782879 0.05036
782903 0.04961
782927 0.04923
782951 0.05049
783215 0.05042
783287 0.04991
783335 0.05047
783383 0.05047
783431 0.05039
783503 0.05045
783575 0.05027
783695 0.05041
783815 0.05041
783863 0.05034
783911 0.0504
783935 0.05033
783983 0.05032
784007 0.05032
784055 0.05046
784079 0.04975
784127 0.04976
784151 0.05037
784199 0.05048
784247 0.04972
784271 0.0505
784295 0.05035
784319 0.0505
784343 0.05028
784391 0.05008
784439 0.0505
784559 0.05032
784607 0.05012
784775 0.05046
784823 0.05015
784871 0.05044
784967 0.05017
784991 0.05043
785015 0.05043
785039 0.05
785063 0.04985
785183 0.05021
785351 0.05038
785399 0.04909
785447 0.04975
785519 0.05012
785567 0.05027
785615 0.05028
785855 0.05017
785927 0.04998
785999 0.0503
786071 0.0502
786119 0.05021
786143 0.05036
786263 0.04993
786287 0.05038
786383 0.0504
786479 0.05027
786575 0.04999
786623 0.04999
786671 0.0501
786767 0.05018
786791 0.05046
786839 0.04914
786863 0.05047
787031 0.05035
787103 0.04928
787127 0.05023
787151 0.0505
787175 0.0505
787199 0.04972
787271 0.05026
787295 0.0504
787319 0.0504
787343 0.05021
787463 0.04967
787487 0.05029
787583 0.05024
787655 0.05045
787679 0.05046
787703 0.05026
787775 0.05033
787799 0.05034
787847 0.05042
787919 0.04972
788015 0.05051
788063 0.05032
788111 0.0497
788183 0.04979
788279 0.04984
788327 0.05047
788423 0.04976
788447 0.04869
788471 0.04982
788495 0.05045
788543 0.04974
788615 0.04958
788639 0.05047
788663 0.05031
788711 0.05048
788759 0.05042
788807 0.0505
788831 0.0505
788951 0.0499
788975 0.04964
789023 0.05047
789047 0.05047
789071 0.04965
789143 0.05025
789167 0.05036
789191 0.04994
789215 0.05024
789239 0.05047
789263 0.04955
789287 0.04969
789359 0.05045
789383 0.05022
789455 0.05049
789479 0.04881
789503 0.04985
789551 0.04999
789647 0.05041
789695 0.05002
789743 0.04982
789767 0.0494
789815 0.05039
789839 0.04981
789983 0.05006
790055 0.05007
790103 0.05041
790151 0.05035
790175 0.05009
790223 0.04976
790295 0.05038
790319 0.05011
790415 0.05037
790463 0.04981
790487 0.04987
790535 0.05019
790559 0.04989
790655 0.04983
790679 0.05017
790823 0.05019
790895 0.05025
790919 0.04994
791039 0.05013
791063 0.05001
791183 0.04992
791231 0.05026
791279 0.05
791303 0.05025
791495 0.05018
791591 0.05006
791615 0.05005
791831 0.05035
791879 0.05013
791903 0.05018
792143 0.05015
792167 0.05008
792287 0.05013
792311 0.05042
792335 0.05043
792407 0.05006
792503 0.04918
792599 0.04993
792623 0.05013
792671 0.04992
792695 0.05016
792743 0.05015
792767 0.05023
792791 0.04944
792839 0.0478
792887 0.04924
792911 0.04989
792935 0.05026
793007 0.05027
793151 0.05023
793175 0.05047
793295 0.05
793319 0.05032
793367 0.04999
793415 0.05044
793463 0.05028
793535 0.05029
793583 0.05028
793703 0.0504
793727 0.0499
793751 0.05038
793775 0.04994
793799 0.04999
793823 0.04993
793847 0.04949
793943 0.04992
793991 0.05042
794135 0.05044
794255 0.05039
794279 0.05039
794351 0.05048
794375 0.05048
794663 0.04983
794735 0.04977
794807 0.05048
794855 0.0505
794903 0.05049
794951 0.04979
794975 0.05046
795095 0.04944
795143 0.05049
795191 0.05049
795263 0.05048
795287 0.0497
795359 0.05041
795383 0.05047
795431 0.05046
795623 0.05044
795695 0.05042
795767 0.04969
795815 0.0503
795839 0.05035
795863 0.05013
795887 0.04963
795911 0.05012
796079 0.05034
796175 0.05031
796199 0.05036
796223 0.04936
796271 0.05034
796295 0.05029
796319 0.05035
796343 0.05033
796367 0.05038
796463 0.05033
796535 0.05032
796559 0.05041
796607 0.05042
796655 0.04992
796703 0.04974
796775 0.05029
796823 0.05028
796943 0.05027
796991 0.05026
797087 0.05003
797135 0.0498
797255 0.05022
797279 0.0505
797327 0.05021
797351 0.05016
797375 0.05048
797471 0.0502
797543 0.05018
797663 0.04918
797687 0.05011
797807 0.05009
797831 0.05016
797879 0.05011
797903 0.05016
797999 0.05041
798095 0.05019
798119 0.05039
798167 0.05038
798215 0.05021
798311 0.0501
798359 0.05019
798407 0.05019
798455 0.05035
798479 0.05035
798551 0.05034
798575 0.05026
798671 0.05032
798719 0.05024
798767 0.05031
798863 0.05007
798959 0.05028
798983 0.05009
799175 0.05031
799295 0.05037
799319 0.05024
799391 0.05039
799415 0.05039
799439 0.05035
799463 0.05016
799511 0.05037
799535 0.05037
799559 0.05037
799583 0.05013
799607 0.05042
799631 0.05029
799703 0.0503
799799 0.05041
799823 0.05045
799847 0.05032
799871 0.05033
799943 0.05047
800039 0.05045
800183 0.04987
800207 0.05051
800255 0.05048
800279 0.05048
800327 0.05049
800423 0.05048
800543 0.04993
800567 0.05049
800591 0.05049
800615 0.05049
800735 0.05036
800807 0.05047
800831 0.05043
801047 0.05041
801095 0.05051
801143 0.0505
801191 0.0503
801239 0.05
801383 0.05036
801479 0.05043
801527 0.05037
801575 0.05033
801599 0.05036
801623 0.0505
801695 0.05011
801767 0.05031
801815 0.0505
801863 0.05041
801887 0.05033
801983 0.05051
802079 0.0505
802175 0.05045
802223 0.05045
802247 0.05036
802271 0.04993
802295 0.05044
802343 0.05047
802631 0.0502
802655 0.05043
802679 0.05018
802727 0.05026
802775 0.05041
802847 0.05037
802871 0.05021
802919 0.0504
802943 0.05036
803039 0.05023
803063 0.05038
803111 0.05037
803231 0.05034
803375 0.05022
803423 0.05037
803471 0.05029
803543 0.05031
803639 0.05032
803711 0.05034
803735 0.05042
803759 0.05009
803783 0.05043
803855 0.05044
803903 0.05036
804023 0.05046
804047 0.05047
804071 0.05039
804095 0.05013
804143 0.0504
804215 0.05041
804311 0.05043
804407 0.05011
804503 0.05008
804575 0.05047
804599 0.04932
804623 0.05048
804647 0.04998
804671 0.05048
804719 0.05016
804791 0.05045
804815 0.05032
804839 0.04968
804863 0.05012
804935 0.05014
804959 0.05014
805055 0.05012
805103 0.05041
805127 0.05023
805151 0.05037
805175 0.0504
805319 0.05025
805343 0.0504
805391 0.05044
805415 0.05021
805439 0.04993
805511 0.05036
805775 0.05004
805823 0.05024
805895 0.05038
805943 0.05001
806015 0.0503
806063 0.05051
806207 0.04989
806279 0.04978
806375 0.05042
806519 0.0503
806663 0.05044
806687 0.04996
806735 0.05013
806831 0.04991
806855 0.05049
806879 0.05015
807047 0.0505
807143 0.05044
807167 0.05049
807191 0.05048
807215 0.04995
807263 0.05049
807311 0.0505
807431 0.05049
807455 0.05012
807503 0.0505
807551 0.0501
807575 0.05049
807623 0.0501
807695 0.0505
807743 0.0503
807767 0.05041
807791 0.05029
807839 0.04959
807863 0.0503
808031 0.05046
808079 0.05037
808103 0.05045
808199 0.05036
808319 0.05037
808463 0.05037
808487 0.05037
808511 0.05032
808631 0.04997
808703 0.05037
808775 0.05029
808799 0.04947
808823 0.05033
808943 0.05034
808967 0.05031
809015 0.04999
809111 0.05032
809135 0.05029
809159 0.05034
809255 0.0505
809279 0.04961
809303 0.0505
809327 0.05022
809351 0.05022
809495 0.05047
809519 0.04956
809543 0.05024
809639 0.04958
809663 0.05025
809687 0.05025
809711 0.05025
809783 0.05021
809807 0.04983
809927 0.05003
809951 0.05022
809975 0.04981
810047 0.05048
810143 0.05039
810215 0.05041
810263 0.05004
810311 0.0505
810335 0.0505
810359 0.05005
810479 0.05007
810575 0.05047
810599 0.05034
810647 0.05048
810719 0.05045
810743 0.05049
810767 0.05012
810815 0.0497
810887 0.05043
810935 0.04991
810983 0.0505
811055 0.05049
811103 0.05027
811151 0.0504
811175 0.0504
811223 0.05047
811271 0.05019
811367 0.05045
811415 0.05037
811463 0.05044
811487 0.05043
811535 0.05023
811655 0.05021
811679 0.05033
811751 0.0504
811823 0.04958
811943 0.0498
812015 0.05037
812135 0.05028
812159 0.05033
812327 0.05033
812423 0.05037
812471 0.05031
812543 0.04956
812567 0.0503
812735 0.05042
812783 0.04984
812831 0.05043
812903 0.05008
812975 0.05017
812999 0.05017
813071 0.05047
813191 0.05015
813215 0.05014
813263 0.05021
813335 0.05051
813431 0.05016
813527 0.05018
813575 0.05017
813671 0.05047
813719 0.05046
813743 0.05021
813791 0.05002
813959 0.05011
813983 0.05024
814055 0.05025
814103 0.04952
814175 0.05027
814223 0.05015
814271 0.04966
814319 0.0501
814343 0.04995
814391 0.05038
814415 0.05038
814463 0.05018
814583 0.04985
814607 0.04999
814679 0.05035
814703 0.05035
814775 0.05033
814871 0.05025
814967 0.05004
815039 0.0504
815087 0.04991
815183 0.05029
815207 0.04997
815255 0.05044
815303 0.04993
815423 0.05033
815495 0.05034
815567 0.04997
815591 0.05023
815615 0.04998
815879 0.05033
815903 0.05019
815927 0.05019
815951 0.05048
815975 0.05035
816023 0.05048
816071 0.05047
816143 0.05002
816263 0.05045
816311 0.05046
816335 0.05047
816359 0.04976
816383 0.05006
816431 0.05048
816479 0.05049
816527 0.05028
816575 0.0505
816623 0.04921
816671 0.05045
816695 0.0505
816719 0.0505
816863 0.05016
816935 0.05049
816983 0.0505
817031 0.05019
817175 0.05044
817199 0.05004
817367 0.05041
817391 0.05047
817439 0.0503
817511 0.05043
817535 0.05043
817583 0.05039
817655 0.04998
817751 0.05026
817775 0.05047
817799 0.04996
817847 0.05028
817991 0.0503
818015 0.05031
818039 0.05033
818063 0.05039
818087 0.05035
818183 0.05049
818255 0.05034
818279 0.05036
818351 0.04962
818375 0.05047
818423 0.04963
818447 0.04945
818495 0.05046
818519 0.05038
818615 0.05044
818639 0.04986
818711 0.05044
818735 0.05014
818879 0.05012
818903 0.05044
819023 0.05039
819047 0.05013
819071 0.05013
819143 0.0498
819191 0.05009
819215 0.0505
819335 0.05051
819383 0.05051
819551 0.05049
819575 0.05049
819671 0.05013
819815 0.05029
819839 0.05017
819863 0.05011
819983 0.05041
820079 0.04969
820103 0.05042
820391 0.05039
820415 0.05035
820439 0.05034
820511 0.05037
820583 0.04992
820631 0.04997
820655 0.05037
820751 0.05035
820775 0.05039
820799 0.05
820823 0.04989
820871 0.05033
820895 0.05033
820943 0.05029
821111 0.05044
821135 0.0503
821159 0.05001
821231 0.05029
821351 0.05007
821399 0.05048
821423 0.05026
821543 0.04996
821567 0.05021
821615 0.04992
821639 0.04993
821687 0.05023
821735 0.05049
821807 0.05021
821903 0.05017
821951 0.05047
821975 0.0502
822023 0.05018
822047 0.05019
822071 0.05018
822119 0.05045
822143 0.05001
822239 0.05021
822263 0.04999
822287 0.05042
822359 0.04912
822455 0.05014
822503 0.04976
822575 0.05026
822623 0.04967
822695 0.0501
822719 0.0501
822911 0.05035
822959 0.04979
822983 0.05007
823055 0.05033
823079 0.05006
823151 0.05032
823223 0.05036
823247 0.05031
823295 0.05003
823343 0.04974
823367 0.05002
823463 0.04957
823583 0.05041
823607 0.05022
823631 0.04971
823823 0.04997
823895 0.05046
823919 0.05027
823943 0.04995
823991 0.05022
824135 0.05049
824159 0.04964
824207 0.05019
824255 0.05032
824303 0.04957
824327 0.0499
824423 0.04956
824471 0.04989
824615 0.05047
824687 0.04983
824735 0.0497
824783 0.04982
824855 0.05011
824903 0.04983
824927 0.0501
824975 0.04953
825023 0.05014
825095 0.04978
825119 0.0504
825215 0.05017
825239 0.0498
825263 0.05039
825335 0.05048
825383 0.05037
825431 0.05004
825599 0.05022
825623 0.04975
825671 0.05034
825719 0.04953
825863 0.05026
825911 0.05027
825935 0.05027
826079 0.05044
826103 0.04969
826127 0.04996
826175 0.05031
826319 0.04971
826343 0.04966
826367 0.05041
826439 0.0504
826487 0.04745
826511 0.05036
826535 0.05039
826679 0.05037
826703 0.04959
826751 0.05036
826775 0.05036
827015 0.05017
827111 0.04984
827135 0.05045
827207 0.0503
827375 0.0491
827399 0.04946
827495 0.05011
827519 0.04948
827735 0.04993
827759 0.05024
827807 0.04949
827831 0.05023
827855 0.05047
827951 0.04996
827999 0.05021
828023 0.05005
828095 0.04999
828191 0.05043
828215 0.05
828263 0.04927
828287 0.05017
828311 0.05041
828359 0.04942
828455 0.05003
828479 0.05
828551 0.05014
828623 0.04998
828671 0.05008
828719 0.05036
828791 0.05008
828815 0.05035
828935 0.05034
828959 0.05033
828983 0.0499
829031 0.05013
829079 0.05032
829127 0.05007
829175 0.05015
829247 0.04994
829295 0.05029
829343 0.05017
829391 0.05028
829487 0.0502
829607 0.04928
829631 0.05021
829751 0.05023
829799 0.04984
829871 0.05026
829895 0.05015
829919 0.05025
830015 0.05028
830039 0.04996
830063 0.05027
830087 0.05029
830159 0.05029
830183 0.05019
830231 0.05018
830303 0.05017
830423 0.05034
830471 0.05033
830519 0.05024
830543 0.05036
830663 0.05037
830687 0.04924
830759 0.04996
830783 0.0488
830831 0.05029
830855 0.05018
830927 0.05041
830975 0.05041
830999 0.05041
831119 0.05002
831143 0.05043
831263 0.05024
831383 0.05047
831455 0.05038
831479 0.04964
831527 0.0505
831623 0.0505
831671 0.05051
831719 0.05042
831791 0.05032
831935 0.05048
831959 0.04973
832055 0.05045
832127 0.05017
832175 0.05044
832319 0.04969
832343 0.05051
832511 0.05041
832559 0.05048
832655 0.05039
832775 0.05046
832823 0.04987
832895 0.05048
832991 0.05049
833111 0.05033
833159 0.05033
833279 0.05031
833303 0.05049
833327 0.05048
833351 0.05048
833447 0.05047
833495 0.05046
833567 0.05045
833663 0.04984
833735 0.0504
833807 0.05041
833831 0.05024
833879 0.05024
833975 0.04954
834071 0.05045
834095 0.05046
834119 0.05046
834167 0.0502
834191 0.05047
834239 0.05048
834263 0.0497
834359 0.05018
834479 0.04961
834551 0.04914
834575 0.05033
834647 0.05049
834695 0.05048
834719 0.05022
834743 0.05022
834767 0.04985
834839 0.05001
834863 0.0502
834887 0.04987
834911 0.04946
835031 0.05018
835103 0.05009
835127 0.05043
835151 0.05026
835175 0.05026
835199 0.05008
835223 0.05008
835295 0.05024
835343 0.05007
835367 0.05024
835415 0.05039
835463 0.05022
835583 0.05012
835703 0.05014
835751 0.05035
835775 0.04959
835799 0.05016
835991 0.05018
836015 0.05016
836087 0.05015
836111 0.05031
836207 0.0503
836303 0.05023
836375 0.05024
836495 0.0501
836543 0.0501
836687 0.05013
836735 0.05023
836759 0.0503
836783 0.04989
836831 0.05022
836855 0.04988
836903 0.04996
836975 0.05021
836999 0.04999
837023 0.05034
837095 0.05019
837119 0.05
837143 0.05002
837287 0.05022
837311 0.04955
837383 0.05039
837407 0.05015
837479 0.0504
837527 0.04907
837575 0.04997
837623 0.04994
837695 0.04987
837719 0.04961
837791 0.04997
837911 0.04999
837935 0.05047
837959 0.05047
837983 0.05048
838007 0.05013
838031 0.04992
838079 0.05007
838103 0.0505
838151 0.05007
838175 0.05051
838199 0.04973
838223 0.04995
838271 0.0505
838295 0.04996
838319 0.05018
838535 0.05041
838559 0.05041
838607 0.05001
838655 0.05046
838703 0.05045
838823 0.05044
838967 0.04997
839015 0.04975
839039 0.05041
839063 0.04962
839111 0.0503
839135 0.05008
839183 0.05017
839231 0.05051
839255 0.05051
839279 0.05051
839375 0.05049
839423 0.04986
839639 0.04955
839687 0.04985
839711 0.04882
839735 0.05045
839783 0.05026
839927 0.05043
839975 0.05042
840071 0.0503
840095 0.05044
840143 0.05028
840167 0.04966
840191 0.05046
840263 0.04956
840359 0.0493
840383 0.05027
840431 0.04979
840503 0.05037
840527 0.05036
840575 0.04952
840599 0.0505
840623 0.05039
840647 0.0505
840695 0.0504
840719 0.05033
840887 0.05031
840959 0.05044
840983 0.04932
841007 0.05036
841031 0.05045
841127 0.05006
841151 0.05046
841175 0.04971
841199 0.05028
841247 0.05043
841271 0.05048
841295 0.05014
841343 0.04974
841487 0.0504
841583 0.05044
841679 0.05038
841703 0.04948
841775 0.05021
841871 0.0502
841895 0.04952
841967 0.05034
841991 0.05045
842015 0.05044
842135 0.05032
842207 0.05022
842231 0.04942
842375 0.05014
842471 0.05039
842663 0.05037
842687 0.05025
842711 0.05025
842735 0.05043
842831 0.05035
842855 0.05041
842903 0.04997
843095 0.05032
843143 0.05038
843167 0.05004
843191 0.0503
843263 0.05042
843335 0.05043
843407 0.05035
843551 0.05041
843575 0.05047
843599 0.05026
843623 0.05042
843647 0.04894
843671 0.05008
843719 0.04985
843743 0.05049
843767 0.05044
843935 0.05047
843959 0.0505
844007 0.04994
844079 0.04993
844103 0.05014
844151 0.0505
844175 0.0505
844223 0.04958
844319 0.05046
844343 0.05049
844391 0.05016
844415 0.05044
844583 0.05021
844655 0.05013
844679 0.04986
844703 0.05045
844727 0.05045
844751 0.0504
844799 0.0504
844919 0.05038
844943 0.05042
844967 0.05016
845063 0.05008
845135 0.05014
845255 0.05031
845327 0.05012
845375 0.05037
845399 0.04978
845471 0.05034
845543 0.05009
845615 0.0503
845639 0.0499
845663 0.05037
845711 0.05029
845759 0.04974
845783 0.05028
845855 0.05027
845903 0.05031
845999 0.05012
846023 0.05042
846047 0.05043
846071 0.05013
846119 0.04996
846143 0.05024
846167 0.05028
846191 0.05009
846263 0.05046
846335 0.05026
846455 0.05012
846551 0.05023
846623 0.05021
846743 0.05021
846767 0.04962
846791 0.05024
846887 0.05048
846935 0.05014
846959 0.05026
847055 0.05028
847175 0.05029
847295 0.05043
847391 0.05032
847439 0.05033
847463 0.05008
847535 0.04981
847559 0.05035
847583 0.05007
847631 0.0503
847679 0.0503
847751 0.04984
847775 0.04989
847823 0.05039
847847 0.05036
847943 0.05003
848063 0.05036
848231 0.05016
848279 0.04999
848303 0.04996
848327 0.04738
848351 0.05046
848375 0.04997
848447 0.05029
848495 0.05049
848519 0.0502
848543 0.05028
848615 0.0505
848639 0.05022
848663 0.05045
848783 0.0505
848831 0.05004
848855 0.05049
848903 0.05026
848951 0.05023
849023 0.0505
849071 0.04993
849167 0.04974
849239 0.05049
849287 0.05001
849335 0.05032
849407 0.05018
849479 0.05046
849503 0.05046
849527 0.0497
849575 0.0504
849623 0.05006
849647 0.05031
849671 0.05039
849695 0.05039
849791 0.05038
849863 0.0504
849887 0.05019
849911 0.05041
850007 0.05011
850031 0.0504
850103 0.05043
850127 0.05023
850151 0.05038
850199 0.05001
850223 0.05024
850295 0.05041
850319 0.05047
850343 0.05047
850367 0.05026
850463 0.05023
850511 0.05034
850535 0.05044
850559 0.0505
850583 0.05028
850655 0.05051
850703 0.05003
850751 0.0505
850775 0.05049
850847 0.05033
850919 0.05024
850967 0.0505
851063 0.05036
851111 0.05037
851183 0.05044
851255 0.0503
851279 0.05035
851399 0.05046
851447 0.05042
851543 0.05043
851567 0.05044
851663 0.05045
851687 0.05011
851711 0.05041
851759 0.05023
851807 0.05042
851903 0.05039
851951 0.05049
851975 0.0505
851999 0.05035
852071 0.05028
852119 0.05047
852215 0.05037
852311 0.0505
852335 0.05045
852431 0.05034
852479 0.0505
852503 0.05048
852551 0.05049
852575 0.05049
852647 0.04893
852719 0.05031
852743 0.05051
852767 0.0505
852791 0.05042
852815 0.0505
852839 0.05045
852887 0.05028
852911 0.05045
853151 0.05046
853247 0.05025
853295 0.05045
853367 0.05043
853391 0.05047
853415 0.05035
853487 0.05042
853511 0.05037
853583 0.05037
853631 0.0505
853655 0.0504
853679 0.05051
853751 0.05039
853775 0.05041
853847 0.05018
853871 0.05033
853895 0.05048
853943 0.05012
854063 0.05046
854183 0.05045
854279 0.05044
854375 0.04999
854399 0.05027
854519 0.0501
854615 0.05049
854663 0.05028
854711 0.05048
854735 0.05048
854759 0.05007
854831 0.04974
854903 0.05025
854975 0.05049
855095 0.05051
855167 0.05002
855239 0.05001
855263 0.05021
855335 0.05012
855383 0.05048
855575 0.05017
855599 0.05013
855695 0.05018
855743 0.05044
855839 0.05013
856031 0.05023
856127 0.04993
856151 0.05021
856175 0.0501
856223 0.05038
856295 0.05011
856367 0.05028
856415 0.05036
856439 0.05003
856535 0.05031
856559 0.05017
856583 0.05034
856607 0.05032
856631 0.05032
856655 0.05032
856679 0.04984
856991 0.05037
857063 0.05038
857111 0.05035
857279 0.05034
857303 0.05042
857327 0.05017
857351 0.05035
857375 0.05027
857399 0.05039
857447 0.04784
857495 0.05023
857543 0.05045
857591 0.05041
857639 0.05042
857735 0.05044
857759 0.05041
857783 0.05049
857807 0.05049
857831 0.05045
857999 0.0502
858023 0.05036
858119 0.04968
858143 0.05049
858191 0.04991
858359 0.05012
858383 0.05042
858407 0.05042
858431 0.0505
858575 0.05044
858599 0.04978
858647 0.05029
858695 0.0503
858791 0.05031
858839 0.05044
858863 0.05048
858935 0.0505
858983 0.05039
859007 0.05034
859103 0.05004
859175 0.05049
859199 0.05042
859247 0.05036
859415 0.05037
859463 0.05039
859487 0.05041
859535 0.05039
859583 0.05045
859655 0.05044
859703 0.05031
859775 0.05042
859871 0.05034
859967 0.04994
860039 0.04961
860207 0.05051
860231 0.05028
860255 0.0502
860303 0.0504
860375 0.04989
860471 0.05048
860495 0.05034
860615 0.05046
860639 0.05045
860711 0.05046
860783 0.05047
860807 0.04984
860879 0.05023
860903 0.05048
860951 0.04975
860975 0.05049
861071 0.04981
861263 0.05017
861383 0.05019
861431 0.05037
861455 0.0502
861503 0.05038
861527 0.05022
861623 0.05045
861671 0.05033
861695 0.05041
861815 0.05032
861887 0.04939
861911 0.05044
861959 0.05045
861983 0.04987
862007 0.04963
862079 0.04918
862151 0.05039
862199 0.05005
862223 0.05038
862247 0.04991
862271 0.05049
862295 0.05032
862367 0.05033
862415 0.05034
862631 0.05048
862679 0.04925
862751 0.05021
862775 0.05007
862823 0.04999
862871 0.05045
862895 0.05045
862967 0.05018
863063 0.05004
863159 0.05016
863255 0.05026
863327 0.04978
863375 0.0504
863399 0.05024
863423 0.04993
863495 0.05023
863519 0.04937
863543 0.0505
863663 0.05021
863735 0.05012
863759 0.0502
863903 0.05018
863927 0.05015
863999 0.05017
864023 0.04988
864095 0.05016
864215 0.0503
864239 0.05004
864311 0.05014
864431 0.05016
864455 0.04981
864527 0.05017
864575 0.05024
864599 0.0501
864647 0.05039
864695 0.05009
864743 0.05027
864791 0.05037
864815 0.05023
864839 0.05007
864863 0.05036
864983 0.05024
865031 0.0502
865079 0.0502
865199 0.05003
865223 0.05006
865319 0.05017
865367 0.05029
865415 0.0503
865463 0.05015
865487 0.05029
865535 0.05029
865607 0.05039
865655 0.05012
865703 0.05027
865727 0.04961
865775 0.04996
865799 0.04995
865919 0.0501
865943 0.05016
865967 0.04997
866039 0.04958
866063 0.04973
866111 0.05022
866255 0.0502
866303 0.04967
866327 0.05002
866351 0.0505
866423 0.05051
866447 0.05051
866495 0.05004
866543 0.05003
866567 0.05005
866615 0.05049
866663 0.05048
866855 0.05051
866903 0.05013
866975 0.04971
866999 0.05012
867047 0.05044
867095 0.05049
867119 0.04996
867167 0.05043
867191 0.05047
867215 0.05009
867287 0.05046
867311 0.05041
867335 0.05046
867479 0.04993
867503 0.05044
867599 0.04965
867767 0.05036
867839 0.04989
867935 0.05044
867983 0.05033
868079 0.05002
868223 0.05048
868343 0.0505
868391 0.05051
868439 0.05032
868463 0.0505
868511 0.05027
868607 0.05026
868631 0.05048
868655 0.04995
868703 0.0503
868775 0.05047
868823 0.04977
868871 0.05046
868919 0.05039
868967 0.0504
869015 0.05026
869159 0.05017
869183 0.05024
869231 0.05041
869279 0.04971
869327 0.05018
869423 0.05039
869495 0.05047
869519 0.05048
869735 0.0501
869759 0.05026
869783 0.05017
869855 0.05034
869903 0.05029
869975 0.05049
870023 0.05032
870119 0.05031
870143 0.05032
870167 0.05046
870215 0.0503
870263 0.05023
870503 0.05036
870527 0.05038
870551 0.05042
870575 0.05038
870623 0.05038
870647 0.05023
870671 0.0504
870719 0.0503
870767 0.05039
870791 0.0504
870839 0.05032
870863 0.05032
870935 0.05044
870959 0.05043
871127 0.04912
871175 0.05035
871247 0.05001
871319 0.05048
871415 0.05049
871487 0.05051
871535 0.05051
871607 0.05049
871775 0.05045
871799 0.05002
871847 0.0504
871943 0.05047
872063 0.04889
872087 0.05044
872111 0.0505
872135 0.05044
872183 0.05044
872279 0.04937
872303 0.0505
872375 0.05018
872423 0.0504
872447 0.0502
872495 0.05048
872615 0.05018
872639 0.05015
872783 0.04917
872879 0.05036
872903 0.05025
872975 0.05034
873023 0.05034
873071 0.05032
873143 0.04979
873167 0.05031
873191 0.05022
873215 0.05032
873287 0.05031
873311 0.05023
873335 0.05031
873455 0.05041
873479 0.05036
873503 0.05034
873599 0.05039
873623 0.05028
873695 0.05038
873719 0.05026
873887 0.05039
873911 0.05039
873983 0.05033
874031 0.05022
874055 0.05002
874223 0.05044
874319 0.05019
874391 0.05039
874439 0.0503
874511 0.0504
874559 0.05017
874679 0.05022
874703 0.05038
874751 0.05022
874775 0.05051
874943 0.05012
875063 0.05048
875087 0.05047
875135 0.0505
875207 0.04988
875231 0.05051
875255 0.05051
875303 0.05015
875351 0.05049
875399 0.05014
875423 0.05005
875495 0.04915
875567 0.0505
875807 0.04949
875999 0.05038
876071 0.05042
876095 0.05045
876119 0.04847
876143 0.05035
876167 0.0497
876383 0.05038
876503 0.0501
876575 0.05046
876599 0.05036
876671 0.05013
876695 0.05047
876743 0.05034
876815 0.05033
876839 0.05049
876863 0.0499
876887 0.05002
876911 0.05036
876935 0.05036
876959 0.05031
877031 0.05036
877103 0.05037
877175 0.05033
877247 0.05032
877271 0.05032
877295 0.05047
877391 0.0502
877415 0.05042
877511 0.05045
877535 0.05044
877559 0.04994
877583 0.05018
877607 0.04981
877631 0.05045
877655 0.05043
877679 0.05043
877775 0.05022
877847 0.05025
877919 0.05049
877967 0.05039
878015 0.05039
878135 0.0505
878231 0.05017
878303 0.05049
878375 0.05019
878399 0.05015
878447 0.05034
878519 0.04979
878591 0.05045
878639 0.05045
878687 0.05031
878711 0.05041
878735 0.05011
878855 0.05043
878879 0.05044
878903 0.05042
878975 0.04938
878999 0.05045
879191 0.05005
879263 0.05049
879335 0.0505
879359 0.0505
879383 0.04926
879407 0.05007
879431 0.05036
879479 0.05002
879527 0.05022
879599 0.05049
879671 0.05
879767 0.04999
879791 0.05046
879911 0.0503
879959 0.05045
879983 0.05044
880055 0.05043
880103 0.05025
880175 0.05014
880319 0.05025
880415 0.0503
880535 0.04928
880583 0.05022
880655 0.05033
880775 0.0502
880967 0.04955
881039 0.05032
881063 0.05017
881087 0.05018
881183 0.05041
881303 0.05029
881375 0.05043
881399 0.05028
881423 0.05044
881543 0.05046
881687 0.05007
881759 0.05009
881783 0.05024
881855 0.0505
881879 0.04975
881951 0.05051
882023 0.0505
882119 0.04992
882191 0.05033
882215 0.05034
882311 0.05016
882383 0.05046
882407 0.04969
882527 0.04987
882575 0.05044
882647 0.0497
882671 0.04999
882743 0.05041
882791 0.05042
882911 0.05043
882935 0.05025
882959 0.05025
882983 0.04963
883079 0.04996
883199 0.04998
883223 0.05048
883271 0.05048
883295 0.04914
883415 0.0505
883439 0.05032
883463 0.05033
883535 0.0505
883559 0.05004
883655 0.05035
883679 0.04983
883943 0.04984
883967 0.05039
884015 0.05045
884063 0.04988
884135 0.05026
884207 0.05042
884279 0.05044
884303 0.05041
884351 0.05014
884399 0.04993
884519 0.04993
884543 0.04978
884567 0.05038
884663 0.05018
884687 0.04948
884711 0.05037
884735 0.05036
884807 0.04987
884855 0.05018
884879 0.05021
884903 0.05017
884927 0.05034
885047 0.05048
885119 0.04992
885143 0.05025
885335 0.04983
885407 0.04935
885527 0.0501
885575 0.05009
885719 0.05041
885743 0.05025
885767 0.0504
885815 0.05007
885887 0.0495
885935 0.05016
885983 0.05036
886079 0.05017
886103 0.05021
886175 0.05039
886319 0.04978
886391 0.05042
886439 0.05032
886535 0.05044
886559 0.05023
886631 0.05025
886655 0.05015
886703 0.05046
886727 0.04996
886943 0.0505
887015 0.05031
887039 0.0503
887063 0.05051
887087 0.04992
887159 0.05024
887183 0.05033
887207 0.05033
887231 0.05049
887255 0.05033
887303 0.04998
887471 0.05037
887591 0.05045
887615 0.05003
887639 0.05019
887663 0.05044
887687 0.0504
887783 0.05042
887855 0.05043
887927 0.05007
887951 0.05007
887975 0.05031
888023 0.05045
888071 0.05044
888095 0.05039
888167 0.04998
888191 0.05034
888215 0.05011
888311 0.05049
888407 0.05014
888503 0.05051
888551 0.05051
888575 0.04937
888599 0.0505
888647 0.05017
888719 0.05032
888743 0.05011
888791 0.05031
888863 0.05047
888911 0.05047
889007 0.05046
889079 0.05045
889103 0.0497
889223 0.05043
889295 0.05026
889463 0.05041
889487 0.04953
889511 0.0504
889559 0.0504
889583 0.05038
889607 0.04981
889679 0.05048
889775 0.05004
889823 0.05036
889943 0.05035
890015 0.05044
890039 0.05029
890135 0.05032
890183 0.05033
890399 0.04988
890423 0.05029
890447 0.04972
890567 0.05044
890615 0.05045
890735 0.05026
890759 0.05039
890783 0.05047
890807 0.05035
890831 0.05035
890855 0.05048
890951 0.05049
890975 0.05024
891071 0.05044
891095 0.05051
891167 0.04964
891191 0.05045
891215 0.05004
891263 0.05049
891359 0.05019
891383 0.05048
891407 0.04961
891455 0.05028
891503 0.0496
891575 0.05045
891599 0.05051
891623 0.05016
891695 0.05044
891719 0.05015
891815 0.05023
891839 0.04952
891863 0.05048
891911 0.05034
891959 0.05013
892007 0.05011
892055 0.05046
892127 0.05039
892151 0.05045
892175 0.05019
892199 0.04991
892223 0.05038
892295 0.04971
892319 0.05008
892463 0.05007
892487 0.05016
892511 0.05016
892583 0.04962
892631 0.04979
892799 0.05003
892823 0.05047
892847 0.04999
892871 0.05047
892895 0.05048
893255 0.0505
893279 0.05007
893303 0.05032
893399 0.05048
893471 0.05005
893495 0.05047
893519 0.05004
893615 0.05028
893663 0.05028
893759 0.05009
893783 0.05026
893807 0.0502
893879 0.05043
893927 0.05014
893951 0.05025
893975 0.05015
894263 0.04986
894311 0.05015
894335 0.05037
894359 0.04987
894383 0.04985
894455 0.05036
894479 0.05036
894551 0.05035
894575 0.05035
894599 0.05024
894623 0.05034
894743 0.05016
894815 0.05009
894911 0.05025
894983 0.0503
895055 0.05012
895175 0.05011
895271 0.0503
895295 0.05033
895367 0.05003
895439 0.05025
895487 0.05019
895607 0.05017
895655 0.05005
895727 0.05018
895751 0.04969
895871 0.04997
895895 0.05039
895919 0.0502
895943 0.05009
895967 0.04967
895991 0.05043
896039 0.05044
896063 0.0501
896135 0.05045
896159 0.05042
896183 0.04995
896207 0.04964
896303 0.04998
896375 0.05048
896399 0.05049
896423 0.04972
896495 0.05047
896567 0.05051
896615 0.05031
896735 0.05049
896831 0.05048
896855 0.0505
896903 0.05009
896975 0.05047
896999 0.05049
897023 0.0498
897167 0.05044
897335 0.05045
897383 0.05045
897431 0.05045
897455 0.05044
897479 0.05043
897575 0.05047
897599 0.05042
897623 0.05001
897767 0.04947
897791 0.0504
897839 0.04904
897863 0.05051
897935 0.0505
897959 0.04997
898031 0.0505
898055 0.0505
898103 0.04995
898151 0.05033
898175 0.0505
898271 0.05046
898343 0.0497
898415 0.05047
898463 0.05027
898487 0.05044
898511 0.05046
898535 0.05046
898559 0.05045
898583 0.05045
898679 0.05046
898703 0.05047
898847 0.0504
898991 0.05041
899015 0.05051
899063 0.04963
899231 0.05038
899255 0.05038
899279 0.04862
899303 0.04965
899399 0.05036
899543 0.05032
899567 0.05035
899663 0.05016
899759 0.0496
899783 0.05029
899855 0.05014
899879 0.05041
899951 0.05027
899999 0.05013
900023 0.05027
900071 0.05039
900095 0.05029
900119 0.05014
900263 0.05024
900311 0.0505
900335 0.05025
900359 0.05026
900431 0.05035
900503 0.05021
900647 0.05046
900695 0.05032
900767 0.05031
900791 0.05032
900839 0.0502
900887 0.05033
900935 0.04989
901031 0.05032
901103 0.05041
901127 0.05014
901199 0.05027
901223 0.0504
901343 0.05039
901415 0.05024
901439 0.04999
901463 0.04996
901487 0.05041
901559 0.05023
901583 0.05009
901847 0.05043
901943 0.05048
901991 0.05048
902063 0.05046
902135 0.0505
902183 0.05051
902207 0.05029
902255 0.05049
902375 0.05027
902399 0.04988
902423 0.05051
902447 0.05048
902543 0.0505
902615 0.05046
902663 0.0501
902711 0.05013
902855 0.05008
902879 0.05
902927 0.05021
902975 0.04996
902999 0.04987
903023 0.05044
903047 0.05018
903119 0.05005
903167 0.0504
903215 0.05042
903239 0.05004
903431 0.0504
903503 0.05036
903575 0.05038
903647 0.05037
903671 0.0501
903695 0.05027
903719 0.04933
903743 0.05027
903815 0.04998
903863 0.05011
903887 0.05035
903911 0.0501
903959 0.04996
904031 0.05011
904151 0.05033
904175 0.05017
904199 0.04993
904295 0.05014
904319 0.04878
904367 0.05036
904391 0.0502
904487 0.05025
904583 0.05039
904655 0.0501
904775 0.05021
904799 0.05026
904895 0.05043
904943 0.05023
904991 0.05024
905039 0.04979
905159 0.05016
905183 0.05008
905231 0.05048
905279 0.04971
905303 0.05049
905351 0.05033
905375 0.05019
905399 0.05034
905447 0.0502
905471 0.05021
905519 0.04969
905543 0.05036
905567 0.0505
905591 0.05032
905639 0.05023
905663 0.05015
905711 0.05016
905735 0.05039
905903 0.05041
905927 0.05036
906047 0.05045
906071 0.05038
906167 0.0504
906239 0.04971
906311 0.05042
906335 0.05033
906359 0.04997
906407 0.05043
906455 0.05048
906503 0.05006
906527 0.05035
906551 0.05035
906575 0.05013
906599 0.05024
906671 0.05038
906695 0.0505
906743 0.05037
906815 0.05036
906863 0.05049
906887 0.0505
906959 0.05048
906983 0.05
907055 0.0505
907175 0.05032
907247 0.05048
907343 0.05038
907415 0.05024
907439 0.05048
907535 0.05049
907607 0.05042
907655 0.05044
907799 0.04943
907895 0.05049
907943 0.05031
907991 0.05043
908087 0.04964
908135 0.05034
908231 0.0505
908255 0.04949
908279 0.04949
908375 0.0505
908423 0.05038
908447 0.05049
908519 0.0505
908639 0.0505
908663 0.05016
908783 0.05046
908831 0.05048
908855 0.0498
908975 0.05045
908999 0.04994
909095 0.05047
909167 0.05001
909191 0.05044
909215 0.05044
909335 0.0505
909359 0.04999
909407 0.05039
909431 0.0502
909479 0.0504
909527 0.05037
909623 0.05036
909719 0.04933
909887 0.05045
909935 0.04976
909983 0.05014
910007 0.05047
910151 0.05049
910175 0.05049
910271 0.05041
910391 0.05017
910415 0.0505
910439 0.0503
910463 0.05039
910487 0.0503
910775 0.05046
910823 0.05035
910919 0.0502
910967 0.05044
910991 0.05021
911255 0.05029
911279 0.05021
911351 0.0502
911423 0.05031
911447 0.05038
911471 0.05032
911495 0.05028
911519 0.05009
911615 0.05026
911711 0.05007
911735 0.05031
911999 0.05035
912023 0.04921
912143 0.05041
912191 0.05042
912263 0.05043
912383 0.05044
912407 0.0497
912455 0.05027
912479 0.05008
912527 0.05016
912575 0.05026
912671 0.05015
912743 0.05049
912815 0.0505
912887 0.04994
912983 0.05048
913031 0.05049
913055 0.05049
913079 0.05014
913127 0.0501
913271 0.05021
913319 0.05
913343 0.05046
913367 0.05007
913439 0.05019
913463 0.04982
913535 0.05044
913559 0.05047
913607 0.05043
913631 0.05026
913655 0.05042
913679 0.05014
913703 0.05045
913751 0.05023
913775 0.05044
913919 0.05008
913991 0.05039
914039 0.05042
914063 0.04988
914087 0.05009
914135 0.05011
914159 0.0504
914303 0.05035
914375 0.05035
914399 0.04987
914423 0.05034
914471 0.05033
914615 0.05035
914639 0.04986
914759 0.05034
914807 0.05012
914855 0.05042
914879 0.05032
914975 0.05044
915023 0.05041
915095 0.05046
915167 0.05047
915239 0.04938
915359 0.05028
915407 0.0502
915503 0.05022
915551 0.05022
915575 0.04964
915671 0.05032
915695 0.05033
915767 0.05016
915791 0.05051
915815 0.05047
915935 0.05035
915983 0.05049
916151 0.05044
916223 0.05046
916247 0.04973
916271 0.05031
916343 0.05042
916487 0.05043
916559 0.05027
916631 0.05042
916655 0.05042
916727 0.05046
916775 0.05047
916799 0.05011
916823 0.04959
916895 0.05049
916919 0.05049
916967 0.05035
916991 0.0505
917111 0.05043
917135 0.05036
917183 0.0505
917207 0.05049
917351 0.05048
917375 0.05048
917399 0.05047
917543 0.05037
917639 0.05041
917663 0.04969
917735 0.05042
917879 0.05044
917999 0.05031
918023 0.05044
918095 0.04998
918167 0.05046
918215 0.05047
918239 0.05035
918311 0.0505
918335 0.05036
918359 0.04994
918503 0.05036
918575 0.05049
918623 0.0505
918719 0.05041
918791 0.05015
918863 0.05048
918935 0.05031
918983 0.05013
919103 0.05029
919151 0.05047
919175 0.05047
919295 0.05043
919343 0.05012
919367 0.0505
919391 0.0504
919415 0.05026
919463 0.05041
919655 0.05039
919775 0.04989
919919 0.0502
919943 0.05023
919967 0.05045
919991 0.05045
920063 0.05034
920111 0.05032
920135 0.05026
920159 0.05043
920207 0.05043
920255 0.05042
920327 0.05031
920351 0.05031
920375 0.05029
920495 0.05013
920543 0.05031
920615 0.05026
920639 0.05011
920759 0.05037
920831 0.05036
920855 0.05036
920879 0.05024
920903 0.05012
921023 0.05016
921071 0.05006
921167 0.05032
921215 0.0504
921263 0.05021
921311 0.05031
921335 0.0502
921359 0.0503
921431 0.05029
921479 0.05029
921527 0.05021
921623 0.05045
921671 0.05046
921695 0.0502
921719 0.05014
921767 0.05026
921863 0.05017
921983 0.0505
922031 0.05004
922103 0.0505
922151 0.05008
922199 0.05002
922271 0.05048
922319 0.05028
922343 0.05048
922415 0.05033
922535 0.05036
922583 0.05045
922607 0.05045
922655 0.05006
922703 0.05038
922751 0.05034
922775 0.05043
922799 0.04989
922823 0.05004
922871 0.05041
922895 0.05042
923015 0.05043
923039 0.0502
923063 0.05043
923111 0.05023
923207 0.05043
923231 0.05045
923279 0.05046
923303 0.05045
923327 0.05037
923375 0.05042
923495 0.05049
923639 0.05028
923807 0.05051
923831 0.05048
923855 0.0505
923879 0.05049
923975 0.05035
923999 0.0505
924047 0.05046
924095 0.05047
924119 0.05046
924143 0.05047
924167 0.05047
924263 0.05027
924287 0.05048
924311 0.05039
924335 0.05048
924479 0.05042
924575 0.05049
924623 0.05044
924647 0.05049
924695 0.05044
924767 0.05043
924815 0.05047
924839 0.05042
924887 0.04992
924935 0.05041
924983 0.05048
925031 0.05036
925055 0.05049
925175 0.05035
925199 0.05051
925343 0.05041
925439 0.05049
925463 0.05049
925511 0.05049
925583 0.0504
925703 0.0505
925751 0.05045
925847 0.05046
925871 0.05044
925895 0.05044
925919 0.05045
925967 0.05044
926015 0.05034
926063 0.05047
926159 0.04949
926231 0.05049
926255 0.05039
926471 0.05042
926591 0.05037
926639 0.05022
926663 0.05048
926735 0.05039
926759 0.05036
926783 0.05001
926951 0.05036
926975 0.05045
927047 0.05044
927095 0.05043
927143 0.05043
927239 0.0503
927263 0.05013
927359 0.05027
927383 0.0504
927479 0.05033
927551 0.0503
927575 0.05034
927767 0.05037
927815 0.05024
927887 0.05038
927935 0.05026
927959 0.05025
927983 0.05034
928007 0.0504
928103 0.05019
928127 0.05021
928151 0.05042
928175 0.0502
928199 0.05043
928247 0.05043
928367 0.0503
928391 0.05045
928487 0.05046
928583 0.05009
928751 0.05025
928775 0.0505
928847 0.05013
928919 0.05014
928967 0.04995
929039 0.05011
929183 0.05033
929255 0.05046
929375 0.05045
929423 0.05036
929447 0.05037
929495 0.04992
929519 0.0502
929591 0.05023
929711 0.05042
929759 0.05041
929783 0.05025
929879 0.05024
929927 0.05025
929951 0.05025
929975 0.05028
930023 0.05044
930143 0.05021
930263 0.05047
930335 0.05024
930383 0.05025
930431 0.05034
930455 0.05032
930527 0.05033
930575 0.05032
930599 0.05008
930623 0.05028
930695 0.05049
930743 0.05005
930983 0.05046
931007 0.05039
931031 0.05046
931151 0.05044
931175 0.0501
931223 0.05044
931247 0.05017
931439 0.05045
931463 0.05041
931535 0.05022
931631 0.0505
931775 0.0505
931823 0.04999
932015 0.05048
932063 0.05047
932135 0.05028
932159 0.05048
932279 0.05024
932327 0.05005
932423 0.04986
932495 0.05043
932615 0.05048
932711 0.05047
932735 0.05042
932759 0.05037
932807 0.05037
932831 0.04988
932855 0.05046
932903 0.05045
933119 0.05038
933143 0.05036
933191 0.05042
933215 0.05037
933239 0.05037
933287 0.05044
933311 0.05038
933383 0.0504
933431 0.05045
933455 0.05039
933503 0.05041
933575 0.05022
933647 0.05043
933695 0.05049
933743 0.05044
933767 0.0505
933791 0.05044
933863 0.05026
933887 0.05046
933911 0.05047
934055 0.04955
934103 0.05029
934199 0.05047
934439 0.05045
934511 0.05048
934535 0.05048
934559 0.05049
934583 0.05048
934631 0.05021
934679 0.04998
934751 0.05038
934775 0.05046
934823 0.05046
934871 0.05045
934895 0.0504
935159 0.05042
935207 0.05036
935327 0.04981
935375 0.05046
935567 0.05048
935735 0.05035
935759 0.05027
935783 0.05051
935927 0.05033
935975 0.05033
936143 0.0501
936167 0.0503
936191 0.05026
936335 0.0502
936455 0.05028
936479 0.05028
936503 0.05037
936671 0.05041
936719 0.0502
936743 0.05025
936791 0.0504
936815 0.0503
936839 0.05024
936863 0.05039
936959 0.05043
936983 0.05029
937055 0.05033
937079 0.05044
937103 0.05034
937199 0.05011
937319 0.05013
937415 0.05013
937487 0.04904
937559 0.05036
937631 0.05037
937703 0.0505
937727 0.05009
937775 0.05049
937799 0.05019
937871 0.05048
938063 0.05026
938111 0.05047
938159 0.04984
938303 0.0505
938327 0.0505
938375 0.05047
938399 0.05027
938471 0.05048
938543 0.05041
938615 0.0505
938639 0.0504
938687 0.05048
938735 0.05047
938783 0.05047
938999 0.04996
939023 0.05044
939095 0.05035
939143 0.05046
939311 0.05039
939335 0.05041
939383 0.05044
939407 0.04891
939455 0.05043
939503 0.05042
939527 0.05039
939647 0.04993
939671 0.0504
939695 0.05044
939743 0.05045
939863 0.04991
939959 0.04991
940007 0.04918
940079 0.05049
940103 0.04989
940175 0.04988
940199 0.04967
940295 0.0505
940343 0.0505
940391 0.05033
940415 0.05001
940439 0.05021
940463 0.05048
940511 0.05048
940631 0.04872
940679 0.04957
940751 0.05029
940823 0.05025
940847 0.04929
940943 0.04996
940991 0.05026
941015 0.04979
941063 0.05014
941111 0.04994
941135 0.04957
941231 0.0504
941279 0.05012
941303 0.05011
941375 0.05039
941399 0.0495
941543 0.04953
941639 0.04993
941687 0.04861
941807 0.04986
941855 0.05014
941927 0.05013
941951 0.05004
942023 0.05015
942047 0.04984
942191 0.0503
942239 0.04961
942335 0.05028
942431 0.05011
942503 0.05027
942551 0.0501
942599 0.05025
942623 0.04978
942671 0.04953
942695 0.05008
942743 0.05024
942911 0.04975
942935 0.05022
942959 0.0501
943055 0.05004
943151 0.0502
943175 0.05003
943247 0.04999
943295 0.05014
943319 0.05015
943391 0.05017
943415 0.05017
943463 0.05017
943487 0.04997
943559 0.05015
943583 0.05018
943631 0.04987
943655 0.05014
943679 0.04998
943703 0.0502
943727 0.04967
943775 0.05021
943823 0.05021
943847 0.04924
943919 0.04984
943943 0.05011
943991 0.04964
944063 0.0499
944159 0.05026
944183 0.04992
944255 0.05008
944303 0.04917
944375 0.04989
944423 0.0499
944495 0.05005
944663 0.05004
944735 0.05033
944759 0.04923
944783 0.04974
944879 0.05001
944903 0.04996
944927 0.04937
944951 0.05036
944975 0.04996
945023 0.05
945047 0.0493
945239 0.04997
945287 0.04987
945311 0.04975
945455 0.05003
945503 0.05003
945527 0.0499
945575 0.05044
945599 0.04937
945719 0.04993
945743 0.05046
945815 0.04988
945911 0.04943
946055 0.04991
946199 0.04945
946247 0.04946
946295 0.05014
946343 0.04995
946439 0.05047
946559 0.04984
946583 0.05046
946631 0.05045
946655 0.05045
946703 0.04954
946775 0.05044
946871 0.05008
946895 0.05043
946991 0.05009
947015 0.04955
947039 0.04962
947063 0.04978
947111 0.05024
947135 0.0504
947159 0.05
947231 0.05
947255 0.05039
947279 0.0496
947375 0.05014
947399 0.05037
947447 0.04927
947495 0.05036
947543 0.04962
947591 0.05011
947639 0.05031
947687 0.05018
947831 0.0502
947855 0.05034
947903 0.05032
947951 0.05031
948023 0.04968
948047 0.04919
948071 0.05037
948119 0.05038
948191 0.05038
948239 0.05025
948359 0.05027
948383 0.04973
948527 0.0481
948575 0.05044
948623 0.05024
948647 0.05031
948743 0.05023
948791 0.05022
948815 0.05047
948863 0.05047
948911 0.05034
948935 0.05048
949031 0.05036
949079 0.0505
949103 0.05031
949127 0.04983
949175 0.05051
949199 0.05026
949343 0.05028
949367 0.04986
949415 0.05048
949463 0.04926
949511 0.05042
949535 0.0503
949655 0.05044
949679 0.0499
949727 0.0494
949871 0.05011
949895 0.05035
949919 0.05041
950015 0.05049
950063 0.04947
950087 0.04906
950471 0.05048
950495 0.05043
950591 0.04965
950615 0.04941
950663 0.05045
950711 0.05046
950807 0.04927
950903 0.04938
950951 0.05043
950999 0.05048
951095 0.04958
951119 0.05046
951191 0.0501
951263 0.05049
951287 0.04961
951335 0.05044
951359 0.05048
951383 0.05027
951431 0.05027
951575 0.05046
951671 0.05016
951719 0.05017
951743 0.05017
951983 0.05021
952031 0.05032
952103 0.05036
952175 0.0503
952223 0.05035
952295 0.05034
952343 0.05038
952463 0.05037
952607 0.0495
952631 0.05035
952679 0.05034
952703 0.0503
952727 0.05024
952751 0.04993
952775 0.05033
952847 0.05032
952871 0.05031
952991 0.0503
953015 0.05034
953159 0.05035
953183 0.05033
953207 0.04986
953231 0.05037
953255 0.05036
953279 0.05037
953327 0.05038
953471 0.05036
953615 0.05015
953687 0.05014
953735 0.04912
953759 0.04909
953783 0.0504
953855 0.05017
953951 0.05016
953975 0.05016
953999 0.04881
954023 0.0501
954047 0.04969
954071 0.0501
954095 0.05019
954119 0.05048
954143 0.05048
954239 0.0505
954335 0.05051
954383 0.05048
954407 0.0505
954431 0.05051
954479 0.0505
954503 0.05011
954575 0.05049
954695 0.0505
954767 0.04978
954791 0.0492
954815 0.0502
954863 0.05048
954887 0.04968
955007 0.05044
955031 0.05044
955055 0.05
955151 0.05045
955199 0.05042
955247 0.04939
955295 0.05013
955343 0.05043
955463 0.05014
955535 0.05015
955583 0.04999
955631 0.04989
955655 0.05037
955703 0.05037
955823 0.05038
955895 0.05035
955943 0.05035
956183 0.05032
956279 0.05033
956375 0.04999
956519 0.05028
956567 0.05029
956591 0.05043
956615 0.0503
956639 0.05029
956663 0.05044
956711 0.05031
956783 0.05045
956807 0.04957
956855 0.04994
956927 0.0498
956975 0.05023
957023 0.05034
957095 0.04978
957167 0.05037
957215 0.05021
957239 0.05051
957311 0.04966
957479 0.05048
957527 0.04955
957623 0.05017
957695 0.05016
957719 0.05046
957767 0.04972
957791 0.05045
957839 0.05046
957911 0.0498
957935 0.04979
957983 0.05015
958055 0.05048
958079 0.05049
958151 0.0505
958175 0.05049
958199 0.05011
958271 0.04976
958295 0.05051
958583 0.0492
958655 0.05008
958703 0.05047
958775 0.05035
958895 0.05044
958943 0.05044
959039 0.05043
959063 0.05043
959087 0.04975
959111 0.04947
959231 0.05036
959303 0.05037
959375 0.0504
959399 0.0504
959423 0.05028
959519 0.05038
959543 0.0504
959615 0.05026
959663 0.04855
959711 0.0503
959855 0.05044
959951 0.04992
959975 0.05034
959999 0.05034
960023 0.05033
960263 0.05019
960287 0.05004
960311 0.0505
960335 0.05029
960503 0.04953
960599 0.05042
960623 0.05001
960671 0.05048
960695 0.05026
960719 0.05043
960767 0.05025
960815 0.05045
960839 0.05024
961007 0.05045
961031 0.05047
961055 0.05048
961079 0.05022
961103 0.04983
961175 0.05049
961223 0.04925
961271 0.05017
961343 0.05041
961367 0.05041
961391 0.05019
961415 0.05019
961439 0.0505
961607 0.05013
961655 0.04977
961823 0.05016
961895 0.05013
961919 0.04983
962015 0.05044
962039 0.05027
962135 0.0502
962159 0.05028
962207 0.0501
962255 0.0503
962375 0.05023
962399 0.05008
962423 0.04997
962519 0.05038
962591 0.05026
962615 0.05034
962639 0.04959
962711 0.05027
962831 0.05029
962999 0.05039
963023 0.05024
963095 0.05
963119 0.05041
963167 0.05022
963359 0.04998
963383 0.0502
963455 0.05045
963503 0.05019
963527 0.05032
963551 0.05028
963599 0.05005
963695 0.05035
963767 0.04993
963791 0.05049
963983 0.04992
964007 0.05044
964031 0.05039
964103 0.05012
964127 0.05046
964175 0.05048
964223 0.05047
964247 0.05042
964271 0.05048
964343 0.04913
964367 0.05043
964391 0.04987
964487 0.05045
964511 0.05051
964535 0.05045
964607 0.05017
964775 0.05015
964919 0.05022
965063 0.0505
965159 0.05038
965183 0.04905
965207 0.05004
965231 0.05048
965279 0.05037
965351 0.05009
965375 0.05036
965495 0.05041
965543 0.05045
965663 0.05039
965687 0.05044
965783 0.05038
965831 0.05038
965879 0.0494
965903 0.05041
965975 0.05035
966023 0.0504
966047 0.0504
966095 0.04995
966119 0.05028
966143 0.05039
966167 0.04943
966263 0.05038
966311 0.05033
966359 0.05007
966479 0.05006
966503 0.05037
966551 0.05035
966575 0.0503
966599 0.05002
966623 0.05034
966671 0.05039
966695 0.05045
966767 0.05045
966815 0.05032
966887 0.05031
966959 0.05048
966983 0.05043
967007 0.05044
967031 0.0503
967055 0.05007
967103 0.05029
967151 0.05045
967199 0.05018
967223 0.0503
967247 0.05051
967367 0.05049
967415 0.05021
967439 0.04956
967559 0.05014
967679 0.05012
967727 0.05036
967799 0.04984
967895 0.05038
967943 0.0502
967967 0.05009
968039 0.05042
968135 0.05045
968207 0.05042
968231 0.05044
968255 0.05044
968303 0.05043
968327 0.05043
968399 0.05033
968447 0.0491
968471 0.05042
968543 0.05046
968639 0.05033
968687 0.05037
968735 0.05037
968783 0.0505
968951 0.0505
968999 0.0498
969047 0.05049
969119 0.0497
969191 0.05048
969215 0.05043
969263 0.05047
969311 0.05006
969335 0.05042
969383 0.05038
969527 0.05044
969575 0.05045
969623 0.05043
969815 0.05048
969935 0.0505
970055 0.05051
970079 0.04957
970103 0.05047
970223 0.05037
970271 0.05049
970295 0.05049
970439 0.05047
970463 0.05051
970535 0.05036
970559 0.05016
970631 0.04955
970727 0.05048
970751 0.05048
970775 0.05043
970823 0.05039
970919 0.05042
970991 0.05045
971135 0.05044
971183 0.05044
971255 0.05042
971303 0.04934
971327 0.05042
971351 0.05042
971375 0.05046
971447 0.05047
971495 0.05024
971543 0.05039
971567 0.0504
971831 0.0503
971879 0.0503
971927 0.05035
971975 0.05049
971999 0.05035
972095 0.0503
972143 0.05017
972167 0.05033
972191 0.05033
972311 0.05045
972359 0.05031
972383 0.05044
972527 0.04997
972551 0.0502
972647 0.05042
972671 0.05026
972695 0.05041
972719 0.05023
972767 0.05028
972815 0.05027
972863 0.05002
972935 0.05039
972983 0.05038
973055 0.05037
973175 0.05028
973223 0.05006
973247 0.05034
973271 0.05022
973319 0.05021
973343 0.05005
973463 0.05031
973511 0.05033
973655 0.05034
973751 0.05028
973775 0.05035
973943 0.05031
974015 0.05027
974039 0.0501
974207 0.05025
974255 0.05011
974303 0.05024
974375 0.04976
974423 0.05022
974471 0.05049
974543 0.05023
974615 0.05051
974639 0.05051
974663 0.05007
974759 0.05002
974783 0.05048
974807 0.05026
975023 0.05045
975047 0.04985
975095 0.05046
975119 0.05046
975311 0.05048
975335 0.05048
975407 0.05043
975455 0.05046
975503 0.05046
975575 0.04998
975623 0.0505
975647 0.05037
975695 0.05038
975767 0.05003
975791 0.05048
975839 0.04996
975887 0.05038
975959 0.04993
975983 0.05006
976031 0.05036
976175 0.05008
976247 0.05038
976319 0.04989
976391 0.05042
976415 0.05047
976463 0.05047
976487 0.05048
976511 0.05035
976535 0.05041
976631 0.0504
976655 0.05039
976703 0.05041
976751 0.05006
976775 0.05051
976871 0.05043
976895 0.05044
976967 0.05049
977015 0.05019
977063 0.05048
977207 0.05046
977327 0.05045
977375 0.0505
977423 0.04943
977495 0.05051
977519 0.05005
977543 0.05043
977639 0.05049
977687 0.05023
977711 0.05049
977735 0.05048
977783 0.05028
977807 0.05022
977903 0.05018
977975 0.05031
977999 0.05046
978023 0.05045
978119 0.05015
978143 0.05044
978263 0.05029
978311 0.05035
978383 0.0503
978407 0.05027
978431 0.05034
978551 0.0504
978575 0.05033
978671 0.05027
978719 0.05038
978767 0.05041
978791 0.05041
978815 0.0503
978911 0.05034
978959 0.05036
978983 0.05015
979055 0.05035
979151 0.05046
979175 0.05046
979223 0.05046
979295 0.05047
979319 0.05036
979367 0.04993
979391 0.05043
979463 0.05044
979487 0.05041
979559 0.05042
979583 0.04985
979631 0.0504
979679 0.05043
979703 0.0505
979727 0.05002
979775 0.05033
979847 0.05049
979871 0.05048
979943 0.0505
979991 0.05047
980183 0.05038
980279 0.05002
980351 0.05048
980375 0.0505
980495 0.05049
980615 0.05045
980639 0.0505
980663 0.05011
980735 0.05049
980759 0.05046
980879 0.05047
981047 0.05036
981071 0.05043
981095 0.0505
981119 0.04994
981143 0.05045
981167 0.05042
981191 0.05039
981335 0.0505
981383 0.05049
981407 0.05039
981479 0.05041
981503 0.05048
981551 0.05041
981671 0.05046
981695 0.05036
981815 0.0501
981839 0.05044
981863 0.05006
981911 0.05044
982031 0.0503
982127 0.05014
982175 0.05032
982199 0.05041
982391 0.05032
982415 0.05032
982463 0.05026
982511 0.05033
982583 0.0503
982631 0.05027
982655 0.05001
982679 0.05036
982727 0.05036
982799 0.04967
982991 0.05028
983015 0.05039
983039 0.05025
983111 0.05041
983183 0.05041
983207 0.05031
983255 0.05042
983351 0.05044
983375 0.05033
983423 0.05045
983471 0.05045
983591 0.05036
983639 0.05033
983663 0.05037
983687 0.04962
983735 0.05037
983831 0.05039
983903 0.0504
983975 0.05037
984023 0.05026
984215 0.05029
984263 0.05021
984311 0.0503
984479 0.05044
984527 0.05008
984575 0.05045
984599 0.05034
984671 0.05049
984695 0.05046
984743 0.05043
984839 0.05037
984887 0.04968
984935 0.0505
984983 0.0504
985055 0.05049
985127 0.05048
985199 0.0505
985223 0.05047
985247 0.05049
985271 0.05049
985319 0.05043
985343 0.05035
985367 0.05048
985439 0.04998
985535 0.05046
985559 0.05037
985655 0.04979
985727 0.05044
985751 0.05048
985775 0.05048
985895 0.0505
985919 0.05042
986039 0.05051
986063 0.05044
986087 0.04992
986135 0.05045
986159 0.04991
986231 0.05049
986303 0.05027
986375 0.05038
986423 0.05047
986447 0.05034
986615 0.05051
986663 0.04995
986687 0.05035
986711 0.05044
986783 0.0505
986807 0.05031
986951 0.05032
986975 0.05048
986999 0.04996
987119 0.05039
987167 0.0503
987215 0.05045
987239 0.05045
987359 0.05028
987407 0.05027
987455 0.05043
987479 0.05042
987527 0.05003
987551 0.05042
987623 0.05025
987719 0.05033
987839 0.05023
987863 0.05032
987935 0.05038
988055 0.05018
988079 0.05036
988103 0.05017
988175 0.05019
988223 0.05035
988247 0.05019
988295 0.05034
988487 0.0491
988559 0.05016
988703 0.0503
988751 0.05039
988775 0.05013
988823 0.0501
988847 0.05019
988871 0.05028
988919 0.05041
988943 0.05
988967 0.05018
989039 0.05027
989063 0.05043
989111 0.05044
989135 0.05044
989255 0.05024
989303 0.05017
989351 0.05023
989399 0.05026
989567 0.05005
989591 0.05028
989759 0.0505
989903 0.05049
989975 0.05031
990071 0.05034
990095 0.05035
990191 0.05033
990263 0.05045
990407 0.05039
990527 0.05037
990551 0.05042
990575 0.04947
990623 0.04949
990647 0.05042
990743 0.0504
990839 0.05044
990863 0.05001
990911 0.05039
990959 0.05043
990983 0.0501
991007 0.05043
991055 0.05011
991175 0.05012
991199 0.05049
991247 0.04933
991271 0.05035
991319 0.0505
991415 0.05015
991463 0.05033
991535 0.05004
991583 0.05018
991799 0.05049
991847 0.05049
991919 0.04984
991967 0.05047
991991 0.05047
992015 0.05047
992063 0.04989
992159 0.05045
992255 0.05042
992303 0.05014
992351 0.05044
992423 0.05028
992447 0.05043
992471 0.05029
992495 0.0504
992519 0.05042
992543 0.05017
992567 0.05041
992639 0.04993
992663 0.04974
992687 0.05019
992711 0.05038
992759 0.05037
992879 0.05038
992951 0.05037
992975 0.05022
993023 0.05023
993047 0.05036
993095 0.05016
993143 0.05016
993263 0.05038
993311 0.05039
993335 0.05031
993383 0.04916
993503 0.04985
993575 0.05031
993599 0.05005
993623 0.05043
993671 0.05006
993743 0.04899
993791 0.05045
993815 0.05045
993863 0.05046
993911 0.05047
993935 0.05009
993959 0.05027
994031 0.05048
994079 0.05049
994175 0.05037
994223 0.04875
994439 0.05016
994487 0.04953
994607 0.04959
994631 0.05047
994775 0.05017
994799 0.05017
994823 0.04999
994919 0.05044
994943 0.05003
994967 0.05047
995015 0.05043
995063 0.05048
995111 0.05024
995135 0.05024
995279 0.05026
995375 0.04989
995495 0.05039
995543 0.04992
995615 0.05037
995687 0.05031
995711 0.05036
995735 0.05032
995759 0.05036
995831 0.05014
995879 0.05035
995951 0.05035
995999 0.05035
996047 0.05043
996071 0.05036
996095 0.05003
996191 0.05037
996215 0.05041
996239 0.04979
996287 0.05039
996383 0.0503
996455 0.05
996479 0.05
996503 0.05022
996575 0.05042
996623 0.05027
996743 0.04936
996791 0.05026
996815 0.05026
996839 0.05026
996863 0.05026
996911 0.05034
996959 0.04947
996983 0.05024
997007 0.04956
997079 0.05049
997199 0.05021
997223 0.05012
997271 0.05051
997295 0.0502
997367 0.0505
997487 0.04962
997535 0.05048
997607 0.04996
997631 0.05047
997655 0.05017
997847 0.05025
997895 0.05025
997919 0.05
997943 0.0504
997967 0.04968
998135 0.05042
998183 0.05043
998231 0.05043
998255 0.04982
998327 0.05005
998351 0.0504
998375 0.05026
998447 0.05039
998495 0.05047
998543 0.04986
998567 0.04981
998639 0.05037
998663 0.04988
998783 0.05031
998807 0.05036
998855 0.05035
998975 0.05034
999071 0.05035
999119 0.05035
999143 0.05048
999263 0.04995
999311 0.05046
999335 0.05046
999383 0.04999
999407 0.05009
999455 0.05029
999503 0.05044
999719 0.05043
999743 0.05043
999767 0.05022
999815 0.05041
999935 0.05024
