575 0.04181
935 0.03649
1175 0.03919
1235 0.04521
1271 0.04874
1295 0.04993
1595 0.05036
1643 0.04746
1679 0.04545
1739 0.04841
1763 0.0471
1817 0.04574
2075 0.04574
2117 0.05034
2135 0.05022
2183 0.04111
2279 0.04908
2291 0.03752
2303 0.03963
2387 0.04302
2465 0.04257
2501 0.04381
2507 0.04375
2537 0.05023
2627 0.04986
2639 0.05043
2675 0.03964
2747 0.04661
2759 0.04621
2795 0.04052
2867 0.04359
2915 0.03725
2987 0.04862
3071 0.04921
3131 0.03588
3239 0.04357
3243 0.0502
3335 0.04795
3395 0.04043
3431 0.0453
3479 0.02906
3503 0.04346
3515 0.04463
3551 0.04588
3611 0.04321
3731 0.03831
3815 0.03975
3887 0.0454
3959 0.05009
3995 0.04919
4031 0.04144
4067 0.04752
4163 0.04536
4175 0.05026
4187 0.05031
4199 0.04969
4235 0.04885
4247 0.04857
4307 0.03306
4331 0.05022
4343 0.05042
4355 0.05014
4379 0.03426
4403 0.03838
4475 0.04375
4559 0.04257
4619 0.04416
4655 0.04188
4715 0.04667
4727 0.03921
4775 0.04823
4823 0.04408
4847 0.0468
4859 0.05038
4895 0.04984
4991 0.04828
5015 0.04887
5063 0.04659
5075 0.04889
5123 0.04967
5135 0.04776
5159 0.04898
5183 0.04853
5207 0.04645
5243 0.04917
5267 0.04539
5291 0.0503
5423 0.04089
5459 0.04375
5543 0.04331
5675 0.04641
5687 0.04667
5699 0.04602
5723 0.03845
6107 0.05008
6149 0.04277
6179 0.04637
6215 0.04878
6275 0.04815
6371 0.05014
6407 0.03859
6419 0.05003
6467 0.04795
6479 0.0491
6527 0.04139
6575 0.04639
6623 0.04699
6767 0.0414
6887 0.04228
6935 0.04829
7007 0.0473
7031 0.03824
7163 0.04017
7259 0.03912
7367 0.03695
7379 0.04265
7475 0.04156
7571 0.04109
7667 0.04133
7775 0.04302
7847 0.03618
7859 0.0376
7931 0.04416
7955 0.03898
7991 0.04636
8027 0.04336
8213 0.04925
8255 0.04344
8435 0.04608
8579 0.04337
8651 0.04706
8687 0.04727
8903 0.05029
8927 0.02516
8975 0.04793
8987 0.04972
9035 0.0492
9071 0.04881
9131 0.04817
9179 0.03891
9191 0.05035
9287 0.04476
9359 0.04942
9407 0.04362
9443 0.04504
9455 0.05035
9503 0.04984
9515 0.04698
9575 0.04639
9599 0.0419
9635 0.04582
9695 0.04553
9731 0.04753
9815 0.04703
9827 0.04304
9875 0.04616
9911 0.04582
9959 0.04538
9971 0.04897
9983 0.04912
10019 0.04484
10043 0.04986
10115 0.04399
10127 0.03916
10187 0.04607
10199 0.04162
10235 0.04913
10355 0.04799
10379 0.04777
10439 0.04723
10511 0.04986
10535 0.04963
10547 0.04952
10595 0.04907
10619 0.04564
10679 0.03947
10703 0.04808
10763 0.04341
10775 0.04433
10787 0.03451
10835 0.04901
10919 0.04996
10955 0.05037
10991 0.05028
11039 0.04651
11051 0.03686
11075 0.04691
11111 0.0473
11135 0.04899
11147 0.04433
11183 0.03401
11315 0.04523
11327 0.04293
11339 0.04981
11375 0.0502
11387 0.04248
11495 0.04969
11507 0.0416
11567 0.04117
11591 0.04887
11603 0.04877
11615 0.04502
11639 0.04484
11663 0.04827
11675 0.04967
11687 0.04033
11711 0.04429
11771 0.03975
11819 0.03045
11975 0.04235
11999 0.04561
12035 0.04533
12095 0.04738
12155 0.04891
12215 0.04859
12275 0.04989
12299 0.04341
12371 0.04345
12395 0.04368
12431 0.05029
12443 0.0434
12467 0.05
12551 0.04934
12575 0.03992
12587 0.04906
12599 0.04567
12707 0.04813
12731 0.04102
12827 0.04724
12839 0.04204
12851 0.04811
12875 0.04689
12887 0.04845
12947 0.04306
12995 0.04602
13031 0.04982
13067 0.05016
13079 0.04543
13091 0.05039
13115 0.04234
13175 0.04519
13199 0.04311
13271 0.04413
13427 0.04751
13439 0.04531
13511 0.04828
13547 0.04725
13559 0.0377
13571 0.04882
13583 0.03324
13631 0.04705
13715 0.0478
13727 0.04602
13823 0.05002
13895 0.04941
13919 0.03389
13943 0.03998
14003 0.03681
14027 0.04512
14039 0.04399
14063 0.0393
14075 0.04825
14099 0.04993
14111 0.04791
14123 0.04976
14135 0.04967
14147 0.04332
14171 0.04843
14195 0.04303
14219 0.04909
14231 0.04901
14279 0.04253
14315 0.04968
14351 0.04999
14363 0.04811
14399 0.0461
14471 0.04564
14507 0.04542
14555 0.04512
14579 0.04935
14615 0.04646
14651 0.04886
14675 0.0487
14711 0.04846
14735 0.04777
14795 0.04827
14807 0.04837
14915 0.04715
14999 0.04662
15023 0.03378
15047 0.04632
15155 0.04321
15167 0.04559
15215 0.04951
15239 0.04274
15251 0.04509
15275 0.04912
15311 0.04234
15323 0.0477
15407 0.04837
15455 0.04876
15479 0.04784
15503 0.03341
15563 0.04962
15575 0.04324
15587 0.03934
15635 0.04689
15695 0.05038
15707 0.0503
15743 0.05007
15755 0.04577
15779 0.04434
15827 0.04633
15839 0.04642
15851 0.04562
15863 0.04931
15875 0.04924
15947 0.0488
15995 0.04762
16031 0.04894
16043 0.03139
16115 0.04692
16151 0.04822
16175 0.049
16199 0.04919
16211 0.04786
16235 0.04772
16247 0.04955
16271 0.04687
16307 0.0473
16343 0.04672
16391 0.04708
16403 0.03727
16415 0.05024
16463 0.04762
16511 0.04798
16523 0.04807
16559 0.04247
16571 0.05036
16643 0.0448
16727 0.04968
16775 0.0494
16799 0.05011
16835 0.05038
16895 0.0487
16907 0.04736
16967 0.04829
17003 0.04961
17051 0.04657
17075 0.04621
17111 0.04899
17135 0.04885
17171 0.04865
17195 0.04579
17219 0.03866
17243 0.03713
17255 0.04817
17363 0.03238
17375 0.04835
17411 0.04586
17435 0.04878
17459 0.04895
17507 0.04658
17531 0.04667
17543 0.04684
17591 0.04988
17603 0.04579
17615 0.04734
17639 0.04468
17675 0.04776
17687 0.04608
17711 0.05033
17759 0.05006
17927 0.0495
17951 0.04967
17963 0.04975
17975 0.04983
17999 0.04873
18011 0.04867
18023 0.04522
18083 0.04909
18239 0.05042
18275 0.0501
18299 0.04715
18323 0.05033
18335 0.05026
18383 0.05
18395 0.04773
18419 0.04508
18467 0.04837
18515 0.04952
18575 0.04921
18611 0.04916
18647 0.04859
18659 0.04876
18683 0.04109
18755 0.04729
18767 0.0482
18791 0.05035
18815 0.0505
18827 0.04454
18875 0.05018
18887 0.04759
18923 0.04992
18935 0.04986
18971 0.04695
18983 0.04689
18995 0.04705
19007 0.04699
19019 0.04901
19043 0.04549
19055 0.04925
19067 0.04343
19175 0.05002
19199 0.0485
19223 0.04464
19343 0.05002
19355 0.0451
19367 0.04526
19415 0.04965
19451 0.04725
19475 0.04476
19499 0.04922
19619 0.04347
19631 0.04856
19667 0.04689
19691 0.04827
19703 0.04605
19787 0.04213
19823 0.04786
19847 0.04801
19871 0.0474
19895 0.04831
19943 0.0486
19955 0.047
19967 0.04875
20003 0.04677
20039 0.04661
20075 0.04942
20087 0.04188
20099 0.04633
20111 0.04964
20171 0.046
20195 0.05015
20207 0.04014
20243 0.05045
20291 0.04342
20303 0.04337
20315 0.0502
20351 0.04796
20375 0.04508
20387 0.04121
20435 0.04961
20447 0.04955
20459 0.04471
20519 0.04246
20531 0.04915
20567 0.04227
20591 0.04886
20615 0.04875
20651 0.04858
20675 0.04378
20687 0.04298
20711 0.05012
20723 0.05019
20735 0.05026
20819 0.0503
20831 0.04334
20855 0.04396
20867 0.04224
20915 0.04169
20951 0.04452
20975 0.04709
20987 0.04703
20999 0.04432
21035 0.04927
21083 0.04661
21119 0.04501
21131 0.04376
21167 0.04624
21203 0.04598
21251 0.04587
21275 0.04816
21299 0.04805
21311 0.048
21335 0.04494
21359 0.04424
21371 0.04773
21395 0.04709
21431 0.04681
21443 0.04741
21455 0.04743
21479 0.04725
21515 0.04777
21527 0.04639
21539 0.04743
21551 0.04798
21575 0.04812
21659 0.04811
21707 0.04887
21719 0.04748
21731 0.04852
21755 0.04865
21779 0.04662
21791 0.04886
21827 0.04809
21887 0.04989
21899 0.04947
21935 0.05016
21971 0.05036
21983 0.05043
21995 0.0505
22007 0.0491
22019 0.05014
22043 0.05029
22055 0.05024
22103 0.05042
22127 0.04991
22139 0.04984
22163 0.05015
22175 0.05009
22199 0.05018
22211 0.04954
22223 0.04995
22355 0.05007
22379 0.04997
22403 0.04869
22427 0.04975
22475 0.0505
22499 0.04866
22523 0.04863
22607 0.04908
22703 0.04797
22715 0.04945
22775 0.04976
22823 0.04729
22919 0.05048
22931 0.05023
22967 0.05007
23111 0.04945
23135 0.0503
23147 0.0493
23183 0.04914
23207 0.04999
23219 0.05031
23267 0.04779
23363 0.04969
23375 0.0502
23387 0.05015
23411 0.04838
23423 0.05
23483 0.04692
23495 0.04969
23519 0.04903
23555 0.04931
23579 0.04917
23639 0.04975
23651 0.04981
23735 0.04689
23759 0.05038
23807 0.04502
23843 0.04825
23867 0.05016
23927 0.0499
23951 0.0478
23963 0.04289
23999 0.04805
24035 0.04946
24119 0.04251
24131 0.04906
24215 0.04678
24275 0.0501
24287 0.04478
24455 0.04936
24503 0.04118
24539 0.05027
24563 0.04546
24587 0.04883
24647 0.0486
24707 0.0468
24743 0.04822
24779 0.0493
24839 0.04609
24875 0.04771
24983 0.04346
25043 0.04827
25079 0.04813
25139 0.04756
25175 0.04776
25199 0.04767
25283 0.04735
25355 0.04862
25379 0.04436
25403 0.04575
25475 0.0492
25499 0.04656
25547 0.04203
25571 0.04637
25631 0.04349
25655 0.05007
25715 0.04464
25787 0.05035
25823 0.04539
25883 0.04518
25967 0.04965
25979 0.0496
26051 0.04933
26063 0.04597
26195 0.04879
26219 0.04156
26303 0.04335
26363 0.05013
26435 0.05047
26483 0.03911
26519 0.05022
26555 0.04338
26567 0.04743
26603 0.04277
26651 0.04972
26867 0.0409
26915 0.04616
26939 0.04142
26963 0.04858
27023 0.04043
27071 0.04819
27083 0.04815
27275 0.04747
27311 0.04795
27359 0.04329
27491 0.0443
27563 0.03984
27599 0.04809
27683 0.04608
27707 0.04483
27719 0.04863
27755 0.04994
27839 0.04916
27863 0.05042
27887 0.05049
27899 0.04943
27911 0.04297
27959 0.04518
28067 0.05017
28175 0.04753
28247 0.04921
28259 0.04725
28331 0.04892
28355 0.04493
28379 0.04777
28391 0.04963
28487 0.04838
28595 0.04892
28655 0.04872
28667 0.04778
28679 0.04907
28739 0.04658
28799 0.04823
28811 0.04819
28823 0.04726
28847 0.04704
28907 0.0473
28919 0.05009
28943 0.04216
28967 0.04768
28991 0.04765
29003 0.04668
29039 0.04786
29051 0.04791
29075 0.0503
29087 0.04641
29111 0.05018
29171 0.04997
29219 0.04686
29267 0.04584
29279 0.0496
29459 0.04963
29495 0.04978
29555 0.04868
29591 0.04484
29639 0.05038
29735 0.05028
29747 0.04521
29807 0.05004
29831 0.04345
29891 0.04976
29915 0.05044
29939 0.0496
29975 0.04997
29999 0.05028
30083 0.05
30095 0.05046
30131 0.05042
30167 0.04885
30179 0.05026
30251 0.04858
30263 0.04287
30275 0.04937
30299 0.04986
30479 0.04871
30503 0.04863
30515 0.04916
30551 0.04862
30575 0.04897
30587 0.04752
30599 0.04889
30623 0.04593
30659 0.04906
30683 0.04915
30719 0.04795
30827 0.04817
30923 0.04023
30959 0.04776
31007 0.04423
31175 0.04804
31295 0.04963
31403 0.04893
31415 0.04906
31439 0.04916
31475 0.04922
31487 0.04617
31523 0.04949
31559 0.04895
31595 0.04969
31631 0.04575
31655 0.05
31679 0.0443
31703 0.05019
31775 0.04986
31787 0.04982
31931 0.05011
31979 0.04753
32015 0.04985
32039 0.04735
32075 0.04966
32123 0.04951
32147 0.04871
32171 0.04937
32207 0.04926
32231 0.04881
32267 0.04084
32291 0.04904
32315 0.04557
32339 0.04824
32351 0.04828
32375 0.04936
32387 0.04842
32435 0.0486
32519 0.04892
32567 0.04817
32627 0.04933
32639 0.04938
32747 0.04978
32759 0.04725
32807 0.04747
32819 0.04747
32867 0.0466
32891 0.04985
32915 0.04716
32963 0.04964
32975 0.04806
33215 0.04967
33227 0.04964
33239 0.04451
33383 0.04957
33419 0.0497
33431 0.04975
33443 0.04822
33467 0.04535
33611 0.05041
33695 0.05033
33707 0.04622
33755 0.05014
33875 0.04683
33887 0.04772
33899 0.04973
33947 0.04755
33995 0.04589
34007 0.04738
34055 0.04406
34067 0.04647
34103 0.04914
34151 0.04963
34175 0.04893
34247 0.04817
34307 0.04839
34379 0.04865
34427 0.04882
34451 0.04877
34475 0.04871
34547 0.04787
34595 0.04942
34727 0.04989
34775 0.04868
34787 0.04412
34799 0.05015
34907 0.04497
34943 0.05004
34967 0.05032
35015 0.05029
35075 0.05051
35123 0.05037
35207 0.05013
35255 0.04598
35303 0.05048
35315 0.04683
35351 0.04923
35483 0.04935
35627 0.04703
35639 0.04558
35651 0.0495
35675 0.04943
35687 0.04831
35699 0.04827
35711 0.04821
35723 0.0493
35735 0.04829
35807 0.04798
35867 0.0489
35987 0.04827
36023 0.04848
36047 0.04936
36155 0.04813
36167 0.04977
36203 0.04989
36287 0.04798
36395 0.04966
36407 0.0497
36503 0.05018
36515 0.05014
36611 0.05039
36623 0.04985
36635 0.05047
36695 0.04864
36707 0.04612
36719 0.0503
36815 0.04642
37007 0.04537
37067 0.04936
37091 0.04996
37151 0.04558
37187 0.04066
37247 0.05048
37259 0.04886
37283 0.05043
37319 0.0487
37367 0.05021
37391 0.04956
37403 0.05011
37415 0.04949
37439 0.04077
37499 0.04823
37523 0.04749
37583 0.04963
37595 0.0496
37715 0.04871
37727 0.04925
37787 0.04852
37895 0.04882
37931 0.04647
37979 0.04765
38111 0.0477
38135 0.04816
38147 0.04817
38315 0.04719
38387 0.04773
38399 0.04901
38483 0.04928
38579 0.04557
38591 0.04962
38627 0.04698
38771 0.04573
38807 0.04907
38843 0.04592
38855 0.04643
38927 0.04626
38939 0.04949
38975 0.05038
39035 0.05008
39059 0.05017
39071 0.04998
39083 0.04671
39095 0.05007
39131 0.04983
39155 0.04572
39179 0.05025
39203 0.0498
39215 0.04977
39263 0.04965
39347 0.05029
39407 0.04772
39431 0.04509
39455 0.04916
39467 0.045
39479 0.04995
39491 0.04495
39515 0.04986
39527 0.0481
39575 0.04825
39587 0.04828
39611 0.04962
39647 0.04701
39695 0.04941
39707 0.0472
39731 0.04932
39767 0.04686
39803 0.04895
39911 0.04929
39935 0.04882
39947 0.04794
39995 0.04691
40043 0.04773
40067 0.04849
40091 0.04984
40103 0.04308
40115 0.04992
40139 0.0475
40175 0.04864
40199 0.04818
40211 0.05021
40235 0.04809
40247 0.05032
40271 0.0504
40319 0.04908
40331 0.04794
40355 0.04919
40367 0.04805
40415 0.04885
40439 0.04761
40463 0.05012
40475 0.04956
40523 0.0457
40535 0.04994
40571 0.04985
40595 0.04979
40619 0.04118
40631 0.04971
40643 0.04968
40655 0.0471
40703 0.04953
40727 0.05033
40775 0.05047
40811 0.04927
40859 0.05033
40871 0.0503
40919 0.04689
40967 0.05049
40979 0.04544
40991 0.05043
41003 0.0504
41015 0.05002
41075 0.0502
41087 0.05023
41099 0.04974
41111 0.0503
41135 0.05008
41159 0.04518
41195 0.04994
41207 0.04948
41219 0.04779
41255 0.05032
41267 0.04818
41291 0.05023
41339 0.04563
41363 0.04796
41375 0.0495
41423 0.04991
41447 0.04891
41471 0.04927
41495 0.04974
41531 0.04965
41567 0.04749
41591 0.04951
41615 0.04945
41663 0.04934
41675 0.04914
41699 0.04832
41711 0.04925
41735 0.04945
41747 0.04914
41783 0.04946
41795 0.04963
41807 0.04848
41819 0.0497
41855 0.0498
41891 0.04788
41915 0.04998
41951 0.04996
41975 0.04627
41987 0.04807
42011 0.05026
42035 0.05033
42107 0.05048
42119 0.05045
42143 0.0505
42167 0.05033
42191 0.05038
42251 0.05013
42275 0.05018
42287 0.04354
42311 0.04693
42347 0.04991
42395 0.04749
42419 0.04974
42431 0.04971
42455 0.04976
42527 0.04949
42539 0.04915
42563 0.04797
42575 0.04948
42587 0.04694
42599 0.04932
42659 0.0495
42671 0.04953
42755 0.04977
42803 0.04895
42827 0.04669
42851 0.05005
42875 0.04887
42911 0.04898
42935 0.05029
42947 0.04852
42959 0.04912
42971 0.04857
42983 0.04918
43007 0.04815
43043 0.04841
43055 0.0504
43079 0.04835
43091 0.04949
43127 0.04849
43139 0.04515
43175 0.05012
43247 0.04785
43259 0.04993
43295 0.05008
43307 0.049
43355 0.05025
43439 0.04743
43463 0.04774
43475 0.04745
43559 0.04924
43571 0.04975
43583 0.05019
43619 0.05011
43631 0.05008
43679 0.04691
43703 0.04695
43715 0.05016
43727 0.04849
43739 0.05023
43763 0.04978
43775 0.04975
43811 0.05043
43847 0.05049
43859 0.04857
43907 0.05035
43919 0.04465
43931 0.0494
43979 0.05018
44003 0.04926
44039 0.04916
44051 0.0494
44063 0.04812
44075 0.04947
44099 0.04902
44135 0.04963
44147 0.0498
44183 0.04977
44243 0.04994
44255 0.04956
44339 0.04937
44363 0.04844
44375 0.04554
44387 0.04542
44399 0.04924
44411 0.04921
44423 0.04831
44447 0.04693
44459 0.04911
44495 0.04903
44555 0.0489
44567 0.04726
44591 0.05019
44639 0.04871
44663 0.04498
44675 0.05
44735 0.04986
44747 0.04984
44795 0.04973
44807 0.0497
44831 0.04965
44891 0.04952
44915 0.04946
44951 0.04588
44975 0.04933
45011 0.04925
45047 0.04917
45059 0.04781
45095 0.04907
45155 0.04894
45167 0.04022
45227 0.04663
45251 0.04873
45275 0.04676
45287 0.04566
45299 0.04683
45323 0.04933
45347 0.0494
45359 0.04718
45371 0.04946
45395 0.04953
45431 0.04881
45443 0.04832
45479 0.04894
45527 0.04989
45539 0.0491
45563 0.04916
45575 0.05002
45623 0.04933
45671 0.04784
45695 0.05034
45719 0.04959
45731 0.05044
45743 0.04965
45791 0.05043
45815 0.05038
45839 0.04817
45875 0.05025
45899 0.05007
45911 0.04605
46031 0.05043
46055 0.04986
46079 0.04893
46115 0.04973
46127 0.03983
46151 0.04561
46163 0.04962
46235 0.04935
46247 0.04944
46259 0.04929
46283 0.05003
46295 0.04951
46319 0.04957
46331 0.04992
46355 0.04987
46367 0.0497
46391 0.04965
46403 0.04968
46463 0.04416
46475 0.04999
46487 0.04492
46535 0.04949
46547 0.05018
46583 0.05016
46607 0.05034
46631 0.05028
46655 0.04858
46667 0.0505
46739 0.04905
46763 0.04723
46775 0.05038
46787 0.04966
46799 0.0497
46835 0.05025
46847 0.04982
46859 0.04985
46883 0.04811
46895 0.05012
46931 0.05005
46943 0.05002
46967 0.04794
46979 0.04994
46991 0.0502
47075 0.04965
47135 0.05045
47171 0.04944
47183 0.04951
47231 0.04804
47243 0.04793
47255 0.04927
47291 0.04919
47375 0.04712
47399 0.04989
47411 0.04986
47423 0.04901
47435 0.04899
47471 0.04882
47483 0.04889
47495 0.04969
47531 0.04961
47579 0.04551
47603 0.04558
47627 0.04941
47663 0.04958
47687 0.04268
47747 0.04826
47759 0.04927
47783 0.04933
47795 0.04607
47855 0.05007
47867 0.04802
47879 0.04889
47891 0.04961
47915 0.05023
47987 0.04867
48011 0.04773
48035 0.05048
48047 0.04855
48059 0.04772
48107 0.04843
48167 0.04831
48191 0.04708
48227 0.04547
48251 0.05049
48263 0.05046
48275 0.05044
48287 0.04807
48323 0.05034
48335 0.05031
48359 0.04793
48443 0.04964
48503 0.04996
48515 0.04994
48551 0.04942
48575 0.04937
48587 0.04881
48635 0.04739
48671 0.04962
48683 0.04651
48719 0.04722
48755 0.049
48791 0.04938
48803 0.0444
48875 0.04921
48899 0.04916
48911 0.04913
48923 0.04867
48959 0.0486
48995 0.04912
49067 0.04726
49115 0.04873
49151 0.04951
49163 0.04434
49175 0.04957
49187 0.04608
49247 0.05019
49259 0.04844
49271 0.04629
49283 0.04984
49319 0.04532
49343 0.04828
49403 0.04816
49427 0.04816
49475 0.04759
49487 0.04683
49511 0.05041
49583 0.04483
49595 0.05041
49619 0.05037
49631 0.05034
49679 0.04878
49691 0.04881
49703 0.0502
49715 0.04771
49751 0.04749
49775 0.04785
49859 0.04546
49895 0.04815
49907 0.04935
49955 0.0483
49979 0.04964
50003 0.04842
50015 0.04957
50075 0.04976
50099 0.04941
50135 0.04874
50183 0.04886
50243 0.04912
50255 0.05021
50267 0.04656
50279 0.05027
50303 0.04884
50315 0.04918
50327 0.04425
50339 0.04924
50399 0.04586
50435 0.05039
50447 0.047
50471 0.05032
50519 0.05023
50531 0.0502
50615 0.0496
50639 0.04998
50663 0.0466
50699 0.05012
50735 0.05021
50759 0.04776
50783 0.05033
50807 0.05007
50819 0.05042
50855 0.05019
50879 0.0479
50903 0.04786
50915 0.05033
50927 0.04942
50939 0.05035
50963 0.05045
50975 0.05027
50987 0.0479
51011 0.05046
51023 0.04829
51083 0.04844
51095 0.05004
51107 0.05027
51119 0.04863
51155 0.04992
51179 0.042
51251 0.0474
51275 0.049
51299 0.04896
51359 0.04953
51371 0.04923
51395 0.04946
51455 0.04902
51527 0.04868
51575 0.04962
51587 0.04882
51611 0.04981
51623 0.04927
51635 0.04976
51671 0.04995
51695 0.04991
51707 0.04963
51731 0.0501
51743 0.04351
51755 0.05005
51779 0.04918
51791 0.05014
51863 0.05031
51887 0.05047
51911 0.05042
51923 0.04871
51935 0.05045
51947 0.04968
51959 0.05048
51983 0.05028
52007 0.05031
52043 0.04868
52055 0.04994
52115 0.04885
52151 0.05017
52175 0.05012
52187 0.05025
52211 0.0502
52235 0.0502
52271 0.05014
52283 0.05011
52319 0.04933
52331 0.05002
52355 0.05039
52415 0.05036
52427 0.05034
52439 0.05032
52463 0.04977
52475 0.05025
52487 0.05034
52499 0.05037
52523 0.05007
52535 0.05046
52547 0.05048
52559 0.05051
52643 0.0501
52715 0.04896
52751 0.05014
52775 0.04968
52799 0.05005
52823 0.04885
52847 0.04292
52871 0.05041
52931 0.05029
52955 0.05025
52979 0.04848
53015 0.05014
53063 0.04865
53099 0.04998
53111 0.04905
53159 0.04986
53207 0.04887
53243 0.04873
53291 0.04962
53303 0.04959
53339 0.04904
53351 0.04861
53375 0.04946
53387 0.04895
53399 0.04942
53459 0.04882
53483 0.04926
53495 0.04875
53519 0.0475
53531 0.04917
53567 0.04822
53579 0.04909
53603 0.04904
53663 0.04797
53675 0.04755
53687 0.04841
53723 0.04882
53735 0.0488
53747 0.04782
53795 0.04781
53843 0.04765
53879 0.04854
54023 0.04828
54035 0.04826
54071 0.04851
54095 0.04768
54119 0.04862
54131 0.04864
54191 0.04878
54203 0.04793
54215 0.04883
54227 0.04886
54275 0.04897
54383 0.04814
54395 0.04924
54407 0.04839
54431 0.04845
54467 0.04941
54479 0.04943
54491 0.04946
54575 0.04965
54599 0.04863
54611 0.04885
54635 0.04635
54671 0.04899
54683 0.04902
54707 0.04995
54731 0.05
54755 0.05006
54791 0.05014
54815 0.05019
54827 0.04742
54839 0.04917
54863 0.04942
54875 0.04945
54911 0.05041
54947 0.05049
54995 0.04972
55007 0.05041
55019 0.04958
55031 0.0498
55055 0.05033
55151 0.04814
55175 0.04993
55187 0.04822
55199 0.05006
55211 0.05004
55283 0.04843
55319 0.05025
55391 0.05041
55427 0.05036
55463 0.05046
55475 0.05043
55499 0.05039
55535 0.04946
55571 0.05026
55583 0.04517
55703 0.04937
55727 0.04493
55739 0.04996
55775 0.04974
55811 0.04983
55859 0.04974
55883 0.04205
55895 0.04979
55907 0.04982
55919 0.0459
55943 0.0499
55955 0.04993
55979 0.04603
55991 0.04495
56015 0.04491
56027 0.05008
56051 0.04925
56075 0.04851
56135 0.04926
56147 0.04422
56231 0.05049
56279 0.04669
56291 0.05038
56303 0.04896
56315 0.04894
56327 0.05032
56339 0.0489
56351 0.04888
56375 0.05023
56387 0.04866
56399 0.0488
56447 0.04379
56459 0.04785
56471 0.04852
56507 0.04777
56603 0.04844
56615 0.04842
56639 0.04392
56675 0.04817
56699 0.04354
56723 0.04824
56735 0.04959
56771 0.04953
56795 0.04949
56855 0.04939
56867 0.04936
56879 0.04715
56927 0.04774
56939 0.04812
56975 0.04781
56987 0.04764
57011 0.04828
57023 0.04909
57035 0.04907
57071 0.04621
57095 0.04846
57155 0.04887
57227 0.04658
57239 0.04877
57263 0.04882
57275 0.04885
57311 0.04726
57359 0.04718
57371 0.04701
57395 0.04697
57407 0.04844
57443 0.04951
57479 0.04709
57491 0.04711
57539 0.04941
57551 0.04643
57575 0.04949
57599 0.04954
57623 0.04808
57671 0.0475
57695 0.04673
57707 0.04676
57743 0.04985
57815 0.0478
57875 0.05013
57959 0.05031
57971 0.05034
57983 0.04627
57995 0.04746
58007 0.04533
58055 0.0505
58103 0.04729
58115 0.04844
58127 0.04765
58139 0.04492
58163 0.05031
58175 0.05029
58187 0.04715
58235 0.04788
58259 0.05015
58295 0.04553
58307 0.04696
58319 0.04887
58355 0.04895
58415 0.04988
58463 0.04728
58475 0.04978
58499 0.04925
58535 0.04933
58547 0.04935
58559 0.04537
58571 0.04859
58607 0.04948
58643 0.04545
58667 0.04879
58703 0.04632
58739 0.04976
58751 0.04978
58775 0.04983
58811 0.04642
58823 0.04912
58835 0.04996
58847 0.04917
58859 0.05001
58883 0.04909
58919 0.04824
58931 0.04901
58955 0.04939
59015 0.05034
59027 0.04378
59039 0.04849
59075 0.04965
59087 0.04699
59099 0.04649
59147 0.0458
59231 0.04997
59255 0.04894
59267 0.05022
59291 0.04901
59303 0.04744
59327 0.05012
59411 0.05035
59423 0.05037
59459 0.04989
59495 0.04944
59519 0.04949
59531 0.04977
59555 0.04956
59639 0.04959
59675 0.05019
59711 0.04989
59819 0.04842
59831 0.05013
59891 0.04918
59903 0.04981
59927 0.04912
59963 0.05041
59975 0.05043
59987 0.04967
60023 0.04724
60047 0.04957
60059 0.0489
60071 0.0485
60095 0.04907
60119 0.04903
60131 0.04944
60143 0.05029
60191 0.05021
60203 0.0493
60227 0.04926
60239 0.04884
60275 0.05007
60287 0.04938
60311 0.04952
60323 0.04761
60335 0.04997
60347 0.04908
60395 0.04987
60419 0.04983
60431 0.04981
60467 0.04984
60479 0.04973
60491 0.0498
60515 0.04993
60551 0.04961
60563 0.04959
60575 0.05006
60587 0.04955
60599 0.05002
60635 0.04956
60671 0.04893
60695 0.0503
60743 0.04978
60755 0.04928
60791 0.05041
60803 0.0492
60863 0.0504
60935 0.05035
60947 0.0481
60995 0.05038
61019 0.05034
61067 0.05006
61079 0.05046
61115 0.05042
61163 0.05041
61175 0.05032
61235 0.05029
61247 0.0501
61295 0.05019
61307 0.04974
61355 0.05032
61367 0.05
61415 0.04992
61427 0.05046
61439 0.04996
61451 0.04994
61535 0.0493
61571 0.04974
61607 0.04961
61619 0.04646
61655 0.05031
61679 0.05035
61691 0.05012
61739 0.04969
61787 0.04932
61799 0.05044
61811 0.05042
61835 0.04675
61847 0.04986
61907 0.04882
61919 0.04911
62015 0.05024
62063 0.05001
62075 0.05036
62087 0.04637
62111 0.04993
62135 0.0494
62147 0.05051
62159 0.04986
62243 0.04923
62279 0.0503
62291 0.0486
62315 0.05024
62363 0.04973
62399 0.04346
62447 0.04787
62471 0.04887
62495 0.04932
62519 0.04991
62543 0.05008
62567 0.05013
62615 0.05023
62651 0.0503
62663 0.05032
62675 0.04855
62699 0.04963
62759 0.04788
62771 0.04889
62795 0.04775
62843 0.04878
62855 0.05035
62867 0.05033
62879 0.04769
62891 0.0487
62951 0.04923
62963 0.05018
62975 0.04857
62999 0.04785
63011 0.04804
63035 0.05007
63047 0.05005
63071 0.04842
63083 0.04841
63143 0.04784
63155 0.04988
63167 0.0478
63191 0.04982
63215 0.05037
63227 0.04771
63263 0.04836
63275 0.04811
63335 0.04863
63371 0.04954
63383 0.04647
63407 0.04684
63431 0.04869
63455 0.04874
63479 0.04841
63491 0.0484
63539 0.0489
63551 0.04892
63575 0.04699
63623 0.04973
63635 0.04913
63707 0.04807
63731 0.04898
63755 0.04932
63767 0.04951
63779 0.04796
63827 0.04883
63851 0.0495
63875 0.04781
63887 0.04874
63923 0.04964
63935 0.04967
63971 0.04767
64043 0.04988
64055 0.04849
64079 0.04994
64139 0.04717
64175 0.05013
64199 0.04674
64235 0.04821
64247 0.04877
64295 0.0487
64307 0.04811
64331 0.05043
64343 0.04805
64367 0.04851
64379 0.04763
64415 0.05044
64475 0.05035
64487 0.04784
64511 0.05029
64523 0.05027
64583 0.04818
64607 0.04823
64619 0.05012
64631 0.04811
64643 0.0483
64655 0.04906
64703 0.04999
64727 0.04846
64751 0.04992
64775 0.04988
64787 0.04931
64823 0.04734
64859 0.04945
64883 0.04972
64931 0.04964
64943 0.04962
64979 0.04957
65075 0.04912
65087 0.04988
65135 0.04997
65159 0.0467
65195 0.05009
65207 0.04937
65219 0.0492
65231 0.04919
65243 0.04583
65255 0.0502
65279 0.05025
65291 0.05027
65303 0.04955
65339 0.04902
65351 0.05038
65363 0.0495
65375 0.04952
65411 0.0505
65435 0.04646
65459 0.05045
65471 0.04987
65567 0.05005
65591 0.04993
65603 0.04863
65615 0.04998
65627 0.05016
65711 0.05032
65747 0.05039
65771 0.05043
65783 0.05029
65807 0.04991
65819 0.05036
65879 0.04769
65903 0.0505
65939 0.05045
65975 0.04992
65987 0.05024
65999 0.04996
66011 0.05034
66035 0.0503
66119 0.05019
66143 0.05
66155 0.05026
66203 0.04775
66215 0.05003
66251 0.05044
66263 0.04982
66275 0.05048
66299 0.04138
66323 0.04758
66371 0.05039
66395 0.05035
66443 0.04968
66515 0.04923
66527 0.05015
66539 0.04954
66551 0.04952
66563 0.04932
66575 0.04949
66599 0.05004
66611 0.04872
66659 0.04995
66671 0.04863
66707 0.04988
66719 0.04702
66743 0.04924
66755 0.04981
66767 0.04979
66779 0.04972
66815 0.04972
66839 0.04968
66875 0.0499
66887 0.0489
66899 0.04994
66935 0.05001
66983 0.04876
67007 0.04847
67019 0.04942
67091 0.04931
67115 0.04856
67163 0.05043
67175 0.04848
67199 0.0505
67235 0.04889
67259 0.05043
67283 0.04898
67295 0.05037
67319 0.05034
67355 0.04765
67367 0.0482
67379 0.04916
67415 0.04986
67451 0.05014
67487 0.04873
67535 0.05002
67571 0.05014
67655 0.05029
67667 0.04968
67691 0.04823
67703 0.04975
67715 0.04977
67727 0.04769
67775 0.0505
67787 0.0483
67799 0.04992
67847 0.0504
67859 0.04854
67895 0.04861
67907 0.05031
67991 0.04935
68015 0.04798
68027 0.05034
68075 0.05043
68123 0.04902
68159 0.05045
68183 0.04659
68195 0.04988
68231 0.04983
68255 0.05031
68291 0.04892
68303 0.05024
68339 0.04885
68363 0.04964
68375 0.04693
68411 0.04957
68423 0.05006
68471 0.04948
68495 0.04996
68579 0.04851
68591 0.04931
68603 0.0498
68663 0.04971
68675 0.05002
68735 0.04642
68759 0.05017
68807 0.049
68843 0.05032
68855 0.04893
68915 0.04885
68975 0.04927
68987 0.04542
69023 0.0492
69059 0.05035
69071 0.04863
69083 0.04911
69095 0.0503
69107 0.04908
69131 0.04773
69167 0.04498
69215 0.05012
69227 0.04876
69251 0.05007
69275 0.04884
69299 0.05
69323 0.04997
69335 0.04617
69347 0.04874
69359 0.04614
69407 0.04908
69419 0.04983
69443 0.0486
69455 0.04978
69479 0.04974
69527 0.04525
69551 0.04964
69575 0.0496
69599 0.04942
69611 0.04576
69635 0.04918
69647 0.04951
69671 0.04924
69695 0.04929
69731 0.04938
69755 0.0497
69791 0.04976
69803 0.04948
69851 0.04956
69875 0.04918
69935 0.05002
69947 0.05004
69983 0.04658
70007 0.04984
70091 0.04999
70115 0.05033
70151 0.0504
70175 0.05044
70211 0.0502
70247 0.05046
70283 0.05032
70295 0.05035
70307 0.04083
70331 0.05041
70343 0.05043
70391 0.04846
70403 0.04844
70463 0.04836
70475 0.04719
70499 0.0501
70511 0.05033
70523 0.05032
70595 0.05021
70643 0.04742
70655 0.04988
70679 0.04807
70691 0.05008
70727 0.04508
70739 0.04684
70751 0.04999
70775 0.04971
70799 0.04968
70811 0.04789
70847 0.04961
70859 0.04959
70871 0.04982
70895 0.04979
70907 0.04953
70943 0.04972
70955 0.0497
70967 0.04813
71003 0.04964
71015 0.04806
71027 0.0496
71063 0.04755
71075 0.0464
71087 0.04928
71111 0.04924
71135 0.04945
71195 0.04937
71207 0.04935
71219 0.04842
71231 0.04595
71243 0.04846
71303 0.04871
71315 0.04486
71375 0.05028
71423 0.05036
71447 0.04902
71495 0.04889
71507 0.0487
71519 0.04868
71531 0.04693
71543 0.04579
71555 0.04863
71567 0.04576
71627 0.04854
71639 0.04914
71651 0.04916
71675 0.04935
71687 0.04673
71759 0.04836
71783 0.04427
71795 0.04941
71831 0.04962
71855 0.04847
71891 0.04957
71915 0.04815
71939 0.04408
71951 0.04983
71975 0.04987
72011 0.04993
72059 0.04986
72071 0.04988
72119 0.04217
72179 0.0478
72203 0.05026
72215 0.05028
72239 0.04767
72263 0.05036
72275 0.05038
72311 0.05029
72323 0.05031
72335 0.05048
72371 0.04778
72407 0.04773
72443 0.04594
72455 0.04804
72491 0.04762
72539 0.04818
72575 0.05032
72587 0.04235
72611 0.0483
72635 0.04834
72659 0.04548
72695 0.05003
72731 0.0501
72743 0.05008
72791 0.0499
72803 0.04988
72839 0.04995
72875 0.04875
72887 0.04977
72899 0.04879
72935 0.04982
72947 0.04887
72971 0.04977
72983 0.05039
72995 0.04697
73055 0.04549
73067 0.04952
73103 0.04493
73115 0.04958
73151 0.05016
73163 0.05015
73175 0.0495
73187 0.04571
73211 0.04933
73223 0.04943
73235 0.0493
73247 0.04345
73295 0.04946
73343 0.04464
73355 0.04913
73367 0.04987
73391 0.04962
73427 0.04618
73451 0.04912
73475 0.04897
73487 0.04896
73499 0.04906
73511 0.04773
73535 0.04986
73595 0.04997
73631 0.04877
73667 0.05009
73691 0.04869
73715 0.04866
73775 0.04817
73787 0.05029
73811 0.04675
73871 0.04845
73919 0.0485
73931 0.05049
73967 0.04574
73979 0.04556
73991 0.05041
74003 0.04569
74015 0.05038
74039 0.05035
74075 0.0503
74087 0.04869
74111 0.04873
74147 0.04809
74183 0.045
74195 0.04814
74267 0.05004
74327 0.0476
74339 0.04994
74351 0.04992
74375 0.04917
74387 0.04492
74399 0.04772
74459 0.04978
74519 0.04773
74543 0.0477
74555 0.04965
74579 0.04962
74603 0.04955
74627 0.04959
74639 0.04459
74663 0.04754
74675 0.04671
74711 0.04973
74783 0.04728
74795 0.04987
74807 0.04725
74819 0.04734
74855 0.04847
74867 0.04849
74879 0.04922
74927 0.04916
74951 0.04863
74975 0.04703
74987 0.04869
74999 0.04871
75023 0.04709
75035 0.05026
75047 0.05028
75059 0.04899
75071 0.04897
75095 0.0474
75107 0.04892
75143 0.04682
75203 0.04771
75215 0.04907
75275 0.05039
75287 0.04664
75299 0.0492
75311 0.04789
75335 0.04863
75359 0.0486
75371 0.04785
75383 0.04787
75395 0.04855
75419 0.0494
75443 0.05016
75515 0.04956
75551 0.04962
75563 0.0483
75575 0.04999
75587 0.04997
75623 0.04992
75647 0.04844
75671 0.04981
75719 0.04841
75755 0.04995
75815 0.04767
75827 0.04727
75839 0.04798
75851 0.05011
75863 0.04489
75875 0.04881
75887 0.04792
75899 0.04494
75911 0.04789
75947 0.05026
76007 0.04902
76043 0.04937
76055 0.04936
76127 0.05047
76139 0.05046
76151 0.04926
76175 0.0492
76187 0.04755
76199 0.04919
76235 0.04939
76307 0.05023
76319 0.04562
76331 0.049
76391 0.04964
76415 0.04968
76451 0.0496
76475 0.05001
76499 0.04836
76523 0.04764
76547 0.04992
76583 0.04995
76691 0.04791
76703 0.04853
76715 0.05017
76727 0.05019
76751 0.04918
76775 0.05012
76787 0.04681
76799 0.04493
76835 0.04955
76859 0.05026
76979 0.05045
77015 0.05039
77039 0.05048
77063 0.05045
77075 0.0497
77087 0.04972
77099 0.0504
77111 0.04919
77123 0.05025
77147 0.04915
77159 0.04866
77183 0.05029
77231 0.05023
77303 0.05002
77315 0.05
77327 0.04999
77363 0.05016
77375 0.05018
77411 0.05024
77423 0.04421
77435 0.04996
77459 0.04875
77495 0.05037
77507 0.04997
77519 0.04999
77531 0.04925
77579 0.04933
77603 0.04963
77615 0.04973
77663 0.0504
77675 0.05039
77735 0.04958
77771 0.04964
77807 0.05045
77843 0.04933
77855 0.05015
77879 0.0455
77891 0.05045
77903 0.05009
77927 0.05006
77963 0.05002
77975 0.04927
77987 0.04868
78011 0.05029
78023 0.04994
78071 0.05021
78083 0.05013
78107 0.05017
78119 0.04754
78131 0.04896
78155 0.05024
78227 0.04906
78263 0.05041
78275 0.05043
78287 0.0496
78323 0.04956
78359 0.04927
78371 0.05045
78383 0.04948
78431 0.05037
78455 0.05034
78503 0.04909
78515 0.04951
78551 0.04957
78563 0.04626
78575 0.05018
78587 0.04922
78599 0.04735
78647 0.04832
78659 0.04947
78671 0.04945
78719 0.04983
78731 0.04999
78743 0.04274
78755 0.04948
78767 0.04991
78815 0.04927
78851 0.04807
78875 0.04967
78899 0.04977
78923 0.04974
78959 0.0497
78971 0.04982
78995 0.04965
79007 0.04903
79019 0.04895
79055 0.04995
79091 0.04953
79163 0.04711
79175 0.05014
79211 0.05019
79223 0.04844
79307 0.0494
79331 0.05038
79355 0.05025
79391 0.05048
79415 0.05017
79439 0.04893
79463 0.04758
79475 0.04846
79487 0.05008
79499 0.0504
79511 0.04972
79523 0.05037
79547 0.05001
79571 0.04774
79619 0.04988
79655 0.04987
79679 0.05017
79715 0.04784
79727 0.05005
79739 0.04873
79763 0.04804
79775 0.04869
79787 0.04947
79835 0.05022
79871 0.05027
79883 0.04764
79895 0.05031
79919 0.04851
79931 0.05037
79991 0.04839
80015 0.0505
80027 0.0505
80087 0.04933
80099 0.04995
80135 0.05037
80159 0.04865
80171 0.05032
80183 0.04954
80195 0.0492
80219 0.0495
80243 0.04642
80255 0.0502
80303 0.04805
80375 0.05038
80411 0.05044
80459 0.0492
80483 0.04526
80495 0.04884
80507 0.0469
80519 0.04989
80591 0.05034
80615 0.04935
80675 0.05024
80711 0.04965
80723 0.04888
80735 0.04962
80759 0.05013
80771 0.04959
80795 0.05009
80855 0.04947
80867 0.05
80891 0.04977
80927 0.04673
80939 0.04937
80951 0.0499
80975 0.0499
80987 0.04635
81011 0.04822
81035 0.04999
81095 0.05008
81107 0.04723
81143 0.04838
81167 0.04803
81191 0.04736
81227 0.04902
81251 0.04793
81275 0.04691
81287 0.04895
81395 0.04882
81407 0.04775
81443 0.04671
81467 0.04927
81479 0.05038
81503 0.05035
81515 0.04868
81539 0.05031
81575 0.04755
81623 0.0502
81635 0.04906
81659 0.04851
81683 0.05013
81719 0.05024
81743 0.04767
81755 0.04892
81779 0.05017
81791 0.04888
81827 0.04832
81851 0.04828
81863 0.04753
81911 0.04742
81935 0.04848
81947 0.0485
81959 0.04742
81983 0.04976
81995 0.04738
82079 0.04801
82091 0.04871
82103 0.04977
82115 0.04875
82151 0.0488
82175 0.04686
82187 0.04967
82211 0.04838
82259 0.04958
82271 0.04612
82283 0.0494
82295 0.04939
82319 0.04906
82331 0.04805
82343 0.04933
82355 0.04911
82367 0.04913
82391 0.04927
82427 0.04938
82451 0.0481
82475 0.04929
82511 0.04934
82535 0.04938
82547 0.04748
82583 0.04671
82643 0.04664
82655 0.04956
82679 0.0496
82703 0.0486
82715 0.04888
82739 0.04968
82751 0.04867
82775 0.04974
82823 0.04891
82859 0.04986
82871 0.0487
82895 0.04992
82919 0.04892
82931 0.04997
82943 0.04896
82955 0.0486
82967 0.04699
82991 0.04696
83027 0.05011
83051 0.04741
83075 0.04846
83099 0.04735
83111 0.04842
83123 0.04923
83135 0.04731
83147 0.04837
83159 0.04928
83183 0.04506
83195 0.05036
83291 0.05051
83315 0.05048
83327 0.04712
83375 0.04871
83387 0.04721
83411 0.04965
83435 0.04804
83447 0.05032
83483 0.0455
83507 0.04795
83519 0.04536
83567 0.04531
83603 0.04785
83627 0.04388
83651 0.05008
83675 0.05005
83687 0.05003
83699 0.05008
83711 0.04773
83723 0.05012
83747 0.04996
83759 0.04927
83807 0.04934
83855 0.04983
83879 0.04981
83915 0.0504
83927 0.04975
83951 0.04804
83963 0.04744
83975 0.05049
84023 0.04771
84071 0.05041
84083 0.04505
84107 0.04884
84119 0.0498
84203 0.04797
84227 0.04845
84251 0.05
84275 0.04934
84311 0.05013
84323 0.04859
84335 0.04917
84371 0.05017
84419 0.04929
84455 0.04913
84479 0.04993
84527 0.04945
84539 0.04947
84575 0.05047
84587 0.04897
84599 0.05051
84611 0.04957
84623 0.04671
84647 0.05045
84671 0.04966
84695 0.04913
84743 0.0492
84755 0.04978
84767 0.0498
84803 0.04885
84839 0.0495
84851 0.05021
84863 0.04893
84875 0.04946
84911 0.049
84923 0.04902
84959 0.05008
84971 0.04953
84995 0.05013
85007 0.05015
85019 0.04929
85031 0.04626
85067 0.04967
85079 0.05025
85115 0.0493
85175 0.05039
85211 0.05045
85271 0.04819
85295 0.05046
85307 0.05002
85343 0.04963
85403 0.04885
85415 0.04955
85463 0.05024
85475 0.05026
85499 0.04945
85511 0.05031
85547 0.04849
85559 0.04994
85583 0.04781
85595 0.04999
85631 0.05005
85655 0.04927
85727 0.05041
85739 0.0502
85763 0.0488
85775 0.0499
85799 0.04987
85811 0.04759
85859 0.0498
85871 0.04979
85895 0.05043
85907 0.0502
85919 0.05046
85943 0.04906
85979 0.04838
86039 0.04959
86051 0.04958
86063 0.05038
86075 0.05036
86087 0.04999
86099 0.05034
86135 0.04802
86147 0.04936
86159 0.05027
86207 0.04715
86219 0.04872
86231 0.05018
86267 0.04979
86279 0.04856
86315 0.04973
86327 0.04926
86339 0.0478
86363 0.04777
86375 0.04697
86387 0.0497
86411 0.04917
86435 0.04995
86447 0.04979
86459 0.04992
86471 0.0499
86483 0.04989
86507 0.04987
86519 0.04915
86543 0.04947
86555 0.04825
86591 0.04815
86615 0.05003
86651 0.05008
86663 0.04825
86687 0.04347
86699 0.04809
86723 0.05018
86735 0.0502
86747 0.04837
86759 0.04949
86831 0.04914
86855 0.04911
86867 0.04854
86903 0.04969
86963 0.04978
86975 0.05049
86987 0.05047
86999 0.04983
87035 0.05042
87047 0.0489
87143 0.04914
87167 0.04897
87191 0.05024
87227 0.04905
87239 0.05017
87275 0.05022
87287 0.05012
87371 0.05003
87419 0.04883
87431 0.04934
87467 0.04698
87503 0.04944
87515 0.04946
87527 0.04948
87551 0.05042
87575 0.0504
87599 0.04784
87611 0.05036
87635 0.05033
87647 0.04971
87659 0.0503
87707 0.04973
87731 0.04976
87779 0.04843
87791 0.04955
87815 0.04952
87827 0.04951
87851 0.04948
87863 0.05007
87875 0.04863
87899 0.04866
87935 0.04999
87947 0.0479
87971 0.04935
88031 0.04988
88055 0.04985
88067 0.05024
88091 0.05027
88139 0.04975
88151 0.04974
88163 0.04913
88175 0.05039
88199 0.04969
88235 0.04914
88247 0.04861
88271 0.0505
88307 0.04897
88319 0.04706
88343 0.04809
88355 0.04822
88367 0.05039
88391 0.04947
88403 0.04946
88451 0.0494
88475 0.04949
88511 0.05023
88559 0.04928
88595 0.04964
88619 0.04967
88631 0.05009
88655 0.04918
88679 0.04915
88691 0.05002
88703 0.04979
88715 0.04999
88727 0.04928
88739 0.04864
88763 0.04867
88775 0.04851
88835 0.04986
88847 0.04985
88871 0.04894
88895 0.05006
88907 0.04687
88931 0.04718
88943 0.05012
88967 0.04907
89015 0.05022
89027 0.04965
89039 0.05026
89063 0.05029
89075 0.05031
89099 0.05034
89147 0.04903
89159 0.05042
89171 0.0499
89183 0.04947
89207 0.04995
89243 0.05048
89267 0.0465
89279 0.05005
89291 0.05006
89327 0.05011
89339 0.04675
89351 0.05036
89375 0.05034
89411 0.0503
89423 0.04971
89435 0.05026
89447 0.04974
89471 0.05023
89483 0.05021
89495 0.0498
89507 0.04982
89531 0.04985
89543 0.04987
89579 0.05046
89639 0.05004
89651 0.05002
89675 0.05005
89711 0.04996
89723 0.05
89735 0.05037
89807 0.05024
89831 0.05027
89879 0.04733
89903 0.05037
89915 0.05038
89951 0.05043
89975 0.0486
89987 0.05048
89999 0.05038
90035 0.05043
90047 0.05046
90083 0.04955
90095 0.05051
90119 0.05048
90131 0.05038
90143 0.05036
90155 0.0499
90167 0.05043
90179 0.04753
90275 0.04787
90287 0.0502
90323 0.0504
90335 0.05039
90347 0.05013
90383 0.05033
90395 0.05017
90443 0.04915
90455 0.05025
90479 0.05008
90503 0.04996
90515 0.04994
90539 0.04715
90551 0.05015
90575 0.04798
90611 0.04993
90683 0.05
90695 0.04984
90707 0.04782
90719 0.04929
90743 0.04532
90755 0.04992
90767 0.04991
90791 0.04828
90815 0.04875
90827 0.0496
90839 0.04916
90851 0.04967
90875 0.04964
90923 0.04974
90935 0.04948
90983 0.04953
91031 0.04962
91043 0.04937
91091 0.04941
91103 0.04954
91175 0.04946
91187 0.04945
91211 0.04942
91235 0.04917
91271 0.04922
91295 0.04925
91307 0.04908
91319 0.04822
91355 0.04912
91379 0.04858
91391 0.04909
91403 0.04907
91415 0.0492
91427 0.04943
91439 0.04945
91451 0.0485
91475 0.04914
91511 0.04954
91547 0.0493
91595 0.04966
91607 0.04938
91643 0.04882
91655 0.04974
91667 0.0487
91679 0.04948
91715 0.04953
91727 0.04983
91739 0.04985
91751 0.04861
91775 0.04961
91787 0.04991
91799 0.04906
91859 0.05001
91871 0.05003
91907 0.04978
91931 0.04929
91955 0.04927
91979 0.04988
91991 0.0499
92015 0.04935
92039 0.0484
92063 0.04947
92075 0.04949
92087 0.04944
92099 0.05033
92159 0.05041
92171 0.05014
92183 0.04815
92207 0.05048
92231 0.04964
92267 0.05047
92291 0.05044
92303 0.04826
92315 0.05042
92351 0.05038
92375 0.04753
92411 0.05046
92423 0.04813
92435 0.05049
92447 0.04746
92471 0.05048
92483 0.04807
92495 0.05005
92543 0.05011
92555 0.04777
92579 0.05013
92591 0.05035
92675 0.05023
92711 0.05028
92735 0.0502
92747 0.05033
92759 0.04714
92771 0.05016
92783 0.04814
92795 0.0499
92807 0.05047
92819 0.05011
92843 0.04793
92855 0.05049
92879 0.0505
92903 0.05044
92939 0.05045
92975 0.05041
92999 0.0474
93011 0.05037
93023 0.04845
93035 0.0503
93095 0.05028
93107 0.0498
93119 0.04678
93155 0.05022
93167 0.0502
93203 0.04841
93215 0.04945
93227 0.05009
93275 0.04962
93299 0.0471
93311 0.05005
93335 0.05002
93443 0.04873
93467 0.04983
93515 0.04983
93527 0.04935
93539 0.04934
93575 0.04977
93587 0.04975
93599 0.04686
93611 0.04923
93623 0.04896
93635 0.04586
93647 0.04964
93659 0.04921
93671 0.04966
93695 0.04917
93707 0.04916
93755 0.04953
93767 0.04956
93791 0.04949
93815 0.04951
93839 0.04525
93863 0.04956
93875 0.04958
93899 0.04942
93995 0.04974
94019 0.04883
94031 0.04978
94043 0.04923
94055 0.04671
94067 0.04955
94091 0.04986
94103 0.04988
94115 0.04989
94127 0.04872
94139 0.04917
94163 0.04759
94175 0.04913
94187 0.04999
94223 0.04975
94235 0.04977
94247 0.05007
94259 0.04905
94271 0.0501
94319 0.04852
94355 0.05021
94367 0.05023
94403 0.04999
94415 0.0493
94451 0.05034
94475 0.05008
94499 0.0488
94511 0.05041
94523 0.05043
94535 0.04945
94607 0.05048
94619 0.04822
94631 0.05029
94643 0.0503
94655 0.04859
94667 0.04962
94691 0.04966
94703 0.05038
94715 0.05037
94739 0.04855
94751 0.05033
94763 0.05032
94775 0.04977
94787 0.04978
94799 0.04781
94835 0.05047
94859 0.04843
94883 0.05042
94931 0.04997
94943 0.05036
94955 0.05035
94967 0.04827
94979 0.04545
95015 0.04677
95075 0.04999
95099 0.04881
95123 0.05022
95135 0.05023
95159 0.04812
95183 0.0503
95207 0.04985
95243 0.05037
95315 0.04997
95351 0.04793
95363 0.04992
95375 0.04917
95387 0.04989
95411 0.04987
95459 0.04928
95519 0.04936
95555 0.04972
95567 0.04781
95639 0.04697
95675 0.04936
95699 0.04798
95735 0.04953
95759 0.04967
95771 0.04968
95795 0.04947
95807 0.04812
95831 0.04976
95867 0.04939
95903 0.04733
95927 0.0491
95939 0.04796
95951 0.04931
95975 0.04928
96011 0.04999
96083 0.05008
96119 0.05013
96143 0.04911
96227 0.0488
96239 0.04753
96287 0.04874
96359 0.0485
96383 0.04864
96395 0.04773
96407 0.04889
96455 0.04895
96491 0.04785
96503 0.05042
96575 0.0491
96599 0.04881
96659 0.04806
96683 0.05023
96695 0.04617
96719 0.05019
96743 0.0485
96791 0.04389
96815 0.04941
96839 0.05007
96899 0.05001
96923 0.04922
96971 0.04961
96995 0.04964
97019 0.04629
97067 0.04973
97079 0.0486
97091 0.04943
97163 0.04611
97199 0.0499
97211 0.04969
97247 0.04996
97319 0.05005
97343 0.04975
97403 0.04901
97439 0.04525
97475 0.05025
97559 0.05036
97595 0.0504
97619 0.0501
97643 0.05013
97667 0.04759
97679 0.05018
97691 0.0492
97703 0.05021
97739 0.05025
97835 0.05035
97895 0.04899
97955 0.05023
98003 0.04977
98039 0.05014
98051 0.0504
98075 0.05037
98087 0.05009
98099 0.05035
98147 0.04691
98159 0.05002
98171 0.04675
98183 0.05026
98279 0.04531
98315 0.04986
98339 0.05019
98423 0.05029
98471 0.04997
98483 0.04995
98555 0.04962
98675 0.04375
98699 0.04974
98735 0.05037
98747 0.04726
98759 0.04748
98771 0.05033
98783 0.04965
98819 0.05028
98831 0.05027
98843 0.05026
98855 0.04958
98879 0.04956
98903 0.04672
98915 0.04925
98951 0.04795
98975 0.05012
98987 0.04756
99107 0.04771
99179 0.0478
99275 0.04916
99299 0.0498
99395 0.04904
99419 0.04968
99443 0.04833
99479 0.0487
99491 0.04895
99515 0.04958
99599 0.04832
99659 0.04944
99671 0.04942
99683 0.04768
99779 0.04932
99791 0.04876
99803 0.04864
99851 0.04925
99875 0.04887
99887 0.04867
99899 0.0492
99911 0.04919
99935 0.04894
99947 0.04875
100007 0.04819
100031 0.04907
100079 0.04902
100163 0.04894
100175 0.04924
100211 0.04928
100223 0.04888
100259 0.04934
100283 0.04937
100295 0.04843
100319 0.04879
100331 0.04943
100367 0.04926
100415 0.04953
100427 0.04934
100439 0.04867
100487 0.04773
100499 0.04964
100571 0.04814
100595 0.04954
100607 0.04956
100619 0.0482
100667 0.04889
100679 0.04986
100739 0.04993
100751 0.04973
100775 0.04976
100859 0.05008
100919 0.04821
100955 0.0502
100979 0.04864
101003 0.05026
101015 0.04932
101039 0.05009
101075 0.05034
101087 0.05015
101099 0.05037
101135 0.05042
101171 0.05046
101195 0.05049
101219 0.0505
101243 0.04727
101291 0.05043
101339 0.05038
101351 0.05047
101387 0.05051
101447 0.05045
101459 0.05026
101471 0.05025
101519 0.05038
101567 0.05033
101579 0.04937
101639 0.05008
101687 0.05021
101783 0.05025
101819 0.05008
101867 0.05035
101903 0.0504
101915 0.04981
101951 0.05046
101975 0.04993
102011 0.0499
102083 0.0479
102095 0.05041
102143 0.05006
102167 0.04617
102179 0.0501
102263 0.05024
102275 0.05023
102287 0.04692
102311 0.05026
102383 0.05035
102419 0.04831
102455 0.04946
102491 0.05048
102527 0.04999
102575 0.04605
102623 0.04855
102659 0.04737
102671 0.05036
102695 0.04594
102719 0.04643
102767 0.0475
102779 0.04898
102803 0.04972
102863 0.04966
102875 0.04906
102887 0.04964
102899 0.04888
102935 0.049
102959 0.04546
103031 0.05001
103115 0.04993
103151 0.04989
103163 0.04613
103199 0.04924
103247 0.04929
103259 0.04808
103283 0.04934
103331 0.04972
103355 0.04969
103439 0.04953
103463 0.04833
103475 0.04957
103523 0.04963
103559 0.04967
103679 0.04858
103727 0.04884
103739 0.04764
103751 0.04881
103799 0.04996
103859 0.0488
103871 0.04812
103883 0.04794
103907 0.04867
103943 0.04913
104027 0.049
104039 0.05024
104099 0.04908
104111 0.05033
104135 0.05036
104159 0.04814
104219 0.0478
104255 0.04884
104291 0.05048
104303 0.0483
104339 0.04835
104363 0.04824
104387 0.04745
104411 0.04748
104423 0.04868
104447 0.04759
104555 0.04962
104591 0.04853
104603 0.05018
104615 0.05017
104627 0.04971
104663 0.05012
104675 0.04719
104747 0.04762
104807 0.04992
104819 0.04736
104927 0.04773
104939 0.04821
104951 0.04811
104975 0.04983
105035 0.05019
105047 0.0502
105059 0.04975
105179 0.05036
105191 0.05037
105215 0.0496
105299 0.0505
105347 0.05047
105395 0.04803
105419 0.04656
105431 0.04842
105455 0.05037
105479 0.05035
105551 0.05028
105623 0.04922
105647 0.04893
105659 0.0499
105719 0.05012
105779 0.05004
105791 0.05006
105803 0.04911
105839 0.04855
105995 0.04873
106067 0.04615
106079 0.05039
106151 0.04926
106175 0.04954
106259 0.04904
106283 0.04967
106355 0.0495
106379 0.0495
106403 0.04981
106439 0.05026
106499 0.05021
106535 0.04996
106547 0.04997
106559 0.04572
106583 0.04944
106655 0.0501
106679 0.05004
106691 0.04989
106763 0.0497
106799 0.04966
106811 0.04991
106919 0.049
106943 0.05018
106991 0.05024
107015 0.05027
107027 0.0489
107039 0.04889
107111 0.05002
107135 0.05039
107195 0.05047
107207 0.04924
107219 0.04873
107231 0.04952
107255 0.05048
107267 0.05027
107291 0.04947
107315 0.05022
107327 0.04863
107411 0.05037
107423 0.05038
107471 0.05044
107531 0.05022
107555 0.05049
107579 0.0452
107627 0.04993
107663 0.0501
107675 0.05038
107735 0.04983
107759 0.0503
107771 0.05
107819 0.04899
107855 0.05021
107879 0.04897
107915 0.05015
107939 0.05013
108059 0.04531
108083 0.05
108155 0.04944
108215 0.04987
108251 0.04984
108299 0.0498
108335 0.04678
108407 0.05042
108419 0.04969
108467 0.05037
108515 0.05032
108539 0.04992
108563 0.04955
108575 0.05027
108611 0.0498
108647 0.0502
108659 0.04912
108671 0.05007
108731 0.05012
108743 0.04891
108767 0.04998
108779 0.05019
108839 0.0493
108875 0.0503
108899 0.04939
109007 0.04887
109019 0.05027
109115 0.04789
109151 0.05042
109163 0.04973
109175 0.049
109223 0.05036
109235 0.05051
109247 0.04965
109271 0.04982
109283 0.0503
109343 0.04885
109427 0.04686
109463 0.04946
109511 0.05009
109535 0.05007
109559 0.05014
109595 0.05018
109643 0.04831
109655 0.04996
109679 0.05028
109691 0.05019
109739 0.05034
109763 0.04862
109799 0.04844
109823 0.04913
109835 0.05045
109871 0.04976
109907 0.04808
109931 0.04833
109967 0.04984
109979 0.04983
110003 0.04793
110027 0.05038
110087 0.04973
110111 0.0503
110147 0.04694
110171 0.04908
110267 0.04779
110279 0.04955
110303 0.04923
110351 0.04796
110363 0.04932
110375 0.04947
110399 0.05004
110435 0.05001
110471 0.04998
110483 0.04785
110495 0.0492
110519 0.04993
110591 0.04928
110627 0.04924
110639 0.04982
110687 0.04978
110699 0.04967
110723 0.04969
110831 0.04965
110843 0.0452
110867 0.04903
110915 0.04899
110963 0.04879
110987 0.04951
110999 0.05
111011 0.0489
111035 0.04807
111047 0.04887
111071 0.04885
111107 0.04941
111179 0.04934
111203 0.05023
111239 0.04929
111251 0.04747
111275 0.04926
111371 0.04945
111383 0.05043
111407 0.04914
111419 0.05047
111479 0.04957
111503 0.05047
111527 0.04855
111575 0.04899
111587 0.04926
111647 0.04893
111671 0.04978
111695 0.05029
111719 0.04829
111743 0.04986
111803 0.04646
111839 0.04876
111851 0.05015
111875 0.04816
111887 0.04959
111899 0.05004
111911 0.05005
112055 0.04997
112079 0.05024
112091 0.05025
112115 0.04984
112175 0.05034
112187 0.04846
112259 0.04767
112271 0.04978
112283 0.04977
112295 0.05047
112307 0.05006
112355 0.04831
112367 0.04783
112379 0.05014
112391 0.05015
112439 0.05041
112451 0.0504
112463 0.04782
112475 0.04882
112487 0.0482
112499 0.04819
112535 0.05032
112595 0.04796
112703 0.0494
112739 0.05049
112751 0.05048
112775 0.05011
112823 0.04929
112847 0.04922
112871 0.05037
112907 0.04727
112931 0.05032
112955 0.04918
112991 0.05027
113015 0.0499
113207 0.05008
113219 0.05006
113231 0.05005
113243 0.0497
113291 0.04752
113303 0.04964
113339 0.04996
113375 0.0498
113399 0.04991
113411 0.0499
113435 0.04953
113447 0.04759
113459 0.04989
113555 0.05
113579 0.04975
113615 0.04937
113627 0.04498
113651 0.0501
113687 0.05014
113699 0.05015
113735 0.04961
113795 0.04797
113807 0.04592
113855 0.05032
113879 0.04949
113939 0.05041
113975 0.05045
113987 0.04638
113999 0.04828
114011 0.0495
114047 0.04934
114071 0.04822
114119 0.05043
114131 0.05042
114155 0.04966
114215 0.04972
114239 0.05032
114263 0.04453
114287 0.0485
114323 0.04984
114335 0.04909
114347 0.04665
114359 0.05022
114383 0.04796
114395 0.04908
114503 0.04864
114563 0.0501
114575 0.04889
114587 0.04929
114611 0.05015
114623 0.05016
114635 0.05018
114683 0.05023
114695 0.04894
114707 0.04662
114755 0.04947
114779 0.04985
114839 0.04866
114863 0.05042
114887 0.04961
114899 0.04861
114911 0.04963
114923 0.04909
114959 0.0505
115091 0.04811
115115 0.05036
115139 0.05034
115187 0.04542
115199 0.04939
115235 0.04998
115307 0.05006
115379 0.04713
115391 0.05015
115403 0.05016
115415 0.04971
115439 0.04816
115463 0.04967
115475 0.05005
115487 0.05025
115535 0.0503
115559 0.04997
115595 0.05037
115607 0.04914
115619 0.04992
115667 0.04764
115739 0.04758
115847 0.04811
115895 0.04968
115907 0.05035
115955 0.05029
115967 0.04883
116003 0.05025
116039 0.05028
116051 0.05023
116063 0.05022
116111 0.0495
116171 0.0505
116195 0.05045
116231 0.05045
116267 0.04747
116291 0.0504
116315 0.05038
116327 0.05037
116339 0.05043
116375 0.0504
116399 0.04928
116459 0.0492
116651 0.04904
116675 0.05014
116735 0.05002
116759 0.04967
116783 0.05005
116795 0.05004
116831 0.05001
116843 0.05
116879 0.04885
116891 0.04951
116915 0.05039
116939 0.04986
116951 0.04983
116963 0.05035
116999 0.04992
117035 0.04936
117047 0.04938
117059 0.04998
117083 0.05024
117095 0.05023
117107 0.05022
117131 0.0502
117179 0.04971
117215 0.05015
117263 0.04964
117275 0.04919
117299 0.04914
117311 0.05025
117323 0.04952
117335 0.05027
117347 0.05002
117359 0.0503
117383 0.04973
117395 0.05034
117407 0.04976
117455 0.04953
117467 0.04939
117479 0.04956
117491 0.05044
117515 0.05046
117527 0.04988
117551 0.0505
117575 0.04943
117587 0.0475
117599 0.04946
117611 0.04979
117623 0.04998
117635 0.05044
117647 0.05001
117683 0.04884
117707 0.05007
117719 0.05037
117755 0.04967
117791 0.04989
117827 0.0502
117863 0.05025
117875 0.05025
117887 0.04999
117935 0.04981
117947 0.05032
117971 0.05016
117983 0.05015
118007 0.05039
118031 0.05041
118055 0.05044
118067 0.04995
118079 0.05007
118091 0.0502
118139 0.05002
118151 0.05049
118175 0.05047
118187 0.04843
118235 0.04993
118271 0.05016
118295 0.05041
118319 0.05044
118331 0.04868
118367 0.05049
118379 0.04887
118391 0.05028
118403 0.05027
118415 0.05031
118427 0.05048
118451 0.05023
118475 0.05037
118487 0.05039
118499 0.04971
118511 0.0504
118523 0.04969
118535 0.05038
118547 0.05045
118607 0.05032
118631 0.05049
118643 0.04649
118655 0.05047
118667 0.05046
118703 0.04954
118727 0.05041
118763 0.04832
118775 0.05018
118811 0.05033
118823 0.04934
118871 0.0501
118919 0.05024
118943 0.04782
118955 0.05003
118979 0.05001
118991 0.05018
119003 0.04977
119015 0.05016
119051 0.05013
119063 0.04972
119075 0.05011
119123 0.04854
119171 0.04907
119195 0.05001
119219 0.04975
119255 0.04996
119279 0.04994
119303 0.04983
119315 0.04991
119327 0.0499
119339 0.04814
119351 0.04926
119375 0.04991
119387 0.04967
119399 0.04993
119411 0.04995
119423 0.04996
119483 0.05002
119507 0.04975
119519 0.04943
119531 0.04955
119543 0.04777
119567 0.04952
119579 0.04969
119603 0.05014
119615 0.04879
119675 0.04961
119711 0.04963
119735 0.05028
119795 0.05034
119807 0.04973
119843 0.05039
119867 0.04571
119879 0.05043
119903 0.04902
119915 0.0479
119927 0.04985
119975 0.0499
119987 0.04917
120059 0.05042
120071 0.05041
120119 0.04894
120131 0.05006
120143 0.04914
120155 0.05034
120179 0.05011
120191 0.05031
120203 0.04831
120227 0.05016
120239 0.04924
120263 0.04926
120275 0.05021
120287 0.04675
120311 0.04931
120347 0.05028
120359 0.0503
120395 0.05033
120407 0.05035
120419 0.05012
120467 0.04878
120479 0.04948
120491 0.05043
120575 0.04958
120599 0.04997
120611 0.04845
120635 0.04994
120659 0.05043
120683 0.04969
120695 0.04989
120719 0.04973
120731 0.05037
120743 0.04865
120791 0.0487
120803 0.0472
120815 0.04965
120827 0.04966
120839 0.04985
120875 0.04971
120887 0.04355
120911 0.04993
120935 0.0502
120959 0.0498
120971 0.05017
120983 0.04664
120995 0.05001
121031 0.05012
121055 0.0496
121079 0.04899
121091 0.05011
121103 0.04902
121127 0.04997
121163 0.05018
121175 0.04909
121187 0.05003
121211 0.04818
121223 0.04796
121295 0.04829
121307 0.04398
121319 0.04924
121355 0.05038
121415 0.0493
121427 0.0498
121451 0.0503
121463 0.04939
121475 0.0505
121499 0.04942
121511 0.04943
121535 0.05047
121583 0.04917
121595 0.04966
121619 0.04914
121643 0.04912
121655 0.04911
121667 0.0496
121679 0.04959
121691 0.05034
121715 0.04796
121739 0.0503
121775 0.05027
121811 0.04771
121835 0.05036
121847 0.05035
121859 0.04979
121871 0.05033
121907 0.04941
121943 0.04888
121979 0.0501
121991 0.05023
122003 0.04883
122075 0.05016
122087 0.04639
122111 0.04999
122123 0.04726
122159 0.0492
122171 0.04994
122183 0.04993
122255 0.04987
122291 0.05023
122351 0.05029
122375 0.05031
122411 0.04975
122435 0.05037
122459 0.04985
122483 0.04969
122507 0.04981
122543 0.04787
122555 0.05049
122567 0.04887
122591 0.04974
122615 0.04834
122627 0.04971
122675 0.04967
122687 0.0472
122699 0.05041
122711 0.0504
122747 0.04706
122759 0.04961
122783 0.05034
122795 0.04869
122807 0.04957
122831 0.04866
122843 0.0494
122879 0.05026
122915 0.04934
122927 0.04859
122951 0.0502
122975 0.05018
122999 0.04512
123023 0.05014
123035 0.05013
123047 0.04736
123095 0.05008
123107 0.04577
123119 0.04795
123251 0.04833
123275 0.04919
123287 0.04637
123299 0.04917
123335 0.04914
123347 0.04765
123359 0.04987
123371 0.04986
123431 0.04907
123443 0.0498
123467 0.04816
123515 0.04974
123539 0.04972
123563 0.04677
123575 0.04891
123587 0.04894
123611 0.04893
123623 0.04756
123635 0.04803
123647 0.04795
123659 0.04802
123671 0.04962
123695 0.0496
123743 0.04868
123755 0.04867
123779 0.04953
123839 0.04948
123851 0.04874
123875 0.04921
123935 0.0494
123947 0.04661
123959 0.04865
123971 0.0493
124019 0.04935
124031 0.04933
124043 0.04932
124055 0.04931
124079 0.04941
124091 0.04928
124115 0.04926
124127 0.04679
124151 0.04948
124175 0.04921
124187 0.04847
124211 0.04954
124259 0.04842
124271 0.04841
124283 0.04913
124307 0.04861
124319 0.04965
124331 0.04753
124355 0.04907
124379 0.04832
124391 0.04972
124403 0.04973
124415 0.04974
124439 0.04741
124451 0.04978
124463 0.04979
124475 0.0498
124499 0.04983
124511 0.04895
124547 0.04885
124559 0.04891
124571 0.0499
124583 0.04724
124607 0.04815
124655 0.04895
124667 0.04724
124691 0.04881
124727 0.04903
124751 0.05008
124763 0.04875
124775 0.04874
124787 0.04908
124871 0.04917
124931 0.04812
124955 0.05028
125015 0.04821
125027 0.04932
125051 0.04935
125087 0.04773
125111 0.05043
125123 0.04761
125135 0.05046
125147 0.04944
125159 0.04606
125171 0.04836
125195 0.04949
125255 0.04492
125267 0.04764
125279 0.05044
125291 0.04793
125315 0.04525
125327 0.04962
125351 0.04854
125375 0.05036
125411 0.0486
125459 0.04975
125483 0.05027
125495 0.05026
125519 0.0487
125531 0.05023
125543 0.04815
125567 0.04799
125579 0.0474
125603 0.04879
125615 0.05017
125663 0.04884
125675 0.04886
125723 0.05008
125747 0.04728
125771 0.04895
125783 0.05003
125795 0.05008
125819 0.0501
125831 0.04846
125843 0.04999
125879 0.04826
125891 0.04788
125903 0.04994
125951 0.05023
125975 0.0486
125999 0.04986
126035 0.04983
126059 0.05034
126071 0.05035
126083 0.04926
126119 0.04929
126155 0.04974
126167 0.04858
126179 0.04972
126191 0.05047
126203 0.0497
126239 0.04967
126251 0.04866
126263 0.04888
126275 0.04864
126299 0.05046
126335 0.0495
126371 0.0504
126383 0.04879
126395 0.04901
126419 0.05036
126431 0.04905
126455 0.04886
126479 0.05031
126503 0.04946
126527 0.05028
126563 0.04255
126575 0.05024
126587 0.05023
126599 0.04746
126635 0.05019
126647 0.04926
126671 0.04983
126707 0.05013
126731 0.05011
126755 0.0501
126767 0.04917
126779 0.05008
126791 0.05007
126815 0.05005
126863 0.04407
126887 0.04999
126899 0.04998
126935 0.05009
126959 0.04911
126983 0.05014
126995 0.05015
127007 0.04961
127067 0.04967
127127 0.0498
127151 0.0503
127175 0.04894
127187 0.04957
127199 0.05035
127211 0.05036
127223 0.04891
127259 0.0504
127295 0.04989
127307 0.0499
127367 0.04975
127379 0.0505
127391 0.04973
127451 0.04979
127475 0.04985
127499 0.04984
127511 0.0504
127535 0.04991
127559 0.04989
127571 0.05016
127595 0.04862
127655 0.04999
127667 0.05025
127715 0.0503
127751 0.05033
127775 0.04848
127811 0.05018
127823 0.0504
127835 0.05041
127847 0.05021
127919 0.05008
127943 0.05031
127955 0.05032
127991 0.04881
128027 0.04627
128039 0.04998
128051 0.05041
128075 0.05039
128087 0.04906
128123 0.04623
128135 0.05049
128171 0.05032
128207 0.0505
128219 0.04896
128231 0.05028
128243 0.04982
128255 0.04906
128267 0.05042
128315 0.05042
128363 0.04973
128375 0.05037
128423 0.04968
128435 0.04924
128495 0.05027
128543 0.04399
128555 0.05002
128567 0.05018
128639 0.05016
128675 0.0501
128687 0.04992
128699 0.05012
128723 0.04989
128759 0.04955
128783 0.04941
128867 0.04998
128915 0.04974
128927 0.04842
128963 0.04988
128975 0.0499
129035 0.04985
129059 0.04984
129071 0.04985
129131 0.04827
129155 0.04993
129167 0.04975
129179 0.04995
129191 0.04909
129203 0.04969
129215 0.04968
129239 0.05001
129275 0.04964
129299 0.04965
129311 0.04749
129323 0.0496
129359 0.05012
129371 0.0496
129383 0.04895
129395 0.05016
129407 0.04953
129431 0.04955
129455 0.05021
129467 0.04481
129479 0.05024
129503 0.05026
129551 0.04942
129575 0.04944
129599 0.04879
129611 0.04938
129623 0.04937
129635 0.04939
129683 0.05043
129731 0.05048
129743 0.05049
129767 0.04909
129779 0.04709
129791 0.04864
129815 0.04922
129839 0.05045
129875 0.04918
129899 0.05041
129923 0.05039
129947 0.04896
129983 0.0491
130007 0.04911
130019 0.0491
130055 0.04908
130067 0.04903
130103 0.05025
130115 0.05024
130139 0.04838
130175 0.04879
130187 0.04894
130235 0.05015
130247 0.04893
130271 0.04871
130295 0.0501
130331 0.04887
130355 0.04848
130391 0.04879
130403 0.05002
130427 0.0488
130451 0.04858
130463 0.0475
130475 0.04751
130499 0.04994
130559 0.04584
130571 0.04989
130583 0.04988
130607 0.04863
130667 0.04878
130715 0.04858
130727 0.04854
130751 0.04886
130763 0.04974
130775 0.04973
130799 0.04852
130823 0.04847
130835 0.04829
130847 0.04895
130895 0.04845
130919 0.04962
130931 0.04427
130943 0.04961
130967 0.04906
130979 0.04839
131003 0.04909
131039 0.04828
131051 0.04771
131075 0.04951
131087 0.04832
131099 0.04809
131123 0.04808
131159 0.04825
131195 0.04941
131207 0.04929
131219 0.04821
131279 0.04935
131327 0.0481
131387 0.04389
131399 0.04838
131435 0.0495
131459 0.04922
131471 0.04868
131495 0.04919
131531 0.04916
131555 0.04961
131567 0.04795
131603 0.04966
131615 0.04967
131663 0.04906
131675 0.04973
131699 0.0489
131723 0.04977
131747 0.04979
131795 0.04984
131819 0.04797
131831 0.04894
131843 0.04893
131867 0.04906
131915 0.04995
131975 0.04883
131987 0.04765
131999 0.04894
132011 0.05004
132023 0.05005
132095 0.05012
132107 0.04928
132131 0.0493
132143 0.04827
132179 0.04935
132191 0.04912
132203 0.04913
132215 0.05023
132227 0.04939
132239 0.04741
132251 0.04941
132275 0.05029
132311 0.04947
132323 0.04924
132335 0.04857
132359 0.04952
132431 0.05043
132443 0.04935
132455 0.05046
132467 0.05047
132479 0.04858
132503 0.04941
132515 0.04966
132551 0.04841
132575 0.04772
132587 0.05045
132599 0.04974
132635 0.04658
132659 0.04955
132683 0.05038
132719 0.04985
132731 0.04962
132755 0.04884
132767 0.04271
132779 0.04991
132791 0.0503
132815 0.04822
132827 0.04702
132839 0.04698
132875 0.04895
132923 0.0498
132935 0.05005
132959 0.05007
132983 0.04905
132995 0.04712
133031 0.05014
133043 0.05011
133055 0.04816
133079 0.04994
133115 0.04998
133127 0.05023
133139 0.0492
133151 0.04921
133163 0.04678
133175 0.05003
133223 0.04997
133295 0.05039
133307 0.0504
133331 0.05018
133343 0.05019
133355 0.0502
133427 0.04851
133475 0.05047
133487 0.04977
133535 0.04974
133547 0.05042
133595 0.05038
133607 0.0465
133619 0.05044
133679 0.05032
133703 0.04584
133715 0.05049
133751 0.04976
133763 0.04636
133775 0.05044
133787 0.04884
133799 0.04885
133823 0.05041
133835 0.0504
133859 0.05018
133871 0.05037
133883 0.04948
133895 0.04373
133907 0.04796
133931 0.04993
133955 0.0474
133991 0.05028
134003 0.05027
134015 0.04622
134027 0.04937
134051 0.0481
134063 0.04935
134111 0.04815
134123 0.04596
134135 0.05017
134147 0.04997
134159 0.04918
134231 0.04991
134255 0.05023
134279 0.05007
134351 0.05032
134375 0.05
134411 0.04941
134423 0.04125
134447 0.04975
134495 0.04991
134519 0.04853
134531 0.04988
134543 0.04567
134579 0.04984
134615 0.05047
134627 0.04894
134663 0.05043
134675 0.04977
134711 0.04975
134723 0.05039
134747 0.04972
134819 0.04705
134831 0.0498
134843 0.04506
134855 0.05029
134879 0.04984
134891 0.04985
134903 0.04874
134915 0.04873
134927 0.04989
134939 0.05023
134963 0.04498
134975 0.0502
135011 0.05017
135035 0.04664
135095 0.05011
135143 0.04943
135203 0.04938
135239 0.05017
135251 0.04848
135263 0.04999
135275 0.04933
135287 0.04532
135323 0.04475
135359 0.04927
135383 0.04925
135395 0.04933
135407 0.04904
135419 0.04987
135443 0.04835
135491 0.04982
135503 0.04981
135527 0.04945
135539 0.04914
135563 0.04912
135575 0.04949
135587 0.05049
135659 0.04957
135683 0.04968
135695 0.04967
135707 0.04816
135755 0.04963
135779 0.04961
135791 0.04969
135803 0.04612
135815 0.04958
135827 0.04567
135839 0.05034
135863 0.04955
135875 0.0489
135923 0.0449
135935 0.04982
135959 0.04948
135971 0.04864
135983 0.04882
136007 0.05021
136079 0.05016
136091 0.04874
136115 0.04998
136127 0.04853
136151 0.05001
136175 0.04828
136211 0.04866
136235 0.05009
136259 0.05003
136271 0.05012
136307 0.04591
136367 0.05021
136391 0.04993
136427 0.04851
136439 0.05028
136451 0.04853
136475 0.04987
136571 0.04903
136583 0.04903
136595 0.05042
136619 0.04976
136643 0.0475
136655 0.04871
136679 0.05049
136703 0.04551
136715 0.04893
136775 0.04652
136799 0.05043
136847 0.04659
136895 0.04956
136919 0.04895
136931 0.05034
136967 0.04728
137015 0.05028
137063 0.04721
137075 0.05023
137111 0.04912
137123 0.04523
137159 0.04937
137195 0.05014
137207 0.05014
137231 0.04923
137243 0.04855
137291 0.05007
137315 0.04931
137327 0.04932
137375 0.04846
137459 0.04759
137471 0.04758
137495 0.04993
137531 0.0499
137543 0.04772
137555 0.04988
137591 0.04906
137603 0.04768
137615 0.04984
137651 0.04764
137663 0.04826
137675 0.04963
137711 0.04966
137735 0.04896
137747 0.04974
137783 0.04374
137795 0.04971
137819 0.0489
137843 0.04813
137855 0.04888
137903 0.04309
137939 0.04987
137975 0.04742
137987 0.04878
138011 0.04993
138023 0.04801
138035 0.04995
138047 0.04953
138095 0.05001
138119 0.05003
138167 0.04776
138227 0.04344
138263 0.04449
138275 0.05017
138299 0.05019
138335 0.04932
138359 0.05024
138383 0.04631
138419 0.04926
138443 0.04772
138467 0.04923
138491 0.05036
138503 0.04768
138515 0.05038
138527 0.04686
138539 0.04918
138575 0.05043
138623 0.04264
138635 0.05049
138659 0.04831
138707 0.04906
138719 0.05047
138767 0.0483
138779 0.05042
138791 0.049
138827 0.05039
138851 0.05037
138875 0.05035
138911 0.04824
138935 0.04812
138947 0.0503
139019 0.04884
139031 0.04805
139055 0.0465
139103 0.04284
139139 0.04724
139151 0.04864
139163 0.04661
139175 0.04795
139211 0.04511
139259 0.04867
139271 0.05007
139283 0.04714
139295 0.05005
139307 0.04863
139319 0.04879
139331 0.04632
139355 0.05001
139379 0.04884
139403 0.04528
139427 0.04995
139451 0.0489
139463 0.04702
139499 0.0499
139523 0.04556
139535 0.04988
139583 0.04633
139655 0.04908
139679 0.04892
139751 0.04747
139763 0.04682
139775 0.04971
139799 0.04921
139859 0.04907
139895 0.04823
139919 0.0496
139955 0.04935
140003 0.04606
140015 0.0494
140027 0.04953
140039 0.04772
140051 0.04951
140075 0.04946
140087 0.04733
140099 0.04948
140195 0.04937
140219 0.04958
140267 0.04962
140279 0.04963
140291 0.04965
140303 0.04646
140315 0.04967
140375 0.0479
140399 0.04955
140447 0.04978
140507 0.04965
140519 0.0478
140531 0.04986
140543 0.04616
140567 0.04989
140579 0.0455
140651 0.04977
140675 0.04979
140687 0.0498
140699 0.04906
140711 0.05001
140723 0.04643
140735 0.05004
140771 0.04647
140783 0.04614
140795 0.05009
140807 0.0501
140843 0.04642
140855 0.05014
140927 0.05001
140951 0.04888
140963 0.04446
140975 0.05025
140999 0.046
141035 0.0486
141047 0.0466
141059 0.05032
141083 0.04663
141155 0.04874
141191 0.05025
141203 0.04587
141275 0.05051
141299 0.04883
141323 0.04611
141335 0.05037
141347 0.05038
141431 0.05046
141455 0.04853
141467 0.05037
141491 0.05051
141503 0.04711
141515 0.04515
141563 0.04705
141575 0.04845
141599 0.04843
141611 0.05043
141635 0.04912
141647 0.04913
141659 0.05039
141695 0.04728
141791 0.05014
141815 0.04928
141839 0.05026
141875 0.05024
141887 0.05007
141899 0.05022
141923 0.04541
141947 0.05019
141983 0.04668
141995 0.05015
142043 0.04758
142103 0.04763
142127 0.05006
142163 0.04549
142175 0.05003
142187 0.0496
142199 0.04986
142247 0.04982
142259 0.04997
142283 0.04585
142295 0.04979
142307 0.0497
142343 0.04619
142355 0.04975
142367 0.04989
142379 0.04973
142415 0.04986
142439 0.04982
142451 0.04983
142475 0.04784
142487 0.04986
142511 0.04979
142523 0.04799
142535 0.04977
142595 0.04958
142631 0.04971
142643 0.04798
142655 0.04969
142667 0.05002
142679 0.04636
142691 0.04814
142715 0.04965
142739 0.04963
142763 0.04809
142775 0.04961
142835 0.05016
142859 0.05018
142883 0.0448
142919 0.04935
142931 0.04935
142943 0.04824
142967 0.05028
143027 0.04747
143075 0.04762
143147 0.0492
143195 0.04692
143207 0.04916
143219 0.05049
143231 0.0505
143303 0.04782
143399 0.04723
143411 0.04876
143423 0.04792
143447 0.05036
143459 0.05035
143471 0.05034
143495 0.05033
143507 0.05032
143579 0.05027
143591 0.05026
143603 0.04881
143627 0.04708
143639 0.04886
143663 0.04897
143675 0.0502
143723 0.04818
143735 0.05016
143747 0.04893
143759 0.04893
143771 0.04907
143783 0.04897
143819 0.04874
143867 0.05007
143891 0.04917
143903 0.04724
143915 0.05003
143927 0.05003
143951 0.0488
143975 0.04999
143987 0.04862
144047 0.04733
144059 0.04993
144083 0.04933
144095 0.04991
144107 0.04869
144119 0.04989
144143 0.04744
144155 0.04928
144179 0.04942
144227 0.04982
144239 0.04981
144251 0.04937
144263 0.04938
144275 0.0495
144287 0.04978
144347 0.04945
144359 0.04957
144371 0.04793
144419 0.04969
144431 0.04968
144443 0.04964
144455 0.04966
144467 0.04955
144491 0.04829
144527 0.0496
144551 0.04973
144575 0.04964
144587 0.04837
144623 0.04968
144647 0.04897
144683 0.04985
144695 0.04986
144707 0.04789
144743 0.04979
144755 0.0498
144803 0.04995
144815 0.04996
144827 0.04941
144875 0.0499
144911 0.04993
144923 0.05005
144935 0.05006
144971 0.04998
144995 0.05
145055 0.04932
145079 0.04923
145103 0.04936
145127 0.04801
145151 0.05025
145175 0.04917
145187 0.0483
145199 0.05029
145211 0.05019
145235 0.05032
145247 0.04948
145319 0.05039
145343 0.05041
145355 0.05031
145367 0.05032
145379 0.04846
145403 0.04851
145415 0.05036
145439 0.04884
145475 0.04967
145499 0.04856
145535 0.05046
145559 0.04891
145583 0.0505
145595 0.0477
145607 0.04888
145619 0.0504
145631 0.049
145667 0.04874
145691 0.05044
145715 0.05042
145727 0.05042
145751 0.0504
145763 0.0503
145775 0.04993
145847 0.04999
145859 0.04871
145871 0.05001
145883 0.04921
145907 0.0459
145919 0.04924
145979 0.04929
146003 0.05012
146015 0.05022
146027 0.05021
146039 0.04934
146075 0.05009
146087 0.05017
146135 0.05013
146147 0.05013
146171 0.05026
146195 0.05028
146207 0.05029
146219 0.04999
146231 0.05031
146243 0.04997
146303 0.04993
146327 0.04723
146339 0.04905
146351 0.04838
146363 0.04998
146375 0.04997
146387 0.04996
146411 0.04937
146471 0.0499
146483 0.04981
146495 0.05049
146507 0.05048
146531 0.04986
146567 0.05044
146579 0.04947
146615 0.0504
146651 0.04969
146663 0.04932
146675 0.05036
146687 0.05036
146699 0.0499
146723 0.04992
146747 0.04961
146771 0.0503
146795 0.05028
146831 0.04957
146855 0.05024
146879 0.04932
146903 0.04961
146927 0.05019
146939 0.04978
146951 0.05017
146963 0.04366
146975 0.05013
147023 0.05017
147035 0.05018
147059 0.04988
147071 0.05021
147095 0.05023
147131 0.05027
147143 0.05028
147155 0.05029
147167 0.05
147203 0.05033
147239 0.05003
147275 0.04936
147287 0.0501
147359 0.05013
147371 0.05047
147395 0.05049
147431 0.05019
147443 0.04925
147455 0.05049
147467 0.04681
147479 0.05047
147491 0.05028
147515 0.05045
147539 0.05043
147575 0.05035
147599 0.05033
147611 0.05034
147659 0.05016
147683 0.05018
147695 0.05041
147731 0.05048
147755 0.0505
147767 0.04962
147791 0.05026
147815 0.05029
147839 0.05031
147887 0.04954
147899 0.05036
147911 0.05018
147923 0.05041
147947 0.05042
147959 0.05023
147971 0.05037
147983 0.05036
148007 0.05038
148031 0.05036
148103 0.05028
148115 0.05004
148127 0.0503
148163 0.05001
148175 0.05044
148211 0.05044
148235 0.0504
148259 0.05048
148271 0.05049
148283 0.04992
148295 0.05051
148307 0.05014
148319 0.0499
148379 0.05013
148391 0.05044
148463 0.05039
148475 0.05024
148487 0.05002
148511 0.05004
148535 0.05002
148559 0.05033
148571 0.05
148595 0.05031
148607 0.04997
148619 0.04996
148631 0.04996
148655 0.05012
148679 0.05025
148703 0.05023
148715 0.05008
148739 0.04962
148775 0.05018
148787 0.04836
148799 0.05017
148823 0.04834
148847 0.04978
148871 0.05012
148895 0.0501
148919 0.05009
148967 0.04973
149003 0.04968
149039 0.04942
149051 0.04985
149063 0.04999
149075 0.04966
149135 0.04994
149147 0.04871
149171 0.04992
149195 0.04958
149231 0.04988
149267 0.04869
149291 0.04984
149303 0.04968
149327 0.04874
149339 0.04981
149363 0.04979
149375 0.04878
149435 0.04942
149447 0.04884
149471 0.04937
149483 0.04971
149495 0.04938
149555 0.04952
149615 0.04898
149675 0.04958
149687 0.04925
149699 0.04957
149723 0.04897
149783 0.04916
149819 0.04876
149831 0.04933
149855 0.04911
149879 0.04913
149891 0.04944
149927 0.0482
149951 0.0494
149975 0.04906
149999 0.04905
150023 0.04932
150047 0.04934
150071 0.04932
150095 0.04938
150155 0.04927
150167 0.0482
150179 0.04893
150191 0.0491
150215 0.04948
150227 0.0491
150251 0.04906
150275 0.04919
150311 0.04955
150335 0.04857
150347 0.04958
150371 0.04921
150419 0.04852
150443 0.04908
150467 0.04845
150479 0.0493
150539 0.04887
150563 0.04976
150575 0.04938
150599 0.04866
150635 0.04982
150719 0.0495
150731 0.04875
150755 0.04853
150815 0.04997
150839 0.04825
150851 0.04961
150863 0.0488
150875 0.04865
150887 0.05003
150911 0.04966
150923 0.05006
150947 0.04969
150971 0.0501
150995 0.04872
151043 0.05016
151067 0.04836
151103 0.0502
151127 0.04832
151139 0.04831
151151 0.04985
151175 0.05026
151187 0.04988
151199 0.04989
151211 0.05029
151235 0.05031
151259 0.04841
151271 0.05034
151283 0.04839
151331 0.0485
151367 0.05003
151403 0.04921
151415 0.04831
151427 0.05047
151439 0.05009
151463 0.04926
151475 0.05012
151487 0.04928
151511 0.05049
151547 0.04802
151559 0.04836
151583 0.048
151655 0.04942
151715 0.05031
151727 0.04948
151739 0.04824
151751 0.04809
151763 0.0495
151775 0.05036
151811 0.05029
151823 0.05028
151895 0.05023
151919 0.04813
151931 0.04964
151943 0.04965
151979 0.04809
152051 0.04974
152099 0.04787
152195 0.05003
152207 0.04809
152243 0.04843
152255 0.05031
152279 0.0503
152315 0.04788
152327 0.05026
152339 0.0473
152351 0.04998
152375 0.05023
152387 0.05022
152399 0.04855
152435 0.04858
152447 0.04749
152471 0.04861
152483 0.05009
152495 0.05015
152543 0.05014
152555 0.0498
152579 0.04839
152615 0.04976
152627 0.05007
152651 0.05023
152663 0.05024
152675 0.05003
152687 0.04971
152699 0.04848
152711 0.04849
152735 0.05029
152771 0.04885
152807 0.04843
152831 0.05037
152855 0.05039
152891 0.04895
152903 0.05043
152915 0.04988
152927 0.04699
152951 0.05047
152963 0.05048
152975 0.04857
152987 0.04983
152999 0.04982
153011 0.04982
153023 0.04906
153035 0.05049
153047 0.04876
153143 0.05042
153203 0.05038
153227 0.05036
153239 0.04892
153275 0.04926
153299 0.04928
153323 0.0473
153335 0.04961
153347 0.0496
153395 0.05025
153419 0.04955
153431 0.04893
153455 0.05021
153527 0.05016
153551 0.04948
153575 0.05013
153587 0.05013
153599 0.04766
153647 0.04909
153659 0.04957
153671 0.05007
153683 0.04689
153695 0.04906
153707 0.05005
153755 0.05002
153779 0.0478
153827 0.04784
153863 0.04973
153899 0.0469
153935 0.04922
153971 0.04988
153983 0.04987
153995 0.04986
154007 0.04514
154019 0.04954
154031 0.0489
154103 0.04735
154115 0.04993
154151 0.04996
154163 0.049
154175 0.04998
154187 0.04968
154199 0.04743
154235 0.05003
154283 0.04967
154331 0.04979
154367 0.04982
154379 0.04894
154391 0.04984
154403 0.05017
154415 0.05017
154427 0.04987
154451 0.0502
154463 0.05021
154475 0.04991
154499 0.05024
154535 0.05027
154559 0.04657
154583 0.05031
154595 0.05032
154607 0.0466
154631 0.05003
154679 0.05039
154703 0.04608
154715 0.05042
154775 0.05001
154811 0.05018
154835 0.04865
154847 0.05007
154859 0.05022
154895 0.05025
154907 0.05012
154919 0.05045
154955 0.05015
154967 0.0503
154979 0.05041
155015 0.05034
155039 0.04881
155063 0.05036
155075 0.05035
155123 0.04977
155135 0.05044
155147 0.05045
155183 0.04813
155243 0.05038
155267 0.04988
155279 0.05047
155339 0.05018
155363 0.04893
155375 0.05049
155411 0.04911
155459 0.0501
155471 0.05046
155483 0.04595
155495 0.05008
155507 0.05033
155519 0.05007
155531 0.0492
155543 0.05005
155555 0.0503
155651 0.05035
155675 0.05022
155687 0.05032
155711 0.05031
155759 0.05016
155771 0.05027
155819 0.04987
155843 0.04931
155855 0.05022
155867 0.05021
155879 0.04948
155927 0.04938
155951 0.05015
155963 0.05044
155987 0.05002
155999 0.04976
156047 0.0505
156191 0.05042
156215 0.05041
156239 0.04986
156251 0.05038
156263 0.04906
156275 0.04995
156287 0.0498
156299 0.04982
156311 0.05034
156395 0.04987
156407 0.04786
156455 0.04993
156479 0.04923
156515 0.04968
156527 0.04985
156551 0.04987
156563 0.05018
156575 0.04816
156587 0.05017
156599 0.04963
156611 0.04973
156647 0.0496
156731 0.05015
156743 0.04965
156755 0.05017
156767 0.05018
156791 0.0502
156803 0.05003
156815 0.05022
156827 0.05009
156851 0.05024
156875 0.05026
156911 0.05015
156947 0.05018
156959 0.04961
156995 0.04991
157043 0.04946
157055 0.04987
157067 0.05041
157079 0.04855
157115 0.05045
157139 0.04975
157151 0.04939
157175 0.04978
157199 0.0498
157235 0.04983
157295 0.05044
157319 0.05043
157331 0.04875
157343 0.04991
157355 0.0505
157379 0.05039
157403 0.04965
157415 0.05048
157439 0.04999
157451 0.04962
157463 0.04493
157475 0.05044
157487 0.04918
157499 0.04881
157511 0.04958
157535 0.04915
157583 0.04953
157595 0.05025
157607 0.05024
157619 0.05023
157631 0.04506
157691 0.0503
157703 0.05029
157727 0.05016
157763 0.05024
157775 0.05025
157847 0.04937
157871 0.04901
157895 0.04934
157919 0.04855
157943 0.04931
157955 0.04924
157967 0.04888
157979 0.04876
158027 0.04997
158039 0.04997
158063 0.04639
158075 0.04994
158087 0.05005
158099 0.05051
158111 0.0505
158123 0.0505
158147 0.05001
158159 0.0494
158183 0.05046
158195 0.04987
158207 0.04986
158219 0.05044
158255 0.04947
158267 0.04721
158327 0.04979
158339 0.0483
158375 0.0494
158387 0.04986
158399 0.04974
158447 0.049
158471 0.04969
158483 0.04856
158531 0.05024
158543 0.05023
158555 0.05022
158579 0.05021
158603 0.04849
158627 0.04971
158651 0.04969
158675 0.04885
158687 0.04885
158711 0.05012
158723 0.04842
158735 0.04968
158783 0.0469
158795 0.05007
158819 0.04975
158891 0.04954
158903 0.05
158915 0.04999
158975 0.04996
158987 0.04988
158999 0.05005
159035 0.05008
159095 0.04808
159131 0.04939
159155 0.05001
159215 0.04934
159239 0.04922
159251 0.04978
159275 0.04849
159299 0.04975
159323 0.04805
159335 0.04927
159359 0.05033
159371 0.05034
159395 0.05036
159443 0.04839
159467 0.05025
159479 0.05026
159515 0.05046
159527 0.05046
159551 0.04832
159575 0.05033
159587 0.04911
159599 0.04754
159611 0.05049
159659 0.04896
159695 0.04842
159731 0.05045
159743 0.04948
159755 0.0504
159767 0.05048
159803 0.04944
159827 0.04896
159875 0.05046
159887 0.05032
159923 0.04683
159947 0.04862
159959 0.05041
159983 0.04933
159995 0.05039
160043 0.0479
160055 0.04882
160067 0.05021
160103 0.04799
160115 0.05018
160175 0.05014
160187 0.05027
160211 0.04919
160223 0.04804
160235 0.05024
160247 0.05023
160331 0.04855
160379 0.05001
160391 0.05014
160427 0.04899
160451 0.04997
160475 0.05009
160487 0.04903
160535 0.04991
160547 0.04829
160571 0.05003
160631 0.04985
160643 0.04836
160655 0.04998
160667 0.04845
160679 0.04996
160691 0.04724
160703 0.04889
160763 0.04747
160775 0.04846
160787 0.04976
160799 0.04975
160835 0.04881
160847 0.04972
160859 0.0468
160895 0.04877
160931 0.0498
160991 0.04826
161003 0.04864
161027 0.04974
161063 0.04868
161099 0.0497
161111 0.04956
161135 0.04874
161171 0.04966
161195 0.04951
161207 0.04958
161219 0.04949
161231 0.04962
161279 0.04964
161291 0.04797
161315 0.04967
161327 0.04956
161351 0.04969
161375 0.0494
161423 0.048
161435 0.04976
161447 0.04977
161555 0.04942
161651 0.04923
161663 0.04914
161675 0.04994
161699 0.0492
161711 0.04919
161723 0.0482
161759 0.04825
161867 0.04923
161915 0.05013
161927 0.04934
161939 0.05014
161951 0.05015
161963 0.04813
161975 0.04938
161987 0.04939
162035 0.04744
162047 0.04899
162071 0.04911
162083 0.04809
162095 0.05026
162131 0.04894
162155 0.04951
162167 0.04905
162179 0.05033
162191 0.05034
162239 0.04759
162275 0.04795
162347 0.05045
162371 0.05047
162431 0.04803
162443 0.04804
162467 0.05048
162479 0.04886
162491 0.04977
162503 0.0488
162551 0.04655
162575 0.04983
162599 0.04879
162635 0.0489
162647 0.04891
162659 0.04852
162707 0.04895
162719 0.05032
162743 0.04898
162755 0.0503
162803 0.04718
162827 0.04707
162863 0.04868
162875 0.04908
162899 0.04871
162911 0.05021
162959 0.04857
162983 0.05014
162995 0.05015
163043 0.05019
163091 0.05023
163103 0.04853
163115 0.05024
163139 0.04856
163163 0.05028
163175 0.04859
163187 0.0503
163271 0.04998
163283 0.04754
163295 0.05038
163319 0.04902
163355 0.05043
163379 0.04907
163391 0.04947
163415 0.05047
163439 0.04988
163463 0.04532
163475 0.04953
163511 0.05048
163547 0.05046
163607 0.05042
163619 0.04892
163631 0.05041
163655 0.05039
163667 0.04968
163691 0.04973
163703 0.05036
163739 0.04901
163751 0.0481
163763 0.05033
163775 0.04968
163787 0.05031
163799 0.04294
163823 0.04908
163835 0.05028
163907 0.04986
163955 0.0495
163967 0.0499
164027 0.05016
164063 0.04998
164075 0.04998
164087 0.05013
164111 0.05011
164123 0.04963
164135 0.05003
164159 0.04904
164207 0.05008
164243 0.05011
164255 0.04973
164303 0.04976
164315 0.04764
164327 0.05017
164339 0.04979
164375 0.05021
164399 0.0493
164459 0.04843
164483 0.05029
164495 0.04991
164507 0.05031
164519 0.04993
164579 0.04997
164591 0.04966
164603 0.05038
164615 0.05
164639 0.05002
164651 0.04941
164675 0.04859
164699 0.04912
164735 0.05048
164747 0.05049
164783 0.04971
164795 0.05013
164807 0.05049
164819 0.04983
164867 0.04745
164879 0.04987
164891 0.05021
164951 0.04993
165011 0.04997
165023 0.0503
165035 0.05031
165071 0.05033
165095 0.05036
165107 0.05031
165119 0.05038
165131 0.05006
165155 0.05028
165191 0.05043
165215 0.05024
165239 0.04711
165251 0.04986
165275 0.05049
165299 0.04989
165335 0.05021
165359 0.05047
165371 0.04935
165395 0.05045
165407 0.0487
165419 0.04914
165467 0.05009
165491 0.05004
165503 0.05038
165515 0.05035
165539 0.0491
165575 0.0501
165599 0.05041
165623 0.05031
165635 0.05044
165647 0.05015
165695 0.04995
165743 0.0505
165767 0.04991
165791 0.05047
165815 0.05028
165827 0.04836
165839 0.04933
165863 0.05043
165875 0.04948
165899 0.05034
165911 0.0504
165935 0.04953
165959 0.05039
165971 0.04955
166007 0.05042
166067 0.05047
166091 0.05003
166103 0.04965
166127 0.05051
166139 0.05
166163 0.05025
166175 0.05048
166199 0.04972
166211 0.05046
166223 0.05021
166295 0.05017
166343 0.04878
166355 0.04984
166367 0.04972
166391 0.04878
166415 0.0501
166427 0.0488
166439 0.05032
166451 0.05007
166463 0.04871
166475 0.0503
166499 0.04806
166511 0.05028
166535 0.05002
166547 0.05025
166559 0.04975
166583 0.05001
166595 0.05022
166727 0.04999
166751 0.05013
166763 0.04682
166775 0.04962
166835 0.0502
166859 0.04983
166883 0.04846
166895 0.05024
166907 0.04845
166991 0.05018
167003 0.05032
167027 0.04461
167075 0.04994
167147 0.04989
167171 0.05045
167195 0.05033
167207 0.05034
167219 0.05048
167231 0.05036
167243 0.04733
167255 0.05051
167279 0.04762
167291 0.05049
167303 0.04931
167315 0.05048
167327 0.04947
167351 0.05045
167375 0.05044
167399 0.04952
167411 0.05049
167447 0.04972
167459 0.05049
167495 0.04888
167507 0.0496
167519 0.04961
167531 0.04967
167555 0.05044
167579 0.04757
167591 0.04963
167615 0.04968
167639 0.05028
167675 0.05026
167723 0.04837
167783 0.05019
167795 0.05029
167819 0.05017
167831 0.04949
167855 0.05015
167915 0.05022
167927 0.04991
167939 0.04919
167963 0.0477
167975 0.0494
168035 0.04999
168059 0.05003
168107 0.05011
168119 0.04932
168155 0.05008
168167 0.05007
168191 0.05011
168215 0.04994
168239 0.04925
168251 0.05002
168275 0.05017
168287 0.04459
168299 0.04872
168311 0.04998
168335 0.0487
168371 0.04917
168383 0.04984
168407 0.04759
168431 0.04981
168455 0.0503
168479 0.04988
168551 0.04984
168563 0.04898
168575 0.04983
168587 0.0504
168611 0.04981
168623 0.0497
168647 0.04978
168659 0.049
168671 0.05046
168683 0.04966
168707 0.05049
168767 0.04913
168815 0.04969
168875 0.05043
168911 0.04886
168935 0.04926
168947 0.04884
168983 0.04948
168995 0.04948
169031 0.05034
169043 0.04933
169115 0.04719
169127 0.0494
169139 0.04658
169163 0.04942
169175 0.04947
169187 0.04944
169211 0.04935
169223 0.04862
169235 0.04947
169247 0.05021
169271 0.05019
169295 0.05018
169331 0.05016
169367 0.05014
169391 0.04935
169403 0.04891
169415 0.05011
169463 0.0492
169475 0.0493
169487 0.04698
169511 0.04968
169535 0.05004
169547 0.05003
169571 0.04972
169595 0.05
169619 0.04922
169631 0.04921
169679 0.04995
169703 0.04817
169715 0.04913
169739 0.04915
169763 0.04986
169775 0.04918
169787 0.04989
169799 0.04988
169811 0.04987
169847 0.04801
169871 0.04831
169883 0.04995
169895 0.04983
169907 0.04905
169931 0.04998
169955 0.04902
169979 0.04978
170015 0.04976
170027 0.05005
170039 0.04937
170051 0.04742
170075 0.04939
170087 0.05009
170135 0.04822
170147 0.04737
170159 0.0493
170183 0.04947
170255 0.05022
170315 0.05026
170375 0.04945
170387 0.05031
170399 0.04877
170435 0.04844
170459 0.04967
170495 0.05039
170507 0.04849
170519 0.04746
170531 0.04957
170543 0.04858
170555 0.05043
170567 0.04718
170591 0.05046
170639 0.04939
170675 0.04967
170699 0.04936
170747 0.04731
170771 0.0478
170783 0.04991
170819 0.04853
170831 0.04994
170867 0.05039
170879 0.04998
170903 0.04984
170939 0.05002
170975 0.04989
170987 0.04919
170999 0.05006
171035 0.05029
171059 0.04995
171083 0.05026
171095 0.04837
171107 0.04912
171143 0.05017
171191 0.04898
171215 0.04906
171227 0.05017
171239 0.05008
171275 0.04903
171287 0.05014
171323 0.04814
171347 0.0501
171359 0.04898
171371 0.05033
171395 0.05035
171407 0.05007
171419 0.04819
171443 0.05005
171455 0.04782
171503 0.05027
171527 0.04888
171575 0.04885
171587 0.04727
171599 0.0505
171647 0.04796
171695 0.05046
171743 0.0472
171767 0.0494
171791 0.04985
171839 0.04727
171899 0.05047
171911 0.04885
171935 0.05045
171959 0.04954
171971 0.0503
171983 0.05042
171995 0.05042
172007 0.04757
172019 0.0504
172043 0.05039
172055 0.05038
172067 0.04961
172091 0.05036
172103 0.04771
172115 0.04965
172175 0.04962
172187 0.04962
172211 0.05016
172247 0.04839
172295 0.04913
172319 0.05023
172379 0.05019
172391 0.0492
172451 0.04947
172463 0.05014
172475 0.04835
172487 0.04566
172511 0.04763
172523 0.04998
172535 0.04995
172547 0.04996
172559 0.04996
172571 0.04995
172631 0.05002
172655 0.0499
172679 0.05002
172691 0.05006
172727 0.04746
172763 0.04734
172775 0.04996
172799 0.05014
172823 0.04993
172835 0.05016
172847 0.04881
172895 0.04977
172907 0.05022
172919 0.04988
172931 0.04975
172943 0.04974
172967 0.04917
172979 0.05027
172991 0.04916
173027 0.048
173051 0.0498
173075 0.04979
173111 0.04964
173123 0.04972
173135 0.05038
173147 0.05039
173159 0.0504
173171 0.04904
173195 0.05042
173231 0.0497
173279 0.05048
173315 0.04986
173339 0.04987
173351 0.04853
173375 0.0499
173387 0.0492
173399 0.05046
173411 0.04992
173423 0.0484
173447 0.0489
173471 0.04926
173495 0.05041
173507 0.0504
173519 0.04953
173555 0.04932
173567 0.04838
173579 0.04937
173591 0.05035
173627 0.05033
173639 0.05032
173675 0.0494
173711 0.0459
173723 0.05015
173759 0.05017
173843 0.04935
173855 0.04953
173879 0.05018
173903 0.05027
173915 0.05016
173927 0.04958
173939 0.0493
173951 0.04753
173963 0.05032
173975 0.04915
174023 0.04882
174083 0.04554
174107 0.04907
174119 0.04919
174155 0.05045
174167 0.04741
174179 0.05001
174191 0.04977
174203 0.04978
174227 0.04592
174239 0.05051
174251 0.04997
174275 0.04983
174323 0.04908
174359 0.04925
174371 0.05043
174395 0.05042
174455 0.04996
174479 0.04707
174503 0.05035
174515 0.05
174551 0.05033
174563 0.05032
174575 0.04978
174587 0.04718
174611 0.04924
174623 0.04891
174635 0.05028
174719 0.0495
174731 0.0497
174743 0.04628
174755 0.05021
174791 0.0502
174827 0.04612
174875 0.04672
174887 0.05026
174899 0.04944
174935 0.0503
174947 0.05031
174983 0.0495
174995 0.04955
175007 0.04803
175031 0.04856
175127 0.04947
175139 0.04946
175163 0.04998
175175 0.0486
175187 0.05047
175235 0.05051
175247 0.04761
175283 0.04854
175319 0.04936
175355 0.05044
175367 0.04783
175427 0.05
175439 0.05001
175451 0.05002
175475 0.05037
175547 0.04663
175559 0.05009
175571 0.05032
175595 0.0503
175607 0.0503
175619 0.05014
175667 0.04986
175715 0.05023
175739 0.05022
175763 0.05005
175775 0.04963
175787 0.05019
175823 0.0496
175835 0.0501
175871 0.04822
175895 0.05033
175907 0.05013
175931 0.05005
175943 0.04953
175955 0.05019
175967 0.05009
176003 0.05022
176039 0.05025
176075 0.05046
176147 0.04999
176195 0.04996
176219 0.05047
176231 0.05026
176267 0.04883
176279 0.05042
176291 0.05043
176315 0.05042
176351 0.05034
176375 0.05036
176387 0.04877
176399 0.04928
176411 0.05036
176423 0.04926
176435 0.0505
176447 0.04982
176471 0.05033
176495 0.05031
176519 0.0485
176543 0.04976
176579 0.04866
176675 0.05036
176687 0.0502
176723 0.04966
176735 0.05043
176795 0.05039
176843 0.05026
176855 0.05036
176867 0.05035
176879 0.0501
176891 0.05034
176915 0.05007
176939 0.05031
176963 0.04763
176975 0.05019
176987 0.05028
176999 0.05003
177023 0.05016
177059 0.05014
177071 0.05023
177083 0.05013
177119 0.05021
177155 0.05019
177179 0.05017
177203 0.04685
177215 0.04664
177227 0.0499
177251 0.04901
177263 0.04839
177275 0.05012
177287 0.05011
177299 0.04986
177311 0.04985
177335 0.04932
177359 0.04982
177371 0.04997
177395 0.04873
177491 0.04917
177503 0.04989
177515 0.04998
177527 0.04973
177563 0.04863
177575 0.04863
177587 0.04918
177599 0.04994
177659 0.04966
177671 0.0498
177683 0.04979
177695 0.04988
177707 0.04658
177719 0.04987
177731 0.04871
177755 0.04873
177767 0.04984
177779 0.04984
177851 0.04746
177875 0.04944
177899 0.04977
177911 0.04946
177923 0.04885
177935 0.04975
177947 0.0495
177959 0.04949
177971 0.04963
178007 0.04719
178019 0.04954
178031 0.04945
178043 0.04893
178055 0.04837
178115 0.04961
178139 0.04939
178175 0.04952
178235 0.04948
178319 0.04912
178331 0.04976
178343 0.04821
178367 0.04951
178379 0.0495
178415 0.04981
178427 0.04982
178451 0.04984
178463 0.04803
178475 0.0492
178499 0.04987
178511 0.04988
178523 0.04926
178535 0.04932
178547 0.04991
178583 0.04863
178595 0.04931
178607 0.04937
178619 0.04933
178631 0.04996
178667 0.0491
178679 0.05
178703 0.04857
178715 0.05002
178727 0.04577
178751 0.05005
178775 0.04943
178811 0.04916
178823 0.04916
178835 0.0501
178883 0.04912
178895 0.04922
178943 0.04822
178955 0.04956
178979 0.04917
179063 0.04903
179075 0.05027
179087 0.04887
179135 0.04968
179147 0.04797
179159 0.05033
179171 0.04914
179183 0.04972
179231 0.04918
179267 0.04826
179279 0.05041
179291 0.04922
179339 0.05045
179363 0.04865
179375 0.04928
179399 0.04884
179435 0.04868
179447 0.04933
179459 0.05049
179507 0.04937
179531 0.04996
179543 0.04876
179567 0.04885
179627 0.05039
179675 0.04949
179699 0.04951
179723 0.04802
179735 0.04891
179747 0.05033
179771 0.05031
179783 0.05013
179795 0.04957
179843 0.05017
179867 0.04788
179879 0.04901
179891 0.05025
179927 0.05023
179963 0.05025
179975 0.04907
180047 0.05016
180083 0.049
180095 0.04915
180107 0.04863
180119 0.04979
180143 0.05038
180155 0.04843
180215 0.04986
180227 0.04871
180251 0.05045
180275 0.05047
180299 0.05002
180323 0.04916
180359 0.04832
180395 0.05048
180407 0.04884
180431 0.05046
180455 0.05002
180515 0.04834
180527 0.04892
180611 0.04936
180671 0.05032
180683 0.04941
180707 0.0502
180719 0.0502
180743 0.0496
180803 0.05025
180827 0.04854
180839 0.04952
180851 0.05029
180875 0.0497
180911 0.04957
180923 0.05018
180947 0.04859
180971 0.05016
180995 0.04924
181007 0.0504
181043 0.05012
181055 0.0496
181079 0.04968
181091 0.04984
181115 0.04873
181151 0.0505
181163 0.0479
181175 0.05004
181187 0.04832
181235 0.05047
181259 0.05046
181295 0.04997
181307 0.05043
181319 0.04781
181331 0.04985
181355 0.05002
181367 0.04765
181379 0.05039
181403 0.05005
181415 0.05037
181427 0.05036
181451 0.04896
181463 0.04689
181475 0.04995
181487 0.04937
181559 0.04983
181583 0.04704
181631 0.05025
181655 0.05024
181691 0.04808
181703 0.04975
181799 0.0492
181811 0.05033
181823 0.0498
181835 0.05019
181847 0.05013
181859 0.05021
181883 0.05038
181895 0.05038
181907 0.04793
181955 0.04826
181991 0.0496
182003 0.05046
182015 0.05032
182039 0.05033
182051 0.05034
182063 0.05035
182135 0.05048
182183 0.05045
182195 0.05006
182207 0.04948
182219 0.04993
182231 0.04946
182267 0.04952
182315 0.05038
182327 0.05014
182375 0.05018
182399 0.05033
182411 0.0471
182435 0.05043
182459 0.05042
182495 0.04978
182507 0.04977
182531 0.04976
182543 0.0497
182555 0.04974
182591 0.05035
182651 0.04978
182675 0.04979
182699 0.05017
182723 0.05028
182735 0.05027
182759 0.05026
182771 0.05045
182783 0.05045
182807 0.04988
182819 0.05022
182831 0.05049
182843 0.05021
182879 0.0499
182891 0.04956
182903 0.05049
182939 0.05004
182975 0.04952
183011 0.05
183083 0.04901
183143 0.04993
183179 0.05003
183275 0.05017
183287 0.05018
183311 0.05022
183335 0.05025
183347 0.04685
183359 0.04931
183371 0.05023
183395 0.04991
183407 0.05026
183419 0.04928
183431 0.0503
183443 0.05019
183467 0.05018
183491 0.05017
183515 0.05036
183539 0.05035
183551 0.05038
183563 0.04982
183575 0.0504
183599 0.05039
183647 0.04998
183671 0.04941
183719 0.04973
183731 0.04973
183755 0.05002
183767 0.05006
183779 0.04958
183803 0.04766
183815 0.05047
183839 0.05048
183851 0.05045
183875 0.05046
183899 0.05015
183911 0.05041
183923 0.05041
183983 0.04959
183995 0.05039
184055 0.05034
184103 0.04786
184115 0.04971
184139 0.04795
184175 0.05027
184223 0.04977
184283 0.04931
184295 0.05042
184307 0.05042
184319 0.04941
184343 0.05018
184367 0.05019
184379 0.05018
184403 0.05015
184415 0.05016
184427 0.05016
184439 0.05051
184451 0.05012
184475 0.05013
184535 0.0501
184547 0.05045
184619 0.05041
184643 0.04902
184667 0.05
184679 0.05009
184763 0.04812
184775 0.05032
184787 0.05032
184799 0.04995
184811 0.05018
184835 0.05029
184847 0.04991
184871 0.05027
184883 0.04899
184907 0.05025
184943 0.04985
184955 0.04998
184979 0.04986
184991 0.05021
185003 0.04982
185039 0.05033
185075 0.05016
185111 0.05038
185135 0.05013
185171 0.05042
185207 0.05044
185219 0.05045
185255 0.05048
185279 0.0502
185315 0.05051
185339 0.05024
185399 0.04731
185411 0.05029
185447 0.05031
185459 0.05032
185471 0.05042
185495 0.05034
185555 0.05038
185579 0.04989
185639 0.05033
185663 0.04947
185675 0.04984
185735 0.04981
185759 0.04944
185771 0.05049
185783 0.04978
185843 0.0486
185867 0.05021
185879 0.05044
185915 0.04987
185975 0.05015
185999 0.04852
186035 0.04995
186047 0.05034
186059 0.05034
186083 0.04998
186095 0.04999
186155 0.05005
186167 0.05028
186203 0.04872
186263 0.0493
186287 0.05022
186323 0.04934
186335 0.05015
186347 0.04948
186359 0.04773
186371 0.04993
186383 0.04832
186395 0.05019
186407 0.04992
186443 0.04817
186455 0.05012
186467 0.04988
186491 0.04987
186503 0.05026
186515 0.05009
186539 0.04903
186611 0.05004
186623 0.04896
186635 0.05035
186659 0.04978
186719 0.04893
186731 0.05041
186755 0.04962
186839 0.05049
186863 0.04796
186875 0.05051
186887 0.04971
186899 0.04989
186935 0.04963
186971 0.04985
186983 0.04802
186995 0.0496
187007 0.04979
187055 0.05041
187079 0.0504
187151 0.04989
187175 0.0499
187187 0.04973
187199 0.04973
187247 0.04995
187259 0.04922
187271 0.0503
187331 0.05026
187355 0.05025
187403 0.05005
187427 0.04933
187475 0.05019
187487 0.05011
187511 0.05012
187523 0.05016
187571 0.04883
187595 0.05018
187619 0.0495
187643 0.04797
187667 0.04878
187679 0.04878
187715 0.05026
187727 0.05027
187739 0.04944
187859 0.04998
187919 0.04912
187967 0.05042
187991 0.05044
188015 0.0499
188039 0.04905
188075 0.04904
188087 0.04976
188099 0.04986
188111 0.0505
188135 0.05049
188183 0.04815
188195 0.05046
188219 0.04985
188231 0.04979
188243 0.04978
188267 0.05042
188279 0.04976
188327 0.04921
188339 0.04993
188363 0.05037
188375 0.04995
188387 0.0491
188399 0.04926
188423 0.05034
188435 0.05033
188471 0.05031
188531 0.05028
188555 0.04961
188591 0.05009
188615 0.05023
188639 0.0491
188675 0.04955
188699 0.04894
188723 0.04953
188759 0.0502
188783 0.04949
188807 0.04952
188819 0.05024
188855 0.04946
188903 0.05008
188975 0.04963
188987 0.05035
189035 0.05001
189071 0.04938
189083 0.04998
189107 0.05043
189131 0.04973
189143 0.04995
189167 0.04976
189179 0.04946
189191 0.05048
189263 0.04797
189275 0.04988
189287 0.05048
189323 0.04921
189335 0.04987
189359 0.04988
189371 0.04989
189383 0.04866
189419 0.04992
189431 0.04962
189455 0.05039
189527 0.05035
189563 0.04928
189575 0.05033
189635 0.04975
189647 0.05029
189659 0.05028
189695 0.0501
189707 0.05026
189719 0.05025
189731 0.049
189779 0.04898
189803 0.0456
189863 0.04897
189875 0.04949
189899 0.05015
189911 0.05024
189923 0.04994
189959 0.04996
189971 0.05012
190019 0.05009
190043 0.0496
190067 0.04801
190079 0.05006
190091 0.04946
190103 0.05006
190115 0.04964
190127 0.05038
190139 0.05039
190163 0.04855
190175 0.05042
190187 0.04941
190199 0.05
190211 0.05044
190259 0.05047
190295 0.04864
190319 0.05051
190343 0.04979
190355 0.04932
190427 0.04934
190439 0.05028
190451 0.05044
190463 0.04987
190475 0.0503
190499 0.05042
190511 0.05032
190535 0.04991
190547 0.04942
190559 0.04881
190619 0.05035
190643 0.04948
190655 0.04853
190679 0.05043
190691 0.04725
190715 0.05045
190727 0.04768
190739 0.04971
190775 0.05007
190799 0.05026
190847 0.05023
190859 0.04842
190883 0.05047
190907 0.0502
190931 0.05017
190943 0.05043
190955 0.0496
191015 0.0504
191051 0.04974
191075 0.05036
191135 0.05033
191171 0.05031
191183 0.04983
191207 0.04984
191243 0.05037
191255 0.05038
191291 0.04928
191315 0.04999
191327 0.0495
191363 0.04995
191375 0.05046
191387 0.04938
191471 0.0505
191555 0.05007
191567 0.04985
191639 0.04951
191651 0.04855
191663 0.0504
191675 0.05015
191723 0.04976
191759 0.04959
191771 0.04975
191795 0.04961
191819 0.04997
191843 0.05031
191891 0.04994
191915 0.04988
191927 0.05031
191951 0.04991
191963 0.05033
191975 0.04786
191987 0.04993
192011 0.04987
192035 0.05038
192095 0.05042
192107 0.04842
192119 0.04982
192131 0.05044
192167 0.05004
192203 0.05012
192215 0.05007
192227 0.05008
192275 0.05049
192299 0.05007
192311 0.05006
192359 0.05004
192371 0.05044
192419 0.04966
192443 0.04919
192455 0.0504
192491 0.05038
192503 0.04737
192515 0.04924
192551 0.04994
192575 0.04914
192623 0.05031
192635 0.05034
192647 0.04815
192671 0.04934
192707 0.0487
192719 0.04985
192731 0.05041
192755 0.05042
192779 0.04982
192827 0.05047
192839 0.04979
192851 0.05048
192875 0.04947
192911 0.05016
192935 0.04951
192947 0.05047
192983 0.05046
192995 0.05046
193007 0.04855
193019 0.0504
193079 0.04932
193091 0.05041
193103 0.0504
193115 0.04962
193151 0.05048
193175 0.04966
193187 0.05036
193223 0.05034
193235 0.04956
193295 0.0496
193343 0.05027
193403 0.05024
193415 0.05024
193475 0.04888
193487 0.0502
193499 0.04973
193547 0.04882
193595 0.04906
193631 0.05013
193643 0.04996
193655 0.05027
193691 0.04892
193715 0.05001
193739 0.05023
193775 0.05005
193895 0.04999
193919 0.05013
193931 0.05014
193967 0.04995
193991 0.05018
194039 0.05021
194051 0.05022
194063 0.05006
194075 0.05024
194099 0.05011
194111 0.05026
194123 0.0488
194147 0.04952
194171 0.05016
194183 0.05
194219 0.04925
194231 0.05033
194279 0.05023
194291 0.05037
194303 0.05038
194315 0.04931
194327 0.04943
194339 0.04992
194351 0.05027
194375 0.05043
194387 0.0494
194399 0.05044
194423 0.05032
194435 0.04971
194447 0.04971
194519 0.0505
194555 0.04947
194579 0.05042
194603 0.04978
194627 0.0483
194639 0.05046
194651 0.05043
194675 0.04975
194699 0.04973
194711 0.04883
194735 0.04972
194759 0.05049
194879 0.04875
194903 0.05042
194951 0.04945
194975 0.05038
194987 0.04974
194999 0.05025
195011 0.04975
195035 0.04867
195059 0.05022
195083 0.05032
195119 0.05031
195155 0.04935
195179 0.05027
195227 0.04989
195275 0.04928
195287 0.04928
195299 0.0501
195323 0.05009
195383 0.0489
195455 0.05013
195467 0.04918
195563 0.04931
195575 0.05011
195611 0.05005
195623 0.04993
195683 0.04939
195707 0.0494
195755 0.04998
195779 0.04985
195803 0.04918
195839 0.05028
195851 0.04651
195875 0.04898
195911 0.0499
195923 0.04954
195935 0.05034
195983 0.04975
196019 0.04786
196055 0.05041
196067 0.05042
196091 0.04986
196103 0.04987
196115 0.04968
196127 0.04756
196151 0.04968
196163 0.04977
196199 0.04975
196211 0.04975
196223 0.04994
196235 0.05049
196259 0.05048
196283 0.04976
196295 0.04999
196319 0.04958
196343 0.05002
196355 0.05043
196415 0.0504
196427 0.0504
196451 0.04951
196475 0.0495
196487 0.04989
196547 0.05033
196559 0.05033
196571 0.05032
196595 0.04996
196607 0.04829
196619 0.04954
196631 0.04998
196655 0.05
196667 0.04663
196775 0.05029
196787 0.04671
196823 0.0491
196847 0.05018
196859 0.05034
196883 0.05014
196931 0.05039
196943 0.04861
196955 0.05019
197015 0.05044
197027 0.05023
197039 0.04923
197051 0.05047
197075 0.05048
197087 0.05027
197099 0.05005
197111 0.05028
197135 0.04851
197183 0.04932
197291 0.04845
197315 0.04994
197327 0.04994
197351 0.05039
197363 0.04917
197375 0.04944
197387 0.04991
197399 0.04904
197411 0.05047
197435 0.04988
197447 0.04751
197459 0.04912
197471 0.05051
197519 0.05031
197531 0.0503
197543 0.05047
197579 0.05028
197591 0.05027
197615 0.05044
197627 0.04712
197639 0.04961
197663 0.04902
197675 0.05041
197687 0.04716
197723 0.05038
197735 0.04887
197771 0.05036
197783 0.05035
197795 0.05034
197819 0.05015
197843 0.04974
197855 0.04974
197867 0.05031
197903 0.04879
197915 0.05011
197987 0.04961
197999 0.05006
198059 0.05003
198107 0.05019
198119 0.04954
198131 0.05017
198167 0.05016
198191 0.05014
198215 0.05013
198239 0.04679
198263 0.05011
198287 0.05009
198299 0.05002
198311 0.05003
198359 0.05006
198371 0.04988
198383 0.04913
198431 0.0501
198455 0.04814
198467 0.05
198551 0.04858
198563 0.05019
198575 0.04931
198587 0.04994
198611 0.05022
198707 0.04789
198743 0.04838
198755 0.05031
198767 0.04922
198779 0.04967
198791 0.04966
198803 0.04835
198815 0.04983
198875 0.0498
198911 0.0504
198923 0.0484
198935 0.04947
198947 0.04976
198983 0.04974
199007 0.0491
199019 0.05047
199043 0.04954
199055 0.05049
199079 0.05051
199091 0.04969
199115 0.04831
199139 0.05048
199163 0.04505
199187 0.04901
199199 0.04964
199259 0.04863
199271 0.04968
199283 0.05041
199295 0.04959
199307 0.04827
199319 0.04867
199355 0.05037
199367 0.04955
199439 0.04979
199475 0.05031
199511 0.04983
199535 0.04985
199547 0.04883
199571 0.05026
199607 0.04835
199643 0.0473
199655 0.04924
199691 0.04939
199703 0.0502
199763 0.05017
199775 0.04935
199835 0.05013
199847 0.04932
199883 0.0493
199907 0.04929
199919 0.05009
199943 0.0501
199955 0.05007
200015 0.05014
200027 0.04923
200039 0.04595
200099 0.04783
200111 0.04876
200123 0.05025
200147 0.04878
200207 0.04922
200255 0.05029
200267 0.04911
200279 0.04991
200303 0.04892
200327 0.04879
200339 0.0493
200375 0.04986
200399 0.04769
200411 0.05039
200447 0.04937
200459 0.04937
200507 0.04674
200531 0.04942
200567 0.04904
200603 0.05051
200651 0.04892
200663 0.04972
200675 0.05048
200687 0.04951
200735 0.04968
200747 0.04955
200795 0.05042
200819 0.0504
200831 0.0504
200855 0.04962
200915 0.04965
200951 0.04968
200975 0.04929
200999 0.05031
201023 0.0503
201035 0.04933
201047 0.04934
201083 0.04871
201131 0.04979
201143 0.04929
201215 0.05021
201227 0.04985
201239 0.04946
201275 0.04948
201299 0.04989
201323 0.04939
201335 0.04941
201371 0.04954
201407 0.04945
201431 0.0501
201455 0.0483
201467 0.0496
201479 0.05
201503 0.05006
201515 0.04952
201527 0.05003
201539 0.05004
201563 0.04955
201575 0.05003
201587 0.04967
201659 0.04971
201707 0.04974
201779 0.04917
201803 0.04969
201875 0.04855
201887 0.04985
201899 0.05026
201959 0.0503
201971 0.0499
201995 0.04992
202007 0.05032
202019 0.04809
202043 0.04618
202055 0.05035
202103 0.04988
202175 0.04973
202199 0.05044
202211 0.04994
202223 0.04995
202235 0.04848
202247 0.04849
202259 0.05008
202271 0.04893
202283 0.0488
202319 0.05012
202331 0.04883
202379 0.05047
202391 0.05016
202427 0.04745
202439 0.05045
202451 0.0489
202463 0.0501
202475 0.04883
202487 0.05042
202499 0.04882
202523 0.04824
202559 0.05026
202571 0.05038
202583 0.05017
202607 0.05019
202619 0.04951
202703 0.04947
202739 0.05037
202775 0.04869
202787 0.05027
202811 0.05031
202835 0.05033
202847 0.05044
202871 0.05045
202895 0.05036
202919 0.04579
202943 0.05039
202991 0.04894
203003 0.05043
203015 0.05048
203075 0.04928
203087 0.05045
203099 0.05012
203111 0.05049
203123 0.0484
203171 0.04934
203219 0.04847
203243 0.05046
203255 0.04848
203267 0.05036
203315 0.05001
203375 0.05031
203399 0.05029
203435 0.0495
203483 0.05034
203519 0.05023
203543 0.04957
203555 0.0503
203603 0.05028
203639 0.05018
203651 0.05017
203675 0.05016
203711 0.05014
203735 0.05021
203747 0.05021
203759 0.04941
203819 0.04903
203867 0.04491
203891 0.04978
203915 0.05004
203939 0.05003
203975 0.0501
203987 0.04968
204011 0.05008
204035 0.05007
204131 0.04993
204155 0.04965
204179 0.04967
204191 0.04999
204203 0.04998
204227 0.04998
204239 0.0497
204263 0.05
204287 0.04994
204323 0.05004
204347 0.04983
204383 0.05008
204419 0.04947
204467 0.05013
204479 0.04788
204527 0.04988
204539 0.04946
204575 0.05019
204611 0.0497
204647 0.05024
204659 0.04936
204671 0.04954
204683 0.05026
204743 0.04972
204755 0.04963
204767 0.04846
204779 0.04962
204815 0.05034
204827 0.05035
204851 0.05036
204863 0.04945
204899 0.0501
204911 0.05011
204935 0.04954
204959 0.05014
204995 0.04919
205067 0.04957
205091 0.0505
205139 0.04944
205259 0.04658
205343 0.04995
205355 0.05037
205367 0.05038
205415 0.04978
205451 0.05034
205475 0.05003
205499 0.05004
205511 0.05031
205523 0.0503
205547 0.05049
205571 0.0505
205595 0.04896
205631 0.05048
205643 0.04734
205667 0.04993
205691 0.04995
205727 0.04997
205739 0.05019
205751 0.04905
205775 0.05041
205787 0.05041
205799 0.04799
205811 0.05016
205835 0.04911
205859 0.04797
205871 0.05037
205907 0.05011
205919 0.0503
205931 0.0503
205943 0.04914
205955 0.05032
205979 0.04904
206063 0.04836
206075 0.05027
206087 0.05026
206099 0.0504
206111 0.0502
206147 0.05022
206159 0.05044
206195 0.05021
206231 0.05048
206243 0.049
206255 0.0505
206267 0.04994
206339 0.0494
206363 0.05035
206387 0.04943
206423 0.05039
206435 0.05043
206471 0.05041
206555 0.05037
206567 0.04979
206579 0.05036
206615 0.04977
206663 0.05049
206675 0.05032
206711 0.04996
206735 0.05029
206747 0.05045
206795 0.05043
206831 0.0499
206843 0.05023
206855 0.05023
206867 0.05039
206903 0.04963
206915 0.0502
206927 0.05036
206963 0.05018
206975 0.04983
206987 0.05033
207023 0.04958
207035 0.05031
207047 0.0503
207059 0.05013
207071 0.05012
207083 0.04955
207095 0.05011
207119 0.04754
207143 0.04858
207167 0.04974
207179 0.05007
207203 0.05023
207251 0.05021
207263 0.0502
207275 0.04969
207299 0.04811
207323 0.04943
207347 0.04965
207359 0.04998
207383 0.05014
207407 0.05013
207419 0.04962
207503 0.05008
207515 0.05011
207527 0.05011
207539 0.04831
207599 0.04874
207611 0.05016
207635 0.05018
207647 0.04951
207707 0.04881
207731 0.05023
207755 0.04829
207767 0.04945
207779 0.04978
207791 0.05027
207815 0.05028
207827 0.04941
207839 0.04888
207875 0.0494
207887 0.04945
207899 0.05033
207911 0.05034
207935 0.04988
207959 0.04744
207983 0.04785
207995 0.05039
208007 0.04984
208115 0.05046
208127 0.05047
208151 0.05048
208163 0.04977
208175 0.04959
208199 0.04925
208211 0.04875
208247 0.05048
208259 0.04955
208307 0.0497
208331 0.04971
208343 0.04972
208355 0.04967
208415 0.0504
208427 0.04977
208439 0.04947
208451 0.05039
208475 0.0498
208535 0.0493
208547 0.04984
208559 0.04941
208571 0.0494
208583 0.04957
208607 0.05031
208619 0.0475
208643 0.04937
208655 0.04903
208679 0.04778
208691 0.04787
208715 0.05026
208727 0.05025
208751 0.04949
208811 0.05
208823 0.0478
208835 0.0502
208847 0.04948
208883 0.05004
208895 0.04859
208919 0.04924
208943 0.05008
208955 0.04954
208967 0.05009
208979 0.04956
209027 0.05011
209051 0.05014
209075 0.04883
209087 0.05016
209135 0.05019
209171 0.05004
209195 0.04911
209207 0.05023
209219 0.05002
209231 0.05025
209291 0.04998
209303 0.04923
209351 0.04866
209375 0.04994
209387 0.04994
209399 0.04889
209411 0.0489
209423 0.05036
209483 0.04898
209507 0.04951
209531 0.05042
209591 0.04992
209603 0.05047
209615 0.05047
209663 0.04884
209711 0.04999
209723 0.05049
209783 0.04968
209855 0.04847
209867 0.04896
209879 0.04846
209951 0.04876
209975 0.04979
209999 0.04924
210023 0.05034
210047 0.05033
210059 0.04628
210107 0.0503
210155 0.05028
210179 0.05027
210227 0.05029
210239 0.04862
210251 0.04953
210275 0.0492
210287 0.04951
210371 0.05002
210383 0.05003
210395 0.04927
210419 0.04949
210455 0.05014
210479 0.04942
210515 0.05011
210539 0.05048
210563 0.05013
210575 0.04958
210587 0.0481
210611 0.0505
210635 0.05049
210683 0.0502
210707 0.05045
210743 0.05024
210779 0.04909
210815 0.0504
210851 0.05039
210863 0.05031
210947 0.05036
210971 0.05037
210983 0.04989
211019 0.05031
211031 0.05041
211043 0.05042
211055 0.04986
211079 0.04927
211103 0.05045
211163 0.04972
211211 0.05021
211235 0.04977
211259 0.0485
211295 0.05047
211307 0.04973
211331 0.05016
211391 0.05006
211451 0.05039
211463 0.0499
211487 0.05037
211511 0.04894
211523 0.05014
211547 0.05035
211595 0.04998
211679 0.05023
211703 0.05027
211715 0.05025
211751 0.05025
211763 0.05007
211787 0.04968
211799 0.0503
211823 0.05031
211835 0.04992
211847 0.04972
211907 0.05017
211919 0.04888
211967 0.04986
212027 0.0494
212075 0.05046
212111 0.05048
212135 0.05007
212159 0.05051
212171 0.05031
212195 0.05049
212219 0.05048
212231 0.05048
212267 0.05037
212291 0.04998
212303 0.05039
212339 0.048
212375 0.05003
212459 0.05007
212471 0.05049
212483 0.05036
212519 0.04848
212543 0.05049
212555 0.05013
212567 0.04901
212591 0.05015
212615 0.04955
212639 0.04954
212735 0.05024
212747 0.04978
212759 0.05023
212771 0.05026
212783 0.04905
212795 0.05037
212831 0.05019
212879 0.04943
212891 0.05033
212915 0.05032
212927 0.05035
212939 0.04947
212951 0.0503
213011 0.0504
213035 0.05026
213059 0.05042
213071 0.0493
213083 0.04962
213095 0.04962
213107 0.04651
213155 0.05004
213167 0.04958
213179 0.05049
213227 0.05017
213239 0.0505
213251 0.05049
213311 0.05046
213347 0.05011
213371 0.04984
213395 0.04993
213419 0.05041
213431 0.0504
213443 0.04717
213455 0.04952
213503 0.04988
213575 0.04984
213671 0.04996
213707 0.04879
213731 0.05026
213743 0.04977
213767 0.05025
213779 0.04975
213803 0.0499
213839 0.04899
213875 0.04976
213923 0.04968
213971 0.05015
213995 0.05014
214019 0.0501
214055 0.05011
214079 0.05013
214103 0.04708
214127 0.04991
214139 0.05017
214175 0.05019
214199 0.05004
214223 0.04899
214271 0.05024
214307 0.04914
214319 0.05002
214343 0.04965
214355 0.05004
214367 0.04997
214415 0.05008
214427 0.05045
214475 0.05036
214487 0.05012
214535 0.0494
214547 0.04956
214571 0.05042
214583 0.04893
214595 0.04986
214619 0.04985
214643 0.04739
214655 0.05046
214679 0.04896
214703 0.04948
214751 0.0493
214799 0.04855
214847 0.05032
214859 0.04958
214871 0.04937
214907 0.04971
214919 0.05042
214931 0.05037
214979 0.05039
215003 0.04944
215027 0.05037
215075 0.05046
215135 0.05049
215147 0.04695
215159 0.0505
215171 0.0503
215195 0.0505
215219 0.05049
215231 0.0498
215243 0.04907
215267 0.05046
215291 0.05025
215303 0.04921
215375 0.04918
215387 0.04917
215423 0.04968
215435 0.05039
215519 0.05035
215543 0.04945
215555 0.04986
215579 0.05032
215591 0.0494
215603 0.04949
215615 0.05002
215627 0.0498
215639 0.05029
215651 0.05004
215711 0.04955
215747 0.05024
215783 0.04989
215807 0.05021
215819 0.0493
215831 0.05
215855 0.05015
215867 0.04994
215903 0.04738
215915 0.05019
215963 0.04815
215987 0.05023
215999 0.05024
216095 0.05008
216131 0.05031
216143 0.04861
216155 0.05033
216191 0.05022
216215 0.05014
216227 0.05037
216239 0.05037
216275 0.05027
216287 0.05028
216299 0.05041
216311 0.04871
216323 0.04875
216335 0.0502
216359 0.05044
216383 0.05023
216395 0.05046
216407 0.0484
216443 0.05027
216479 0.05039
216527 0.05049
216539 0.05042
216575 0.05034
216599 0.04964
216611 0.05036
216623 0.05007
216635 0.05044
216659 0.05009
216671 0.0501
216683 0.0504
216707 0.0504
216755 0.05048
216767 0.04977
216815 0.05045
216827 0.05045
216863 0.05021
216875 0.04972
216923 0.05049
217007 0.05045
217031 0.05044
217067 0.05024
217079 0.05023
217127 0.05039
217175 0.04938
217187 0.05028
217235 0.05042
217247 0.05015
217259 0.05015
217295 0.05045
217343 0.04829
217355 0.0502
217379 0.05019
217391 0.05051
217403 0.04826
217415 0.0505
217427 0.05025
217451 0.05024
217475 0.05023
217487 0.05004
217511 0.05013
217523 0.0483
217535 0.05012
217571 0.05043
217607 0.05017
217631 0.05016
217655 0.05039
217679 0.05005
217703 0.05012
217763 0.05034
217787 0.05009
217799 0.05
217835 0.05006
217871 0.04923
217883 0.05028
217967 0.04922
218015 0.05022
218039 0.04979
218051 0.04996
218099 0.05018
218123 0.05017
218147 0.04939
218159 0.04983
218183 0.05014
218195 0.04982
218207 0.04989
218219 0.04981
218243 0.04944
218303 0.04874
218315 0.04984
218327 0.04934
218339 0.05007
218375 0.04951
218387 0.04989
218399 0.04963
218435 0.04979
218483 0.04977
218495 0.05
218507 0.04976
218519 0.04967
218615 0.04971
218639 0.04994
218663 0.04721
218687 0.04959
218747 0.04972
218759 0.04887
218855 0.04964
218867 0.05016
218879 0.04941
218903 0.05018
218927 0.04983
218951 0.04969
218975 0.04971
218999 0.04945
219011 0.04977
219047 0.05026
219095 0.04992
219107 0.0503
219131 0.04971
219155 0.0497
219167 0.05033
219179 0.04937
219191 0.04968
219215 0.05036
219227 0.05036
219239 0.04986
219263 0.05002
219275 0.05039
219287 0.04863
219299 0.04964
219347 0.0492
219383 0.05045
219395 0.05009
219443 0.05049
219515 0.04954
219539 0.05002
219551 0.05003
219563 0.05047
219575 0.05019
219635 0.05023
219659 0.04947
219671 0.0501
219719 0.05013
219803 0.05032
219899 0.04937
219947 0.0503
220007 0.05044
220031 0.04931
220043 0.04763
220055 0.05046
220067 0.05032
220079 0.04948
220091 0.05048
220127 0.04977
220139 0.04926
220175 0.04917
220187 0.05049
220199 0.0504
220211 0.04955
220223 0.05017
220235 0.05047
220271 0.04973
220331 0.05047
220379 0.0505
220451 0.05049
220463 0.04996
220475 0.05006
220487 0.0497
220499 0.0491
220523 0.05033
220547 0.04876
220571 0.05002
220607 0.04941
220679 0.04981
220691 0.05009
220703 0.05025
220715 0.04995
220751 0.04949
220763 0.05023
220775 0.05013
220823 0.04842
220835 0.05019
220847 0.05031
220871 0.05019
220883 0.04846
220943 0.05014
220955 0.05026
220991 0.05013
221003 0.05026
221039 0.05022
221063 0.05009
221099 0.05005
221147 0.05022
221183 0.04974
221231 0.05012
221255 0.05028
221267 0.05014
221279 0.04868
221291 0.05015
221339 0.04754
221363 0.05046
221375 0.05007
221435 0.05004
221459 0.04988
221495 0.0499
221507 0.05042
221519 0.05
221531 0.05047
221579 0.04997
221591 0.04997
221615 0.05043
221651 0.0505
221675 0.05051
221687 0.05038
221699 0.04891
221735 0.05048
221759 0.05005
221783 0.05046
221819 0.05045
221843 0.04899
221867 0.05042
221879 0.05048
221927 0.05051
221963 0.04968
221975 0.05027
222083 0.05022
222119 0.04807
222131 0.0503
222143 0.04916
222155 0.05041
222167 0.05028
222179 0.05029
222191 0.04918
222203 0.05027
222239 0.05037
222251 0.05024
222275 0.05035
222299 0.04924
222335 0.05021
222359 0.05031
222371 0.05039
222407 0.05041
222431 0.05028
222443 0.05016
222467 0.05027
222515 0.05047
222539 0.04938
222575 0.05051
222611 0.05008
222635 0.05049
222671 0.05047
222695 0.05016
222743 0.04992
222767 0.04933
222803 0.05
222827 0.0504
222851 0.05039
222875 0.04996
222887 0.05037
222911 0.04995
222923 0.04926
222971 0.04962
222983 0.0495
222995 0.05032
223031 0.04965
223043 0.0493
223055 0.0503
223079 0.05028
223091 0.04998
223127 0.04985
223139 0.04866
223163 0.04974
223175 0.05024
223187 0.04952
223199 0.05023
223295 0.04901
223343 0.04982
223355 0.05016
223391 0.04985
223427 0.04983
223451 0.05012
223475 0.0499
223523 0.04992
223535 0.04967
223559 0.05007
223571 0.04959
223583 0.04965
223595 0.04984
223607 0.04975
223619 0.05004
223631 0.05004
223643 0.04987
223655 0.04973
223715 0.05
223727 0.04982
223739 0.05004
223787 0.04997
223799 0.04996
223835 0.04995
223847 0.04977
223859 0.05011
223871 0.04976
223931 0.05015
223955 0.05016
223967 0.04948
224015 0.05007
224039 0.04999
224051 0.05021
224075 0.05011
224087 0.04983
224099 0.05024
224123 0.04941
224135 0.0499
224147 0.05005
224159 0.05027
224183 0.05029
224207 0.05008
224231 0.04998
224243 0.04996
224339 0.05025
224387 0.05006
224411 0.05041
224459 0.05044
224471 0.05045
224507 0.04924
224519 0.05047
224543 0.05013
224555 0.05049
224567 0.04971
224627 0.05032
224639 0.05042
224651 0.04976
224675 0.05044
224687 0.05035
224735 0.05044
224807 0.0503
224843 0.05049
224867 0.04961
224879 0.05045
224903 0.04918
224927 0.04946
224939 0.05049
224963 0.04886
224975 0.04993
224999 0.0504
225011 0.05042
225059 0.05043
225071 0.05044
225083 0.05042
225095 0.05043
225107 0.05045
225131 0.04931
225155 0.05049
225179 0.05048
225191 0.05024
225203 0.05033
225215 0.05023
225239 0.05032
225275 0.05047
225311 0.05028
225359 0.05034
225395 0.04945
225407 0.05032
225419 0.05041
225443 0.05042
225467 0.04994
225515 0.05023
225575 0.05036
225587 0.05024
225719 0.05028
225755 0.05026
225803 0.04932
225815 0.05025
225851 0.05004
225875 0.05043
225887 0.0502
225899 0.05022
225971 0.05007
226019 0.04997
226055 0.04946
226067 0.05012
226091 0.05013
226115 0.05012
226127 0.05046
226139 0.05031
226151 0.04991
226175 0.05044
226187 0.04904
226211 0.05043
226223 0.04986
226319 0.04974
226331 0.05037
226355 0.04962
226403 0.05
226439 0.05047
226475 0.05049
226499 0.05001
226607 0.05046
226619 0.04978
226655 0.05014
226679 0.05043
226739 0.04983
226751 0.05015
226775 0.05016
226787 0.05038
226811 0.05037
226835 0.05036
226847 0.05024
226859 0.04979
226883 0.05026
226895 0.05027
226919 0.04977
226931 0.05029
226955 0.05031
226967 0.05031
226979 0.05027
227039 0.04971
227075 0.0497
227171 0.05021
227243 0.05046
227255 0.05011
227291 0.05049
227315 0.05045
227327 0.05015
227339 0.05047
227351 0.05013
227375 0.05012
227423 0.05047
227435 0.04989
227447 0.05022
227483 0.04796
227495 0.05024
227507 0.05007
227543 0.05042
227555 0.05041
227579 0.04946
227591 0.05043
227675 0.0504
227711 0.05038
227735 0.04997
227795 0.04994
227807 0.0503
227819 0.04993
227843 0.05028
227855 0.05032
227867 0.0497
227879 0.05031
227903 0.05046
227915 0.05047
227939 0.04932
227963 0.05027
227999 0.05002
228035 0.05049
228047 0.05019
228071 0.05022
228083 0.05047
228095 0.05021
228119 0.0502
228143 0.05019
228167 0.05043
228179 0.0492
228191 0.05042
228215 0.04955
228227 0.05012
228287 0.05018
228323 0.05036
228371 0.05034
228407 0.05032
228467 0.0503
228491 0.05029
228515 0.05028
228551 0.05026
228575 0.04996
228623 0.05003
228635 0.05022
228659 0.04873
228695 0.0504
228719 0.04899
228743 0.05009
228767 0.04885
228791 0.04991
228803 0.05015
228839 0.05048
228863 0.05016
228875 0.05049
228947 0.05009
228971 0.05048
228995 0.04982
229007 0.05024
229043 0.05026
229055 0.05044
229067 0.04795
229079 0.04978
229103 0.05002
229175 0.05039
229187 0.05033
229211 0.05037
229235 0.04875
229259 0.04875
229271 0.05038
229295 0.05039
229307 0.0504
229319 0.04928
229331 0.05032
229355 0.05042
229379 0.0503
229391 0.05044
229415 0.04924
229439 0.05027
229451 0.05048
229463 0.04986
229475 0.05049
229511 0.05051
229535 0.0505
229595 0.04952
229619 0.0502
229643 0.05045
229655 0.04949
229667 0.05044
229679 0.048
229691 0.05016
229775 0.05039
229787 0.05039
229811 0.05011
229823 0.04946
229835 0.0497
229859 0.04905
229883 0.05035
229907 0.04939
229931 0.04945
229943 0.05032
229955 0.05032
230027 0.05028
230039 0.04897
230051 0.04848
230087 0.05026
230099 0.0484
230111 0.04958
230171 0.04927
230183 0.04959
230195 0.04959
230207 0.05021
230243 0.04962
230267 0.04991
230315 0.04921
230351 0.04968
230375 0.04987
230399 0.04827
230411 0.04917
230423 0.04945
230435 0.04972
230459 0.04983
230483 0.05009
230519 0.0498
230543 0.04978
230555 0.05005
230579 0.04914
230591 0.05004
230603 0.05003
230615 0.04982
230627 0.04982
230675 0.05
230723 0.04847
230747 0.04989
230759 0.04812
230843 0.04927
230867 0.04995
230879 0.04965
230927 0.04989
230963 0.05
230987 0.05002
231023 0.04923
231035 0.05004
231071 0.04983
231083 0.04926
231119 0.04955
231155 0.04953
231191 0.04932
231227 0.0491
231251 0.04919
231263 0.05016
231311 0.04907
231335 0.04939
231383 0.0497
231407 0.05024
231455 0.05027
231467 0.05027
231527 0.0503
231539 0.04934
231587 0.04953
231623 0.05036
231647 0.04933
231731 0.04955
231767 0.04953
231851 0.04944
231863 0.04951
231875 0.05049
231899 0.04919
231911 0.05051
231959 0.04922
231971 0.04957
231983 0.04944
232019 0.04916
232031 0.05046
232067 0.04955
232151 0.04937
232175 0.05039
232199 0.04935
232211 0.0497
232247 0.05036
232271 0.05035
232283 0.04974
232319 0.04801
232343 0.0497
232379 0.04838
232403 0.04973
232415 0.04981
232427 0.05029
232463 0.04999
232559 0.04988
232595 0.04914
232619 0.04991
232631 0.04992
232655 0.04918
232691 0.05017
232703 0.05017
232763 0.05015
232775 0.05014
232787 0.04925
232799 0.04728
232883 0.05005
232895 0.04972
232931 0.05008
232967 0.04934
232979 0.04976
232991 0.05004
233015 0.05029
233027 0.05029
233039 0.05014
233051 0.05002
233063 0.05001
233075 0.05009
233099 0.04825
233135 0.05035
233147 0.04944
233243 0.0499
233255 0.05025
233351 0.05023
233363 0.04996
233375 0.05048
233387 0.04987
233399 0.05033
233411 0.04958
233447 0.04985
233459 0.05036
233483 0.05003
233495 0.04816
233507 0.05032
233519 0.04847
233531 0.05047
233543 0.05046
233555 0.05007
233579 0.04851
233627 0.04875
233651 0.05042
233675 0.05041
233699 0.05049
233711 0.05049
233723 0.04974
233783 0.05049
233795 0.05019
233807 0.05048
233819 0.05048
233843 0.05047
233867 0.04865
233915 0.05049
233927 0.0503
233951 0.05029
233963 0.05028
233987 0.04988
233999 0.04833
234011 0.05045
234023 0.05039
234071 0.05037
234107 0.04983
234119 0.05036
234143 0.05039
234179 0.0504
234263 0.05034
234275 0.05015
234299 0.05046
234311 0.05026
234347 0.05012
234359 0.04756
234371 0.0505
234395 0.05023
234407 0.04795
234419 0.0505
234455 0.05048
234479 0.05047
234491 0.05047
234503 0.05046
234515 0.05023
234551 0.05044
234563 0.04803
234575 0.05043
234623 0.05019
234635 0.05022
234671 0.05039
234695 0.05016
234707 0.04825
234755 0.05036
234779 0.05006
234815 0.05033
234839 0.05032
234875 0.0503
234887 0.05036
234899 0.0492
234911 0.05037
234923 0.05037
234935 0.05038
234971 0.05028
235019 0.04996
235031 0.05032
235055 0.05033
235079 0.04994
235103 0.05047
235139 0.05019
235151 0.04996
235175 0.05018
235187 0.05051
235223 0.05042
235235 0.05049
235247 0.05048
235259 0.04782
235271 0.05047
235331 0.05011
235343 0.05044
235355 0.05049
235415 0.05041
235427 0.0505
235463 0.05048
235475 0.05038
235499 0.05004
235511 0.04981
235535 0.05045
235571 0.05034
235631 0.04976
235655 0.05031
235667 0.04772
235691 0.05038
235727 0.05037
235739 0.04611
235775 0.05035
235799 0.04991
235823 0.05033
235883 0.0503
235895 0.04959
235907 0.04946
235931 0.05028
235955 0.04975
236003 0.05016
236015 0.0496
236027 0.05015
236039 0.0498
236051 0.05023
236099 0.04591
236123 0.0502
236135 0.04985
236147 0.05019
236159 0.04986
236171 0.04935
236183 0.04953
236195 0.04947
236279 0.04766
236315 0.04969
236327 0.04995
236447 0.04942
236459 0.05002
236495 0.05004
236531 0.05005
236555 0.04959
236567 0.05007
236591 0.04958
236603 0.05
236651 0.04988
236675 0.04954
236735 0.04985
236747 0.04984
236759 0.04951
236795 0.05019
236831 0.05021
236843 0.0492
236855 0.04989
236903 0.04987
236915 0.04944
236927 0.05026
236939 0.04943
236951 0.05027
237023 0.04982
237047 0.04898
237059 0.04938
237083 0.04935
237107 0.04978
237191 0.04966
237215 0.04974
237239 0.04931
237275 0.04729
237311 0.05046
237323 0.0496
237335 0.04905
237359 0.04822
237395 0.04902
237407 0.04883
237419 0.04896
237431 0.04895
237503 0.04898
237515 0.05046
237527 0.04958
237539 0.04918
237551 0.04959
237575 0.05044
237599 0.05043
237623 0.04963
237647 0.04892
237659 0.04913
237671 0.04946
237695 0.04967
237719 0.04883
237779 0.04908
237803 0.0494
237827 0.04884
237839 0.04906
237863 0.04905
237875 0.05031
237887 0.0503
237899 0.0485
237935 0.04979
237947 0.04699
238007 0.05025
238067 0.04856
238091 0.05022
238127 0.0502
238175 0.04934
238199 0.04891
238211 0.05017
238235 0.04931
238259 0.05015
238283 0.04997
238319 0.05012
238343 0.04927
238355 0.05011
238367 0.05002
238379 0.04875
238391 0.05009
238475 0.05006
238487 0.05005
238523 0.04794
238535 0.04883
238571 0.05012
238583 0.04923
238607 0.04834
238619 0.04588
238631 0.05015
238643 0.04926
238679 0.04997
238739 0.04869
238751 0.0491
238763 0.05022
238787 0.04691
238799 0.04866
238835 0.04907
238871 0.04863
238907 0.0484
238979 0.04574
239003 0.04945
239015 0.05035
239039 0.04857
239051 0.04947
239075 0.04834
239123 0.04913
239159 0.04852
239183 0.05044
239195 0.04976
239255 0.0492
239267 0.05048
239279 0.04972
239291 0.04922
239303 0.0505
239315 0.05051
239339 0.0497
239351 0.04925
239363 0.04963
239375 0.05049
239399 0.04841
239435 0.04966
239447 0.05046
239459 0.0493
239471 0.05045
239495 0.04963
239507 0.04879
239591 0.04975
239603 0.05039
239615 0.04976
239627 0.05038
239639 0.04774
239651 0.05037
239663 0.04831
239675 0.04942
239687 0.04955
239723 0.05034
239747 0.04972
239795 0.04867
239855 0.04948
239867 0.05028
239903 0.04991
239915 0.05026
239927 0.04992
239939 0.04955
239951 0.05025
239975 0.04995
240023 0.04997
240071 0.05
240083 0.05019
240095 0.05001
240119 0.04937
240143 0.05004
240155 0.0488
240227 0.05008
240239 0.04932
240299 0.04974
240311 0.04974
240323 0.05009
240335 0.05013
240383 0.04978
240419 0.04891
240443 0.05004
240467 0.0484
240563 0.05025
240611 0.05028
240635 0.04996
240647 0.04996
240671 0.04993
240683 0.05031
240731 0.05034
240755 0.04997
240767 0.04828
240779 0.04998
240791 0.0499
240803 0.04818
240827 0.05039
240851 0.04907
240875 0.05041
240911 0.05043
240923 0.0484
240971 0.05008
240983 0.04982
240995 0.05009
241019 0.05011
241031 0.04818
241043 0.0505
241055 0.04847
241139 0.05017
241151 0.04931
241163 0.04812
241175 0.04974
241187 0.04814
241223 0.04822
241247 0.05043
241331 0.0504
241403 0.05037
241415 0.04964
241427 0.04804
241439 0.04946
241451 0.05035
241475 0.04945
241487 0.04961
241523 0.04831
241535 0.05031
241583 0.05029
241595 0.05029
241607 0.05028
241619 0.05041
241655 0.05043
241703 0.05046
241751 0.05022
241763 0.05049
241775 0.04963
241799 0.04962
241859 0.05049
241871 0.05048
241895 0.04944
241943 0.05045
241955 0.05045
242015 0.05042
242027 0.04976
242039 0.04976
242051 0.04975
242063 0.04975
242075 0.04978
242087 0.04857
242099 0.04977
242111 0.05038
242159 0.05036
242183 0.04932
242195 0.05035
242207 0.04931
242219 0.04985
242255 0.05002
242327 0.04848
242339 0.04847
242351 0.05028
242363 0.05028
242387 0.04994
242411 0.05026
242423 0.04923
242471 0.04993
242495 0.0492
242531 0.04883
242555 0.05003
242567 0.04884
242579 0.05002
242651 0.05016
242663 0.05015
242675 0.05015
242699 0.0501
242735 0.04893
242771 0.05011
242783 0.0501
242795 0.05015
242831 0.05014
242879 0.05019
242891 0.0502
242903 0.05018
242939 0.05022
242951 0.05023
242975 0.05022
242987 0.04906
243035 0.05
243059 0.05028
243071 0.05027
243083 0.05027
243107 0.0489
243131 0.05032
243143 0.04965
243155 0.05031
243179 0.05034
243191 0.04892
243251 0.04959
243275 0.0499
243287 0.0504
243323 0.05039
243359 0.04807
243383 0.04955
243407 0.04883
243443 0.04983
243455 0.04969
243551 0.04979
243563 0.04974
243575 0.04978
243611 0.05048
243635 0.05048
243695 0.04844
243719 0.05042
243731 0.04941
243743 0.05043
243767 0.0494
243779 0.05042
243791 0.05039
243803 0.04987
243827 0.04866
243875 0.0487
243923 0.04993
243947 0.04932
243959 0.05034
243971 0.05032
244007 0.0473
244019 0.0503
244031 0.04965
244055 0.05028
244067 0.04862
244151 0.05024
244163 0.05005
244175 0.05025
244187 0.04966
244223 0.05023
244259 0.0502
244283 0.05021
244307 0.05018
244319 0.0498
244331 0.05019
244343 0.05014
244427 0.04979
244487 0.05011
244499 0.0494
244511 0.05011
244523 0.0499
244559 0.04938
244607 0.04988
244631 0.04967
244655 0.0503
244679 0.05031
244715 0.05001
244763 0.05001
244775 0.04996
244799 0.05037
244811 0.05005
244835 0.05039
244847 0.04978
244871 0.04895
244883 0.05041
244895 0.05002
244931 0.04992
244979 0.05013
244991 0.04992
245027 0.04989
245051 0.0501
245075 0.05051
245111 0.0502
245135 0.05049
245159 0.05022
245195 0.05024
245207 0.04882
245219 0.0481
245231 0.05019
245243 0.05044
245255 0.04999
245267 0.05021
245303 0.04925
245315 0.05023
245363 0.04945
245375 0.05039
245387 0.04974
245399 0.05034
245447 0.0503
245459 0.04973
245495 0.05039
245507 0.05033
245543 0.05032
245555 0.05036
245579 0.0503
245603 0.05045
245663 0.05027
245675 0.05042
245699 0.04961
245735 0.05051
245795 0.05048
245831 0.0502
245867 0.05051
245891 0.05018
245915 0.05032
245927 0.04783
245939 0.05042
245999 0.05013
246023 0.05044
246047 0.05038
246095 0.05041
246155 0.05034
246179 0.05006
246227 0.05036
246239 0.05003
246263 0.05049
246275 0.0505
246287 0.05034
246299 0.05028
246323 0.05032
246347 0.04977
246359 0.05025
246383 0.04998
246419 0.04934
246431 0.05028
246443 0.05027
246455 0.05021
246479 0.04873
246491 0.05002
246515 0.05019
246563 0.0504
246635 0.04992
246647 0.05037
246671 0.05036
246767 0.05032
246827 0.05029
246863 0.0502
246875 0.0501
246887 0.05004
246935 0.05025
246959 0.04949
247043 0.04953
247079 0.04996
247091 0.05014
247103 0.05015
247115 0.05033
247127 0.04999
247139 0.04994
247151 0.05035
247163 0.05016
247187 0.05015
247199 0.04961
247235 0.05013
247247 0.05012
247271 0.04988
247283 0.04993
247307 0.05025
247319 0.05043
247331 0.05044
247355 0.0499
247379 0.04894
247415 0.05048
247427 0.04987
247475 0.05051
247487 0.05034
247499 0.0505
247523 0.05036
247535 0.04983
247559 0.05048
247619 0.05045
247631 0.05045
247643 0.04885
247679 0.05043
247715 0.04783
247727 0.04673
247775 0.05049
247787 0.0499
247859 0.04942
247871 0.05049
247883 0.05034
247895 0.05048
247907 0.04945
247919 0.04936
247955 0.05046
247967 0.04928
247979 0.0503
248003 0.05044
248075 0.05041
248087 0.0504
248111 0.04955
248147 0.04864
248159 0.05009
248183 0.04957
248207 0.05035
248219 0.04787
248255 0.05019
248279 0.04963
248327 0.05031
248363 0.05029
248375 0.04967
248399 0.05021
248411 0.05022
248423 0.05027
248459 0.05024
248471 0.05025
248495 0.04962
248519 0.05027
248531 0.04976
248567 0.04978
248591 0.0502
248615 0.05019
248663 0.05034
248675 0.05035
248699 0.04931
248711 0.05037
248747 0.04987
248771 0.05013
248819 0.05042
248843 0.0501
248939 0.05048
248951 0.04977
248975 0.0505
248999 0.04999
249023 0.04988
249047 0.05001
249095 0.05047
249167 0.04997
249191 0.04989
249203 0.0499
249227 0.0501
249239 0.05041
249251 0.05041
249275 0.0504
249323 0.05038
249335 0.04996
249347 0.04911
249371 0.04927
249395 0.05019
249407 0.04987
249431 0.0502
249443 0.05002
249467 0.05003
249479 0.0485
249491 0.05031
249515 0.05025
249527 0.05006
249551 0.05029
249587 0.05028
249599 0.04965
249623 0.04978
249707 0.04914
249719 0.04891
249731 0.05035
249755 0.04973
249767 0.05018
249791 0.04972
249803 0.0502
249839 0.05041
249851 0.05041
249875 0.05023
249899 0.05044
249935 0.04905
249959 0.04614
250019 0.04949
250055 0.05032
250067 0.0505
250079 0.05008
250127 0.05048
250139 0.05005
250163 0.05004
250211 0.0504
250247 0.04954
250283 0.05043
250295 0.04843
250319 0.0504
250355 0.04949
250379 0.04839
250391 0.05037
250463 0.04867
250475 0.04931
250511 0.04943
250523 0.04943
250535 0.05047
250559 0.0503
250571 0.04988
250631 0.05027
250679 0.04923
250691 0.05025
250715 0.05024
250763 0.0498
250775 0.05037
250835 0.05019
250847 0.05035
250883 0.04846
250907 0.05032
250931 0.05031
250943 0.04922
251015 0.05012
251027 0.05012
251075 0.0501
251111 0.04842
251183 0.04934
251195 0.05021
251207 0.04916
251267 0.05002
251303 0.04849
251327 0.04882
251339 0.04999
251363 0.05014
251399 0.04997
251411 0.04894
251423 0.04954
251447 0.04995
251459 0.04953
251507 0.0489
251603 0.04954
251615 0.05004
251627 0.0473
251651 0.05002
251675 0.04958
251687 0.05001
251699 0.04883
251711 0.05
251723 0.04869
251735 0.04983
251747 0.04983
251759 0.04962
251771 0.04998
251819 0.04878
251855 0.04994
251891 0.04977
251963 0.0499
251987 0.04989
251999 0.04973
252011 0.04974
252023 0.04988
252035 0.04972
252071 0.04977
252095 0.04978
252107 0.04984
252155 0.04982
252167 0.04982
252179 0.04796
252203 0.04924
252227 0.0498
252251 0.04979
252275 0.04978
252287 0.04929
252299 0.04885
252311 0.04976
252335 0.0499
252371 0.04974
252395 0.0481
252407 0.04973
252455 0.04937
252479 0.04954
252491 0.04907
252503 0.04998
252527 0.04968
252539 0.0491
252563 0.04966
252575 0.05002
252599 0.05003
252623 0.04913
252647 0.04963
252659 0.05006
252671 0.04903
252683 0.05007
252707 0.04945
252719 0.04851
252743 0.04951
252791 0.05041
252803 0.04957
252815 0.04923
252839 0.0494
252851 0.04912
252863 0.05016
253007 0.04964
253031 0.04933
253043 0.04948
253055 0.04966
253067 0.04685
253091 0.05027
253115 0.04929
253139 0.04887
253151 0.04943
253163 0.05031
253199 0.04926
253211 0.05033
253259 0.04924
253271 0.04977
253283 0.05037
253295 0.04946
253331 0.05019
253391 0.05042
253475 0.04931
253487 0.0493
253511 0.05048
253523 0.05048
253559 0.04946
253571 0.04892
253619 0.04876
253631 0.04994
253643 0.04995
253655 0.04857
253667 0.04964
253715 0.05046
253727 0.05004
253739 0.04905
253775 0.05043
253799 0.04903
253847 0.04866
253931 0.04995
253943 0.05036
253955 0.05036
253967 0.04966
253979 0.05035
253991 0.0498
254015 0.05013
254063 0.05015
254075 0.04892
254087 0.05016
254111 0.05018
254123 0.04986
254135 0.05029
254159 0.04838
254171 0.05027
254183 0.05021
254219 0.0484
254243 0.04992
254255 0.05025
254327 0.04898
254339 0.04984
254351 0.05029
254363 0.0503
254375 0.05019
254411 0.05
254435 0.04934
254459 0.0499
254483 0.05036
254495 0.04891
254507 0.05037
254531 0.05038
254567 0.0504
254591 0.04997
254639 0.04904
254651 0.05044
254675 0.05045
254687 0.05001
254735 0.04847
254759 0.05005
254771 0.0505
254795 0.04962
254807 0.05051
254819 0.04953
254843 0.05049
254867 0.05023
254891 0.05024
254915 0.05025
254939 0.0494
254951 0.05014
255011 0.0503
255035 0.05042
255047 0.05041
255119 0.05022
255131 0.05035
255143 0.04989
255203 0.05039
255227 0.04954
255263 0.04891
255275 0.05032
255287 0.05043
255323 0.05045
255335 0.04894
255347 0.05033
255359 0.04981
255407 0.05049
255431 0.05037
255455 0.05051
255491 0.04985
255515 0.04987
255539 0.05043
255563 0.05047
255611 0.04991
255623 0.0497
255635 0.05044
255647 0.05018
255671 0.04954
255695 0.05016
255707 0.05051
255719 0.04967
255731 0.05014
255779 0.05048
255791 0.04981
255815 0.05037
255827 0.05047
255863 0.0492
255899 0.05005
255935 0.05032
255983 0.04957
256007 0.05029
256055 0.05038
256067 0.05027
256091 0.05026
256103 0.05025
256115 0.04999
256127 0.0491
256139 0.04977
256235 0.0503
256247 0.0503
256259 0.04983
256271 0.05004
256283 0.0494
256319 0.05027
256331 0.05026
256343 0.04943
256355 0.05026
256367 0.04989
256379 0.05025
256427 0.05013
256439 0.05012
256463 0.05011
256475 0.05011
256487 0.04985
256511 0.05035
256523 0.05009
256559 0.04935
256583 0.05038
256595 0.04955
256619 0.05021
256631 0.05001
256655 0.05004
256679 0.05043
256691 0.05002
256703 0.05044
256727 0.05026
256751 0.05
256775 0.05047
256787 0.05029
256811 0.04972
256823 0.0505
256847 0.04996
256859 0.05051
256871 0.0505
256883 0.04896
256895 0.05034
256907 0.05014
256943 0.05047
256955 0.04954
256979 0.05046
257027 0.0502
257039 0.05041
257051 0.05042
257063 0.04988
257075 0.05043
257087 0.05044
257111 0.04996
257147 0.04963
257159 0.05047
257183 0.04983
257207 0.04993
257231 0.05051
257255 0.0498
257267 0.04969
257279 0.05032
257291 0.05049
257303 0.04979
257315 0.05034
257375 0.05046
257387 0.04975
257411 0.05044
257423 0.05028
257471 0.05041
257483 0.05026
257531 0.05044
257567 0.05038
257579 0.04984
257603 0.04962
257615 0.05048
257651 0.0505
257675 0.05034
257699 0.0505
257723 0.04937
257735 0.05032
257759 0.05031
257771 0.0497
257795 0.05014
257807 0.05046
257819 0.05014
257855 0.05012
257891 0.04976
257915 0.05042
257927 0.04909
257939 0.05041
257951 0.0504
257975 0.05039
258011 0.05021
258047 0.05019
258059 0.04914
258071 0.05036
258083 0.04949
258095 0.04958
258167 0.04931
258191 0.05032
258215 0.04991
258227 0.04953
258239 0.05029
258251 0.05035
258263 0.04994
258275 0.05028
258287 0.05027
258311 0.05038
258323 0.04928
258347 0.05008
258359 0.04992
258371 0.05022
258419 0.05043
258479 0.05046
258515 0.05006
258575 0.0505
258587 0.05015
258635 0.05034
258671 0.05036
258695 0.05047
258719 0.05038
258731 0.05016
258755 0.05045
258767 0.04947
258791 0.05043
258815 0.05042
258839 0.04989
258851 0.04973
258863 0.05022
258875 0.05046
258899 0.05039
258911 0.05048
258923 0.05025
258995 0.05051
259031 0.05049
259055 0.05031
259067 0.0498
259079 0.04996
259103 0.04965
259115 0.05046
259139 0.05036
259175 0.05037
259187 0.0498
259199 0.05043
259223 0.0504
259235 0.0504
259247 0.05041
259259 0.05041
259283 0.05011
259307 0.05038
259319 0.05023
259415 0.05018
259439 0.04966
259463 0.05051
259487 0.04982
259559 0.05013
259571 0.05047
259595 0.05046
259703 0.04912
259763 0.04997
259787 0.04996
259811 0.05009
259835 0.05018
259847 0.05011
259859 0.05036
259871 0.05039
259895 0.05016
259979 0.05044
260027 0.05011
260039 0.05029
260051 0.05048
260063 0.05028
260075 0.05049
260087 0.05012
260099 0.0505
260123 0.04871
260147 0.05006
260159 0.05049
260279 0.05019
260291 0.05032
260303 0.05023
260315 0.05033
260327 0.05022
260351 0.05017
260375 0.04997
260435 0.05029
260459 0.05038
260495 0.04977
260507 0.05032
260531 0.05044
260555 0.05034
260591 0.05036
260603 0.04973
260615 0.05035
260639 0.05006
260675 0.05038
260687 0.04958
260711 0.0505
260759 0.04982
260783 0.049
260831 0.05048
260843 0.04964
260855 0.05049
260867 0.05044
260891 0.0505
260903 0.04962
260927 0.0497
260963 0.0504
260975 0.0505
261023 0.05038
261035 0.05037
261047 0.04975
261083 0.05044
261095 0.05044
261107 0.05045
261119 0.05044
261131 0.05012
261143 0.05042
261155 0.05041
261179 0.05042
261203 0.05039
261215 0.05009
261227 0.0504
261239 0.05008
261263 0.04986
261275 0.04981
261287 0.05028
261299 0.05005
261311 0.05027
261395 0.05024
261443 0.0503
261479 0.0503
261491 0.0502
261515 0.05027
261551 0.05018
261623 0.05023
261635 0.05024
261659 0.04933
261671 0.05023
261683 0.04991
261719 0.04964
261731 0.05019
261743 0.04988
261755 0.0502
261767 0.05018
261803 0.04928
261827 0.05007
261851 0.05013
261875 0.05014
261899 0.05014
261923 0.05003
261947 0.05018
261995 0.05009
262019 0.0501
262031 0.04977
262043 0.05023
262055 0.05023
262067 0.05008
262091 0.05007
262115 0.05026
262175 0.05002
262199 0.05003
262211 0.04992
262223 0.04992
262247 0.04991
262283 0.0499
262295 0.04997
262307 0.04989
262319 0.04998
262343 0.04996
262355 0.04997
262403 0.0504
262415 0.0504
262439 0.04994
262475 0.05043
262487 0.04992
262499 0.0496
262523 0.05045
262535 0.04993
262547 0.05046
262571 0.05047
262607 0.05049
262631 0.0505
262655 0.04984
262679 0.04999
262691 0.05049
262727 0.05048
262763 0.0498
262775 0.05046
262787 0.05004
262799 0.04924
262811 0.0497
262859 0.04904
262871 0.05042
262907 0.05041
262919 0.04919
262931 0.04973
262943 0.04885
262955 0.05039
262967 0.04972
262991 0.05014
263015 0.0504
263027 0.05036
263039 0.05016
263051 0.0497
263075 0.05035
263099 0.05019
263147 0.05021
263159 0.04966
263207 0.05033
263231 0.05025
263243 0.04922
263255 0.05028
263279 0.0493
263291 0.0503
263315 0.05029
263327 0.05025
263339 0.0503
263351 0.05031
263363 0.05024
263375 0.05023
263435 0.04893
263447 0.04974
263459 0.05036
263471 0.05019
263483 0.05019
263507 0.04977
263531 0.05039
263579 0.05042
263603 0.04894
263615 0.05014
263627 0.05044
263639 0.04941
263699 0.05047
263711 0.0501
263771 0.04908
263783 0.04941
263795 0.04948
263807 0.04991
263831 0.05006
263855 0.0494
263879 0.05047
263891 0.05003
263903 0.04953
263939 0.04814
263987 0.05043
263999 0.05043
264023 0.04924
264047 0.05041
264095 0.05039
264107 0.05038
264131 0.04994
264143 0.04928
264155 0.05037
264191 0.04996
264203 0.04839
264215 0.0501
264227 0.04792
264239 0.05033
264275 0.04915
264287 0.04924
264299 0.05014
264311 0.04972
264335 0.0503
264383 0.04865
264407 0.04938
264419 0.0502
264431 0.04983
264455 0.05025
264479 0.05023
264491 0.04981
264551 0.05022
264563 0.04984
264575 0.04984
264587 0.04977
264611 0.05019
264623 0.04987
264635 0.0503
264647 0.0503
264683 0.04989
264695 0.04952
264707 0.05033
264719 0.05034
264767 0.05036
264851 0.04997
264863 0.04901
264875 0.05041
264887 0.04966
264923 0.05001
264935 0.04968
264947 0.049
264983 0.05003
265031 0.04967
265043 0.0494
265055 0.05049
265115 0.05
265127 0.05
265139 0.05011
265175 0.05048
265211 0.05014
265259 0.05044
265283 0.04877
265295 0.04993
265307 0.0498
265355 0.04954
265367 0.04991
265379 0.0504
265391 0.05039
265415 0.04989
265439 0.05038
265475 0.05036
265487 0.04943
265499 0.04929
265535 0.04984
265559 0.0503
265583 0.0494
265595 0.04994
265631 0.04995
265643 0.04968
265655 0.04936
265667 0.04997
265679 0.05036
265691 0.05036
265715 0.04978
265727 0.05
265751 0.0494
265763 0.0504
265775 0.0504
265799 0.05003
265811 0.04931
265823 0.05043
265835 0.05043
265895 0.05046
265907 0.04928
265919 0.05009
265955 0.04863
265967 0.05018
266015 0.05016
266039 0.04966
266063 0.04987
266075 0.04927
266087 0.05013
266123 0.0499
266135 0.05019
266147 0.05019
266207 0.04959
266219 0.05023
266231 0.05023
266243 0.04797
266255 0.05007
266267 0.05006
266303 0.04819
266315 0.04967
266327 0.04967
266363 0.05001
266375 0.04891
266387 0.0503
266399 0.05036
266423 0.04909
266459 0.0495
266471 0.05033
266507 0.04976
266531 0.05009
266555 0.0501
266567 0.0501
266579 0.04889
266639 0.05027
266651 0.05043
266675 0.05015
266699 0.0499
266723 0.05018
266735 0.05047
266747 0.04987
266771 0.05022
266783 0.0496
266807 0.0505
266819 0.04986
266831 0.04985
266843 0.04963
266855 0.0505
266879 0.04903
266903 0.04826
266915 0.04994
266939 0.05016
266951 0.05046
266963 0.04919
266975 0.05046
266987 0.0503
267011 0.04999
267023 0.05012
267047 0.05043
267107 0.05041
267119 0.05004
267155 0.05006
267179 0.04972
267191 0.05039
267215 0.05036
267251 0.04982
267263 0.05043
267275 0.04983
267287 0.05044
267311 0.05045
267335 0.05001
267347 0.04986
267371 0.05016
267443 0.05051
267455 0.05019
267467 0.0493
267491 0.04995
267503 0.0491
267527 0.05048
267575 0.05025
267599 0.05022
267623 0.04915
267683 0.04988
267695 0.0503
267731 0.0504
267743 0.0504
267767 0.05034
267779 0.05034
267815 0.05037
267839 0.04948
267851 0.0501
267875 0.04981
267923 0.04854
267935 0.05042
267947 0.05042
267971 0.05008
267983 0.05016
267995 0.0503
268007 0.05017
268019 0.04955
268031 0.05046
268067 0.0487
268079 0.04973
268127 0.0505
268139 0.05002
268187 0.05
268223 0.05022
268235 0.04967
268259 0.04944
268295 0.04946
268319 0.05044
268355 0.04949
268367 0.05033
268391 0.04984
268415 0.04992
268427 0.04764
268451 0.05037
268463 0.05038
268475 0.05012
268511 0.05037
268523 0.0501
268535 0.05041
268571 0.04831
268583 0.05043
268679 0.04951
268691 0.0503
268703 0.05004
268715 0.05049
268727 0.05
268739 0.0498
268775 0.0505
268799 0.04977
268835 0.05048
268847 0.05047
268859 0.05024
268871 0.05007
268895 0.04996
268931 0.05021
268943 0.05044
268967 0.05043
269003 0.05041
269015 0.05001
269027 0.05041
269051 0.05017
269075 0.0499
269087 0.05015
269099 0.04963
269111 0.05006
269123 0.04984
269135 0.05019
269147 0.0492
269195 0.05034
269207 0.0501
269243 0.05032
269255 0.05024
269267 0.05032
269279 0.05013
269315 0.05027
269339 0.04957
269375 0.0503
269399 0.05019
269411 0.05003
269423 0.05026
269447 0.05033
269459 0.05022
269471 0.05024
269483 0.04804
269531 0.04983
269555 0.04996
269567 0.05038
269591 0.0504
269627 0.05041
269639 0.05
269675 0.04994
269699 0.04993
269735 0.05034
269747 0.05035
269759 0.05005
269771 0.05048
269807 0.0495
269819 0.05008
269831 0.04997
269843 0.05051
269915 0.05042
269951 0.05022
269963 0.05006
269975 0.05023
269999 0.05024
270011 0.05047
270035 0.05026
270047 0.05019
270095 0.05041
270107 0.05041
270155 0.0495
270179 0.05033
270203 0.05034
270215 0.05047
270227 0.04957
270251 0.05045
270275 0.05037
270335 0.05042
270347 0.05032
270359 0.0489
270383 0.05031
270395 0.05043
270431 0.05044
270467 0.05037
270479 0.05046
270503 0.05047
270515 0.05048
270575 0.05043
270599 0.0505
270611 0.05044
270635 0.05034
270647 0.04988
270671 0.05035
270707 0.05028
270743 0.05039
270767 0.04994
270779 0.05026
270827 0.05048
270839 0.05043
270863 0.0504
270875 0.05022
270887 0.05046
270911 0.04989
270947 0.0499
270959 0.05043
270971 0.05049
270983 0.05004
270995 0.0505
271007 0.04897
271019 0.05035
271031 0.0505
271091 0.04893
271115 0.05038
271151 0.04914
271175 0.04961
271199 0.05044
271223 0.05015
271235 0.05033
271247 0.04896
271259 0.05042
271271 0.05017
271283 0.05041
271295 0.05031
271331 0.05008
271343 0.04907
271355 0.05029
271379 0.05038
271391 0.05027
271403 0.0502
271439 0.05035
271475 0.05024
271487 0.05027
271511 0.04999
271523 0.05028
271535 0.05032
271547 0.05029
271559 0.05021
271607 0.04897
271631 0.05021
271643 0.05028
271679 0.04992
271691 0.05024
271715 0.05015
271727 0.05026
271751 0.05039
271775 0.05007
271823 0.04978
271859 0.0502
271871 0.0501
271883 0.05019
271895 0.05033
271907 0.05034
271931 0.05047
271979 0.05037
271991 0.0505
272051 0.0505
272075 0.05042
272123 0.0501
272135 0.05044
272147 0.04999
272159 0.04999
272195 0.05047
272219 0.05006
272243 0.04989
272255 0.05042
272279 0.04995
272291 0.05004
272315 0.0505
272327 0.04993
272375 0.04935
272387 0.04991
272435 0.05036
272471 0.04997
272483 0.04997
272543 0.04995
272555 0.05041
272579 0.0504
272627 0.04958
272663 0.04947
272675 0.05027
272687 0.05026
272699 0.05036
272711 0.05035
272747 0.04946
272783 0.04903
272819 0.05031
272831 0.05031
272843 0.05021
272855 0.0502
272867 0.05029
272891 0.04966
272939 0.0498
272963 0.04963
272975 0.05016
273023 0.05014
273035 0.05013
273095 0.05011
273119 0.0502
273167 0.05018
273191 0.04972
273203 0.04973
273227 0.05016
273239 0.05016
273263 0.05005
273275 0.04988
273371 0.0498
273383 0.04948
273407 0.05009
273419 0.04982
273431 0.04977
273443 0.04983
273455 0.05008
273467 0.04957
273491 0.04997
273515 0.04998
273563 0.04941
273575 0.04957
273587 0.04874
273599 0.04991
273611 0.04985
273659 0.05005
273671 0.0499
273695 0.04995
273707 0.04989
273731 0.04991
273743 0.04952
273815 0.04995
273839 0.04843
273851 0.04996
273863 0.05002
273875 0.05015
273911 0.04981
273923 0.05005
273947 0.0498
273983 0.04813
274031 0.05022
274043 0.05011
274055 0.04986
274067 0.0493
274079 0.04808
274091 0.05007
274115 0.05014
274151 0.05027
274175 0.05017
274211 0.04973
274235 0.05031
274247 0.05014
274295 0.05022
274307 0.05034
274331 0.05035
274343 0.05024
274355 0.05019
274367 0.05019
274415 0.05021
274427 0.04917
274439 0.0504
274475 0.05042
274487 0.05042
274499 0.05043
274511 0.05004
274523 0.05032
274547 0.05045
274559 0.05046
274571 0.04989
274607 0.04877
274619 0.05048
274643 0.05038
274655 0.05032
274691 0.0504
274703 0.0504
274727 0.05049
274775 0.05047
274823 0.04865
274883 0.05003
274907 0.04955
274919 0.0505
274955 0.05041
274979 0.05025
274991 0.05047
275015 0.05009
275063 0.04876
275075 0.05012
275099 0.05045
275123 0.04938
275135 0.05034
275171 0.05047
275195 0.05035
275231 0.04883
275243 0.0502
275267 0.04942
275279 0.05039
275315 0.05037
275351 0.05041
275375 0.05025
275411 0.05039
275435 0.05046
275471 0.05032
275495 0.05021
275507 0.05035
275519 0.0503
275555 0.05028
275567 0.04812
275603 0.0492
275615 0.05049
275639 0.05025
275663 0.04866
275687 0.05028
275747 0.04925
275759 0.05021
275771 0.05043
275795 0.0502
275807 0.05045
275819 0.05009
275831 0.05046
275843 0.05047
275867 0.05048
275879 0.04889
275891 0.05049
275903 0.05016
275915 0.0505
275975 0.05035
276059 0.0501
276071 0.05046
276107 0.05045
276131 0.0503
276143 0.04901
276167 0.05043
276263 0.05007
276275 0.05007
276311 0.05038
276335 0.05037
276395 0.0502
276407 0.04988
276419 0.04988
276491 0.04985
276515 0.0503
276551 0.04992
276575 0.04943
276611 0.05027
276635 0.04994
276719 0.04977
276731 0.04986
276743 0.05022
276791 0.05006
276803 0.04988
276815 0.04973
276851 0.04972
276863 0.05017
276875 0.05017
276887 0.05002
276899 0.05002
276911 0.05016
276923 0.05015
276935 0.04983
276947 0.05
276959 0.05
276971 0.04999
277019 0.04966
277031 0.0498
277091 0.05009
277103 0.05009
277115 0.05008
277127 0.04876
277139 0.04993
277151 0.04975
277175 0.05006
277187 0.05006
277211 0.04969
277235 0.04972
277271 0.04971
277295 0.04988
277319 0.04965
277343 0.04824
277355 0.05
277367 0.04968
277379 0.04956
277391 0.04967
277415 0.04998
277439 0.04982
277451 0.04953
277463 0.04954
277475 0.04959
277487 0.04984
277535 0.04979
277559 0.048
277571 0.04988
277583 0.04955
277595 0.04989
277619 0.04967
277631 0.0499
277655 0.04989
277667 0.04992
277679 0.0471
277715 0.04987
277727 0.04955
277775 0.04974
277811 0.04975
277823 0.04951
277835 0.04976
277907 0.04974
277931 0.05004
277943 0.04918
277967 0.05005
277991 0.05006
278003 0.05007
278039 0.04985
278075 0.04987
278099 0.04928
278135 0.05013
278159 0.04991
278183 0.05015
278231 0.04988
278255 0.04995
278267 0.04967
278303 0.04997
278339 0.04914
278351 0.04993
278375 0.04995
278411 0.04939
278423 0.05026
278435 0.05026
278471 0.05005
278495 0.05
278507 0.05029
278519 0.04783
278567 0.04945
278603 0.05034
278615 0.04955
278663 0.04953
278675 0.0495
278699 0.04916
278723 0.05016
278735 0.04936
278771 0.05041
278783 0.05042
278795 0.05042
278831 0.05021
278855 0.05045
278915 0.05019
278951 0.0502
278963 0.0505
278975 0.05027
279011 0.04965
279059 0.05031
279107 0.04969
279155 0.05035
279167 0.04962
279191 0.05044
279227 0.05043
279239 0.04918
279251 0.05039
279263 0.04976
279275 0.04977
279287 0.04931
279299 0.04916
279323 0.05042
279335 0.05039
279347 0.04959
279359 0.04959
279371 0.04981
279419 0.04912
279455 0.05042
279467 0.05034
279491 0.04977
279527 0.05032
279563 0.0503
279575 0.04885
279587 0.05048
279611 0.04888
279695 0.05049
279719 0.05044
279743 0.05048
279755 0.05047
279791 0.05046
279803 0.05045
279815 0.0504
279827 0.05045
279839 0.05039
279851 0.05039
279875 0.05003
279887 0.05042
279911 0.05042
279947 0.05017
279959 0.04917
279971 0.04998
279995 0.05034
280007 0.05038
280043 0.05011
280067 0.05036
280115 0.05014
280127 0.04993
280151 0.05009
280163 0.05006
280175 0.05032
280211 0.05031
280235 0.05025
280247 0.05029
280271 0.05024
280283 0.05005
280295 0.05012
280331 0.0488
280355 0.04958
280367 0.05002
280391 0.05026
280403 0.04937
280415 0.05027
280427 0.05018
280439 0.05018
280511 0.05031
280535 0.05023
280559 0.04872
280571 0.05018
280595 0.05025
280619 0.04788
280643 0.05037
280679 0.05018
280691 0.04972
280727 0.05041
280739 0.0502
280763 0.05033
280775 0.05022
280799 0.04954
280847 0.05037
280919 0.05001
280931 0.0505
280955 0.04984
280991 0.05031
281003 0.05002
281015 0.05044
281027 0.05048
281039 0.04806
281051 0.05046
281075 0.04995
281087 0.05047
281111 0.04994
281123 0.04998
281135 0.04993
281147 0.0505
281219 0.0499
281231 0.05042
281255 0.04997
281375 0.05036
281387 0.05043
281471 0.05007
281483 0.0504
281507 0.05031
281519 0.04986
281543 0.05038
281567 0.05046
281591 0.04989
281603 0.05028
281615 0.05027
281675 0.05033
281711 0.05041
281723 0.05031
281735 0.05031
281759 0.04996
281819 0.05037
281843 0.05027
281855 0.05027
281891 0.05018
281903 0.05026
281951 0.0498
281975 0.05032
281987 0.05031
281999 0.05031
282035 0.04946
282047 0.0502
282083 0.05018
282095 0.05011
282107 0.05035
282119 0.04819
282131 0.05036
282179 0.04956
282191 0.05024
282203 0.05039
282263 0.05041
282275 0.05021
282347 0.05045
282359 0.05023
282371 0.05018
282419 0.05025
282431 0.05026
282443 0.05049
282455 0.0505
282467 0.05005
282479 0.05014
282491 0.05028
282539 0.05012
282551 0.05049
282575 0.05048
282587 0.04946
282611 0.05009
282647 0.05008
282659 0.05007
282695 0.04989
282719 0.04685
282731 0.05042
282743 0.05042
282755 0.04941
282779 0.04935
282791 0.05003
282803 0.0504
282815 0.05018
282839 0.05044
282863 0.05045
282875 0.04932
282899 0.04762
282923 0.04989
282935 0.04938
282947 0.05034
282983 0.05033
283019 0.05051
283091 0.05048
283103 0.04982
283127 0.05028
283175 0.05045
283187 0.05026
283199 0.04921
283223 0.05025
283235 0.05043
283247 0.04987
283259 0.04903
283271 0.05042
283307 0.05039
283319 0.0504
283331 0.0504
283343 0.05041
283367 0.05042
283379 0.04982
283391 0.04972
283415 0.05036
283427 0.05045
283475 0.05034
283499 0.04978
283523 0.05033
283535 0.05014
283547 0.0505
283559 0.04916
283595 0.0505
283619 0.04919
283643 0.05016
283667 0.04963
283691 0.05008
283715 0.05046
283727 0.05045
283739 0.04969
283751 0.05024
283775 0.04951
283787 0.05043
283847 0.05025
283871 0.0502
283919 0.04691
283931 0.05029
283943 0.04999
283955 0.04999
283967 0.05037
283991 0.04951
284015 0.05015
284027 0.05033
284075 0.05035
284087 0.04957
284099 0.05012
284147 0.05031
284171 0.0501
284195 0.0504
284207 0.05041
284255 0.04995
284279 0.04746
284291 0.05025
284303 0.05045
284315 0.05045
284327 0.05024
284351 0.04948
284363 0.05003
284399 0.05002
284435 0.05
284471 0.04927
284495 0.04943
284519 0.04958
284531 0.05007
284543 0.05047
284567 0.05009
284627 0.05044
284639 0.04938
284663 0.05043
284675 0.05014
284687 0.04936
284711 0.05015
284735 0.05016
284771 0.05039
284795 0.05019
284855 0.05006
284867 0.05022
284891 0.05035
284939 0.04928
284951 0.04982
284975 0.05001
284987 0.05001
284999 0.04981
285011 0.05
285035 0.0503
285047 0.0503
285095 0.04959
285107 0.04997
285131 0.05027
285143 0.05034
285155 0.05026
285167 0.04857
285203 0.05037
285215 0.05037
285239 0.04545
285275 0.04916
285299 0.04992
285311 0.0499
285347 0.0495
285371 0.05044
285383 0.04967
285395 0.05017
285407 0.05045
285419 0.04997
285431 0.04998
285443 0.04985
285455 0.05015
285467 0.05015
285479 0.04758
285491 0.05049
285503 0.0505
285515 0.04944
285527 0.05002
285551 0.04961
285563 0.0505
285575 0.04942
285587 0.05011
285623 0.05048
285635 0.05047
285647 0.04903
285671 0.05008
285743 0.05005
285755 0.05043
285779 0.04899
285851 0.05016
285875 0.04932
285899 0.04776
285911 0.04999
285923 0.04999
285935 0.05037
285947 0.0502
285959 0.04826
285995 0.05035
286031 0.05024
286055 0.05033
286067 0.05032
286079 0.04943
286091 0.05031
286139 0.04941
286151 0.04991
286175 0.0499
286211 0.04989
286235 0.04959
286247 0.05033
286259 0.05033
286271 0.04961
286307 0.04955
286343 0.05022
286379 0.05039
286391 0.05021
286439 0.048
286475 0.0497
286511 0.05017
286523 0.05016
286535 0.04947
286559 0.05046
286571 0.04855
286607 0.05013
286631 0.04861
286667 0.04905
286679 0.05051
286691 0.0505
286715 0.05049
286775 0.05007
286787 0.04983
286799 0.04806
286823 0.05006
286847 0.04967
286883 0.04987
286895 0.05003
286907 0.04896
286931 0.05002
286955 0.04963
286979 0.0472
286991 0.05
287015 0.05039
287039 0.05038
287051 0.04994
287063 0.04997
287111 0.04908
287171 0.05033
287207 0.04954
287231 0.05031
287255 0.04991
287267 0.04922
287303 0.04951
287315 0.05006
287339 0.05027
287363 0.04881
287375 0.05026
287411 0.04985
287423 0.04917
287447 0.05024
287459 0.04896
287471 0.04983
287483 0.04983
287495 0.05014
287519 0.05021
287531 0.04981
287543 0.04912
287555 0.0502
287591 0.04873
287615 0.05019
287627 0.05019
287639 0.0489
287651 0.0502
287675 0.04938
287687 0.05015
287699 0.04888
287711 0.04887
287723 0.04974
287735 0.04866
287807 0.05011
287843 0.0497
287879 0.05009
287891 0.04931
287915 0.04826
287951 0.05033
287963 0.04928
287975 0.05034
287999 0.04866
288011 0.05004
288035 0.05003
288047 0.04925
288071 0.05038
288083 0.05039
288095 0.05001
288107 0.0504
288119 0.04873
288131 0.04883
288155 0.04999
288167 0.05042
288215 0.04807
288251 0.04918
288263 0.04956
288275 0.05047
288311 0.05049
288347 0.04992
288419 0.04884
288431 0.04989
288443 0.04912
288455 0.05048
288479 0.04887
288503 0.05046
288515 0.04909
288563 0.04946
288575 0.04984
288587 0.05043
288599 0.04984
288611 0.04893
288659 0.04982
288671 0.04904
288695 0.04873
288707 0.0498
288719 0.04734
288791 0.049
288815 0.05035
288827 0.04913
288863 0.04935
288887 0.04974
288899 0.04973
288911 0.04896
288923 0.04933
288959 0.04907
288971 0.0503
288983 0.04844
288995 0.05029
289007 0.05029
289043 0.05027
289055 0.04842
289079 0.04967
289091 0.05026
289115 0.05025
289163 0.04927
289175 0.05023
289199 0.04837
289247 0.04961
289259 0.04639
289271 0.0496
289307 0.04922
289355 0.04935
289391 0.04956
289403 0.05015
289415 0.04879
289451 0.04878
289475 0.04953
289535 0.0501
289547 0.04951
289571 0.04934
289583 0.04717
289595 0.05008
289619 0.04926
289631 0.04909
289655 0.04948
289691 0.0495
289703 0.04839
289751 0.04839
289775 0.04943
289787 0.05002
289811 0.04944
289823 0.05
289835 0.05
289883 0.04901
289895 0.04958
289931 0.04949
289943 0.0496
289979 0.04936
290003 0.04849
290015 0.04994
290051 0.04993
290063 0.04992
290075 0.04808
290087 0.04956
290099 0.04689
290123 0.0499
290147 0.04989
290159 0.04959
290195 0.04929
290207 0.04987
290231 0.04859
290255 0.04963
290267 0.04963
290279 0.04955
290291 0.04964
290303 0.04984
290315 0.04976
290339 0.04799
290363 0.04884
290375 0.04979
290387 0.04959
290411 0.0498
290423 0.04981
290435 0.04979
290507 0.04918
290519 0.04974
290543 0.04986
290567 0.04976
290579 0.04967
290615 0.04969
290639 0.04979
290651 0.04972
290675 0.04981
290687 0.04981
290723 0.0488
290747 0.0491
290795 0.04997
290831 0.04966
290867 0.0483
290891 0.04981
290903 0.04829
290915 0.05002
290927 0.04991
290951 0.04903
290975 0.04797
291011 0.05006
291023 0.04959
291047 0.05007
291059 0.04997
291071 0.05008
291095 0.04957
291119 0.0499
291131 0.05011
291227 0.05004
291239 0.04894
291275 0.05006
291311 0.04998
291323 0.05019
291335 0.04999
291383 0.04908
291407 0.05023
291431 0.0491
291455 0.04886
291515 0.04943
291527 0.04845
291551 0.05029
291575 0.0503
291587 0.05019
291599 0.04917
291611 0.04939
291623 0.04842
291635 0.05032
291659 0.0488
291671 0.05014
291695 0.05024
291707 0.05015
291719 0.05025
291731 0.04935
291755 0.04782
291803 0.04926
291827 0.05041
291851 0.04798
291863 0.05042
291875 0.05043
291911 0.0493
291935 0.04928
291947 0.05046
291959 0.0487
291995 0.04764
292007 0.05048
292019 0.05038
292031 0.04935
292043 0.04828
292067 0.04761
292115 0.04939
292139 0.05033
292151 0.05043
292175 0.0492
292199 0.05045
292211 0.05037
292235 0.05047
292271 0.05039
292295 0.04783
292307 0.0505
292331 0.05051
292355 0.05043
292379 0.04771
292391 0.05049
292403 0.04951
292415 0.04712
292463 0.05038
292475 0.05037
292487 0.05048
292499 0.04955
292511 0.05049
292523 0.05035
292535 0.04957
292547 0.04814
292559 0.04958
292571 0.04958
292583 0.04817
292595 0.05042
292655 0.04847
292739 0.05045
292751 0.05028
292775 0.05036
292787 0.05043
292811 0.04968
292823 0.0472
292859 0.05033
292871 0.05024
292883 0.05023
292907 0.05039
292919 0.05031
292931 0.05021
292955 0.05037
292991 0.05028
293003 0.05019
293027 0.05027
293039 0.05034
293075 0.05026
293111 0.05032
293135 0.05031
293159 0.04659
293171 0.05013
293183 0.04886
293195 0.05029
293231 0.05028
293243 0.04995
293255 0.05019
293267 0.05026
293291 0.05018
293303 0.04847
293315 0.05017
293327 0.05024
293363 0.04992
293375 0.05023
293387 0.04784
293411 0.05021
293471 0.04855
293519 0.0501
293531 0.05017
293567 0.04874
293579 0.05001
293591 0.05001
293615 0.04998
293627 0.05007
293663 0.0489
293675 0.05005
293687 0.05005
293735 0.05007
293747 0.0501
293771 0.05009
293795 0.05001
293819 0.05008
293879 0.05006
293891 0.04872
293903 0.04873
293915 0.05004
293927 0.04987
293951 0.05016
293963 0.05017
293975 0.04986
294011 0.05019
294035 0.05
294071 0.04999
294095 0.04982
294143 0.04883
294191 0.05026
294215 0.04978
294239 0.05028
294275 0.04888
294287 0.04992
294299 0.04984
294323 0.04917
294335 0.05032
294371 0.05034
294395 0.04893
294407 0.04971
294419 0.05036
294455 0.05038
294491 0.05039
294503 0.04925
294515 0.04976
294527 0.04976
294539 0.04951
294575 0.04974
294587 0.04794
294599 0.05044
294611 0.04839
294635 0.05045
294671 0.04979
294683 0.04962
294695 0.04978
294719 0.05049
294743 0.0496
294755 0.0505
294779 0.04975
294791 0.04908
294839 0.0454
294851 0.04965
294863 0.05048
294875 0.04955
294899 0.04971
294935 0.04953
294959 0.04937
294971 0.05044
294995 0.05044
295019 0.04959
295043 0.05042
295067 0.04949
295091 0.04957
295127 0.04947
295139 0.05039
295151 0.04962
295175 0.05037
295211 0.05036
295223 0.04955
295235 0.04928
295295 0.05033
295307 0.0495
295331 0.04956
295343 0.05032
295355 0.04948
295367 0.04961
295391 0.04954
295403 0.04938
295427 0.04953
295475 0.04966
295487 0.04951
295499 0.04919
295523 0.04968
295559 0.0458
295583 0.05023
295619 0.04939
295631 0.04972
295643 0.05021
295655 0.04929
295667 0.04945
295679 0.0502
295715 0.04976
295739 0.04943
295775 0.05017
295883 0.04983
295895 0.05013
295907 0.04955
295919 0.05012
295931 0.04985
295955 0.04986
295979 0.0501
295991 0.0496
296003 0.05009
296015 0.04959
296063 0.0499
296075 0.04964
296087 0.04962
296111 0.04992
296135 0.04993
296147 0.04994
296171 0.05004
296207 0.04969
296219 0.04895
296255 0.04969
296267 0.04999
296291 0.04973
296303 0.04908
296339 0.04973
296351 0.04973
296375 0.05003
296399 0.04996
296411 0.04938
296423 0.04995
296435 0.04995
296447 0.04977
296459 0.04911
296471 0.0498
296495 0.04981
296555 0.05011
296567 0.04946
296603 0.04946
296615 0.05013
296639 0.04988
296675 0.04896
296699 0.04986
296711 0.04985
296723 0.05018
296735 0.04991
296747 0.04954
296759 0.0499
296783 0.04894
296807 0.05021
296855 0.05023
296867 0.04997
296879 0.04814
296891 0.04996
296903 0.04998
296915 0.04999
296927 0.05026
296963 0.05028
296975 0.05028
296999 0.05
297011 0.05003
297047 0.05031
297071 0.05003
297107 0.05005
297119 0.04972
297131 0.05008
297143 0.04971
297155 0.05036
297203 0.04912
297239 0.0501
297275 0.04966
297287 0.05041
297299 0.04966
297383 0.05045
297395 0.04979
297407 0.05046
297419 0.04982
297431 0.05047
297443 0.04981
297455 0.05021
297479 0.0502
297491 0.0505
297515 0.05051
297527 0.04925
297539 0.05023
297551 0.05025
297575 0.05026
297587 0.04989
297599 0.05025
297611 0.04988
297635 0.05047
297647 0.05029
297743 0.05044
297755 0.05032
297767 0.05034
297815 0.05034
297827 0.04999
297839 0.04999
297851 0.05037
297863 0.04998
297875 0.05039
297887 0.05039
297923 0.04855
297935 0.05037
297947 0.05037
297959 0.05004
297995 0.05043
298007 0.04868
298019 0.05043
298067 0.05046
298079 0.05009
298091 0.05046
298103 0.05048
298115 0.04864
298139 0.04938
298151 0.0503
298175 0.05011
298235 0.05049
298271 0.05049
298319 0.05048
298331 0.05047
298379 0.05046
298391 0.05044
298403 0.05021
298415 0.05044
298439 0.04879
298463 0.05041
298475 0.05019
298499 0.05026
298511 0.05041
298547 0.0504
298571 0.05038
298595 0.05038
298619 0.04922
298643 0.05035
298655 0.05013
298703 0.04974
298751 0.05037
298763 0.05036
298775 0.05038
298787 0.05032
298811 0.05039
298835 0.05039
298859 0.05041
298871 0.05029
298883 0.05041
298919 0.05042
298931 0.05044
298967 0.05046
298979 0.0491
298991 0.05047
299015 0.05048
299051 0.05047
299075 0.0505
299111 0.0505
299123 0.04863
299135 0.0502
299195 0.05048
299207 0.04994
299219 0.05048
299255 0.05047
299279 0.049
299291 0.05046
299303 0.05013
299327 0.05014
299339 0.05043
299375 0.05043
299387 0.05012
299399 0.04815
299423 0.05004
299483 0.04997
299495 0.05039
299519 0.05038
299531 0.05038
299543 0.05037
299555 0.05009
299615 0.05033
299627 0.05012
299639 0.05034
299663 0.05033
299675 0.05033
299735 0.05007
299759 0.04891
299795 0.05029
299831 0.05028
299867 0.05025
299879 0.05026
299915 0.05025
299927 0.05015
299939 0.05024
299963 0.05026
299975 0.04992
299987 0.04968
299999 0.04943
300011 0.05028
300035 0.05021
300059 0.04989
300071 0.05018
300083 0.05031
300095 0.05019
300107 0.04988
300155 0.05034
300179 0.05016
300215 0.04961
300227 0.0496
300251 0.05038
300263 0.0491
300275 0.0503
300311 0.0504
300335 0.05041
300359 0.05008
300383 0.05009
300395 0.04978
300407 0.05035
300419 0.05006
300443 0.05037
300467 0.05047
300479 0.05006
300527 0.04787
300539 0.05004
300551 0.05041
300563 0.05051
300575 0.05042
300587 0.05051
300599 0.05002
300659 0.04855
300731 0.05046
300755 0.04974
300767 0.0505
300791 0.05051
300803 0.05051
300815 0.04934
300827 0.0505
300839 0.04978
300863 0.04867
300875 0.04993
300887 0.05041
300899 0.04992
300911 0.04981
300935 0.05039
300947 0.05046
300983 0.05037
300995 0.05037
301007 0.05044
301031 0.04986
301043 0.04955
301055 0.05042
301103 0.05041
301139 0.0499
301151 0.04953
301163 0.04951
301175 0.05031
301187 0.04952
301199 0.04982
301223 0.04837
301235 0.05029
301271 0.05028
301307 0.04948
301379 0.05
301391 0.05031
301415 0.05002
301427 0.05022
301439 0.05002
301451 0.05029
301475 0.05028
301511 0.05027
301523 0.05027
301535 0.04964
301547 0.05026
301559 0.05007
301571 0.0497
301595 0.05009
301607 0.04967
301631 0.04968
301667 0.05014
301679 0.04966
301691 0.05014
301727 0.04934
301763 0.05019
301775 0.05016
301787 0.05018
301799 0.05017
301811 0.05018
301823 0.04781
301835 0.05019
301847 0.04959
301859 0.0502
301871 0.05015
301883 0.05015
301895 0.05007
301919 0.04957
301955 0.05024
301967 0.04926
302015 0.05026
302039 0.04984
302051 0.04983
302063 0.05028
302075 0.04953
302099 0.0503
302147 0.05006
302183 0.04989
302195 0.04991
302207 0.04947
302219 0.04992
302231 0.04948
302243 0.04991
302255 0.05036
302303 0.05038
302315 0.04994
302327 0.04996
302339 0.0464
302351 0.04997
302363 0.0504
302375 0.04998
302387 0.04999
302423 0.04989
302435 0.05001
302471 0.04988
302495 0.04939
302519 0.05047
302531 0.05047
302543 0.04993
302555 0.05048
302591 0.05007
302603 0.04991
302615 0.05006
302639 0.05009
302651 0.04989
302675 0.0501
302687 0.05011
302699 0.05011
302735 0.04979
302771 0.05046
302795 0.05045
302807 0.04977
302855 0.05016
302867 0.04982
302879 0.05042
302915 0.04926
302939 0.0504
302963 0.0502
302975 0.05023
302987 0.04978
303023 0.05038
303047 0.04976
303071 0.04958
303083 0.05025
303095 0.05028
303107 0.05028
303131 0.05029
303167 0.04916
303179 0.04916
303203 0.04963
303215 0.04971
303227 0.0497
303239 0.04838
303275 0.04961
303311 0.04967
303335 0.04911
303347 0.05038
303359 0.04911
303383 0.04965
303419 0.05039
303443 0.04963
303455 0.05042
303479 0.05041
303503 0.04875
303527 0.04976
303563 0.0502
303575 0.05019
303611 0.05049
303623 0.05047
303659 0.05017
303695 0.0505
303707 0.04947
303719 0.05051
303743 0.04862
303755 0.0505
303791 0.05012
303851 0.04943
303863 0.0501
303875 0.05044
303887 0.04949
303899 0.05045
303911 0.04992
303923 0.04893
303935 0.05007
303947 0.0494
303971 0.05041
303995 0.05042
304007 0.04889
304031 0.04997
304043 0.04997
304079 0.04872
304103 0.04942
304115 0.04941
304139 0.05035
304175 0.05036
304235 0.05032
304247 0.0493
304271 0.04936
304283 0.05032
304307 0.0503
304319 0.0488
304343 0.0488
304355 0.04994
304379 0.04993
304415 0.04992
304451 0.05025
304463 0.05026
304475 0.05026
304499 0.04875
304535 0.05024
304547 0.05022
304571 0.05023
304583 0.04986
304607 0.04897
304655 0.0502
304703 0.04922
304727 0.05016
304775 0.0492
304799 0.05014
304835 0.05014
304859 0.04904
304871 0.04899
304895 0.04976
304919 0.04861
304931 0.05009
304955 0.0501
304991 0.05009
305003 0.05036
305015 0.05008
305027 0.05006
305051 0.05007
305075 0.05039
305087 0.0504
305099 0.05004
305123 0.05041
305171 0.05043
305183 0.05002
305195 0.05044
305207 0.04922
305279 0.04964
305315 0.04926
305327 0.04918
305375 0.05051
305399 0.0496
305435 0.04994
305447 0.05048
305519 0.04783
305531 0.05046
305555 0.04989
305567 0.05044
305579 0.0499
305591 0.04989
305615 0.04987
305651 0.05042
305675 0.04986
305687 0.04985
305699 0.04984
305711 0.04985
305735 0.05039
305747 0.05039
305795 0.04942
305807 0.04981
305819 0.04833
305831 0.04981
305855 0.04979
305879 0.0498
305891 0.05034
305915 0.05033
305939 0.04978
305951 0.05032
305975 0.04977
306035 0.05029
306059 0.04974
306071 0.04956
306095 0.05027
306107 0.04971
306119 0.0497
306131 0.05026
306143 0.04971
306179 0.0497
306203 0.04962
306215 0.04962
306227 0.04963
306251 0.04966
306275 0.04967
306287 0.04965
306299 0.04841
306311 0.04966
306323 0.04958
306335 0.04958
306383 0.04963
306395 0.05017
306443 0.04961
306515 0.05013
306527 0.04957
306539 0.04972
306575 0.05011
306599 0.04921
306611 0.04969
306623 0.0501
306635 0.05009
306647 0.04953
306659 0.04847
306671 0.04954
306683 0.04981
306719 0.04952
306743 0.05006
306755 0.04984
306767 0.04984
306791 0.05004
306851 0.05002
306863 0.0498
306875 0.05002
306887 0.05001
306923 0.04991
306935 0.04866
306959 0.04909
306983 0.04993
306995 0.04985
307007 0.04849
307043 0.04996
307055 0.04996
307115 0.04995
307127 0.04999
307139 0.04904
307175 0.04997
307199 0.04937
307211 0.05002
307235 0.05
307247 0.05004
307271 0.0484
307295 0.05002
307319 0.04933
307331 0.05007
307379 0.05006
307403 0.04885
307427 0.05011
307439 0.04929
307463 0.05009
307475 0.05009
307487 0.04926
307499 0.04926
307547 0.05016
307559 0.04925
307607 0.05018
307643 0.0502
307655 0.05017
307679 0.05018
307703 0.05013
307739 0.0492
307751 0.05015
307763 0.05021
307775 0.05025
307787 0.04799
307799 0.04916
307835 0.05019
307847 0.05028
307883 0.04821
307895 0.05026
307907 0.04968
307943 0.04913
307955 0.04913
307991 0.04965
308039 0.04911
308063 0.04903
308075 0.05037
308087 0.05038
308111 0.04962
308171 0.05041
308183 0.05041
308195 0.05042
308207 0.05034
308231 0.05043
308243 0.0504
308279 0.05042
308315 0.05047
308339 0.04914
308363 0.05045
308375 0.0504
308387 0.05041
308399 0.04899
308459 0.04826
308471 0.05049
308483 0.04928
308495 0.04929
308531 0.05047
308543 0.05047
308555 0.05047
308567 0.05046
308579 0.05049
308591 0.05049
308603 0.05048
308651 0.05051
308675 0.0505
308687 0.05049
308699 0.05045
308735 0.05041
308747 0.0474
308771 0.05047
308783 0.05042
308795 0.04941
308819 0.05041
308831 0.0504
308843 0.05044
308855 0.05044
308867 0.05036
308879 0.04918
308915 0.05038
308963 0.04922
308975 0.05033
308987 0.0504
309023 0.05038
309035 0.05031
309047 0.04909
309071 0.04952
309119 0.04841
309143 0.0503
309155 0.05034
309179 0.04947
309191 0.05029
309203 0.0478
309227 0.04917
309239 0.04697
309263 0.05031
309275 0.0496
309287 0.04924
309299 0.04961
309335 0.04962
309347 0.05021
309419 0.04957
309431 0.05025
309443 0.05025
309455 0.0502
309467 0.05024
309491 0.05019
309515 0.04944
309551 0.05021
309563 0.05021
309575 0.05021
309611 0.05012
309659 0.05014
309683 0.0495
309695 0.05012
309755 0.0501
309767 0.05014
309815 0.04982
309827 0.05012
309839 0.05008
309875 0.05007
309887 0.04943
309923 0.05002
309947 0.05008
309959 0.05004
309971 0.05003
309983 0.04988
309995 0.05003
310007 0.04901
310031 0.05006
310067 0.05005
310103 0.04996
310115 0.04999
310139 0.04844
310151 0.05002
310163 0.04997
310175 0.0497
310199 0.04997
310247 0.04992
310259 0.04999
310271 0.04998
310295 0.05001
310307 0.04997
310319 0.05002
310331 0.04989
310343 0.04977
310391 0.04994
310403 0.04996
310415 0.04997
310451 0.05007
310475 0.04966
310487 0.04991
310523 0.04832
310535 0.0499
310583 0.05003
310607 0.04972
310619 0.05005
310679 0.0499
310691 0.04977
310703 0.05017
310739 0.04992
310751 0.0501
310763 0.05019
310775 0.04978
310787 0.04981
310799 0.04977
310811 0.04995
310835 0.04981
310847 0.04972
310871 0.05024
310895 0.04983
310907 0.04873
310943 0.05018
310967 0.04976
310979 0.04971
310991 0.05028
311015 0.0497
311039 0.0503
311051 0.05031
311063 0.05005
311075 0.05032
311087 0.04991
311135 0.05034
311147 0.0497
311159 0.05035
311195 0.05028
311207 0.04995
311231 0.05038
311243 0.04967
311255 0.0503
311315 0.05041
311327 0.04964
311339 0.05042
311351 0.05034
311363 0.04771
311375 0.05044
311387 0.04764
311411 0.05019
311423 0.04957
311435 0.05046
311459 0.05038
311471 0.04953
311483 0.04955
311519 0.05049
311531 0.05024
311543 0.05024
311591 0.05026
311639 0.05048
311651 0.05048
311663 0.04953
311675 0.05047
311699 0.05031
311723 0.04847
311771 0.05051
311783 0.0495
311795 0.0505
311819 0.04944
311831 0.05042
311855 0.04789
311879 0.05048
311891 0.05023
311927 0.04964
311939 0.04787
311975 0.05038
312011 0.05043
312035 0.05044
312059 0.05035
312095 0.05041
312119 0.05047
312131 0.05032
312143 0.05032
312155 0.05049
312167 0.04937
312179 0.05038
312191 0.0505
312215 0.05037
312263 0.05035
312275 0.05049
312287 0.04978
312359 0.05046
312395 0.05031
312455 0.05045
312467 0.04985
312479 0.05021
312491 0.05046
312503 0.05042
312515 0.05027
312539 0.05048
312575 0.0505
312587 0.0499
312611 0.05024
312635 0.0505
312647 0.04992
312659 0.05016
312671 0.05049
312683 0.05015
312707 0.0492
312731 0.05013
312755 0.05034
312791 0.05032
312803 0.05018
312827 0.04821
312851 0.05043
312875 0.05016
312911 0.0491
312935 0.05028
312947 0.0476
312959 0.04756
312983 0.04912
312995 0.05038
313007 0.05038
313019 0.05025
313043 0.05024
313055 0.05037
313067 0.05036
313091 0.05023
313115 0.05022
313175 0.05013
313199 0.04998
313223 0.05005
313235 0.05031
313283 0.05003
313319 0.05001
313355 0.04993
313379 0.05021
313403 0.04892
313427 0.05025
313451 0.04893
313475 0.05025
313487 0.04896
313499 0.04989
313511 0.05026
313535 0.04995
313547 0.04908
313559 0.05028
313595 0.04993
313607 0.04911
313631 0.05018
313691 0.05034
313703 0.05003
313751 0.05002
313775 0.05013
313787 0.0488
313799 0.05013
313811 0.05038
313823 0.04978
313835 0.05039
313847 0.0504
313859 0.04998
313871 0.04998
313895 0.05042
313919 0.05009
313943 0.04982
313967 0.05007
314015 0.04993
314027 0.04803
314075 0.05049
314087 0.05004
314099 0.0505
314111 0.0505
314123 0.04869
314147 0.05051
314195 0.04967
314207 0.0481
314231 0.04999
314291 0.04971
314315 0.0497
314375 0.04982
314387 0.04994
314411 0.04967
314435 0.04992
314447 0.04885
314459 0.04965
314471 0.0504
314483 0.04958
314495 0.04964
314519 0.05039
314531 0.04977
314555 0.04976
314579 0.05037
314615 0.05036
314663 0.04807
314675 0.04972
314687 0.05033
314699 0.04972
314735 0.05032
314783 0.04969
314795 0.04849
314843 0.04967
314939 0.04963
314951 0.04976
314963 0.04949
314975 0.04965
314987 0.04906
314999 0.04975
315023 0.04947
315035 0.04973
315071 0.05021
315095 0.0502
315119 0.04944
315131 0.04937
315143 0.04958
315167 0.04969
315191 0.05017
315203 0.04956
315215 0.04941
315239 0.05016
315275 0.05014
315287 0.04965
315299 0.04953
315311 0.04938
315347 0.04838
315383 0.04929
315419 0.04961
315431 0.0501
315443 0.04927
315455 0.05009
315479 0.04959
315491 0.04985
315503 0.04932
315563 0.04944
315575 0.04988
315587 0.05005
315611 0.05004
315623 0.04929
315647 0.04954
315659 0.05002
315683 0.04824
315695 0.0494
315707 0.05001
315719 0.04919
315731 0.05
315755 0.04999
315767 0.0495
315791 0.04998
315815 0.04949
315827 0.04998
315839 0.04997
315863 0.04935
315875 0.04995
315887 0.04825
315923 0.04877
315935 0.04943
315947 0.05003
315971 0.04932
315983 0.04931
316007 0.04991
316091 0.0494
316103 0.04884
316115 0.04923
316151 0.05011
316163 0.04925
316175 0.04912
316187 0.04937
316199 0.05013
316211 0.04954
316247 0.04935
316295 0.05016
316307 0.04892
316319 0.05017
316355 0.0498
316367 0.05019
316415 0.05021
316427 0.04962
316451 0.05022
316463 0.04937
316475 0.04887
316487 0.05024
316511 0.05025
316523 0.049
316535 0.04926
316547 0.04974
316595 0.05028
316607 0.05028
316619 0.04972
316643 0.04911
316715 0.04946
316727 0.04858
316739 0.04947
316751 0.05034
316763 0.04886
316775 0.05035
316799 0.04966
316811 0.0495
316871 0.05039
316883 0.04903
316895 0.04953
316931 0.04962
316979 0.04957
317015 0.04958
317027 0.04959
317039 0.04986
317075 0.0496
317099 0.04988
317111 0.05048
317135 0.05049
317147 0.04924
317183 0.04914
317231 0.04879
317243 0.04878
317255 0.04994
317375 0.04972
317423 0.04974
317471 0.05042
317507 0.04944
317519 0.0504
317531 0.05005
317555 0.05039
317567 0.04941
317579 0.05038
317603 0.04942
317615 0.05008
317627 0.04943
317675 0.04984
317687 0.05035
317699 0.04938
317735 0.04986
317807 0.05031
317819 0.04989
317843 0.04931
317855 0.04933
317867 0.04933
317879 0.05029
317915 0.04993
317927 0.05021
317939 0.05027
317951 0.05021
317975 0.05022
318011 0.05025
318047 0.0488
318059 0.04867
318071 0.0496
318083 0.04911
318095 0.05022
318119 0.05028
318155 0.04851
318167 0.0502
318215 0.04966
318227 0.05032
318239 0.04955
318251 0.05033
318275 0.05034
318311 0.05035
318359 0.05037
318371 0.05013
318383 0.04973
318395 0.05039
318491 0.05015
318527 0.05044
318539 0.05008
318551 0.05045
318563 0.05018
318575 0.0496
318587 0.05007
318599 0.05006
318611 0.0502
318623 0.0483
318659 0.05022
318695 0.05023
318707 0.05003
318719 0.05051
318755 0.04967
318767 0.05001
318779 0.05049
318791 0.05
318803 0.05028
318815 0.04999
318827 0.0483
318839 0.05047
318875 0.05046
318935 0.05044
318947 0.04995
318959 0.04995
318971 0.04975
319007 0.05042
319019 0.04977
319055 0.04999
319067 0.0504
319079 0.04988
319091 0.0495
319103 0.05039
319139 0.05037
319151 0.05037
319175 0.05036
319199 0.04984
319235 0.05044
319247 0.05006
319271 0.05033
319283 0.04996
319295 0.05008
319307 0.04841
319319 0.05048
319331 0.05009
319355 0.0501
319367 0.0496
319403 0.04992
319415 0.05051
319451 0.0505
319463 0.05014
319475 0.04995
319523 0.05047
319559 0.05046
319571 0.05046
319583 0.05019
319595 0.05045
319619 0.05
319631 0.05022
319643 0.05001
319655 0.05043
319667 0.04862
319703 0.05042
319715 0.05024
319775 0.05026
319787 0.05027
319799 0.05017
319823 0.05038
319835 0.05038
319871 0.0503
319895 0.05014
319907 0.05013
319955 0.05022
319979 0.05023
319991 0.05033
320003 0.05035
320015 0.05032
320051 0.04987
320075 0.05038
320087 0.05038
320123 0.0504
320135 0.05029
320147 0.05041
320171 0.0503
320183 0.05027
320195 0.04922
320207 0.05043
320231 0.05032
320243 0.05033
320255 0.05045
320279 0.05034
320327 0.04848
320351 0.05029
320363 0.05049
320375 0.0505
320399 0.0503
320411 0.05031
320423 0.0504
320435 0.05032
320447 0.04996
320459 0.04996
320495 0.05048
320531 0.05044
320543 0.05047
320555 0.05045
320579 0.0485
320639 0.04943
320651 0.05048
320663 0.05049
320675 0.05041
320711 0.05051
320735 0.0505
320771 0.05045
320783 0.05045
320795 0.05015
320819 0.04843
320915 0.0495
320951 0.04911
320963 0.05034
320975 0.05022
320987 0.0498
320999 0.05049
321011 0.05049
321023 0.05048
321035 0.05025
321071 0.0503
321095 0.05039
321107 0.05027
321131 0.05045
321167 0.04927
321179 0.05043
321191 0.04973
321215 0.05042
321263 0.05034
321275 0.04992
321287 0.05034
321335 0.04921
321347 0.04927
321407 0.04967
321455 0.05041
321479 0.05027
321491 0.05027
321503 0.04973
321527 0.04963
321539 0.05032
321551 0.05045
321563 0.05045
321575 0.04983
321587 0.04773
321599 0.0503
321659 0.05021
321683 0.0505
321695 0.0498
321719 0.04957
321731 0.0501
321755 0.04978
321767 0.05008
321791 0.05049
321815 0.05048
321827 0.05007
321839 0.04985
321863 0.04974
321875 0.05046
321887 0.04947
321899 0.05014
321935 0.05013
322007 0.04948
322019 0.05017
322031 0.05041
322043 0.05041
322055 0.05016
322091 0.05015
322103 0.05039
322115 0.05039
322127 0.04997
322151 0.05006
322163 0.04724
322175 0.05037
322187 0.04786
322211 0.05036
322223 0.05
322235 0.04994
322259 0.04893
322295 0.05003
322307 0.04992
322331 0.04891
322355 0.05031
322367 0.04966
322379 0.04999
322391 0.04967
322439 0.05008
322451 0.05028
322475 0.04996
322487 0.05027
322499 0.05002
322535 0.04933
322547 0.05025
322595 0.04999
322619 0.05015
322655 0.05017
322667 0.04977
322679 0.0499
322691 0.05018
322703 0.0502
322715 0.04995
322739 0.04988
322751 0.04994
322763 0.04994
322775 0.04706
322787 0.04982
322799 0.05022
322811 0.04986
322823 0.05023
322847 0.05016
322883 0.05025
322907 0.04973
322943 0.04988
322967 0.04949
322979 0.05029
322991 0.0495
323015 0.05011
323039 0.05031
323051 0.05032
323075 0.04977
323099 0.04915
323111 0.05034
323147 0.05006
323159 0.04727
323171 0.04913
323183 0.05037
323195 0.05005
323219 0.05038
323231 0.05004
323255 0.04962
323291 0.05002
323303 0.04749
323327 0.04861
323351 0.05043
323363 0.05044
323375 0.05004
323387 0.04766
323423 0.04967
323435 0.04973
323447 0.04967
323459 0.05048
323483 0.04956
323495 0.05049
323519 0.0505
323531 0.0505
323543 0.0497
323555 0.05051
323615 0.05014
323663 0.0499
323675 0.0495
323687 0.05016
323723 0.04978
323747 0.04947
323771 0.04987
323783 0.04962
323795 0.0502
323831 0.04985
323843 0.04982
323855 0.05041
323891 0.04959
323939 0.05039
323963 0.05038
323975 0.04988
324023 0.05036
324035 0.05036
324059 0.04947
324071 0.05035
324083 0.04937
324095 0.05032
324155 0.05032
324167 0.04975
324191 0.05031
324215 0.04974
324275 0.05028
324287 0.05039
324311 0.0494
324323 0.0497
324335 0.05001
324347 0.04838
324371 0.05025
324383 0.05025
324407 0.04871
324467 0.04966
324515 0.05048
324527 0.04964
324539 0.05049
324551 0.04963
324563 0.0501
324575 0.04922
324599 0.05051
324611 0.05051
324659 0.04929
324671 0.05016
324683 0.05015
324695 0.04882
324731 0.05047
324779 0.05045
324803 0.05019
324815 0.05044
324827 0.04955
324851 0.05043
324863 0.05021
324875 0.05042
324887 0.04889
324899 0.0489
324911 0.04921
324923 0.04952
324935 0.0504
324947 0.0504
324959 0.0504
324971 0.04892
324995 0.0495
325031 0.04949
325067 0.04865
325091 0.0503
325103 0.04906
325115 0.05031
325127 0.04714
325139 0.04921
325151 0.05001
325175 0.05033
325211 0.05032
325235 0.04918
325247 0.05031
325283 0.04997
325295 0.05038
325331 0.04996
325415 0.05026
325427 0.05043
325451 0.05044
325475 0.04991
325499 0.0491
325511 0.05046
325535 0.05047
325547 0.04933
325559 0.05021
325583 0.04908
325619 0.04987
325655 0.04918
325679 0.04898
325703 0.04928
325715 0.0492
325727 0.05016
325739 0.05016
325775 0.04895
325787 0.05047
325799 0.05014
325811 0.04981
325823 0.05045
325847 0.04894
325859 0.05012
325871 0.05012
325907 0.0501
325931 0.05042
325955 0.0489
325967 0.05009
325979 0.05008
325991 0.0504
326003 0.04975
326027 0.05039
326039 0.05006
326075 0.04934
326135 0.05036
326183 0.04874
326231 0.04912
326243 0.04912
326255 0.04912
326267 0.0482
326279 0.05043
326291 0.04903
326303 0.05031
326315 0.0503
326327 0.0503
326339 0.04997
326363 0.05029
326375 0.05028
326387 0.04996
326399 0.04883
326411 0.05027
326423 0.04883
326447 0.05026
326459 0.04994
326471 0.04961
326483 0.05025
326495 0.05025
326507 0.04992
326531 0.0492
326555 0.05023
326579 0.0499
326603 0.04923
326627 0.05021
326639 0.04988
326675 0.04955
326699 0.0503
326711 0.05018
326735 0.04985
326747 0.04985
326759 0.04873
326771 0.05016
326783 0.05016
326795 0.04983
326807 0.04962
326819 0.04848
326843 0.0495
326879 0.04981
326891 0.0498
326915 0.05012
326963 0.0501
326975 0.0489
326987 0.05021
327047 0.04976
327083 0.05007
327107 0.04942
327131 0.04974
327143 0.04885
327155 0.05004
327167 0.04975
327191 0.05003
327215 0.05003
327227 0.04938
327239 0.04978
327275 0.04881
327287 0.0498
327323 0.04999
327335 0.04982
327359 0.04848
327431 0.04876
327455 0.04995
327467 0.05006
327503 0.04835
327515 0.04961
327527 0.0495
327551 0.04928
327563 0.04872
327575 0.04991
327587 0.04991
327611 0.04953
327623 0.0499
327635 0.04958
327659 0.04925
327671 0.04989
327683 0.04915
327731 0.04997
327743 0.04966
327767 0.04998
327791 0.04968
327863 0.04994
327875 0.05002
327887 0.0495
327899 0.04918
327911 0.04972
327947 0.04966
327959 0.04891
328019 0.04829
328031 0.04978
328055 0.05009
328079 0.0501
328091 0.04976
328115 0.04856
328151 0.04974
328175 0.04973
328187 0.04983
328199 0.04909
328247 0.05016
328259 0.05017
328295 0.04938
328319 0.05019
328355 0.0502
328367 0.04849
328391 0.05022
328403 0.04966
328415 0.04966
328427 0.05023
328451 0.04985
328463 0.04976
328475 0.04945
328487 0.05025
328499 0.05026
328523 0.04844
328547 0.04988
328559 0.05028
328571 0.05028
328583 0.04972
328607 0.04739
328631 0.05031
328643 0.04959
328679 0.04918
328703 0.05002
328715 0.05034
328727 0.05034
328739 0.04921
328751 0.04955
328763 0.05004
328775 0.05005
328799 0.04923
328811 0.05006
328823 0.04999
328835 0.05007
328859 0.05039
328871 0.04889
328895 0.05009
328907 0.05041
328943 0.05011
328955 0.05012
328967 0.05043
329003 0.05005
329015 0.05014
329039 0.04859
329051 0.04966
329063 0.05008
329075 0.05008
329147 0.05011
329159 0.0505
329171 0.0502
329183 0.0502
329231 0.05014
329279 0.04803
329291 0.05016
329303 0.05017
329315 0.05047
329339 0.04907
329351 0.04938
329363 0.05027
329375 0.04874
329411 0.05044
329423 0.05029
329435 0.0503
329447 0.04981
329483 0.05032
329507 0.05024
329531 0.0504
329543 0.05026
329555 0.05034
329567 0.05039
329615 0.05037
329675 0.05036
329699 0.04896
329735 0.05033
329747 0.04993
329759 0.04959
329783 0.04897
329795 0.04889
329807 0.05032
329819 0.04888
329831 0.05036
329843 0.05037
329855 0.05045
329927 0.05028
329939 0.05028
329963 0.0492
329975 0.05042
329987 0.0505
330011 0.04905
330023 0.0505
330035 0.05025
330059 0.0497
330071 0.05049
330095 0.05023
330107 0.05048
330119 0.05022
330155 0.05021
330179 0.04975
330215 0.04905
330239 0.04977
330251 0.0505
330263 0.05043
330275 0.05017
330299 0.04873
330371 0.04895
330395 0.05039
330407 0.05013
330419 0.04887
330443 0.05019
330455 0.04898
330479 0.04865
330491 0.05036
330503 0.05042
330527 0.04915
330539 0.04988
330551 0.05041
330575 0.05033
330635 0.04919
330647 0.05031
330671 0.05037
330695 0.05036
330743 0.0503
330755 0.05003
330779 0.04997
330803 0.05033
330815 0.05026
330827 0.05033
330851 0.05034
330863 0.05025
330875 0.04999
330911 0.0503
330935 0.05029
330947 0.05037
330959 0.04997
330971 0.04941
330995 0.05005
331055 0.04944
331091 0.05009
331103 0.05043
331115 0.05044
331139 0.04938
331151 0.05045
331175 0.04949
331187 0.05022
331223 0.0502
331235 0.04988
331247 0.0502
331271 0.0505
331295 0.0505
331331 0.0505
331343 0.04955
331379 0.04984
331403 0.05048
331415 0.05008
331427 0.04948
331439 0.04925
331475 0.05013
331487 0.05023
331499 0.04927
331535 0.05044
331559 0.04929
331571 0.0501
331583 0.05043
331595 0.05009
331607 0.05042
331631 0.04976
331643 0.04966
331655 0.0503
331679 0.04934
331703 0.04999
331727 0.04999
331751 0.04998
331763 0.05037
331775 0.05034
331787 0.05036
331811 0.05003
331823 0.05035
331835 0.05036
331847 0.05035
331895 0.04968
331931 0.05032
331955 0.05041
331979 0.04945
332003 0.0499
332051 0.05028
332075 0.05028
332111 0.05047
332123 0.04993
332135 0.05026
332171 0.05025
332195 0.05024
332243 0.0499
332255 0.05022
332267 0.0505
332279 0.04957
332327 0.05048
332339 0.04934
332351 0.05047
332363 0.04979
332375 0.04984
332387 0.05046
332423 0.05017
332435 0.05045
332459 0.04939
332483 0.04982
332519 0.04965
332531 0.0499
332543 0.05
332555 0.05041
332603 0.04979
332627 0.04979
332639 0.05038
332663 0.04996
332675 0.05037
332723 0.05008
332735 0.05007
332747 0.04983
332759 0.05035
332771 0.05008
332795 0.04999
332807 0.0501
332819 0.04896
332831 0.05002
332843 0.05011
332867 0.05004
332879 0.05002
332891 0.05013
332915 0.0503
332927 0.0503
332939 0.04971
332963 0.05015
332975 0.05028
332999 0.04941
333011 0.05009
333035 0.05008
333047 0.05018
333059 0.05026
333083 0.05012
333095 0.05012
333119 0.05011
333143 0.05014
333155 0.04989
333167 0.05015
333179 0.0493
333191 0.05022
333203 0.05024
333239 0.04992
333275 0.04993
333311 0.05018
333335 0.05005
333347 0.0503
333371 0.0503
333395 0.04997
333407 0.05024
333431 0.05023
333455 0.05001
333467 0.05026
333515 0.05036
333527 0.05004
333551 0.05037
333575 0.05038
333587 0.05014
333611 0.05039
333635 0.0504
333659 0.05031
333683 0.05018
333707 0.05019
333731 0.05036
333743 0.05036
333839 0.05038
333851 0.05048
333863 0.05049
333875 0.05025
333899 0.05
333935 0.05027
333947 0.04999
333971 0.05045
333983 0.05045
333995 0.05049
334007 0.05046
334055 0.05046
334067 0.04998
334079 0.05023
334091 0.05025
334103 0.05025
334115 0.0505
334151 0.05044
334163 0.05044
334175 0.05028
334211 0.05037
334223 0.05038
334235 0.05004
334259 0.0502
334271 0.05048
334283 0.05047
334295 0.05048
334307 0.05047
334355 0.05043
334367 0.05044
334391 0.05045
334451 0.05043
334463 0.04879
334475 0.05039
334499 0.05038
334523 0.05049
334535 0.05033
334559 0.05031
334583 0.05031
334607 0.0505
334631 0.05045
334691 0.05028
334703 0.05034
334739 0.05005
334763 0.0505
334775 0.05039
334799 0.0504
334811 0.0505
334823 0.05031
334835 0.05043
334847 0.05049
334871 0.0505
334895 0.05043
334907 0.05028
334943 0.0504
334955 0.05046
334967 0.05046
334979 0.05047
335003 0.05045
335027 0.05045
335039 0.05045
335063 0.05043
335075 0.04979
335087 0.05044
335099 0.04965
335111 0.05043
335135 0.0505
335147 0.05042
335183 0.05049
335195 0.0504
335219 0.04985
335231 0.05047
335243 0.05031
335255 0.05046
335267 0.05037
335279 0.05046
335291 0.05045
335303 0.05029
335315 0.05035
335327 0.05015
335339 0.05045
335351 0.05046
335363 0.05034
335375 0.05035
335399 0.05047
335435 0.05041
335447 0.05049
335471 0.0505
335495 0.05051
335543 0.05038
335555 0.05049
335603 0.05037
335615 0.05038
335627 0.05026
335639 0.05027
335651 0.05046
335675 0.05025
335699 0.05045
335723 0.05023
335735 0.05044
335759 0.05043
335795 0.0503
335831 0.05046
335855 0.05028
335891 0.05027
335915 0.05049
335927 0.05038
335951 0.05037
335963 0.05051
335975 0.05037
335987 0.05013
336023 0.0505
336035 0.05049
336047 0.05013
336071 0.05048
336107 0.05033
336131 0.05009
336167 0.05003
336179 0.05045
336191 0.05044
336215 0.05044
336275 0.05042
336287 0.05027
336299 0.05007
336311 0.05025
336323 0.05041
336335 0.0504
336359 0.05025
336371 0.05039
336383 0.05018
336395 0.05028
336407 0.05028
336431 0.05023
336443 0.05037
336455 0.05021
336467 0.05001
336479 0.05022
336515 0.05001
336539 0.05033
336575 0.05035
336611 0.05036
336623 0.05032
336635 0.05027
336647 0.05037
336659 0.05016
336707 0.04987
336719 0.0503
336731 0.05031
336743 0.05031
336755 0.05041
336779 0.05017
336791 0.05043
336815 0.05043
336839 0.05044
336875 0.0502
336935 0.05038
336959 0.05039
336971 0.05024
337019 0.05051
337043 0.05042
337067 0.0505
337079 0.05049
337115 0.05017
337127 0.05048
337151 0.0503
337163 0.05047
337175 0.05046
337187 0.04979
337199 0.05046
337211 0.05048
337247 0.04981
337295 0.05035
337307 0.04977
337319 0.0505
337355 0.04985
337391 0.04974
337403 0.05039
337415 0.05047
337439 0.04981
337451 0.05041
337463 0.05042
337475 0.05006
337499 0.05037
337523 0.05005
337535 0.05036
337559 0.05045
337571 0.04993
337595 0.05034
337619 0.04988
337631 0.04968
337643 0.0504
337679 0.05039
337703 0.04964
337715 0.0503
337727 0.04965
337763 0.05
337775 0.05001
337787 0.05001
337799 0.05049
337811 0.0497
337823 0.05002
337847 0.05026
337883 0.05046
337931 0.05006
337943 0.05007
337955 0.04978
337979 0.05043
338003 0.05029
338015 0.05009
338051 0.0502
338063 0.04913
338075 0.0504
338087 0.05012
338099 0.0504
338111 0.05018
338123 0.05039
338135 0.04961
338195 0.05024
338219 0.05015
338243 0.05035
338291 0.05013
338303 0.0502
338315 0.04981
338351 0.05022
338363 0.05019
338375 0.05022
338399 0.04953
338435 0.0503
338447 0.05025
338459 0.05008
338483 0.05028
338507 0.05007
338519 0.05014
338555 0.05005
338603 0.05025
338627 0.04918
338639 0.05011
338651 0.05023
338663 0.0501
338675 0.05033
338699 0.05009
338711 0.05035
338723 0.05021
338735 0.04938
338771 0.05037
338783 0.04968
338807 0.04933
338819 0.04941
338831 0.04997
338843 0.05018
338855 0.04965
338879 0.05016
338939 0.05015
338951 0.04945
338963 0.04962
338975 0.05001
339011 0.05
339047 0.04991
339083 0.04918
339131 0.05009
339155 0.04953
339167 0.04942
339179 0.05008
339191 0.04994
339203 0.04955
339227 0.05049
339275 0.05047
339299 0.04983
339347 0.04982
339359 0.04982
339395 0.05044
339407 0.04918
339419 0.04988
339431 0.05
339503 0.04985
339515 0.0504
339551 0.05039
339563 0.04983
339575 0.04996
339587 0.0493
339599 0.04982
339611 0.04995
339623 0.04926
339647 0.04928
339683 0.05035
339719 0.04971
339743 0.04991
339755 0.04991
339767 0.04879
339779 0.04924
339791 0.05032
339803 0.04989
339815 0.04989
339851 0.04936
339875 0.04967
339899 0.04986
339911 0.04936
339923 0.05028
339947 0.04938
339971 0.05027
339983 0.04971
339995 0.04796
340019 0.0497
340043 0.05025
340055 0.05024
340067 0.05024
340091 0.0496
340139 0.04928
340163 0.04989
340175 0.05021
340199 0.04991
340235 0.04964
340247 0.04948
340259 0.04993
340319 0.04974
340331 0.04952
340343 0.04973
340367 0.05015
340403 0.05014
340415 0.04971
340427 0.0495
340463 0.04956
340475 0.05012
340487 0.04949
340511 0.05002
340523 0.05011
340535 0.0501
340547 0.0501
340571 0.04954
340595 0.05008
340607 0.05008
340631 0.05007
340655 0.04964
340667 0.0488
340679 0.04943
340691 0.05006
340703 0.05009
340715 0.0501
340727 0.04925
340751 0.04967
340763 0.05011
340775 0.05012
340823 0.04947
340835 0.0497
340847 0.05001
340871 0.05
340883 0.05016
340895 0.05
340907 0.04936
340943 0.04956
340955 0.05018
340967 0.0489
340991 0.04997
341003 0.0502
341015 0.04996
341039 0.05021
341051 0.04995
341075 0.04979
341099 0.04951
341111 0.04993
341147 0.04864
341159 0.05026
341231 0.0499
341243 0.04989
341255 0.04919
341267 0.04989
341279 0.0503
341291 0.04988
341315 0.04945
341351 0.04878
341375 0.04989
341387 0.0499
341399 0.04922
341411 0.05035
341435 0.04992
341483 0.0494
341495 0.05038
341519 0.04939
341531 0.05039
341567 0.04917
341579 0.04925
341591 0.05041
341615 0.04936
341627 0.04998
341651 0.04978
341675 0.05
341699 0.0496
341711 0.05046
341723 0.04885
341735 0.04975
341783 0.04932
341795 0.05005
341807 0.04973
341831 0.05006
341843 0.05006
341867 0.04909
341903 0.04891
341915 0.04928
341939 0.05049
341975 0.04894
341987 0.04901
342011 0.05047
342023 0.05046
342035 0.05046
342095 0.05044
342119 0.05043
342155 0.04963
342167 0.05018
342227 0.0502
342251 0.0498
342263 0.05021
342275 0.04959
342287 0.04853
342311 0.04958
342323 0.04916
342335 0.05037
342383 0.05036
342395 0.0496
342419 0.04986
342443 0.04962
342479 0.05033
342491 0.04891
342503 0.05032
342515 0.0499
342539 0.05031
342551 0.04921
342563 0.05032
342575 0.04992
342587 0.04862
342611 0.05034
342623 0.05029
342635 0.05035
342707 0.05038
342719 0.05026
342731 0.05025
342743 0.04946
342755 0.05039
342767 0.0504
342815 0.04889
342827 0.05001
342839 0.05001
342851 0.05043
342875 0.05044
342887 0.05003
342911 0.04941
342935 0.05019
342959 0.05006
342983 0.04939
342995 0.04931
343007 0.05048
343043 0.04937
343067 0.04937
343091 0.05015
343103 0.04894
343115 0.04935
343139 0.05013
343151 0.05049
343175 0.05048
343211 0.05047
343223 0.05011
343235 0.05016
343247 0.0494
343271 0.05045
343283 0.05009
343319 0.05019
343331 0.05019
343343 0.05043
343355 0.05043
343367 0.05043
343403 0.05042
343427 0.05041
343439 0.05005
343451 0.0504
343475 0.05024
343487 0.04894
343511 0.04949
343523 0.04882
343535 0.05002
343571 0.05037
343595 0.05
343619 0.05005
343643 0.05005
343655 0.05031
343679 0.05032
343703 0.05033
343751 0.04958
343775 0.05035
343811 0.0503
343859 0.05013
343871 0.04968
343883 0.05014
343895 0.0504
343907 0.0497
343919 0.0504
343931 0.0499
343979 0.05043
343991 0.05043
344003 0.04967
344015 0.05044
344027 0.05044
344051 0.05045
344063 0.05021
344075 0.05046
344087 0.04976
344123 0.04906
344135 0.04984
344147 0.04816
344159 0.05024
344195 0.0505
344219 0.05026
344255 0.04911
344267 0.05016
344279 0.05028
344303 0.05029
344339 0.04985
344375 0.05032
344387 0.05046
344399 0.05033
344411 0.05033
344435 0.05045
344447 0.05044
344459 0.05035
344471 0.05043
344507 0.04985
344519 0.05042
344555 0.05038
344579 0.0504
344591 0.0504
344603 0.05006
344615 0.0504
344627 0.04833
344651 0.0499
344675 0.05037
344687 0.0489
344699 0.04927
344711 0.05044
344723 0.04938
344747 0.04907
344783 0.04846
344795 0.04887
344855 0.05049
344867 0.05032
344891 0.05031
344903 0.05051
344915 0.0503
344951 0.05001
344975 0.05049
344999 0.05009
345023 0.05048
345035 0.04939
345059 0.05047
345071 0.05011
345083 0.04879
345107 0.05013
345119 0.05045
345131 0.05014
345167 0.05009
345179 0.04835
345191 0.05022
345203 0.0501
345215 0.04989
345239 0.05041
345251 0.05041
345275 0.0504
345287 0.04828
345299 0.0504
345347 0.05015
345359 0.05018
345371 0.05038
345383 0.04948
345395 0.05017
345407 0.05023
345419 0.04953
345443 0.05035
345455 0.04877
345467 0.05026
345503 0.05034
345515 0.05027
345527 0.05028
345539 0.04825
345563 0.05023
345575 0.05032
345587 0.04793
345611 0.05031
345623 0.05025
345671 0.05033
345695 0.05028
345719 0.05035
345743 0.05027
345767 0.0503
345779 0.05026
345827 0.05004
345839 0.05004
345851 0.05033
345875 0.05023
345911 0.05035
345935 0.05042
345947 0.05043
345959 0.0502
345971 0.05044
345983 0.04984
345995 0.05045
346007 0.04984
346019 0.05045
346055 0.04965
346067 0.05047
346115 0.05043
346127 0.05016
346163 0.05044
346175 0.05051
346199 0.0505
346211 0.05013
346271 0.05048
346283 0.05011
346307 0.05047
346319 0.04963
346343 0.05009
346355 0.04986
346403 0.05049
346415 0.04988
346451 0.05
346463 0.05001
346475 0.05042
346487 0.05002
346499 0.05005
346511 0.05041
346523 0.04923
346535 0.05046
346571 0.05045
346583 0.04949
346595 0.05005
346619 0.04995
346631 0.04996
346655 0.05037
346679 0.05
346691 0.05036
346715 0.04977
346727 0.04945
346775 0.05034
346787 0.05038
346799 0.04976
346811 0.04996
346823 0.05032
346835 0.04995
346847 0.05031
346859 0.05004
346871 0.05036
346907 0.0503
346955 0.05028
346967 0.04986
346979 0.05028
346991 0.04987
347027 0.05031
347039 0.05026
347075 0.0503
347123 0.05013
347147 0.04933
347159 0.04993
347171 0.05015
347207 0.05027
347219 0.0494
347231 0.04948
347255 0.0502
347267 0.05019
347279 0.05019
347339 0.04952
347351 0.05022
347363 0.05022
347375 0.05033
347387 0.05001
347423 0.04891
347435 0.05003
347447 0.05036
347459 0.05004
347471 0.05018
347483 0.04977
347507 0.05038
347543 0.05039
347555 0.04974
347567 0.05011
347603 0.05015
347615 0.05031
347627 0.05042
347639 0.0501
347663 0.05013
347675 0.05033
347687 0.05012
347699 0.04964
347711 0.05045
347723 0.04917
347735 0.04969
347783 0.05048
347795 0.05037
347807 0.05009
347819 0.05003
347831 0.04967
347843 0.0505
347855 0.0505
347903 0.04972
347915 0.0505
347927 0.05042
347939 0.04973
347963 0.04966
347975 0.05048
347999 0.04998
348023 0.05045
348035 0.05046
348047 0.05025
348059 0.05047
348071 0.04956
348095 0.05026
348107 0.04928
348119 0.04979
348131 0.05044
348155 0.04994
348167 0.04993
348203 0.05042
348215 0.05031
348263 0.05032
348275 0.04995
348311 0.05047
348335 0.04965
348347 0.05035
348359 0.05046
348371 0.05045
348383 0.05036
348395 0.05037
348467 0.05034
348491 0.04993
348503 0.05033
348515 0.04972
348539 0.04973
348551 0.0504
348575 0.04988
348599 0.04904
348611 0.05039
348623 0.04997
348635 0.05045
348647 0.05046
348659 0.04998
348683 0.04907
348719 0.04979
348743 0.04994
348755 0.05034
348767 0.04906
348791 0.05003
348803 0.04907
348863 0.05031
348875 0.05006
348887 0.05048
348899 0.04915
348935 0.0502
348947 0.05046
348959 0.05009
348983 0.05028
348995 0.05003
349031 0.05044
349055 0.04973
349067 0.05017
349091 0.05042
349103 0.05024
349115 0.05015
349127 0.05015
349163 0.05016
349175 0.04995
349223 0.05018
349247 0.04969
349259 0.05037
349271 0.0502
349283 0.05019
349307 0.04966
349319 0.05036
349355 0.05017
349391 0.05024
349415 0.04975
349439 0.05032
349451 0.05027
349463 0.05014
349475 0.05006
349487 0.05031
349511 0.05021
349523 0.0496
349535 0.05012
349547 0.04979
349595 0.05028
349607 0.05027
349631 0.05033
349643 0.04941
349679 0.05027
349691 0.05035
349703 0.04908
349715 0.05036
349727 0.05024
349751 0.05037
349763 0.05005
349775 0.05038
349799 0.05022
349811 0.05032
349823 0.04989
349835 0.0504
349859 0.04881
349883 0.05002
349895 0.05042
349943 0.05044
349979 0.04999
349991 0.05016
350027 0.05025
350063 0.05048
350075 0.05014
350099 0.05013
350123 0.05043
350135 0.04995
350171 0.0505
350207 0.04984
350243 0.05004
350267 0.04982
350279 0.05034
350291 0.05049
350303 0.05049
350315 0.05046
350327 0.04937
350375 0.05044
350399 0.05038
350435 0.05049
350471 0.05048
350507 0.05042
350519 0.05043
350531 0.0504
350543 0.05039
350567 0.05044
350579 0.05
350591 0.05044
350627 0.05017
350639 0.05037
350675 0.05048
350687 0.05049
350723 0.04929
350735 0.0504
350795 0.05023
350807 0.05049
350819 0.05032
350855 0.05037
350867 0.05048
350879 0.05047
350927 0.04936
350939 0.05034
350951 0.05045
350975 0.05045
350987 0.04938
350999 0.04989
351083 0.0503
351095 0.04957
351107 0.05034
351119 0.05023
351131 0.05035
351155 0.05039
351167 0.05036
351191 0.04996
351203 0.04992
351215 0.0502
351227 0.05039
351251 0.05025
351263 0.0504
351275 0.05018
351299 0.05035
351323 0.05042
351335 0.05042
351371 0.05033
351395 0.05033
351407 0.05045
351419 0.0489
351431 0.05046
351443 0.0502
351455 0.05031
351467 0.05031
351491 0.05012
351515 0.05018
351539 0.04862
351575 0.05027
351611 0.0505
351623 0.05011
351647 0.04969
351659 0.05025
351671 0.05013
351683 0.05009
351695 0.05024
351719 0.05006
351743 0.05011
351815 0.05044
351839 0.05009
351875 0.0502
351923 0.05041
351935 0.05041
351947 0.05018
351983 0.05024
351995 0.05015
352031 0.05038
352055 0.05026
352067 0.05037
352079 0.05027
352091 0.04957
352103 0.05001
352127 0.05024
352139 0.05
352151 0.05035
352163 0.04995
352175 0.05031
352187 0.05034
352199 0.04917
352211 0.05009
352235 0.04982
352259 0.05033
352283 0.05034
352307 0.0503
352343 0.05029
352355 0.05032
352379 0.04987
352415 0.05027
352439 0.04985
352475 0.05041
352487 0.05001
352499 0.05042
352547 0.05039
352559 0.05044
352571 0.05044
352583 0.05045
352595 0.04995
352643 0.05042
352655 0.05047
352667 0.0502
352679 0.05048
352703 0.05014
352715 0.05049
352727 0.05045
352751 0.05046
352763 0.05051
352775 0.05017
352787 0.05047
352799 0.0505
352811 0.05018
352823 0.04981
352835 0.05049
352871 0.0505
352895 0.05047
352943 0.05049
352955 0.05045
352967 0.05049
353003 0.05048
353015 0.05025
353027 0.05047
353039 0.04986
353051 0.05043
353063 0.05046
353075 0.05012
353111 0.05028
353159 0.0504
353171 0.05043
353183 0.05039
353207 0.05032
353219 0.04963
353231 0.05041
353243 0.05004
353255 0.05041
353279 0.0485
353291 0.05019
353303 0.04961
353339 0.05003
353351 0.05037
353363 0.05022
353375 0.05033
353387 0.05038
353399 0.05033
353423 0.05039
353447 0.0504
353495 0.05034
353507 0.05042
353519 0.04789
353543 0.05043
353555 0.05029
353579 0.05028
353615 0.05046
353639 0.05013
353651 0.05047
353663 0.05032
353675 0.04969
353735 0.0505
353759 0.05017
353771 0.04989
353795 0.05019
353831 0.0502
353855 0.05039
353927 0.05046
353951 0.05046
353975 0.05045
353987 0.04959
353999 0.05016
354011 0.05044
354035 0.05027
354059 0.04982
354071 0.05028
354083 0.05017
354095 0.0498
354119 0.04955
354131 0.0504
354155 0.05015
354167 0.0505
354179 0.05032
354191 0.05051
354203 0.05014
354227 0.05013
354239 0.05034
354263 0.05037
354275 0.05008
354287 0.05036
354299 0.05007
354311 0.05011
354347 0.0501
354359 0.04993
354407 0.05033
354419 0.05004
354431 0.05032
354467 0.04946
354491 0.05005
354503 0.05043
354515 0.04998
354527 0.05042
354575 0.05003
354599 0.05001
354611 0.05039
354623 0.05039
354635 0.05039
354659 0.05049
354671 0.05049
354683 0.05037
354695 0.05024
354707 0.05024
354719 0.04884
354731 0.05006
354767 0.05035
354803 0.05034
354815 0.05048
354851 0.0502
354863 0.0501
354875 0.05032
354899 0.05046
354923 0.05045
354935 0.05045
354947 0.0503
354959 0.05044
355019 0.0493
355043 0.05015
355067 0.05026
355091 0.0504
355103 0.05013
355151 0.0491
355163 0.05038
355175 0.05021
355199 0.05022
355223 0.05037
355235 0.05036
355247 0.04984
355259 0.05024
355355 0.05033
355367 0.05005
355391 0.05029
355403 0.05017
355415 0.05002
355451 0.05015
355475 0.05002
355487 0.05002
355511 0.05033
355535 0.05034
355583 0.05027
355607 0.05011
355619 0.05037
355631 0.05037
355655 0.05038
355667 0.04867
355691 0.05039
355703 0.04935
355727 0.05008
355739 0.05022
355775 0.05042
355787 0.04932
355823 0.0502
355859 0.04963
355871 0.04874
355895 0.05018
355907 0.04966
355919 0.04876
355931 0.05048
355979 0.04938
355991 0.0505
356003 0.05015
356015 0.05014
356027 0.04926
356051 0.05025
356063 0.05025
356075 0.0505
356087 0.05026
356135 0.05011
356159 0.04944
356183 0.04811
356195 0.04995
356207 0.0503
356255 0.05008
356267 0.04919
356279 0.05044
356339 0.0495
356375 0.05036
356423 0.05037
356447 0.04975
356459 0.05039
356471 0.05039
356483 0.05001
356495 0.04902
356507 0.0504
356519 0.05
356531 0.05041
356555 0.05036
356615 0.05034
356627 0.04982
356639 0.04997
356651 0.05045
356675 0.04969
356723 0.05048
356747 0.04942
356759 0.04965
356771 0.0503
356807 0.04977
356843 0.0505
356855 0.05028
356867 0.04939
356879 0.04808
356891 0.05049
356903 0.04962
356915 0.04989
356939 0.05025
356963 0.049
356975 0.05046
356987 0.05046
357011 0.04959
357023 0.05023
357035 0.04974
357059 0.04849
357071 0.05022
357119 0.04923
357155 0.05041
357167 0.05041
357191 0.04967
357203 0.0504
357251 0.05016
357275 0.04929
357287 0.05038
357299 0.05015
357311 0.05015
357335 0.05014
357371 0.05035
357383 0.04961
357407 0.05034
357419 0.04988
357443 0.04974
357455 0.05033
357479 0.04973
357491 0.0501
357539 0.04972
357575 0.05007
357599 0.0494
357623 0.04969
357647 0.04918
357695 0.05004
357707 0.04998
357719 0.04998
357731 0.05025
357743 0.05025
357791 0.05023
357803 0.05023
357827 0.04876
357875 0.05003
357887 0.04968
357899 0.0495
357923 0.0502
357935 0.04946
357947 0.04909
357971 0.04971
357995 0.05018
358019 0.04958
358043 0.04994
358055 0.0501
358067 0.05016
358091 0.05015
358115 0.04952
358127 0.05014
358151 0.04991
358175 0.0496
358187 0.05014
358199 0.0499
358211 0.04938
358247 0.05011
358271 0.04963
358283 0.04982
358295 0.05009
358307 0.04982
358319 0.05019
358343 0.04986
358367 0.04961
358391 0.05021
358403 0.04984
358415 0.04968
358439 0.04969
358451 0.04987
358463 0.05005
358475 0.05004
358523 0.05003
358547 0.05027
358559 0.0498
358583 0.05001
358619 0.04969
358631 0.0503
358643 0.04994
358655 0.04994
358679 0.04977
358715 0.05032
358739 0.04979
358751 0.05034
358763 0.04998
358775 0.04996
358787 0.04923
358823 0.04995
358835 0.04994
358871 0.04884
358883 0.04908
358895 0.05003
358919 0.04986
358955 0.04981
358967 0.05005
358991 0.0499
359015 0.05043
359039 0.04984
359051 0.0499
359075 0.05045
359087 0.05045
359099 0.04992
359123 0.0501
359135 0.05047
359159 0.04913
359195 0.04995
359219 0.04962
359255 0.04997
359315 0.0495
359339 0.05049
359351 0.05048
359375 0.05019
359399 0.04957
359447 0.04977
359459 0.04998
359471 0.05045
359507 0.05
359519 0.04953
359531 0.05007
359543 0.04953
359555 0.05025
359567 0.05042
359579 0.05008
359591 0.05042
359603 0.05027
359615 0.05009
359627 0.05004
359639 0.0504
359651 0.05029
359675 0.05006
359687 0.0503
359699 0.05039
359711 0.05031
359723 0.05031
359759 0.05008
359795 0.04946
359807 0.05035
359819 0.05035
359831 0.04967
359867 0.05034
359879 0.05019
359903 0.05037
359927 0.05038
359939 0.05032
359951 0.05021
359963 0.0489
359975 0.05031
359999 0.05023
360011 0.05041
360035 0.05029
360047 0.05042
360083 0.04914
360107 0.0502
360119 0.05027
360131 0.05027
360191 0.05029
360203 0.0503
360251 0.05023
360263 0.04897
360275 0.0505
360299 0.05033
360335 0.05034
360347 0.04954
360359 0.0502
360383 0.05049
360395 0.05048
360419 0.04893
360431 0.05047
360443 0.05047
360467 0.04805
360479 0.05017
360491 0.05046
360503 0.05045
360527 0.05035
360539 0.04968
360563 0.05042
360575 0.05014
360599 0.05037
360623 0.04837
360635 0.04995
360671 0.05046
360683 0.05046
360707 0.04974
360719 0.05047
360731 0.05048
360743 0.05039
360755 0.05038
360791 0.0505
360815 0.05045
360839 0.05051
360875 0.0505
360887 0.05047
360899 0.05049
360911 0.05034
360923 0.05005
360935 0.05049
360983 0.05047
360995 0.05051
361007 0.05008
361031 0.05045
361043 0.05045
361079 0.05049
361103 0.05043
361139 0.05047
361175 0.04997
361187 0.04997
361235 0.0504
361259 0.04787
361295 0.05043
361307 0.04995
361319 0.05042
361331 0.05042
361343 0.05036
361367 0.05021
361379 0.05035
361391 0.04997
361403 0.0502
361415 0.0502
361427 0.04991
361475 0.05038
361487 0.05018
361547 0.04973
361571 0.05027
361583 0.05028
361595 0.05028
361607 0.05015
361619 0.04896
361631 0.05029
361655 0.05028
361667 0.05031
361691 0.05031
361715 0.04983
361739 0.05025
361775 0.05034
361823 0.05036
361847 0.05013
361859 0.05027
361883 0.0491
361907 0.05039
361931 0.0502
361955 0.05024
362015 0.05043
362039 0.05017
362075 0.05021
362111 0.0502
362123 0.04904
362135 0.05047
362159 0.05024
362171 0.05048
362183 0.05013
362195 0.05017
362207 0.05025
362219 0.05026
362231 0.0505
362255 0.05016
362267 0.04895
362279 0.05028
362315 0.0501
362327 0.05022
362375 0.05031
362399 0.05032
362411 0.05032
362435 0.05006
362447 0.05046
362471 0.0501
362483 0.05045
362495 0.05045
362507 0.04868
362519 0.05036
362531 0.05044
362543 0.05003
362555 0.05043
362567 0.05043
362591 0.05007
362603 0.05
362615 0.05039
362627 0.04986
362639 0.05033
362651 0.0504
362663 0.05
362675 0.05034
362687 0.05039
362699 0.05012
362711 0.04999
362747 0.05002
362771 0.05037
362783 0.05037
362807 0.05036
362819 0.0484
362831 0.05047
362843 0.05035
362855 0.05018
362879 0.05048
362891 0.05019
362915 0.05049
362939 0.0505
362963 0.04992
362975 0.05031
362999 0.05045
363011 0.05023
363023 0.05015
363035 0.05049
363071 0.05048
363095 0.05026
363107 0.05047
363131 0.04851
363155 0.0505
363167 0.05045
363191 0.05051
363203 0.04845
363227 0.0505
363239 0.05022
363263 0.04969
363275 0.05048
363287 0.05048
363323 0.04967
363335 0.05047
363347 0.05046
363383 0.0498
363419 0.05037
363455 0.05043
363467 0.04963
363479 0.05043
363515 0.0504
363527 0.04937
363575 0.05033
363599 0.04931
363623 0.04974
363671 0.05046
363707 0.05047
363743 0.04839
363755 0.05029
363791 0.0505
363827 0.05027
363851 0.05043
363863 0.05007
363875 0.05032
363899 0.0495
363923 0.04951
363935 0.05046
363971 0.05047
363995 0.05028
364007 0.05028
364019 0.04954
364043 0.05002
364055 0.04955
364067 0.05026
364091 0.05044
364139 0.05018
364151 0.05042
364163 0.04959
364175 0.05049
364199 0.05041
364211 0.05022
364235 0.05047
364259 0.05021
364283 0.04825
364307 0.05038
364319 0.05038
364331 0.04959
364343 0.05044
364367 0.05036
364391 0.04885
364427 0.05035
364463 0.05041
364475 0.04936
364487 0.0499
364511 0.05039
364547 0.05013
364559 0.05007
364595 0.04938
364619 0.05029
364631 0.05011
364667 0.04985
364679 0.05028
364703 0.04942
364715 0.05034
364727 0.05026
364763 0.05032
364775 0.05025
364787 0.05001
364799 0.05
364811 0.05
364823 0.05031
364835 0.04926
364859 0.05005
364871 0.0503
364895 0.05022
364907 0.05021
364931 0.05003
364955 0.04996
364967 0.04942
365015 0.05018
365027 0.04988
365051 0.05025
365075 0.04999
365087 0.04938
365099 0.04991
365111 0.04991
365123 0.04972
365135 0.05022
365171 0.04996
365183 0.05021
365207 0.05013
365219 0.05013
365243 0.04914
365255 0.04988
365339 0.04985
365351 0.05016
365363 0.05016
365375 0.05016
365387 0.05
365399 0.04984
365435 0.05014
365447 0.05002
365459 0.04988
365495 0.05012
365519 0.05005
365543 0.04907
365555 0.05011
365579 0.0501
365603 0.04973
365615 0.04973
365651 0.05009
365663 0.05008
365675 0.05007
365687 0.04975
365711 0.05011
365723 0.0493
365735 0.04999
365783 0.04954
365795 0.04932
365807 0.04997
365819 0.04996
365831 0.05015
365843 0.04981
365855 0.04995
365867 0.04995
365879 0.05017
365915 0.05018
365927 0.04983
365939 0.04975
365951 0.05
365975 0.04949
365987 0.05021
365999 0.05021
366011 0.04998
366035 0.05022
366047 0.05023
366059 0.04997
366071 0.04989
366083 0.04798
366095 0.04989
366131 0.04995
366143 0.04945
366155 0.04891
366203 0.04993
366251 0.0503
366263 0.04991
366275 0.0496
366299 0.05031
366323 0.049
366335 0.04951
366359 0.05033
366371 0.04963
366395 0.04963
366407 0.05035
366431 0.04987
366443 0.04986
366539 0.04957
366551 0.04967
366563 0.05005
366575 0.05041
366587 0.05041
366611 0.05007
366623 0.05007
366647 0.04974
366659 0.04961
366671 0.05044
366695 0.05045
366707 0.04972
366731 0.04971
366767 0.04953
366779 0.0497
366803 0.04901
366827 0.05014
366863 0.04968
366875 0.05015
366887 0.05051
366899 0.05051
366911 0.0505
366947 0.05049
366959 0.05049
366971 0.05049
366995 0.0502
367043 0.04867
367055 0.04975
367067 0.04947
367079 0.04984
367091 0.05045
367103 0.04911
367115 0.05045
367151 0.05025
367175 0.05043
367187 0.04988
367211 0.05042
367223 0.0498
367235 0.0499
367247 0.05028
367271 0.05029
367283 0.04964
367319 0.04992
367331 0.04984
367343 0.04984
367367 0.04954
367379 0.04986
367403 0.04911
367439 0.04929
367451 0.04997
367463 0.05035
367475 0.05036
367487 0.05036
367511 0.04962
367523 0.05037
367535 0.05038
367571 0.05032
367583 0.04759
367595 0.05031
367607 0.0504
367631 0.04966
367643 0.04995
367655 0.05004
367667 0.05042
367691 0.05043
367715 0.04969
367727 0.04945
367763 0.04999
367775 0.05046
367799 0.05026
367811 0.04951
367835 0.04973
367847 0.04974
367859 0.04828
367895 0.05012
367907 0.04976
367919 0.05013
367931 0.05004
367943 0.04939
367955 0.04921
367967 0.05021
367979 0.05021
368003 0.05049
368015 0.05016
368039 0.05008
368051 0.04981
368063 0.05047
368075 0.05047
368123 0.05046
368135 0.05045
368183 0.04939
368195 0.04964
368207 0.05015
368219 0.04986
368267 0.04966
368291 0.05025
368303 0.05017
368315 0.0504
368339 0.04952
368351 0.04851
368375 0.05039
368387 0.0501
368435 0.05021
368459 0.05022
368483 0.04766
368519 0.05024
368543 0.05034
368555 0.05034
368567 0.05034
368591 0.04898
368603 0.04896
368615 0.05036
368627 0.05036
368639 0.04625
368663 0.04855
368675 0.05031
368687 0.05038
368699 0.05039
368723 0.04965
368735 0.0504
368747 0.0504
368759 0.05041
368771 0.05041
368795 0.05042
368807 0.04998
368831 0.05034
368843 0.05035
368867 0.05044
368891 0.05036
368903 0.05037
368927 0.04995
368951 0.05047
368975 0.05012
368987 0.05022
369011 0.0504
369035 0.05021
369059 0.04993
369083 0.05043
369107 0.04994
369155 0.04989
369167 0.05048
369179 0.05048
369203 0.0481
369215 0.0502
369251 0.04999
369275 0.05
369287 0.05022
369311 0.05051
369323 0.05051
369371 0.05025
369395 0.05026
369431 0.04876
369443 0.05048
369455 0.0499
369467 0.05028
369503 0.05046
369515 0.04992
369527 0.05038
369551 0.05045
369575 0.0501
369587 0.05037
369599 0.05032
369623 0.05005
369635 0.05035
369671 0.05042
369779 0.05039
369803 0.05038
369815 0.04971
369839 0.05003
369863 0.05036
369875 0.04998
369887 0.05029
369899 0.05042
369923 0.05005
369935 0.04898
369971 0.05026
370031 0.05032
370043 0.04802
370055 0.04902
370079 0.04964
370115 0.05029
370127 0.0505
370139 0.05029
370151 0.05029
370163 0.05028
370175 0.05014
370187 0.0505
370211 0.05049
370259 0.05048
370271 0.05025
370283 0.04835
370295 0.05017
370319 0.05046
370331 0.05016
370343 0.04911
370367 0.05036
370391 0.05022
370403 0.05022
370415 0.05022
370475 0.0502
370499 0.05019
370523 0.05026
370535 0.05018
370595 0.05044
370607 0.05039
370643 0.05015
370667 0.05046
370691 0.05036
370703 0.04966
370727 0.05035
370739 0.04865
370751 0.05033
370763 0.04822
370775 0.04946
370787 0.04945
370799 0.05004
370823 0.04972
370847 0.0505
370859 0.05037
370895 0.05031
370907 0.0497
370943 0.0504
370955 0.05029
370967 0.05047
370979 0.05046
370991 0.05028
371003 0.05005
371039 0.04997
371051 0.05044
371063 0.05004
371075 0.05044
371123 0.05002
371135 0.04938
371147 0.04994
371159 0.05001
371171 0.04982
371183 0.05001
371195 0.05048
371207 0.0504
371219 0.04835
371231 0.05049
371243 0.0505
371255 0.05039
371315 0.0505
371351 0.05049
371363 0.04958
371375 0.05036
371399 0.05017
371411 0.05035
371495 0.04993
371519 0.05045
371531 0.04984
371543 0.04872
371567 0.0503
371579 0.05043
371591 0.05043
371675 0.0504
371687 0.05027
371711 0.05009
371723 0.05039
371735 0.04874
371747 0.05008
371759 0.05025
371771 0.04978
371783 0.04959
371795 0.05006
371855 0.04945
371867 0.05005
371879 0.05022
371975 0.05019
371987 0.04972
372011 0.05018
372035 0.05
372071 0.05017
372083 0.05029
372143 0.05028
372155 0.05015
372191 0.05016
372215 0.04995
372227 0.05013
372239 0.05025
372251 0.05012
372275 0.05024
372287 0.04933
372335 0.05023
372347 0.04858
372383 0.04979
372395 0.05023
372419 0.05023
372431 0.05024
372455 0.04903
372467 0.04988
372479 0.04959
372491 0.05018
372503 0.05018
372515 0.05018
372527 0.04987
372551 0.05028
372563 0.04902
372575 0.05016
372587 0.04985
372599 0.05029
372623 0.04962
372647 0.04984
372659 0.05031
372671 0.05032
372683 0.05013
372695 0.05033
372731 0.04999
372743 0.04991
372767 0.04998
372791 0.0498
372815 0.04979
372827 0.04996
372851 0.04891
372863 0.0481
372875 0.05008
372887 0.04995
372899 0.04734
372911 0.0504
372923 0.05007
372947 0.04993
372959 0.04919
372983 0.04892
372995 0.05005
373043 0.05001
373067 0.0499
373079 0.04972
373103 0.05046
373175 0.05
373223 0.0505
373235 0.04986
373247 0.04968
373259 0.05051
373271 0.05008
373283 0.0505
373295 0.04997
373319 0.05049
373331 0.04996
373355 0.05048
373367 0.04929
373391 0.05012
373403 0.04994
373415 0.05047
373427 0.04963
373439 0.05014
373451 0.05046
373475 0.05015
373499 0.05044
373511 0.05044
373523 0.05017
373547 0.04892
373583 0.05042
373607 0.04976
373619 0.04929
373643 0.04942
373679 0.04869
373691 0.04927
373703 0.04986
373715 0.04986
373727 0.04955
373739 0.05038
373751 0.05037
373775 0.04942
373787 0.04971
373799 0.04983
373811 0.04931
373835 0.05035
373871 0.04981
373883 0.05029
373907 0.04909
373919 0.05033
373931 0.04951
373955 0.05032
373979 0.05032
373991 0.04948
374003 0.05033
374015 0.04978
374027 0.04964
374075 0.05035
374099 0.04859
374147 0.04915
374183 0.04931
374195 0.0496
374207 0.0496
374231 0.0504
374255 0.05024
374267 0.04958
374279 0.05023
374303 0.05043
374315 0.05043
374327 0.04917
374339 0.05022
374375 0.05045
374387 0.04962
374411 0.0502
374423 0.04963
374495 0.05017
374507 0.04966
374519 0.05017
374543 0.05016
374555 0.05051
374567 0.04931
374579 0.0505
374591 0.04973
374651 0.04948
374675 0.05048
374699 0.04977
374711 0.04977
374723 0.05047
374735 0.05011
374747 0.04974
374759 0.04979
374831 0.05044
374855 0.04955
374891 0.05042
374915 0.05006
374927 0.04943
374951 0.0504
374963 0.04715
374975 0.0504
374999 0.05039
375011 0.05039
375023 0.04983
375035 0.04938
375047 0.04947
375095 0.05037
375107 0.04943
375131 0.05036
375143 0.04991
375155 0.04963
375191 0.04999
375215 0.05033
375239 0.05033
375275 0.04991
375287 0.04955
375299 0.05031
375335 0.04993
375347 0.0493
375383 0.04999
375455 0.05027
375479 0.04909
375491 0.05003
375503 0.05026
375515 0.05025
375539 0.05004
375575 0.04989
375587 0.04959
375611 0.05007
375635 0.05022
375659 0.05021
375671 0.05021
375683 0.05005
375695 0.0501
375719 0.0502
375731 0.04932
375755 0.04905
375791 0.05013
375803 0.05013
375815 0.05017
375827 0.04924
375839 0.04986
375863 0.05011
375875 0.05016
375911 0.05015
375935 0.05014
375947 0.05014
375959 0.05018
375995 0.05019
376007 0.04922
376031 0.05016
376043 0.05021
376079 0.04981
376103 0.04994
376139 0.04974
376151 0.05025
376163 0.04918
376175 0.04997
376187 0.05021
376211 0.05027
376223 0.05023
376235 0.04986
376247 0.04986
376259 0.05
376271 0.05029
376295 0.05029
376319 0.0503
376331 0.05031
376355 0.05003
376367 0.05027
376379 0.05032
376391 0.05032
376403 0.05033
376415 0.05033
376427 0.04987
376451 0.05034
376475 0.05031
376487 0.05031
376523 0.05037
376559 0.05038
376571 0.04997
376595 0.05035
376607 0.05035
376619 0.0504
376643 0.04995
376655 0.05037
376667 0.04994
376715 0.04993
376739 0.05003
376751 0.05016
376763 0.04957
376775 0.05045
376799 0.05017
376859 0.05019
376883 0.0502
376895 0.05045
376919 0.0505
376967 0.0501
376991 0.0505
377039 0.05049
377063 0.0505
377075 0.05014
377087 0.05014
377111 0.0505
377135 0.05046
377159 0.04951
377195 0.05012
377243 0.05047
377255 0.05043
377303 0.05045
377315 0.05034
377363 0.04802
377375 0.05018
377399 0.05037
377411 0.05039
377423 0.05038
377435 0.05038
377447 0.04969
377483 0.0504
377495 0.04962
377507 0.04979
377519 0.05041
377531 0.05028
377567 0.05024
377579 0.0497
377591 0.05034
377603 0.0497
377615 0.05044
377627 0.05026
377639 0.05033
377651 0.05045
377663 0.05036
377675 0.05033
377699 0.05031
377723 0.0503
377735 0.05048
377747 0.0503
377759 0.0503
377783 0.05031
377795 0.05032
377807 0.05032
377867 0.05039
377879 0.04928
377903 0.05026
377927 0.05041
377939 0.04875
377975 0.05027
377987 0.05027
378035 0.05026
378047 0.0504
378107 0.05047
378119 0.05043
378131 0.05
378143 0.05019
378155 0.04857
378203 0.05045
378215 0.05041
378227 0.04939
378251 0.0502
378263 0.05047
378275 0.04996
378287 0.05049
378299 0.04865
378311 0.05049
378323 0.04989
378335 0.05048
378359 0.0499
378371 0.05013
378383 0.05051
378419 0.05046
378431 0.0505
378443 0.05035
378455 0.05045
378479 0.05044
378491 0.05048
378527 0.05047
378539 0.04945
378563 0.05012
378575 0.05046
378587 0.04951
378611 0.05041
378623 0.0503
378635 0.0501
378647 0.05017
378659 0.05039
378695 0.05043
378731 0.05037
378755 0.05041
378767 0.05041
378791 0.05013
378815 0.04728
378827 0.05039
378839 0.05034
378851 0.05024
378863 0.0496
378875 0.05034
378887 0.05016
378899 0.05022
378923 0.05026
378959 0.04934
378971 0.05036
378983 0.05028
378995 0.05
379019 0.04996
379043 0.05019
379055 0.05013
379067 0.05028
379079 0.04995
379091 0.05028
379115 0.05027
379127 0.05032
379139 0.05016
379175 0.04995
379211 0.05035
379223 0.04994
379235 0.05036
379247 0.05036
379271 0.05037
379295 0.05038
379331 0.05011
379355 0.05031
379367 0.0502
379379 0.05032
379403 0.05009
379427 0.05042
379463 0.05023
379475 0.05044
379523 0.05045
379535 0.05029
379547 0.05046
379559 0.05038
379583 0.0503
379595 0.05019
379619 0.0504
379631 0.0504
379715 0.05034
379739 0.04977
379763 0.05036
379775 0.05036
379799 0.05046
379823 0.04991
379847 0.05008
379871 0.05012
379919 0.05006
379967 0.05044
379991 0.05004
380027 0.05049
380063 0.05041
380075 0.05048
380087 0.05006
380099 0.04968
380111 0.05047
380123 0.04994
380135 0.05026
380171 0.05049
380183 0.05038
380219 0.05051
380243 0.05037
380255 0.0505
380279 0.04963
380303 0.05
380315 0.05042
380339 0.04984
380351 0.05048
380375 0.0504
380387 0.0504
380411 0.05039
380435 0.05032
380471 0.05044
380507 0.05037
380519 0.05043
380531 0.05043
380543 0.04994
380567 0.05015
380579 0.05035
380603 0.05041
380627 0.05017
380663 0.05026
380675 0.05032
380687 0.05025
380699 0.05038
380711 0.0499
380723 0.05038
380747 0.05014
380771 0.05022
380783 0.05036
380831 0.05028
380855 0.05018
380903 0.05033
380915 0.0498
380927 0.04979
380963 0.05028
380975 0.05031
380987 0.05029
380999 0.04967
381023 0.0503
381083 0.05032
381095 0.05028
381107 0.05026
381119 0.04974
381131 0.05027
381179 0.05026
381191 0.04977
381203 0.05029
381227 0.05018
381263 0.05038
381275 0.05031
381299 0.05023
381311 0.0504
381335 0.04969
381359 0.04968
381395 0.05042
381431 0.05043
381455 0.05018
381491 0.05045
381503 0.04954
381551 0.0504
381563 0.05041
381575 0.05048
381587 0.04696
381611 0.05049
381635 0.05043
381671 0.05051
381683 0.05012
381731 0.05046
381743 0.05049
381755 0.05004
381767 0.05048
381779 0.04957
381803 0.05047
381815 0.05049
381827 0.04995
381839 0.04956
381851 0.0496
381863 0.0505
381875 0.05001
381887 0.05051
381899 0.05007
381923 0.0505
381947 0.04923
381959 0.04942
381971 0.05043
381983 0.04991
382007 0.05048
382043 0.04833
382055 0.05003
382079 0.05002
382091 0.05045
382127 0.04994
382139 0.04938
382151 0.04986
382175 0.04993
382199 0.04999
382247 0.05036
382259 0.04878
382283 0.0504
382307 0.04914
382367 0.05038
382379 0.04994
382415 0.0498
382439 0.04993
382475 0.0503
382487 0.04978
382523 0.04966
382547 0.04967
382559 0.04983
382571 0.05033
382607 0.05026
382619 0.0484
382655 0.04973
382667 0.04939
382679 0.0498
382691 0.05024
382739 0.04985
382775 0.04984
382787 0.04911
382811 0.05026
382823 0.05026
382835 0.049
382859 0.04982
382907 0.05018
382931 0.05023
382943 0.05023
382955 0.05017
382967 0.05022
383003 0.04982
383039 0.04977
383063 0.05014
383075 0.0502
383087 0.0492
383111 0.05019
383123 0.04927
383159 0.04967
383183 0.05017
383195 0.04973
383207 0.04924
383243 0.0499
383315 0.04992
383327 0.04956
383351 0.05012
383375 0.05012
383387 0.05011
383423 0.04919
383435 0.04996
383447 0.04739
383471 0.04959
383495 0.05003
383507 0.04883
383531 0.05002
383543 0.0495
383555 0.04964
383567 0.05001
383579 0.04936
383591 0.05001
383603 0.0497
383615 0.05005
383663 0.05003
383675 0.04998
383687 0.05004
383699 0.04974
383711 0.04974
383735 0.05005
383747 0.04945
383771 0.05001
383783 0.04995
383795 0.05001
383843 0.04978
383879 0.04979
383927 0.04885
383939 0.04981
383975 0.04939
384011 0.05014
384023 0.04984
384035 0.04951
384047 0.04988
384059 0.04985
384071 0.04988
384119 0.04987
384131 0.04992
384179 0.04956
384191 0.0499
384239 0.048
384251 0.05022
384263 0.05022
384275 0.04983
384323 0.04981
384335 0.04994
384347 0.04981
384395 0.05027
384431 0.05028
384443 0.04984
384455 0.04964
384467 0.04983
384491 0.0494
384503 0.04855
384515 0.05031
384527 0.05031
384539 0.05001
384551 0.04975
384563 0.04938
384575 0.04937
384635 0.0497
384647 0.04888
384659 0.04935
384683 0.04956
384695 0.05006
384707 0.04971
384743 0.05038
384755 0.0497
384767 0.05039
384803 0.0496
384839 0.04977
384875 0.05042
384887 0.04882
384899 0.05012
384911 0.05043
384923 0.05013
384935 0.05044
384947 0.04971
384971 0.04927
384983 0.05046
384995 0.04982
385031 0.05047
385043 0.05017
385055 0.05017
385091 0.05049
385103 0.0497
385163 0.04875
385187 0.0505
385211 0.04964
385247 0.04963
385259 0.05024
385283 0.05048
385295 0.05025
385307 0.04962
385319 0.05026
385355 0.05027
385367 0.04994
385415 0.05044
385451 0.05043
385463 0.0503
385475 0.04997
385487 0.05042
385499 0.04998
385523 0.04887
385535 0.05041
385547 0.0495
385595 0.05039
385655 0.05038
385667 0.04952
385679 0.05037
385691 0.04902
385703 0.05038
385715 0.05038
385727 0.05005
385751 0.05035
385775 0.04953
385787 0.04893
385799 0.04992
385823 0.04948
385847 0.05009
385871 0.0501
385895 0.05011
385919 0.04949
385931 0.05031
386003 0.04944
386015 0.05048
386027 0.04937
386063 0.0505
386075 0.04954
386087 0.05017
386099 0.05051
386123 0.05051
386135 0.05018
386147 0.0494
386171 0.05024
386183 0.05049
386207 0.04966
386231 0.05048
386243 0.05048
386255 0.05022
386267 0.05022
386291 0.05023
386351 0.0501
386375 0.04881
386387 0.05026
386423 0.04854
386435 0.05042
386447 0.04966
386459 0.05042
386483 0.04917
386495 0.05041
386507 0.04885
386531 0.05015
386555 0.05032
386567 0.04978
386579 0.05039
386591 0.05033
386627 0.05012
386663 0.05012
386675 0.05036
386687 0.04921
386699 0.05036
386711 0.04974
386759 0.05038
386771 0.05034
386807 0.0504
386819 0.0504
386831 0.04986
386843 0.05007
386879 0.04872
386903 0.05028
386939 0.05029
386951 0.0499
386975 0.05003
386999 0.05028
387023 0.05031
387035 0.05047
387059 0.05026
387107 0.05
387119 0.0505
387131 0.04996
387143 0.05024
387167 0.04989
387179 0.04864
387215 0.05049
387239 0.04908
387251 0.05039
387287 0.04995
387299 0.05047
387323 0.05019
387335 0.05041
387347 0.05046
387383 0.05043
387407 0.04908
387419 0.05044
387443 0.05016
387479 0.05046
387491 0.05042
387515 0.0499
387527 0.05009
387539 0.05048
387563 0.05049
387575 0.0504
387599 0.05003
387671 0.0501
387695 0.05049
387731 0.05036
387767 0.05035
387779 0.05035
387803 0.05007
387851 0.05033
387863 0.04981
387875 0.04962
387887 0.05012
387899 0.05044
387923 0.05021
387947 0.0503
387983 0.05042
387995 0.05042
388007 0.05024
388019 0.05029
388031 0.05041
388043 0.0504
388079 0.05027
388103 0.04974
388115 0.05039
388127 0.04889
388139 0.0497
388175 0.05021
388223 0.04996
388247 0.05023
388307 0.05034
388331 0.04993
388343 0.05033
388355 0.05027
388367 0.05035
388439 0.0484
388451 0.0503
388463 0.0498
388475 0.05029
388511 0.0504
388523 0.0492
388535 0.05015
388547 0.04963
388559 0.04988
388571 0.05042
388583 0.05042
388607 0.04962
388619 0.05013
388631 0.05044
388643 0.05025
388667 0.05045
388679 0.05024
388739 0.05022
388751 0.0499
388763 0.05022
388775 0.0504
388799 0.05041
388811 0.05041
388835 0.0505
388847 0.05042
388871 0.05007
388895 0.05006
388907 0.05006
388919 0.04933
388943 0.04864
388955 0.05048
388967 0.05004
388979 0.05047
389015 0.05047
389039 0.04999
389075 0.04974
389087 0.05045
389135 0.05012
389147 0.05043
389159 0.0505
389183 0.05043
389207 0.04998
389243 0.05041
389255 0.04925
389267 0.04864
389279 0.04973
389327 0.05046
389339 0.04975
389351 0.05038
389363 0.04942
389375 0.05009
389387 0.05044
389423 0.0486
389435 0.05036
389459 0.05042
389519 0.05014
389543 0.04962
389555 0.0504
389603 0.05032
389615 0.05038
389675 0.0503
389735 0.05028
389747 0.05035
389759 0.04725
389771 0.04957
389795 0.05023
389831 0.05026
389843 0.05025
389855 0.04874
389951 0.05029
389963 0.05028
389975 0.05029
389987 0.05029
390011 0.04997
390023 0.0503
390059 0.05031
390095 0.05032
390167 0.05024
390179 0.04973
390203 0.04921
390215 0.05023
390227 0.05022
390239 0.05004
390251 0.05037
390275 0.04919
390287 0.05021
390299 0.05006
390311 0.0497
390335 0.0504
390383 0.0498
390443 0.05043
390455 0.04982
390467 0.05011
390515 0.05046
390563 0.05047
390575 0.04975
390587 0.05006
390623 0.04898
390635 0.05016
390659 0.05011
390683 0.05051
390755 0.04991
390779 0.04903
390827 0.05022
390839 0.05047
390875 0.04995
390887 0.05005
390899 0.05046
390911 0.05045
390935 0.05026
390947 0.04945
390983 0.04965
390995 0.05043
391007 0.05002
391043 0.05
391055 0.0503
391079 0.05041
391091 0.05041
391115 0.0504
391127 0.04984
391139 0.05032
391211 0.04997
391235 0.05037
391271 0.05008
391319 0.05038
391343 0.04921
391427 0.05041
391439 0.05013
391463 0.04866
391475 0.05043
391499 0.0503
391511 0.04996
391559 0.05029
391571 0.05046
391583 0.04965
391595 0.05028
391607 0.05047
391655 0.05049
391667 0.05049
391703 0.04978
391715 0.0497
391727 0.05051
391763 0.05023
391775 0.05004
391799 0.04982
391811 0.05049
391859 0.05007
391883 0.04975
391895 0.05027
391919 0.05028
391931 0.05028
391943 0.04972
391955 0.04977
391991 0.05044
392015 0.05017
392027 0.05012
392051 0.0498
392075 0.05042
392123 0.05014
392147 0.04983
392171 0.0504
392183 0.04984
392219 0.04971
392231 0.05038
392243 0.04986
392255 0.05038
392291 0.0501
392303 0.04951
392315 0.0504
392327 0.05036
392387 0.04967
392399 0.05007
392411 0.05034
392459 0.04965
392471 0.04993
392483 0.04957
392495 0.05046
392507 0.05031
392579 0.05049
392591 0.05029
392603 0.0505
392615 0.04955
392627 0.04923
392675 0.0505
392687 0.0498
392711 0.04999
392735 0.05049
392747 0.05025
392771 0.04982
392783 0.04997
392795 0.04983
392819 0.04976
392843 0.05005
392867 0.05022
392891 0.05007
392903 0.05007
392951 0.05043
392975 0.05042
392987 0.05019
392999 0.04973
393011 0.05043
393023 0.05011
393047 0.04951
393071 0.05045
393095 0.05046
393107 0.05013
393131 0.04948
393155 0.05038
393179 0.04987
393239 0.05012
393251 0.05051
393263 0.04998
393275 0.05011
393323 0.04984
393335 0.05033
393347 0.05049
393359 0.05009
393371 0.05032
393395 0.04994
393407 0.05023
393443 0.05031
393467 0.05004
393491 0.05045
393503 0.05005
393515 0.05026
393527 0.05005
393563 0.04953
393599 0.05027
393635 0.04993
393647 0.0503
393695 0.05001
393707 0.0504
393719 0.04996
393731 0.05004
393755 0.05023
393791 0.05022
393803 0.04971
393815 0.05037
393827 0.05036
393851 0.05016
393887 0.04923
393923 0.05039
393959 0.04994
393971 0.04943
393983 0.04966
393995 0.05041
394043 0.04952
394055 0.05043
394067 0.05044
394079 0.0503
394091 0.0503
394103 0.05024
394127 0.05029
394139 0.05009
394151 0.05017
394163 0.05047
394175 0.05018
394235 0.05012
394247 0.05049
394283 0.0505
394295 0.05014
394343 0.04977
394355 0.0505
394379 0.04983
394391 0.05049
394403 0.05049
394415 0.05034
394427 0.05034
394439 0.04982
394463 0.05005
394475 0.05036
394487 0.0502
394499 0.05028
394547 0.04984
394607 0.0504
394655 0.05042
394667 0.05042
394679 0.04999
394691 0.05041
394703 0.05041
394715 0.05043
394763 0.05045
394775 0.05039
394799 0.05012
394823 0.04972
394835 0.05037
394847 0.04972
394871 0.05048
394883 0.04994
394907 0.05041
394979 0.04928
395003 0.05036
395051 0.05049
395063 0.05048
395075 0.05031
395087 0.05031
395099 0.05004
395123 0.04985
395135 0.05047
395183 0.05029
395207 0.05051
395219 0.05001
395255 0.05
395279 0.0505
395291 0.04999
395327 0.05008
395351 0.05047
395363 0.04982
395375 0.05024
395387 0.0501
395399 0.04987
395411 0.05046
395447 0.05045
395471 0.05038
395483 0.05051
395495 0.05021
395519 0.04993
395531 0.05036
395567 0.05042
395579 0.05042
395591 0.05048
395615 0.05041
395639 0.04925
395651 0.04995
395663 0.05002
395675 0.05039
395699 0.04989
395711 0.05045
395723 0.05045
395771 0.05006
395783 0.04999
395807 0.05029
395819 0.05042
395831 0.05042
395843 0.05012
395855 0.05042
395867 0.05011
395879 0.05034
395903 0.05027
395915 0.04949
395927 0.05006
395951 0.05032
395963 0.05039
395975 0.05028
395987 0.05029
395999 0.05031
396011 0.05029
396023 0.05037
396035 0.0503
396047 0.0503
396059 0.0498
396083 0.05011
396167 0.04873
396191 0.05033
396215 0.05019
396227 0.05036
396251 0.05002
396263 0.05037
396275 0.05021
396335 0.05023
396347 0.05022
396359 0.05022
396371 0.05022
396419 0.05019
396455 0.05023
396467 0.05013
396491 0.05044
396503 0.05045
396515 0.05029
396539 0.04977
396551 0.0503
396575 0.05017
396599 0.05016
396611 0.05016
396635 0.05049
396683 0.05034
396695 0.05051
396707 0.05013
396731 0.04894
396743 0.05032
396755 0.05032
396779 0.05037
396791 0.05037
396815 0.05048
396827 0.0501
396839 0.05032
396863 0.05047
396875 0.04959
396911 0.05046
396923 0.05042
396935 0.05045
396959 0.04942
397019 0.04956
397031 0.05012
397079 0.0501
397091 0.05004
397103 0.05047
397139 0.05048
397163 0.05039
397175 0.05045
397187 0.05039
397235 0.05007
397247 0.04999
397271 0.05048
397295 0.05049
397331 0.04906
397343 0.05048
397355 0.05051
397367 0.04997
397391 0.05034
397403 0.0505
397415 0.05033
397439 0.05046
397451 0.05045
397463 0.05045
397475 0.05048
397487 0.05006
397511 0.05047
397523 0.05049
397559 0.05048
397571 0.05048
397583 0.05047
397595 0.05047
397607 0.0501
397619 0.0501
397631 0.05046
397667 0.05043
397679 0.0504
397703 0.05042
397715 0.05044
397727 0.05025
397739 0.04994
397775 0.0504
397787 0.0504
397823 0.05041
397835 0.05041
397847 0.04935
397859 0.05035
397871 0.05038
397883 0.05038
397931 0.05039
397943 0.05036
397967 0.04982
397979 0.05037
398003 0.05037
398015 0.05034
398027 0.05017
398051 0.05036
398075 0.05025
398099 0.04985
398123 0.05015
398147 0.0497
398159 0.05033
398183 0.05027
398195 0.05026
398243 0.05025
398255 0.05028
398291 0.04973
398315 0.05029
398351 0.04949
398375 0.05034
398399 0.05035
398411 0.05035
398483 0.05029
398507 0.05005
398531 0.05039
398555 0.05031
398567 0.0504
398579 0.05022
398603 0.05016
398615 0.05041
398663 0.04971
398675 0.05035
398687 0.05001
398735 0.05045
398747 0.05045
398783 0.05038
398795 0.05047
398807 0.05047
398831 0.05016
398843 0.05016
398855 0.05013
398867 0.05049
398879 0.0505
398891 0.05042
398915 0.05014
398927 0.05051
398939 0.05043
398963 0.05044
398975 0.0505
398987 0.04932
398999 0.04962
399011 0.05046
399035 0.04966
399083 0.05004
399095 0.05048
399143 0.05008
399167 0.04897
399179 0.05045
399203 0.05007
399251 0.05043
399275 0.05049
399299 0.04974
399311 0.05041
399347 0.0504
399359 0.05003
399371 0.04976
399383 0.04997
399395 0.05046
399407 0.05039
399419 0.04996
399431 0.05038
399455 0.05044
399467 0.04998
399479 0.04994
399503 0.04999
399551 0.05042
399563 0.04995
399575 0.05041
399599 0.04997
399611 0.04996
399659 0.05033
399683 0.05039
399707 0.04975
399743 0.04993
399755 0.0503
399767 0.04956
399779 0.05036
399791 0.05036
399803 0.05035
399815 0.04989
399827 0.05028
399839 0.04984
399863 0.05034
399875 0.05034
399923 0.04993
399947 0.04986
399959 0.05025
399971 0.05031
400007 0.05024
400091 0.05022
400115 0.04999
400127 0.04927
400139 0.05027
400223 0.05002
400235 0.05025
400259 0.0498
400271 0.04997
400283 0.05023
400295 0.04979
400319 0.05023
400343 0.04999
400367 0.04995
400403 0.05008
400415 0.05014
400427 0.05013
400451 0.05009
400463 0.05019
400475 0.05019
400487 0.05012
400499 0.05018
400511 0.05011
400583 0.05007
400595 0.05002
400631 0.05015
400655 0.05009
400667 0.05007
400715 0.05017
400727 0.05006
400751 0.05006
400775 0.05007
400787 0.04965
400799 0.04988
400811 0.0501
400847 0.05003
400895 0.05023
400967 0.05
400979 0.05026
400991 0.05026
401003 0.0496
401051 0.05021
401075 0.05029
401111 0.05023
401123 0.0503
401135 0.05024
401147 0.05019
401171 0.0488
401207 0.05021
401219 0.05033
401267 0.04962
401327 0.04964
401339 0.05037
401351 0.0503
401363 0.05031
401375 0.05038
401387 0.04989
401399 0.04996
401447 0.05028
401459 0.05034
401471 0.05009
401483 0.04993
401495 0.05041
401543 0.05043
401555 0.05031
401579 0.05044
401603 0.05045
401615 0.05038
401639 0.04897
401663 0.0504
401675 0.05047
401687 0.04975
401699 0.05041
401747 0.04977
401759 0.0505
401783 0.04943
401795 0.05044
401807 0.05039
401855 0.0498
401879 0.05047
401915 0.05048
401927 0.04884
401963 0.04938
401975 0.05044
401999 0.05046
402047 0.04881
402059 0.0505
402083 0.04979
402119 0.05049
402143 0.05042
402155 0.0505
402167 0.0503
402179 0.0503
402203 0.04932
402215 0.05051
402227 0.0505
402251 0.0504
402275 0.04993
402287 0.05049
402311 0.04994
402323 0.04973
402335 0.05035
402347 0.04965
402395 0.05036
402431 0.05035
402467 0.05044
402479 0.05044
402491 0.0504
402515 0.05041
402539 0.05001
402563 0.04918
402575 0.05043
402599 0.05037
402647 0.05045
402659 0.0503
402671 0.05035
402683 0.04964
402695 0.05039
402707 0.05038
402719 0.05047
402731 0.05038
402743 0.04962
402755 0.04962
402791 0.05009
402827 0.0505
402839 0.05051
402875 0.05034
402887 0.05012
402911 0.05033
402959 0.05028
402971 0.05048
402983 0.05027
403019 0.0503
403031 0.0502
403067 0.05046
403091 0.05045
403127 0.05044
403139 0.05027
403175 0.05017
403187 0.05026
403211 0.05022
403235 0.05041
403259 0.0502
403271 0.0504
403283 0.04933
403295 0.05025
403307 0.05025
403319 0.04948
403343 0.04934
403367 0.05027
403379 0.05038
403403 0.04946
403427 0.04911
403451 0.0502
403463 0.04938
403475 0.05015
403523 0.05008
403535 0.04936
403559 0.05033
403583 0.05007
403595 0.05032
403619 0.05011
403643 0.05011
403655 0.05015
403691 0.05037
403727 0.05038
403751 0.05028
403763 0.05002
403775 0.05039
403811 0.0504
403835 0.04929
403847 0.05041
403859 0.05
403871 0.05009
403883 0.05005
403907 0.0483
403919 0.05008
403943 0.04998
403955 0.05045
403967 0.05023
404003 0.04886
404063 0.05
404075 0.0502
404087 0.04923
404135 0.0505
404147 0.05002
404171 0.05018
404195 0.04991
404207 0.05001
404219 0.05049
404231 0.05017
404243 0.04996
404255 0.0499
404279 0.05015
404303 0.04994
404327 0.05047
404339 0.05014
404351 0.04988
404363 0.04987
404375 0.04992
404435 0.05044
404447 0.05044
404471 0.05043
404495 0.04994
404519 0.05009
404543 0.04983
404567 0.05008
404579 0.04992
404603 0.04981
404627 0.04974
404639 0.05006
404651 0.05039
404675 0.04989
404687 0.05038
404711 0.04979
404735 0.05037
404747 0.05036
404759 0.05003
404771 0.05036
404855 0.05001
404867 0.04981
404879 0.05033
404891 0.05033
404903 0.049
404915 0.05
404927 0.04999
404939 0.04999
404975 0.04982
404987 0.0473
404999 0.0503
405035 0.04997
405083 0.0497
405107 0.04962
405119 0.04995
405131 0.04968
405191 0.04967
405203 0.04991
405251 0.04971
405263 0.04965
405275 0.04912
405311 0.04969
405335 0.04989
405359 0.05021
405383 0.04997
405395 0.04988
405431 0.04998
405443 0.04999
405455 0.04986
405467 0.04999
405503 0.05
405515 0.04969
405539 0.04964
405551 0.05016
405563 0.0492
405575 0.05016
405587 0.04886
405623 0.04962
405635 0.05014
405671 0.04961
405695 0.0498
405707 0.0498
405743 0.04926
405755 0.05011
405779 0.04978
405803 0.04957
405875 0.05012
405887 0.0496
405923 0.05013
405935 0.04949
405971 0.05015
405983 0.05015
406007 0.05005
406019 0.04934
406031 0.04952
406055 0.05004
406103 0.05019
406127 0.05019
406139 0.05002
406151 0.04969
406187 0.05021
406199 0.0494
406223 0.04787
406295 0.04998
406307 0.05025
406319 0.04875
406391 0.05027
406439 0.04962
406451 0.05029
406463 0.05003
406475 0.0503
406595 0.04991
406607 0.05034
406643 0.04932
406667 0.05009
406679 0.04936
406727 0.04939
406751 0.04955
406787 0.05013
406799 0.04986
406823 0.05014
406835 0.04959
406847 0.04984
406871 0.05016
406895 0.05043
406919 0.04962
406943 0.05044
406955 0.05018
406979 0.04981
407003 0.04901
407015 0.05046
407027 0.0502
407039 0.04927
407051 0.04947
407063 0.05048
407087 0.05022
407099 0.04967
407123 0.04856
407135 0.0505
407171 0.04944
407243 0.04972
407255 0.04974
407267 0.04974
407279 0.04973
407303 0.05048
407327 0.04925
407339 0.04803
407363 0.05031
407375 0.05031
407387 0.04923
407399 0.04923
407411 0.05045
407423 0.05032
407435 0.04938
407447 0.04804
407459 0.04978
407495 0.05043
407531 0.05042
407543 0.05036
407555 0.05041
407591 0.04982
407615 0.0504
407663 0.05039
407675 0.04985
407687 0.0504
407711 0.05041
407759 0.0493
407771 0.05043
407819 0.04908
407831 0.05035
407855 0.0496
407867 0.04928
407903 0.0479
407915 0.04992
407939 0.04993
407963 0.04993
407987 0.04931
407999 0.04956
408023 0.04995
408035 0.05051
408047 0.04867
408059 0.04907
408107 0.04935
408143 0.05048
408155 0.05027
408167 0.05026
408179 0.04904
408215 0.05025
408227 0.04951
408299 0.05004
408371 0.05021
408383 0.05006
408395 0.04947
408407 0.04946
408419 0.04914
408443 0.04893
408455 0.05019
408467 0.04945
408503 0.05018
408527 0.05017
408551 0.05038
408575 0.04895
408587 0.05016
408599 0.04942
408611 0.0495
408647 0.05036
408671 0.0494
408683 0.04952
408707 0.04842
408767 0.04955
408779 0.05018
408791 0.05018
408827 0.04957
408839 0.04884
408851 0.05031
408863 0.05009
408875 0.05009
408887 0.05009
408935 0.05029
408947 0.05007
408983 0.05028
409019 0.05025
409031 0.04963
409055 0.04931
409067 0.05026
409091 0.04965
409103 0.05028
409115 0.05024
409127 0.05003
409139 0.04929
409151 0.05029
409175 0.04967
409199 0.05031
409223 0.05022
409247 0.04969
409283 0.05033
409295 0.0502
409307 0.04925
409331 0.04924
409343 0.05019
409355 0.05019
409403 0.05017
409427 0.05017
409439 0.04864
409451 0.04975
409475 0.04921
409487 0.04994
409511 0.04993
409535 0.04993
409559 0.05042
409607 0.05012
409619 0.04917
409631 0.05044
409667 0.0479
409679 0.04916
409703 0.05046
409727 0.04988
409763 0.05009
409775 0.04985
409787 0.04986
409799 0.04829
409847 0.04987
409859 0.05051
409871 0.04988
409883 0.05006
409895 0.04911
409907 0.05005
409919 0.04862
409931 0.0499
409955 0.04991
409979 0.04857
409991 0.05048
410027 0.05002
410039 0.0485
410051 0.04994
410075 0.05046
410099 0.04858
410123 0.05045
410135 0.04999
410147 0.04905
410159 0.04853
410183 0.04887
410219 0.04842
410267 0.04975
410303 0.0504
410315 0.04974
410327 0.04995
410351 0.05039
410363 0.05039
410375 0.05039
410423 0.04841
410435 0.05037
410447 0.04773
410471 0.05006
410483 0.04991
410495 0.04896
410543 0.0499
410555 0.05034
410603 0.04988
410615 0.05033
410639 0.04861
410663 0.04965
410699 0.0486
410711 0.05013
410735 0.04985
410771 0.05029
410795 0.05016
410831 0.04888
410843 0.04831
410867 0.04907
410879 0.04952
410951 0.05024
410963 0.04958
410975 0.05024
410987 0.04979
411023 0.05023
411047 0.04866
411107 0.04976
411179 0.04961
411191 0.04974
411203 0.04974
411215 0.05018
411227 0.05029
411239 0.05017
411263 0.0503
411275 0.0503
411323 0.04825
411383 0.05034
411407 0.04947
411419 0.04968
411431 0.04827
411455 0.05036
411467 0.04967
411515 0.05038
411539 0.0501
411551 0.05039
411575 0.04973
411587 0.0504
411599 0.04823
411623 0.05008
411635 0.04975
411647 0.04884
411659 0.04975
411719 0.04867
411731 0.05005
411767 0.05045
411803 0.05046
411827 0.04936
411839 0.04832
411863 0.05002
411875 0.04816
411887 0.04957
411899 0.05001
411911 0.04939
411959 0.0483
411971 0.04941
411983 0.04941
411995 0.04999
412043 0.05049
412055 0.04859
412079 0.04988
412091 0.04944
412103 0.05048
412139 0.04996
412151 0.05046
412163 0.04995
412175 0.05046
412235 0.05044
412247 0.04948
412259 0.04903
412271 0.04854
412283 0.04992
412295 0.05043
412331 0.04946
412367 0.05041
412403 0.04989
412427 0.04908
412439 0.04908
412475 0.04987
412499 0.05001
412523 0.05037
412583 0.04805
412595 0.04984
412607 0.05004
412631 0.05035
412643 0.05034
412679 0.05006
412703 0.05033
412715 0.04963
412727 0.05007
412751 0.05008
412775 0.05031
412787 0.05009
412799 0.0498
412811 0.0501
412823 0.04966
412847 0.04967
412883 0.05028
412895 0.05028
412919 0.04839
412931 0.05013
412991 0.05015
413015 0.05025
413051 0.05024
413075 0.04973
413099 0.04928
413123 0.04723
413135 0.04975
413195 0.04786
413219 0.04847
413231 0.04904
413279 0.04875
413291 0.05024
413315 0.05018
413327 0.05025
413339 0.04967
413351 0.05026
413363 0.05017
413375 0.05027
413399 0.05027
413423 0.04984
413435 0.05015
413447 0.05029
413459 0.05029
413471 0.04919
413507 0.04918
413519 0.05031
413531 0.05013
413543 0.05012
413555 0.05012
413567 0.04988
413591 0.05033
413603 0.05011
413627 0.0501
413639 0.04886
413663 0.0486
413675 0.05036
413723 0.04913
413735 0.05038
413747 0.05038
413771 0.05007
413831 0.04892
413843 0.04997
413855 0.05041
413891 0.04849
413903 0.05004
413915 0.05043
413927 0.05043
413975 0.04951
413999 0.05045
414023 0.0488
414035 0.04898
414047 0.05
414059 0.04812
414071 0.04957
414095 0.04948
414119 0.05049
414143 0.05006
414191 0.05051
414215 0.05008
414239 0.0505
414251 0.04945
414263 0.05009
414275 0.05049
414287 0.04963
414299 0.04944
414323 0.04943
414335 0.05011
414371 0.05046
414395 0.04941
414407 0.05013
414419 0.04967
414491 0.05044
414527 0.05043
414551 0.05018
414563 0.05018
414575 0.05042
414587 0.05041
414635 0.04986
414659 0.05039
414719 0.04934
414743 0.05023
414755 0.05037
414827 0.05035
414839 0.04922
414851 0.05035
414863 0.0493
414935 0.05029
414947 0.0503
414983 0.05031
414995 0.05031
415007 0.05031
415019 0.05031
415043 0.0491
415055 0.05033
415067 0.04881
415091 0.05034
415103 0.04912
415127 0.05028
415139 0.05028
415151 0.04931
415163 0.04905
415175 0.05027
415199 0.0499
415223 0.04922
415247 0.04971
415259 0.04934
415283 0.0492
415307 0.0504
415367 0.04938
415403 0.05043
415439 0.0494
415451 0.0502
415475 0.05045
415487 0.05046
415511 0.04942
415535 0.05018
415547 0.05001
415571 0.05048
415595 0.05049
415619 0.049
415655 0.04962
415667 0.05051
415703 0.0493
415715 0.05014
415727 0.04898
415763 0.04922
415775 0.04932
415835 0.05047
415847 0.0501
415859 0.0501
415871 0.0501
415895 0.0501
415907 0.04956
415955 0.05044
415991 0.05043
416003 0.04929
416027 0.05006
416051 0.05016
416063 0.04908
416075 0.04932
416099 0.04914
416111 0.05004
416123 0.04942
416183 0.04912
416195 0.05038
416207 0.0502
416231 0.05037
416255 0.05022
416267 0.05036
416279 0.04965
416303 0.04915
416315 0.04999
416327 0.04921
416339 0.05024
416363 0.04949
416375 0.04967
416411 0.04944
416423 0.04951
416447 0.05032
416507 0.05029
416519 0.04995
416567 0.0494
416603 0.05028
416615 0.05028
416627 0.04992
416639 0.04948
416675 0.05034
416687 0.05035
416699 0.05035
416711 0.05026
416723 0.04951
416735 0.04886
416747 0.04978
416759 0.04979
416771 0.05024
416783 0.04953
416795 0.05024
416807 0.05038
416831 0.04963
416843 0.05023
416855 0.0504
416879 0.04986
416891 0.04986
416903 0.04888
416939 0.04985
416951 0.05043
416975 0.04958
416987 0.05019
416999 0.04986
417011 0.04968
417047 0.05018
417059 0.05046
417071 0.05017
417083 0.0497
417095 0.05047
417107 0.0498
417131 0.05048
417143 0.0494
417167 0.05015
417179 0.04979
417263 0.04976
417275 0.04994
417323 0.04922
417335 0.05011
417359 0.04863
417395 0.05047
417407 0.04948
417431 0.04999
417443 0.05008
417455 0.04972
417467 0.05045
417503 0.04974
417515 0.05044
417539 0.05044
417551 0.04952
417587 0.05005
417599 0.04969
417611 0.05004
417635 0.05041
417647 0.04914
417659 0.05041
417695 0.05002
417743 0.04862
417755 0.05008
417767 0.05009
417779 0.05009
417791 0.05038
417803 0.04983
417827 0.04963
417875 0.04994
417887 0.05012
417911 0.05035
417935 0.05034
417971 0.0497
417995 0.05033
418019 0.04989
418055 0.04993
418091 0.05
418115 0.05001
418127 0.04992
418139 0.0502
418151 0.05029
418163 0.04853
418175 0.05021
418187 0.04976
418211 0.05022
418223 0.05004
418235 0.05005
418283 0.04997
418295 0.05024
418307 0.05025
418355 0.05024
418367 0.05008
418403 0.05001
418439 0.05002
418451 0.05022
418463 0.04979
418475 0.0503
418487 0.05021
418499 0.04845
418523 0.04982
418535 0.0502
418547 0.05032
418571 0.05019
418607 0.04989
418619 0.05034
418643 0.05008
418655 0.05035
418679 0.05009
418691 0.04986
418715 0.05037
418775 0.05014
418823 0.0499
418847 0.04975
418859 0.05012
418907 0.04948
418919 0.05011
418931 0.05043
418943 0.04895
418967 0.04994
418979 0.05018
418991 0.05045
419003 0.04971
419015 0.05046
419027 0.04951
419039 0.04661
419063 0.0502
419075 0.05047
419099 0.05021
419123 0.05031
419135 0.05004
419159 0.05023
419195 0.04956
419207 0.05033
419219 0.05025
419267 0.05035
419279 0.05049
419315 0.05009
419327 0.05037
419363 0.05006
419375 0.05029
419399 0.05012
419411 0.05039
419435 0.05045
419471 0.05044
419495 0.05033
419507 0.04996
419519 0.05033
419531 0.05043
419543 0.04966
419627 0.05041
419663 0.0497
419675 0.05015
419723 0.05048
419735 0.0504
419771 0.0505
419783 0.05041
419795 0.05051
419807 0.05051
419819 0.04989
419843 0.04951
419855 0.05035
419879 0.04988
419891 0.05044
419903 0.05049
419951 0.05048
419963 0.05047
419975 0.05047
419987 0.05047
420011 0.05025
420023 0.04947
420035 0.05049
420059 0.04942
420083 0.04929
420107 0.04944
420131 0.05051
420143 0.0505
420155 0.0505
420179 0.04687
420215 0.05031
420227 0.05041
420239 0.04979
420275 0.0504
420299 0.05038
420311 0.05039
420347 0.04977
420359 0.05045
420371 0.05045
420395 0.05044
420407 0.05042
420431 0.04992
420443 0.05043
420455 0.05043
420491 0.05044
420515 0.04995
420563 0.05041
420575 0.05041
420587 0.05042
420611 0.04933
420647 0.04999
420659 0.04969
420695 0.0505
420755 0.05028
420767 0.05047
420791 0.05048
420827 0.05049
420839 0.05048
420863 0.05033
420887 0.05025
420911 0.05047
420923 0.05032
420935 0.0505
420947 0.05009
420959 0.05031
421007 0.05048
421031 0.05044
421067 0.05043
421151 0.05019
421175 0.0504
421187 0.04957
421199 0.0504
421211 0.05015
421223 0.0487
421247 0.05016
421259 0.05038
421283 0.05023
421295 0.05042
421307 0.05037
421319 0.05022
421355 0.0504
421367 0.04915
421379 0.04967
421391 0.05039
421403 0.05039
421415 0.05021
421427 0.05034
421439 0.04969
421451 0.05019
421475 0.05023
421511 0.05032
421523 0.05036
421547 0.05009
421571 0.05009
421631 0.05033
421655 0.05029
421679 0.04518
421715 0.05031
421763 0.0503
421775 0.05032
421787 0.05026
421811 0.0501
421823 0.0501
421835 0.05029
421859 0.04981
421871 0.04987
421883 0.05027
421895 0.05027
421919 0.05022
421931 0.05026
421967 0.05038
421979 0.04998
421991 0.05021
422003 0.05039
422015 0.05024
422027 0.04937
422039 0.0502
422075 0.05019
422123 0.04996
422135 0.05043
422159 0.05017
422171 0.05044
422195 0.05044
422207 0.04994
422279 0.04931
422303 0.04992
422327 0.05048
422375 0.0501
422387 0.05015
422411 0.05011
422423 0.04997
422435 0.04998
422447 0.0505
422483 0.04999
422507 0.04802
422531 0.04925
422543 0.04993
422555 0.05048
422579 0.05007
422651 0.05009
422663 0.04816
422675 0.05045
422687 0.04982
422699 0.04693
422723 0.05044
422735 0.05044
422747 0.05021
422783 0.05008
422807 0.05006
422819 0.05001
422831 0.05005
422843 0.04986
422855 0.05041
422915 0.05026
422951 0.05002
422963 0.04921
422975 0.05038
422999 0.04826
423011 0.05037
423023 0.04982
423035 0.04913
423047 0.04996
423059 0.04995
423095 0.05035
423107 0.05035
423119 0.05018
423131 0.04958
423167 0.0491
423203 0.05032
423215 0.05035
423227 0.05032
423239 0.05021
423275 0.04994
423311 0.05037
423335 0.05038
423359 0.04988
423371 0.05025
423383 0.04973
423395 0.04987
423407 0.05028
423443 0.04965
423467 0.05042
423491 0.05026
423539 0.04793
423551 0.04969
423575 0.05031
423599 0.05046
423611 0.05032
423635 0.04967
423671 0.05048
423683 0.05034
423695 0.04959
423719 0.05049
423731 0.0505
423743 0.05036
423767 0.04957
423827 0.0505
423851 0.05049
423863 0.0504
423875 0.04866
423899 0.04893
423911 0.05041
423923 0.04961
423947 0.05047
423959 0.04821
423971 0.05046
423983 0.05043
423995 0.05043
424043 0.05013
424067 0.04976
424115 0.05047
424151 0.05042
424175 0.05042
424211 0.0505
424235 0.0505
424283 0.04945
424307 0.05038
424367 0.04969
424379 0.04724
424391 0.05036
424403 0.04963
424415 0.05047
424427 0.04964
424463 0.05003
424475 0.04965
424487 0.05034
424511 0.04965
424535 0.05033
424571 0.05044
424583 0.05
424607 0.04969
424655 0.05042
424691 0.04921
424703 0.04961
424739 0.05028
424751 0.05039
424763 0.05039
424775 0.04955
424787 0.05027
424799 0.05038
424847 0.04994
424859 0.05037
424871 0.05025
424883 0.04993
424907 0.04992
424943 0.04882
424979 0.04936
424991 0.05034
425015 0.0499
425051 0.05032
425063 0.04934
425075 0.0502
425087 0.04988
425099 0.04933
425195 0.05029
425219 0.04841
425231 0.04987
425243 0.04835
425267 0.05016
425303 0.05026
425315 0.04989
425339 0.05025
425351 0.0499
425375 0.0491
425399 0.05013
425459 0.04897
425483 0.04994
425495 0.04995
425507 0.04978
425555 0.04915
425567 0.05009
425579 0.04922
425615 0.04998
425627 0.05007
425639 0.04854
425651 0.05007
425663 0.05018
425675 0.05017
425687 0.05
425711 0.04973
425723 0.04973
425759 0.05004
425807 0.0485
425831 0.05014
425855 0.05013
425867 0.05005
425891 0.05012
425915 0.05012
425927 0.04928
425951 0.05
425963 0.05008
425975 0.04863
425999 0.0501
426035 0.04929
426047 0.05011
426059 0.04866
426071 0.04911
426095 0.05012
426119 0.05007
426143 0.05006
426155 0.04995
426167 0.05014
426191 0.05015
426203 0.05005
426251 0.05017
426263 0.05004
426275 0.05017
426299 0.04906
426323 0.05019
426335 0.04959
426347 0.0499
426359 0.05001
426371 0.0502
426395 0.05
426431 0.05022
426443 0.04999
426455 0.04988
426467 0.04987
426491 0.04942
426503 0.05024
426539 0.04914
426575 0.05026
426587 0.04953
426623 0.04898
426635 0.04984
426647 0.04946
426659 0.04911
426683 0.04947
426695 0.0495
426719 0.04993
426755 0.05031
426767 0.0498
426791 0.0498
426827 0.04908
426851 0.04979
426875 0.05035
426923 0.04954
426935 0.05036
426947 0.05037
426983 0.0474
426995 0.04975
427019 0.04986
427091 0.05041
427115 0.04984
427127 0.04879
427175 0.04962
427187 0.04899
427199 0.04982
427211 0.04981
427223 0.05045
427271 0.0498
427319 0.04902
427331 0.04966
427343 0.05048
427355 0.04896
427367 0.04899
427391 0.04983
427415 0.0505
427427 0.05051
427463 0.04975
427475 0.04975
427487 0.0484
427511 0.04956
427535 0.04974
427547 0.04972
427559 0.04973
427571 0.04973
427583 0.05048
427595 0.04961
427607 0.05047
427631 0.0496
427643 0.05046
427667 0.05046
427679 0.04961
427691 0.04962
427703 0.0497
427715 0.04962
427739 0.04914
427763 0.04969
427799 0.04909
427811 0.04999
427823 0.04909
427835 0.05042
427871 0.05041
427895 0.0504
427931 0.04984
427943 0.04969
427955 0.05039
427979 0.04779
428015 0.05037
428051 0.04951
428063 0.05036
428075 0.04988
428123 0.04974
428159 0.04959
428171 0.05034
428219 0.04977
428243 0.04921
428255 0.04978
428267 0.05031
428291 0.05016
428327 0.05018
428351 0.05019
428363 0.05029
428375 0.04837
428387 0.04943
428399 0.04982
428423 0.05028
428435 0.04998
428447 0.04998
428459 0.04984
428507 0.05
428519 0.0494
428543 0.05026
428591 0.04988
428603 0.04988
428615 0.05003
428627 0.0494
428651 0.05022
428675 0.04934
428687 0.04875
428699 0.04947
428711 0.04947
428735 0.04992
428783 0.05019
428795 0.04993
428819 0.04853
428855 0.04943
428867 0.05017
428879 0.04947
428891 0.0494
428903 0.05017
428915 0.04941
428927 0.04839
428939 0.04998
428963 0.05015
428975 0.05014
429011 0.05014
429023 0.05014
429035 0.04952
429047 0.04861
429059 0.04952
429071 0.05001
429107 0.04954
429143 0.05018
429167 0.05019
429179 0.04948
429191 0.05005
429203 0.0502
429239 0.04934
429263 0.05007
429287 0.05008
429311 0.05023
429323 0.05007
429335 0.05024
429359 0.04961
429371 0.04889
429383 0.04853
429395 0.05026
429407 0.05026
429419 0.0493
429443 0.04956
429455 0.05027
429479 0.04957
429491 0.05013
429527 0.0503
429539 0.04966
429575 0.05031
429623 0.05032
429635 0.04883
429671 0.05034
429695 0.05019
429707 0.05035
429743 0.05021
429755 0.05036
429767 0.04906
429803 0.05022
429815 0.05023
429839 0.04975
429875 0.04994
429935 0.04911
429947 0.04911
429959 0.05027
429983 0.05043
430115 0.05031
430127 0.04983
430163 0.04871
430175 0.04917
430187 0.04832
430199 0.04985
430211 0.05049
430223 0.0487
430235 0.04986
430247 0.0492
430271 0.05036
430295 0.04912
430307 0.04984
430331 0.0505
430355 0.04983
430367 0.05049
430403 0.04982
430439 0.04916
430475 0.0498
430523 0.05045
430535 0.04995
430559 0.04996
430583 0.05044
430595 0.04989
430607 0.04977
430619 0.05046
430631 0.05046
430643 0.04902
430679 0.04999
430703 0.04992
430775 0.05039
430787 0.05039
430835 0.04936
430859 0.0505
430919 0.04784
430931 0.05006
430943 0.05048
430955 0.05007
430967 0.04969
431003 0.04968
431015 0.05034
431027 0.04967
431039 0.05002
431075 0.05044
431087 0.05011
431111 0.04881
431123 0.05031
431159 0.05042
431171 0.05042
431183 0.0503
431207 0.05029
431231 0.05007
431279 0.04877
431303 0.05039
431351 0.05026
431375 0.04886
431411 0.05037
431495 0.05035
431507 0.04956
431531 0.05034
431543 0.04907
431579 0.05017
431591 0.05025
431627 0.05019
431675 0.0503
431687 0.05028
431723 0.05029
431735 0.05029
431747 0.0503
431771 0.04835
431783 0.04914
431795 0.05031
431819 0.04889
431843 0.04916
431879 0.05033
431915 0.05034
431939 0.05028
431951 0.05028
431963 0.05012
431975 0.05011
432011 0.05037
432035 0.0501
432047 0.04971
432071 0.05039
432083 0.05021
432095 0.0504
432107 0.0504
432119 0.04964
432131 0.04942
432155 0.05034
432179 0.05019
432215 0.05035
432239 0.05044
432263 0.05017
432275 0.04978
432347 0.05047
432371 0.05014
432383 0.0504
432395 0.05048
432407 0.05048
432419 0.04973
432431 0.05049
432515 0.04976
432563 0.04998
432575 0.05049
432623 0.04938
432635 0.04996
432647 0.04962
432671 0.0498
432683 0.0494
432707 0.04994
432719 0.0505
432755 0.05051
432767 0.04927
432779 0.04966
432791 0.04992
432803 0.0505
432815 0.05004
432827 0.05043
432851 0.05043
432863 0.04994
432875 0.05003
432887 0.05042
432899 0.05002
432911 0.04946
432947 0.04997
433019 0.05039
433031 0.05045
433055 0.04991
433067 0.04974
433091 0.05037
433115 0.05037
433127 0.04985
433139 0.05036
433163 0.05042
433175 0.05003
433199 0.05035
433211 0.05004
433235 0.0504
433283 0.05039
433295 0.05007
433307 0.05032
433331 0.05038
433343 0.05037
433355 0.04982
433379 0.05037
433391 0.05036
433403 0.05036
433415 0.0499
433427 0.04924
433451 0.05035
433463 0.05035
433475 0.05003
433487 0.04986
433535 0.05033
433547 0.04988
433559 0.05006
433619 0.04861
433631 0.0493
433655 0.04942
433691 0.05018
433739 0.04944
433751 0.05022
433763 0.0502
433799 0.04995
433811 0.05026
433823 0.04972
433871 0.05023
433895 0.05025
433919 0.05024
433955 0.05026
433979 0.05023
434003 0.05022
434015 0.05016
434027 0.05015
434051 0.04979
434063 0.04979
434075 0.0502
434123 0.0503
434135 0.05031
434147 0.05031
434159 0.05023
434171 0.05018
434183 0.05032
434195 0.05006
434219 0.0486
434231 0.05007
434279 0.0497
434291 0.05026
434315 0.05036
434327 0.04987
434339 0.05008
434351 0.05028
434375 0.05011
434423 0.04864
434435 0.05039
434447 0.04964
434483 0.05041
434495 0.05041
434507 0.05004
434519 0.05004
434543 0.05042
434555 0.05043
434579 0.05035
434591 0.04963
434603 0.05044
434627 0.05019
434639 0.05019
434675 0.04971
434687 0.05046
434711 0.05038
434723 0.05039
434735 0.05048
434747 0.04999
434759 0.04973
434771 0.0504
434819 0.05024
434855 0.05042
434879 0.05002
434891 0.05026
434915 0.05027
434975 0.05
434999 0.05029
435011 0.04999
435023 0.04872
435047 0.05046
435083 0.05046
435095 0.05008
435155 0.05044
435215 0.0505
435239 0.05049
435299 0.05048
435311 0.0504
435335 0.0504
435347 0.05016
435383 0.0499
435395 0.05045
435431 0.04989
435443 0.05044
435455 0.05019
435467 0.05043
435479 0.05043
435527 0.04981
435551 0.05045
435575 0.05046
435587 0.05046
435599 0.04997
435635 0.05047
435659 0.05048
435683 0.04909
435695 0.05026
435707 0.04977
435719 0.05038
435767 0.04975
435791 0.04975
435815 0.0505
435827 0.0505
435851 0.05004
435875 0.05005
435887 0.04973
435899 0.05005
435959 0.05007
435971 0.05032
435995 0.05008
436007 0.05045
436019 0.05009
436031 0.05035
436043 0.05035
436067 0.05036
436103 0.04942
436139 0.05042
436163 0.05021
436175 0.05002
436187 0.05039
436199 0.05027
436211 0.0504
436223 0.05004
436235 0.05041
436247 0.05019
436271 0.05042
436295 0.05043
436331 0.05024
436355 0.04962
436367 0.05045
436379 0.05023
436391 0.04961
436403 0.05015
436415 0.05022
436475 0.0502
436511 0.05049
436535 0.05033
436559 0.04957
436583 0.05011
436595 0.05051
436643 0.05017
436655 0.0484
436667 0.0503
436679 0.05016
436691 0.05028
436703 0.05015
436751 0.05028
436763 0.05047
436775 0.05047
436823 0.05005
436835 0.05021
436847 0.05005
436859 0.04687
436883 0.05011
436895 0.05011
436907 0.05025
436931 0.05024
436943 0.05043
436955 0.05024
436991 0.05042
437003 0.05042
437027 0.04939
437039 0.05022
437051 0.04939
437075 0.04941
437087 0.0504
437123 0.05039
437171 0.05038
437195 0.04973
437207 0.05037
437231 0.05032
437255 0.05036
437267 0.05044
437291 0.05002
437303 0.05002
437315 0.05034
437327 0.05035
437375 0.05
437423 0.04992
437435 0.05032
437447 0.05049
437483 0.05039
437495 0.05051
437531 0.04953
437567 0.05009
437579 0.04973
437591 0.05049
437603 0.05028
437627 0.05048
437639 0.05008
437663 0.05044
437675 0.05047
437711 0.05046
437723 0.05046
437747 0.05005
437759 0.05045
437783 0.05024
437807 0.05048
437831 0.04989
437855 0.05003
437879 0.05002
437891 0.05051
437939 0.05041
437951 0.0502
437963 0.05019
437975 0.05049
437987 0.05049
437999 0.0504
438011 0.04966
438023 0.05018
438035 0.04997
438059 0.04998
438071 0.04998
438095 0.05038
438167 0.05015
438191 0.05044
438227 0.05013
438239 0.04994
438263 0.05043
438275 0.05033
438299 0.0503
438311 0.05042
438335 0.05011
438347 0.05041
438359 0.05006
438371 0.04984
438383 0.0501
438407 0.05039
438491 0.05037
438503 0.05037
438515 0.05007
438563 0.0499
438575 0.05001
438587 0.05026
438599 0.05026
438635 0.04985
438659 0.05004
438683 0.05033
438719 0.04987
438731 0.05023
438743 0.05032
438767 0.05031
438779 0.05022
438791 0.05018
438803 0.0503
438815 0.0503
438839 0.0502
438851 0.0502
438863 0.05029
438875 0.04999
438935 0.05022
438947 0.05027
438959 0.05018
438995 0.05026
439019 0.05025
439031 0.05025
439067 0.05024
439079 0.04961
439091 0.05015
439103 0.05027
439115 0.05027
439127 0.05014
439139 0.04974
439175 0.05022
439187 0.05018
439211 0.0503
439235 0.05031
439247 0.0502
439259 0.04903
439295 0.04874
439319 0.05033
439331 0.05023
439343 0.05034
439355 0.05009
439379 0.04884
439391 0.05035
439403 0.05014
439415 0.05016
439439 0.05037
439451 0.05037
439475 0.05038
439487 0.05016
439499 0.05027
439523 0.05039
439535 0.05039
439547 0.05018
439571 0.05013
439595 0.05012
439619 0.05042
439643 0.0502
439679 0.05014
439691 0.05033
439703 0.05013
439727 0.05004
439775 0.05024
439835 0.05037
439847 0.05037
439859 0.05019
439871 0.05049
439895 0.05049
439907 0.05028
439931 0.0505
439943 0.05051
439967 0.05029
439979 0.04994
440003 0.05012
440051 0.05049
440075 0.05048
440135 0.05026
440147 0.05045
440195 0.05045
440231 0.05048
440243 0.05044
440255 0.05029
440267 0.05049
440291 0.0505
440315 0.05021
440327 0.0504
440363 0.05042
440375 0.0505
440387 0.05034
440411 0.05049
440423 0.05042
440435 0.0504
440459 0.05048
440483 0.05044
440495 0.05048
440519 0.05047
440531 0.05037
440555 0.05046
440603 0.05029
440615 0.05048
440627 0.05048
440639 0.04866
440663 0.05049
440675 0.05049
440687 0.05043
440699 0.05043
440735 0.05051
440747 0.04986
440759 0.05044
440771 0.05045
440795 0.0505
440855 0.05047
440879 0.05048
440891 0.05047
440915 0.05038
440927 0.05047
440951 0.0505
440975 0.05049
441035 0.05051
441047 0.0505
441059 0.05051
441071 0.0505
441083 0.04969
441095 0.0505
441119 0.05048
441131 0.05042
441143 0.05049
441155 0.05047
441215 0.05031
441227 0.05046
441239 0.05045
441275 0.05045
441287 0.05048
441299 0.05045
441311 0.05045
441323 0.05038
441335 0.05049
441371 0.0505
441383 0.05036
441395 0.04962
441407 0.05042
441455 0.05049
441467 0.0504
441491 0.05049
441503 0.05048
441515 0.05039
441539 0.0504
441551 0.05039
441575 0.05038
441599 0.05038
441611 0.05013
441623 0.05046
441659 0.05037
441719 0.05011
441731 0.05043
441743 0.05043
441755 0.05028
441767 0.05033
441779 0.04914
441803 0.04893
441815 0.05008
441851 0.0504
441863 0.05007
441875 0.05031
441899 0.05031
441911 0.0498
441935 0.0503
441959 0.0503
441995 0.05028
442067 0.05021
442091 0.05035
442103 0.04998
442127 0.04999
442163 0.05018
442175 0.05025
442187 0.05024
442199 0.05024
442211 0.05032
442223 0.05024
442235 0.05032
442259 0.05007
442295 0.05021
442307 0.05021
442331 0.05022
442391 0.05019
442415 0.05028
442427 0.05027
442451 0.05018
442463 0.05019
442475 0.05018
442511 0.05025
442523 0.05025
442535 0.05016
442547 0.04998
442559 0.05016
442583 0.04991
442595 0.05012
442631 0.05014
442655 0.05022
442667 0.05022
442679 0.04934
442715 0.05012
442727 0.05015
442739 0.05012
442751 0.0502
442775 0.05017
442787 0.04979
442799 0.04995
442811 0.05018
442835 0.05018
442847 0.05018
442859 0.05009
442871 0.05008
442883 0.05009
442895 0.0502
442907 0.05008
442931 0.05021
443003 0.05006
443015 0.05011
443027 0.05014
443051 0.05012
443075 0.05013
443087 0.05012
443111 0.05003
443135 0.05015
443183 0.05028
443195 0.0501
443207 0.0501
443279 0.04993
443303 0.05019
443339 0.04999
443351 0.04995
443375 0.05006
443387 0.04991
443399 0.04996
443435 0.04998
443447 0.04998
443459 0.04995
443483 0.05036
443495 0.04994
443507 0.04979
443519 0.05
443531 0.05038
443555 0.05038
443579 0.04994
443615 0.05
443627 0.04931
443663 0.05029
443675 0.05042
443699 0.04998
443747 0.04997
443795 0.05033
443807 0.05045
443831 0.05034
443843 0.05046
443891 0.05036
443915 0.05036
443951 0.05049
443963 0.0505
443975 0.05013
444059 0.05008
444071 0.05008
444083 0.05041
444107 0.05049
444119 0.05009
444143 0.04981
444155 0.0486
444203 0.05044
444227 0.0502
444239 0.04978
444251 0.04971
444263 0.04978
444275 0.05045
444299 0.05022
444323 0.0497
444359 0.04951
444371 0.05043
444383 0.04884
444395 0.05024
444407 0.05042
444419 0.05025
444431 0.05051
444455 0.04982
444467 0.05041
444479 0.05019
444491 0.04973
444503 0.04973
444551 0.05029
444563 0.05022
444575 0.04957
444587 0.0503
444599 0.0503
444611 0.05047
444635 0.05037
444659 0.04969
444683 0.04976
444695 0.05033
444707 0.05045
444779 0.04963
444815 0.05033
444827 0.04964
444839 0.05037
444851 0.05037
444875 0.05041
444899 0.04964
444911 0.04966
444935 0.05039
444959 0.04968
444983 0.05033
444995 0.05034
445007 0.05038
445043 0.04968
445055 0.05037
445067 0.0489
445079 0.05036
445115 0.05044
445127 0.04972
445139 0.04957
445151 0.05045
445163 0.05038
445175 0.05039
445211 0.05047
445223 0.04964
445235 0.05023
445247 0.04976
445259 0.05048
445295 0.05042
445331 0.04954
445343 0.04954
445379 0.0505
445391 0.0505
445439 0.04951
445475 0.05048
445511 0.05048
445523 0.05048
445547 0.05016
445559 0.05046
445571 0.04948
445607 0.05025
445643 0.04923
445655 0.0505
445667 0.04987
445715 0.05043
445727 0.05012
445739 0.04989
445751 0.04945
445763 0.05021
445775 0.05011
445787 0.05021
445811 0.04951
445835 0.0501
445895 0.05039
445907 0.04926
445919 0.04941
445955 0.05037
445979 0.05037
445991 0.04996
446027 0.05005
446039 0.05041
446051 0.05005
446063 0.04946
446075 0.05041
446099 0.0504
446171 0.04929
446183 0.04935
446195 0.05032
446207 0.05032
446219 0.05031
446243 0.0501
446255 0.05037
446291 0.0503
446303 0.05036
446315 0.05009
446339 0.05035
446351 0.05034
446375 0.05007
446435 0.05033
446459 0.05009
446483 0.05005
446495 0.05005
446507 0.04921
446519 0.05025
446531 0.05004
446543 0.0503
446555 0.05012
446579 0.05023
446591 0.05013
446615 0.05028
446627 0.04919
446639 0.05022
446651 0.05014
446675 0.04924
446687 0.05
446711 0.0502
446723 0.05026
446735 0.04931
446747 0.0502
446783 0.05025
446795 0.05019
446807 0.04906
446843 0.04987
446867 0.05017
446879 0.05017
446903 0.04996
446915 0.05022
446927 0.04918
446939 0.05021
446963 0.05021
446975 0.0502
446987 0.05014
447023 0.05019
447035 0.05013
447059 0.05013
447071 0.04972
447083 0.04991
447095 0.04981
447131 0.05017
447143 0.05017
447167 0.04913
447191 0.05016
447227 0.05009
447251 0.04978
447275 0.05008
447287 0.04977
447299 0.05032
447335 0.05033
447347 0.04903
447359 0.05012
447371 0.05034
447383 0.04975
447395 0.05035
447407 0.05005
447419 0.05036
447479 0.05009
447491 0.05003
447515 0.04907
447539 0.05008
447551 0.05039
447563 0.04955
447575 0.04973
447587 0.05001
447599 0.05041
447647 0.05042
447671 0.04989
447695 0.04978
447719 0.04998
447731 0.05044
447755 0.04967
447767 0.04914
447803 0.04979
447851 0.05001
447863 0.05
447875 0.05
447887 0.04917
447911 0.05049
447923 0.04973
447935 0.04983
447947 0.04919
447959 0.05051
447971 0.04992
448007 0.04961
448019 0.0505
448043 0.04996
448079 0.05049
448103 0.04959
448115 0.04995
448127 0.04989
448151 0.05047
448163 0.04989
448175 0.04994
448211 0.05046
448223 0.04884
448235 0.05045
448247 0.04986
448271 0.05044
448283 0.04991
448319 0.05043
448343 0.04994
448391 0.04989
448403 0.04978
448415 0.05009
448427 0.05041
448439 0.0504
448463 0.04987
448475 0.0504
448499 0.05039
448511 0.0496
448535 0.04981
448547 0.04959
448559 0.04979
448583 0.05001
448595 0.04958
448619 0.04984
448655 0.05036
448679 0.05016
448691 0.04939
448715 0.05034
448739 0.05034
448751 0.04975
448775 0.05033
448787 0.05019
448799 0.0498
448823 0.04953
448847 0.05031
448931 0.05029
448955 0.0497
448967 0.0495
448979 0.05028
448991 0.05025
449015 0.04969
449039 0.05026
449063 0.04974
449075 0.05014
449087 0.04967
449111 0.04951
449123 0.04998
449135 0.04962
449147 0.05025
449159 0.0503
449183 0.05017
449207 0.04868
449219 0.04965
449231 0.05032
449255 0.05019
449267 0.05033
449279 0.05022
449291 0.05033
449315 0.05034
449351 0.05035
449375 0.04969
449387 0.05036
449423 0.05024
449435 0.05018
449447 0.04866
449471 0.05017
449507 0.05039
449555 0.05041
449603 0.05029
449627 0.04868
449639 0.05014
449651 0.0503
449675 0.05013
449687 0.05013
449723 0.05014
449735 0.05046
449747 0.05046
449771 0.05033
449819 0.05048
449831 0.05035
449843 0.05035
449855 0.05049
449903 0.04955
449927 0.05051
449939 0.0502
449975 0.0505
449999 0.0504
450023 0.05022
450047 0.04946
450059 0.05048
450119 0.05043
450131 0.05025
450167 0.04944
450179 0.05045
450191 0.05045
450215 0.04903
450251 0.05044
450275 0.05047
450323 0.05049
450347 0.04985
450359 0.05041
450371 0.0505
450395 0.04997
450407 0.04836
450419 0.0504
450443 0.05034
450455 0.04995
450491 0.05049
450515 0.05049
450527 0.04994
450539 0.05036
450551 0.05037
450575 0.05002
450623 0.05046
450647 0.05035
450659 0.05035
450683 0.05045
450695 0.05034
450731 0.05042
450743 0.05006
450755 0.05043
450779 0.05043
450791 0.04997
450851 0.05045
450863 0.05045
450875 0.05046
450911 0.0504
450947 0.05028
450959 0.05039
450983 0.05049
451019 0.05037
451043 0.0505
451055 0.05026
451067 0.05004
451091 0.05016
451115 0.0505
451127 0.05006
451151 0.04864
451175 0.05049
451199 0.05019
451223 0.0493
451247 0.04978
451259 0.0502
451271 0.05046
451283 0.05046
451295 0.05046
451319 0.05045
451367 0.05019
451379 0.05044
451391 0.05044
451403 0.05029
451415 0.05014
451427 0.04974
451451 0.05028
451463 0.05042
451475 0.05017
451487 0.05016
451511 0.04894
451535 0.05026
451559 0.0494
451571 0.0504
451595 0.0503
451619 0.0502
451631 0.05024
451643 0.05038
451655 0.04881
451703 0.05037
451715 0.05022
451727 0.04889
451739 0.05021
451751 0.04915
451763 0.05035
451775 0.04946
451811 0.05034
451835 0.05036
451883 0.05018
451907 0.05007
451931 0.05032
451943 0.0488
451955 0.05017
451979 0.05029
452051 0.05031
452063 0.05042
452075 0.05032
452099 0.05043
452111 0.05044
452123 0.04884
452135 0.04958
452147 0.04864
452183 0.05046
452231 0.05036
452255 0.05037
452267 0.04944
452303 0.0496
452315 0.05039
452327 0.05039
452339 0.05008
452351 0.05008
452375 0.0504
452387 0.04871
452399 0.0505
452411 0.04996
452423 0.0505
452435 0.05021
452459 0.05043
452471 0.0502
452507 0.05044
452543 0.05004
452567 0.04992
452591 0.05003
452603 0.04896
452663 0.0497
452675 0.05001
452699 0.05049
452711 0.05044
452723 0.05014
452747 0.0505
452783 0.05042
452795 0.0505
452819 0.05041
452843 0.04959
452855 0.04975
452867 0.05049
452879 0.0504
452891 0.04976
452927 0.05047
452939 0.04977
452951 0.05038
452975 0.05009
452987 0.04983
453035 0.05045
453047 0.04982
453059 0.04992
453071 0.04981
453083 0.05035
453131 0.05043
453167 0.05042
453179 0.05042
453191 0.05033
453203 0.04985
453215 0.04978
453251 0.0504
453263 0.04988
453275 0.04971
453287 0.04977
453299 0.05039
453335 0.0503
453359 0.05029
453383 0.05
453407 0.05037
453419 0.05028
453455 0.05036
453491 0.04997
453503 0.05026
453539 0.05025
453575 0.05033
453623 0.05023
453635 0.05032
453647 0.05031
453695 0.05022
453731 0.04934
453743 0.04929
453755 0.05029
453767 0.04923
453779 0.04976
453791 0.05001
453803 0.05001
453815 0.05001
453839 0.05027
453863 0.05003
453875 0.04988
453887 0.05026
453899 0.05004
453911 0.05026
453995 0.04862
454007 0.04991
454019 0.04942
454043 0.05014
454055 0.0497
454067 0.05022
454103 0.05013
454127 0.05021
454163 0.05011
454175 0.0502
454187 0.04914
454223 0.05012
454259 0.05018
454283 0.05014
454295 0.04999
454319 0.05017
454343 0.05007
454355 0.05016
454367 0.04924
454391 0.05006
454403 0.05002
454415 0.05018
454439 0.05014
454463 0.04662
454475 0.05013
454499 0.04975
454511 0.0502
454523 0.04956
454571 0.04964
454583 0.05022
454595 0.05022
454619 0.05023
454631 0.05008
454667 0.04826
454691 0.0501
454703 0.04961
454715 0.05026
454727 0.05011
454739 0.04969
454775 0.05007
454787 0.04901
454811 0.05028
454835 0.05029
454871 0.04972
454883 0.0503
454895 0.05015
454955 0.05032
455015 0.05001
455027 0.05019
455039 0.05035
455051 0.05035
455063 0.0502
455075 0.0502
455087 0.04978
455111 0.04999
455135 0.05037
455147 0.05022
455195 0.05023
455207 0.04892
455243 0.0504
455255 0.04996
455267 0.05025
455303 0.05042
455315 0.04932
455327 0.04898
455363 0.05028
455375 0.04986
455387 0.04993
455399 0.04986
455411 0.04993
455423 0.05045
455435 0.05045
455447 0.0503
455459 0.04988
455483 0.04982
455507 0.04989
455519 0.04983
455555 0.05049
455591 0.04992
455615 0.05035
455675 0.04978
455699 0.04988
455723 0.04982
455735 0.05038
455747 0.05038
455759 0.05048
455771 0.04997
455807 0.0504
455819 0.04985
455843 0.05047
455855 0.04999
455879 0.04974
455891 0.05
455927 0.05001
455939 0.05044
455951 0.04989
455963 0.05044
455975 0.04929
456011 0.05043
456035 0.04997
456059 0.05042
456071 0.05047
456095 0.04978
456131 0.0504
456143 0.05049
456155 0.05049
456179 0.04914
456191 0.05039
456203 0.05001
456227 0.05051
456239 0.05038
456251 0.0505
456275 0.0505
456299 0.05004
456311 0.05011
456335 0.05048
456347 0.04925
456359 0.05035
456371 0.05047
456383 0.04979
456395 0.05013
456419 0.05014
456431 0.05034
456467 0.04981
456479 0.05016
456527 0.04906
456563 0.05011
456575 0.05005
456599 0.0503
456635 0.04986
456659 0.05029
456695 0.05028
456707 0.04988
456719 0.04955
456743 0.05039
456755 0.05016
456779 0.05011
456815 0.05018
456827 0.05025
456839 0.05025
456851 0.05024
456863 0.05013
456875 0.05019
456887 0.05027
456911 0.05036
456947 0.04855
456971 0.05034
456983 0.04907
456995 0.05021
457007 0.05033
457019 0.0503
457031 0.05024
457079 0.05032
457103 0.04999
457127 0.04893
457175 0.05001
457199 0.05035
457211 0.05001
457235 0.05036
457247 0.05028
457259 0.0503
457283 0.0503
457331 0.05032
457343 0.05032
457355 0.05027
457379 0.05033
457391 0.04957
457415 0.05041
457427 0.05007
457439 0.04911
457451 0.05035
457475 0.05011
457487 0.04843
457535 0.05044
457583 0.05033
457595 0.04963
457619 0.05008
457631 0.05034
457655 0.05007
457691 0.04965
457703 0.05015
457715 0.05015
457727 0.05018
457763 0.05017
457775 0.05051
457811 0.05018
457823 0.04932
457835 0.0505
457847 0.05015
457859 0.05002
457883 0.0502
457895 0.0502
457907 0.04968
457919 0.05048
457931 0.05021
457967 0.05012
457991 0.05012
458003 0.05023
458015 0.0505
458075 0.04998
458087 0.04972
458111 0.05044
458135 0.05048
458159 0.05048
458171 0.05048
458183 0.05049
458231 0.05029
458243 0.05051
458255 0.05046
458267 0.04717
458279 0.05051
458291 0.0505
458315 0.05045
458339 0.05044
458351 0.04983
458375 0.05048
458387 0.05003
458411 0.05048
458435 0.05047
458459 0.05047
458495 0.04917
458507 0.04984
458519 0.04988
458579 0.0489
458591 0.05039
458615 0.05039
458675 0.05041
458687 0.04997
458699 0.04921
458711 0.05042
458723 0.05042
458735 0.05036
458771 0.05035
458795 0.05044
458831 0.05028
458867 0.05046
458903 0.04998
458915 0.05037
458927 0.05026
458939 0.05031
458951 0.04916
458975 0.05035
458999 0.0503
459011 0.05001
459059 0.05033
459071 0.05028
459083 0.04999
459095 0.05033
459119 0.05032
459131 0.04987
459143 0.05049
459155 0.04986
459179 0.05031
459191 0.05031
459215 0.05025
459227 0.0491
459239 0.05019
459275 0.04805
459287 0.05046
459299 0.05028
459311 0.05023
459323 0.05045
459347 0.05044
459359 0.04906
459395 0.05021
459419 0.05015
459455 0.04968
459491 0.05041
459503 0.05024
459515 0.05023
459539 0.05015
459551 0.0504
459563 0.05022
459575 0.05016
459587 0.05011
459635 0.0501
459659 0.0501
459683 0.0502
459707 0.04904
459767 0.05035
459779 0.05013
459815 0.05034
459827 0.04804
459839 0.05012
459851 0.05023
459863 0.05033
459875 0.05033
459887 0.05021
459911 0.0497
459935 0.05031
459947 0.05031
459959 0.05014
459971 0.05023
459983 0.05008
459995 0.0503
460007 0.05002
460031 0.05002
460043 0.04884
460055 0.05012
460067 0.04967
460115 0.05028
460151 0.05032
460163 0.05005
460175 0.05004
460187 0.04998
460199 0.05004
460223 0.0503
460235 0.05008
460259 0.05007
460271 0.05007
460295 0.05035
460307 0.04996
460319 0.05006
460331 0.05036
460343 0.05005
460355 0.05037
460391 0.05022
460427 0.05035
460475 0.04992
460487 0.05037
460511 0.04957
460559 0.05042
460607 0.0504
460631 0.05044
460655 0.04895
460667 0.05016
460679 0.04947
460691 0.05043
460703 0.05043
460727 0.05014
460739 0.05047
460763 0.04996
460775 0.05048
460799 0.04985
460835 0.04951
460847 0.05047
460883 0.05051
460931 0.04993
460943 0.0505
460955 0.0505
460967 0.04938
461003 0.05048
461027 0.05051
461039 0.0499
461063 0.0499
461075 0.0505
461087 0.04979
461099 0.04984
461123 0.05046
461195 0.05047
461219 0.04986
461231 0.04981
461243 0.04981
461267 0.04946
461279 0.0498
461291 0.05042
461303 0.05002
461315 0.0498
461363 0.05043
461375 0.04983
461387 0.04949
461399 0.0504
461423 0.04938
461435 0.05042
461459 0.04976
461471 0.05041
461495 0.05037
461519 0.04975
461531 0.04969
461543 0.05036
461567 0.05039
461579 0.04979
461615 0.05038
461651 0.05034
461663 0.04977
461675 0.05034
461711 0.05033
461723 0.05035
461747 0.05035
461759 0.05032
461771 0.05034
461783 0.05034
461795 0.05034
461807 0.05034
461831 0.05033
461855 0.05032
461879 0.04973
461927 0.04927
461939 0.0498
461963 0.0503
461975 0.04976
461987 0.04987
461999 0.04966
462011 0.05026
462035 0.05029
462047 0.04924
462071 0.04985
462083 0.05028
462107 0.04969
462119 0.04934
462167 0.04983
462179 0.05023
462215 0.04937
462227 0.04982
462275 0.05023
462299 0.04958
462323 0.04963
462347 0.04952
462359 0.04951
462371 0.05018
462383 0.05021
462407 0.0502
462431 0.04956
462455 0.05017
462479 0.05016
462503 0.05016
462527 0.05018
462539 0.04996
462551 0.05017
462563 0.04957
462575 0.05017
462599 0.04998
462611 0.04956
462635 0.05013
462647 0.04892
462695 0.04995
462707 0.05014
462731 0.05013
462743 0.0501
462767 0.049
462779 0.05003
462791 0.05009
462815 0.05012
462875 0.0501
462923 0.05007
462935 0.05001
462971 0.04957
462995 0.05009
463007 0.04993
463019 0.05004
463043 0.0501
463055 0.04964
463067 0.05006
463079 0.05003
463091 0.05006
463139 0.05002
463151 0.05004
463163 0.05013
463175 0.05004
463187 0.04961
463199 0.04998
463223 0.05003
463259 0.04999
463271 0.04938
463295 0.05017
463307 0.05001
463331 0.05018
463367 0.05
463379 0.05019
463427 0.04969
463439 0.05021
463463 0.04934
463475 0.04995
463487 0.04997
463499 0.05016
463559 0.05018
463571 0.04995
463583 0.05024
463595 0.05025
463619 0.04879
463631 0.05009
463655 0.0502
463667 0.0501
463691 0.05027
463703 0.05022
463715 0.05028
463739 0.05029
463751 0.05029
463775 0.05029
463799 0.0503
463871 0.05026
463883 0.05027
463931 0.05034
463943 0.05028
463979 0.04984
464015 0.04943
464027 0.0502
464039 0.04986
464063 0.04985
464075 0.05021
464087 0.05022
464099 0.05022
464111 0.05022
464135 0.05023
464147 0.04932
464159 0.05023
464183 0.04923
464195 0.04979
464207 0.04875
464219 0.05041
464231 0.04939
464243 0.05042
464255 0.04978
464267 0.05026
464303 0.0492
464339 0.05039
464375 0.05045
464387 0.0503
464399 0.04975
464411 0.05046
464423 0.04939
464435 0.04996
464507 0.05033
464519 0.05049
464531 0.05044
464543 0.0505
464555 0.0505
464567 0.04974
464579 0.05035
464615 0.05046
464627 0.04945
464651 0.05002
464675 0.05049
464723 0.04971
464735 0.04967
464759 0.049
464807 0.05006
464831 0.05046
464855 0.05045
464903 0.05049
464915 0.05044
464975 0.05047
465035 0.05047
465047 0.04961
465059 0.05041
465083 0.0496
465095 0.04963
465131 0.04963
465155 0.05043
465179 0.05051
465191 0.05051
465203 0.05038
465215 0.05051
465227 0.05017
465251 0.0505
465263 0.05041
465275 0.05036
465287 0.05049
465311 0.0504
465323 0.0504
465335 0.05039
465347 0.04915
465359 0.05034
465395 0.05047
465431 0.05023
465443 0.04953
465455 0.05045
465467 0.05024
465479 0.05045
465491 0.04955
465503 0.04954
465527 0.05044
465539 0.05043
465575 0.05034
465599 0.05027
465623 0.05028
465635 0.05033
465647 0.05028
465683 0.04959
465719 0.04978
465767 0.04975
465779 0.04945
465791 0.05038
465815 0.04976
465827 0.04981
465851 0.05037
465863 0.04883
465875 0.05036
465899 0.05035
465923 0.05027
465959 0.05034
465971 0.05037
466007 0.05038
466031 0.0502
466055 0.04983
466067 0.05032
466115 0.05041
466163 0.05022
466175 0.05042
466187 0.04991
466199 0.05043
466211 0.0502
466223 0.0502
466235 0.05044
466271 0.05045
466295 0.05014
466307 0.05027
466343 0.04977
466355 0.05017
466379 0.05025
466391 0.05048
466439 0.05024
466463 0.04931
466475 0.0505
466487 0.04999
466523 0.05014
466559 0.05013
466583 0.04997
466607 0.04997
466631 0.0502
466643 0.04998
466655 0.05011
466667 0.04986
466679 0.05047
466691 0.0501
466703 0.04865
466715 0.04988
466727 0.05005
466739 0.05018
466775 0.05017
466799 0.04924
466811 0.05044
466823 0.05003
466835 0.05008
466847 0.04991
466871 0.05015
466883 0.05006
466895 0.05014
466931 0.05006
466943 0.05005
466955 0.05041
466967 0.05013
466979 0.05012
467015 0.05013
467039 0.04996
467051 0.05014
467075 0.0501
467087 0.05038
467099 0.05038
467111 0.05011
467159 0.05037
467195 0.05017
467207 0.05008
467219 0.05007
467231 0.04955
467255 0.05019
467291 0.05034
467303 0.05002
467327 0.05021
467339 0.05033
467351 0.05033
467375 0.05018
467387 0.04959
467423 0.05019
467459 0.0503
467483 0.04989
467495 0.0503
467555 0.05027
467567 0.05023
467603 0.04991
467639 0.05012
467675 0.0503
467687 0.05026
467711 0.05025
467723 0.05013
467735 0.05013
467759 0.05032
467771 0.05028
467807 0.04971
467819 0.05023
467831 0.05022
467843 0.04986
467855 0.0503
467891 0.05036
467915 0.05019
467939 0.05037
467951 0.0502
467975 0.0502
467999 0.04991
468047 0.0499
468083 0.0498
468095 0.0498
468119 0.05025
468131 0.05038
468155 0.04987
468167 0.05043
468179 0.05044
468203 0.0504
468215 0.05014
468227 0.05045
468251 0.05028
468263 0.05041
468275 0.05041
468287 0.04983
468299 0.05029
468311 0.04984
468335 0.05043
468383 0.04852
468395 0.05049
468407 0.04986
468419 0.0505
468431 0.0505
468443 0.05046
468455 0.04981
468467 0.05047
468503 0.04967
468539 0.05049
468575 0.05049
468587 0.05037
468611 0.05048
468635 0.05051
468659 0.04993
468707 0.05049
468731 0.05041
468743 0.04966
468755 0.05041
468767 0.05048
468779 0.05042
468791 0.05048
468827 0.05043
468875 0.05042
468923 0.05045
468947 0.05041
468959 0.05046
468995 0.05047
469007 0.05043
469019 0.05039
469043 0.05042
469091 0.05049
469103 0.05041
469115 0.05041
469151 0.05051
469163 0.04953
469175 0.05051
469187 0.05049
469199 0.05035
469211 0.0505
469235 0.05048
469247 0.04992
469259 0.05049
469271 0.05048
469295 0.05048
469307 0.05047
469319 0.05047
469403 0.05046
469415 0.05031
469451 0.04988
469463 0.04947
469475 0.04987
469499 0.05015
469523 0.05032
469535 0.04982
469547 0.05016
469559 0.05041
469571 0.0496
469595 0.04985
469607 0.04984
469619 0.0504
469643 0.05041
469655 0.05039
469679 0.0504
469715 0.05028
469739 0.05022
469751 0.05023
469775 0.05037
469859 0.05025
469871 0.04968
469883 0.0491
469931 0.05027
469943 0.05023
469955 0.05023
469967 0.04949
469991 0.05028
470003 0.05033
470015 0.05029
470027 0.05029
470051 0.05031
470063 0.04895
470075 0.05031
470111 0.05031
470123 0.04937
470135 0.0503
470159 0.05029
470171 0.04976
470195 0.05034
470255 0.05013
470291 0.05026
470327 0.05037
470339 0.05037
470351 0.05014
470363 0.05014
470375 0.04968
470387 0.05004
470423 0.05013
470435 0.05006
470459 0.05022
470507 0.05007
470543 0.0501
470567 0.04964
470591 0.05005
470603 0.0502
470615 0.05045
470639 0.05019
470675 0.05004
470687 0.05017
470699 0.0499
470735 0.05048
470759 0.05002
470771 0.05005
470795 0.05001
470807 0.05015
470843 0.05004
470855 0.05004
470879 0.04966
470915 0.05018
470939 0.05049
470951 0.05019
470963 0.05001
470975 0.05012
471011 0.05048
471047 0.05022
471059 0.05022
471071 0.05046
471083 0.04942
471107 0.05008
471131 0.05009
471143 0.05009
471155 0.05045
471167 0.05044
471191 0.05003
471203 0.04835
471215 0.05003
471227 0.05006
471239 0.05043
471275 0.05042
471287 0.05005
471311 0.05006
471323 0.0483
471335 0.05029
471347 0.05007
471359 0.05004
471395 0.05008
471431 0.05039
471479 0.0501
471491 0.05
471515 0.05001
471527 0.05011
471551 0.05
471575 0.05036
471587 0.05035
471611 0.04984
471623 0.04906
471647 0.05034
471695 0.04996
471707 0.04996
471731 0.0504
471743 0.04985
471779 0.05018
471815 0.05019
471827 0.0503
471839 0.05042
471851 0.0503
471875 0.05043
471899 0.05044
471935 0.05022
471983 0.04991
472007 0.05026
472043 0.04947
472055 0.04978
472079 0.05025
472091 0.04988
472115 0.05024
472175 0.05051
472187 0.05023
472199 0.04986
472211 0.05029
472223 0.04889
472259 0.05049
472271 0.05031
472295 0.05048
472343 0.04983
472355 0.05033
472379 0.05034
472403 0.04956
472427 0.04769
472439 0.05035
472475 0.05036
472487 0.05044
472499 0.04979
472511 0.05016
472535 0.05015
472547 0.05043
472595 0.05042
472607 0.04966
472619 0.0504
472667 0.0504
472679 0.0504
472703 0.04984
472727 0.05039
472739 0.05043
472775 0.05044
472811 0.05017
472823 0.04973
472835 0.05037
472871 0.05018
472895 0.04972
472919 0.05019
472931 0.05007
472943 0.0499
472955 0.0502
472967 0.05049
473003 0.04992
473051 0.05051
473063 0.04794
473075 0.0505
473087 0.05004
473099 0.04952
473111 0.05049
473135 0.05003
473171 0.0503
473183 0.04976
473195 0.05048
473231 0.05028
473243 0.04852
473267 0.05046
473291 0.04963
473303 0.04789
473315 0.05045
473339 0.0503
473363 0.05001
473375 0.05031
473387 0.05044
473447 0.05033
473459 0.04996
473483 0.04959
473495 0.05041
473543 0.05006
473555 0.04994
473567 0.05036
473591 0.05007
473603 0.05008
473627 0.05038
473639 0.0502
473663 0.05009
473675 0.05039
473699 0.0501
473711 0.0504
473747 0.05041
473759 0.05041
473771 0.04989
473783 0.04942
473795 0.05042
473807 0.05043
473819 0.05034
473831 0.05016
473843 0.05014
473879 0.05044
473903 0.04859
473915 0.05045
473975 0.05031
474035 0.04999
474047 0.05011
474083 0.04947
474155 0.05027
474167 0.05027
474179 0.05008
474191 0.05023
474203 0.04933
474215 0.04943
474239 0.04943
474251 0.05048
474275 0.05025
474323 0.04942
474335 0.05047
474371 0.05028
474383 0.05028
474395 0.05008
474407 0.04939
474419 0.05045
474431 0.05029
474455 0.05044
474467 0.05044
474527 0.05019
474539 0.05032
474551 0.05019
474575 0.05042
474587 0.05041
474599 0.04972
474611 0.05034
474635 0.04999
474683 0.05015
474695 0.0497
474719 0.05038
474731 0.05038
474743 0.04933
474767 0.05037
474815 0.05019
474863 0.0502
474875 0.05041
474887 0.05035
474935 0.05042
475007 0.04963
475019 0.04963
475043 0.05045
475055 0.05031
475067 0.04962
475115 0.05047
475127 0.0503
475139 0.05048
475175 0.04987
475199 0.05049
475223 0.04895
475235 0.04958
475259 0.05027
475295 0.05003
475343 0.05049
475391 0.05048
475451 0.05047
475463 0.04893
475475 0.05036
475487 0.04981
475499 0.05022
475547 0.05038
475559 0.05045
475571 0.05039
475595 0.05044
475643 0.0504
475667 0.04977
475739 0.04975
475775 0.05044
475799 0.04993
475811 0.05045
475835 0.05039
475847 0.04992
475883 0.05047
475895 0.05014
475919 0.05013
475931 0.04971
475943 0.05048
475967 0.05049
475979 0.05036
476003 0.05035
476051 0.04908
476063 0.04925
476075 0.04917
476099 0.04986
476123 0.05033
476135 0.05049
476147 0.04985
476159 0.04985
476171 0.04985
476231 0.05007
476255 0.0503
476267 0.05046
476291 0.04964
476303 0.04901
476315 0.05045
476327 0.04989
476339 0.05028
476375 0.04981
476399 0.05003
476411 0.05043
476447 0.05002
476471 0.05042
476483 0.04936
476495 0.05001
476543 0.05024
476567 0.04999
476615 0.05039
476651 0.05022
476675 0.04974
476687 0.05037
476699 0.04997
476711 0.04942
476735 0.04973
476747 0.05036
476771 0.05036
476795 0.04972
476807 0.05002
476819 0.04994
476855 0.05017
476903 0.04938
476939 0.05005
476963 0.04949
476975 0.05031
476999 0.04968
477023 0.05014
477035 0.05014
477059 0.04989
477071 0.05013
477083 0.05029
477107 0.0501
477119 0.05012
477143 0.04936
477155 0.04945
477167 0.04964
477179 0.05011
477191 0.0501
477203 0.04885
477227 0.04986
477239 0.05013
477251 0.05013
477263 0.04798
477275 0.05025
477287 0.05025
477311 0.05024
477347 0.05016
477371 0.05007
477407 0.05017
477419 0.04982
477431 0.05018
477443 0.05022
477455 0.05021
477467 0.05021
477503 0.0502
477515 0.04939
477527 0.04957
477563 0.05019
477575 0.05022
477587 0.04978
477599 0.05022
477611 0.04965
477647 0.05024
477659 0.05
477707 0.04976
477719 0.04999
477743 0.05015
477755 0.05015
477779 0.05027
477803 0.05014
477815 0.05014
477875 0.05029
477911 0.04956
477923 0.05011
477935 0.05031
477959 0.04994
477983 0.04958
477995 0.04993
478019 0.05033
478031 0.05009
478055 0.04977
478079 0.05035
478115 0.05007
478151 0.05037
478163 0.0499
478175 0.04964
478187 0.04971
478223 0.04989
478235 0.05039
478295 0.04923
478307 0.04957
478319 0.04984
478331 0.05003
478355 0.04986
478367 0.04969
478379 0.04925
478415 0.05043
478439 0.05044
478463 0.04987
478475 0.05
478487 0.04937
478499 0.04988
478511 0.04989
478547 0.05047
478559 0.04982
478583 0.04874
478595 0.04997
478607 0.04964
478619 0.04975
478643 0.04996
478667 0.04984
478691 0.04984
478703 0.04985
478715 0.04994
478751 0.0505
478775 0.0505
478799 0.04996
478835 0.04981
478847 0.04988
478859 0.04981
478883 0.04928
478895 0.04999
478907 0.05047
478919 0.05047
478979 0.04974
479003 0.05001
479039 0.04985
479051 0.04987
479063 0.04994
479075 0.04987
479087 0.05043
479099 0.05004
479123 0.05004
479135 0.04989
479159 0.05005
479171 0.04935
479183 0.04989
479195 0.04997
479207 0.0504
479219 0.0504
479255 0.04991
479279 0.05039
479291 0.05
479315 0.05009
479363 0.04994
479375 0.05011
479399 0.04985
479411 0.04964
479435 0.05036
479447 0.04986
479459 0.05013
479471 0.05013
479483 0.04997
479495 0.05034
479519 0.04998
479579 0.05033
479591 0.04977
479603 0.05
479627 0.05008
479651 0.05009
479663 0.05018
479675 0.05002
479711 0.0503
479747 0.05029
479759 0.0496
479819 0.05006
479831 0.05014
479843 0.04971
479867 0.04963
479915 0.05026
479927 0.0497
479975 0.05026
479987 0.04968
480011 0.05
480035 0.05001
480083 0.04959
480095 0.04969
480119 0.05021
480131 0.0503
480155 0.05031
480227 0.05019
480239 0.05033
480251 0.05034
480263 0.04963
480275 0.04962
480323 0.05026
480335 0.05027
480347 0.05027
480371 0.04944
480407 0.04967
480443 0.05038
480455 0.05014
480467 0.05023
480479 0.05024
480491 0.0504
480515 0.05023
480539 0.05014
480551 0.05041
480575 0.05026
480599 0.05026
480611 0.05043
480623 0.05034
480635 0.05034
480659 0.05044
480671 0.05028
480695 0.05036
480755 0.05046
480767 0.05031
480779 0.05047
480791 0.05031
480815 0.05021
480851 0.0504
480863 0.05032
480875 0.04934
480899 0.05034
480923 0.05034
480935 0.05051
480947 0.05042
480971 0.0505
481007 0.05026
481019 0.05049
481079 0.05048
481091 0.05039
481127 0.05047
481139 0.05047
481151 0.04986
481163 0.05048
481175 0.05042
481187 0.05031
481223 0.05045
481235 0.05032
481259 0.04999
481271 0.05051
481319 0.04996
481331 0.0505
481355 0.05049
481367 0.04995
481391 0.04995
481403 0.04923
481415 0.05048
481427 0.05003
481451 0.05049
481463 0.04922
481475 0.05049
481487 0.05005
481499 0.0505
481511 0.05039
481523 0.05049
481535 0.05046
481559 0.05051
481583 0.05051
481595 0.05041
481607 0.05008
481643 0.0505
481703 0.05049
481715 0.05044
481727 0.05011
481739 0.05045
481763 0.05034
481775 0.05041
481799 0.05046
481823 0.05032
481835 0.05046
481859 0.05048
481871 0.05045
481895 0.05044
481907 0.05049
481919 0.0505
481931 0.0503
481943 0.05043
481955 0.05037
481979 0.04961
481991 0.04982
482003 0.05008
482015 0.05041
482027 0.0505
482063 0.05035
482075 0.0502
482111 0.0504
482135 0.05048
482147 0.04924
482159 0.05047
482171 0.05025
482183 0.05038
482195 0.04978
482219 0.04907
482267 0.05036
482303 0.0503
482315 0.05026
482327 0.05044
482339 0.05043
482375 0.05028
482411 0.05029
482459 0.0503
482495 0.05018
482531 0.05031
482543 0.05017
482555 0.05024
482567 0.04971
482591 0.05024
482603 0.05023
482615 0.05029
482639 0.05034
482651 0.05025
482675 0.05027
482699 0.05028
482723 0.05027
482735 0.05027
482747 0.05037
482783 0.0502
482795 0.05028
482843 0.0503
482855 0.0504
482867 0.05023
482879 0.05041
482903 0.05023
482915 0.05031
482927 0.05022
482939 0.05031
482963 0.05033
482975 0.05043
482999 0.05008
483011 0.05021
483023 0.05034
483035 0.05021
483047 0.05045
483059 0.05045
483083 0.04989
483095 0.05036
483107 0.05027
483119 0.05047
483131 0.0499
483143 0.05018
483155 0.05012
483191 0.05039
483275 0.05041
483287 0.05015
483299 0.05014
483311 0.05015
483359 0.05022
483383 0.05043
483395 0.05013
483419 0.04999
483431 0.05021
483455 0.05012
483479 0.0502
483527 0.05019
483539 0.05018
483575 0.05045
483623 0.0505
483635 0.05044
483647 0.04854
483707 0.05042
483743 0.05006
483755 0.05014
483779 0.05041
483791 0.05049
483851 0.05047
483875 0.05047
483887 0.05038
483923 0.05046
483947 0.05037
483959 0.0501
483983 0.05001
484007 0.05044
484031 0.05044
484055 0.05043
484103 0.05042
484127 0.05042
484139 0.04868
484163 0.05041
484175 0.04996
484199 0.05032
484211 0.0504
484223 0.05002
484247 0.05031
484295 0.05038
484307 0.04961
484331 0.05029
484343 0.05037
484355 0.05005
484367 0.05037
484391 0.05028
484403 0.04981
484415 0.05036
484427 0.05
484463 0.05035
484475 0.05034
484499 0.05015
484523 0.04976
484559 0.05024
484571 0.04997
484595 0.04988
484619 0.04988
484667 0.0503
484679 0.05022
484715 0.05021
484739 0.04966
484775 0.05028
484811 0.05019
484823 0.04977
484835 0.05019
484847 0.05024
484859 0.05034
484871 0.04976
484883 0.05035
484907 0.05026
484919 0.05036
484931 0.05036
484943 0.04994
484955 0.05016
484967 0.0498
485003 0.05038
485027 0.05023
485039 0.05039
485051 0.05039
485075 0.0503
485087 0.05014
485099 0.05031
485135 0.05041
485147 0.05032
485159 0.05025
485183 0.05001
485243 0.05028
485255 0.05035
485267 0.05035
485291 0.05029
485303 0.05046
485315 0.04971
485327 0.05036
485339 0.05037
485375 0.05048
485399 0.05032
485435 0.05039
485459 0.04979
485471 0.0505
485495 0.05041
485507 0.05013
485531 0.05035
485555 0.0505
485579 0.05036
485591 0.05043
485615 0.05049
485627 0.04979
485639 0.05044
485651 0.04853
485663 0.05038
485675 0.05048
485687 0.05046
485699 0.05047
485711 0.0504
485735 0.05047
485747 0.05
485759 0.05047
485771 0.05048
485783 0.05045
485867 0.04995
485879 0.05044
485891 0.05051
485903 0.05044
485915 0.05051
485939 0.05042
485951 0.0505
485975 0.05046
485999 0.05049
486011 0.05041
486035 0.05048
486059 0.05048
486083 0.05024
486095 0.05049
486107 0.05024
486131 0.05025
486143 0.05051
486167 0.0495
486215 0.05036
486227 0.05044
486239 0.05036
486263 0.05049
486275 0.05043
486287 0.05043
486299 0.05048
486335 0.0503
486347 0.05013
486359 0.05041
486371 0.05047
486383 0.05031
486395 0.05046
486455 0.0504
486467 0.05033
486551 0.05012
486563 0.05003
486575 0.05042
486587 0.05037
486599 0.05042
486611 0.05037
486623 0.05028
486647 0.05038
486695 0.05039
486707 0.0495
486719 0.05039
486731 0.05039
486743 0.05007
486755 0.05007
486779 0.05025
486791 0.05018
486803 0.05038
486815 0.05042
486851 0.05043
486863 0.05023
486875 0.05036
486887 0.05021
486911 0.05027
486983 0.05046
486995 0.05029
487031 0.0503
487043 0.05019
487055 0.05048
487067 0.04943
487103 0.05018
487127 0.0505
487139 0.05031
487163 0.05017
487175 0.05025
487199 0.05034
487235 0.05035
487259 0.05023
487319 0.05032
487331 0.05038
487343 0.047
487355 0.05047
487379 0.0502
487403 0.05025
487415 0.05024
487439 0.0504
487451 0.05035
487475 0.05041
487487 0.05036
487499 0.04954
487511 0.05044
487523 0.05023
487535 0.05043
487547 0.04971
487559 0.05038
487583 0.04921
487595 0.05039
487619 0.05015
487631 0.05041
487655 0.05046
487667 0.05046
487715 0.05019
487751 0.05048
487763 0.05018
487775 0.05043
487799 0.05004
487823 0.05003
487835 0.0492
487847 0.05037
487859 0.05045
487871 0.05046
487883 0.05036
487907 0.05036
487919 0.0505
487931 0.05047
487955 0.05035
487967 0.05008
487991 0.05039
488015 0.05049
488027 0.05033
488039 0.0505
488063 0.05032
488075 0.05047
488099 0.04969
488123 0.04959
488135 0.0505
488147 0.05043
488183 0.05009
488195 0.05049
488219 0.05009
488243 0.04903
488267 0.05043
488315 0.05027
488351 0.05048
488363 0.04992
488375 0.05045
488387 0.05045
488411 0.05049
488447 0.05039
488471 0.04995
488483 0.0499
488495 0.05051
488507 0.04952
488519 0.05042
488531 0.05042
488543 0.04937
488579 0.05041
488591 0.05049
488615 0.0504
488675 0.05047
488699 0.05034
488735 0.05046
488771 0.05037
488783 0.05045
488795 0.05044
488807 0.04946
488819 0.05036
488843 0.04996
488867 0.05016
488915 0.05006
488951 0.05033
488963 0.04951
488975 0.0498
488987 0.0504
489023 0.04922
489035 0.05039
489059 0.05031
489071 0.05012
489083 0.04954
489095 0.05026
489119 0.05025
489131 0.04985
489143 0.0501
489155 0.05024
489167 0.05037
489203 0.04957
489227 0.05014
489251 0.05022
489275 0.05034
489287 0.04999
489323 0.05007
489335 0.05025
489347 0.0498
489371 0.05024
489383 0.05032
489419 0.0489
489443 0.04933
489455 0.05031
489491 0.0503
489515 0.04982
489527 0.05017
489563 0.04968
489575 0.05023
489599 0.04975
489611 0.05019
489623 0.04968
489647 0.05019
489671 0.05009
489683 0.04939
489695 0.05018
489707 0.05013
489755 0.04971
489767 0.05012
489779 0.05016
489815 0.05029
489827 0.05029
489839 0.05015
489875 0.0501
489899 0.05031
489923 0.04974
489947 0.04994
489971 0.05033
489995 0.0502
490043 0.05019
490079 0.05019
490115 0.05017
490127 0.05017
490139 0.04981
490163 0.04978
490175 0.05021
490187 0.05022
490199 0.05007
490211 0.05039
490259 0.0504
490295 0.04987
490307 0.05005
490319 0.05025
490343 0.04952
490355 0.0496
490379 0.05027
490391 0.05043
490403 0.04913
490415 0.05027
490439 0.04998
490451 0.0501
490475 0.04997
490487 0.04983
490511 0.05001
490523 0.05009
490535 0.05009
490547 0.05008
490583 0.04947
490595 0.05032
490607 0.05049
490655 0.0505
490667 0.05006
490679 0.05051
490691 0.04964
490703 0.04995
490727 0.05005
490751 0.05036
490763 0.05004
490775 0.05049
490799 0.04998
490811 0.05049
490823 0.04976
490835 0.04976
490871 0.04996
490883 0.04975
490907 0.04869
490919 0.04954
490931 0.04998
490955 0.04988
491015 0.05044
491027 0.04986
491063 0.04974
491075 0.05044
491087 0.05043
491111 0.05002
491123 0.05006
491183 0.05007
491195 0.05008
491207 0.04995
491231 0.05009
491243 0.05009
491291 0.04993
491303 0.05007
491315 0.05007
491351 0.05038
491363 0.04992
491375 0.0505
491399 0.04939
491411 0.0505
491435 0.05036
491447 0.05049
491459 0.05014
491471 0.04984
491507 0.05012
491519 0.04928
491555 0.05033
491579 0.05046
491663 0.0484
491675 0.05031
491699 0.05044
491723 0.05021
491771 0.05029
491795 0.05042
491807 0.04921
491831 0.05028
491843 0.04982
491855 0.05041
491879 0.05025
491903 0.05025
491915 0.05039
491927 0.0498
491939 0.05026
491975 0.05025
491987 0.05025
491999 0.05038
492071 0.05026
492119 0.05035
492131 0.05035
492143 0.04949
492155 0.05001
492167 0.05002
492179 0.04902
492203 0.04878
492239 0.05034
492263 0.04904
492275 0.05035
492287 0.05005
492311 0.05036
492359 0.05037
492383 0.05034
492407 0.04963
492419 0.05016
492443 0.05039
492479 0.04961
492515 0.05038
492527 0.04956
492539 0.04907
492575 0.05042
492599 0.05025
492623 0.0504
492635 0.05041
492683 0.04938
492695 0.04965
492743 0.04916
492755 0.04956
492779 0.05047
492803 0.04916
492851 0.05046
492875 0.0502
492887 0.05047
492923 0.04913
492935 0.05048
492947 0.05021
492959 0.0495
492971 0.0505
492983 0.0505
492995 0.05049
493007 0.04906
493019 0.05017
493031 0.05023
493055 0.05051
493079 0.04945
493091 0.04949
493103 0.04957
493115 0.05047
493151 0.05001
493163 0.05027
493175 0.05046
493187 0.05048
493223 0.05045
493235 0.05045
493247 0.05047
493259 0.05044
493271 0.05046
493283 0.05046
493295 0.05046
493307 0.05046
493319 0.04997
493331 0.05045
493343 0.04925
493355 0.0501
493379 0.0501
493415 0.05041
493427 0.05009
493439 0.04995
493451 0.05034
493475 0.05008
493487 0.05042
493499 0.04963
493535 0.05041
493547 0.04927
493559 0.05006
493595 0.05037
493619 0.04928
493631 0.04946
493667 0.05039
493679 0.05003
493691 0.05003
493715 0.05037
493727 0.05041
493739 0.05034
493751 0.04969
493763 0.04917
493775 0.05002
493787 0.05042
493799 0.05001
493835 0.04939
493847 0.05044
493871 0.05044
493907 0.05045
493955 0.05033
493991 0.05029
494015 0.04944
494027 0.04996
494039 0.05028
494075 0.0503
494099 0.04946
494111 0.05029
494135 0.05051
494159 0.04994
494171 0.0498
494183 0.04909
494195 0.04981
494207 0.04993
494219 0.05024
494231 0.04992
494243 0.05024
494255 0.04982
494279 0.04991
494291 0.05026
494303 0.04891
494315 0.05047
494339 0.05022
494351 0.05022
494363 0.05024
494375 0.05021
494411 0.05045
494423 0.05023
494447 0.05023
494459 0.04974
494531 0.04989
494543 0.05018
494579 0.05017
494603 0.05017
494615 0.05019
494627 0.05019
494663 0.0504
494675 0.0504
494711 0.05039
494747 0.05016
494771 0.04981
494795 0.04968
494807 0.04996
494819 0.05012
494831 0.04996
494855 0.0498
494867 0.04921
494879 0.0497
494891 0.05036
494915 0.05035
494951 0.0492
494975 0.05012
494999 0.05009
495011 0.05033
495023 0.05033
495035 0.05002
495047 0.05033
495059 0.04866
495083 0.0501
495095 0.05032
495107 0.05031
495131 0.04966
495155 0.05008
495167 0.05008
495179 0.0494
495191 0.0503
495203 0.04915
495215 0.05029
495239 0.05007
495251 0.05028
495263 0.05003
495275 0.05028
495287 0.04975
495299 0.04971
495311 0.05027
495335 0.05027
495407 0.04973
495419 0.05
495431 0.05011
495443 0.04984
495455 0.05012
495467 0.05012
495479 0.05013
495503 0.0492
495539 0.04986
495575 0.05022
495599 0.04997
495623 0.04999
495635 0.04998
495659 0.04989
495683 0.0502
495719 0.05019
495731 0.04954
495755 0.05018
495767 0.05018
495779 0.04992
495803 0.04992
495815 0.05017
495863 0.04994
495875 0.04994
495911 0.05023
495935 0.05015
495995 0.05026
496031 0.04994
496055 0.04999
496067 0.05027
496091 0.05011
496103 0.05
496151 0.05029
496175 0.05002
496199 0.04998
496223 0.05009
496235 0.05008
496271 0.05008
496319 0.04996
496355 0.05006
496367 0.04936
496415 0.04971
496451 0.04948
496463 0.04934
496475 0.05037
496523 0.05011
496535 0.05011
496547 0.05039
496571 0.05007
496595 0.0504
496607 0.05041
496619 0.05013
496655 0.05042
496667 0.04977
496691 0.05043
496715 0.05011
496727 0.04999
496739 0.05006
496751 0.05006
496775 0.05045
496787 0.05013
496799 0.05046
496811 0.05046
496823 0.04997
496859 0.05047
496883 0.05019
496895 0.05048
496931 0.05049
496967 0.05017
497015 0.05018
497027 0.05019
497039 0.04959
497063 0.04948
497075 0.0505
497087 0.05015
497099 0.05025
497135 0.05016
497147 0.05048
497159 0.05048
497183 0.04989
497207 0.04989
497219 0.05028
497231 0.05028
497243 0.04948
497255 0.05046
497315 0.0503
497327 0.05045
497375 0.05027
497387 0.05022
497399 0.05043
497447 0.05024
497459 0.05034
497471 0.05024
497495 0.0503
497519 0.05041
497531 0.05041
497543 0.05036
497555 0.05036
497627 0.0498
497639 0.05034
497651 0.05038
497675 0.05038
497687 0.05003
497699 0.0504
497723 0.04957
497735 0.05036
497747 0.05036
497759 0.05032
497783 0.05042
497807 0.05035
497819 0.05043
497843 0.04936
497891 0.05045
497915 0.05041
497927 0.04918
497951 0.05046
497975 0.05047
497987 0.05043
498011 0.05038
498023 0.05048
498047 0.05044
498059 0.05044
498083 0.04971
498095 0.0504
498107 0.0504
498131 0.05014
498155 0.05051
498191 0.0505
498203 0.04988
498239 0.05049
498263 0.04968
498275 0.05048
498299 0.05048
498311 0.05025
498323 0.04991
498347 0.04966
498359 0.05047
498371 0.0505
498383 0.04965
498407 0.05048
498419 0.05023
498431 0.05045
498443 0.05045
498455 0.05048
498479 0.05044
498491 0.0505
498515 0.0505
498539 0.05047
498575 0.0505
498587 0.0505
498623 0.04753
498635 0.05041
498671 0.04999
498683 0.0504
498695 0.05048
498719 0.0504
498755 0.05016
498815 0.05046
498839 0.05041
498863 0.05004
498875 0.05004
498887 0.049
498911 0.05039
498983 0.05007
498995 0.05037
499007 0.05037
499019 0.04992
499031 0.05041
499043 0.05033
499055 0.05036
499079 0.04998
499091 0.05038
499103 0.04999
499175 0.0504
499187 0.0504
499199 0.0503
499223 0.05013
499235 0.05013
499247 0.05041
499259 0.05042
499271 0.04971
499307 0.04891
499319 0.05015
499343 0.05016
499367 0.05004
499379 0.05045
499415 0.05046
499427 0.04889
499451 0.05046
499463 0.05019
499475 0.05028
499487 0.05028
499499 0.05048
499547 0.05049
499583 0.05022
499595 0.0503
499619 0.05029
499655 0.05029
499667 0.04998
499703 0.05014
499715 0.05049
499727 0.05049
499775 0.05048
499799 0.05027
499823 0.05017
499835 0.05025
499847 0.05047
499859 0.05046
499895 0.04935
499907 0.05019
499919 0.0503
499931 0.05019
499991 0.05016
500027 0.05021
500039 0.05033
500051 0.05023
500063 0.05012
500075 0.05034
500087 0.05015
500123 0.05035
500135 0.05015
500147 0.0492
500159 0.05036
500183 0.05037
500195 0.0504
500207 0.05039
500219 0.05039
500243 0.05027
500255 0.05038
500267 0.05012
500279 0.05028
500303 0.04997
500315 0.05029
500327 0.05011
500339 0.0504
500351 0.05041
500375 0.05041
500387 0.05014
500399 0.05042
500411 0.05031
500423 0.05032
500435 0.05035
500447 0.05013
500495 0.05034
500543 0.05029
500555 0.0501
500591 0.05036
500615 0.05036
500627 0.05031
500639 0.05048
500651 0.0503
500663 0.05
500675 0.05008
500687 0.05008
500711 0.05039
500735 0.05034
500747 0.05007
500771 0.05028
500795 0.0505
500819 0.0505
500855 0.05049
500867 0.04931
500879 0.05049
500903 0.04939
500927 0.04972
500939 0.04933
500963 0.05047
500975 0.04933
500987 0.05024
500999 0.05041
501011 0.05023
501023 0.04892
501047 0.05023
501071 0.05048
501095 0.05048
501107 0.05021
501119 0.05049
501143 0.05017
501155 0.05044
501167 0.04998
501215 0.05046
501227 0.04909
501239 0.05047
501251 0.05041
501263 0.04988
501275 0.05041
501311 0.05021
501347 0.05017
501359 0.05023
501443 0.05025
501491 0.05045
501515 0.05045
501527 0.04991
501539 0.0496
501551 0.05048
501575 0.04986
501587 0.0499
501599 0.05029
501611 0.05047
501635 0.05047
501647 0.04984
501671 0.05042
501683 0.0498
501695 0.04988
501755 0.05044
501791 0.05044
501875 0.05042
501887 0.05006
501899 0.05028
501935 0.04964
501983 0.05027
501995 0.05039
502007 0.04982
502019 0.05039
502031 0.05039
502067 0.04961
502091 0.05038
502103 0.05033
502115 0.05037
502127 0.05001
502139 0.05037
502151 0.05042
502163 0.05036
502175 0.04974
502199 0.05035
502211 0.05044
502223 0.05035
502271 0.05034
502283 0.05034
502319 0.04975
502331 0.05033
502343 0.05032
502355 0.05047
502367 0.04996
502379 0.05032
502391 0.05048
502427 0.04943
502475 0.0505
502511 0.05016
502535 0.04972
502547 0.04979
502559 0.04972
502571 0.0505
502583 0.05015
502607 0.04991
502619 0.04991
502655 0.05013
502679 0.05048
502691 0.05047
502715 0.05047
502727 0.04989
502739 0.05046
502751 0.05024
502763 0.05046
502775 0.04985
502799 0.05045
502811 0.0501
502823 0.05045
502835 0.04987
502871 0.05044
502895 0.05017
502931 0.05043
502967 0.04989
502991 0.05041
503015 0.05041
503051 0.05014
503063 0.0504
503075 0.04992
503099 0.05013
503111 0.05017
503135 0.04987
503171 0.05016
503195 0.05037
503219 0.05015
503255 0.04917
503279 0.05014
503315 0.05
503375 0.04993
503411 0.05
503435 0.05006
503447 0.05001
503459 0.04997
503471 0.05032
503507 0.04813
503555 0.05008
503567 0.04998
503579 0.04998
503591 0.05008
503603 0.05007
503615 0.05029
503627 0.04926
503639 0.05028
503651 0.05006
503675 0.05006
503687 0.04948
503699 0.05001
503723 0.05005
503759 0.05
503783 0.0501
503795 0.05003
503831 0.04998
503843 0.05011
503855 0.05002
503867 0.05012
503891 0.04966
503903 0.05001
503915 0.04914
503975 0.05
503999 0.04995
504023 0.05015
504035 0.05008
504059 0.04911
504071 0.0502
504083 0.0502
504095 0.05017
504107 0.05017
504119 0.04997
504131 0.05012
504155 0.05018
504167 0.05013
504191 0.05017
504215 0.05014
504227 0.0502
504239 0.05014
504263 0.05021
504275 0.05016
504287 0.04958
504335 0.0498
504347 0.05023
504395 0.05025
504419 0.05013
504431 0.05025
504443 0.05012
504455 0.05026
504467 0.0502
504491 0.05027
504503 0.05027
504515 0.05027
504551 0.0501
504575 0.05029
504587 0.05029
504647 0.05031
504695 0.05032
504719 0.05026
504731 0.05026
504743 0.05026
504755 0.05027
504779 0.05026
504791 0.05028
504803 0.05005
504815 0.05027
504827 0.05035
504839 0.05029
504863 0.05029
504875 0.04982
504899 0.04925
504911 0.04968
504923 0.05037
504959 0.05002
504971 0.05032
505007 0.04918
505019 0.04966
505043 0.05
505055 0.04966
505079 0.05
505103 0.05042
505115 0.04973
505151 0.05036
505163 0.05036
505175 0.05044
505199 0.05037
505223 0.04975
505235 0.04997
505247 0.05045
505259 0.04996
505295 0.05047
505307 0.04938
505331 0.0496
505355 0.04973
505379 0.04994
505391 0.05043
505415 0.05043
505427 0.0491
505451 0.0505
505463 0.05043
505475 0.04992
505487 0.05045
505499 0.04934
505571 0.05046
505631 0.04967
505655 0.05049
505667 0.04976
505679 0.05049
505703 0.05046
505715 0.05046
505751 0.0505
505775 0.04929
505787 0.05045
505799 0.0496
505835 0.05044
505847 0.05049
505859 0.05049
505895 0.04982
505931 0.05047
505943 0.05042
505955 0.05048
505967 0.05046
505991 0.05047
506003 0.05047
506039 0.04959
506051 0.05045
506063 0.04986
506075 0.05045
506087 0.05044
506099 0.05044
506111 0.05044
506123 0.05044
506135 0.05038
506159 0.04978
506195 0.05042
506207 0.05036
506219 0.05042
506243 0.05042
506255 0.05042
506267 0.04812
506279 0.05041
506315 0.04992
506363 0.05039
506375 0.05039
506399 0.04939
506411 0.04994
506483 0.04951
506495 0.05036
506519 0.05036
506543 0.05005
506555 0.05029
506567 0.05034
506579 0.05034
506603 0.05035
506627 0.04999
506639 0.05033
506675 0.05027
506723 0.05032
506747 0.05031
506759 0.05032
506771 0.05031
506807 0.0503
506819 0.05029
506831 0.0503
506855 0.05029
506867 0.05023
506879 0.05029
506891 0.05023
506927 0.05022
506951 0.05027
506975 0.05027
506987 0.04898
507011 0.05026
507035 0.05039
507047 0.0501
507059 0.05041
507107 0.05019
507131 0.04938
507143 0.05012
507155 0.05023
507179 0.05023
507191 0.05023
507203 0.05017
507215 0.05016
507239 0.04957
507251 0.05022
507263 0.04952
507275 0.05021
507287 0.04905
507311 0.05016
507323 0.04956
507395 0.05019
507407 0.04897
507419 0.04928
507455 0.05012
507539 0.0493
507575 0.04951
507587 0.05023
507647 0.05013
507659 0.04928
507695 0.05012
507755 0.05027
507767 0.05006
507791 0.0501
507815 0.05011
507863 0.0501
507887 0.0503
507899 0.05008
507911 0.05031
507923 0.05008
507935 0.05031
507947 0.04887
507959 0.05008
507983 0.05032
508007 0.05033
508031 0.05006
508067 0.05005
508079 0.05005
508115 0.04915
508127 0.04909
508139 0.0494
508151 0.05037
508163 0.04973
508175 0.04939
508199 0.04939
508211 0.04882
508235 0.05039
508247 0.05039
508283 0.04937
508295 0.0504
508307 0.04995
508343 0.04978
508355 0.05042
508379 0.04901
508403 0.05043
508415 0.04998
508427 0.04993
508463 0.05044
508475 0.05044
508511 0.05045
508523 0.04991
508535 0.04996
508571 0.04996
508631 0.05048
508655 0.0493
508667 0.05049
508679 0.04993
508691 0.0505
508703 0.04993
508715 0.04992
508739 0.04992
508751 0.04988
508775 0.04941
508787 0.04985
508835 0.0499
508859 0.0499
508883 0.05048
508955 0.04993
508967 0.04946
508991 0.04981
509015 0.05046
509039 0.04987
509051 0.04985
509075 0.04996
509111 0.04985
509135 0.04984
509159 0.04984
509171 0.04928
509183 0.04998
509207 0.04977
509231 0.04893
509255 0.05041
509267 0.05041
509279 0.04982
509291 0.05001
509327 0.05002
509339 0.04932
509351 0.05039
509375 0.05003
509387 0.05038
509411 0.05038
509435 0.05004
509459 0.04977
509471 0.04972
509495 0.05036
509519 0.04976
509531 0.04977
509555 0.05035
509567 0.05035
509615 0.05034
509627 0.04969
509651 0.0491
509663 0.05033
509675 0.0501
509735 0.05031
509747 0.0484
509759 0.04905
509771 0.04971
509795 0.05013
509807 0.04966
509819 0.04873
509831 0.05014
509855 0.04965
509891 0.0497
509903 0.05016
509915 0.05016
509927 0.04968
509975 0.04968
509987 0.04962
509999 0.04968
510011 0.04911
510023 0.04971
510035 0.04972
510059 0.04967
510071 0.05025
510167 0.05022
510275 0.04977
510323 0.05026
510335 0.0502
510347 0.05026
510371 0.05019
510407 0.04981
510431 0.04981
510443 0.05029
510455 0.05029
510479 0.04869
510491 0.05017
510503 0.04983
510527 0.04983
510539 0.04967
510563 0.04961
510575 0.04911
510587 0.05015
510599 0.04892
510623 0.0495
510635 0.04963
510647 0.0497
510659 0.0497
510719 0.04954
510731 0.05012
510743 0.05036
510755 0.05011
510779 0.04973
510791 0.05037
510815 0.0499
510875 0.04992
510887 0.0504
510899 0.04976
510911 0.05008
510923 0.04993
510935 0.05041
510947 0.04809
510959 0.04971
510971 0.04948
510983 0.04995
511007 0.05042
511031 0.05043
511043 0.04973
511055 0.05044
511067 0.05005
511079 0.04896
511103 0.05045
511115 0.05004
511127 0.05045
511139 0.04982
511187 0.04999
511235 0.04943
511283 0.04979
511307 0.04986
511319 0.04853
511331 0.05003
511355 0.04941
511367 0.04987
511403 0.05005
511415 0.04988
511451 0.04983
511475 0.04947
511511 0.05048
511535 0.05048
511571 0.04995
511595 0.04995
511607 0.04995
511619 0.04847
511643 0.05045
511655 0.04994
511679 0.04988
511715 0.04995
511739 0.0499
511763 0.05043
511775 0.05043
511799 0.04955
511883 0.04957
511895 0.04957
511919 0.05
511943 0.04944
511967 0.05018
512027 0.05038
512051 0.04997
512063 0.04998
512075 0.05021
512087 0.05021
512099 0.0492
512111 0.05036
512135 0.05022
512159 0.05006
512171 0.05035
512183 0.05035
512195 0.05035
512219 0.04924
512231 0.05034
512279 0.04966
512291 0.05009
512315 0.0501
512327 0.04896
512339 0.04896
512351 0.05031
512375 0.04922
512387 0.04979
512399 0.05012
512411 0.04915
512423 0.04979
512435 0.05007
512471 0.0503
512483 0.04929
512519 0.05015
512555 0.05027
512603 0.05027
512627 0.05034
512651 0.05026
512675 0.04962
512687 0.05025
512699 0.04976
512723 0.05037
512771 0.05023
512783 0.05023
512807 0.04965
512831 0.04971
512855 0.0504
512879 0.04793
512915 0.05041
512987 0.04918
513011 0.05043
513023 0.05018
513071 0.05017
513095 0.05029
513107 0.05046
513119 0.05023
513143 0.05024
513155 0.05024
513191 0.05048
513227 0.05049
513251 0.05049
513263 0.0505
513275 0.0505
513287 0.04925
513299 0.05034
513359 0.0495
513443 0.05031
513455 0.04994
513551 0.04997
513563 0.05034
513575 0.0504
513599 0.0492
513623 0.04999
513635 0.05045
513647 0.05042
513659 0.05042
513671 0.04958
513695 0.05044
513707 0.05005
513743 0.04807
513755 0.05038
513779 0.05039
513827 0.05003
513851 0.05041
513863 0.0504
513875 0.04963
513887 0.05001
513911 0.05048
513935 0.04992
513959 0.05043
513971 0.0505
513995 0.05007
514007 0.04948
514019 0.05051
514043 0.05037
514067 0.0505
514091 0.05036
514139 0.04888
514151 0.05048
514175 0.05048
514199 0.05047
514211 0.05049
514259 0.0505
514307 0.05032
514331 0.05045
514367 0.04945
514391 0.05049
514415 0.04976
514427 0.05043
514439 0.05043
514451 0.05029
514475 0.05047
514487 0.05042
514511 0.05041
514535 0.05041
514547 0.05027
514559 0.0504
514583 0.05045
514631 0.05044
514667 0.04986
514679 0.05043
514691 0.05038
514715 0.05011
514727 0.05037
514787 0.05022
514799 0.05027
514811 0.04961
514883 0.05039
514895 0.05029
514907 0.0502
514919 0.05039
514931 0.05033
514943 0.05019
514955 0.05031
514979 0.05037
514991 0.05032
515003 0.05032
515015 0.04966
515027 0.05031
515039 0.04991
515051 0.05033
515063 0.05033
515075 0.05035
515135 0.05035
515147 0.05015
515159 0.05035
515171 0.05034
515183 0.05036
515195 0.04948
515207 0.05023
515243 0.04996
515255 0.05027
515267 0.05024
515315 0.05039
515327 0.05025
515339 0.04998
515363 0.05027
515375 0.05027
515387 0.04922
515399 0.05029
515411 0.05041
515447 0.05029
515483 0.05043
515531 0.05031
515543 0.05045
515555 0.05007
515591 0.05004
515603 0.05046
515627 0.05033
515675 0.05048
515699 0.04812
515735 0.05036
515747 0.05017
515759 0.0505
515795 0.05037
515807 0.05037
515819 0.05051
515831 0.05038
515867 0.05015
515891 0.05039
515903 0.05001
515927 0.04962
515939 0.05019
515975 0.05048
515987 0.05042
515999 0.04967
516011 0.05047
516059 0.05016
516071 0.05044
516083 0.05016
516095 0.05016
516107 0.04993
516119 0.05017
516143 0.05017
516167 0.04995
516191 0.05018
516203 0.04982
516215 0.05013
516275 0.05042
516287 0.05049
516311 0.05041
516335 0.05041
516383 0.05023
516395 0.0501
516419 0.05024
516443 0.05039
516467 0.05049
516479 0.05025
516491 0.05008
516503 0.05037
516515 0.05037
516551 0.05048
516575 0.05004
516635 0.05029
516659 0.05034
516671 0.05045
516683 0.0503
516695 0.05007
516707 0.05001
516731 0.05033
516755 0.05044
516779 0.05033
516791 0.05003
516815 0.05042
516827 0.05042
516863 0.04998
516875 0.05035
516887 0.05005
516899 0.0503
516971 0.05039
516983 0.05013
517007 0.05014
517019 0.05027
517031 0.05038
517055 0.05027
517103 0.04996
517163 0.05036
517175 0.05018
517223 0.05019
517235 0.05043
517247 0.04975
517271 0.05044
517295 0.05045
517307 0.04987
517319 0.05045
517331 0.05032
517379 0.05017
517391 0.04985
517427 0.0503
517439 0.05019
517463 0.05049
517475 0.05049
517523 0.05026
517535 0.05017
517583 0.05027
517595 0.05027
517607 0.04883
517631 0.05027
517655 0.05015
517667 0.0503
517679 0.05049
517691 0.05048
517703 0.05008
517715 0.05019
517763 0.05047
517775 0.0502
517787 0.05033
517799 0.0501
517847 0.05034
517859 0.05045
517871 0.05035
517883 0.05045
517895 0.05029
517943 0.05009
517979 0.05043
518015 0.05042
518027 0.05038
518039 0.05026
518051 0.05016
518075 0.05041
518087 0.04967
518111 0.05028
518183 0.04999
518195 0.05038
518231 0.05043
518243 0.05044
518267 0.05005
518279 0.05037
518303 0.05033
518315 0.05045
518351 0.05023
518375 0.0504
518459 0.05042
518483 0.05049
518519 0.05038
518555 0.05045
518591 0.04995
518603 0.0504
518627 0.0505
518663 0.04996
518675 0.05048
518687 0.05048
518711 0.05049
518735 0.04994
518795 0.05046
518819 0.05045
518843 0.05045
518879 0.05025
518891 0.0505
518903 0.05025
518915 0.05047
518927 0.05049
518939 0.05049
518951 0.05043
518963 0.05043
518975 0.05048
518987 0.05048
518999 0.05023
519023 0.05022
519035 0.0505
519047 0.05041
519059 0.0504
519071 0.05051
519095 0.05046
519143 0.05008
519155 0.05042
519167 0.05039
519191 0.05044
519203 0.05038
519263 0.04995
519275 0.05045
519299 0.05025
519311 0.05046
519347 0.05041
519395 0.05045
519419 0.05039
519455 0.05044
519467 0.05038
519479 0.0505
519491 0.0505
519563 0.05042
519599 0.05036
519635 0.05049
519659 0.05035
519671 0.05029
519695 0.05047
519707 0.05029
519719 0.05039
519731 0.05047
519743 0.05038
519767 0.04927
519791 0.05037
519827 0.04984
519839 0.05038
519851 0.05044
519875 0.05025
519887 0.05026
519899 0.05035
519911 0.05011
519935 0.05043
519983 0.05042
519995 0.05033
520007 0.05023
520091 0.05031
520115 0.05045
520127 0.05021
520139 0.05039
520175 0.05046
520187 0.04977
520199 0.05038
520211 0.05047
520247 0.05019
520259 0.05028
520271 0.05035
520283 0.05049
520319 0.05027
520331 0.0505
520343 0.0505
520355 0.05021
520367 0.05037
520391 0.0502
520415 0.0505
520439 0.0505
520463 0.05049
520475 0.05032
520511 0.05049
520523 0.05048
520583 0.05047
520619 0.05046
520643 0.05044
520655 0.05044
520715 0.05045
520739 0.05027
520751 0.05046
520775 0.05047
520799 0.04953
520811 0.05043
520835 0.05048
520859 0.05042
520871 0.05049
520907 0.04983
520919 0.04936
520955 0.0504
520979 0.05039
520991 0.0505
521003 0.05037
521015 0.05039
521027 0.0505
521099 0.05012
521111 0.05039
521123 0.05048
521135 0.0504
521147 0.05001
521159 0.05011
521183 0.05041
521207 0.05046
521219 0.05035
521255 0.05043
521291 0.05044
521315 0.05016
521327 0.05044
521339 0.05033
521351 0.05045
521375 0.05007
521387 0.05046
521411 0.05001
521459 0.05013
521495 0.0504
521507 0.04997
521543 0.05012
521579 0.05003
521591 0.05011
521627 0.05051
521639 0.04972
521663 0.05037
521675 0.05037
521687 0.05049
521699 0.05009
521711 0.05049
521747 0.04986
521759 0.05008
521783 0.05035
521795 0.05035
521807 0.05047
521843 0.05005
521855 0.05046
521867 0.05033
521891 0.05045
521939 0.05021
521975 0.05044
521987 0.05008
522023 0.05043
522035 0.05043
522071 0.05018
522107 0.05029
522131 0.05028
522143 0.05041
522155 0.0504
522203 0.05014
522215 0.05014
522275 0.05038
522287 0.05016
522299 0.05014
522311 0.05016
522335 0.05024
522347 0.05024
522407 0.05023
522419 0.04995
522431 0.05019
522443 0.04986
522491 0.05034
522503 0.04993
522515 0.04993
522527 0.0498
522539 0.05005
522551 0.05033
522575 0.04995
522599 0.05008
522647 0.04972
522683 0.05025
522695 0.0503
522767 0.05029
522779 0.05011
522815 0.05028
522851 0.05029
522875 0.05014
522899 0.05008
522911 0.0503
522935 0.05014
522983 0.05024
522995 0.05011
523043 0.05011
523055 0.05034
523067 0.05023
523079 0.05007
523091 0.05035
523127 0.05035
523139 0.05019
523151 0.0502
523163 0.04998
523175 0.05037
523199 0.05009
523211 0.05037
523223 0.05038
523235 0.05038
523247 0.04997
523271 0.05022
523283 0.05006
523319 0.04993
523331 0.05019
523355 0.05041
523367 0.04927
523379 0.05014
523451 0.05002
523499 0.05016
523523 0.04956
523547 0.05004
523595 0.0503
523619 0.05031
523643 0.05012
523655 0.0502
523691 0.05049
523703 0.05021
523727 0.05033
523739 0.05033
523751 0.0505
523775 0.05023
523799 0.04985
523811 0.05051
523823 0.05024
523859 0.05036
523871 0.05025
523883 0.05026
523931 0.05033
523955 0.05008
523967 0.05048
523979 0.05034
523991 0.05028
524051 0.05046
524075 0.05041
524147 0.05044
524159 0.05013
524195 0.05044
524207 0.05001
524267 0.05042
524303 0.05041
524315 0.05042
524327 0.05047
524339 0.05036
524363 0.04986
524375 0.04966
524399 0.05049
524423 0.05039
524435 0.0505
524471 0.05046
524495 0.05051
524543 0.05041
524567 0.05049
524579 0.05022
524615 0.05049
524627 0.0503
524639 0.04972
524651 0.0505
524675 0.0505
524687 0.05051
524699 0.05045
524747 0.04991
524759 0.05046
524771 0.0505
524783 0.04975
524819 0.05048
524879 0.04977
524891 0.04948
524915 0.0505
524927 0.05047
524975 0.05051
524987 0.05041
525011 0.05039
525023 0.04946
525035 0.05027
525047 0.05033
525059 0.0504
525071 0.05049
525083 0.05049
525179 0.05042
525215 0.05037
525227 0.05044
525239 0.05036
525251 0.05045
525311 0.04958
525323 0.05044
525335 0.05044
525347 0.05039
525371 0.05041
525383 0.05048
525395 0.05048
525419 0.05042
525443 0.04938
525455 0.05032
525479 0.05032
525503 0.05041
525515 0.0504
525527 0.05045
525539 0.05045
525575 0.05046
525587 0.05016
525623 0.04974
525635 0.05049
525647 0.05049
525659 0.05028
525683 0.05037
525695 0.05014
525707 0.05049
525743 0.05036
525755 0.04998
525779 0.05051
525791 0.05051
525803 0.05046
525815 0.05046
525851 0.05011
525863 0.05045
525875 0.05049
525911 0.05033
525935 0.04973
525959 0.05048
525971 0.05048
526007 0.05047
526019 0.05026
526031 0.05041
526103 0.04998
526115 0.0502
526151 0.05019
526175 0.05044
526187 0.05
526235 0.05037
526247 0.05017
526259 0.0498
526295 0.05036
526343 0.05025
526355 0.05019
526379 0.0504
526415 0.05023
526439 0.05039
526451 0.05033
526475 0.05033
526523 0.04999
526535 0.05012
526547 0.05032
526607 0.05004
526631 0.05035
526643 0.04955
526727 0.05028
526751 0.05021
526775 0.05032
526787 0.05027
526811 0.05026
526823 0.05026
526847 0.05015
526907 0.05025
526919 0.05009
526955 0.05029
526967 0.05028
526979 0.0495
526991 0.05019
527015 0.05028
527027 0.05027
527039 0.04999
527051 0.05027
527075 0.05011
527111 0.05021
527147 0.049
527171 0.05031
527183 0.05032
527195 0.05032
527219 0.05003
527243 0.05018
527255 0.05023
527279 0.05023
527315 0.05022
527339 0.05021
527363 0.05036
527375 0.05028
527387 0.05028
527435 0.05023
527483 0.05014
527519 0.05025
527531 0.05025
527543 0.04971
527567 0.05026
527615 0.05033
527651 0.05015
527675 0.0501
527711 0.05014
527735 0.05044
527759 0.05031
527771 0.05013
527783 0.05037
527795 0.05038
527831 0.05032
527855 0.05047
527879 0.05018
527891 0.05019
527903 0.05006
527927 0.05041
527939 0.05035
527951 0.05005
527963 0.04918
527975 0.04994
527999 0.05051
528011 0.05043
528023 0.05051
528047 0.05044
528119 0.05024
528143 0.05001
528155 0.05048
528179 0.05048
528203 0.05
528227 0.04987
528239 0.0498
528251 0.05048
528275 0.05046
528287 0.05049
528311 0.05003
528323 0.04923
528347 0.05051
528359 0.05045
528395 0.05046
528407 0.04996
528431 0.05046
528443 0.05049
528467 0.05049
528479 0.05042
528503 0.05042
528515 0.05048
528551 0.05034
528563 0.04995
528575 0.04993
528587 0.0505
528599 0.04988
528671 0.05045
528695 0.05045
528743 0.05037
528767 0.04994
528815 0.05047
528839 0.05047
528851 0.05041
528875 0.05046
528887 0.05042
528923 0.0504
528935 0.0504
528959 0.05045
528983 0.05039
528995 0.05032
529019 0.0499
529031 0.05006
529055 0.05006
529067 0.05043
529079 0.05042
529115 0.04991
529139 0.0495
529151 0.05041
529163 0.05029
529175 0.05049
529187 0.05049
529211 0.0504
529223 0.0501
529235 0.0505
529247 0.04994
529283 0.04924
529295 0.05012
529367 0.05013
529379 0.05037
529391 0.05007
529427 0.05048
529451 0.05048
529463 0.0503
529475 0.05016
529511 0.05047
529523 0.04977
529583 0.04963
529595 0.05033
529631 0.05044
529643 0.05013
529655 0.05031
529679 0.05004
529787 0.05023
529799 0.05016
529859 0.0504
529895 0.05022
529907 0.05039
529931 0.05016
529943 0.05014
529955 0.05038
529991 0.05025
530003 0.04971
530015 0.05037
530039 0.05024
530075 0.05023
530099 0.05035
530135 0.05031
530159 0.04944
530171 0.05032
530207 0.05033
530219 0.05009
530255 0.05034
530291 0.05028
530315 0.05014
530327 0.05019
530363 0.05037
530375 0.05037
530387 0.05037
530399 0.0503
530459 0.05016
530471 0.05028
530483 0.05039
530519 0.05024
530543 0.05034
530591 0.05035
530627 0.05043
530639 0.05027
530675 0.05044
530687 0.05034
530735 0.05038
530759 0.0503
530771 0.0503
530783 0.05046
530795 0.05047
530819 0.05022
530867 0.05038
530891 0.05049
530903 0.05049
530915 0.05039
530939 0.05019
530951 0.0505
530963 0.05044
530975 0.05006
530987 0.04953
530999 0.05018
531047 0.05005
531059 0.05046
531119 0.05047
531131 0.05044
531155 0.05015
531167 0.05047
531179 0.05039
531191 0.05046
531227 0.05041
531251 0.05
531311 0.0505
531323 0.05018
531335 0.0505
531371 0.05049
531407 0.05051
531419 0.05045
531431 0.04998
531491 0.05041
531503 0.05047
531527 0.05049
531563 0.0504
531575 0.05048
531599 0.05004
531635 0.05026
531647 0.05047
531659 0.05044
531671 0.05051
531683 0.05038
531695 0.04988
531719 0.0505
531743 0.05042
531755 0.05036
531767 0.04938
531779 0.04991
531791 0.05049
531803 0.05044
531839 0.05009
531851 0.0504
531875 0.05047
531887 0.0501
531935 0.05033
531947 0.05046
531959 0.05046
531971 0.05038
531995 0.0504
532031 0.05014
532043 0.05039
532103 0.05037
532115 0.05038
532127 0.05037
532139 0.05042
532151 0.05029
532175 0.05037
532211 0.05041
532223 0.04992
532235 0.0504
532247 0.0504
532259 0.0504
532271 0.05027
532319 0.05039
532343 0.05025
532355 0.05038
532415 0.05023
532427 0.04974
532463 0.05029
532475 0.05036
532487 0.0499
532511 0.0503
532535 0.05047
532571 0.0503
532583 0.05048
532595 0.05001
532631 0.05028
532667 0.0505
532679 0.05032
532703 0.05033
532727 0.05031
532775 0.05035
532787 0.0505
532799 0.05032
532847 0.05029
532859 0.05037
532871 0.05033
532883 0.05024
532895 0.05048
532931 0.05047
532943 0.05039
532967 0.05046
532979 0.05009
532991 0.0504
533015 0.05027
533027 0.05037
533039 0.05037
533075 0.05042
533087 0.05038
533123 0.05043
533147 0.0504
533159 0.05023
533171 0.05044
533183 0.0496
533195 0.05045
533207 0.04977
533231 0.05041
533243 0.05046
533255 0.05041
533267 0.05042
533279 0.05021
533351 0.05039
533387 0.05036
533411 0.05013
533423 0.05038
533435 0.05046
533471 0.05047
533483 0.05038
533519 0.0505
533531 0.05039
533555 0.05049
533567 0.04953
533591 0.05007
533603 0.05048
533615 0.0505
533639 0.05048
533675 0.05008
533687 0.05043
533699 0.0505
533759 0.05049
533783 0.04998
533807 0.05048
533819 0.05011
533855 0.05047
533891 0.05031
533903 0.05004
533939 0.05032
533987 0.05007
534011 0.05051
534035 0.05026
534083 0.0505
534095 0.05039
534119 0.05005
534131 0.05024
534143 0.05049
534155 0.04947
534179 0.05037
534191 0.05041
534215 0.05023
534227 0.05003
534239 0.0504
534251 0.05002
534263 0.05036
534275 0.05036
534287 0.04945
534299 0.0494
534359 0.05041
534383 0.05042
534419 0.05043
534443 0.05033
534455 0.05043
534467 0.04953
534503 0.05031
534527 0.04997
534539 0.05034
534551 0.05046
534563 0.05016
534575 0.05041
534587 0.0504
534599 0.05033
534611 0.05015
534623 0.05029
534635 0.05032
534683 0.05028
534695 0.05014
534719 0.05031
534731 0.0505
534743 0.05013
534767 0.05012
534779 0.05029
534791 0.05037
534863 0.05049
534875 0.05028
534887 0.05027
534899 0.05027
534911 0.05027
534935 0.05034
534959 0.05023
534983 0.05047
534995 0.05047
535007 0.04993
535043 0.0498
535055 0.05024
535067 0.05031
535079 0.04942
535091 0.05031
535115 0.05031
535163 0.05044
535187 0.04972
535199 0.05043
535211 0.05018
535223 0.05042
535235 0.05028
535247 0.05021
535259 0.05042
535283 0.05027
535295 0.05024
535307 0.0502
535331 0.05026
535343 0.0504
535415 0.05027
535427 0.05027
535463 0.05024
535475 0.05038
535535 0.05037
535559 0.05012
535583 0.04997
535619 0.0497
535631 0.05013
535643 0.05035
535655 0.0502
535667 0.05032
535691 0.05034
535703 0.05009
535715 0.05019
535739 0.05033
535763 0.04986
535775 0.05032
535799 0.05035
535823 0.05031
535835 0.05012
535847 0.05017
535871 0.0503
535883 0.05016
535895 0.0503
535907 0.05008
535955 0.05029
535979 0.05004
536039 0.05003
536075 0.05042
536171 0.04995
536183 0.04959
536195 0.05045
536207 0.04996
536303 0.05008
536315 0.05001
536339 0.05048
536363 0.04997
536375 0.05025
536411 0.0505
536435 0.0505
536459 0.05051
536471 0.05051
536483 0.04994
536495 0.05027
536507 0.0505
536519 0.05018
536555 0.05004
536579 0.05049
536627 0.05048
536663 0.05006
536675 0.05047
536759 0.05046
536783 0.04997
536795 0.04999
536807 0.05045
536819 0.04998
536831 0.05044
536843 0.0501
536855 0.05036
536927 0.05012
536939 0.0501
536951 0.05001
536963 0.0501
536975 0.05013
537035 0.0504
537047 0.0504
537059 0.0504
537095 0.05016
537107 0.05016
537119 0.04982
537155 0.05043
537167 0.05038
537179 0.04902
537203 0.05044
537227 0.05037
537239 0.05005
537251 0.05045
537275 0.0502
537311 0.05021
537323 0.04965
537359 0.05034
537371 0.05034
537383 0.05048
537395 0.05011
537407 0.05048
537431 0.04987
537443 0.05049
537455 0.05033
537479 0.04979
537503 0.05
537515 0.05026
537551 0.04999
537575 0.0505
537623 0.05028
537635 0.05049
537647 0.05029
537671 0.05029
537683 0.0503
537695 0.05028
537707 0.05047
537719 0.04996
537731 0.04971
537767 0.05046
537791 0.05046
537827 0.04973
537839 0.04994
537851 0.05034
537875 0.05025
537887 0.05034
537911 0.05044
537923 0.05043
537935 0.05043
537947 0.05043
537959 0.05023
537983 0.05037
538007 0.05037
538043 0.05041
538055 0.04993
538067 0.05039
538103 0.04989
538115 0.04974
538139 0.05028
538175 0.05041
538295 0.05032
538307 0.05044
538319 0.05016
538379 0.05015
538403 0.05046
538415 0.05002
538427 0.05034
538439 0.05014
538451 0.05034
538463 0.05048
538475 0.05033
538499 0.05036
538535 0.05049
538547 0.0505
538559 0.04984
538571 0.04959
538607 0.05031
538619 0.04995
538655 0.0504
538667 0.05029
538691 0.05041
538715 0.05029
538775 0.05008
538787 0.05048
538811 0.05047
538835 0.05044
538847 0.05047
538859 0.05006
538895 0.05025
538907 0.05005
538919 0.05046
538967 0.05044
538979 0.05004
539015 0.05023
539051 0.05043
539075 0.0505
539087 0.05017
539123 0.05021
539147 0.05018
539183 0.0502
539255 0.05049
539279 0.0501
539315 0.05048
539327 0.05012
539375 0.05003
539387 0.05036
539399 0.04996
539411 0.05013
539423 0.05046
539435 0.05015
539459 0.05
539471 0.05026
539495 0.05044
539519 0.05016
539531 0.05044
539543 0.05027
539555 0.05043
539579 0.05017
539675 0.05041
539699 0.04959
539795 0.05012
539807 0.05023
539819 0.05013
539831 0.05028
539867 0.05035
539879 0.05024
539903 0.05037
539915 0.05036
539927 0.05036
539939 0.05036
539951 0.05037
539963 0.05026
539975 0.05026
539999 0.04933
540011 0.05035
540023 0.0494
540047 0.05039
540095 0.05019
540131 0.05041
540143 0.05002
540155 0.05042
540191 0.05031
540215 0.05043
540239 0.0503
540275 0.05044
540299 0.04924
540311 0.05034
540335 0.0502
540359 0.0493
540371 0.05035
540419 0.05037
540431 0.05048
540455 0.05027
540467 0.05049
540479 0.05038
540503 0.05025
540515 0.05024
540551 0.0504
540575 0.05051
540623 0.04942
540647 0.05013
540671 0.05027
540683 0.05049
540707 0.05048
540731 0.05048
540755 0.05029
540767 0.0497
540791 0.05045
540815 0.0499
540875 0.05018
540899 0.05048
540911 0.05045
540923 0.05008
540959 0.05049
540983 0.05043
540995 0.0505
541019 0.05035
541031 0.05042
541043 0.05042
541067 0.05051
541079 0.05042
541091 0.05037
541103 0.04984
541127 0.0505
541139 0.05043
541163 0.0504
541175 0.05049
541187 0.05044
541199 0.05044
541223 0.04977
541247 0.05047
541259 0.05041
541295 0.05046
541307 0.05047
541319 0.05042
541331 0.05042
541343 0.0501
541379 0.05045
541403 0.04954
541427 0.05045
541451 0.05035
541475 0.05046
541487 0.05051
541499 0.04958
541535 0.0505
541559 0.05042
541595 0.05015
541607 0.05049
541643 0.05031
541667 0.0505
541679 0.05005
541691 0.0503
541703 0.05003
541739 0.0505
541775 0.05007
541787 0.05049
541811 0.04991
541835 0.0502
541847 0.05036
541883 0.05027
541907 0.05035
541955 0.05042
542003 0.05024
542015 0.05033
542039 0.04916
542051 0.05032
542075 0.05044
542087 0.05044
542099 0.04996
542135 0.05039
542159 0.05038
542171 0.05038
542231 0.05037
542243 0.0503
542255 0.05041
542291 0.0504
542303 0.05031
542327 0.05035
542351 0.05039
542375 0.05039
542387 0.05034
542399 0.05026
542411 0.05038
542435 0.05022
542459 0.05023
542471 0.05035
542507 0.05036
542531 0.05032
542543 0.05014
542555 0.05037
542627 0.05034
542639 0.0503
542699 0.05014
542711 0.05028
542795 0.05042
542807 0.05042
542819 0.05026
542879 0.05025
542903 0.05045
542915 0.05019
542927 0.05045
542963 0.05046
542975 0.0502
543035 0.05022
543047 0.05022
543071 0.05048
543095 0.05049
543107 0.05049
543119 0.05025
543167 0.05051
543179 0.05039
543191 0.05051
543239 0.0501
543251 0.05041
543263 0.0505
543275 0.05023
543335 0.05021
543395 0.05044
543419 0.05044
543431 0.05046
543455 0.05045
543467 0.05046
543479 0.05046
543491 0.05045
543527 0.05033
543563 0.05044
543575 0.05044
543599 0.05016
543623 0.05031
543647 0.05036
543683 0.05042
543731 0.05051
543743 0.05034
543779 0.0505
543803 0.0504
543815 0.0504
543839 0.05009
543851 0.05048
543863 0.05048
543899 0.04972
543935 0.05037
543947 0.05043
543983 0.05039
544019 0.05004
544043 0.05045
544055 0.05045
544067 0.05045
544079 0.04995
544091 0.05046
544115 0.05046
544127 0.05006
544151 0.05043
544163 0.05043
544187 0.05048
544211 0.05049
544235 0.04992
544271 0.05041
544295 0.0505
544307 0.05051
544319 0.0504
544343 0.04981
544355 0.05029
544379 0.0505
544391 0.05049
544439 0.05049
544463 0.05024
544475 0.05051
544499 0.05024
544511 0.05036
544523 0.0505
544547 0.0505
544571 0.04994
544583 0.05025
544619 0.05034
544643 0.05034
544655 0.05048
544679 0.04961
544751 0.05046
544763 0.05022
544775 0.05043
544787 0.04992
544799 0.05031
544811 0.05042
544823 0.0503
544847 0.05041
544871 0.05044
544895 0.05029
544931 0.05034
544967 0.05042
544991 0.04986
545015 0.05027
545027 0.0499
545075 0.0504
545111 0.05019
545123 0.05039
545135 0.05039
545147 0.05015
545159 0.05035
545171 0.0504
545195 0.0504
545207 0.05035
545255 0.05037
545303 0.05043
545327 0.05036
545339 0.05043
545351 0.05044
545363 0.04963
545375 0.05044
545423 0.05026
545435 0.0503
545447 0.05033
545459 0.0497
545471 0.05033
545495 0.05029
545507 0.05008
545519 0.05048
545591 0.05049
545603 0.0503
545615 0.0505
545627 0.0503
545639 0.04919
545675 0.05031
545687 0.05026
545699 0.0505
545771 0.05024
545807 0.05024
545819 0.05035
545831 0.05035
545867 0.05026
545879 0.05047
545891 0.05018
545903 0.05047
545915 0.05025
545927 0.05
545951 0.05046
545975 0.05045
545999 0.05039
546011 0.04999
546035 0.05044
546083 0.04998
546095 0.05043
546107 0.05022
546131 0.05042
546143 0.04948
546155 0.0502
546167 0.0502
546191 0.05016
546203 0.05043
546215 0.05005
546227 0.05019
546251 0.04996
546275 0.0504
546311 0.05039
546347 0.04998
546371 0.05016
546383 0.05047
546407 0.05012
546419 0.05001
546443 0.04991
546455 0.05049
546503 0.05014
546527 0.05032
546539 0.0495
546551 0.05035
546563 0.05035
546623 0.05033
546635 0.05034
546647 0.05011
546659 0.05049
546695 0.05006
546743 0.04938
546755 0.05047
546767 0.04984
546791 0.05046
546803 0.05046
546827 0.05009
546839 0.05039
546851 0.0501
546887 0.0504
546899 0.04992
546911 0.05044
546971 0.05042
546983 0.04991
546995 0.05043
547031 0.05043
547055 0.05044
547091 0.05
547127 0.04999
547163 0.0504
547175 0.05047
547187 0.05001
547199 0.05023
547235 0.05022
547259 0.05048
547283 0.05037
547295 0.05037
547307 0.04975
547319 0.04996
547331 0.04999
547367 0.05051
547379 0.05022
547391 0.04998
547403 0.05019
547415 0.05035
547427 0.04999
547439 0.05023
547463 0.04941
547475 0.04996
547511 0.04981
547547 0.04962
547571 0.05002
547607 0.05027
547655 0.04993
547667 0.04965
547691 0.0503
547715 0.05045
547751 0.05044
547775 0.05031
547799 0.05012
547847 0.05009
547859 0.05027
547883 0.05026
547907 0.0497
547919 0.04985
547931 0.05034
547943 0.04988
547955 0.0504
547967 0.05035
547979 0.0504
547991 0.04987
548015 0.05039
548027 0.04986
548051 0.04982
548063 0.05023
548075 0.04974
548087 0.05038
548111 0.05015
548135 0.05037
548147 0.05037
548171 0.0504
548183 0.05021
548207 0.0504
548231 0.05035
548255 0.04979
548279 0.05042
548339 0.05043
548375 0.05001
548411 0.05021
548435 0.05046
548447 0.04978
548471 0.05046
548483 0.05015
548495 0.0503
548507 0.05024
548531 0.05048
548555 0.05025
548627 0.04968
548651 0.05012
548663 0.05027
548675 0.05051
548699 0.05051
548711 0.0497
548723 0.05011
548735 0.0505
548747 0.05029
548759 0.0501
548795 0.0503
548819 0.04921
548855 0.05048
548867 0.05048
548879 0.05008
548891 0.05047
548939 0.05022
548975 0.05022
548987 0.04945
548999 0.05021
549047 0.05036
549143 0.05003
549179 0.05018
549191 0.04999
549239 0.05041
549251 0.0504
549263 0.05001
549275 0.05041
549287 0.04982
549299 0.05016
549311 0.05042
549347 0.05002
549359 0.05039
549371 0.04999
549383 0.05043
549395 0.05003
549407 0.05038
549419 0.04969
549467 0.05045
549539 0.05007
549575 0.05011
549599 0.0501
549611 0.05048
549635 0.05049
549659 0.05033
549671 0.04975
549695 0.05032
549731 0.05051
549743 0.04992
549755 0.04976
549779 0.05031
549791 0.0505
549803 0.04994
549815 0.05049
549827 0.0503
549851 0.04995
549875 0.05029
549947 0.04997
549959 0.05028
549971 0.04927
549995 0.05017
550019 0.05026
550043 0.05045
550055 0.05026
550067 0.05045
550079 0.04986
550091 0.05044
550175 0.04986
550223 0.05003
550247 0.05022
550271 0.05041
550319 0.05021
550331 0.05021
550343 0.0489
550355 0.05039
550367 0.05025
550391 0.04996
550403 0.05039
550451 0.05038
550475 0.05037
550487 0.05009
550499 0.04938
550511 0.05037
550535 0.05036
550547 0.05017
550559 0.04937
550619 0.05031
550655 0.05015
550715 0.05033
550727 0.05014
550739 0.05013
550751 0.05015
550787 0.05012
550799 0.05035
550823 0.05031
550835 0.04973
550871 0.0503
550883 0.05018
550907 0.05029
550919 0.05038
550931 0.04986
550943 0.04933
550955 0.05003
550967 0.05039
550979 0.04985
551015 0.0504
551051 0.05041
551075 0.05041
551087 0.05041
551135 0.05006
551147 0.04982
551183 0.05024
551195 0.05044
551243 0.04965
551267 0.04862
551279 0.05046
551303 0.05022
551315 0.05022
551327 0.05022
551351 0.04994
551375 0.05029
551435 0.05049
551447 0.04921
551459 0.0505
551471 0.05032
551495 0.05051
551507 0.05032
551567 0.04974
551591 0.0505
551603 0.04922
551639 0.05019
551675 0.05036
551687 0.05015
551699 0.04996
551711 0.05037
551771 0.05003
551807 0.05046
551819 0.0497
551831 0.05023
551855 0.05045
551879 0.05044
551891 0.05044
551903 0.04938
551987 0.0501
552023 0.04935
552035 0.05044
552119 0.05029
552215 0.05038
552227 0.05005
552275 0.05004
552287 0.05037
552299 0.05037
552311 0.0505
552323 0.05034
552359 0.05035
552371 0.05017
552407 0.05017
552419 0.04983
552467 0.05049
552479 0.05038
552539 0.0502
552563 0.05047
552575 0.05021
552599 0.05031
552623 0.05046
552647 0.04941
552671 0.05045
552683 0.04942
552695 0.05029
552719 0.05043
552743 0.05044
552779 0.05026
552803 0.05043
552851 0.04975
552863 0.05046
552875 0.05046
552911 0.05029
552947 0.049
552959 0.05025
553007 0.04873
553019 0.05024
553031 0.0505
553055 0.05038
553079 0.05051
553091 0.05022
553127 0.05037
553151 0.0505
553163 0.0505
553175 0.05049
553187 0.04945
553199 0.05035
553223 0.05035
553247 0.04968
553259 0.05019
553271 0.05034
553283 0.04913
553307 0.05018
553319 0.05038
553331 0.05046
553355 0.05033
553367 0.04957
553379 0.04942
553391 0.04965
553403 0.04984
553415 0.05031
553427 0.0504
553475 0.0503
553487 0.05042
553499 0.04925
553511 0.0503
553523 0.04924
553535 0.05043
553547 0.05029
553559 0.05042
553595 0.05013
553631 0.05045
553679 0.0504
553691 0.04876
553715 0.05026
553739 0.0501
553763 0.05039
553775 0.05025
553787 0.05048
553799 0.05049
553823 0.05038
553847 0.05009
553859 0.04918
553871 0.04976
553883 0.05036
553895 0.05008
553967 0.04974
554015 0.05049
554027 0.0502
554039 0.05034
554063 0.05033
554075 0.05033
554099 0.05004
554111 0.04974
554135 0.05047
554159 0.0492
554183 0.05031
554195 0.05017
554219 0.05045
554231 0.04922
554243 0.04922
554255 0.05016
554279 0.05044
554291 0.05044
554327 0.04892
554339 0.05043
554363 0.0498
554375 0.05043
554399 0.04947
554411 0.05042
554423 0.04981
554435 0.05026
554459 0.05026
554471 0.05041
554483 0.05026
554507 0.05012
554543 0.04929
554567 0.04955
554591 0.0501
554651 0.04962
554675 0.05009
554723 0.04988
554771 0.05035
554783 0.04851
554795 0.04991
554807 0.04991
554831 0.0499
554867 0.05005
554903 0.04943
554915 0.05033
554939 0.05032
554963 0.05017
554975 0.05003
554987 0.04988
555011 0.05003
555023 0.04965
555035 0.04987
555047 0.04987
555059 0.0503
555095 0.04954
555131 0.04968
555179 0.0491
555191 0.04998
555227 0.04999
555239 0.04983
555263 0.04998
555275 0.05011
555299 0.05026
555311 0.05001
555323 0.0501
555335 0.05025
555371 0.05024
555395 0.05024
555407 0.04995
555431 0.04891
555503 0.05005
555527 0.04919
555539 0.05021
555551 0.05006
555563 0.04958
555575 0.04992
555587 0.04959
555599 0.04947
555611 0.0502
555623 0.05008
555647 0.05008
555695 0.0499
555719 0.05003
555755 0.05003
555791 0.05017
555803 0.05012
555815 0.05016
555839 0.05016
555851 0.05001
555863 0.05001
555875 0.05015
555887 0.04897
555899 0.05
555911 0.05
555923 0.04986
555947 0.05014
555959 0.04971
555983 0.04998
555995 0.04985
556079 0.04968
556091 0.04983
556115 0.05011
556127 0.05011
556139 0.04964
556151 0.05019
556163 0.04991
556175 0.0501
556187 0.0501
556199 0.04966
556247 0.04965
556259 0.04965
556283 0.0498
556295 0.05023
556307 0.05023
556319 0.05007
556379 0.04912
556415 0.04977
556427 0.05026
556463 0.0494
556499 0.04989
556511 0.05027
556535 0.05028
556547 0.05028
556571 0.04988
556595 0.05029
556631 0.0497
556655 0.05031
556667 0.04819
556703 0.04983
556715 0.04977
556739 0.04985
556751 0.05004
556775 0.04999
556787 0.05034
556835 0.04986
556871 0.05006
556919 0.04982
556955 0.05037
556979 0.04996
556991 0.04983
557003 0.0499
557015 0.0501
557039 0.04979
557051 0.04984
557063 0.04951
557099 0.04978
557111 0.05012
557147 0.05013
557171 0.04987
557231 0.05043
557255 0.05015
557267 0.05015
557279 0.0499
557315 0.05045
557351 0.05046
557375 0.05018
557387 0.05047
557399 0.04992
557411 0.05047
557447 0.04987
557459 0.04972
557471 0.05049
557507 0.05021
557531 0.04892
557543 0.04962
557555 0.05051
557579 0.04985
557615 0.04984
557627 0.0505
557675 0.05024
557699 0.04968
557735 0.05006
557771 0.04953
557783 0.04996
557795 0.05047
557819 0.0498
557843 0.05009
557855 0.05046
557867 0.04803
557915 0.05004
557939 0.04935
557951 0.0503
557963 0.05044
557975 0.05
558011 0.05006
558023 0.05006
558035 0.05032
558047 0.04948
558059 0.04845
558071 0.05033
558095 0.04976
558107 0.05034
558119 0.04882
558131 0.05041
558143 0.05041
558155 0.05035
558191 0.0504
558227 0.05039
558239 0.04977
558311 0.04981
558323 0.05037
558347 0.05039
558359 0.0498
558371 0.05037
558395 0.05009
558407 0.04858
558443 0.05041
558455 0.05035
558515 0.05043
558527 0.05043
558551 0.05044
558575 0.05044
558623 0.05014
558635 0.05026
558671 0.05027
558695 0.04989
558707 0.04989
558767 0.04862
558779 0.05023
558815 0.05029
558839 0.05024
558851 0.0505
558875 0.05027
558899 0.05021
558911 0.0505
558923 0.0505
558935 0.04886
558959 0.05022
558971 0.05049
558983 0.04813
559007 0.05049
559019 0.04944
559043 0.05048
559055 0.05048
559103 0.05047
559115 0.0503
559127 0.04929
559139 0.04997
559175 0.05046
559187 0.04871
559199 0.05032
559271 0.04927
559283 0.05029
559295 0.05044
559331 0.05042
559379 0.05031
559391 0.05043
559403 0.05043
559415 0.05018
559439 0.05004
559463 0.0504
559475 0.05006
559499 0.05039
559535 0.05046
559559 0.0504
559619 0.05041
559643 0.05008
559655 0.05049
559715 0.05039
559727 0.0505
559751 0.05044
559763 0.05035
559775 0.05051
559787 0.05013
559835 0.05012
559847 0.04932
559919 0.04943
559931 0.05032
559943 0.05048
559955 0.05032
560003 0.05046
560027 0.04936
560051 0.05019
560075 0.05045
560087 0.04898
560099 0.05018
560111 0.0505
560183 0.05049
560195 0.05043
560255 0.05003
560267 0.04909
560279 0.05051
560291 0.05051
560303 0.05051
560315 0.05025
560327 0.04943
560351 0.05026
560387 0.05027
560399 0.05045
560423 0.0492
560483 0.05047
560495 0.05038
560567 0.04932
560579 0.05042
560591 0.05029
560603 0.05041
560615 0.05035
560651 0.05044
560663 0.0504
560675 0.0495
560687 0.05033
560699 0.05043
560723 0.05043
560735 0.05034
560747 0.04909
560759 0.04953
560795 0.05032
560807 0.04911
560819 0.04954
560831 0.05037
560855 0.04912
560903 0.0504
560915 0.04871
560927 0.04991
560951 0.05039
560975 0.0504
560999 0.05038
561023 0.05039
561107 0.05011
561119 0.05036
561131 0.05043
561143 0.04811
561155 0.05043
561167 0.04893
561179 0.05042
561215 0.04986
561227 0.04985
561263 0.05029
561275 0.04985
561287 0.04877
561299 0.05029
561311 0.04922
561323 0.05047
561335 0.04922
561371 0.05048
561383 0.05031
561407 0.04967
561431 0.05021
561443 0.05048
561467 0.04883
561491 0.04981
561503 0.05049
561527 0.0498
561539 0.05028
561575 0.0505
561587 0.05018
561611 0.05051
561623 0.0505
561647 0.05001
561659 0.05026
561683 0.05022
561707 0.04927
561719 0.05025
561731 0.05047
561755 0.05046
561779 0.05047
561791 0.05047
561803 0.05047
561827 0.05045
561851 0.05013
561863 0.05023
561875 0.05046
561935 0.04996
561959 0.05021
561971 0.05017
561995 0.05042
562031 0.05041
562055 0.05041
562067 0.04938
562127 0.05008
562139 0.05041
562151 0.05017
562175 0.04904
562187 0.04984
562211 0.05038
562247 0.04991
562319 0.04901
562343 0.04837
562355 0.05004
562367 0.04988
562379 0.05037
562391 0.05035
562415 0.05035
562451 0.0499
562487 0.04948
562499 0.05011
562511 0.05011
562559 0.04992
562595 0.05033
562619 0.04992
562655 0.04983
562667 0.0496
562751 0.05007
562775 0.04996
562787 0.05028
562799 0.05002
562823 0.05027
562835 0.05029
562847 0.04704
562895 0.05
562907 0.04956
562919 0.05004
562955 0.05025
562991 0.05002
563063 0.05002
563075 0.04976
563087 0.05023
563111 0.04991
563135 0.05023
563159 0.04962
563171 0.05021
563195 0.05006
563207 0.04989
563231 0.05021
563243 0.05006
563255 0.05007
563267 0.05019
563279 0.05007
563363 0.05019
563375 0.05017
563399 0.04995
563471 0.05017
563495 0.04993
563531 0.04989
563555 0.04983
563579 0.04905
563603 0.05013
563615 0.04987
563627 0.05016
563639 0.05016
563675 0.04986
563687 0.05017
563699 0.05013
563735 0.05013
563783 0.04984
563807 0.05019
563819 0.0502
563867 0.04978
563879 0.0502
563903 0.0501
563915 0.05021
563927 0.04976
563939 0.04937
563951 0.04982
563963 0.05008
563975 0.04977
564023 0.04806
564047 0.04982
564095 0.05026
564119 0.05026
564131 0.05005
564167 0.05003
564179 0.05027
564203 0.04982
564275 0.0503
564287 0.04932
564311 0.05001
564335 0.04988
564395 0.05032
564431 0.05
564455 0.05034
564479 0.05034
564503 0.05034
564515 0.04999
564527 0.04997
564539 0.05036
564563 0.05035
564575 0.04998
564647 0.04948
564659 0.05038
564707 0.04996
564719 0.05039
564743 0.04993
564803 0.04995
564815 0.04995
564887 0.05043
564935 0.05001
564947 0.04959
564995 0.04999
565007 0.04942
565019 0.05046
565031 0.05
565043 0.05046
565067 0.05
565091 0.04965
565103 0.04988
565139 0.05006
565151 0.05049
565175 0.05049
565187 0.04964
565211 0.04941
565223 0.04986
565235 0.05051
565271 0.05051
565295 0.05005
565355 0.0505
565367 0.04945
565403 0.05049
565475 0.05048
565499 0.05046
565535 0.05014
565547 0.04972
565595 0.04973
565607 0.05045
565619 0.05016
565679 0.05044
565703 0.04978
565739 0.05043
565751 0.05043
565763 0.04975
565775 0.05042
565811 0.04976
565823 0.04952
565847 0.04979
565859 0.05041
565871 0.05018
565883 0.0504
565895 0.04973
565931 0.05023
565955 0.05024
565967 0.05024
566003 0.05038
566015 0.04982
566027 0.05021
566039 0.04945
566063 0.05022
566075 0.0497
566087 0.04969
566111 0.04971
566123 0.0497
566147 0.05035
566159 0.05035
566171 0.05035
566195 0.05025
566207 0.04967
566219 0.04987
566255 0.05034
566267 0.04923
566303 0.0494
566315 0.05032
566327 0.05032
566339 0.05032
566351 0.04965
566375 0.05031
566399 0.05031
566411 0.05034
566423 0.0503
566447 0.0503
566459 0.05035
566471 0.0503
566483 0.0503
566495 0.0503
566507 0.05032
566519 0.05036
566555 0.05033
566579 0.05037
566591 0.05027
566603 0.05028
566615 0.05034
566651 0.05027
566663 0.05035
566675 0.05036
566699 0.05025
566711 0.04933
566735 0.05041
566771 0.04999
566783 0.05038
566843 0.05039
566867 0.04956
566927 0.05041
566951 0.05042
566975 0.04881
567023 0.0502
567035 0.05043
567047 0.05005
567071 0.04952
567083 0.04952
567095 0.05045
567131 0.05017
567155 0.05046
567167 0.05017
567191 0.05017
567203 0.04951
567215 0.05051
567227 0.05051
567239 0.0505
567251 0.04944
567275 0.04949
567299 0.04987
567311 0.05049
567371 0.05013
567395 0.05014
567419 0.05047
567431 0.0505
567443 0.04948
567455 0.05047
567479 0.05011
567491 0.05014
567503 0.05012
567551 0.05048
567563 0.05048
567575 0.0501
567599 0.05017
567611 0.05044
567623 0.05047
567635 0.05046
567671 0.05043
567683 0.04943
567731 0.05045
567755 0.05044
567791 0.0494
567803 0.05044
567827 0.05043
567839 0.05006
567875 0.05042
567911 0.05042
567923 0.04912
567935 0.05024
567959 0.05003
567971 0.05037
567995 0.05025
568031 0.0494
568043 0.04937
568055 0.04937
568067 0.05039
568079 0.05036
568103 0.05038
568127 0.05
568139 0.05029
568175 0.05037
568199 0.05033
568223 0.04934
568247 0.05033
568271 0.04997
568283 0.04931
568307 0.05035
568319 0.05033
568331 0.04932
568343 0.05034
568355 0.04996
568427 0.05011
568451 0.05029
568463 0.0495
568475 0.05029
568487 0.05013
568535 0.05037
568547 0.05037
568559 0.05027
568571 0.0503
568583 0.04993
568607 0.05039
568703 0.04976
568715 0.05041
568727 0.05027
568739 0.05042
568775 0.05026
568799 0.05043
568835 0.05022
568847 0.04987
568859 0.05044
568871 0.04988
568883 0.04959
568919 0.05022
568943 0.04986
568955 0.0502
569015 0.05024
569027 0.05022
569039 0.05019
569063 0.04984
569075 0.05018
569087 0.05049
569099 0.05026
569123 0.04903
569147 0.05027
569171 0.05019
569183 0.04982
569195 0.05051
569207 0.05028
569219 0.05028
569255 0.04988
569291 0.05049
569303 0.05017
569315 0.05031
569327 0.05048
569339 0.05031
569351 0.05031
569363 0.04979
569387 0.05032
569399 0.05047
569411 0.05033
569435 0.05012
569483 0.04993
569519 0.04787
569531 0.05045
569543 0.04994
569555 0.05044
569567 0.05036
569591 0.05012
569615 0.04995
569627 0.05043
569639 0.05043
569651 0.05042
569675 0.0501
569699 0.04996
569723 0.04977
569783 0.05009
569795 0.05041
569855 0.0497
569867 0.04969
569879 0.05043
569891 0.05043
569951 0.05003
569963 0.05003
569975 0.05045
569999 0.05045
570011 0.05036
570023 0.05004
570035 0.05036
570059 0.05001
570095 0.05005
570167 0.04964
570179 0.05007
570203 0.05008
570227 0.0505
570239 0.05051
570251 0.05051
570263 0.0501
570275 0.0501
570287 0.05031
570311 0.0505
570323 0.04999
570347 0.05011
570371 0.0503
570395 0.05012
570431 0.05029
570455 0.05014
570479 0.05047
570503 0.04994
570515 0.05046
570575 0.05045
570599 0.04996
570611 0.05045
570623 0.05017
570635 0.05044
570647 0.05025
570695 0.04989
570707 0.05019
570755 0.05042
570767 0.05023
570779 0.04988
570791 0.05
570803 0.05001
570815 0.05022
570863 0.04865
570875 0.05022
570899 0.0504
570911 0.05039
570923 0.05003
570935 0.05024
570971 0.05038
571007 0.05025
571079 0.05026
571091 0.05017
571103 0.04949
571115 0.05036
571127 0.04882
571139 0.05035
571151 0.05008
571175 0.05035
571187 0.0503
571235 0.0503
571247 0.05034
571271 0.05033
571283 0.05032
571307 0.05032
571343 0.05012
571355 0.05012
571367 0.05033
571379 0.05013
571391 0.05034
571415 0.05035
571427 0.0503
571475 0.05015
571487 0.05035
571499 0.0501
571511 0.05016
571535 0.05037
571547 0.04878
571559 0.05037
571571 0.05038
571607 0.05027
571619 0.04982
571631 0.05039
571643 0.05039
571655 0.05039
571667 0.0504
571727 0.05006
571763 0.04974
571775 0.05042
571835 0.05043
571859 0.05004
571895 0.05024
571919 0.05025
571931 0.04988
571943 0.05046
571955 0.05046
571979 0.05046
571991 0.05046
572003 0.0498
572039 0.04966
572075 0.04981
572111 0.05049
572123 0.04982
572135 0.04999
572171 0.05051
572195 0.05051
572219 0.05051
572267 0.04965
572279 0.04996
572291 0.04972
572315 0.05049
572339 0.05049
572375 0.05048
572447 0.05047
572459 0.05012
572483 0.05046
572495 0.05037
572507 0.05046
572531 0.04977
572555 0.05038
572579 0.04992
572591 0.04991
572615 0.05043
572663 0.05042
572675 0.05043
572723 0.05042
572747 0.05041
572771 0.05041
572783 0.04996
572795 0.0504
572819 0.0504
572831 0.05044
572915 0.05039
572975 0.05038
572987 0.05038
572999 0.05037
573023 0.05002
573071 0.04989
573095 0.05013
573155 0.05051
573167 0.05034
573191 0.0505
573203 0.04866
573227 0.05033
573251 0.05033
573275 0.05049
573287 0.04947
573311 0.04866
573323 0.05048
573335 0.04866
573347 0.04997
573359 0.05009
573407 0.0503
573419 0.05046
573431 0.0503
573467 0.04767
573491 0.05045
573515 0.05027
573539 0.05044
573551 0.05027
573575 0.05027
573587 0.05027
573611 0.04942
573623 0.05001
573635 0.05025
573659 0.05026
573695 0.05041
573707 0.05025
573731 0.05003
573755 0.0504
573803 0.04902
573815 0.05023
573827 0.05022
573839 0.0503
573875 0.05021
573911 0.05037
573935 0.05037
573959 0.05037
573983 0.05019
574007 0.0502
574019 0.04985
574043 0.05035
574055 0.05024
574103 0.05034
574115 0.05035
574139 0.04833
574151 0.05026
574175 0.05037
574187 0.05016
574199 0.05037
574247 0.05015
574271 0.05015
574319 0.0503
574331 0.0504
574343 0.0503
574355 0.05041
574379 0.05031
574391 0.05041
574403 0.05029
574427 0.05042
574451 0.05012
574463 0.05033
574475 0.05043
574523 0.05034
574535 0.05026
574559 0.04942
574571 0.05026
574583 0.05026
574595 0.05035
574655 0.05037
574679 0.05048
574751 0.05025
574775 0.05022
574811 0.04971
574847 0.05051
574895 0.0505
574919 0.05004
574931 0.0502
574943 0.05043
574955 0.05043
574979 0.05049
574991 0.05018
575003 0.04905
575015 0.05048
575039 0.05047
575051 0.05031
575075 0.05
575099 0.05032
575135 0.05047
575147 0.05046
575183 0.04878
575195 0.04965
575207 0.04911
575255 0.05044
575279 0.0505
575291 0.0505
575315 0.05037
575327 0.04912
575339 0.05042
575363 0.04912
575387 0.04995
575399 0.0505
575411 0.05049
575423 0.05011
575435 0.05041
575447 0.0504
575483 0.04915
575507 0.05039
575543 0.04886
575555 0.05047
575639 0.05045
575663 0.05044
575675 0.05007
575735 0.05044
575759 0.05046
575771 0.05047
575783 0.05043
575795 0.05043
575819 0.04914
575831 0.04988
575843 0.04923
575855 0.0492
575879 0.05049
575891 0.05041
575927 0.05032
575939 0.05002
575951 0.05031
575975 0.05051
575999 0.0505
576011 0.04918
576035 0.05
576047 0.04984
576071 0.05049
576095 0.05049
576155 0.05048
576191 0.05036
576239 0.05046
576251 0.05046
576263 0.05046
576311 0.0498
576323 0.05033
576335 0.05045
576347 0.04931
576359 0.05044
576371 0.05024
576407 0.04982
576419 0.05043
576455 0.04993
576467 0.04943
576491 0.05042
576503 0.0503
576575 0.0504
576587 0.04986
576623 0.05028
576695 0.05019
576707 0.05018
576719 0.04989
576755 0.04989
576767 0.0499
576779 0.04987
576803 0.05025
576839 0.04991
576875 0.05024
576887 0.04936
576911 0.05035
576923 0.04904
576935 0.05014
576959 0.05022
576971 0.05022
577019 0.05033
577031 0.04995
577055 0.04996
577079 0.04996
577091 0.04982
577103 0.0495
577115 0.0502
577127 0.05011
577139 0.05019
577163 0.0503
577175 0.04981
577187 0.0501
577235 0.05029
577319 0.05027
577343 0.04952
577367 0.05007
577403 0.05015
577415 0.05014
577475 0.05025
577487 0.05005
577499 0.05024
577535 0.05012
577583 0.05023
577595 0.05023
577607 0.04957
577619 0.05008
577631 0.05011
577643 0.04972
577655 0.0501
577679 0.05009
577691 0.05021
577715 0.05001
577727 0.0496
577763 0.0502
577775 0.05019
577787 0.05012
577811 0.05019
577823 0.05007
577835 0.05018
577847 0.04957
577859 0.04969
577871 0.04958
577895 0.05017
577907 0.04952
577955 0.05016
577967 0.0496
577991 0.05016
578003 0.05004
578027 0.04995
578039 0.0497
578051 0.04967
578075 0.05018
578087 0.05018
578099 0.04949
578111 0.05019
578123 0.05013
578135 0.04994
578159 0.0502
578195 0.04973
578219 0.04973
578231 0.04962
578243 0.04962
578255 0.05022
578303 0.04975
578339 0.0501
578351 0.05024
578375 0.05024
578387 0.04944
578411 0.04975
578423 0.04947
578435 0.05025
578447 0.04948
578459 0.04923
578471 0.04988
578495 0.04979
578519 0.04972
578543 0.0498
578555 0.04981
578567 0.05028
578615 0.05005
578627 0.04979
578639 0.04955
578651 0.05004
578675 0.04984
578711 0.05003
578723 0.04943
578735 0.05003
578759 0.05002
578771 0.04977
578783 0.04983
578795 0.05002
578807 0.04983
578831 0.04984
578867 0.05035
578879 0.05035
578891 0.04988
578927 0.05036
578951 0.04986
578975 0.04987
578987 0.04979
579071 0.04989
579095 0.04997
579131 0.04962
579143 0.04984
579167 0.04976
579191 0.04991
579215 0.04995
579227 0.04992
579275 0.04993
579347 0.05045
579359 0.04981
579383 0.04998
579419 0.04991
579431 0.04991
579479 0.05
579491 0.05048
579575 0.0505
579599 0.0505
579623 0.04962
579635 0.04973
579647 0.05001
579659 0.05004
579683 0.04987
579719 0.04997
579731 0.05006
579743 0.04951
579755 0.05006
579767 0.05049
579791 0.05048
579827 0.05048
579839 0.04984
579875 0.05001
579899 0.04971
579911 0.05046
579923 0.0501
579971 0.05045
579995 0.05009
580007 0.05044
580019 0.04961
580055 0.0498
580067 0.04926
580103 0.05014
580115 0.04979
580127 0.05042
580139 0.05042
580151 0.05015
580199 0.05041
580211 0.0493
580271 0.0504
580283 0.04987
580295 0.05015
580319 0.0501
580355 0.05038
580367 0.05011
580403 0.0502
580415 0.04979
580439 0.05013
580451 0.05013
580475 0.05022
580511 0.04937
580523 0.04992
580547 0.0502
580559 0.05023
580571 0.05024
580595 0.04971
580619 0.05016
580643 0.05022
580679 0.05018
580715 0.05032
580727 0.05032
580739 0.05027
580751 0.05032
580775 0.05031
580799 0.05029
580811 0.05031
580847 0.04911
580883 0.05
580895 0.05028
580967 0.04946
580991 0.05033
581015 0.05033
581051 0.05034
581075 0.05034
581123 0.05033
581135 0.05036
581147 0.05033
581159 0.04949
581219 0.05029
581231 0.05038
581255 0.05038
581279 0.04934
581291 0.05031
581315 0.05022
581339 0.04998
581363 0.05041
581399 0.04922
581423 0.05042
581435 0.05039
581483 0.0504
581495 0.05043
581507 0.05013
581555 0.05045
581567 0.05042
581579 0.05045
581591 0.05017
581603 0.05046
581615 0.05046
581627 0.05043
581711 0.0504
581723 0.05018
581735 0.05015
581747 0.04962
581759 0.04962
581771 0.05041
581783 0.05019
581807 0.05019
581867 0.05021
581879 0.0501
581915 0.05011
581939 0.0505
581951 0.05049
581963 0.05051
581975 0.05049
581999 0.05049
582035 0.05048
582047 0.0505
582071 0.0505
582095 0.05014
582107 0.05049
582131 0.05015
582155 0.05049
582179 0.05007
582191 0.0505
582275 0.05018
582287 0.0503
582311 0.05019
582323 0.04975
582335 0.05045
582347 0.05031
582359 0.04975
582383 0.04976
582395 0.05032
582407 0.05044
582431 0.05022
582443 0.05041
582467 0.05002
582479 0.05047
582491 0.05023
582503 0.05023
582515 0.05042
582575 0.05039
582599 0.04948
582611 0.0504
582635 0.05026
582659 0.05044
582671 0.05013
582683 0.05038
582707 0.04983
582743 0.05039
582755 0.05042
582779 0.05035
582803 0.05016
582815 0.05037
582827 0.05041
582839 0.04967
582875 0.0504
582923 0.05035
582935 0.05032
582947 0.04994
582995 0.05038
583043 0.0503
583055 0.05046
583079 0.05035
583103 0.05032
583115 0.05036
583163 0.04993
583175 0.05035
583199 0.05028
583211 0.05028
583223 0.04994
583235 0.0505
583247 0.05034
583259 0.05034
583283 0.05029
583295 0.05033
583319 0.05026
583343 0.05041
583355 0.05025
583379 0.05028
583415 0.05042
583439 0.05029
583451 0.05048
583463 0.04999
583475 0.0503
583487 0.0503
583571 0.05046
583583 0.05002
583607 0.05046
583643 0.05045
583667 0.05022
583679 0.05003
583703 0.05044
583715 0.05044
583751 0.05043
583775 0.05036
583787 0.05024
583799 0.04931
583811 0.05024
583823 0.05051
583835 0.05042
583871 0.05041
583895 0.0505
583907 0.05022
583931 0.05049
584039 0.05047
584075 0.05019
584087 0.05037
584123 0.05046
584147 0.05036
584159 0.05045
584171 0.05014
584195 0.05035
584219 0.05046
584231 0.05035
584255 0.05046
584267 0.05016
584291 0.05047
584327 0.05011
584351 0.05048
584363 0.05049
584375 0.05041
584423 0.04983
584435 0.0504
584459 0.05006
584483 0.05051
584495 0.05021
584507 0.05008
584543 0.05005
584567 0.05023
584579 0.05038
584591 0.05022
584651 0.05048
584675 0.05036
584711 0.05047
584735 0.05046
584747 0.0499
584783 0.05025
584807 0.05028
584819 0.05034
584855 0.05002
584867 0.04961
584915 0.05032
584939 0.05043
584975 0.05031
584987 0.05022
585011 0.05042
585035 0.05041
585047 0.05033
585059 0.05003
585083 0.05034
585095 0.05029
585143 0.05035
585155 0.05035
585191 0.05036
585203 0.05018
585227 0.05018
585239 0.04955
585275 0.05038
585287 0.05037
585299 0.05037
585311 0.05038
585323 0.05036
585335 0.05038
585359 0.05006
585395 0.05021
585407 0.04997
585419 0.04957
585431 0.05041
585455 0.0504
585479 0.05034
585491 0.05022
585515 0.05023
585539 0.05033
585575 0.05043
585599 0.04993
585623 0.05031
585647 0.05026
585659 0.05045
585683 0.0501
585695 0.05046
585707 0.05009
585719 0.04985
585731 0.05047
585767 0.05029
585827 0.05049
585875 0.05027
585887 0.04984
585923 0.05051
585935 0.05032
585947 0.05051
585971 0.0505
585983 0.05025
585995 0.0505
586031 0.05034
586043 0.05017
586055 0.05035
586127 0.05048
586151 0.05019
586163 0.05011
586175 0.05037
586199 0.04983
586223 0.05046
586235 0.05039
586247 0.05046
586259 0.04982
586271 0.05046
586283 0.0502
586307 0.0504
586331 0.05044
586343 0.04974
586355 0.05044
586391 0.05043
586415 0.05042
586427 0.05043
586451 0.05042
586475 0.05044
586487 0.05041
586523 0.05027
586559 0.04977
586583 0.04972
586607 0.05046
586619 0.05047
586643 0.05038
586715 0.05038
586727 0.05049
586751 0.05049
586763 0.05032
586799 0.05036
586835 0.05051
586847 0.05036
586859 0.04996
586895 0.05034
586907 0.0505
586931 0.05049
586955 0.0504
586991 0.05048
587003 0.05008
587015 0.05032
587027 0.05038
587039 0.05032
587075 0.05039
587099 0.05031
587159 0.05005
587171 0.05045
587183 0.05041
587207 0.05042
587243 0.05028
587255 0.05003
587279 0.05047
587291 0.05047
587315 0.05028
587339 0.05027
587351 0.05048
587363 0.05045
587375 0.05045
587399 0.05041
587423 0.05025
587435 0.04986
587471 0.05009
587507 0.05051
587543 0.04998
587567 0.05038
587591 0.04989
587615 0.05022
587627 0.0505
587639 0.05048
587651 0.05051
587663 0.04996
587675 0.04976
587723 0.04952
587735 0.0505
587759 0.05046
587795 0.05034
587819 0.05034
587831 0.04956
587843 0.05018
587903 0.04992
587915 0.0501
587939 0.05043
587951 0.05017
587975 0.05045
588023 0.05045
588035 0.05044
588059 0.05021
588071 0.05041
588107 0.05043
588143 0.04946
588155 0.05039
588179 0.05039
588203 0.05042
588275 0.0504
588287 0.05037
588299 0.05026
588323 0.0501
588335 0.05027
588407 0.0502
588431 0.05023
588455 0.05029
588467 0.05034
588479 0.05034
588527 0.05006
588539 0.04981
588551 0.05023
588575 0.05035
588599 0.05024
588659 0.05034
588671 0.05026
588695 0.05003
588707 0.0503
588719 0.05019
588731 0.05033
588791 0.05036
588851 0.05029
588863 0.05038
588887 0.0503
588899 0.04975
588971 0.05018
588983 0.0504
588995 0.05014
589007 0.05033
589019 0.04973
589031 0.05041
589091 0.05043
589115 0.05043
589151 0.04982
589175 0.05045
589199 0.05037
589211 0.05045
589223 0.05024
589235 0.05024
589283 0.05047
589295 0.05023
589307 0.05039
589319 0.05026
589343 0.04923
589355 0.05019
589367 0.05027
589379 0.04992
589403 0.05021
589427 0.05042
589475 0.05043
589487 0.0502
589499 0.05051
589511 0.04989
589535 0.05022
589559 0.05031
589571 0.0505
589595 0.05004
589619 0.05032
589631 0.05014
589655 0.05024
589667 0.05033
589691 0.05033
589703 0.05016
589715 0.05048
589727 0.05016
589739 0.05047
589775 0.05027
589799 0.05049
589823 0.05028
589835 0.05036
589871 0.04997
589907 0.0503
589931 0.05043
589943 0.04982
589967 0.05039
589979 0.05049
589991 0.05011
590003 0.05032
590015 0.05042
590039 0.05042
590051 0.05033
590063 0.0501
590075 0.05041
590087 0.05006
590111 0.05047
590147 0.05046
590159 0.05043
590195 0.05005
590231 0.05045
590291 0.05038
590303 0.05037
590315 0.05046
590351 0.04991
590375 0.0504
590387 0.05048
590411 0.05035
590423 0.05035
590435 0.05041
590447 0.05041
590483 0.04973
590507 0.05051
590519 0.0504
590531 0.05043
590579 0.04998
590591 0.0505
590603 0.05044
590615 0.0505
590651 0.05
590663 0.05031
590675 0.05037
590687 0.05046
590711 0.05047
590747 0.05015
590759 0.05047
590795 0.05046
590831 0.05049
590843 0.05017
590879 0.05045
590891 0.05027
590927 0.05033
590939 0.05033
590951 0.05044
590975 0.0505
590999 0.05043
591011 0.0505
591035 0.05049
591047 0.05031
591071 0.05042
591083 0.05048
591107 0.0503
591119 0.05041
591155 0.05023
591167 0.05047
591191 0.05022
591203 0.05046
591215 0.05046
591227 0.04976
591239 0.05039
591251 0.05045
591275 0.05027
591311 0.05038
591323 0.0502
591335 0.05044
591359 0.04974
591371 0.05028
591419 0.05018
591455 0.05042
591467 0.05035
591479 0.05017
591491 0.05023
591515 0.05041
591527 0.05041
591551 0.0504
591575 0.05033
591587 0.04984
591635 0.05032
591671 0.05035
591683 0.05038
591695 0.0502
591707 0.04968
591755 0.04978
591767 0.0503
591815 0.05038
591839 0.04977
591851 0.05039
591875 0.05039
591899 0.05028
591911 0.0501
591947 0.05034
591971 0.05041
591983 0.05033
592007 0.05042
592031 0.05014
592067 0.05032
592079 0.05025
592091 0.05044
592103 0.04946
592127 0.05044
592151 0.05012
592163 0.05018
592175 0.05045
592187 0.05029
592211 0.05029
592235 0.05022
592247 0.0502
592259 0.05022
592271 0.05028
592283 0.0502
592295 0.05048
592379 0.04913
592415 0.05001
592475 0.05025
592487 0.0505
592499 0.04916
592511 0.05017
592535 0.05026
592559 0.05016
592607 0.05022
592619 0.04913
592655 0.05048
592679 0.04997
592703 0.05047
592751 0.04962
592775 0.05031
592799 0.05012
592811 0.05031
592823 0.05045
592835 0.04934
592859 0.04994
592871 0.05018
592883 0.04898
592943 0.04992
592955 0.05042
592979 0.0487
593027 0.05041
593039 0.04997
593063 0.05037
593075 0.05037
593099 0.0499
593135 0.05039
593147 0.05039
593195 0.04988
593219 0.04994
593243 0.0504
593255 0.05005
593267 0.05037
593279 0.05004
593315 0.05036
593339 0.04933
593363 0.04907
593375 0.05043
593411 0.05044
593423 0.05044
593459 0.0499
593471 0.05008
593483 0.05008
593495 0.05033
593543 0.05047
593555 0.04992
593579 0.04999
593591 0.04948
593615 0.05031
593639 0.04939
593675 0.05049
593687 0.0503
593699 0.0498
593723 0.05003
593747 0.05051
593759 0.04996
593771 0.05051
593795 0.05002
593819 0.04995
593831 0.0505
593843 0.04917
593855 0.05049
593867 0.05049
593879 0.04977
593891 0.05001
593915 0.04983
593927 0.04993
593975 0.04999
594035 0.05046
594059 0.05002
594071 0.04991
594131 0.05045
594167 0.05044
594239 0.05006
594251 0.05043
594275 0.05007
594323 0.05019
594347 0.04975
594383 0.04822
594395 0.04923
594419 0.04967
594443 0.04936
594479 0.05011
594491 0.05039
594503 0.05016
594527 0.05012
594575 0.05037
594587 0.05015
594599 0.04982
594623 0.05036
594647 0.05014
594659 0.0493
594671 0.05015
594683 0.04903
594695 0.04963
594707 0.05035
594719 0.04962
594731 0.05012
594743 0.04936
594755 0.04962
594767 0.05034
594779 0.04961
594791 0.04986
594851 0.04967
594863 0.04984
594875 0.05019
594923 0.04983
594935 0.05031
594947 0.05031
594983 0.05008
594995 0.04976
595007 0.05022
595019 0.04968
595031 0.05029
595055 0.05029
595067 0.04969
595079 0.04963
595091 0.05023
595103 0.04896
595115 0.05024
595151 0.0498
595175 0.05027
595199 0.04921
595211 0.05026
595223 0.05026
595283 0.05025
595295 0.05028
595307 0.05025
595355 0.05024
595367 0.05002
595439 0.04977
595475 0.05031
595487 0.05
595499 0.05032
595511 0.04999
595559 0.04979
595583 0.04948
595595 0.05034
595607 0.0502
595619 0.04888
595631 0.05035
595643 0.04916
595667 0.05019
595679 0.05036
595691 0.04956
595715 0.05036
595727 0.05037
595739 0.04937
595775 0.04914
595787 0.04962
595799 0.05038
595811 0.05016
595823 0.04994
595835 0.04913
595859 0.04944
595871 0.0504
595907 0.04928
595919 0.04987
595979 0.04988
596051 0.05012
596063 0.05012
596087 0.05044
596099 0.04932
596111 0.04991
596171 0.05046
596195 0.04966
596207 0.0501
596255 0.04994
596303 0.04986
596315 0.04995
596339 0.04995
596375 0.05007
596435 0.04952
596447 0.05006
596459 0.049
596471 0.04998
596483 0.05005
596519 0.05049
596567 0.04982
596591 0.05048
596615 0.05003
596627 0.04943
596639 0.05047
596675 0.05047
596687 0.05046
596699 0.04957
596711 0.05001
596723 0.04957
596735 0.05003
596747 0.05045
596759 0.05045
596771 0.05045
596783 0.04978
596807 0.04979
596843 0.0498
596855 0.05006
596867 0.04999
596891 0.05007
596915 0.05043
596939 0.05008
596951 0.04982
596975 0.04982
596999 0.05041
597011 0.05041
597023 0.04996
597035 0.0501
597071 0.0504
597083 0.04973
597119 0.05011
597143 0.04986
597155 0.05012
597167 0.05038
597203 0.04967
597227 0.04988
597251 0.04988
597275 0.05036
597287 0.04991
597299 0.04886
597311 0.05036
597323 0.04919
597335 0.05016
597347 0.05035
597371 0.04991
597395 0.05017
597431 0.04992
597443 0.04967
597455 0.04992
597479 0.05019
597491 0.04966
597503 0.04974
597563 0.04987
597575 0.04987
597587 0.04995
597611 0.05031
597635 0.04996
597647 0.04985
597683 0.04903
597695 0.05029
597707 0.05024
597719 0.04913
597743 0.04936
597779 0.04979
597791 0.04983
597839 0.05027
597851 0.05027
597863 0.05001
597875 0.04981
597887 0.05026
597947 0.05029
597959 0.05029
597983 0.04984
597995 0.04984
598019 0.04925
598031 0.0503
598043 0.04911
598067 0.05023
598091 0.05005
598103 0.04978
598115 0.05032
598175 0.05021
598199 0.05034
598211 0.05034
598223 0.05008
598235 0.0502
598247 0.04893
598259 0.05035
598271 0.04975
598331 0.05019
598343 0.04991
598367 0.05018
598415 0.04992
598451 0.05039
598475 0.04981
598511 0.0504
598535 0.05015
598547 0.05015
598559 0.04995
598583 0.04948
598595 0.05014
598607 0.05042
598655 0.05017
598667 0.04968
598679 0.05013
598703 0.04998
598715 0.05044
598739 0.04906
598751 0.05045
598763 0.04926
598775 0.0502
598787 0.05046
598811 0.0502
598835 0.05001
598847 0.0501
598871 0.04989
598895 0.05022
598907 0.05022
598919 0.04909
598943 0.04942
598955 0.05049
598991 0.0505
599015 0.04931
599027 0.05007
599051 0.05051
599063 0.05006
599075 0.05006
599099 0.04897
599111 0.0505
599123 0.05027
599171 0.05049
599219 0.04916
599291 0.05003
599315 0.04958
599327 0.05046
599351 0.05046
599363 0.04957
599375 0.04925
599411 0.05033
599435 0.05014
599447 0.05044
599459 0.0492
599471 0.0494
599483 0.05034
599495 0.05034
599507 0.05043
599531 0.04999
599543 0.04954
599555 0.04954
599567 0.04998
599579 0.05016
599639 0.05005
599651 0.05038
599675 0.0504
599711 0.04951
599723 0.05019
599735 0.0502
599747 0.0504
599771 0.05039
599795 0.05021
599807 0.05041
599819 0.05009
599867 0.05042
599879 0.04895
599903 0.04936
599963 0.04947
599975 0.05044
599987 0.05012
600023 0.05045
600047 0.05046
600059 0.05014
600083 0.05047
600095 0.04931
600107 0.04989
600119 0.05033
600155 0.04988
600179 0.05029
600191 0.05032
600215 0.05049
600227 0.04942
600251 0.04956
600263 0.04934
600275 0.05031
600299 0.04938
600323 0.04941
600383 0.04959
600479 0.05035
600527 0.05047
600539 0.04898
600563 0.04808
600575 0.05037
600599 0.04981
600635 0.05024
600647 0.05045
600671 0.05045
600683 0.04945
600695 0.05027
600707 0.05044
600731 0.05044
600743 0.0504
600755 0.04948
600767 0.05022
600779 0.04978
600839 0.05042
600851 0.04946
600863 0.05041
600875 0.0495
600887 0.05041
600899 0.05044
600911 0.05041
600923 0.0497
600935 0.05019
601007 0.05033
601019 0.05018
601055 0.05047
601091 0.04973
601103 0.0496
601139 0.04972
601151 0.05049
601163 0.05036
601175 0.05049
601199 0.0505
601211 0.05014
601271 0.04958
601295 0.04978
601307 0.04965
601343 0.0505
601355 0.04968
601367 0.05041
601391 0.05049
601427 0.05032
601463 0.05031
601475 0.0501
601499 0.04918
601511 0.05047
601535 0.05044
601547 0.05009
601559 0.05046
601571 0.05045
601619 0.0492
601643 0.04985
601667 0.05028
601691 0.05044
601703 0.05043
601715 0.05027
601739 0.04865
601775 0.05049
601787 0.04988
601811 0.05026
601835 0.04975
601847 0.05051
601859 0.05041
601871 0.05025
601895 0.05051
601907 0.05024
601967 0.04991
601979 0.04973
602027 0.05048
602051 0.05
602063 0.05037
602075 0.0498
602147 0.04982
602159 0.05036
602183 0.05035
602195 0.05045
602207 0.04998
602219 0.04998
602231 0.05045
602243 0.05034
602255 0.05044
602291 0.05044
602303 0.04887
602315 0.04979
602327 0.05043
602363 0.04986
602387 0.05
602399 0.05042
602423 0.05015
602435 0.05031
602447 0.04994
602459 0.05031
602471 0.05002
602495 0.0504
602507 0.04984
602519 0.0504
602567 0.05039
602579 0.05039
602591 0.04929
602615 0.04991
602651 0.04942
602663 0.05006
602723 0.05007
602747 0.0501
602783 0.05025
602807 0.05009
602843 0.04729
602855 0.05024
602879 0.04991
602903 0.05007
602915 0.05007
602927 0.04998
602939 0.04942
602963 0.05006
602975 0.04993
602987 0.05012
603059 0.0495
603083 0.0502
603107 0.0503
603143 0.05016
603155 0.05029
603167 0.05016
603179 0.04891
603215 0.05002
603239 0.04999
603251 0.05018
603263 0.05017
603275 0.05017
603287 0.05027
603299 0.04955
603323 0.05016
603335 0.05019
603371 0.04956
603383 0.0502
603395 0.05002
603419 0.05025
603479 0.04933
603515 0.05004
603527 0.0501
603539 0.04976
603551 0.05024
603575 0.05005
603587 0.05011
603599 0.05022
603635 0.05011
603659 0.05021
603671 0.05011
603683 0.05027
603755 0.05009
603767 0.05028
603779 0.05019
603803 0.05008
603839 0.05011
603875 0.04927
603911 0.05031
603971 0.05016
603983 0.05033
603995 0.04969
604043 0.05021
604091 0.05014
604127 0.05022
604139 0.05013
604151 0.05036
604163 0.04879
604175 0.05037
604187 0.05037
604199 0.05018
604211 0.05024
604247 0.05025
604271 0.05025
604295 0.0502
604307 0.05026
604331 0.0504
604367 0.05018
604391 0.05041
604403 0.0485
604415 0.05028
604451 0.05042
604463 0.04998
604475 0.05043
604511 0.0503
604571 0.04959
604607 0.0497
604631 0.05005
604655 0.05028
604679 0.05028
604691 0.05047
604739 0.0503
604751 0.05035
604763 0.05049
604775 0.05049
604835 0.05037
604847 0.0505
604871 0.05001
604895 0.05033
604919 0.05032
604955 0.05034
604967 0.04952
604979 0.05034
604991 0.05031
605003 0.05034
605015 0.05049
605027 0.05032
605063 0.04991
605111 0.04997
605135 0.05043
605183 0.04982
605207 0.05044
605219 0.05038
605243 0.04969
605279 0.05041
605291 0.05041
605303 0.05046
605327 0.04947
605351 0.05042
605375 0.05048
605387 0.05039
605399 0.04982
605435 0.05049
605447 0.05044
605483 0.0505
605495 0.05
605519 0.05045
605555 0.0498
605567 0.04989
605579 0.05047
605591 0.0499
605651 0.05047
605663 0.05038
605675 0.05049
605699 0.04987
605711 0.05037
605723 0.05046
605735 0.05048
605747 0.05036
605759 0.0505
605783 0.0505
605795 0.0505
605807 0.04995
605819 0.05051
605831 0.05035
605843 0.05051
605891 0.04996
605903 0.0505
605915 0.0505
605939 0.05049
605951 0.05049
605963 0.05049
605975 0.05051
605999 0.04936
606023 0.0505
606035 0.0505
606071 0.05047
606095 0.05042
606107 0.05041
606143 0.05048
606155 0.05046
606167 0.05045
606179 0.05045
606191 0.05045
606203 0.05045
606215 0.05044
606239 0.05044
606263 0.05046
606275 0.05046
606347 0.05045
606371 0.05037
606395 0.05044
606419 0.05041
606431 0.05043
606467 0.05035
606479 0.0504
606491 0.05024
606515 0.05042
606551 0.05041
606563 0.05039
606575 0.05038
606599 0.05038
606611 0.0504
606647 0.05032
606671 0.05039
606683 0.05039
606695 0.05036
606707 0.05039
606719 0.05036
606767 0.0503
606779 0.0497
606815 0.05035
606875 0.05033
606887 0.05036
606911 0.05032
606923 0.04938
606935 0.05033
606947 0.05032
606995 0.05032
607019 0.05031
607031 0.0503
607055 0.05033
607079 0.04971
607115 0.05029
607175 0.05028
607187 0.04963
607223 0.05012
607247 0.05022
607283 0.05027
607295 0.05027
607355 0.05038
607367 0.05028
607379 0.05025
607391 0.05038
607415 0.05027
607439 0.05039
607463 0.0504
607475 0.0504
607499 0.05023
607511 0.05041
607523 0.05041
607547 0.05025
607559 0.05042
607571 0.05024
607595 0.05006
607607 0.04982
607631 0.05005
607679 0.05044
607715 0.05033
607787 0.05035
607799 0.05047
607811 0.05047
607835 0.05047
607847 0.05017
607871 0.05037
607907 0.05012
607919 0.05049
607943 0.05018
607979 0.0495
608003 0.04999
608015 0.05051
608039 0.05014
608051 0.0504
608063 0.05014
608075 0.05041
608111 0.05041
608135 0.05049
608159 0.05012
608183 0.05048
608195 0.05048
608219 0.05048
608231 0.05044
608255 0.05047
608267 0.05013
608279 0.0501
608291 0.0501
608315 0.05012
608327 0.05046
608351 0.04967
608363 0.05011
608375 0.05011
608387 0.05011
608399 0.05045
608447 0.05048
608495 0.05049
608507 0.0505
608531 0.0505
608567 0.05051
608579 0.04851
608603 0.05041
608627 0.05007
608639 0.05004
608675 0.0504
608687 0.05003
608711 0.05049
608723 0.05005
608735 0.05005
608747 0.05048
608771 0.05002
608795 0.05047
608807 0.05047
608855 0.05003
608879 0.04999
608891 0.05036
608915 0.05045
608927 0.05045
608939 0.05
608963 0.04999
608975 0.05044
609011 0.05044
609023 0.05034
609035 0.05
609059 0.05011
609095 0.05012
609119 0.05033
609131 0.05013
609155 0.05032
609167 0.05013
609203 0.05041
609251 0.05006
609275 0.0503
609299 0.05016
609323 0.05039
609347 0.04992
609371 0.05009
609383 0.05038
609419 0.05019
609455 0.05027
609515 0.05026
609539 0.05012
609551 0.05004
609563 0.04984
609575 0.05035
609587 0.05034
609611 0.05025
609623 0.05024
609635 0.05034
609647 0.04987
609659 0.05015
609695 0.05015
609719 0.04987
609731 0.05023
609767 0.05031
609791 0.05026
609827 0.0503
609839 0.05027
609863 0.0502
609875 0.05028
609899 0.04984
609959 0.04918
609971 0.04985
609983 0.05028
609995 0.0503
610007 0.04984
610067 0.05026
610079 0.05023
610091 0.05032
610103 0.05026
610115 0.05024
610127 0.05016
610139 0.05033
610151 0.05033
610175 0.05025
610211 0.05018
610235 0.05026
610247 0.05019
610259 0.05036
610295 0.05027
610319 0.05037
610343 0.04979
610355 0.05038
610367 0.05021
610379 0.05029
610415 0.05011
610451 0.05023
610463 0.05011
610475 0.0502
610499 0.05032
610535 0.05009
610571 0.05033
610595 0.05034
610607 0.05043
610643 0.05013
610715 0.05028
610727 0.05045
610751 0.04987
610775 0.05046
610811 0.05047
610871 0.05018
610883 0.05013
610895 0.05013
610907 0.0504
610931 0.05049
610979 0.0505
610991 0.04984
611003 0.05034
611039 0.04993
611087 0.05022
611099 0.0505
611123 0.05036
611135 0.05037
611159 0.05049
611171 0.05049
611183 0.05038
611195 0.05038
611231 0.05039
611243 0.05007
611267 0.05047
611291 0.05048
611303 0.04961
611327 0.05046
611339 0.05049
611351 0.05049
611363 0.05028
611375 0.05041
611387 0.0505
611399 0.0505
611423 0.05029
611435 0.05043
611471 0.05043
611507 0.0505
611519 0.0505
611555 0.05045
611579 0.05049
611627 0.05048
611651 0.05048
611687 0.05047
611723 0.05048
611747 0.05046
611759 0.05046
611771 0.05039
611783 0.0505
611795 0.0505
611807 0.05045
611819 0.05038
611855 0.0501
611867 0.05051
611891 0.05044
611915 0.05039
611975 0.05049
611987 0.05041
612035 0.05034
612059 0.05041
612095 0.05047
612143 0.05044
612155 0.05044
612167 0.05039
612191 0.05032
612203 0.05045
612227 0.05045
612239 0.05031
612251 0.05018
612275 0.05044
612287 0.0503
612335 0.05048
612347 0.05036
612359 0.05036
612395 0.05021
612419 0.04913
612431 0.05035
612455 0.0505
612467 0.0505
612479 0.05034
612527 0.0504
612539 0.04941
612551 0.05015
612575 0.05039
612587 0.0505
612623 0.04985
612659 0.05024
612683 0.05037
612695 0.05037
612743 0.05047
612755 0.0503
612767 0.05029
612779 0.05012
612815 0.05035
612827 0.05035
612839 0.05028
612851 0.05045
612875 0.05022
612935 0.05044
613019 0.05018
613043 0.05042
613067 0.04935
613079 0.04861
613091 0.05035
613103 0.05041
613115 0.0503
613127 0.04916
613151 0.05036
613175 0.0504
613187 0.0504
613211 0.05029
613223 0.05037
613235 0.05038
613259 0.05021
613271 0.05038
613283 0.04929
613295 0.05038
613307 0.05038
613319 0.05023
613331 0.05037
613343 0.05037
613355 0.0504
613379 0.05024
613391 0.05036
613415 0.05036
613475 0.05035
613511 0.05043
613535 0.05017
613547 0.05034
613571 0.05033
613583 0.05033
613619 0.05045
613631 0.05022
613655 0.05046
613679 0.0503
613703 0.05047
613727 0.0502
613739 0.05039
613751 0.05039
613775 0.05049
613787 0.05013
613799 0.04876
613823 0.05049
613835 0.05029
613847 0.05012
613859 0.05041
613895 0.05042
613919 0.04878
613931 0.05043
613955 0.0505
613979 0.0501
613991 0.05027
614003 0.05026
614015 0.05045
614027 0.05015
614039 0.05049
614075 0.05048
614087 0.05025
614111 0.05048
614123 0.05014
614159 0.05047
614171 0.05047
614231 0.05041
614243 0.05045
614255 0.05005
614315 0.05051
614327 0.05043
614351 0.05051
614363 0.0502
614375 0.05043
614399 0.0505
614423 0.0505
614447 0.05019
614459 0.05042
614471 0.05019
614495 0.05046
614555 0.05048
614591 0.05047
614603 0.05039
614615 0.05049
614651 0.05016
614663 0.05005
614675 0.05045
614699 0.0505
614711 0.04991
614735 0.05037
614747 0.05004
614771 0.0505
614783 0.05014
614795 0.0505
614807 0.0505
614819 0.05043
614879 0.05035
614891 0.05048
614903 0.0489
614915 0.05048
614951 0.05034
614975 0.0504
614987 0.0501
614999 0.0504
615023 0.0501
615059 0.05046
615071 0.04998
615095 0.05039
615119 0.05038
615143 0.05008
615191 0.05043
615203 0.04996
615215 0.05043
615227 0.05043
615251 0.05029
615287 0.04981
615311 0.05041
615335 0.05041
615347 0.05004
615359 0.05034
615383 0.0494
615395 0.05034
615443 0.04962
615467 0.04978
615503 0.04963
615515 0.04991
615527 0.05002
615551 0.05037
615575 0.05037
615611 0.05037
615647 0.05036
615659 0.05029
615683 0.05022
615695 0.05035
615707 0.05035
615755 0.05021
615779 0.05034
615791 0.05027
615803 0.0502
615815 0.04997
615851 0.04986
615875 0.05032
615899 0.04983
615911 0.05018
615923 0.05025
615935 0.05025
615947 0.04985
615959 0.04961
615983 0.05024
615995 0.05024
616019 0.04976
616043 0.05023
616055 0.05029
616067 0.04993
616091 0.05015
616115 0.05022
616127 0.04987
616163 0.04991
616175 0.05014
616187 0.04989
616199 0.05027
616247 0.05026
616271 0.04979
616319 0.04908
616331 0.05025
616343 0.0498
616355 0.05018
616403 0.04981
616415 0.05017
616427 0.04987
616475 0.04994
616487 0.04995
616511 0.04986
616559 0.05008
616571 0.05021
616595 0.0502
616619 0.0496
616631 0.0502
616655 0.05019
616667 0.04998
616691 0.05005
616715 0.04987
616727 0.05
616739 0.04916
616751 0.05018
616775 0.05004
616811 0.05017
616823 0.0501
616835 0.05003
616847 0.05002
616859 0.04963
616907 0.05004
616919 0.05009
616931 0.05009
616955 0.04981
616979 0.05001
617015 0.05014
617063 0.05007
617075 0.05006
617099 0.05012
617123 0.05008
617159 0.05008
617207 0.0501
617255 0.04998
617267 0.05011
617279 0.04996
617291 0.05012
617303 0.05012
617315 0.05011
617351 0.05012
617375 0.05001
617399 0.05007
617435 0.05014
617459 0.04953
617483 0.05002
617507 0.05006
617519 0.04999
617555 0.05017
617567 0.04952
617603 0.04998
617615 0.04997
617627 0.05005
617663 0.05006
617675 0.05018
617711 0.0502
617747 0.0502
617771 0.05008
617783 0.04998
617807 0.05022
617855 0.05022
617867 0.04964
617903 0.05024
617927 0.05023
617939 0.05001
617975 0.05002
617987 0.04998
617999 0.04991
618011 0.05013
618035 0.05027
618047 0.05027
618071 0.05027
618143 0.05029
618179 0.05006
618191 0.0503
618215 0.05029
618239 0.04941
618251 0.04947
618263 0.05018
618275 0.05031
618371 0.05033
618395 0.05033
618419 0.04985
618431 0.05021
618443 0.05022
618455 0.05011
618467 0.05022
618479 0.05012
618491 0.04962
618515 0.04983
618527 0.05035
618539 0.04983
618551 0.05037
618575 0.05036
618611 0.04981
618623 0.04974
618647 0.05039
618695 0.0504
618743 0.05041
618755 0.05041
618767 0.0504
618803 0.04971
618815 0.05019
618827 0.05042
618839 0.05019
618851 0.05042
618863 0.05043
618875 0.04977
618899 0.04977
618911 0.05031
618923 0.05021
618983 0.04961
618995 0.05033
619031 0.04975
619043 0.05047
619091 0.05048
619103 0.05035
619115 0.05047
619127 0.05048
619151 0.05049
619163 0.04975
619175 0.05049
619199 0.05049
619211 0.04984
619235 0.04985
619259 0.04977
619271 0.0505
619295 0.05028
619343 0.05029
619355 0.05029
619367 0.04979
619379 0.04987
619403 0.05041
619415 0.05049
619427 0.05041
619439 0.0497
619463 0.04971
619475 0.05032
619487 0.05042
619499 0.04921
619535 0.05047
619547 0.04991
619559 0.05047
619619 0.05046
619631 0.05045
619679 0.04964
619691 0.05036
619703 0.05044
619715 0.05037
619727 0.05044
619751 0.05048
619775 0.05038
619823 0.05042
619835 0.04955
619859 0.04997
619883 0.05041
619919 0.05041
619931 0.05041
619943 0.04991
619955 0.0505
619991 0.0505
620015 0.05
620039 0.05043
620063 0.05049
620075 0.05038
620135 0.04984
620195 0.05004
620207 0.04996
620219 0.04961
620231 0.05035
620255 0.05045
620267 0.04925
620279 0.05048
620291 0.05048
620315 0.05034
620327 0.05034
620339 0.05034
620375 0.0505
620399 0.0499
620423 0.04945
620447 0.05042
620459 0.05009
620471 0.0505
620483 0.05031
620495 0.04991
620543 0.05049
620555 0.04968
620591 0.0504
620651 0.05048
620675 0.05039
620687 0.05038
620699 0.05047
620711 0.05038
620723 0.05027
620747 0.05037
620795 0.05045
620819 0.05026
620843 0.05036
620867 0.05026
620879 0.05044
620903 0.0501
620939 0.0495
620951 0.05043
620963 0.05042
620975 0.05042
620987 0.04891
621011 0.05033
621023 0.05022
621035 0.05041
621071 0.05032
621095 0.04978
621107 0.05022
621119 0.04948
621131 0.0504
621179 0.05021
621191 0.05016
621215 0.05024
621263 0.05019
621275 0.05019
621287 0.05029
621299 0.05037
621311 0.04941
621323 0.05037
621335 0.05026
621383 0.05027
621395 0.05009
621407 0.05027
621479 0.05011
621539 0.05033
621563 0.04958
621575 0.05033
621587 0.05024
621635 0.05025
621683 0.05026
621731 0.05011
621743 0.05027
621767 0.05027
621791 0.04937
621803 0.05029
621827 0.05036
621839 0.05018
621875 0.05037
621887 0.05009
621899 0.05027
621935 0.05031
621947 0.05018
621995 0.05017
622007 0.05007
622031 0.05025
622055 0.05041
622079 0.04932
622115 0.05024
622127 0.05042
622139 0.05042
622163 0.05004
622199 0.05022
622211 0.05044
622223 0.05026
622271 0.05037
622283 0.05021
622343 0.05039
622379 0.05029
622391 0.0504
622403 0.05019
622439 0.04948
622451 0.05
622463 0.05018
622475 0.05049
622487 0.04977
622511 0.05017
622523 0.05042
622535 0.0505
622583 0.04997
622595 0.05008
622631 0.05034
622643 0.05034
622655 0.05034
622667 0.05049
622679 0.05035
622691 0.05046
622727 0.05011
622775 0.04955
622787 0.05005
622799 0.04955
622823 0.04907
622847 0.05047
622859 0.04935
622871 0.05046
622883 0.05049
622895 0.05003
622955 0.05045
623015 0.05009
623027 0.05017
623039 0.05042
623075 0.05043
623087 0.05049
623099 0.04928
623111 0.05018
623123 0.05044
623135 0.04989
623159 0.04963
623183 0.05007
623195 0.05047
623231 0.0504
623243 0.04979
623255 0.05046
623267 0.05046
623315 0.04996
623375 0.05049
623411 0.05037
623435 0.05037
623447 0.05043
623459 0.0505
623471 0.04996
623507 0.05026
623555 0.0505
623567 0.05035
623579 0.0505
623603 0.05
623615 0.05041
623627 0.0504
623639 0.05034
623663 0.05
623675 0.0504
623687 0.05033
623735 0.05047
623783 0.05038
623807 0.04988
623819 0.05032
623831 0.05045
623903 0.05044
623927 0.05005
623939 0.05044
623951 0.05035
623975 0.04994
623987 0.05028
623999 0.05043
624011 0.05028
624023 0.04994
624035 0.04975
624059 0.05042
624083 0.05041
624131 0.04996
624143 0.0504
624167 0.05025
624179 0.0504
624227 0.05031
624239 0.04984
624263 0.04989
624275 0.05042
624287 0.05042
624335 0.05037
624359 0.05022
624371 0.04979
624383 0.05028
624395 0.05022
624407 0.05044
624431 0.05045
624455 0.04968
624515 0.05034
624527 0.05047
624551 0.05019
624587 0.05005
624611 0.05048
624623 0.05024
624635 0.05049
624647 0.04975
624671 0.05032
624695 0.0505
624743 0.05022
624767 0.05051
624815 0.05015
624863 0.05029
624875 0.05011
624923 0.05012
624947 0.05013
624959 0.04998
624971 0.05027
624995 0.05026
625019 0.05026
625043 0.05015
625055 0.05026
625067 0.05028
625079 0.04992
625115 0.05025
625139 0.05045
625151 0.05016
625163 0.0503
625175 0.05009
625211 0.05044
625223 0.05031
625235 0.04995
625247 0.05031
625259 0.05043
625295 0.05042
625331 0.0502
625355 0.05021
625391 0.05041
625415 0.0504
625439 0.0502
625463 0.05023
625475 0.05036
625487 0.0501
625499 0.05019
625511 0.05037
625523 0.05024
625559 0.05038
625583 0.05038
625607 0.05037
625619 0.05002
625679 0.05016
625691 0.05007
625715 0.05036
625739 0.05014
625775 0.05029
625787 0.05029
625799 0.04955
625835 0.0503
625847 0.05043
625859 0.05016
625895 0.05008
625907 0.04997
625931 0.05032
625955 0.05045
625967 0.05003
625991 0.05019
626003 0.05046
626015 0.05034
626027 0.05047
626075 0.05048
626087 0.04994
626099 0.05012
626135 0.05029
626171 0.05014
626195 0.05028
626231 0.05051
626243 0.05024
626255 0.05027
626267 0.05051
626279 0.05024
626291 0.05026
626303 0.04997
626315 0.0504
626423 0.05048
626447 0.05024
626459 0.05024
626471 0.05043
626483 0.05047
626531 0.05046
626579 0.05022
626603 0.05022
626615 0.05031
626639 0.05021
626651 0.0502
626675 0.0502
626699 0.04999
626735 0.05048
626759 0.05019
626795 0.05042
626819 0.05018
626831 0.05041
626843 0.0505
626891 0.05051
626939 0.05016
626951 0.05039
626975 0.05038
626999 0.05039
627011 0.05039
627023 0.05018
627047 0.05006
627095 0.05007
627143 0.05041
627167 0.05036
627203 0.04902
627215 0.05035
627239 0.05035
627263 0.05034
627275 0.05035
627287 0.05034
627311 0.05045
627323 0.05044
627335 0.05045
627347 0.05009
627359 0.05012
627371 0.05043
627395 0.05046
627443 0.05026
627467 0.05042
627503 0.04938
627515 0.0502
627527 0.05041
627539 0.05041
627563 0.0505
627575 0.05041
627587 0.05022
627647 0.05039
627671 0.05028
627707 0.05019
627719 0.0505
627731 0.05049
627743 0.05032
627779 0.05049
627815 0.05036
627839 0.05048
627851 0.05036
627863 0.04996
627899 0.05035
627923 0.05024
627935 0.05046
627971 0.05049
627983 0.05045
627995 0.05037
628019 0.0505
628055 0.05044
628103 0.05032
628115 0.0505
628151 0.05001
628163 0.0504
628175 0.05049
628187 0.05034
628199 0.05049
628211 0.0503
628235 0.05041
628247 0.0503
628259 0.05041
628283 0.05048
628307 0.04959
628343 0.0504
628355 0.05037
628367 0.05027
628439 0.05045
628463 0.05045
628475 0.05046
628511 0.0504
628523 0.0504
628559 0.05048
628571 0.05041
628595 0.05036
628607 0.04973
628619 0.05035
628631 0.05049
628667 0.05043
628703 0.04968
628727 0.05044
628739 0.05051
628751 0.05045
628763 0.05033
628835 0.05049
628847 0.05047
628859 0.05049
628883 0.05009
628907 0.04956
628919 0.05043
628931 0.05048
628967 0.05044
628991 0.05044
629027 0.0505
629039 0.05046
629063 0.05035
629075 0.05046
629087 0.05005
629099 0.05034
629111 0.05045
629159 0.05048
629183 0.05026
629207 0.05014
629219 0.05043
629231 0.05048
629255 0.04968
629327 0.05047
629375 0.0505
629387 0.05046
629399 0.05026
629423 0.0504
629447 0.05049
629459 0.05039
629471 0.05049
629507 0.0499
629519 0.05028
629531 0.05048
629543 0.05009
629579 0.05037
629603 0.04997
629615 0.05042
629627 0.05046
629639 0.05036
629675 0.05025
629699 0.05045
629759 0.05044
629771 0.0504
629783 0.05034
629855 0.05038
629867 0.05042
629879 0.05022
629915 0.05042
629951 0.05031
629975 0.05041
629999 0.0504
630011 0.05036
630035 0.05036
630047 0.05027
630071 0.05027
630083 0.05039
630131 0.05028
630143 0.05034
630179 0.05037
630191 0.05041
630215 0.05042
630239 0.0503
630251 0.05032
630275 0.05043
630287 0.05036
630323 0.05031
630347 0.05031
630407 0.0503
630419 0.05034
630443 0.05046
630455 0.05047
630491 0.05032
630503 0.05047
630515 0.05032
630527 0.05036
630539 0.05048
630551 0.05048
630563 0.05022
630575 0.05049
630599 0.05011
630611 0.0505
630647 0.0503
630671 0.05013
630683 0.0499
630695 0.05025
630707 0.0504
630731 0.0505
630743 0.0505
630767 0.05028
630779 0.05041
630815 0.05007
630875 0.05043
630887 0.05043
630923 0.05047
630935 0.05005
630947 0.05044
630959 0.05019
630971 0.05045
630983 0.05015
631019 0.05002
631031 0.05045
631067 0.05047
631079 0.05047
631127 0.05006
631163 0.05018
631175 0.05023
631199 0.05049
631235 0.0505
631283 0.05007
631331 0.05041
631343 0.04921
631403 0.05014
631415 0.05049
631439 0.04997
631451 0.05048
631475 0.05048
631499 0.05038
631511 0.05038
631523 0.05012
631547 0.05047
631571 0.05047
631595 0.05046
631607 0.05032
631631 0.05046
631655 0.05045
631691 0.05033
631715 0.05034
631727 0.05044
631763 0.04911
631775 0.05035
631787 0.05035
631799 0.05035
631811 0.05019
631823 0.05007
631835 0.05042
631871 0.05042
631883 0.05021
631895 0.04994
631919 0.05041
631955 0.0504
632003 0.0503
632015 0.05023
632039 0.05029
632063 0.05029
632111 0.05024
632135 0.05042
632159 0.04986
632171 0.05043
632183 0.04999
632195 0.05043
632207 0.05001
632219 0.05026
632255 0.05028
632279 0.05027
632291 0.05045
632303 0.05027
632315 0.05045
632339 0.05034
632375 0.05047
632387 0.05047
632399 0.05033
632507 0.04977
632519 0.04973
632531 0.04996
632543 0.05034
632555 0.0505
632567 0.0505
632579 0.05007
632603 0.04989
632615 0.04989
632639 0.0505
632651 0.05036
632663 0.05019
632675 0.0505
632687 0.0505
632711 0.05028
632723 0.05037
632771 0.05038
632795 0.05048
632855 0.05038
632867 0.04956
632879 0.05039
632891 0.05046
632903 0.05041
632927 0.05025
632951 0.0504
632963 0.04953
632975 0.04993
633011 0.05043
633035 0.05044
633047 0.05044
633071 0.05042
633083 0.05017
633095 0.05044
633107 0.05043
633119 0.05043
633143 0.05045
633167 0.0499
633191 0.05045
633203 0.05045
633215 0.0502
633227 0.04989
633239 0.04882
633275 0.05019
633299 0.05047
633323 0.05009
633335 0.04983
633347 0.05049
633395 0.05049
633419 0.05024
633431 0.05038
633443 0.05011
633479 0.05016
633491 0.0505
633527 0.04984
633539 0.05051
633551 0.05049
633563 0.0505
633575 0.05049
633587 0.04983
633635 0.04999
633647 0.05048
633659 0.05013
633671 0.05029
633683 0.05003
633719 0.05033
633743 0.04971
633779 0.05031
633827 0.05045
633839 0.05003
633851 0.05046
633863 0.05045
633875 0.05045
633887 0.05044
633899 0.05033
633911 0.05043
633935 0.05044
633947 0.05043
633983 0.04933
633995 0.05043
634019 0.05035
634043 0.04901
634055 0.05041
634067 0.05028
634151 0.05041
634175 0.05039
634235 0.05011
634259 0.0504
634271 0.05039
634283 0.0504
634355 0.05038
634379 0.05037
634391 0.05036
634403 0.04981
634415 0.05043
634427 0.05014
634439 0.05036
634451 0.05035
634463 0.0496
634475 0.05031
634535 0.05045
634547 0.0493
634571 0.05046
634583 0.05046
634595 0.05047
634607 0.05032
634619 0.05034
634631 0.05018
634655 0.05048
634691 0.05048
634751 0.05017
634787 0.04965
634811 0.04986
634823 0.05051
634895 0.0504
634907 0.04994
634919 0.05014
634931 0.0504
634955 0.05041
634967 0.05013
635015 0.05042
635027 0.05026
635063 0.05025
635075 0.05047
635111 0.05026
635123 0.04955
635135 0.05028
635159 0.05046
635183 0.05045
635195 0.05023
635219 0.05045
635231 0.05046
635303 0.05048
635315 0.04969
635327 0.05008
635375 0.05042
635399 0.05033
635411 0.0505
635435 0.0505
635447 0.04972
635459 0.05051
635531 0.05036
635543 0.05003
635555 0.05004
635579 0.05049
635627 0.05003
635651 0.05048
635663 0.05038
635675 0.05015
635687 0.05039
635699 0.05037
635771 0.05008
635783 0.05046
635795 0.05046
635807 0.05041
635819 0.0497
635843 0.05013
635855 0.05013
635903 0.05013
635915 0.05043
635951 0.04982
635963 0.05043
635975 0.05045
635987 0.04982
635999 0.05032
636047 0.0501
636083 0.05014
636143 0.0503
636155 0.0504
636167 0.05015
636179 0.05009
636203 0.04986
636215 0.05008
636239 0.0505
636251 0.0505
636275 0.05
636299 0.04978
636323 0.05038
636347 0.05019
636371 0.05006
636395 0.04991
636431 0.05026
636467 0.05021
636491 0.04992
636503 0.05035
636515 0.05048
636527 0.05002
636551 0.05034
636575 0.05047
636587 0.05006
636611 0.05046
636623 0.05024
636635 0.04957
636647 0.05046
636659 0.04987
636671 0.05007
636683 0.04958
636695 0.05026
636707 0.04999
636755 0.05
636767 0.04896
636779 0.05044
636791 0.05043
636803 0.0503
636827 0.05028
636875 0.05042
636887 0.04928
636935 0.05018
636959 0.05041
636971 0.05031
637007 0.0504
637019 0.04981
637031 0.04994
637043 0.05032
637055 0.05026
637091 0.05015
637103 0.05015
637151 0.04979
637175 0.05035
637223 0.05013
637295 0.05035
637307 0.0502
637331 0.05035
637343 0.04971
637355 0.05038
637367 0.05034
637391 0.04988
637439 0.05033
637451 0.0504
637475 0.05023
637487 0.04974
637511 0.05041
637523 0.04988
637547 0.05042
637571 0.05003
637583 0.05043
637595 0.05031
637631 0.0503
637643 0.05014
637655 0.05017
637667 0.05029
637715 0.05045
637739 0.04973
637775 0.04961
637799 0.05014
637823 0.05008
637835 0.05014
637859 0.0503
637871 0.05009
637907 0.05026
637919 0.05032
637931 0.0501
637967 0.05021
637979 0.05011
637991 0.04995
638015 0.05033
638027 0.05022
638075 0.05
638087 0.05035
638099 0.05013
638111 0.05022
638135 0.04964
638183 0.05048
638195 0.05048
638207 0.05048
638219 0.05037
638231 0.05047
638255 0.05047
638267 0.05047
638279 0.05001
638291 0.05027
638363 0.05045
638375 0.05045
638399 0.05041
638411 0.05003
638435 0.05017
638447 0.05044
638471 0.04993
638483 0.05021
638495 0.05005
638507 0.05043
638519 0.05003
638543 0.05022
638579 0.05022
638591 0.05033
638615 0.05015
638675 0.05024
638687 0.05046
638711 0.05047
638747 0.04998
638759 0.05048
638795 0.04999
638831 0.05
638879 0.0505
638903 0.04978
638915 0.0501
638927 0.04964
638963 0.05002
638975 0.05036
638987 0.05036
639023 0.05041
639059 0.05008
639071 0.05049
639119 0.05007
639131 0.05048
639155 0.05047
639191 0.05047
639203 0.05045
639227 0.05032
639239 0.04992
639251 0.05005
639275 0.05008
639287 0.05046
639323 0.05037
639347 0.05044
639359 0.05044
639395 0.05044
639407 0.05049
639431 0.05039
639443 0.05049
639455 0.04958
639467 0.0505
639479 0.05042
639503 0.0504
639515 0.05
639527 0.05051
639539 0.05007
639551 0.05041
639575 0.05042
639623 0.04996
639635 0.05025
639659 0.05043
639695 0.05048
639767 0.05029
639791 0.0503
639803 0.05012
639815 0.05047
639827 0.05046
639863 0.0502
639875 0.05036
639887 0.05045
639923 0.05021
639935 0.04962
639947 0.05033
639995 0.0502
640091 0.05018
640103 0.0505
640175 0.05049
640187 0.05038
640211 0.0504
640283 0.05028
640295 0.05028
640319 0.05047
640331 0.05029
640343 0.05023
640355 0.05046
640367 0.05029
640379 0.05028
640391 0.05037
640403 0.05037
640415 0.05037
640427 0.05042
640439 0.05042
640475 0.05043
640487 0.05032
640511 0.05009
640523 0.05032
640535 0.05027
640559 0.05045
640571 0.05045
640619 0.05028
640643 0.05016
640715 0.05032
640739 0.05031
640751 0.05032
640775 0.05049
640799 0.05015
640811 0.0505
640835 0.05031
640871 0.0502
640895 0.05039
640931 0.05034
640955 0.0505
640979 0.05036
641003 0.05036
641027 0.05027
641075 0.05037
641087 0.05
641099 0.05025
641111 0.05044
641123 0.05034
641135 0.05047
641147 0.05047
641159 0.05047
641171 0.05033
641183 0.05033
641207 0.05025
641219 0.05046
641243 0.05
641255 0.05024
641267 0.04973
641291 0.05047
641315 0.05042
641339 0.0503
641351 0.05031
641363 0.04988
641375 0.05006
641423 0.05031
641447 0.05007
641495 0.05051
641507 0.0502
641543 0.05029
641567 0.05009
641591 0.0501
641603 0.04994
641615 0.05031
641627 0.05039
641651 0.05048
641663 0.05048
641675 0.05036
641723 0.0505
641759 0.05033
641783 0.04998
641795 0.05046
641831 0.05046
641855 0.04999
641879 0.04998
641903 0.05022
641915 0.05049
641927 0.04996
641939 0.05049
641951 0.05034
641975 0.05043
641987 0.05018
641999 0.05048
642023 0.05043
642035 0.05033
642095 0.05002
642107 0.05041
642119 0.0504
642167 0.05005
642179 0.05004
642191 0.05022
642215 0.0503
642239 0.05044
642251 0.0503
642263 0.04984
642287 0.05039
642383 0.05028
642395 0.05046
642431 0.05029
642443 0.05051
642455 0.05041
642479 0.05047
642491 0.0505
642515 0.05028
642539 0.05039
642551 0.05034
642575 0.05039
642599 0.05049
642611 0.0505
642635 0.05048
642647 0.05023
642659 0.05038
642671 0.05048
642695 0.05032
642719 0.0505
642731 0.05032
642743 0.05009
642767 0.05
642803 0.05046
642827 0.0503
642839 0.05017
642875 0.05048
642911 0.04989
642923 0.05047
642935 0.05047
642959 0.04891
642971 0.05037
643007 0.04996
643055 0.05045
643067 0.04943
643079 0.05041
643091 0.05031
643103 0.04995
643115 0.05044
643139 0.05044
643151 0.0504
643163 0.05025
643175 0.05025
643211 0.05024
643235 0.05042
643259 0.05042
643271 0.05042
643307 0.05022
643319 0.05022
643331 0.05044
643343 0.05047
643355 0.0504
643367 0.05044
643379 0.0504
643391 0.05026
643427 0.0503
643451 0.05046
643475 0.05038
643499 0.05047
643511 0.05047
643535 0.05024
643559 0.05048
643571 0.05037
643595 0.05049
643607 0.04961
643631 0.05049
643655 0.05034
643679 0.05035
643715 0.05051
643739 0.05031
643775 0.0505
643787 0.05036
643811 0.0505
643823 0.05037
643871 0.05036
643895 0.05033
643931 0.05048
643955 0.05047
644003 0.05039
644027 0.04969
644075 0.05029
644087 0.05042
644099 0.05041
644135 0.05041
644171 0.05044
644183 0.05027
644195 0.05043
644207 0.05043
644219 0.05043
644243 0.05023
644255 0.05043
644279 0.05044
644315 0.05045
644339 0.05045
644351 0.05046
644375 0.05048
644387 0.05048
644399 0.05021
644423 0.05047
644435 0.05047
644459 0.05048
644471 0.05024
644495 0.05022
644543 0.05026
644555 0.0505
644567 0.05003
644579 0.05021
644591 0.05037
644627 0.0505
644639 0.05037
644651 0.05051
644663 0.05049
644675 0.0505
644699 0.05019
644723 0.05019
644735 0.0503
644759 0.05049
644771 0.0505
644807 0.05051
644819 0.05017
644831 0.05017
644903 0.05045
644927 0.04988
644939 0.05049
644963 0.05046
644975 0.05015
644987 0.05048
645035 0.05047
645047 0.05047
645095 0.05044
645107 0.05042
645119 0.05043
645143 0.05043
645155 0.05046
645191 0.05045
645203 0.05011
645215 0.05045
645251 0.05044
645263 0.05041
645275 0.05027
645299 0.05026
645311 0.0501
645335 0.05039
645359 0.05042
645395 0.05039
645455 0.05038
645479 0.05041
645491 0.0504
645515 0.05045
645539 0.0504
645551 0.05039
645563 0.05045
645575 0.05036
645695 0.05037
645707 0.05002
645719 0.05002
645743 0.05034
645755 0.05036
645767 0.05049
645791 0.0505
645815 0.0505
645827 0.0505
645863 0.0503
645875 0.05034
645887 0.05017
645899 0.05034
645911 0.05031
645923 0.0503
645947 0.05033
645959 0.04996
645971 0.05031
645983 0.05029
645995 0.05032
646007 0.05032
646019 0.05015
646031 0.05032
646043 0.04958
646055 0.05048
646091 0.0497
646139 0.04972
646163 0.05046
646175 0.0503
646211 0.05035
646235 0.05026
646247 0.05045
646283 0.05037
646295 0.05028
646343 0.05023
646355 0.05014
646367 0.05014
646391 0.05026
646415 0.05042
646427 0.05022
646439 0.0504
646463 0.0504
646475 0.05041
646487 0.05025
646511 0.05009
646535 0.05021
646559 0.05007
646595 0.04986
646703 0.05045
646715 0.05045
646727 0.05037
646739 0.05018
646751 0.05037
646763 0.05046
646775 0.05046
646787 0.05015
646811 0.05047
646835 0.05036
646847 0.05015
646871 0.05035
646907 0.05035
646931 0.05014
646943 0.05018
646955 0.05034
646967 0.05034
647003 0.05014
647027 0.05012
647075 0.05028
647123 0.0505
647135 0.05029
647183 0.05022
647207 0.0503
647243 0.04962
647255 0.05013
647279 0.05032
647291 0.05047
647315 0.04994
647339 0.04995
647351 0.05046
647375 0.05046
647387 0.05026
647435 0.04996
647447 0.05026
647459 0.05035
647471 0.05044
647483 0.05044
647519 0.05043
647555 0.05043
647567 0.05024
647591 0.05038
647603 0.05042
647615 0.05042
647639 0.05042
647675 0.05039
647711 0.0504
647735 0.05022
647759 0.05041
647795 0.05041
647807 0.05034
647819 0.05042
647831 0.05035
647843 0.05038
647855 0.05038
647903 0.05011
647915 0.05044
647927 0.05044
647939 0.04956
647975 0.05037
648011 0.05038
648071 0.05047
648083 0.05039
648095 0.05047
648143 0.05041
648167 0.05049
648227 0.05004
648251 0.0505
648263 0.05043
648275 0.05012
648287 0.05043
648311 0.05051
648335 0.0505
648347 0.0502
648359 0.04959
648395 0.05045
648407 0.05049
648419 0.04962
648431 0.05046
648443 0.05021
648455 0.05008
648467 0.05047
648479 0.05028
648491 0.05048
648503 0.05017
648515 0.05048
648527 0.05048
648539 0.05047
648551 0.05048
648575 0.05018
648587 0.05009
648611 0.05025
648623 0.0505
648647 0.05
648659 0.05
648695 0.05026
648707 0.05051
648743 0.05024
648755 0.0505
648791 0.05043
648827 0.05043
648875 0.05042
648899 0.05024
648923 0.05031
648935 0.05041
648959 0.05041
648995 0.0504
649031 0.05033
649043 0.05045
649055 0.04982
649091 0.05045
649103 0.05034
649115 0.05034
649127 0.05044
649139 0.05021
649175 0.05043
649187 0.05036
649199 0.0503
649211 0.05043
649223 0.05043
649235 0.05043
649247 0.05037
649295 0.05042
649331 0.04997
649343 0.05041
649355 0.05033
649367 0.05026
649391 0.0504
649439 0.05035
649451 0.04975
649463 0.04976
649475 0.05041
649535 0.05038
649655 0.05039
649667 0.05019
649679 0.04976
649691 0.05045
649703 0.05035
649715 0.04991
649763 0.05047
649775 0.05021
649811 0.05047
649895 0.05049
649919 0.05026
649931 0.0505
649955 0.0505
649967 0.04987
649979 0.05045
650003 0.04987
650039 0.05046
650051 0.04982
650075 0.05039
650087 0.05027
650147 0.05041
650159 0.04937
650171 0.05029
650195 0.05049
650207 0.04997
650219 0.0503
650231 0.0505
650267 0.04967
650279 0.05051
650339 0.05044
650351 0.04981
650363 0.04999
650375 0.05045
650399 0.05045
650411 0.05046
650423 0.05049
650459 0.04964
650471 0.05034
650507 0.05035
650531 0.05016
650579 0.05047
650603 0.05005
650615 0.05046
650651 0.04995
650675 0.0504
650687 0.05038
650711 0.05051
650723 0.05019
650747 0.05019
650771 0.0504
650795 0.05049
650819 0.04992
650831 0.05049
650867 0.05037
650891 0.05017
650903 0.04998
650939 0.04965
650975 0.05047
650999 0.05044
651011 0.04953
651023 0.0504
651035 0.0504
651059 0.05045
651107 0.05034
651155 0.05047
651215 0.05037
651227 0.05004
651263 0.04949
651275 0.05036
651287 0.05011
651311 0.0505
651359 0.05035
651383 0.0503
651419 0.0505
651455 0.04983
651467 0.05028
651479 0.05002
651491 0.05039
651527 0.05048
651551 0.05038
651575 0.05037
651611 0.05047
651635 0.0503
651695 0.05029
651755 0.0498
651851 0.05043
651875 0.04983
651887 0.05033
651899 0.05032
651923 0.05021
651935 0.05042
651959 0.04976
651983 0.05018
652007 0.05031
652031 0.04986
652043 0.05019
652127 0.05039
652139 0.04988
652151 0.05022
652163 0.05022
652175 0.05038
652187 0.05038
652223 0.05017
652247 0.05037
652259 0.05037
652271 0.05037
652295 0.05024
652355 0.05038
652367 0.05026
652391 0.05025
652427 0.05024
652439 0.05034
652463 0.0504
652475 0.04987
652487 0.05028
652511 0.05012
652523 0.05017
652535 0.05041
652547 0.05042
652571 0.05022
652583 0.05016
652595 0.05042
652619 0.05015
652631 0.05031
652679 0.05014
652703 0.05032
652763 0.04988
652775 0.04982
652823 0.05034
652835 0.05018
652847 0.05047
652907 0.05036
652919 0.05017
652955 0.05037
652979 0.05004
653015 0.05025
653039 0.05005
653051 0.05015
653063 0.05051
653075 0.05039
653087 0.05039
653099 0.05024
653135 0.05007
653171 0.05023
653183 0.05049
653219 0.05012
653231 0.05042
653279 0.05021
653291 0.05047
653315 0.05011
653351 0.05046
653375 0.05046
653387 0.04999
653399 0.05012
653411 0.05019
653423 0.05046
653447 0.05012
653459 0.04995
653471 0.05047
653483 0.05047
653531 0.05044
653543 0.05048
653555 0.05048
653567 0.05048
653591 0.05015
653603 0.05042
653627 0.04969
653663 0.05009
653675 0.05041
653723 0.05041
653735 0.0505
653747 0.0493
653759 0.05004
653795 0.04918
653807 0.05019
653843 0.05049
653855 0.05012
653867 0.05038
653891 0.05048
653939 0.05022
653975 0.05009
653987 0.0499
654059 0.05024
654071 0.05024
654119 0.05017
654131 0.05034
654143 0.05044
654155 0.05018
654179 0.05018
654227 0.05043
654239 0.04996
654251 0.0494
654263 0.05042
654275 0.05021
654299 0.0502
654311 0.05042
654335 0.05005
654347 0.05031
654359 0.04995
654395 0.0504
654407 0.05031
654419 0.04957
654455 0.05039
654503 0.04936
654515 0.05028
654551 0.05038
654563 0.05038
654575 0.05038
654647 0.05027
654659 0.04984
654695 0.05036
654707 0.05036
654731 0.05028
654755 0.0503
654791 0.0503
654815 0.04988
654851 0.05032
654875 0.05039
654887 0.05023
654947 0.05041
654959 0.05033
654971 0.05031
654983 0.05031
654995 0.05024
655007 0.04954
655019 0.05042
655079 0.0503
655091 0.05036
655139 0.05027
655175 0.04992
655199 0.05028
655235 0.05039
655259 0.05038
655271 0.05047
655319 0.04973
655367 0.0504
655415 0.05036
655427 0.05042
655451 0.0505
655463 0.05043
655475 0.05051
655487 0.05044
655523 0.05044
655535 0.0505
655571 0.05035
655595 0.05046
655607 0.05049
655619 0.05045
655655 0.05048
655667 0.05047
655679 0.05046
655691 0.05048
655703 0.04968
655739 0.04974
655751 0.05049
655763 0.05049
655775 0.05049
655799 0.05049
655811 0.0504
655823 0.0505
655835 0.05044
655871 0.05051
655895 0.0505
655931 0.05051
655955 0.05044
655979 0.05043
655991 0.0505
656003 0.04959
656027 0.05015
656051 0.05044
656075 0.05049
656087 0.05042
656111 0.05045
656123 0.04988
656135 0.0505
656159 0.05046
656183 0.05046
656195 0.05047
656219 0.0496
656231 0.0504
656243 0.0505
656279 0.04975
656315 0.05001
656339 0.05049
656351 0.05048
656363 0.0505
656375 0.05037
656411 0.05043
656435 0.05043
656447 0.05042
656495 0.05046
656531 0.05046
656543 0.04997
656567 0.04971
656579 0.05045
656591 0.05048
656615 0.05048
656627 0.0504
656675 0.05005
656699 0.05046
656711 0.04999
656723 0.05043
656747 0.05038
656759 0.05042
656795 0.05042
656807 0.05031
656831 0.05036
656843 0.05044
656867 0.04975
656879 0.05044
656903 0.05043
656915 0.05043
656927 0.04925
656963 0.05039
656975 0.05028
656987 0.04944
656999 0.05039
657011 0.05042
657023 0.05033
657095 0.05032
657119 0.0504
657143 0.04988
657179 0.04804
657203 0.05009
657215 0.05031
657227 0.0503
657239 0.05031
657275 0.0503
657287 0.04955
657335 0.04985
657359 0.05033
657371 0.05029
657419 0.05032
657443 0.04989
657455 0.05027
657467 0.05027
657479 0.05035
657503 0.05034
657515 0.05034
657527 0.05026
657563 0.05015
657575 0.05019
657599 0.04992
657611 0.04989
657623 0.05029
657635 0.05032
657671 0.05032
657695 0.05028
657731 0.05023
657755 0.0503
657791 0.05022
657803 0.05022
657839 0.05026
657851 0.04996
657887 0.05014
657923 0.04998
657935 0.05022
657971 0.05024
657995 0.04997
658007 0.05019
658067 0.04984
658091 0.05025
658115 0.05021
658175 0.05021
658223 0.05001
658235 0.05023
658259 0.04956
658271 0.05029
658283 0.05004
658295 0.05029
658415 0.05031
658427 0.05013
658439 0.05007
658451 0.05012
658475 0.05012
658499 0.0488
658511 0.05011
658523 0.05033
658559 0.05034
658583 0.05035
658595 0.05035
658631 0.05009
658667 0.05009
658679 0.05013
658691 0.05037
658727 0.0501
658739 0.05015
658775 0.05007
658799 0.05039
658823 0.05011
658835 0.05012
658859 0.05015
658931 0.05014
658955 0.05009
658967 0.05004
659015 0.05018
659027 0.04997
659051 0.05019
659075 0.0501
659087 0.05017
659099 0.0502
659111 0.0501
659123 0.05018
659135 0.0502
659147 0.05002
659207 0.05019
659255 0.05007
659267 0.05
659291 0.05004
659303 0.05024
659315 0.05048
659339 0.05049
659351 0.05049
659363 0.04994
659375 0.05023
659387 0.05023
659411 0.05026
659435 0.05051
659459 0.05001
659471 0.05004
659483 0.05027
659507 0.04996
659519 0.05028
659543 0.05
659555 0.05026
659567 0.04998
659579 0.05003
659615 0.04988
659627 0.04982
659663 0.05001
659675 0.05001
659687 0.04994
659711 0.05031
659747 0.04959
659807 0.04958
659855 0.05032
659867 0.0499
659879 0.05034
659891 0.0499
659915 0.05044
659927 0.05004
659939 0.05036
659987 0.05034
660011 0.05034
660023 0.04996
660035 0.05037
660059 0.05038
660083 0.04992
660107 0.05036
660155 0.0504
660179 0.04993
660191 0.05009
660239 0.04993
660275 0.04994
660287 0.0504
660311 0.04978
660335 0.04991
660371 0.05037
660395 0.05013
660419 0.05045
660431 0.05042
660455 0.04938
660479 0.05046
660491 0.05046
660527 0.04981
660539 0.04902
660551 0.05045
660575 0.04974
660587 0.04979
660611 0.04987
660623 0.05033
660647 0.0487
660671 0.05049
660695 0.0505
660707 0.05047
660743 0.05048
660767 0.05049
660803 0.04976
660815 0.05021
660827 0.05021
660863 0.0505
660875 0.04983
660911 0.04979
660935 0.05028
660959 0.05028
660971 0.05024
661007 0.04973
661043 0.04939
661055 0.05025
661067 0.05026
661079 0.05026
661127 0.05027
661151 0.05025
661163 0.05047
661199 0.05044
661211 0.05046
661223 0.04974
661247 0.0497
661283 0.05045
661295 0.05013
661307 0.04969
661319 0.05043
661331 0.05031
661355 0.05044
661367 0.04925
661379 0.04975
661391 0.05043
661403 0.05032
661427 0.04961
661451 0.05016
661475 0.0504
661487 0.05042
661499 0.0497
661511 0.0504
661523 0.04973
661535 0.05041
661595 0.04938
661619 0.05038
661631 0.05019
661643 0.04968
661715 0.04967
661727 0.05038
661739 0.05036
661751 0.05038
661763 0.0497
661775 0.05022
661799 0.05035
661811 0.05037
661847 0.04961
661895 0.05036
661907 0.05024
661919 0.05013
661943 0.05035
661955 0.05033
661967 0.05035
661991 0.04963
662027 0.05034
662039 0.04962
662051 0.05044
662075 0.05031
662087 0.05028
662099 0.05011
662123 0.05045
662135 0.05032
662147 0.05032
662159 0.0501
662171 0.04963
662183 0.05029
662207 0.0503
662219 0.04963
662243 0.05009
662255 0.05048
662279 0.0495
662315 0.04954
662375 0.0505
662423 0.05051
662447 0.05027
662459 0.05025
662471 0.05005
662519 0.05024
662579 0.05023
662603 0.05023
662627 0.05038
662651 0.05047
662675 0.05024
662687 0.04958
662699 0.05039
662711 0.05047
662747 0.05023
662759 0.0504
662807 0.05045
662855 0.04999
662879 0.05042
662891 0.05044
662903 0.04955
662915 0.0502
662927 0.05043
662975 0.05043
662987 0.05042
663011 0.05017
663023 0.04997
663047 0.04957
663059 0.04996
663083 0.05018
663107 0.04942
663119 0.04995
663131 0.04966
663143 0.04995
663215 0.05049
663227 0.05049
663251 0.05015
663287 0.0505
663299 0.05012
663311 0.05051
663383 0.04945
663419 0.04941
663431 0.05036
663443 0.0499
663479 0.05049
663491 0.05049
663503 0.05035
663515 0.05034
663527 0.04974
663575 0.0501
663623 0.04848
663635 0.05007
663647 0.05032
663671 0.05046
663719 0.04977
663743 0.05006
663791 0.05044
663803 0.04985
663839 0.05043
663851 0.05006
663863 0.05004
663899 0.04984
663911 0.05005
663935 0.05042
663947 0.04974
663995 0.05041
664007 0.05041
664055 0.0504
664079 0.04915
664127 0.05025
664163 0.04999
664175 0.04999
664187 0.05024
664235 0.05037
664247 0.05
664307 0.04999
664355 0.04997
664391 0.05021
664415 0.05021
664439 0.04922
664451 0.04991
664463 0.04929
664475 0.04997
664499 0.04925
664535 0.04923
664547 0.05019
664559 0.04993
664595 0.05032
664607 0.05032
664631 0.05031
664655 0.05017
664715 0.0503
664763 0.0499
664775 0.05015
664787 0.04917
664811 0.04926
664823 0.05015
664859 0.04989
664871 0.04929
664883 0.05014
664895 0.05027
664907 0.05027
664931 0.05013
664943 0.04928
664955 0.05
664979 0.04987
665015 0.05026
665075 0.05011
665099 0.05003
665135 0.05003
665159 0.05023
665171 0.04997
665219 0.04964
665231 0.05005
665243 0.05008
665291 0.05006
665315 0.05007
665327 0.05021
665339 0.05021
665375 0.05001
665399 0.05008
665459 0.04911
665471 0.0501
665495 0.0501
665519 0.04979
665543 0.05004
665555 0.05011
665567 0.05017
665579 0.05017
665615 0.05016
665663 0.05002
665675 0.05002
665687 0.05014
665699 0.04926
665735 0.05001
665759 0.04946
665795 0.05016
665807 0.04977
665819 0.05013
665831 0.05013
665855 0.0501
665867 0.04945
665879 0.05017
665891 0.05018
665903 0.0501
665927 0.05012
665939 0.05018
665951 0.04949
665963 0.05012
665987 0.05012
665999 0.0502
666011 0.05012
666035 0.0501
666047 0.04892
666059 0.04841
666083 0.04996
666095 0.05014
666131 0.04897
666155 0.05015
666179 0.05008
666215 0.05016
666227 0.04993
666251 0.04993
666275 0.05025
666287 0.05018
666335 0.05026
666347 0.05005
666359 0.05026
666371 0.05026
666407 0.05027
666443 0.04965
666455 0.05028
666503 0.04966
666551 0.0503
666563 0.04869
666575 0.05023
666587 0.05023
666623 0.05024
666659 0.05032
666695 0.05032
666743 0.04962
666767 0.05027
666779 0.05034
666791 0.0496
666803 0.0496
666815 0.04946
666839 0.04998
666851 0.05028
666863 0.04961
666875 0.05029
666887 0.04886
666899 0.04895
666923 0.04893
666947 0.0503
666971 0.04968
666995 0.05038
667031 0.05039
667043 0.05032
667055 0.04898
667079 0.0497
667163 0.04979
667175 0.04979
667187 0.04993
667199 0.04993
667247 0.05043
667259 0.04934
667295 0.05044
667307 0.05044
667319 0.05044
667343 0.04977
667355 0.0499
667391 0.05045
667415 0.05046
667439 0.0495
667475 0.0493
667499 0.04988
667523 0.05041
667535 0.05041
667571 0.04977
667607 0.05042
667655 0.0505
667667 0.05043
667703 0.04982
667739 0.0505
667763 0.04981
667775 0.05045
667787 0.0505
667799 0.04964
667811 0.05046
667823 0.04982
667835 0.05049
667847 0.04983
667871 0.05047
667919 0.04967
667931 0.04984
667943 0.05048
667967 0.05049
668015 0.05046
668027 0.04985
668039 0.0498
668075 0.04986
668099 0.04921
668123 0.04942
668135 0.0499
668147 0.05044
668171 0.05044
668183 0.0505
668195 0.05049
668207 0.05049
668219 0.05043
668231 0.05049
668267 0.05048
668279 0.04977
668315 0.04918
668339 0.05041
668351 0.04975
668375 0.05041
668387 0.05046
668399 0.0504
668411 0.04993
668423 0.04995
668435 0.05046
668459 0.04996
668495 0.04994
668519 0.05039
668627 0.04997
668639 0.05037
668675 0.05036
668711 0.04981
668735 0.05041
668771 0.04999
668783 0.05041
668795 0.0504
668807 0.05034
668855 0.05039
668975 0.04986
668987 0.05032
669011 0.05037
669035 0.04987
669047 0.04988
669059 0.0503
669071 0.05007
669083 0.0483
669095 0.05008
669119 0.04926
669131 0.05029
669143 0.05006
669191 0.0499
669251 0.05008
669275 0.05033
669323 0.05032
669335 0.05026
669383 0.05031
669395 0.0496
669407 0.04887
669455 0.0503
669467 0.04995
669503 0.04957
669515 0.05015
669563 0.04958
669587 0.05023
669599 0.05022
669623 0.05017
669635 0.04998
669647 0.05028
669671 0.05021
669683 0.04851
669695 0.05016
669755 0.0502
669767 0.05026
669803 0.05025
669827 0.04887
669851 0.05022
669875 0.0502
669899 0.05022
669935 0.05004
669959 0.05004
669983 0.04966
670055 0.05025
670079 0.05026
670091 0.05007
670115 0.05026
670127 0.05024
670151 0.05025
670175 0.04969
670187 0.05025
670247 0.05013
670259 0.05012
670271 0.05018
670283 0.0503
670331 0.05011
670355 0.05029
670391 0.05032
670403 0.05032
670415 0.0496
670427 0.05013
670439 0.05032
670451 0.05033
670499 0.05034
670535 0.05032
670547 0.05014
670595 0.04977
670631 0.05036
670643 0.05036
670655 0.05034
670679 0.05006
670703 0.05037
670715 0.05035
670751 0.04939
670775 0.05036
670799 0.04928
670835 0.0501
670847 0.05004
670871 0.0504
670883 0.05038
670895 0.05009
670907 0.05003
670967 0.05023
670979 0.05023
671015 0.05024
671027 0.05041
671051 0.05044
671075 0.05025
671099 0.04953
671147 0.04999
671183 0.04954
671195 0.05046
671207 0.05027
671231 0.05047
671243 0.05045
671255 0.05003
671267 0.05045
671279 0.05029
671291 0.05048
671327 0.05002
671351 0.04931
671363 0.05047
671375 0.0505
671387 0.05031
671399 0.0505
671423 0.05051
671447 0.05049
671459 0.04959
671495 0.0505
671507 0.04994
671531 0.05033
671543 0.04994
671555 0.05049
671579 0.04993
671615 0.05048
671639 0.04983
671663 0.05048
671675 0.04983
671711 0.0495
671723 0.05049
671735 0.05049
671747 0.05037
671759 0.0499
671771 0.05038
671783 0.04999
671807 0.05048
671819 0.05045
671867 0.0504
671891 0.05046
671915 0.04994
671927 0.04909
671951 0.05045
671963 0.05043
671975 0.05043
672023 0.05044
672047 0.05044
672071 0.05043
672083 0.04991
672155 0.05006
672179 0.04953
672191 0.05045
672203 0.05042
672263 0.0496
672275 0.04994
672287 0.0504
672299 0.04982
672335 0.05009
672383 0.05039
672407 0.0498
672431 0.05036
672455 0.0505
672479 0.04978
672491 0.05037
672503 0.05037
672539 0.0505
672563 0.05013
672575 0.05036
672599 0.05
672611 0.05035
672635 0.05033
672647 0.04983
672671 0.05033
672707 0.05048
672719 0.05048
672731 0.04941
672755 0.05033
672791 0.05047
672815 0.05032
672839 0.04985
672851 0.0503
672875 0.05019
672887 0.05045
672899 0.05045
672911 0.05029
672947 0.0502
672995 0.05043
673031 0.05008
673055 0.05029
673067 0.04977
673079 0.05042
673103 0.05026
673115 0.05042
673127 0.05023
673139 0.04971
673163 0.04991
673175 0.05027
673187 0.04984
673211 0.0504
673235 0.05024
673259 0.05039
673283 0.05025
673295 0.04973
673307 0.05027
673331 0.05023
673343 0.05025
673367 0.05028
673379 0.05022
673463 0.05016
673475 0.05036
673511 0.05022
673559 0.05035
673571 0.05032
673583 0.05021
673595 0.04984
673607 0.04992
673679 0.05033
673691 0.05017
673703 0.05034
673739 0.04982
673775 0.05022
673799 0.05016
673823 0.05023
673835 0.05017
673847 0.05031
673859 0.05015
673895 0.05038
673931 0.05016
673955 0.05029
674003 0.05015
674015 0.05028
674027 0.04999
674039 0.05027
674063 0.05041
674075 0.05041
674087 0.05027
674111 0.05028
674135 0.05028
674147 0.05042
674171 0.05043
674207 0.05012
674219 0.05025
674279 0.05031
674291 0.05045
674315 0.05012
674327 0.0497
674351 0.05005
674375 0.05033
674387 0.05047
674399 0.05022
674411 0.05014
674447 0.04979
674459 0.05022
674507 0.05021
674519 0.05005
674531 0.05009
674555 0.05036
674567 0.05006
674591 0.05037
674627 0.0501
674651 0.05051
674675 0.0505
674723 0.0505
674783 0.04973
674795 0.05049
674819 0.04962
674855 0.05048
674891 0.05022
674915 0.04999
674939 0.05016
674975 0.05024
675011 0.05044
675023 0.05045
675047 0.05013
675059 0.05045
675107 0.05019
675119 0.05019
675143 0.05047
675155 0.05043
675167 0.05013
675275 0.05009
675287 0.05022
675323 0.05041
675335 0.0505
675371 0.05051
675383 0.04994
675395 0.05051
675431 0.0505
675443 0.05039
675455 0.05014
675467 0.05038
675491 0.05049
675503 0.05034
675515 0.05038
675527 0.05006
675563 0.05048
675575 0.05037
675599 0.05048
675635 0.05036
675647 0.05029
675659 0.05036
675683 0.05037
675695 0.05023
675707 0.04978
675719 0.0503
675731 0.05046
675767 0.05034
675779 0.05004
675791 0.05004
675803 0.05045
675815 0.05033
675875 0.05043
675911 0.04999
675935 0.05041
675947 0.05034
675971 0.05042
675983 0.05042
675995 0.05043
676019 0.05041
676079 0.05044
676091 0.05044
676115 0.0503
676127 0.0501
676139 0.05045
676151 0.05038
676163 0.05046
676175 0.05039
676187 0.05039
676199 0.05046
676223 0.05038
676235 0.05038
676247 0.0504
676271 0.05048
676283 0.04981
676307 0.05041
676319 0.05029
676331 0.05049
676367 0.05035
676379 0.05042
676439 0.05032
676451 0.05051
676475 0.05051
676487 0.05044
676499 0.05017
676535 0.0501
676547 0.05045
676559 0.0505
676571 0.05039
676607 0.05035
676619 0.05049
676631 0.0504
676643 0.05048
676655 0.05035
676667 0.05048
676715 0.05037
676739 0.05049
676775 0.0505
676787 0.05022
676799 0.0505
676811 0.05007
676847 0.05039
676895 0.05044
676991 0.05049
677027 0.05042
677039 0.05048
677051 0.05048
677063 0.05015
677075 0.05048
677087 0.05027
677099 0.05044
677123 0.05049
677183 0.0504
677195 0.0505
677207 0.0505
677219 0.05046
677255 0.05051
677267 0.05051
677279 0.05039
677327 0.0505
677351 0.05048
677363 0.05049
677375 0.05043
677411 0.05049
677435 0.0505
677483 0.0502
677495 0.05041
677507 0.05051
677519 0.05023
677567 0.0505
677591 0.05046
677615 0.05045
677675 0.05045
677711 0.05044
677723 0.05032
677735 0.05048
677759 0.05047
677771 0.05027
677807 0.05047
677819 0.05046
677831 0.05046
677843 0.0503
677867 0.05042
677879 0.05042
677903 0.0503
677915 0.05043
677939 0.05019
677951 0.05043
677963 0.0504
677975 0.05044
677987 0.05044
678059 0.05033
678071 0.05033
678083 0.05033
678095 0.05039
678107 0.05042
678131 0.05039
678143 0.05038
678155 0.05032
678215 0.05048
678239 0.05048
678263 0.05042
678275 0.05036
678287 0.05049
678311 0.0505
678323 0.05021
678359 0.05027
678419 0.05037
678431 0.05045
678443 0.05037
678455 0.0505
678467 0.05033
678503 0.05046
678515 0.05049
678527 0.05047
678539 0.05036
678575 0.05025
678587 0.05048
678623 0.05043
678683 0.05044
678695 0.05044
678707 0.0505
678743 0.05043
678755 0.05045
678791 0.05043
678803 0.05051
678827 0.05044
678839 0.05047
678863 0.0505
678875 0.05047
678947 0.05048
679043 0.05048
679055 0.0504
679079 0.05035
679103 0.05049
679115 0.0505
679139 0.0504
679151 0.0505
679163 0.05037
679175 0.05045
679199 0.05049
679211 0.05042
679235 0.05044
679247 0.05038
679259 0.05008
679271 0.0505
679283 0.05048
679331 0.05037
679343 0.05049
679355 0.05049
679379 0.05041
679391 0.05046
679415 0.05048
679439 0.05035
679475 0.05047
679499 0.05012
679535 0.05048
679547 0.05046
679559 0.05032
679571 0.05033
679583 0.05045
679595 0.05045
679619 0.0505
679631 0.0505
679655 0.05042
679667 0.05044
679679 0.05051
679727 0.0505
679739 0.0505
679763 0.05048
679775 0.05048
679787 0.05042
679799 0.0504
679811 0.05049
679835 0.05029
679847 0.05049
679871 0.0505
679931 0.05047
679955 0.05051
679979 0.05038
679991 0.0505
680015 0.05037
680051 0.05046
680063 0.05038
680075 0.05049
680087 0.05038
680111 0.05049
680147 0.04925
680171 0.05024
680195 0.05047
680231 0.05044
680243 0.05045
680255 0.05026
680267 0.05035
680279 0.05046
680303 0.05046
680315 0.05046
680339 0.05022
680351 0.05046
680363 0.05047
680375 0.05032
680423 0.05037
680447 0.0504
680459 0.05043
680519 0.05019
680543 0.05042
680579 0.05029
680591 0.05041
680603 0.05001
680615 0.05032
680627 0.05041
680639 0.0505
680675 0.05042
680699 0.0504
680711 0.05036
680723 0.05029
680735 0.05035
680771 0.04993
680795 0.05048
680807 0.05044
680819 0.05048
680855 0.05047
680867 0.05046
680915 0.05033
680939 0.05038
680951 0.05047
680975 0.05048
681023 0.05035
681059 0.05044
681095 0.04998
681119 0.05021
681131 0.0505
681143 0.05051
681155 0.05022
681191 0.05033
681203 0.0505
681215 0.0505
681227 0.05009
681239 0.05044
681275 0.0502
681287 0.05027
681299 0.05027
681323 0.05018
681335 0.0503
681347 0.05019
681359 0.0503
681383 0.05039
681395 0.05046
681431 0.05047
681443 0.05029
681455 0.05025
681467 0.05048
681491 0.05038
681503 0.05024
681527 0.05049
681551 0.05045
681575 0.05037
681587 0.05004
681599 0.05027
681659 0.05022
681671 0.05027
681695 0.05043
681707 0.05043
681743 0.05034
681767 0.05013
681803 0.05042
681815 0.05049
681827 0.05048
681851 0.04987
681875 0.05041
681911 0.05011
681923 0.05031
681935 0.0497
681947 0.05018
681959 0.05046
682007 0.05039
682019 0.04984
682031 0.05038
682055 0.05038
682067 0.05045
682103 0.05037
682115 0.05037
682127 0.05044
682139 0.05044
682175 0.05036
682199 0.05018
682211 0.05037
682223 0.05037
682271 0.05042
682283 0.04977
682295 0.05041
682319 0.05041
682367 0.0504
682379 0.0504
682391 0.05033
682403 0.05015
682475 0.05039
682487 0.05031
682499 0.05038
682523 0.04758
682571 0.05043
682619 0.04976
682631 0.05036
682667 0.05007
682691 0.05036
682703 0.05046
682715 0.05046
682787 0.04998
682799 0.05019
682823 0.05018
682835 0.05018
682847 0.05026
682859 0.04972
682883 0.05049
682895 0.05049
682907 0.0499
682919 0.05003
682931 0.05017
682955 0.04996
682979 0.04993
682991 0.05024
683027 0.05031
683051 0.05001
683063 0.0505
683075 0.0503
683099 0.05014
683111 0.05049
683135 0.05029
683147 0.05029
683171 0.05013
683195 0.05003
683207 0.04986
683219 0.05048
683243 0.05047
683267 0.04985
683279 0.05047
683315 0.04997
683327 0.04978
683339 0.05026
683363 0.05001
683375 0.05045
683387 0.05025
683495 0.05044
683519 0.04986
683531 0.04979
683615 0.05022
683627 0.04993
683639 0.04993
683663 0.05006
683675 0.05021
683723 0.05005
683735 0.05013
683771 0.0504
683795 0.04983
683855 0.05038
683879 0.05038
683891 0.05038
683903 0.05038
683915 0.05002
683951 0.04986
683963 0.0501
683975 0.0501
683987 0.04952
683999 0.05036
684011 0.05001
684023 0.04732
684035 0.05009
684047 0.04988
684059 0.05
684071 0.05015
684083 0.05035
684095 0.04945
684107 0.04972
684131 0.05034
684143 0.05034
684155 0.05034
684167 0.05007
684179 0.04991
684215 0.05006
684227 0.05013
684251 0.05033
684263 0.04948
684275 0.05005
684299 0.05012
684335 0.04986
684359 0.05031
684371 0.05004
684455 0.0503
684467 0.04967
684479 0.05009
684491 0.05029
684515 0.0498
684539 0.05008
684551 0.05028
684611 0.04998
684623 0.05027
684695 0.04991
684707 0.05006
684719 0.05006
684743 0.05025
684779 0.0498
684827 0.05004
684839 0.04989
684875 0.05023
684899 0.05003
684911 0.04967
684947 0.04974
684959 0.04988
684971 0.05022
685007 0.05002
685043 0.05021
685055 0.05006
685079 0.04985
685091 0.04975
685127 0.05
685139 0.05019
685163 0.04992
685175 0.05019
685223 0.05018
685235 0.05018
685259 0.04998
685283 0.05017
685295 0.0499
685307 0.05011
685331 0.05017
685343 0.04981
685355 0.04961
685379 0.05016
685391 0.05012
685403 0.0496
685415 0.04996
685439 0.0498
685463 0.05015
685475 0.04979
685487 0.04966
685523 0.04979
685535 0.05015
685559 0.05015
685607 0.05016
685619 0.05017
685667 0.04963
685691 0.04992
685703 0.05002
685751 0.05011
685763 0.0501
685775 0.05019
685787 0.04983
685799 0.04965
685823 0.049
685835 0.0499
685847 0.04947
685883 0.05009
685895 0.05022
685919 0.04988
685931 0.05022
685943 0.04886
685979 0.05023
686015 0.05007
686075 0.04971
686111 0.05009
686123 0.05009
686135 0.05005
686159 0.05005
686171 0.05004
686183 0.04942
686207 0.04977
686219 0.05011
686231 0.04977
686243 0.05011
686279 0.05012
686291 0.04954
686315 0.05029
686327 0.04982
686351 0.0503
686375 0.0503
686387 0.0503
686435 0.05015
686447 0.04945
686459 0.05
686471 0.0498
686483 0.05016
686495 0.05032
686507 0.0498
686531 0.04943
686543 0.04972
686591 0.04972
686615 0.05035
686627 0.05035
686651 0.05035
686675 0.0494
686699 0.04977
686711 0.0497
686735 0.04976
686747 0.05037
686759 0.04996
686771 0.05021
686783 0.0494
686807 0.05038
686831 0.04968
686867 0.04946
686927 0.0495
686939 0.04958
686951 0.05041
686975 0.04973
686987 0.05041
686999 0.05025
687011 0.04965
687035 0.04972
687047 0.05042
687071 0.04991
687095 0.04971
687119 0.05044
687143 0.05028
687155 0.05028
687251 0.05029
687263 0.04933
687287 0.0491
687335 0.04968
687347 0.04932
687371 0.05048
687407 0.04959
687419 0.05033
687515 0.04965
687527 0.04961
687539 0.05051
687563 0.04984
687575 0.04929
687587 0.04936
687599 0.04984
687611 0.04949
687635 0.05049
687659 0.04948
687671 0.05049
687695 0.04982
687719 0.05048
687731 0.05048
687755 0.04946
687815 0.0504
687851 0.04925
687875 0.05046
687887 0.04921
687899 0.04827
687911 0.04959
687959 0.05045
687983 0.05043
687995 0.0497
688043 0.05044
688055 0.04929
688091 0.05043
688103 0.04919
688127 0.04972
688151 0.04972
688163 0.0492
688175 0.05046
688199 0.04931
688235 0.05047
688259 0.0504
688271 0.04974
688307 0.04947
688319 0.04975
688331 0.05049
688343 0.04946
688355 0.04946
688367 0.05039
688415 0.04947
688427 0.04945
688439 0.04952
688463 0.05051
688487 0.04944
688499 0.05037
688523 0.04926
688547 0.05036
688559 0.04935
688595 0.05049
688607 0.04949
688643 0.05048
688655 0.05035
688667 0.05034
688691 0.04982
688703 0.04968
688727 0.04952
688739 0.05047
688751 0.05047
688775 0.04932
688811 0.04938
688835 0.05032
688847 0.04946
688859 0.04921
688883 0.05045
688895 0.05031
688919 0.04945
688931 0.05031
688967 0.0494
688991 0.04913
689051 0.05042
689075 0.05028
689099 0.05028
689123 0.04915
689147 0.05027
689159 0.05041
689195 0.04941
689207 0.04961
689255 0.05026
689303 0.05038
689315 0.04963
689339 0.05038
689351 0.04958
689363 0.04958
689387 0.04994
689423 0.04931
689435 0.05037
689447 0.04996
689471 0.04966
689483 0.0493
689507 0.04997
689519 0.04936
689531 0.04929
689543 0.04929
689579 0.05034
689591 0.04968
689615 0.04999
689627 0.04968
689639 0.04906
689651 0.05033
689675 0.05
689687 0.0497
689747 0.05019
689759 0.05032
689783 0.04927
689795 0.05031
689819 0.05018
689843 0.05031
689855 0.04925
689939 0.05016
689975 0.05015
689999 0.05028
690023 0.04949
690071 0.05027
690083 0.04977
690095 0.05014
690107 0.04928
690155 0.05026
690167 0.04927
690203 0.04946
690215 0.05025
690239 0.05025
690251 0.05025
690263 0.04945
690275 0.05011
690287 0.04918
690299 0.05011
690311 0.05024
690335 0.0501
690359 0.04944
690383 0.05023
690431 0.05022
690443 0.05022
690455 0.04942
690515 0.05007
690527 0.04922
690539 0.05015
690551 0.0502
690563 0.0502
690575 0.05007
690587 0.05016
690599 0.0502
690623 0.04942
690635 0.05017
690647 0.04987
690671 0.05005
690731 0.05004
690743 0.04988
690755 0.05004
690767 0.04912
690779 0.05017
690791 0.0502
690803 0.04945
690827 0.0502
690851 0.05021
690899 0.05022
690959 0.04948
690971 0.0491
690983 0.0491
690995 0.05023
691007 0.05024
691031 0.05
691055 0.04978
691067 0.04994
691091 0.04879
691115 0.05012
691127 0.05026
691139 0.05026
691163 0.04996
691175 0.05011
691187 0.04998
691211 0.04904
691247 0.04981
691271 0.05028
691295 0.0493
691307 0.05029
691319 0.04982
691331 0.04999
691355 0.0493
691379 0.04956
691403 0.04894
691427 0.05031
691475 0.05002
691487 0.0488
691511 0.05006
691535 0.05006
691547 0.04848
691619 0.04838
691655 0.05035
691667 0.04989
691679 0.04991
691703 0.05004
691715 0.05036
691751 0.04962
691775 0.04989
691811 0.04989
691823 0.04925
691835 0.05038
691847 0.04988
691895 0.04873
691955 0.0501
691967 0.04918
692027 0.05042
692039 0.04999
692075 0.05012
692087 0.04985
692123 0.04892
692159 0.05044
692171 0.05014
692183 0.04997
692195 0.05014
692207 0.05015
692231 0.04999
692243 0.05015
692267 0.04999
692291 0.05
692315 0.04995
692339 0.05001
692351 0.05017
692375 0.05001
692435 0.05002
692447 0.05003
692483 0.04914
692495 0.0505
692507 0.0505
692519 0.04979
692579 0.05051
692603 0.04978
692615 0.04977
692639 0.0505
692675 0.05007
692687 0.05049
692699 0.05049
692723 0.0491
692747 0.05048
692759 0.04975
692783 0.04981
692819 0.05047
692831 0.05009
692843 0.05026
692891 0.04983
692915 0.04973
692975 0.05045
692999 0.05012
693023 0.04985
693035 0.05044
693047 0.04971
693071 0.04984
693083 0.04849
693095 0.05043
693131 0.05015
693143 0.04904
693155 0.05015
693191 0.05032
693203 0.04988
693215 0.04982
693227 0.0494
693263 0.05033
693275 0.0504
693299 0.05018
693311 0.0499
693335 0.0504
693383 0.04953
693407 0.05036
693419 0.04979
693455 0.05021
693479 0.04901
693491 0.05037
693515 0.05038
693539 0.05022
693563 0.04995
693575 0.05039
693587 0.05039
693599 0.05023
693611 0.04996
693647 0.04859
693671 0.05041
693707 0.05034
693719 0.04997
693755 0.05042
693767 0.05033
693791 0.05043
693839 0.04907
693875 0.04908
693887 0.05045
693899 0.05001
693911 0.05045
693935 0.05029
693971 0.05046
693983 0.04964
694007 0.0503
694031 0.05047
694055 0.04955
694103 0.0483
694115 0.04969
694127 0.05033
694139 0.05033
694151 0.04856
694163 0.05005
694175 0.05033
694187 0.05034
694199 0.0487
694235 0.05026
694247 0.05035
694283 0.04829
694295 0.05036
694307 0.0505
694355 0.05009
694379 0.04887
694403 0.0501
694439 0.05024
694451 0.05048
694463 0.05011
694475 0.05039
694499 0.05023
694547 0.04858
694583 0.04962
694595 0.05021
694607 0.05021
694643 0.05045
694655 0.04864
694667 0.0502
694679 0.04961
694691 0.0502
694715 0.05043
694727 0.05044
694751 0.05019
694775 0.05044
694787 0.04856
694811 0.05045
694823 0.04968
694847 0.05042
694859 0.04958
694883 0.05042
694895 0.05042
694907 0.0484
694931 0.05047
694955 0.05047
694967 0.04882
694991 0.0502
695015 0.04956
695027 0.0504
695039 0.05021
695051 0.05021
695063 0.05039
695075 0.04973
695123 0.05038
695135 0.05013
695159 0.05023
695231 0.0505
695255 0.05025
695267 0.05036
695279 0.05025
695291 0.05011
695303 0.04876
695315 0.04933
695339 0.05026
695363 0.04988
695375 0.05035
695387 0.05048
695399 0.05048
695423 0.04989
695435 0.05047
695459 0.05009
695471 0.05033
695483 0.04949
695495 0.04857
695507 0.05033
695519 0.05008
695531 0.05046
695543 0.05032
695555 0.05032
695579 0.05031
695675 0.05044
695711 0.05005
695735 0.05043
695747 0.05005
695783 0.05029
695819 0.05035
695831 0.04996
695855 0.05028
695891 0.04944
695903 0.04944
695915 0.04998
695987 0.05026
696011 0.05039
696023 0.0486
696035 0.05038
696059 0.05038
696071 0.05039
696095 0.0504
696131 0.05037
696143 0.05002
696155 0.05002
696167 0.04999
696179 0.04949
696191 0.05036
696203 0.05023
696227 0.05022
696251 0.05042
696275 0.04905
696287 0.05035
696299 0.05043
696347 0.04924
696371 0.04996
696383 0.04996
696395 0.05045
696419 0.04953
696431 0.05046
696467 0.05032
696527 0.04993
696539 0.05048
696551 0.05018
696563 0.04999
696575 0.05031
696587 0.04993
696599 0.05049
696635 0.05049
696647 0.05016
696671 0.05001
696731 0.05028
696767 0.05028
696779 0.05013
696791 0.05027
696803 0.0505
696815 0.05027
696839 0.05049
696875 0.05049
696911 0.05048
696923 0.05048
696959 0.05025
696995 0.05047
697007 0.04987
697031 0.04986
697043 0.05011
697055 0.05046
697091 0.05009
697103 0.0501
697139 0.04921
697151 0.05045
697175 0.04891
697199 0.05022
697223 0.05044
697235 0.05021
697247 0.05021
697283 0.04968
697319 0.04924
697331 0.05042
697355 0.05042
697403 0.04884
697463 0.05025
697475 0.04914
697535 0.04979
697559 0.05016
697571 0.05039
697595 0.05039
697607 0.05018
697619 0.04929
697679 0.05037
697715 0.04976
697739 0.0503
697751 0.04977
697763 0.05036
697775 0.05036
697811 0.05035
697835 0.05032
697847 0.04839
697859 0.04974
697871 0.04999
697895 0.04902
697907 0.05023
697919 0.05034
697931 0.0498
697943 0.05034
698015 0.05032
698027 0.0501
698075 0.05036
698123 0.05037
698147 0.05027
698159 0.05008
698195 0.05038
698219 0.04985
698243 0.04928
698255 0.05039
698267 0.04969
698279 0.05006
698303 0.04881
698351 0.05041
698363 0.04909
698375 0.05005
698399 0.04967
698435 0.05033
698495 0.05003
698519 0.0499
698555 0.05045
698603 0.05024
698615 0.04992
698627 0.04947
698639 0.05046
698651 0.04988
698675 0.05023
698687 0.04917
698699 0.05047
698711 0.05
698759 0.04949
698771 0.05049
698783 0.05049
698807 0.04961
698819 0.04938
698843 0.0504
698879 0.0505
698915 0.05019
698927 0.04952
698963 0.0505
698987 0.04958
698999 0.05018
699011 0.0505
699023 0.05049
699035 0.05018
699047 0.04982
699071 0.04995
699083 0.05049
699095 0.05044
699107 0.05044
699131 0.05001
699143 0.05045
699203 0.05015
699215 0.05047
699239 0.05015
699263 0.05046
699275 0.05047
699311 0.05045
699335 0.05048
699359 0.05013
699395 0.0505
699407 0.0499
699419 0.05012
699467 0.04931
699491 0.05051
699515 0.05008
699551 0.04988
699563 0.0505
699575 0.0505
699587 0.05049
699623 0.05049
699635 0.04965
699659 0.04935
699671 0.0504
699743 0.04972
699755 0.05012
699815 0.05007
699839 0.05006
699851 0.05014
699875 0.05037
699887 0.04983
699899 0.05037
699911 0.04928
699959 0.05005
699971 0.04971
699983 0.05044
700007 0.04981
700019 0.05004
700031 0.05035
700055 0.05035
700091 0.05034
700151 0.04966
700175 0.04966
700187 0.05041
700247 0.04978
700259 0.05
700271 0.05
700295 0.05031
700379 0.05023
700415 0.04998
700439 0.05029
700475 0.05025
700487 0.04945
700511 0.05036
700535 0.05036
700547 0.05036
700559 0.05027
700595 0.04995
700607 0.05035
700619 0.05026
700631 0.04995
700655 0.05034
700679 0.04972
700727 0.04984
700739 0.05025
700775 0.05024
700787 0.04985
700823 0.05032
700895 0.05032
700931 0.05033
700967 0.04955
700979 0.05034
701003 0.04954
701015 0.05021
701027 0.04967
701063 0.04953
701087 0.05028
701099 0.04991
701111 0.04988
701123 0.0484
701195 0.04992
701231 0.0497
701243 0.05017
701255 0.04986
701267 0.04994
701303 0.05039
701327 0.05024
701339 0.04899
701375 0.04984
701387 0.04962
701411 0.04984
701435 0.04948
701459 0.05014
701483 0.05043
701495 0.04903
701519 0.04998
701543 0.05013
701555 0.05044
701567 0.04959
701615 0.05012
701663 0.04959
701675 0.05019
701687 0.0497
701735 0.05047
701747 0.04971
701759 0.04979
701771 0.05048
701795 0.05048
701807 0.04969
701843 0.04962
701855 0.05017
701867 0.05004
701879 0.0505
701891 0.05008
701915 0.0505
701927 0.05016
701939 0.05008
701975 0.05051
701987 0.04983
701999 0.05007
702023 0.0505
702047 0.05014
702059 0.05007
702071 0.05008
702107 0.05013
702119 0.05049
702155 0.05004
702167 0.04986
702227 0.0498
702263 0.05011
702275 0.05011
702299 0.05046
702335 0.0501
702359 0.05013
702371 0.05013
702395 0.05013
702419 0.05044
702455 0.05044
702467 0.05015
702479 0.04984
702491 0.05003
702515 0.04993
702563 0.05007
702575 0.04998
702611 0.05006
702647 0.04995
702659 0.05006
702695 0.0504
702719 0.0504
702779 0.05008
702791 0.05008
702839 0.05038
702863 0.04839
702875 0.04994
702899 0.05038
702923 0.05037
702947 0.04989
702959 0.05037
702971 0.05024
702995 0.05024
703019 0.04994
703031 0.05002
703067 0.05002
703091 0.05013
703103 0.05014
703115 0.05003
703151 0.05034
703163 0.05034
703175 0.04997
703187 0.05027
703199 0.04993
703259 0.04994
703271 0.05006
703307 0.04999
703319 0.0503
703343 0.04988
703355 0.05018
703367 0.05
703391 0.05031
703427 0.05009
703475 0.05029
703487 0.0501
703511 0.05029
703523 0.04993
703535 0.05033
703547 0.04999
703571 0.05028
703583 0.05028
703595 0.05022
703607 0.05035
703667 0.05036
703703 0.05026
703715 0.05037
703727 0.05006
703739 0.04982
703751 0.05025
703775 0.05025
703787 0.05003
703799 0.05004
703811 0.04958
703835 0.05039
703847 0.05016
703859 0.05039
703871 0.05039
703919 0.05028
703955 0.05022
703979 0.05022
704015 0.0503
704039 0.0503
704063 0.05001
704075 0.05009
704099 0.05031
704123 0.0502
704147 0.05014
704207 0.05011
704231 0.05046
704255 0.05046
704267 0.05012
704327 0.05024
704339 0.05048
704351 0.05025
704375 0.05048
704411 0.05018
704423 0.05016
704435 0.05026
704459 0.0505
704483 0.05015
704495 0.05038
704519 0.05039
704555 0.05051
704591 0.05029
704615 0.0504
704627 0.05022
704639 0.0505
704651 0.04977
704675 0.05023
704699 0.05042
704723 0.05042
704735 0.0502
704759 0.05043
704795 0.05025
704831 0.05047
704855 0.05034
704879 0.04977
704903 0.05016
704927 0.05045
704951 0.05046
704963 0.05046
704975 0.05036
704987 0.05045
705023 0.05047
705035 0.05044
705047 0.05044
705059 0.05037
705071 0.0503
705095 0.05049
705107 0.05001
705155 0.05021
705179 0.05042
705203 0.04967
705215 0.05051
705227 0.05003
705251 0.05051
705275 0.0505
705287 0.05041
705311 0.0505
705323 0.0497
705359 0.05043
705371 0.05049
705419 0.05048
705431 0.05048
705443 0.05001
705455 0.05033
705467 0.04953
705479 0.05047
705503 0.05047
705515 0.05038
705527 0.05038
705539 0.05038
705551 0.05046
705563 0.05046
705575 0.04999
705587 0.05047
705599 0.05039
705611 0.05047
705623 0.04925
705635 0.05045
705647 0.05048
705659 0.05036
705671 0.0504
705695 0.04998
705719 0.05049
705743 0.04978
705755 0.05049
705767 0.0505
705791 0.05043
705815 0.05051
705839 0.05051
705851 0.05044
705875 0.05033
705887 0.0505
705911 0.05041
705923 0.05041
705935 0.05041
705947 0.05045
705983 0.04994
706007 0.05046
706031 0.05017
706091 0.05047
706103 0.04992
706127 0.05048
706139 0.05049
706175 0.05045
706187 0.05039
706211 0.0505
706235 0.05027
706247 0.05047
706259 0.05047
706295 0.05041
706307 0.05051
706319 0.05026
706331 0.0505
706343 0.05041
706355 0.0505
706367 0.0505
706379 0.05003
706475 0.05051
706571 0.05032
706583 0.04992
706619 0.05049
706643 0.05047
706655 0.05031
706667 0.05049
706691 0.05048
706715 0.0502
706727 0.05029
706739 0.04994
706775 0.05044
706799 0.05044
706811 0.05037
706835 0.0505
706859 0.05043
706871 0.04981
706895 0.05045
706931 0.05042
706955 0.05035
706967 0.0505
706979 0.05044
706991 0.05035
707039 0.0504
707051 0.05043
707075 0.05035
707087 0.05016
707135 0.05047
707171 0.05041
707183 0.05047
707207 0.05003
707231 0.05037
707255 0.0504
707267 0.05046
707291 0.0504
707303 0.05039
707315 0.05039
707339 0.05004
707351 0.05039
707363 0.05021
707375 0.05044
707399 0.05038
707411 0.05021
707423 0.0493
707471 0.05043
707507 0.05042
707519 0.05036
707531 0.05042
707579 0.05026
707591 0.05032
707603 0.05044
707615 0.05041
707651 0.05025
707675 0.05031
707687 0.05031
707699 0.05026
707735 0.05047
707771 0.05038
707783 0.05048
707795 0.05048
707843 0.05037
707855 0.05029
707867 0.05049
707879 0.05031
707891 0.0503
707903 0.05015
707915 0.05031
707927 0.05036
707963 0.05036
707975 0.05051
708035 0.05011
708059 0.05033
708071 0.0505
708083 0.0505
708107 0.05049
708143 0.0502
708155 0.05033
708167 0.05048
708215 0.05048
708227 0.05036
708239 0.05017
708275 0.05031
708299 0.05025
708383 0.0503
708419 0.05039
708431 0.05023
708443 0.05044
708455 0.04959
708467 0.05006
708491 0.0504
708503 0.04958
708515 0.05028
708551 0.05027
708575 0.05026
708587 0.05008
708611 0.05042
708623 0.05042
708635 0.05017
708659 0.04992
708671 0.0502
708695 0.05044
708707 0.05044
708719 0.0501
708731 0.05044
708743 0.05001
708755 0.05045
708767 0.05016
708779 0.05011
708827 0.05046
708851 0.05014
708863 0.05032
708875 0.05038
708887 0.05038
708935 0.05016
709031 0.05015
709067 0.0505
709079 0.05014
709091 0.05035
709103 0.05035
709115 0.05035
709127 0.04986
709163 0.05037
709175 0.04949
709187 0.0505
709199 0.05037
709235 0.05049
709247 0.05049
709259 0.05038
709295 0.0504
709367 0.0501
709391 0.05001
709415 0.05047
709427 0.0503
709439 0.05023
709463 0.05041
709487 0.0503
709499 0.05046
709511 0.05045
709523 0.05044
709559 0.05007
709571 0.05043
709595 0.04945
709631 0.05044
709667 0.05006
709715 0.05042
709727 0.05005
709751 0.05046
709763 0.04991
709775 0.05048
709787 0.05041
709811 0.05049
709835 0.05049
709883 0.05048
709895 0.05024
709907 0.0505
709931 0.05039
709943 0.05008
709979 0.04998
710015 0.05051
710039 0.05038
710063 0.05049
710087 0.05049
710111 0.0505
710123 0.0505
710135 0.05049
710147 0.05035
710159 0.04966
710171 0.05048
710183 0.0502
710231 0.05047
710243 0.05048
710255 0.05019
710267 0.05037
710279 0.05047
710291 0.05047
710303 0.05046
710315 0.05038
710363 0.05002
710375 0.05045
710387 0.05045
710435 0.05045
710471 0.05032
710567 0.05042
710579 0.05042
710639 0.04983
710651 0.05041
710675 0.05042
710687 0.05044
710711 0.05045
710723 0.04965
710735 0.04924
710783 0.05039
710807 0.05027
710819 0.05047
710855 0.05047
710879 0.05039
710891 0.05038
710939 0.05038
710975 0.05038
710999 0.0505
711035 0.0505
711047 0.05013
711059 0.05036
711083 0.05014
711095 0.05014
711107 0.05023
711119 0.0505
711167 0.0505
711191 0.05049
711215 0.05034
711227 0.05005
711239 0.04975
711251 0.05048
711275 0.05048
711311 0.05033
711323 0.05018
711335 0.05031
711347 0.04979
711359 0.04964
711383 0.05032
711395 0.04987
711407 0.05046
711419 0.04978
711431 0.05002
711443 0.0502
711455 0.05046
711503 0.0503
711515 0.05045
711527 0.04882
711551 0.05044
711575 0.05028
711587 0.04976
711599 0.05044
711611 0.05043
711647 0.05027
711659 0.04978
711695 0.05027
711719 0.04974
711743 0.04998
711755 0.05026
711779 0.05041
711791 0.05041
711803 0.04958
711815 0.04997
711827 0.05024
711863 0.05028
711875 0.05028
711911 0.05023
711935 0.05023
711995 0.0503
712019 0.04999
712031 0.05031
712043 0.05031
712055 0.05009
712091 0.05037
712103 0.05032
712115 0.05021
712139 0.05036
712151 0.05021
712163 0.04976
712175 0.05033
712223 0.05019
712235 0.04991
712259 0.05034
712271 0.05034
712283 0.0499
712295 0.05035
712307 0.05035
712355 0.05018
712379 0.05018
712391 0.05018
712415 0.05032
712439 0.05017
712451 0.05038
712463 0.05015
712535 0.0503
712547 0.05002
712583 0.0504
712595 0.05013
712619 0.05029
712643 0.05014
712655 0.05001
712667 0.05042
712679 0.0501
712691 0.05042
712703 0.04892
712727 0.05043
712751 0.05027
712775 0.05043
712787 0.05044
712799 0.04935
712811 0.05044
712871 0.05026
712919 0.04957
712979 0.05015
712991 0.04996
713003 0.05016
713015 0.05024
713027 0.0498
713075 0.05007
713087 0.05023
713123 0.05007
713135 0.0505
713195 0.05019
713207 0.05021
713219 0.05021
713231 0.05008
713291 0.04992
713315 0.0505
713327 0.04969
713375 0.05049
713387 0.05018
713423 0.05048
713435 0.05048
713459 0.05024
713471 0.05017
713483 0.05002
713507 0.05001
713519 0.05016
713531 0.05016
713543 0.05014
713567 0.04957
713579 0.05014
713591 0.05046
713603 0.05001
713615 0.04974
713639 0.05027
713675 0.05027
713687 0.04971
713723 0.04955
713735 0.05044
713759 0.04977
713783 0.05029
713819 0.0503
713867 0.05042
713879 0.04984
713915 0.04995
713951 0.05021
713963 0.05032
713975 0.05033
713999 0.05022
714011 0.04994
714023 0.0504
714035 0.05022
714047 0.05039
714059 0.05023
714071 0.05034
714095 0.05023
714119 0.05008
714155 0.05024
714167 0.04984
714179 0.05025
714203 0.04958
714215 0.04979
714239 0.04985
714251 0.04963
714263 0.05038
714275 0.05038
714287 0.05036
714299 0.04986
714311 0.05035
714347 0.04732
714359 0.05005
714371 0.05039
714383 0.0504
714395 0.05034
714407 0.04976
714419 0.04989
714431 0.0504
714491 0.04988
714527 0.0499
714575 0.05002
714599 0.05043
714611 0.04974
714623 0.05032
714635 0.05044
714647 0.05031
714671 0.04984
714683 0.05034
714743 0.05046
714755 0.04952
714767 0.04994
714791 0.05035
714863 0.04982
714875 0.05048
714899 0.04982
714923 0.04964
714935 0.05049
714959 0.05038
714983 0.04981
714995 0.05039
715007 0.04999
715055 0.05051
715067 0.04995
715079 0.0504
715091 0.05
715103 0.05041
715115 0.0505
715139 0.0505
715175 0.0495
715187 0.04934
715199 0.05049
715211 0.04993
715235 0.05043
715271 0.05048
715307 0.05021
715355 0.05021
715367 0.04991
715403 0.05046
715415 0.05046
715427 0.04973
715451 0.05045
715475 0.05047
715487 0.04989
715511 0.05048
715547 0.05018
715559 0.05049
715595 0.04976
715607 0.04976
715655 0.0505
715667 0.0497
715691 0.05016
715703 0.05042
715715 0.05042
715751 0.0505
715763 0.0505
715775 0.05015
715787 0.04956
715799 0.05012
715835 0.04986
715883 0.05039
715895 0.04987
715907 0.05013
715931 0.05048
715955 0.05038
715967 0.04982
716015 0.05046
716039 0.05037
716075 0.05046
716099 0.05045
716147 0.04985
716159 0.04991
716183 0.05044
716207 0.04953
716231 0.04979
716243 0.05043
716255 0.05034
716267 0.04951
716327 0.04965
716375 0.05022
716423 0.04933
716471 0.0504
716495 0.04997
716507 0.04991
716519 0.0496
716555 0.0503
716567 0.05025
716579 0.05029
716603 0.05038
716615 0.05038
716639 0.04985
716675 0.05037
716699 0.05028
716711 0.05028
716735 0.05001
716759 0.05027
716771 0.05036
716795 0.05029
716807 0.0503
716831 0.04974
716843 0.05003
716855 0.0503
716879 0.0497
716891 0.05025
716915 0.05034
716939 0.05033
716963 0.05005
716999 0.0498
717023 0.04969
717035 0.05001
717071 0.05022
717083 0.05031
717107 0.05035
717131 0.04996
717143 0.05031
717155 0.05009
717167 0.05003
717203 0.05021
717239 0.0501
717251 0.05029
717263 0.0501
717275 0.05029
717287 0.05038
717299 0.05019
717347 0.05006
717359 0.05039
717371 0.05039
717383 0.05018
717395 0.0504
717407 0.04992
717431 0.05027
717503 0.05026
717563 0.05025
717575 0.05043
717587 0.0501
717599 0.05001
717611 0.05043
717647 0.05011
717671 0.05017
717695 0.05045
717707 0.04958
717743 0.05022
717767 0.05046
717779 0.0499
717815 0.0502
717863 0.05015
717875 0.05011
717899 0.05048
717911 0.05049
717935 0.0502
717947 0.0496
717971 0.0505
717983 0.05017
717995 0.05019
718019 0.0505
718031 0.05018
718067 0.05051
718079 0.05008
718091 0.05025
718103 0.05019
718115 0.0505
718127 0.04982
718175 0.05026
718199 0.05049
718211 0.05049
718235 0.05048
718247 0.04988
718295 0.05013
718307 0.05047
718319 0.05014
718355 0.05047
718415 0.05046
718439 0.05046
718451 0.05025
718475 0.05045
718487 0.05002
718499 0.05012
718523 0.05026
718535 0.05026
718583 0.0501
718607 0.05004
718619 0.04931
718631 0.05034
718643 0.04931
718655 0.05019
718667 0.05029
718727 0.05041
718751 0.05041
718763 0.05036
718775 0.05041
718787 0.04975
718799 0.0504
718823 0.05037
718835 0.0504
718967 0.05034
718979 0.0504
718991 0.05014
719003 0.04995
719015 0.05035
719039 0.05037
719051 0.05037
719075 0.05042
719087 0.05013
719099 0.05042
719111 0.05027
719147 0.04981
719171 0.05043
719195 0.05015
719231 0.05034
719243 0.05045
719255 0.05039
719279 0.05045
719315 0.05033
719339 0.05046
719363 0.05041
719375 0.05018
719387 0.04985
719399 0.05032
719411 0.05047
719471 0.05042
719495 0.05043
719519 0.04919
719531 0.05044
719555 0.05035
719591 0.05051
719615 0.05051
719651 0.05037
719663 0.0505
719675 0.05026
719687 0.04931
719711 0.05028
719747 0.05014
719759 0.05038
719771 0.05049
719783 0.05048
719795 0.05027
719819 0.05048
719831 0.05049
719843 0.0491
719867 0.05026
719879 0.05025
719915 0.0505
719927 0.04885
719963 0.05051
719975 0.0502
719987 0.04956
719999 0.05046
720011 0.0505
720035 0.05029
720047 0.05019
720071 0.05045
720095 0.05049
720107 0.05049
720119 0.05045
720143 0.05045
720191 0.05048
720203 0.05046
720215 0.05032
720227 0.04999
720239 0.05032
720251 0.05047
720263 0.05047
720275 0.05042
720287 0.05047
720323 0.05001
720335 0.05024
720371 0.05045
720383 0.05049
720395 0.05049
720431 0.05039
720455 0.05044
720479 0.05051
720539 0.05041
720551 0.0505
720575 0.0505
720599 0.05039
720623 0.05006
720635 0.05049
720659 0.05049
720719 0.05014
720755 0.05047
720803 0.0498
720827 0.0501
720839 0.05046
720863 0.05038
720875 0.05046
720911 0.05047
720935 0.05047
720959 0.04978
720995 0.05048
721019 0.05049
721031 0.05049
721055 0.05043
721067 0.05036
721091 0.05047
721151 0.05042
721175 0.05041
721187 0.05038
721211 0.05049
721259 0.04964
721271 0.05042
721403 0.05031
721415 0.05047
721427 0.05042
721463 0.05045
721475 0.05045
721487 0.04936
721511 0.05048
721559 0.04969
721583 0.05045
721595 0.05048
721607 0.05047
721655 0.05024
721679 0.05046
721691 0.05034
721715 0.05047
721727 0.04918
721751 0.05033
721775 0.05051
721799 0.05051
721811 0.05044
721823 0.05042
721847 0.0505
721907 0.05028
721955 0.05051
722003 0.0505
722015 0.0505
722039 0.05041
722051 0.05038
722075 0.05047
722087 0.05031
722099 0.05029
722171 0.05033
722207 0.05047
722219 0.05038
722231 0.04993
722267 0.05046
722303 0.05044
722315 0.05037
722327 0.05018
722339 0.05037
722351 0.05037
722375 0.05045
722387 0.05036
722399 0.05024
722423 0.05033
722435 0.05037
722471 0.05042
722495 0.05032
722507 0.04892
722531 0.05023
722543 0.05042
722567 0.0504
722579 0.0504
722591 0.0504
722603 0.0504
722615 0.05041
722627 0.04995
722651 0.05041
722675 0.05041
722699 0.05038
722735 0.05042
722747 0.05012
722759 0.05028
722795 0.05039
722831 0.05027
722855 0.05038
722867 0.05045
722891 0.05038
722927 0.05046
722939 0.05035
722951 0.0495
722975 0.05047
722987 0.05047
722999 0.05034
723035 0.05034
723059 0.05015
723083 0.05015
723095 0.05049
723107 0.05035
723143 0.04985
723155 0.05014
723179 0.05005
723191 0.05033
723239 0.04979
723251 0.05031
723275 0.0505
723299 0.0503
723323 0.05032
723347 0.05023
723359 0.0502
723395 0.05049
723419 0.05019
723431 0.05048
723455 0.05021
723503 0.05047
723515 0.05047
723527 0.05011
723539 0.0502
723575 0.05046
723599 0.05008
723611 0.05046
723635 0.05012
723647 0.05045
723659 0.05025
723683 0.05027
723695 0.05025
723719 0.05024
723731 0.05044
723743 0.05024
723767 0.05025
723779 0.05023
723827 0.05043
723875 0.05024
723887 0.04935
723911 0.05042
723935 0.05012
723971 0.05021
723995 0.05002
724019 0.04981
724031 0.0502
724043 0.0504
724055 0.0502
724067 0.05013
724091 0.05039
724139 0.05021
724151 0.05021
724163 0.0502
724175 0.05018
724223 0.05017
724271 0.05037
724283 0.05007
724295 0.05018
724307 0.04991
724319 0.05016
724343 0.05006
724355 0.05006
724367 0.05035
724379 0.05008
724391 0.05025
724427 0.04989
724439 0.05026
724451 0.05034
724475 0.05007
724511 0.05033
724535 0.05033
724559 0.05028
724571 0.05032
724595 0.05032
724607 0.04837
724619 0.05003
724679 0.05011
724715 0.05012
724727 0.05031
724739 0.05031
724763 0.0503
724775 0.05013
724799 0.05032
724811 0.05013
724823 0.05029
724859 0.05033
724883 0.05028
724895 0.05034
724943 0.04998
724955 0.05035
724979 0.05035
725003 0.04988
725015 0.05026
725027 0.04955
725051 0.05008
725063 0.05018
725075 0.05037
725123 0.05025
725135 0.05006
725171 0.05039
725195 0.05039
725207 0.04997
725255 0.0504
725267 0.04959
725279 0.05003
725375 0.05042
725411 0.05005
725435 0.0502
725459 0.05024
725471 0.0502
725483 0.05025
725495 0.05025
725543 0.05019
725555 0.05045
725567 0.04983
725615 0.05018
725627 0.04991
725651 0.05047
725675 0.05009
725711 0.05017
725735 0.05048
725759 0.04996
725771 0.05016
725783 0.05011
725795 0.0503
725831 0.0505
725843 0.05015
725855 0.05015
725879 0.05031
725903 0.04954
725927 0.04996
725963 0.05014
725975 0.0505
725987 0.04995
726011 0.05049
726047 0.04994
726059 0.05049
726083 0.05016
726119 0.05017
726143 0.05011
726155 0.04993
726167 0.04993
726179 0.05037
726203 0.05018
726215 0.05037
726227 0.05046
726239 0.0498
726251 0.05009
726263 0.05019
726275 0.05038
726299 0.0502
726311 0.04988
726347 0.05045
726395 0.05022
726455 0.05041
726467 0.04999
726479 0.05043
726491 0.05042
726551 0.05042
726563 0.04988
726575 0.05043
726587 0.05041
726635 0.05044
726671 0.05026
726683 0.05045
726719 0.04965
726743 0.05003
726755 0.05046
726791 0.05002
726803 0.04964
726815 0.05038
726827 0.04985
726851 0.05048
726875 0.0503
726935 0.05037
726947 0.04882
727007 0.05036
727031 0.04999
727043 0.05051
727055 0.05051
727067 0.04971
727127 0.0501
727139 0.05034
727151 0.04998
727163 0.05001
727235 0.05036
727283 0.05037
727319 0.05031
727331 0.05031
727367 0.04995
727439 0.05045
727463 0.05045
727475 0.05007
727511 0.05044
727547 0.04973
727559 0.05044
727583 0.05043
727595 0.05043
727607 0.05027
727619 0.05006
727631 0.05043
727679 0.0501
727727 0.05026
727739 0.04951
727751 0.0502
727775 0.05045
727787 0.04962
727811 0.05046
727871 0.05047
727883 0.05023
727895 0.05014
727907 0.05023
727919 0.05039
727931 0.05039
727943 0.05038
727955 0.05038
727967 0.05024
727991 0.05024
728051 0.05025
728075 0.05026
728111 0.05051
728123 0.05051
728135 0.05018
728159 0.0505
728171 0.0502
728183 0.0505
728195 0.0505
728219 0.05035
728243 0.05029
728255 0.0502
728279 0.0502
728291 0.05017
728315 0.05033
728339 0.05033
728351 0.05033
728363 0.05031
728375 0.05018
728399 0.05047
728447 0.05032
728459 0.05046
728495 0.05033
728519 0.05045
728531 0.05045
728543 0.05045
728555 0.05045
728567 0.05034
728591 0.05035
728651 0.05027
728663 0.05036
728759 0.04955
728783 0.05042
728807 0.04979
728819 0.05041
728879 0.05031
728903 0.0504
728915 0.0504
728939 0.0504
728951 0.05041
728975 0.05041
728987 0.05041
728999 0.05029
729011 0.05029
729047 0.04983
729071 0.05038
729083 0.04953
729107 0.04984
729119 0.05035
729155 0.05009
729167 0.04924
729179 0.05021
729215 0.05026
729227 0.05026
729239 0.05037
729251 0.05046
729263 0.05037
729299 0.05035
729323 0.05047
729335 0.05047
729347 0.05047
729383 0.05039
729419 0.05033
729431 0.05049
729455 0.05033
729479 0.05041
729491 0.05017
729539 0.05042
729563 0.05031
729575 0.05051
729611 0.0505
729623 0.0505
729635 0.05043
729647 0.05033
729659 0.05044
729683 0.05044
729695 0.05029
729731 0.05049
729755 0.05042
729767 0.04996
729827 0.04931
729839 0.05043
729863 0.05047
729875 0.05048
729887 0.04998
729899 0.05048
729911 0.05048
729923 0.05046
729959 0.05039
729983 0.05046
729995 0.0505
730007 0.0494
730019 0.0505
730067 0.05001
730127 0.05043
730151 0.0505
730175 0.04955
730211 0.05049
730235 0.05043
730247 0.05043
730259 0.04926
730271 0.05051
730307 0.04909
730319 0.05048
730343 0.0504
730355 0.05045
730367 0.05046
730379 0.05047
730391 0.04975
730403 0.0505
730415 0.05046
730463 0.05032
730475 0.05046
730499 0.05048
730511 0.05018
730523 0.05038
730535 0.05048
730547 0.05049
730595 0.05047
730631 0.05043
730655 0.0505
730715 0.05051
730739 0.05036
730775 0.05041
730787 0.0505
730835 0.05049
730847 0.04983
730859 0.0504
730871 0.05049
730883 0.05033
730895 0.05048
730907 0.05015
730931 0.05042
730967 0.05047
730979 0.05047
730991 0.05041
731003 0.05011
731039 0.0498
731063 0.0504
731075 0.04987
731087 0.0503
731099 0.0504
731111 0.05045
731123 0.05043
731135 0.04994
731147 0.05045
731159 0.05043
731171 0.05036
731207 0.05044
731231 0.0502
731255 0.05045
731279 0.05043
731291 0.05046
731303 0.05027
731315 0.05046
731339 0.05046
731351 0.05022
731387 0.04975
731399 0.05047
731411 0.05006
731423 0.05005
731435 0.04938
731459 0.05032
731507 0.0504
731543 0.05026
731555 0.05023
731579 0.05039
731627 0.05027
731663 0.05028
731675 0.04987
731687 0.04962
731699 0.0505
731723 0.05021
731747 0.05021
731771 0.04933
731855 0.04933
731879 0.05
731891 0.05026
731939 0.04998
731975 0.05018
731987 0.0496
732011 0.05045
732047 0.05034
732059 0.04997
732095 0.05023
732107 0.05035
732119 0.05026
732131 0.05036
732143 0.04996
732155 0.05025
732167 0.05036
732203 0.05025
732215 0.05043
732251 0.0503
732263 0.05038
732275 0.05038
732335 0.05041
732347 0.05028
732359 0.05023
732371 0.05028
732383 0.05022
732395 0.05012
732407 0.0504
732419 0.0504
732431 0.0504
732443 0.05041
732455 0.04896
732479 0.04989
732503 0.05042
732515 0.05011
732527 0.0501
732551 0.05017
732563 0.0499
732575 0.05043
732587 0.05009
732599 0.05025
732623 0.05019
732647 0.04978
732671 0.05018
732707 0.04896
732719 0.05023
732743 0.05015
732779 0.04901
732791 0.05047
732803 0.05047
732839 0.05034
732875 0.05048
732887 0.05021
732899 0.04996
732935 0.05033
732947 0.04954
732983 0.05011
732995 0.05014
733031 0.05003
733079 0.05031
733091 0.0505
733115 0.05021
733139 0.05022
733151 0.05017
733163 0.0503
733175 0.05022
733199 0.05023
733211 0.05049
733247 0.04905
733259 0.0501
733271 0.05024
733295 0.05
733319 0.05015
733355 0.05014
733367 0.04863
733379 0.05027
733403 0.04998
733439 0.05008
733463 0.05008
733475 0.05045
733487 0.05013
733535 0.05007
733547 0.05044
733583 0.05029
733631 0.05043
733643 0.05043
733655 0.05023
733679 0.0501
733727 0.05042
733739 0.0501
733763 0.04883
733787 0.04997
733799 0.05033
733811 0.05033
733859 0.0502
733895 0.05039
733907 0.04992
733955 0.05039
733967 0.05006
733979 0.05018
734015 0.05038
734027 0.05005
734039 0.04971
734051 0.05015
734075 0.05002
734099 0.05038
734111 0.05003
734123 0.05036
734135 0.05039
734147 0.05004
734183 0.05035
734195 0.05015
734219 0.0504
734231 0.0504
734243 0.05005
734255 0.05015
734279 0.05002
734315 0.05034
734327 0.05007
734339 0.0502
734351 0.05007
734363 0.04923
734375 0.04995
734387 0.04855
734399 0.04977
734447 0.05032
734459 0.04978
734483 0.05044
734495 0.0499
734507 0.05031
734579 0.04963
734591 0.05004
734603 0.0503
734615 0.05029
734651 0.05047
734675 0.05048
734699 0.04982
734723 0.05048
734735 0.05049
734783 0.05027
734795 0.04984
734843 0.05008
734855 0.05029
734867 0.04978
734891 0.05009
734927 0.04822
734939 0.0503
734951 0.0503
734963 0.0505
734975 0.05025
734987 0.05024
734999 0.04984
735011 0.05011
735035 0.05019
735047 0.05024
735095 0.05003
735119 0.04989
735131 0.05048
735179 0.05047
735191 0.05047
735203 0.05035
735215 0.05021
735227 0.04989
735287 0.05023
735299 0.04992
735335 0.05
735347 0.04886
735371 0.05037
735395 0.05038
735407 0.05017
735455 0.05043
735503 0.0495
735515 0.05042
735527 0.05019
735539 0.04985
735551 0.04951
735563 0.04997
735587 0.04984
735599 0.05041
735611 0.05041
735623 0.05042
735635 0.05029
735671 0.04999
735707 0.0503
735767 0.04836
735803 0.05031
735839 0.04993
735863 0.05046
735887 0.05033
735899 0.05046
735911 0.05046
735923 0.05026
735935 0.04979
735971 0.05036
735995 0.05036
736043 0.05049
736067 0.05029
736079 0.04972
736103 0.04972
736127 0.0503
736139 0.04971
736151 0.0505
736163 0.05051
736175 0.05051
736199 0.04976
736223 0.05033
736235 0.0505
736271 0.05032
736283 0.05039
736295 0.0504
736307 0.04963
736319 0.04987
736331 0.05049
736343 0.05049
736355 0.05033
736379 0.05048
736391 0.05011
736427 0.04973
736451 0.05047
736463 0.05004
736475 0.05043
736487 0.04972
736499 0.05047
736535 0.05036
736547 0.0496
736559 0.04966
736571 0.05037
736583 0.05046
736631 0.05002
736643 0.05027
736667 0.05046
736715 0.05044
736727 0.0497
736739 0.04869
736775 0.05048
736799 0.05017
736835 0.05042
736859 0.05024
736895 0.05023
736907 0.05043
736919 0.04978
736967 0.04967
736979 0.0496
736991 0.0504
737003 0.05044
737015 0.0505
737027 0.04997
737063 0.05022
737075 0.05021
737087 0.05046
737099 0.04964
737123 0.05049
737135 0.05049
737171 0.05047
737195 0.05019
737219 0.04962
737267 0.05047
737315 0.04936
737375 0.0505
737399 0.04937
737447 0.0505
737459 0.04953
737471 0.05016
737495 0.0499
737519 0.0497
737543 0.0497
737555 0.04984
737603 0.05042
737615 0.05048
737639 0.05013
737651 0.04988
737675 0.05041
737699 0.05012
737759 0.05012
737771 0.0504
737795 0.0504
737831 0.05045
737867 0.04985
737879 0.05028
737891 0.05036
737939 0.05037
737963 0.05009
737975 0.05043
738023 0.05038
738095 0.05025
738119 0.0504
738155 0.0504
738191 0.05024
738203 0.05034
738215 0.05041
738227 0.05034
738239 0.05005
738251 0.05039
738275 0.05042
738299 0.05004
738311 0.05033
738323 0.04997
738335 0.04979
738347 0.05032
738371 0.0496
738395 0.05003
738407 0.05031
738431 0.05045
738455 0.05002
738479 0.0502
738503 0.05019
738527 0.05036
738575 0.05001
738599 0.05048
738647 0.05034
738659 0.04999
738671 0.049
738719 0.04999
738755 0.05033
738767 0.05032
738779 0.05051
738803 0.05051
738815 0.05005
738887 0.04924
738911 0.05025
738947 0.05024
738971 0.05024
738983 0.05013
739007 0.0497
739019 0.05048
739043 0.05023
739067 0.05022
739091 0.05028
739115 0.05022
739127 0.05011
739139 0.05011
739151 0.05027
739175 0.05027
739211 0.05045
739223 0.0501
739235 0.05045
739247 0.04893
739271 0.0502
739319 0.05044
739355 0.05043
739367 0.05015
739403 0.05018
739415 0.05043
739427 0.05023
739451 0.05017
739475 0.05006
739487 0.04966
739535 0.05041
739547 0.05022
739559 0.0498
739607 0.05015
739619 0.04975
739643 0.0502
739667 0.0502
739679 0.04929
739691 0.05039
739703 0.05013
739715 0.0496
739739 0.04941
739775 0.05014
739811 0.05018
739823 0.04984
739835 0.04972
739883 0.05017
739895 0.05023
739919 0.05036
739955 0.05035
739979 0.05035
739991 0.05016
740015 0.05015
740027 0.05018
740039 0.04999
740051 0.05034
740063 0.05009
740075 0.05034
740111 0.05027
740135 0.0502
740147 0.05014
740159 0.04997
740183 0.05021
740195 0.05032
740207 0.05007
740243 0.05022
740255 0.05029
740267 0.05012
740291 0.0503
740339 0.04977
740375 0.05011
740399 0.05029
740411 0.05029
740435 0.05025
740447 0.0501
740459 0.05028
740471 0.05009
740495 0.05026
740507 0.04932
740531 0.05034
740555 0.05027
740567 0.05035
740579 0.05027
740627 0.05007
740639 0.04934
740663 0.05026
740675 0.05025
740699 0.04999
740723 0.05037
740747 0.05038
740759 0.05024
740771 0.05031
740795 0.05024
740807 0.05039
740819 0.05024
740831 0.05039
740879 0.05023
740915 0.05022
740927 0.05041
740963 0.05034
740975 0.05004
740999 0.04998
741083 0.04992
741095 0.04999
741107 0.05036
741143 0.05044
741155 0.04942
741167 0.05037
741179 0.04942
741191 0.05007
741239 0.05018
741251 0.05018
741263 0.04993
741275 0.05039
741287 0.05039
741299 0.04944
741311 0.05047
741323 0.04996
741335 0.05017
741359 0.0501
741407 0.05004
741419 0.0498
741443 0.05042
741455 0.05049
741527 0.0484
741539 0.05013
741551 0.05044
741575 0.05013
741587 0.0505
741623 0.05001
741635 0.0505
741647 0.04935
741707 0.05049
741731 0.05047
741755 0.05047
741791 0.05048
741815 0.05018
741851 0.04985
741863 0.04974
741875 0.05049
741887 0.04984
741899 0.049
741911 0.05046
741923 0.05046
741947 0.0505
741959 0.05008
741971 0.05045
742007 0.05014
742019 0.04957
742079 0.05022
742103 0.04981
742115 0.05049
742139 0.05006
742163 0.05049
742175 0.05048
742187 0.05042
742223 0.05011
742235 0.05004
742259 0.05004
742295 0.05041
742319 0.05003
742331 0.05046
742343 0.04984
742367 0.05046
742403 0.05045
742427 0.05045
742451 0.05028
742463 0.05039
742475 0.05001
742487 0.05044
742511 0.05044
742523 0.04964
742535 0.05044
742583 0.05037
742595 0.04981
742631 0.05042
742643 0.05042
742667 0.05042
742679 0.05032
742727 0.05035
742739 0.05033
742751 0.05035
742775 0.05027
742787 0.0504
742799 0.04961
742811 0.05034
742823 0.0504
742835 0.05035
742871 0.0497
742883 0.05036
742919 0.0503
742931 0.0503
742955 0.05037
742979 0.05031
743015 0.05031
743039 0.05038
743051 0.05032
743075 0.05039
743099 0.05033
743171 0.0504
743183 0.05041
743207 0.04972
743219 0.05041
743231 0.05034
743243 0.05028
743255 0.05035
743303 0.05027
743351 0.05032
743387 0.05037
743399 0.05038
743411 0.05044
743435 0.05045
743459 0.04938
743471 0.05032
743495 0.05046
743543 0.05047
743567 0.04961
743603 0.05034
743627 0.05041
743651 0.05048
743663 0.05028
743687 0.05022
743699 0.04985
743723 0.05027
743759 0.05044
743771 0.05044
743795 0.05051
743807 0.05038
743831 0.05051
743843 0.05038
743855 0.05045
743867 0.05045
743879 0.0497
743927 0.05046
743951 0.0504
743963 0.05024
743975 0.05049
744011 0.05048
744023 0.05023
744035 0.0493
744047 0.05048
744095 0.05047
744107 0.05043
744119 0.0505
744131 0.04992
744155 0.05046
744167 0.0487
744191 0.05051
744215 0.05051
744227 0.05051
744275 0.05014
744287 0.05014
744299 0.04977
744347 0.04957
744359 0.05044
744383 0.04957
744395 0.05012
744419 0.05043
744479 0.05047
744491 0.04974
744515 0.05017
744527 0.0505
744551 0.05046
744575 0.05046
744587 0.05051
744623 0.05009
744647 0.05015
744671 0.0505
744683 0.05009
744695 0.0505
744719 0.05039
744743 0.05038
744755 0.05049
744803 0.05038
744815 0.05007
744839 0.05004
744851 0.05048
744863 0.05012
744875 0.05047
744887 0.05042
744899 0.05036
744935 0.05041
744947 0.05041
744983 0.05046
744995 0.05046
745007 0.0501
745019 0.0504
745043 0.05006
745079 0.05034
745115 0.05039
745127 0.05003
745139 0.04987
745163 0.05043
745199 0.05032
745211 0.05037
745223 0.05032
745235 0.05042
745271 0.04945
745283 0.0501
745319 0.05012
745331 0.05041
745355 0.05012
745367 0.05041
745403 0.0504
745415 0.05035
745439 0.05034
745451 0.05039
745463 0.05039
745475 0.05034
745487 0.04998
745499 0.05014
745523 0.05028
745535 0.05028
745559 0.05016
745571 0.05016
745583 0.05015
745607 0.04882
745643 0.05026
745655 0.05037
745703 0.05017
745775 0.05019
745799 0.05019
745835 0.05029
745847 0.0502
745883 0.05034
745895 0.05003
745907 0.05003
745919 0.05004
745943 0.04998
745967 0.05033
745991 0.05022
746003 0.05021
746015 0.05021
746027 0.05002
746039 0.05024
746063 0.05023
746075 0.05031
746087 0.05031
746111 0.05025
746123 0.0502
746135 0.05025
746159 0.05025
746207 0.04994
746219 0.05024
746279 0.05023
746291 0.05028
746327 0.04987
746339 0.05022
746375 0.05029
746387 0.05022
746399 0.0503
746423 0.05029
746471 0.05031
746495 0.05031
746519 0.05031
746555 0.05032
746579 0.05033
746603 0.05032
746639 0.05016
746651 0.05012
746663 0.04988
746675 0.05018
746687 0.05034
746699 0.05035
746711 0.05034
746735 0.05017
746759 0.05017
746771 0.04986
746783 0.04933
746795 0.04993
746819 0.04965
746831 0.05036
746867 0.05037
746879 0.05038
746927 0.05014
746963 0.05038
746975 0.05021
746987 0.04996
746999 0.05021
747011 0.05018
747035 0.0504
747059 0.0504
747119 0.0502
747155 0.05042
747179 0.05042
747191 0.05042
747215 0.05043
747227 0.05
747251 0.05005
747275 0.05022
747299 0.05026
747311 0.04984
747335 0.05045
747347 0.05014
747359 0.05045
747383 0.05045
747395 0.05046
747419 0.05046
747431 0.05013
747443 0.04972
747491 0.05007
747503 0.04934
747575 0.05027
747623 0.04914
747635 0.05032
747659 0.0505
747671 0.05051
747683 0.0505
747707 0.05033
747719 0.0499
747767 0.05034
747791 0.0505
747803 0.0505
747875 0.05032
747899 0.05048
747911 0.05011
747935 0.05037
747947 0.05006
747959 0.05037
747983 0.04995
747995 0.05038
748007 0.05047
748031 0.05047
748043 0.05005
748055 0.05035
748067 0.05046
748079 0.05036
748103 0.05004
748127 0.05015
748151 0.05045
748163 0.05045
748175 0.05045
748187 0.05041
748223 0.05044
748235 0.04984
748259 0.05043
748295 0.05018
748307 0.05043
748319 0.05043
748355 0.05044
748367 0.0499
748403 0.04959
748415 0.05003
748427 0.04999
748439 0.05002
748475 0.05042
748511 0.05043
748535 0.0504
748547 0.05022
748571 0.05022
748595 0.05039
748607 0.05048
748619 0.05045
748667 0.05049
748679 0.05038
748715 0.05007
748739 0.0505
748751 0.0505
748775 0.05051
748787 0.05047
748799 0.05051
748811 0.05036
748847 0.05035
748859 0.0505
748907 0.05049
748919 0.0505
748931 0.04968
748943 0.04995
748967 0.05034
748979 0.05051
748991 0.05034
749039 0.05051
749063 0.05033
749075 0.05033
749099 0.05033
749111 0.05047
749123 0.05032
749159 0.05032
749255 0.05016
749291 0.04988
749303 0.04977
749315 0.05047
749375 0.05029
749411 0.05043
749435 0.05028
749447 0.05042
749459 0.04975
749507 0.05038
749519 0.0498
749531 0.05044
749579 0.05039
749591 0.05043
749603 0.05022
749615 0.0504
749627 0.05025
749639 0.0504
749651 0.05039
749663 0.04906
749675 0.05039
749687 0.05042
749699 0.05041
749723 0.04972
749735 0.05038
749783 0.04981
749819 0.0504
749831 0.05025
749867 0.04879
749879 0.05011
749903 0.05011
749915 0.05036
749951 0.05045
749963 0.04969
749975 0.0502
749999 0.05035
750011 0.05035
750035 0.05046
750047 0.05029
750071 0.05037
750095 0.05019
750107 0.05048
750155 0.05031
750167 0.05032
750191 0.05032
750215 0.05032
750239 0.05032
750251 0.0505
750275 0.05033
750323 0.05034
750359 0.05034
750395 0.04992
750431 0.05032
750443 0.0502
750467 0.05031
750479 0.05049
750491 0.05049
750515 0.05048
750527 0.05048
750539 0.05048
750563 0.04995
750575 0.05047
750587 0.04995
750611 0.05039
750623 0.05012
750635 0.05038
750647 0.05026
750659 0.05046
750683 0.0504
750695 0.0504
750743 0.05025
750767 0.05027
750815 0.05027
750839 0.05044
750851 0.05044
750875 0.04967
750935 0.05022
750947 0.05025
750959 0.05025
750971 0.05025
751019 0.05024
751031 0.05021
751067 0.05046
751079 0.05046
751127 0.05047
751175 0.05047
751187 0.05039
751211 0.05039
751223 0.05033
751247 0.05038
751271 0.05038
751295 0.04956
751355 0.05051
751391 0.05051
751403 0.0505
751415 0.0505
751475 0.05041
751487 0.05042
751511 0.05038
751535 0.05042
751547 0.05017
751559 0.04881
751571 0.05034
751583 0.05048
751595 0.05039
751607 0.05048
751655 0.05015
751667 0.05047
751679 0.05041
751751 0.05046
751775 0.05031
751835 0.05013
751847 0.05045
751859 0.05044
751931 0.05045
751955 0.05045
751979 0.05011
751991 0.05042
752003 0.04952
752015 0.05043
752027 0.05051
752063 0.05042
752099 0.05027
752159 0.05026
752219 0.0504
752231 0.04949
752243 0.05039
752255 0.0505
752267 0.05039
752315 0.05051
752327 0.05024
752339 0.05038
752375 0.05047
752387 0.05023
752399 0.05038
752435 0.05023
752495 0.05045
752507 0.05036
752531 0.05045
752543 0.05035
752555 0.05048
752567 0.05035
752579 0.05044
752591 0.05047
752663 0.05
752675 0.05046
752711 0.05001
752723 0.05046
752735 0.05042
752759 0.05042
752783 0.05045
752843 0.05044
752879 0.05043
752927 0.05039
752987 0.0503
753011 0.05042
753047 0.05028
753059 0.05038
753071 0.05041
753083 0.05036
753095 0.05028
753107 0.05037
753119 0.05037
753131 0.05027
753155 0.05027
753167 0.05038
753179 0.05036
753215 0.05012
753239 0.04978
753251 0.05012
753275 0.05025
753287 0.05026
753299 0.05026
753323 0.05038
753335 0.05034
753359 0.04975
753371 0.05041
753395 0.05033
753407 0.05024
753419 0.04989
753431 0.05042
753479 0.05035
753491 0.05035
753503 0.05043
753515 0.05031
753551 0.05044
753563 0.05014
753575 0.05034
753599 0.05015
753623 0.05033
753635 0.05045
753671 0.0502
753683 0.05046
753695 0.05046
753755 0.05047
753767 0.05019
753779 0.05019
753791 0.05048
753815 0.05048
753827 0.05018
753875 0.0503
753887 0.0505
753899 0.05026
753911 0.05017
753923 0.0505
753935 0.05029
753971 0.04968
753995 0.05029
754007 0.05016
754031 0.05028
754055 0.0505
754079 0.05015
754091 0.05023
754103 0.05021
754115 0.05049
754127 0.05023
754139 0.05027
754151 0.05014
754175 0.05048
754199 0.05026
754247 0.05023
754259 0.05022
754271 0.05026
754295 0.05021
754331 0.05011
754355 0.05024
754475 0.05029
754487 0.05044
754499 0.05018
754523 0.05009
754607 0.05043
754619 0.0502
754631 0.0503
754643 0.05032
754655 0.0502
754667 0.0503
754691 0.05033
754727 0.05007
754763 0.05034
754775 0.05032
754787 0.0504
754799 0.05035
754823 0.05035
754847 0.05039
754883 0.05017
754919 0.05004
754943 0.05038
755003 0.05036
755015 0.04971
755027 0.04953
755039 0.05015
755051 0.05037
755063 0.05039
755075 0.05036
755159 0.04986
755183 0.05041
755195 0.05039
755207 0.05
755291 0.05043
755315 0.05041
755327 0.04999
755339 0.04998
755375 0.05044
755411 0.05045
755423 0.0501
755435 0.05006
755447 0.05043
755471 0.05043
755495 0.05046
755507 0.04996
755519 0.04982
755531 0.05044
755543 0.05047
755555 0.0503
755579 0.05047
755603 0.05029
755615 0.05048
755639 0.05007
755651 0.05046
755675 0.05006
755687 0.05047
755699 0.05002
755723 0.0505
755735 0.04993
755747 0.04993
755783 0.05049
755795 0.05051
755807 0.05027
755819 0.04978
755831 0.05004
755891 0.04991
755915 0.0505
755927 0.05051
755975 0.0505
755987 0.0505
755999 0.05002
756035 0.0505
756047 0.04954
756059 0.05048
756071 0.05001
756083 0.05047
756095 0.04988
756119 0.05047
756143 0.05022
756155 0.05048
756203 0.05046
756275 0.05046
756299 0.05044
756335 0.0502
756359 0.05044
756371 0.05045
756407 0.05019
756431 0.05044
756455 0.05042
756479 0.04996
756539 0.05041
756551 0.05017
756575 0.05042
756611 0.05042
756635 0.05042
756647 0.05041
756659 0.04993
756671 0.05015
756707 0.05041
756731 0.05039
756755 0.05014
756767 0.04948
756779 0.05038
756791 0.04992
756803 0.05039
756815 0.05038
756827 0.05005
756851 0.05039
756863 0.05037
756875 0.05038
756899 0.04994
756911 0.05012
756935 0.05038
756947 0.04986
756959 0.05036
756983 0.05011
756995 0.04996
757007 0.05008
757055 0.04988
757079 0.04997
757139 0.04987
757163 0.05009
757175 0.05011
757199 0.04942
757211 0.04999
757223 0.05034
757295 0.05031
757367 0.05032
757379 0.04972
757427 0.05005
757451 0.05003
757463 0.04983
757499 0.05028
757547 0.04969
757559 0.05028
757595 0.05027
757619 0.04977
757643 0.05006
757667 0.05028
757679 0.05026
757703 0.05027
757715 0.04979
757775 0.05026
757787 0.04966
757799 0.04952
757835 0.05026
757847 0.04974
757859 0.04982
757871 0.04999
757883 0.04977
757907 0.05023
757919 0.05023
757931 0.05023
757955 0.04983
757967 0.05024
757991 0.05024
758027 0.05025
758039 0.04985
758063 0.05025
758075 0.05026
758135 0.0502
758147 0.04996
758171 0.05027
758183 0.05019
758207 0.05021
758219 0.04973
758291 0.04959
758303 0.05029
758315 0.05029
758327 0.04993
758351 0.0503
758387 0.05031
758399 0.05016
758423 0.05019
758447 0.04966
758459 0.04966
758471 0.05032
758507 0.05017
758531 0.04965
758543 0.05015
758555 0.05016
758567 0.05034
758603 0.05034
758615 0.05034
758627 0.04964
758663 0.05013
758675 0.05035
758735 0.05014
758747 0.05036
758759 0.05025
758795 0.05025
758879 0.05027
758903 0.04986
758939 0.04999
758951 0.05011
758975 0.0504
759023 0.05029
759035 0.04962
759059 0.05029
759095 0.0503
759119 0.04957
759143 0.04955
759155 0.05043
759191 0.05003
759203 0.05004
759251 0.05033
759275 0.05005
759299 0.05033
759311 0.05004
759323 0.05034
759335 0.05034
759347 0.05046
759383 0.05035
759395 0.05047
759407 0.05047
759443 0.05048
759527 0.05049
759563 0.05038
759575 0.05003
759587 0.05003
759635 0.04976
759647 0.04928
759683 0.05011
759743 0.0505
759755 0.05041
759767 0.04949
759779 0.05013
759827 0.04983
759839 0.05014
759851 0.05042
759875 0.05048
759887 0.04999
759935 0.05047
759983 0.05016
760019 0.05045
760031 0.05046
760055 0.05017
760067 0.04936
760091 0.05018
760127 0.04935
760151 0.05047
760175 0.04993
760259 0.05021
760271 0.05049
760283 0.05049
760295 0.05042
760319 0.04979
760391 0.04992
760403 0.04992
760427 0.0494
760439 0.0505
760451 0.0505
760463 0.04991
760475 0.04989
760487 0.04993
760523 0.05039
760535 0.04983
760547 0.05039
760559 0.04939
760571 0.04978
760583 0.04989
760595 0.05038
760631 0.05027
760655 0.05047
760667 0.04988
760715 0.05037
760727 0.04997
760763 0.05029
760775 0.05036
760787 0.05036
760799 0.04928
760811 0.0503
760823 0.05035
760835 0.04999
760883 0.04988
760895 0.05031
760907 0.04983
760919 0.05044
760931 0.05044
760943 0.04983
760955 0.05043
760967 0.04984
760979 0.05032
760991 0.05033
761027 0.05002
761039 0.05033
761063 0.05042
761075 0.05034
761099 0.05041
761111 0.05035
761135 0.05031
761147 0.05004
761159 0.05035
761171 0.05031
761219 0.04994
761231 0.0504
761243 0.05037
761255 0.05039
761267 0.05029
761279 0.05039
761303 0.05038
761315 0.05007
761339 0.05007
761375 0.04996
761387 0.04991
761411 0.05039
761423 0.05027
761447 0.05027
761495 0.05036
761627 0.05025
761639 0.04942
761663 0.05044
761675 0.05034
761687 0.05013
761699 0.05002
761723 0.05002
761759 0.04944
761783 0.05003
761795 0.05022
761819 0.05046
761831 0.05032
761843 0.05022
761855 0.05031
761867 0.05016
761891 0.05047
761903 0.05031
761915 0.05048
761975 0.05001
761987 0.04897
761999 0.04948
762023 0.05049
762047 0.05019
762071 0.05008
762107 0.04919
762119 0.05028
762131 0.0502
762143 0.05051
762155 0.05051
762179 0.0495
762191 0.0505
762275 0.04966
762287 0.05023
762311 0.04967
762323 0.05048
762347 0.05015
762383 0.05015
762395 0.05007
762431 0.05024
762455 0.05047
762515 0.05015
762527 0.05026
762551 0.05016
762575 0.04962
762611 0.05011
762635 0.05044
762671 0.05029
762683 0.05018
762719 0.0503
762755 0.0502
762767 0.0503
762803 0.05009
762839 0.05042
762887 0.04962
762911 0.05021
762923 0.04811
762935 0.05033
762947 0.05033
762971 0.0504
762983 0.0504
763019 0.05034
763055 0.05024
763103 0.05025
763127 0.04966
763139 0.05036
763151 0.05025
763175 0.04967
763187 0.04921
763199 0.05037
763235 0.05021
763247 0.05038
763283 0.05036
763295 0.05039
763331 0.05028
763379 0.0504
763427 0.05001
763439 0.05011
763475 0.0501
763499 0.05031
763535 0.05
763547 0.05043
763571 0.04973
763595 0.05044
763607 0.04999
763631 0.05033
763655 0.05033
763691 0.05045
763703 0.05007
763715 0.0503
763727 0.04923
763763 0.05035
763775 0.0503
763799 0.05036
763871 0.05048
763979 0.05039
763991 0.05033
764015 0.05003
764039 0.05051
764063 0.04942
764075 0.0504
764087 0.05035
764123 0.05035
764135 0.0505
764147 0.04909
764159 0.04909
764207 0.04938
764219 0.05049
764243 0.05023
764267 0.05048
764279 0.05044
764315 0.05047
764351 0.05047
764363 0.04999
764375 0.05047
764411 0.05046
764435 0.05046
764483 0.04763
764531 0.05042
764543 0.04996
764555 0.04986
764567 0.04989
764615 0.05043
764639 0.05018
764651 0.0505
764675 0.05043
764687 0.04991
764699 0.0505
764747 0.04935
764759 0.05051
764819 0.04948
764831 0.0505
764867 0.0504
764927 0.05048
764939 0.04931
764951 0.05049
764963 0.04991
764975 0.05039
764987 0.0495
765023 0.0505
765035 0.0505
765071 0.04997
765083 0.05051
765095 0.05046
765107 0.04998
765155 0.05046
765167 0.04999
765179 0.05036
765215 0.0501
765239 0.05035
765275 0.05035
765299 0.05034
765311 0.05043
765323 0.05009
765347 0.05048
765359 0.05043
765371 0.05002
765395 0.05042
765407 0.04929
765419 0.05003
765431 0.05042
765443 0.05046
765455 0.05032
765479 0.05032
765527 0.05045
765551 0.05045
765563 0.0504
765575 0.04932
765599 0.05006
765611 0.0504
765635 0.05044
765647 0.0503
765671 0.05007
765683 0.05039
765695 0.05029
765719 0.05029
765731 0.05004
765803 0.05042
765815 0.05041
765839 0.05037
765863 0.05036
765875 0.05041
765887 0.04916
765911 0.05026
765923 0.05001
765935 0.0504
765947 0.05011
765959 0.05026
765995 0.05012
766007 0.04967
766019 0.04939
766043 0.05038
766103 0.05033
766115 0.05024
766139 0.04998
766151 0.04998
766175 0.05032
766199 0.0497
766307 0.04915
766319 0.05021
766331 0.05021
766343 0.0503
766379 0.0502
766391 0.04972
766403 0.05034
766415 0.05029
766427 0.05033
766451 0.0502
766463 0.04971
766475 0.05033
766499 0.05028
766523 0.04993
766535 0.05032
766607 0.05031
766631 0.05031
766643 0.04992
766655 0.05026
766751 0.05025
766775 0.05025
766823 0.04862
766835 0.0498
766847 0.05028
766919 0.04835
766955 0.05026
766979 0.05012
766991 0.05012
767003 0.04954
767015 0.05029
767027 0.05012
767039 0.05021
767063 0.04907
767075 0.0503
767099 0.04985
767171 0.05031
767183 0.04845
767195 0.05019
767207 0.05032
767219 0.04961
767231 0.05023
767255 0.04987
767267 0.05033
767291 0.04983
767303 0.04857
767315 0.04914
767327 0.05034
767351 0.05034
767375 0.05034
767387 0.05021
767411 0.05035
767447 0.05036
767459 0.05036
767507 0.04991
767519 0.04991
767531 0.05037
767543 0.05019
767567 0.05018
767579 0.05038
767591 0.05014
767651 0.04993
767687 0.05017
767699 0.0504
767735 0.05016
767795 0.04968
767807 0.05015
767855 0.05042
767879 0.05043
767903 0.05014
767915 0.05
767927 0.04949
767939 0.0497
767963 0.05009
767975 0.04942
767987 0.04999
767999 0.05008
768011 0.04999
768023 0.04941
768071 0.04998
768083 0.05007
768095 0.05046
768131 0.04973
768143 0.05006
768179 0.05047
768215 0.04975
768239 0.04948
768251 0.05049
768275 0.05009
768287 0.05009
768299 0.05049
768383 0.04969
768395 0.05003
768443 0.04968
768455 0.0505
768467 0.05007
768515 0.0505
768527 0.05006
768539 0.04967
768587 0.05049
768611 0.05
768635 0.05009
768683 0.04883
768707 0.0499
768719 0.05047
768731 0.05047
768755 0.05046
768779 0.05046
768791 0.04998
768827 0.05012
768839 0.04985
768875 0.04985
768899 0.04987
768911 0.05014
768935 0.05014
768947 0.04986
768995 0.04929
769043 0.04849
769055 0.05042
769079 0.0496
769103 0.0496
769115 0.04927
769127 0.04998
769139 0.05017
769163 0.04944
769175 0.05041
769211 0.0504
769223 0.04997
769235 0.05019
769271 0.04992
769295 0.05039
769307 0.04982
769331 0.04995
769343 0.04995
769415 0.05022
769427 0.05038
769439 0.05022
769451 0.05037
769475 0.04994
769499 0.0498
769511 0.05036
769523 0.04988
769535 0.04996
769583 0.04992
769595 0.05035
769607 0.05035
769631 0.05035
769643 0.04952
769655 0.05026
769667 0.04977
769679 0.05026
769703 0.04991
769715 0.0499
769775 0.04985
769787 0.05028
769811 0.05028
769823 0.04985
769835 0.04951
769859 0.05029
769883 0.04988
769895 0.05002
769907 0.04981
769931 0.05002
769979 0.0503
769991 0.05031
770003 0.04987
770015 0.05031
770075 0.05032
770087 0.04984
770147 0.05034
770171 0.04985
770195 0.05006
770231 0.05035
770243 0.04984
770255 0.04986
770267 0.04904
770279 0.05036
770303 0.04978
770315 0.05036
770327 0.05036
770339 0.05037
770351 0.05025
770363 0.04944
770375 0.05009
770399 0.0501
770411 0.05025
770471 0.05024
770495 0.05024
770507 0.0499
770531 0.04975
770543 0.04975
770567 0.05023
770615 0.05041
770627 0.05022
770651 0.05042
770687 0.04993
770699 0.05014
770723 0.04977
770735 0.05043
770747 0.05043
770759 0.04966
770783 0.04972
770807 0.0502
770819 0.05016
770855 0.05045
770879 0.05019
770891 0.04975
770939 0.05046
770975 0.05019
770999 0.05017
771023 0.04974
771035 0.0502
771059 0.04881
771071 0.05048
771083 0.04971
771107 0.05049
771119 0.05049
771131 0.05
771155 0.0505
771167 0.0505
771191 0.0505
771203 0.04967
771263 0.04932
771275 0.05024
771323 0.0497
771347 0.04969
771383 0.04898
771407 0.05012
771419 0.05005
771443 0.04923
771467 0.05006
771491 0.05006
771539 0.05047
771575 0.05047
771599 0.05008
771611 0.05029
771635 0.05046
771647 0.04966
771671 0.05045
771683 0.04984
771707 0.05031
771731 0.05048
771743 0.04985
771767 0.04928
771779 0.04986
771791 0.05007
771803 0.04986
771815 0.05032
771839 0.05047
771875 0.05043
771923 0.04985
771959 0.05045
771983 0.04989
772043 0.04956
772055 0.0504
772067 0.05036
772079 0.05037
772151 0.05038
772163 0.04921
772175 0.04959
772199 0.05018
772223 0.04993
772235 0.04958
772283 0.04994
772307 0.05037
772319 0.05
772331 0.0502
772343 0.04991
772355 0.0504
772427 0.05021
772475 0.04994
772487 0.04998
772499 0.05043
772511 0.05034
772535 0.05044
772547 0.04997
772583 0.04995
772595 0.05045
772643 0.04953
772655 0.05046
772679 0.05046
772727 0.05032
772751 0.05026
772775 0.05031
772799 0.05027
772823 0.05003
772835 0.05049
772871 0.05049
772883 0.05004
772943 0.05001
772967 0.0503
772979 0.05002
773015 0.05051
773051 0.04924
773099 0.05049
773111 0.05032
773135 0.05026
773171 0.05049
773219 0.05034
773255 0.05047
773279 0.0501
773291 0.0501
773303 0.04953
773315 0.05047
773327 0.05046
773351 0.05046
773375 0.05036
773411 0.05008
773435 0.05022
773459 0.05022
773483 0.05013
773519 0.05044
773543 0.04957
773555 0.05039
773591 0.0504
773627 0.05043
773639 0.0502
773651 0.05041
773663 0.05016
773675 0.05042
773687 0.05042
773699 0.05017
773711 0.05042
773747 0.04821
773759 0.04925
773783 0.05014
773795 0.04981
773807 0.05043
773819 0.05044
773843 0.04937
773855 0.0502
773903 0.04937
773915 0.04932
773927 0.05039
773963 0.04963
773975 0.05046
774059 0.05037
774095 0.05036
774155 0.05036
774167 0.04942
774203 0.05025
774215 0.0505
774227 0.05035
774251 0.04932
774275 0.05011
774287 0.05051
774299 0.05023
774335 0.05023
774347 0.0505
774359 0.05033
774395 0.0505
774407 0.05049
774419 0.05032
774455 0.05049
774479 0.04925
774503 0.04924
774515 0.05031
774527 0.05048
774539 0.05048
774563 0.04896
774575 0.05031
774587 0.0503
774599 0.05031
774623 0.04926
774647 0.05046
774659 0.0495
774683 0.05032
774695 0.05046
774707 0.05006
774731 0.05033
774755 0.05033
774815 0.05044
774839 0.05035
774851 0.05044
774887 0.04967
774899 0.05036
774911 0.05043
774923 0.04943
774935 0.05036
774947 0.05042
774971 0.05033
774983 0.05037
774995 0.05002
775019 0.05034
775031 0.05041
775055 0.05038
775067 0.05041
775115 0.0504
775127 0.05
775139 0.0504
775175 0.05037
775187 0.05039
775199 0.05037
775211 0.05041
775223 0.05037
775283 0.04984
775295 0.04998
775307 0.05038
775319 0.05042
775331 0.05039
775355 0.04997
775391 0.05044
775403 0.05044
775427 0.0496
775475 0.04987
775487 0.05035
775499 0.04996
775523 0.05042
775535 0.05042
775547 0.04989
775559 0.05046
775583 0.04845
775607 0.04989
775631 0.05047
775655 0.05016
775667 0.05016
775703 0.04991
775715 0.05049
775775 0.0505
775799 0.05047
775847 0.04955
775859 0.05048
775883 0.04911
775895 0.05051
775931 0.0505
775967 0.04995
775991 0.05012
776027 0.04989
776051 0.05051
776063 0.05051
776075 0.04997
776111 0.05027
776123 0.0505
776147 0.04973
776171 0.0505
776195 0.04999
776231 0.05026
776243 0.04943
776279 0.05025
776315 0.05045
776375 0.05047
776387 0.05024
776411 0.05023
776423 0.05044
776435 0.05046
776459 0.05023
776519 0.05005
776555 0.05045
776567 0.05005
776579 0.05004
776591 0.05041
776603 0.04851
776639 0.05041
776663 0.05041
776675 0.0502
776687 0.04982
776699 0.0498
776723 0.05007
776735 0.05042
776771 0.05042
776795 0.05002
776807 0.05018
776843 0.05009
776867 0.04961
776891 0.0501
776903 0.05037
776927 0.05011
776951 0.05037
776963 0.04963
776975 0.05036
776999 0.04976
777035 0.05036
777059 0.05015
777083 0.04936
777095 0.05038
777107 0.04883
777119 0.05014
777131 0.04891
777155 0.05037
777179 0.05014
777239 0.05033
777263 0.05036
777275 0.05033
777287 0.04973
777299 0.05012
777311 0.05017
777335 0.04969
777347 0.04992
777359 0.05034
777395 0.05034
777407 0.05018
777455 0.0501
777467 0.04899
777491 0.04993
777527 0.04995
777539 0.05029
777563 0.04943
777575 0.05029
777587 0.04996
777611 0.04997
777623 0.05022
777635 0.05022
777647 0.04974
777659 0.0503
777707 0.05023
777719 0.04967
777755 0.04999
777779 0.04989
777803 0.05024
777815 0.05026
777827 0.04905
777851 0.04988
777875 0.05005
777899 0.05025
777923 0.05026
777935 0.05027
777947 0.04987
777959 0.05027
777983 0.05023
778007 0.05003
778055 0.04985
778067 0.05004
778103 0.05025
778115 0.05022
778127 0.05005
778139 0.04994
778151 0.05001
778175 0.0503
778199 0.05023
778211 0.05
778235 0.05023
778271 0.05007
778331 0.04956
778343 0.05033
778367 0.05009
778379 0.05018
778415 0.05034
778451 0.04999
778463 0.05017
778475 0.04979
778499 0.0502
778547 0.04979
778571 0.05016
778583 0.05037
778607 0.05037
778619 0.05018
778631 0.05038
778679 0.05014
778691 0.05017
778703 0.04884
778715 0.04982
778739 0.05014
778751 0.0504
778775 0.05013
778799 0.05016
778811 0.0504
778835 0.05016
778859 0.05016
778895 0.05042
778919 0.05006
778931 0.04994
778943 0.05043
778955 0.05018
778967 0.05043
779015 0.0501
779027 0.05044
779075 0.05012
779087 0.05045
779099 0.05009
779135 0.05046
779147 0.04971
779171 0.05021
779183 0.0501
779195 0.05011
779207 0.05022
779243 0.05047
779279 0.05023
779291 0.05023
779303 0.05
779375 0.05006
779399 0.05008
779411 0.05014
779423 0.05014
779447 0.05026
779459 0.04909
779471 0.05026
779519 0.05027
779555 0.05016
779567 0.0505
779615 0.05028
779627 0.04907
779639 0.05005
779651 0.05005
779675 0.05029
779687 0.04934
779711 0.05004
779723 0.05007
779735 0.04999
779759 0.05031
779783 0.05
779795 0.04963
779807 0.05047
779819 0.0494
779831 0.05046
779843 0.05009
779855 0.05021
779867 0.04979
779915 0.05045
779951 0.05034
779975 0.05045
779999 0.05034
780011 0.05003
780023 0.05011
780059 0.05024
780071 0.05043
780155 0.05042
780167 0.04942
780215 0.05027
780227 0.04958
780239 0.04986
780251 0.04997
780263 0.05015
780275 0.05028
780311 0.0504
780335 0.05029
780359 0.04988
780395 0.05041
780407 0.05039
780431 0.05041
780443 0.04822
780455 0.05038
780467 0.04955
780491 0.05038
780503 0.04853
780515 0.05032
780551 0.05011
780575 0.0502
780599 0.05012
780611 0.05012
780623 0.05036
780743 0.04991
780767 0.05034
780779 0.05047
780815 0.05036
780827 0.05034
780863 0.05016
780875 0.04989
780923 0.05026
780935 0.05049
780983 0.05032
780995 0.05027
781019 0.05051
781055 0.0504
781091 0.0503
781103 0.0502
781115 0.05
781175 0.05049
781187 0.04962
781235 0.05049
781259 0.04984
781319 0.05047
781331 0.05003
781343 0.05045
781355 0.05047
781379 0.0498
781415 0.05026
781439 0.05005
781451 0.04979
781463 0.04982
781475 0.04928
781499 0.05026
781547 0.04958
781583 0.05024
781655 0.0505
781691 0.05043
781703 0.0505
781715 0.05038
781727 0.0488
781739 0.05051
781751 0.05039
781763 0.05021
781775 0.05051
781787 0.05039
781811 0.0505
781835 0.0504
781847 0.05041
781859 0.05032
781871 0.05049
781895 0.0504
781907 0.04969
781931 0.0504
781943 0.05034
781955 0.05039
781991 0.05043
782015 0.05047
782027 0.05018
782039 0.05035
782051 0.05043
782063 0.05047
782075 0.05047
782099 0.05037
782111 0.04958
782135 0.05045
782159 0.0495
782195 0.05045
782243 0.05047
782255 0.05044
782279 0.05044
782291 0.05035
782303 0.05047
782315 0.05044
782327 0.05014
782351 0.05048
782375 0.0504
782399 0.05043
782423 0.05041
782447 0.0505
782471 0.04966
782483 0.05041
782495 0.05051
782507 0.05051
782531 0.05043
782543 0.04979
782567 0.04952
782579 0.05031
782603 0.0504
782615 0.0504
782627 0.0505
782639 0.05045
782651 0.04947
782675 0.05039
782699 0.05045
782735 0.05046
782759 0.05038
782795 0.05047
782807 0.05028
782855 0.04984
782879 0.05036
782903 0.04961
782915 0.05049
782927 0.04923
782951 0.05049
782975 0.0505
782987 0.05026
783035 0.05051
783059 0.05051
783107 0.05044
783179 0.05049
783203 0.05049
783215 0.05042
783239 0.05049
783275 0.05041
783287 0.04991
783335 0.05047
783347 0.04977
783371 0.0503
783383 0.05047
783419 0.05036
783431 0.05039
783443 0.05039
783467 0.0502
783491 0.05045
783503 0.05045
783551 0.05045
783575 0.05027
783587 0.05018
783611 0.05018
783659 0.05026
783695 0.05041
783731 0.05042
783755 0.05041
783815 0.05041
783863 0.05034
783875 0.05015
783887 0.05034
783899 0.05044
783911 0.0504
783935 0.05033
783947 0.04987
783959 0.05045
783971 0.05045
783983 0.05032
784007 0.05032
784019 0.04988
784043 0.05046
784055 0.05046
784067 0.04926
784079 0.04975
784127 0.04976
784139 0.05037
784151 0.05037
784163 0.0502
784187 0.0503
784199 0.05048
784235 0.0501
784247 0.04972
784259 0.05035
784271 0.0505
784295 0.05035
784319 0.0505
784331 0.04802
784343 0.05028
784355 0.05008
784391 0.05008
784403 0.0505
784439 0.0505
784475 0.05033
784511 0.05049
784523 0.04943
784535 0.05049
784559 0.05032
784571 0.05031
784595 0.05024
784607 0.05012
784631 0.05048
784643 0.05024
784655 0.0503
784667 0.05004
784691 0.0503
784739 0.05004
784763 0.05014
784775 0.05046
784787 0.04983
784811 0.05045
784823 0.05015
784871 0.05044
784931 0.05027
784967 0.05017
784991 0.05043
785015 0.05043
785027 0.05018
785039 0.05
785051 0.05019
785063 0.04985
785075 0.05005
785087 0.04897
785099 0.05041
785135 0.05018
785147 0.0502
785171 0.04931
785183 0.05021
785195 0.0504
785231 0.05022
785243 0.04977
785291 0.05039
785315 0.04989
785339 0.05022
785351 0.05038
785375 0.05038
785387 0.04867
785399 0.04909
785411 0.05037
785435 0.05037
785447 0.04975
785471 0.05025
785507 0.04992
785519 0.05012
785531 0.05012
785567 0.05027
785603 0.05035
785615 0.05028
785639 0.05035
785675 0.05
785699 0.05034
785711 0.05029
785735 0.05029
785747 0.05002
785795 0.0503
785819 0.05032
785831 0.05031
785843 0.05015
785855 0.05017
785867 0.05008
785891 0.04998
785915 0.05032
785927 0.04998
785939 0.05018
785999 0.0503
786011 0.05013
786071 0.0502
786083 0.05005
786107 0.04986
786119 0.05021
786131 0.05028
786143 0.05036
786191 0.05009
786227 0.05037
786263 0.04993
786275 0.05026
786287 0.05038
786323 0.05039
786335 0.05026
786383 0.0504
786467 0.05027
786479 0.05027
786539 0.05014
786563 0.05023
786575 0.04999
786599 0.05015
786623 0.04999
786647 0.05029
786671 0.0501
786683 0.0501
786767 0.05018
786791 0.05046
786827 0.05032
786839 0.04914
786863 0.05047
786875 0.05033
786899 0.0502
786911 0.05034
786923 0.05048
786935 0.0502
786947 0.05049
786995 0.05035
787019 0.04909
787031 0.05035
787103 0.04928
787115 0.05051
787127 0.05023
787151 0.0505
787175 0.0505
787199 0.04972
787211 0.0505
787247 0.05019
787271 0.05026
787295 0.0504
787307 0.0504
787319 0.0504
787343 0.05021
787355 0.05027
787379 0.05012
787403 0.04989
787451 0.05042
787463 0.04967
787475 0.05029
787487 0.05029
787499 0.04977
787511 0.05046
787571 0.05045
787583 0.05024
787619 0.05045
787643 0.05044
787655 0.05045
787679 0.05046
787691 0.05032
787703 0.05026
787727 0.05043
787763 0.04984
787775 0.05033
787787 0.05042
787799 0.05034
787835 0.05048
787847 0.05042
787859 0.04973
787871 0.05035
787919 0.04972
787931 0.05036
787979 0.05005
787991 0.05037
788003 0.0504
788015 0.05051
788051 0.05004
788063 0.05032
788075 0.0505
788111 0.0497
788147 0.05049
788183 0.04979
788219 0.04985
788243 0.05036
788255 0.05036
788279 0.04984
788291 0.05048
788303 0.0505
788315 0.05042
788327 0.05047
788339 0.04954
788375 0.05037
788423 0.04976
788435 0.04982
788447 0.04869
788471 0.04982
788483 0.04949
788495 0.05045
788507 0.05045
788543 0.04974
788555 0.05046
788579 0.05044
788591 0.05046
788615 0.04958
788627 0.05047
788639 0.05047
788663 0.05031
788675 0.05043
788699 0.04891
788711 0.05048
788723 0.04986
788759 0.05042
788771 0.05049
788795 0.05029
788807 0.0505
788831 0.0505
788879 0.0504
788915 0.04993
788939 0.0505
788951 0.0499
788963 0.0499
788975 0.04964
789011 0.04968
789023 0.05047
789035 0.04965
789047 0.05047
789059 0.05049
789071 0.04965
789083 0.05026
789095 0.05026
789107 0.05037
789119 0.04993
789131 0.04993
789143 0.05025
789167 0.05036
789179 0.04989
789191 0.04994
789203 0.0505
789215 0.05024
789239 0.05047
789263 0.04955
789275 0.05051
789287 0.04969
789359 0.05045
789383 0.05022
789395 0.05033
789455 0.05049
789467 0.04965
789479 0.04881
789503 0.04985
789515 0.0502
789539 0.05043
789551 0.04999
789563 0.0502
789575 0.05047
789635 0.04967
789647 0.05041
789695 0.05002
789707 0.04888
789719 0.05029
789743 0.04982
789767 0.0494
789791 0.0497
789803 0.05044
789815 0.05039
789827 0.05016
789839 0.04981
789875 0.05038
789887 0.05038
789911 0.05015
789923 0.05015
789935 0.04979
789947 0.05026
789971 0.05037
789983 0.05006
790019 0.05025
790055 0.05007
790067 0.05036
790079 0.05036
790091 0.05041
790103 0.05041
790115 0.05024
790151 0.05035
790163 0.04975
790175 0.05009
790211 0.04896
790223 0.04976
790247 0.05011
790259 0.05022
790283 0.05038
790295 0.05038
790319 0.05011
790415 0.05037
790427 0.05031
790439 0.04974
790463 0.04981
790475 0.05031
790487 0.04987
790511 0.05035
790535 0.05019
790559 0.04989
790631 0.05029
790643 0.05034
790655 0.04983
790667 0.05028
790679 0.05017
790727 0.04985
790751 0.05016
790763 0.05032
790775 0.05016
790787 0.05027
790811 0.05032
790823 0.05019
790835 0.04993
790847 0.05031
790859 0.04986
790895 0.05025
790907 0.05025
790919 0.04994
790931 0.05014
790943 0.05016
790955 0.0503
791027 0.05029
791039 0.05013
791051 0.04996
791063 0.05001
791075 0.04989
791171 0.05025
791183 0.04992
791195 0.05011
791207 0.05026
791219 0.04999
791231 0.05026
791243 0.05026
791255 0.05021
791267 0.05021
791279 0.05
791303 0.05025
791315 0.05025
791327 0.05011
791339 0.05027
791375 0.05008
791399 0.05008
791459 0.04962
791471 0.05023
791483 0.05023
791495 0.05018
791507 0.04995
791555 0.05031
791579 0.05017
791591 0.05006
791603 0.04959
791615 0.05005
791675 0.05016
791723 0.05033
791735 0.0502
791747 0.05007
791759 0.05007
791771 0.05034
791807 0.05014
791831 0.05035
791867 0.04972
791879 0.05013
791903 0.05018
791915 0.05001
791963 0.05037
792011 0.05011
792059 0.05039
792083 0.04936
792143 0.05015
792155 0.0504
792167 0.05008
792191 0.05007
792203 0.04935
792251 0.05042
792275 0.05015
792287 0.05013
792311 0.05042
792335 0.05043
792347 0.05017
792395 0.05011
792407 0.05006
792419 0.04949
792431 0.04977
792455 0.05011
792467 0.04994
792503 0.04918
792515 0.05005
792527 0.04996
792539 0.05012
792575 0.05014
792587 0.04885
792599 0.04993
792611 0.05047
792623 0.05013
792659 0.05048
792671 0.04992
792695 0.05016
792707 0.05022
792719 0.05002
792743 0.05015
792767 0.05023
792779 0.0505
792791 0.04944
792827 0.04937
792839 0.0478
792875 0.05019
792887 0.04924
792899 0.05025
792911 0.04989
792923 0.0505
792935 0.05026
792947 0.04999
792971 0.0505
792995 0.05049
793007 0.05027
793019 0.04988
793031 0.0502
793067 0.04937
793079 0.05048
793115 0.05022
793127 0.04986
793151 0.05023
793163 0.05022
793175 0.05047
793211 0.05024
793247 0.05031
793259 0.05023
793295 0.05
793307 0.05025
793319 0.05032
793331 0.05
793355 0.05045
793367 0.04999
793391 0.04999
793415 0.05044
793427 0.04982
793451 0.05043
793463 0.05028
793475 0.04998
793535 0.05029
793571 0.04948
793583 0.05028
793595 0.05042
793619 0.05041
793631 0.0503
793643 0.04936
793703 0.0504
793715 0.05038
793727 0.0499
793751 0.05038
793775 0.04994
793799 0.04999
793811 0.05033
793823 0.04993
793835 0.05034
793847 0.04949
793871 0.05038
793883 0.05034
793895 0.04993
793907 0.05041
793943 0.04992
793991 0.05042
794003 0.05036
794027 0.05043
794051 0.05036
794075 0.05037
794099 0.05003
794123 0.05038
794135 0.05044
794159 0.04954
794195 0.05038
794243 0.0504
794255 0.05039
794267 0.04955
794279 0.05039
794303 0.04987
794339 0.05032
794351 0.05048
794375 0.05048
794387 0.05048
794411 0.04986
794435 0.05043
794459 0.04958
794555 0.05051
794567 0.05045
794603 0.05046
794627 0.05011
794639 0.0505
794651 0.05045
794663 0.04983
794675 0.05028
794687 0.05012
794723 0.04897
794735 0.04977
794747 0.05048
794771 0.05048
794807 0.05048
794819 0.05048
794843 0.04968
794855 0.0505
794867 0.0498
794891 0.04964
794903 0.05049
794915 0.0505
794927 0.05046
794939 0.04963
794951 0.04979
794975 0.05046
795035 0.05018
795059 0.05051
795095 0.04944
795119 0.05044
795143 0.05049
795155 0.0502
795167 0.05043
795179 0.05022
795191 0.05049
795215 0.05048
795227 0.05048
795263 0.05048
795275 0.05048
795287 0.0497
795335 0.05046
795359 0.05041
795371 0.05023
795383 0.05047
795407 0.05045
795419 0.05019
795431 0.05046
795491 0.05045
795515 0.05039
795563 0.04908
795575 0.05043
795611 0.05038
795623 0.05044
795671 0.05042
795683 0.05015
795695 0.05042
795731 0.05041
795755 0.04982
795767 0.04969
795779 0.05042
795815 0.0503
795839 0.05035
795851 0.0504
795863 0.05013
795875 0.0504
795887 0.04963
795911 0.05012
795935 0.05034
795959 0.04881
796007 0.04982
796031 0.04987
796055 0.05037
796079 0.05034
796175 0.05031
796187 0.04999
796199 0.05036
796211 0.04966
796223 0.04936
796235 0.05036
796271 0.05034
796283 0.05034
796295 0.05029
796319 0.05035
796331 0.05035
796343 0.05033
796355 0.05028
796367 0.05038
796403 0.04948
796415 0.05039
796427 0.04989
796463 0.05033
796475 0.05005
796499 0.05033
796511 0.05031
796523 0.05005
796535 0.05032
796547 0.04959
796559 0.05041
796607 0.05042
796643 0.05031
796655 0.04992
796667 0.05043
796691 0.04997
796703 0.04974
796715 0.05044
796763 0.04998
796775 0.05029
796787 0.05028
796811 0.05027
796823 0.05028
796835 0.05028
796895 0.05047
796907 0.04996
796919 0.05047
796943 0.05027
796955 0.05048
796979 0.05026
796991 0.05026
797027 0.0502
797075 0.05049
797087 0.05003
797099 0.04999
797111 0.05025
797123 0.05004
797135 0.0498
797147 0.05
797195 0.04991
797219 0.05017
797231 0.05022
797243 0.05022
797255 0.05022
797267 0.05022
797279 0.0505
797327 0.05021
797351 0.05016
797375 0.05048
797387 0.05008
797435 0.0502
797471 0.0502
797483 0.0502
797519 0.05014
797543 0.05018
797555 0.05046
797603 0.04998
797615 0.05045
797651 0.05012
797663 0.04918
797675 0.05045
797687 0.05011
797723 0.05017
797735 0.05044
797759 0.05044
797771 0.05015
797795 0.05043
797807 0.05009
797819 0.05043
797831 0.05016
797843 0.04991
797867 0.05002
797879 0.05011
797891 0.05042
797903 0.05016
797915 0.04881
797939 0.05012
797951 0.05041
797963 0.05003
797975 0.05008
797999 0.05041
798011 0.0504
798047 0.05014
798083 0.04955
798095 0.05019
798107 0.05019
798119 0.05039
798167 0.05038
798203 0.05011
798215 0.05021
798275 0.05008
798299 0.0501
798311 0.0501
798359 0.05019
798395 0.05003
798407 0.05019
798419 0.05008
798455 0.05035
798479 0.05035
798491 0.05034
798515 0.05021
798551 0.05034
798563 0.04962
798575 0.05026
798587 0.05013
798611 0.05027
798635 0.05005
798659 0.05032
798671 0.05032
798683 0.05005
798707 0.05028
798719 0.05024
798731 0.05031
798755 0.05031
798767 0.05031
798779 0.04927
798803 0.05016
798827 0.04939
798839 0.04853
798851 0.0503
798863 0.05007
798875 0.05027
798947 0.05008
798959 0.05028
798971 0.05001
798983 0.05009
799007 0.05028
799043 0.04973
799067 0.0501
799115 0.05006
799175 0.05031
799187 0.05022
799199 0.04971
799211 0.05036
799235 0.05008
799247 0.05037
799283 0.04973
799295 0.05037
799319 0.05024
799367 0.05038
799391 0.05039
799415 0.05039
799439 0.05035
799451 0.0504
799463 0.05016
799475 0.0504
799499 0.04936
799511 0.05037
799535 0.05037
799559 0.05037
799571 0.05018
799583 0.05013
799595 0.05038
799607 0.05042
799631 0.05029
799667 0.05043
799703 0.0503
799751 0.0504
799763 0.04981
799787 0.04919
799799 0.05041
799811 0.05045
799823 0.05045
799835 0.05042
799847 0.05032
799871 0.05033
799907 0.04983
799931 0.05034
799943 0.05047
799955 0.05043
800015 0.04987
800027 0.05045
800039 0.05045
800051 0.05025
800087 0.05045
800099 0.05014
800135 0.0505
800147 0.0505
800183 0.04987
800195 0.05038
800207 0.05051
800219 0.05023
800255 0.05048
800279 0.05048
800315 0.05049
800327 0.05049
800339 0.05025
800363 0.0504
800375 0.0504
800387 0.05048
800411 0.05048
800423 0.05048
800459 0.05051
800471 0.05051
800495 0.05032
800507 0.05047
800531 0.0505
800543 0.04993
800555 0.0505
800567 0.05049
800591 0.05049
800603 0.05044
800615 0.05049
800627 0.05044
800675 0.0503
800699 0.05048
800723 0.05036
800735 0.05036
800747 0.04973
800771 0.05006
800807 0.05047
800819 0.05033
800831 0.05043
800843 0.04977
800855 0.05005
800867 0.05048
800891 0.05048
800927 0.05049
800939 0.04991
800951 0.05049
800975 0.05044
801047 0.05041
801083 0.0504
801095 0.05051
801119 0.05043
801131 0.0505
801143 0.0505
801167 0.05043
801191 0.0503
801239 0.05
801251 0.05044
801263 0.05048
801275 0.05041
801287 0.05044
801299 0.04996
801323 0.0504
801335 0.05041
801383 0.05036
801395 0.05046
801443 0.05007
801455 0.05047
801467 0.05046
801479 0.05043
801515 0.05045
801527 0.05037
801575 0.05033
801587 0.05033
801599 0.05036
801623 0.0505
801635 0.05036
801659 0.05046
801695 0.05011
801719 0.05035
801731 0.05043
801755 0.05031
801767 0.05031
801803 0.05031
801815 0.0505
801827 0.0505
801851 0.04992
801863 0.05041
801887 0.05033
801899 0.05033
801923 0.05048
801983 0.05051
801995 0.05051
802055 0.05038
802067 0.05038
802079 0.0505
802091 0.0505
802175 0.05045
802211 0.05049
802223 0.05045
802235 0.05036
802247 0.05036
802271 0.04993
802295 0.05044
802343 0.05047
802355 0.05047
802367 0.04986
802379 0.05013
802391 0.05046
802403 0.05021
802427 0.05042
802451 0.05033
802475 0.05041
802547 0.05032
802559 0.0493
802571 0.05024
802595 0.05044
802619 0.04956
802631 0.0502
802655 0.05043
802679 0.05018
802691 0.05026
802727 0.05026
802739 0.04986
802775 0.05041
802835 0.05028
802847 0.05037
802859 0.04954
802871 0.05021
802907 0.05036
802919 0.0504
802931 0.0503
802943 0.05036
803003 0.0495
803039 0.05023
803051 0.05026
803063 0.05038
803075 0.05038
803111 0.05037
803123 0.05024
803147 0.05033
803159 0.05017
803219 0.05026
803231 0.05034
803291 0.04994
803351 0.05036
803363 0.05036
803375 0.05022
803423 0.05037
803459 0.04997
803471 0.05029
803495 0.0502
803531 0.05039
803543 0.05031
803603 0.05032
803639 0.05032
803675 0.04994
803699 0.05033
803711 0.05034
803735 0.05042
803747 0.05025
803759 0.05009
803771 0.05042
803783 0.05043
803795 0.05043
803807 0.05016
803843 0.05005
803855 0.05044
803891 0.05018
803903 0.05036
803915 0.05045
803951 0.05037
804011 0.05003
804023 0.05046
804047 0.05047
804071 0.05039
804083 0.05047
804095 0.05013
804131 0.05007
804143 0.0504
804155 0.0504
804167 0.0502
804215 0.05041
804227 0.05023
804251 0.0505
804275 0.05023
804287 0.0505
804299 0.0501
804311 0.05043
804347 0.05051
804359 0.05022
804407 0.05011
804419 0.04978
804431 0.05021
804455 0.05017
804467 0.05008
804479 0.05045
804491 0.05027
804503 0.05008
804539 0.05046
804563 0.05019
804575 0.05047
804599 0.04932
804623 0.05048
804635 0.05048
804647 0.04998
804671 0.05048
804683 0.05014
804695 0.0503
804719 0.05016
804731 0.0503
804755 0.05031
804779 0.05017
804791 0.05045
804815 0.05032
804839 0.04968
804851 0.05044
804863 0.05012
804875 0.05033
804887 0.05033
804899 0.04995
804911 0.05044
804923 0.05011
804935 0.05014
804947 0.0502
804959 0.05014
804971 0.04994
804995 0.05049
805043 0.05035
805055 0.05012
805103 0.05041
805115 0.05048
805127 0.05023
805139 0.05047
805151 0.05037
805163 0.05017
805175 0.0504
805199 0.05047
805211 0.0504
805259 0.05025
805319 0.05025
805343 0.0504
805367 0.05005
805379 0.05026
805391 0.05044
805415 0.05021
805439 0.04993
805475 0.05043
805511 0.05036
805535 0.05023
805547 0.05029
805595 0.05024
805619 0.04996
805631 0.05041
805643 0.05041
805655 0.05031
805667 0.05045
805679 0.05041
805691 0.04985
805715 0.05032
805739 0.05004
805751 0.05046
805763 0.05026
805775 0.05004
805823 0.05024
805871 0.05048
805895 0.05038
805907 0.04999
805943 0.05001
805979 0.04939
806003 0.0503
806015 0.0503
806063 0.05051
806075 0.05036
806099 0.05003
806135 0.0505
806147 0.0505
806171 0.0505
806195 0.04999
806207 0.04989
806219 0.05005
806231 0.05027
806243 0.04986
806255 0.05049
806267 0.05027
806279 0.04978
806339 0.04905
806351 0.05047
806375 0.05042
806387 0.05036
806411 0.05031
806435 0.04983
806459 0.05009
806471 0.05046
806495 0.04995
806519 0.0503
806531 0.05038
806555 0.0503
806567 0.05045
806591 0.05044
806603 0.05029
806651 0.05046
806663 0.05044
806675 0.05046
806687 0.04996
806699 0.04973
806711 0.05037
806723 0.05021
806735 0.05013
806747 0.05043
806771 0.05014
806795 0.05042
806819 0.05048
806831 0.04991
806843 0.0502
806855 0.05049
806879 0.05015
806891 0.05044
806915 0.05025
806927 0.05
806939 0.05025
806963 0.0504
807047 0.0505
807131 0.05049
807143 0.05044
807155 0.05044
807167 0.05049
807179 0.05004
807191 0.05048
807215 0.04995
807227 0.05037
807239 0.04894
807263 0.05049
807275 0.05036
807311 0.0505
807323 0.05035
807335 0.0502
807395 0.05023
807431 0.05049
807443 0.0498
807455 0.05012
807467 0.0505
807503 0.0505
807551 0.0501
807563 0.05017
807575 0.05049
807611 0.05032
807623 0.0501
807659 0.04964
807683 0.05047
807695 0.0505
807719 0.04965
807743 0.0503
807767 0.05041
807779 0.05041
807791 0.05029
807803 0.05048
807827 0.05048
807839 0.04959
807863 0.0503
807875 0.05031
807887 0.05007
807911 0.05044
807935 0.05006
808031 0.05046
808043 0.05043
808067 0.05045
808079 0.05037
808091 0.05045
808103 0.05045
808115 0.05045
808139 0.05037
808151 0.05025
808163 0.05044
808199 0.05036
808235 0.05024
808259 0.04937
808271 0.05037
808319 0.05037
808331 0.05042
808355 0.05039
808367 0.05041
808379 0.04975
808427 0.05041
808451 0.0504
808463 0.05037
808475 0.0504
808487 0.05037
808499 0.05032
808511 0.05032
808535 0.05032
808547 0.04907
808595 0.0502
808619 0.05026
808631 0.04997
808643 0.05038
808667 0.05035
808703 0.05037
808763 0.04981
808775 0.05029
808787 0.05036
808799 0.04947
808823 0.05033
808835 0.05036
808883 0.04994
808907 0.05035
808931 0.05031
808943 0.05034
808955 0.05047
808967 0.05031
808979 0.05048
809003 0.05048
809015 0.04999
809027 0.0503
809039 0.04999
809075 0.05033
809099 0.05033
809111 0.05032
809135 0.05029
809159 0.05034
809219 0.05051
809255 0.0505
809267 0.05036
809279 0.04961
809303 0.0505
809315 0.0505
809327 0.05022
809351 0.05022
809375 0.05026
809387 0.05038
809411 0.05048
809435 0.05029
809471 0.05048
809483 0.05008
809495 0.05047
809519 0.04956
809531 0.05047
809543 0.05024
809627 0.05041
809639 0.04958
809651 0.04958
809663 0.05025
809675 0.05045
809687 0.05025
809711 0.05025
809723 0.05045
809783 0.05021
809795 0.05044
809807 0.04983
809819 0.04997
809831 0.05045
809867 0.05036
809879 0.05045
809927 0.05003
809951 0.05022
809975 0.04981
809987 0.05047
809999 0.05041
810011 0.05021
810047 0.05048
810083 0.0502
810095 0.0504
810107 0.05049
810119 0.05012
810143 0.05039
810155 0.05039
810167 0.0505
810215 0.05041
810263 0.05004
810275 0.05051
810287 0.04937
810311 0.0505
810323 0.05043
810335 0.0505
810347 0.05009
810359 0.05005
810371 0.0505
810431 0.05016
810479 0.05007
810515 0.05035
810527 0.05015
810575 0.05047
810599 0.05034
810611 0.05047
810635 0.05048
810647 0.05048
810683 0.05033
810707 0.05049
810719 0.05045
810731 0.05045
810743 0.05049
810755 0.05032
810767 0.05012
810779 0.05004
810803 0.05012
810815 0.0497
810827 0.05044
810851 0.05031
810875 0.05051
810887 0.05043
810899 0.05043
810911 0.0505
810935 0.04991
810947 0.0505
810959 0.05042
810983 0.0505
810995 0.05042
811007 0.05049
811019 0.05001
811031 0.05041
811043 0.0496
811055 0.05049
811103 0.05027
811115 0.05007
811151 0.0504
811175 0.0504
811187 0.05006
811211 0.05039
811223 0.05047
811235 0.05046
811247 0.05006
811271 0.05019
811283 0.0502
811331 0.05045
811343 0.05024
811355 0.05004
811367 0.05045
811403 0.04931
811415 0.05037
811427 0.05044
811439 0.05023
811451 0.04969
811463 0.05044
811475 0.05036
811487 0.05043
811535 0.05023
811547 0.05043
811559 0.05022
811571 0.05022
811595 0.05042
811655 0.05021
811679 0.05033
811739 0.04911
811751 0.0504
811775 0.05027
811787 0.05032
811811 0.05039
811823 0.04958
811835 0.04996
811859 0.05018
811895 0.05031
811907 0.0503
811943 0.0498
812015 0.05037
812027 0.04943
812039 0.05031
812075 0.05032
812111 0.05032
812123 0.05035
812135 0.05028
812147 0.05027
812159 0.05033
812219 0.04978
812231 0.05034
812291 0.05026
812315 0.05035
812327 0.05033
812375 0.05036
812399 0.05011
812423 0.05037
812435 0.05037
812459 0.05024
812471 0.05031
812483 0.05031
812507 0.05031
812531 0.05039
812543 0.04956
812555 0.05003
812567 0.0503
812579 0.05022
812603 0.0504
812651 0.05021
812675 0.04988
812723 0.05028
812735 0.05042
812747 0.0497
812771 0.05027
812783 0.04984
812831 0.05043
812843 0.05006
812855 0.05043
812879 0.05044
812891 0.05005
812903 0.05008
812915 0.05044
812927 0.05018
812951 0.04985
812975 0.05017
812999 0.05017
813011 0.05046
813035 0.05046
813059 0.05016
813071 0.05047
813095 0.05011
813119 0.05048
813131 0.05048
813155 0.05023
813179 0.05048
813191 0.05015
813215 0.05014
813263 0.05021
813275 0.05014
813335 0.05051
813347 0.0502
813359 0.05015
813371 0.04995
813395 0.0502
813431 0.05016
813467 0.05011
813491 0.05049
813527 0.05018
813539 0.04998
813551 0.05018
813563 0.05018
813575 0.05017
813587 0.04983
813611 0.05048
813659 0.05
813671 0.05047
813719 0.05046
813731 0.05001
813743 0.05021
813779 0.05008
813791 0.05002
813827 0.04987
813851 0.05045
813875 0.05044
813899 0.04993
813923 0.05023
813959 0.05011
813983 0.05024
813995 0.05043
814055 0.05025
814079 0.05012
814091 0.05042
814103 0.04952
814163 0.05041
814175 0.05027
814223 0.05015
814247 0.04969
814259 0.04881
814271 0.04966
814283 0.05039
814319 0.0501
814331 0.0503
814343 0.04995
814355 0.05039
814391 0.05038
814415 0.05038
814427 0.04999
814439 0.05031
814451 0.05031
814463 0.05018
814475 0.05012
814499 0.05032
814511 0.05037
814523 0.05036
814571 0.05033
814583 0.04985
814595 0.0502
814607 0.04999
814619 0.04984
814655 0.05034
814679 0.05035
814691 0.04984
814703 0.05035
814715 0.05034
814727 0.04996
814739 0.05016
814751 0.05034
814775 0.05033
814787 0.05002
814811 0.05037
814835 0.05024
814871 0.05025
814895 0.05032
814919 0.05038
814967 0.05004
814979 0.05031
815027 0.05005
815039 0.0504
815051 0.05027
815075 0.05041
815087 0.04991
815147 0.0499
815171 0.05042
815183 0.05029
815195 0.05043
815207 0.04997
815219 0.05023
815243 0.04957
815255 0.05044
815267 0.04992
815303 0.04993
815327 0.0501
815339 0.04989
815363 0.04995
815375 0.05026
815387 0.05011
815423 0.05033
815435 0.04995
815483 0.05047
815495 0.05034
815531 0.05028
815555 0.05035
815567 0.04997
815579 0.04993
815591 0.05023
815603 0.05049
815615 0.04998
815699 0.05022
815711 0.0505
815723 0.05016
815747 0.04996
815795 0.05039
815807 0.04964
815867 0.04997
815879 0.05033
815903 0.05019
815915 0.05034
815927 0.05019
815951 0.05048
815975 0.05035
815987 0.05003
815999 0.05048
816023 0.05048
816035 0.05047
816059 0.04967
816071 0.05047
816095 0.05047
816119 0.05017
816143 0.05002
816155 0.05044
816179 0.05038
816263 0.05045
816275 0.05015
816287 0.05024
816311 0.05046
816335 0.05047
816347 0.05025
816359 0.04976
816371 0.05009
816383 0.05006
816395 0.05041
816419 0.04975
816431 0.05048
816455 0.05042
816467 0.05027
816479 0.05049
816491 0.05042
816515 0.05049
816527 0.05028
816551 0.0505
816563 0.0505
816575 0.0505
816611 0.05051
816623 0.04921
816659 0.04972
816671 0.05045
816683 0.0503
816695 0.0505
816707 0.04972
816719 0.0505
816731 0.0505
816803 0.05047
816863 0.05016
816875 0.05033
816923 0.05047
816935 0.05049
816959 0.0505
816983 0.0505
817019 0.0505
817031 0.05019
817043 0.05019
817079 0.05045
817091 0.05034
817115 0.05037
817139 0.05034
817175 0.05044
817199 0.05004
817235 0.04985
817259 0.04946
817271 0.05039
817283 0.05023
817355 0.0504
817367 0.05041
817391 0.05047
817427 0.05021
817439 0.0503
817475 0.0504
817499 0.0504
817511 0.05043
817535 0.05043
817559 0.05045
817571 0.05044
817583 0.05039
817595 0.05028
817607 0.05028
817619 0.05039
817643 0.05038
817655 0.04998
817667 0.05025
817691 0.05025
817751 0.05026
817763 0.05047
817775 0.05047
817799 0.04996
817811 0.05042
817847 0.05028
817859 0.05041
817895 0.05032
817955 0.05035
817967 0.0505
817991 0.0503
818003 0.05034
818015 0.05031
818027 0.05031
818039 0.05033
818063 0.05039
818075 0.05033
818087 0.05035
818111 0.0505
818159 0.05037
818183 0.05049
818195 0.05037
818243 0.05034
818255 0.05034
818267 0.05048
818279 0.05036
818315 0.05038
818351 0.04962
818375 0.05047
818411 0.05047
818423 0.04963
818435 0.05046
818447 0.04945
818459 0.05037
818471 0.05041
818483 0.05038
818495 0.05046
818507 0.05037
818519 0.05038
818555 0.04916
818567 0.05042
818591 0.05039
818615 0.05044
818627 0.05006
818639 0.04986
818651 0.04948
818675 0.05026
818699 0.05025
818711 0.05044
818735 0.05014
818747 0.05043
818759 0.04848
818795 0.05013
818807 0.0495
818843 0.05029
818879 0.05012
818891 0.05047
818903 0.05044
818915 0.05028
818927 0.05044
818975 0.05048
818987 0.05045
819023 0.05039
819047 0.05013
819059 0.05026
819071 0.05013
819107 0.05046
819143 0.0498
819191 0.05009
819203 0.05025
819215 0.0505
819227 0.04957
819275 0.05036
819299 0.05016
819323 0.05049
819335 0.05051
819347 0.05049
819359 0.0505
819383 0.05051
819395 0.05035
819455 0.0505
819467 0.0505
819479 0.05019
819515 0.0505
819539 0.04937
819551 0.05049
819575 0.05049
819587 0.05048
819611 0.05049
819671 0.05013
819683 0.05013
819695 0.05019
819755 0.0503
819791 0.0503
819803 0.0503
819815 0.05029
819839 0.05017
819851 0.05017
819863 0.05011
819875 0.05042
819923 0.05041
819947 0.04967
819959 0.04999
819971 0.05041
819983 0.05041
819995 0.05043
820007 0.05027
820019 0.05044
820031 0.04998
820043 0.05043
820079 0.04969
820091 0.05042
820103 0.05042
820127 0.05042
820139 0.05042
820175 0.05041
820211 0.05041
820235 0.05041
820259 0.04881
820307 0.0504
820379 0.05033
820391 0.05039
820415 0.05035
820439 0.05034
820451 0.05022
820475 0.05037
820511 0.05037
820523 0.05037
820535 0.05037
820547 0.05037
820571 0.04992
820583 0.04992
820595 0.05033
820631 0.04997
820655 0.05037
820667 0.05037
820715 0.05038
820739 0.05035
820751 0.05035
820775 0.05039
820787 0.05034
820799 0.05
820811 0.05039
820823 0.04989
820835 0.0504
820859 0.05004
820871 0.05033
820895 0.05033
820919 0.05032
820943 0.05029
820979 0.05002
821015 0.04957
821051 0.05028
821087 0.0503
821111 0.05044
821123 0.05029
821135 0.0503
821159 0.05001
821171 0.05029
821219 0.05045
821231 0.05029
821243 0.05
821279 0.05006
821315 0.05047
821339 0.05047
821351 0.05007
821363 0.04993
821375 0.05026
821399 0.05048
821423 0.05026
821435 0.05049
821447 0.05049
821483 0.05022
821531 0.05022
821543 0.04996
821555 0.0505
821567 0.05021
821579 0.05024
821591 0.05051
821615 0.04992
821639 0.04993
821675 0.05023
821687 0.05023
821699 0.0505
821711 0.05023
821735 0.05049
821795 0.05021
821807 0.05021
821867 0.04996
821903 0.05017
821915 0.05017
821927 0.0502
821951 0.05047
821963 0.04968
821975 0.0502
821987 0.05016
822023 0.05018
822035 0.05018
822047 0.05019
822071 0.05018
822107 0.05017
822119 0.05045
822143 0.05001
822179 0.0502
822203 0.05016
822227 0.05043
822239 0.05021
822251 0.05013
822263 0.04999
822275 0.05021
822287 0.05042
822311 0.05015
822359 0.04912
822395 0.05041
822419 0.05041
822455 0.05014
822467 0.05013
822491 0.0504
822503 0.04976
822527 0.0501
822575 0.05026
822623 0.04967
822635 0.04983
822659 0.05038
822695 0.0501
822707 0.0501
822719 0.0501
822731 0.05028
822755 0.0501
822779 0.05036
822815 0.05011
822827 0.05036
822851 0.05011
822875 0.05035
822899 0.05035
822911 0.05035
822923 0.05005
822959 0.04979
822983 0.05007
823019 0.05033
823055 0.05033
823067 0.05006
823079 0.05006
823091 0.05003
823139 0.05005
823151 0.05032
823175 0.05032
823187 0.05002
823199 0.05035
823211 0.05035
823223 0.05036
823235 0.05004
823247 0.05031
823259 0.05031
823295 0.05003
823307 0.05003
823331 0.0503
823343 0.04974
823355 0.05029
823367 0.05002
823379 0.05029
823391 0.05002
823403 0.05038
823439 0.04957
823463 0.04957
823475 0.05039
823523 0.05
823571 0.05022
823583 0.05041
823595 0.05026
823607 0.05022
823631 0.04971
823655 0.05042
823667 0.05023
823691 0.05043
823739 0.05025
823763 0.04981
823775 0.04953
823811 0.05044
823823 0.04997
823847 0.04997
823859 0.05045
823883 0.05046
823895 0.05046
823919 0.05027
823931 0.05022
823943 0.04995
823955 0.05047
823979 0.04998
823991 0.05022
824003 0.05047
824027 0.04994
824051 0.04994
824075 0.04999
824111 0.05049
824135 0.05049
824159 0.04964
824171 0.05031
824207 0.05019
824243 0.05051
824255 0.05032
824267 0.05018
824291 0.0505
824303 0.04957
824315 0.04957
824327 0.0499
824375 0.05049
824387 0.05034
824423 0.04956
824435 0.05016
824471 0.04989
824483 0.05048
824495 0.05048
824507 0.05036
824519 0.05015
824567 0.05037
824603 0.05007
824615 0.05047
824627 0.04971
824639 0.05046
824675 0.05013
824687 0.04983
824711 0.05045
824735 0.0497
824747 0.05012
824771 0.05012
824783 0.04982
824795 0.05044
824855 0.05011
824867 0.04981
824879 0.0495
824903 0.04983
824915 0.0501
824927 0.0501
824963 0.05013
824975 0.04953
824987 0.05043
824999 0.05042
825011 0.05013
825023 0.05014
825035 0.05044
825083 0.04979
825095 0.04978
825119 0.0504
825155 0.0504
825179 0.05046
825215 0.05017
825227 0.0498
825239 0.0498
825251 0.05039
825263 0.05039
825275 0.05017
825299 0.04951
825311 0.05048
825323 0.04978
825335 0.05048
825371 0.04978
825383 0.05037
825431 0.05004
825455 0.05036
825539 0.05051
825563 0.05035
825587 0.0505
825599 0.05022
825623 0.04975
825635 0.05002
825659 0.05034
825671 0.05034
825695 0.05049
825719 0.04953
825731 0.05033
825755 0.05048
825803 0.05032
825815 0.05047
825863 0.05026
825899 0.05046
825911 0.05027
825935 0.05027
825995 0.0503
826007 0.0497
826043 0.05029
826067 0.04967
826079 0.05044
826091 0.05044
826103 0.04969
826115 0.05044
826127 0.04996
826163 0.05031
826175 0.05031
826187 0.04995
826223 0.04965
826247 0.05042
826295 0.05033
826307 0.04972
826319 0.04971
826331 0.04973
826343 0.04966
826355 0.05041
826367 0.05041
826415 0.05035
826439 0.0504
826451 0.04962
826475 0.04991
826487 0.04745
826511 0.05036
826535 0.05039
826547 0.04991
826595 0.05038
826619 0.05038
826643 0.05038
826679 0.05037
826691 0.05039
826703 0.04959
826727 0.04988
826739 0.04988
826751 0.05036
826763 0.04979
826775 0.05036
826871 0.0498
826931 0.05034
827003 0.05043
827015 0.05017
827027 0.04985
827051 0.05044
827075 0.05032
827099 0.05016
827111 0.04984
827135 0.05045
827159 0.05016
827171 0.05015
827195 0.05046
827207 0.0503
827219 0.05047
827243 0.05015
827255 0.05047
827267 0.04952
827291 0.05029
827339 0.04977
827363 0.05049
827375 0.0491
827399 0.04946
827435 0.04989
827471 0.0505
827483 0.04989
827495 0.05011
827507 0.0499
827519 0.04948
827531 0.05051
827579 0.04923
827603 0.0505
827651 0.0501
827687 0.04993
827735 0.04993
827747 0.05024
827759 0.05024
827807 0.04949
827819 0.04975
827831 0.05023
827855 0.05047
827879 0.05047
827891 0.05007
827915 0.04996
827951 0.04996
827975 0.05021
827999 0.05021
828023 0.05005
828035 0.05045
828083 0.05004
828095 0.04999
828107 0.04972
828155 0.05043
828167 0.05
828191 0.05043
828203 0.05003
828215 0.05
828227 0.04944
828263 0.04927
828275 0.05002
828287 0.05017
828299 0.04991
828311 0.05041
828323 0.05003
828359 0.04942
828395 0.0504
828419 0.05003
828443 0.05004
828455 0.05003
828467 0.04941
828479 0.05
828491 0.05004
828539 0.05014
828551 0.05014
828563 0.05005
828575 0.05005
828599 0.05013
828623 0.04998
828635 0.05013
828671 0.05008
828683 0.04997
828695 0.05037
828719 0.05036
828755 0.05009
828791 0.05008
828815 0.05035
828827 0.0501
828839 0.05011
828851 0.05035
828875 0.05011
828887 0.0501
828911 0.04879
828935 0.05034
828959 0.05033
828971 0.05033
828983 0.0499
829007 0.05009
829019 0.04993
829031 0.05013
829043 0.05032
829067 0.04933
829079 0.05032
829091 0.05014
829103 0.05032
829115 0.04992
829127 0.05007
829139 0.05013
829163 0.05004
829175 0.05015
829235 0.05016
829247 0.04994
829259 0.05015
829271 0.05005
829283 0.05017
829295 0.05029
829343 0.05017
829355 0.04995
829367 0.05018
829391 0.05028
829403 0.04988
829427 0.05019
829475 0.05027
829487 0.0502
829499 0.05019
829523 0.04987
829535 0.05021
829571 0.05002
829595 0.05022
829607 0.04928
829619 0.05011
829631 0.05021
829667 0.05
829679 0.0498
829691 0.05025
829715 0.05001
829739 0.05024
829751 0.05023
829763 0.05024
829775 0.05024
829787 0.04925
829799 0.04984
829823 0.05024
829835 0.05025
829859 0.05014
829871 0.05026
829895 0.05015
829919 0.05025
829931 0.05027
829955 0.04997
830015 0.05028
830027 0.05028
830039 0.04996
830063 0.05027
830075 0.05027
830087 0.05029
830147 0.04947
830159 0.05029
830171 0.0503
830183 0.05019
830195 0.04994
830207 0.05008
830231 0.05018
830243 0.05031
830255 0.05018
830291 0.05031
830303 0.05017
830423 0.05034
830435 0.05033
830459 0.05033
830471 0.05033
830519 0.05024
830531 0.05013
830543 0.05036
830555 0.04938
830615 0.05014
830651 0.05026
830663 0.05037
830675 0.05036
830687 0.04924
830723 0.04973
830747 0.05039
830759 0.04996
830783 0.0488
830795 0.05038
830819 0.05029
830831 0.05029
830843 0.05017
830855 0.05018
830867 0.05018
830879 0.0501
830927 0.05041
830975 0.05041
830999 0.05041
831047 0.05043
831059 0.05008
831107 0.05021
831119 0.05002
831131 0.05044
831143 0.05043
831155 0.05034
831179 0.05044
831203 0.05046
831215 0.05044
831251 0.05045
831263 0.05024
831275 0.05047
831311 0.05047
831335 0.05047
831383 0.05047
831395 0.0489
831455 0.05038
831467 0.05027
831479 0.04964
831491 0.05039
831527 0.0505
831551 0.04953
831575 0.0505
831611 0.05041
831623 0.0505
831635 0.04962
831671 0.05051
831695 0.0501
831719 0.05042
831767 0.05031
831779 0.0496
831791 0.05032
831803 0.05032
831875 0.05047
831935 0.05048
831947 0.04943
831959 0.04973
831971 0.05047
832007 0.05035
832019 0.05047
832031 0.05047
832043 0.05045
832055 0.05045
832115 0.05048
832127 0.05017
832139 0.04995
832163 0.05045
832175 0.05044
832187 0.04927
832235 0.05043
832259 0.05044
832271 0.05044
832283 0.05051
832295 0.05051
832319 0.04969
832343 0.05051
832403 0.04965
832439 0.04861
832463 0.05049
832475 0.05049
832511 0.05041
832535 0.0504
832547 0.05043
832559 0.05048
832571 0.0504
832595 0.0504
832619 0.05047
832655 0.05039
832667 0.05025
832691 0.04949
832715 0.05045
832739 0.0497
832751 0.05046
832775 0.05046
832823 0.04987
832859 0.05027
832895 0.05048
832907 0.05048
832955 0.05049
832967 0.04961
832991 0.05049
833027 0.04913
833075 0.05051
833087 0.04941
833111 0.05033
833123 0.05041
833147 0.04961
833159 0.05033
833195 0.04921
833243 0.04982
833267 0.05033
833279 0.05031
833303 0.05049
833315 0.05039
833327 0.05048
833339 0.05031
833351 0.05048
833375 0.05048
833411 0.0503
833435 0.05028
833447 0.05047
833459 0.05037
833471 0.05037
833495 0.05046
833507 0.05037
833531 0.05027
833567 0.05045
833579 0.05028
833603 0.05027
833627 0.05039
833639 0.05039
833651 0.05039
833663 0.04984
833675 0.04984
833687 0.04952
833699 0.0504
833735 0.0504
833771 0.05033
833795 0.05041
833807 0.05041
833819 0.05042
833831 0.05024
833855 0.04975
833867 0.04952
833879 0.05024
833951 0.05041
833975 0.04954
833987 0.04973
834071 0.05045
834083 0.05021
834095 0.05046
834119 0.05046
834167 0.0502
834179 0.05021
834191 0.05047
834203 0.05038
834239 0.05048
834251 0.04977
834263 0.0497
834275 0.05037
834359 0.05018
834371 0.05036
834419 0.05018
834443 0.05035
834455 0.05016
834467 0.05051
834479 0.04961
834491 0.05051
834515 0.05024
834539 0.05024
834551 0.04914
834563 0.04927
834575 0.05033
834587 0.04941
834635 0.05049
834647 0.05049
834683 0.04951
834695 0.05048
834707 0.05013
834719 0.05022
834731 0.05
834743 0.05022
834755 0.05014
834767 0.04985
834779 0.05021
834791 0.04963
834815 0.05047
834827 0.05012
834839 0.05001
834863 0.0502
834875 0.05046
834887 0.04987
834911 0.04946
834923 0.05029
834995 0.05011
835007 0.05028
835031 0.05018
835067 0.04863
835103 0.05009
835127 0.05043
835151 0.05026
835163 0.05017
835175 0.05026
835187 0.05042
835199 0.05008
835211 0.05025
835223 0.05008
835283 0.0496
835295 0.05024
835331 0.05024
835343 0.05007
835367 0.05024
835403 0.05014
835415 0.05039
835439 0.05013
835463 0.05022
835475 0.05004
835499 0.05005
835547 0.05021
835571 0.05012
835583 0.05012
835619 0.05013
835667 0.05036
835691 0.05036
835703 0.05014
835715 0.05036
835727 0.04891
835751 0.05035
835763 0.05015
835775 0.04959
835799 0.05016
835835 0.05018
835871 0.05034
835883 0.05017
835895 0.05034
835991 0.05018
836015 0.05016
836027 0.04984
836051 0.05015
836075 0.05031
836087 0.05015
836099 0.05005
836111 0.05031
836123 0.04948
836135 0.05021
836171 0.05021
836207 0.0503
836231 0.05013
836255 0.05022
836279 0.05007
836303 0.05023
836315 0.05012
836339 0.05028
836363 0.05024
836375 0.05024
836411 0.05027
836435 0.0501
836447 0.0501
836483 0.0501
836495 0.0501
836507 0.0501
836531 0.05026
836543 0.0501
836579 0.05025
836603 0.0499
836615 0.05025
836627 0.05008
836639 0.05025
836651 0.05008
836675 0.04998
836687 0.05013
836711 0.05029
836723 0.04989
836735 0.05023
836759 0.0503
836771 0.05014
836783 0.04989
836795 0.05023
836819 0.04997
836831 0.05022
836855 0.04988
836867 0.04997
836903 0.04996
836915 0.04997
836963 0.05033
836975 0.05021
836987 0.04998
836999 0.04999
837011 0.05033
837023 0.05034
837083 0.05035
837095 0.05019
837119 0.05
837131 0.0502
837143 0.05002
837155 0.05018
837167 0.05001
837179 0.05036
837227 0.05018
837251 0.05037
837275 0.05022
837287 0.05022
837299 0.05038
837311 0.04955
837323 0.05
837335 0.05023
837347 0.0495
837371 0.05016
837383 0.05039
837395 0.05016
837407 0.05015
837443 0.04999
837479 0.0504
837491 0.05006
837515 0.05025
837527 0.04907
837539 0.05026
837551 0.05007
837563 0.04997
837575 0.04997
837587 0.05027
837623 0.04994
837635 0.04986
837671 0.05012
837683 0.04995
837695 0.04987
837719 0.04961
837767 0.05029
837791 0.04997
837803 0.04989
837815 0.05045
837827 0.0503
837851 0.05011
837875 0.05031
837899 0.04984
837911 0.04999
837935 0.05047
837947 0.04902
837959 0.05047
837971 0.04999
837983 0.05048
837995 0.05013
838007 0.05013
838019 0.05048
838031 0.04992
838079 0.05007
838103 0.0505
838127 0.05007
838151 0.05007
838163 0.05002
838175 0.05051
838199 0.04973
838211 0.04928
838223 0.04995
838235 0.05017
838259 0.05017
838271 0.0505
838283 0.04996
838295 0.04996
838307 0.05037
838319 0.05018
838331 0.05038
838355 0.05049
838427 0.04867
838439 0.04977
838475 0.05048
838499 0.05021
838511 0.0504
838523 0.04986
838535 0.05041
838559 0.05041
838595 0.05046
838607 0.05001
838619 0.05042
838655 0.05046
838703 0.05045
838715 0.05043
838727 0.04856
838775 0.05025
838787 0.04857
838811 0.05044
838823 0.05044
838835 0.04977
838859 0.05043
838907 0.04997
838955 0.04963
838967 0.04997
838979 0.05047
839003 0.05015
839015 0.04975
839027 0.05029
839039 0.05041
839063 0.04962
839075 0.05029
839111 0.0503
839123 0.0504
839135 0.05008
839147 0.04995
839159 0.05039
839183 0.05017
839195 0.05009
839219 0.05051
839231 0.05051
839243 0.04968
839255 0.05051
839267 0.04993
839279 0.05051
839291 0.05038
839363 0.05012
839375 0.05049
839387 0.05049
839399 0.05049
839411 0.05012
839423 0.04986
839507 0.04982
839567 0.05036
839579 0.05023
839615 0.05047
839627 0.04885
839639 0.04955
839675 0.05046
839687 0.04985
839699 0.05046
839711 0.04882
839735 0.05045
839747 0.04953
839759 0.05026
839783 0.05026
839795 0.05044
839807 0.04951
839843 0.05027
839891 0.05043
839915 0.0503
839927 0.05043
839939 0.05042
839975 0.05042
840011 0.05042
840035 0.05042
840047 0.05041
840071 0.0503
840095 0.05044
840107 0.05044
840131 0.05028
840143 0.05028
840155 0.05045
840167 0.04966
840191 0.05046
840203 0.05032
840251 0.05026
840263 0.04956
840275 0.05033
840311 0.05038
840323 0.04999
840359 0.0493
840371 0.05025
840383 0.05027
840407 0.04964
840419 0.05049
840431 0.04979
840443 0.05036
840455 0.0505
840503 0.05037
840515 0.0505
840527 0.05036
840563 0.04997
840575 0.04952
840587 0.05051
840599 0.0505
840623 0.05039
840647 0.0505
840659 0.05039
840695 0.0504
840707 0.05033
840719 0.05033
840779 0.0502
840791 0.05033
840815 0.05048
840875 0.05007
840887 0.05031
840935 0.05035
840947 0.05031
840959 0.05044
840971 0.05035
840983 0.04932
840995 0.0503
841007 0.05036
841031 0.05045
841043 0.05004
841115 0.05046
841127 0.05006
841139 0.05016
841151 0.05046
841163 0.05011
841175 0.04971
841199 0.05028
841211 0.05043
841247 0.05043
841271 0.05048
841295 0.05014
841319 0.05049
841331 0.05041
841343 0.04974
841367 0.04968
841379 0.04944
841403 0.05042
841415 0.05042
841439 0.0504
841451 0.0501
841475 0.05016
841487 0.0504
841499 0.05024
841511 0.0504
841523 0.05017
841535 0.0505
841547 0.05044
841571 0.05044
841583 0.05044
841595 0.05018
841607 0.05038
841619 0.04965
841643 0.04978
841667 0.05038
841679 0.05038
841703 0.04948
841715 0.05048
841739 0.05048
841763 0.0502
841775 0.05021
841787 0.05021
841799 0.05021
841811 0.04981
841835 0.04981
841847 0.05048
841871 0.0502
841883 0.04982
841895 0.04952
841967 0.05034
841991 0.05045
842015 0.05044
842039 0.05044
842099 0.05004
842123 0.0502
842135 0.05032
842195 0.05042
842207 0.05022
842231 0.04942
842243 0.05049
842303 0.05048
842375 0.05014
842411 0.0503
842435 0.05039
842459 0.0496
842471 0.05039
842555 0.05032
842579 0.05038
842591 0.05032
842603 0.05027
842639 0.05037
842651 0.04998
842663 0.05037
842687 0.05025
842699 0.05025
842711 0.05025
842723 0.05036
842735 0.05043
842831 0.05035
842843 0.04966
842855 0.05041
842867 0.04951
842903 0.04997
842915 0.04933
842927 0.05023
842963 0.04994
842975 0.0504
843011 0.05033
843023 0.04993
843035 0.05039
843047 0.05034
843059 0.05039
843095 0.05032
843107 0.05
843119 0.04922
843143 0.05038
843167 0.05004
843191 0.0503
843227 0.05037
843263 0.05042
843275 0.05018
843335 0.05043
843359 0.05044
843395 0.05017
843407 0.05035
843419 0.0494
843431 0.05045
843467 0.05016
843479 0.05027
843491 0.05046
843551 0.05041
843563 0.05041
843575 0.05047
843599 0.05026
843611 0.05032
843623 0.05042
843635 0.04999
843647 0.04894
843671 0.05008
843683 0.05043
843695 0.05043
843707 0.05044
843719 0.04985
843731 0.05044
843743 0.05049
843755 0.05049
843767 0.05044
843791 0.0505
843803 0.05023
843827 0.04931
843839 0.05023
843851 0.05011
843875 0.04939
843935 0.05047
843959 0.0505
843971 0.05021
843995 0.04949
844007 0.04994
844031 0.05009
844055 0.05049
844067 0.05014
844079 0.04993
844091 0.05049
844103 0.05014
844115 0.05026
844151 0.0505
844175 0.0505
844211 0.05025
844223 0.04958
844235 0.05051
844259 0.05046
844295 0.05017
844307 0.05006
844319 0.05046
844331 0.05045
844343 0.05049
844355 0.05023
844367 0.05023
844379 0.05005
844391 0.05016
844403 0.05016
844415 0.05044
844451 0.05048
844475 0.05004
844535 0.05043
844571 0.05021
844583 0.05021
844595 0.0502
844655 0.05013
844667 0.04909
844679 0.04986
844691 0.05023
844703 0.05045
844727 0.05045
844751 0.0504
844775 0.05024
844799 0.0504
844835 0.04972
844859 0.05011
844871 0.05026
844883 0.05026
844919 0.05038
844931 0.04999
844943 0.05042
844967 0.05016
844979 0.05009
845051 0.05028
845063 0.05008
845075 0.05015
845123 0.05036
845135 0.05014
845147 0.04924
845171 0.05014
845195 0.05013
845255 0.05031
845267 0.05031
845291 0.05038
845327 0.05012
845339 0.05033
845375 0.05037
845399 0.04978
845411 0.05037
845435 0.05004
845471 0.05034
845483 0.05036
845495 0.05035
845507 0.0501
845543 0.05009
845579 0.04976
845615 0.0503
845627 0.05008
845639 0.0499
845651 0.0499
845663 0.05037
845675 0.05007
845687 0.04974
845711 0.05029
845735 0.05002
845747 0.05007
845759 0.04974
845783 0.05028
845807 0.05032
845843 0.0504
845855 0.05027
845867 0.04976
845891 0.05027
845903 0.05031
845915 0.05031
845939 0.05005
845963 0.05042
845999 0.05012
846011 0.05012
846023 0.05042
846035 0.05043
846047 0.05043
846071 0.05013
846083 0.05029
846107 0.04969
846119 0.04996
846131 0.05044
846143 0.05024
846155 0.05014
846167 0.05028
846191 0.05009
846227 0.05001
846251 0.05009
846263 0.05046
846275 0.05026
846299 0.05022
846335 0.05026
846371 0.05025
846395 0.05025
846455 0.05012
846467 0.04998
846479 0.04991
846491 0.05024
846515 0.05019
846527 0.05023
846539 0.0502
846551 0.05023
846575 0.05023
846611 0.05051
846623 0.05021
846659 0.04968
846671 0.0505
846683 0.05022
846707 0.05021
846731 0.0505
846743 0.05021
846755 0.05017
846767 0.04962
846791 0.05024
846803 0.05049
846827 0.0502
846875 0.05048
846887 0.05048
846899 0.05025
846923 0.05019
846935 0.05014
846947 0.05018
846959 0.05026
846971 0.05026
847019 0.05013
847055 0.05028
847067 0.04978
847115 0.05045
847175 0.05029
847211 0.05023
847235 0.05044
847259 0.05031
847295 0.05043
847307 0.04997
847343 0.05014
847391 0.05032
847403 0.05042
847439 0.05033
847463 0.05008
847475 0.05008
847487 0.05041
847523 0.0494
847535 0.04981
847559 0.05035
847571 0.05007
847583 0.05007
847619 0.05007
847631 0.0503
847643 0.05039
847667 0.0501
847679 0.0503
847691 0.05038
847715 0.05038
847739 0.05038
847751 0.04984
847763 0.05038
847775 0.04989
847811 0.05037
847823 0.05039
847847 0.05036
847859 0.05039
847895 0.05036
847907 0.05007
847931 0.0504
847943 0.05003
847979 0.05041
848003 0.05041
848039 0.05036
848063 0.05036
848075 0.04979
848171 0.05037
848207 0.04985
848231 0.05016
848243 0.05045
848255 0.05045
848279 0.04999
848291 0.04944
848303 0.04996
848315 0.05031
848327 0.04738
848351 0.05046
848375 0.04997
848411 0.05047
848447 0.05029
848459 0.05014
848495 0.05049
848519 0.0502
848543 0.05028
848555 0.05015
848615 0.0505
848627 0.04992
848639 0.05022
848663 0.05045
848675 0.04955
848687 0.05017
848723 0.0505
848735 0.0505
848783 0.0505
848819 0.05049
848831 0.05004
848855 0.05049
848891 0.04982
848903 0.05026
848939 0.05048
848951 0.05023
848975 0.05049
848987 0.05023
848999 0.05047
849011 0.0505
849023 0.0505
849035 0.05022
849059 0.0505
849071 0.04993
849095 0.05051
849107 0.05021
849167 0.04974
849227 0.05025
849239 0.05049
849275 0.05044
849287 0.05001
849299 0.05026
849335 0.05032
849359 0.04988
849371 0.04986
849395 0.05047
849407 0.05018
849431 0.05047
849479 0.05046
849491 0.05046
849503 0.05046
849515 0.05046
849527 0.0497
849551 0.05046
849563 0.05016
849575 0.0504
849611 0.05036
849623 0.05006
849635 0.05045
849647 0.05031
849659 0.05039
849671 0.05039
849683 0.05044
849695 0.05039
849779 0.05013
849791 0.05038
849815 0.05042
849827 0.05034
849863 0.0504
849875 0.05037
849887 0.05019
849911 0.05041
849971 0.05016
849995 0.05011
850007 0.05011
850019 0.05042
850031 0.0504
850055 0.05043
850067 0.05037
850091 0.05034
850103 0.05043
850115 0.05039
850127 0.05023
850151 0.05038
850163 0.05014
850187 0.04939
850199 0.05001
850223 0.05024
850295 0.05041
850319 0.05047
850343 0.05047
850355 0.05047
850367 0.05026
850379 0.04934
850415 0.05006
850463 0.05023
850475 0.05049
850511 0.05034
850523 0.0505
850535 0.05044
850547 0.05044
850559 0.0505
850583 0.05028
850595 0.05033
850607 0.05045
850619 0.05007
850643 0.0503
850655 0.05051
850667 0.04949
850703 0.05003
850715 0.05031
850739 0.0505
850751 0.0505
850775 0.05049
850847 0.05033
850859 0.05029
850883 0.05029
850907 0.04947
850919 0.05024
850931 0.05029
850967 0.0505
851003 0.05028
851015 0.05031
851027 0.05036
851063 0.05036
851075 0.05027
851099 0.05027
851111 0.05037
851123 0.05037
851183 0.05044
851207 0.05029
851219 0.04946
851243 0.05026
851255 0.0503
851279 0.05035
851291 0.05043
851339 0.05043
851375 0.05047
851399 0.05046
851411 0.05046
851435 0.05041
851447 0.05042
851483 0.05038
851531 0.05045
851543 0.05043
851555 0.05045
851567 0.05044
851591 0.0504
851663 0.05045
851675 0.05039
851687 0.05011
851699 0.05041
851711 0.05041
851759 0.05023
851771 0.05037
851795 0.05003
851807 0.05042
851819 0.05019
851867 0.04961
851903 0.05039
851939 0.05035
851951 0.05049
851975 0.0505
851987 0.0505
851999 0.05035
852071 0.05028
852083 0.05051
852095 0.05038
852107 0.0505
852119 0.05047
852131 0.0505
852155 0.05048
852203 0.0503
852215 0.05037
852251 0.05049
852275 0.0505
852299 0.0505
852311 0.0505
852335 0.05045
852359 0.05051
852371 0.0503
852395 0.05051
852419 0.05033
852431 0.05034
852443 0.05047
852455 0.05046
852479 0.0505
852491 0.0505
852503 0.05048
852539 0.04968
852551 0.05049
852575 0.05049
852587 0.05049
852611 0.05009
852635 0.05048
852647 0.04893
852659 0.05027
852683 0.05051
852707 0.05016
852719 0.05031
852743 0.05051
852767 0.0505
852779 0.05026
852791 0.05042
852815 0.0505
852839 0.05045
852875 0.05041
852887 0.05028
852899 0.05045
852911 0.05045
852923 0.05049
852935 0.05006
852947 0.0502
852995 0.05048
853019 0.05041
853043 0.05043
853055 0.04978
853067 0.05039
853115 0.05043
853151 0.05046
853163 0.05038
853175 0.05041
853199 0.05044
853247 0.05025
853295 0.05045
853307 0.05034
853331 0.0504
853355 0.05046
853367 0.05043
853379 0.05
853391 0.05047
853415 0.05035
853451 0.05048
853475 0.04994
853487 0.05042
853499 0.05017
853511 0.05037
853523 0.05049
853583 0.05037
853607 0.0502
853619 0.0505
853631 0.0505
853655 0.0504
853679 0.05051
853691 0.04992
853715 0.05035
853727 0.0504
853751 0.05039
853775 0.05041
853811 0.05038
853847 0.05018
853871 0.05033
853883 0.05043
853895 0.05048
853907 0.05037
853919 0.05033
853943 0.05012
853955 0.05048
853967 0.05016
854015 0.05047
854027 0.05015
854063 0.05046
854075 0.05035
854183 0.05045
854195 0.05047
854219 0.05009
854243 0.05038
854267 0.05013
854279 0.05044
854291 0.05032
854315 0.05039
854339 0.05043
854375 0.04999
854399 0.05027
854411 0.05041
854507 0.0503
854519 0.0501
854555 0.05043
854591 0.0504
854603 0.0504
854615 0.05049
854639 0.0504
854663 0.05028
854675 0.05002
854687 0.05048
854699 0.0498
854711 0.05048
854723 0.05039
854735 0.05048
854759 0.05007
854795 0.04998
854831 0.04974
854867 0.05046
854891 0.05046
854903 0.05025
854915 0.05046
854939 0.05003
854975 0.05049
855011 0.05024
855023 0.05044
855071 0.0505
855095 0.05051
855107 0.04994
855155 0.05043
855167 0.05002
855179 0.05033
855227 0.0505
855239 0.05001
855251 0.05049
855263 0.05021
855275 0.05049
855299 0.05016
855323 0.05016
855335 0.05012
855347 0.05013
855383 0.05048
855443 0.05047
855491 0.0503
855539 0.05029
855551 0.05038
855563 0.05046
855575 0.05017
855587 0.05001
855599 0.05013
855611 0.05045
855635 0.05015
855647 0.05037
855659 0.0501
855695 0.05018
855707 0.05019
855743 0.05044
855755 0.05015
855779 0.05018
855791 0.05026
855827 0.05043
855839 0.05013
855875 0.05034
855899 0.05025
855971 0.05041
855995 0.05021
856019 0.05023
856031 0.05023
856055 0.05032
856067 0.05022
856091 0.05017
856115 0.05025
856127 0.04993
856151 0.05021
856163 0.05031
856175 0.0501
856199 0.05024
856211 0.04994
856223 0.05038
856235 0.05038
856259 0.05019
856283 0.05037
856295 0.05011
856307 0.05027
856331 0.05037
856367 0.05028
856379 0.04988
856403 0.05029
856415 0.05036
856427 0.05
856439 0.05003
856451 0.05028
856475 0.05027
856499 0.05028
856523 0.05034
856535 0.05031
856559 0.05017
856583 0.05034
856595 0.05034
856607 0.05032
856619 0.0503
856631 0.05032
856655 0.05032
856679 0.04984
856691 0.05033
856715 0.05031
856739 0.05031
856763 0.04999
856775 0.05034
856835 0.05035
856871 0.05033
856883 0.05022
856907 0.0502
856919 0.05034
856931 0.05004
856955 0.05037
856979 0.05033
856991 0.05037
857063 0.05038
857075 0.05038
857087 0.05036
857111 0.05035
857123 0.05039
857147 0.05037
857159 0.05037
857207 0.05038
857243 0.05036
857255 0.05039
857279 0.05034
857291 0.05037
857303 0.05042
857315 0.0504
857327 0.05017
857351 0.05035
857375 0.05027
857387 0.05043
857399 0.05039
857435 0.05028
857447 0.04784
857495 0.05023
857531 0.05045
857543 0.05045
857555 0.05043
857591 0.05041
857615 0.05044
857627 0.05044
857639 0.05042
857651 0.05045
857675 0.0504
857699 0.05043
857735 0.05044
857759 0.05041
857771 0.05041
857783 0.05049
857807 0.05049
857819 0.05042
857831 0.05045
857843 0.05049
857879 0.05048
857891 0.0505
857939 0.0497
857975 0.05051
857999 0.0502
858011 0.05048
858023 0.05036
858047 0.05017
858107 0.05016
858119 0.04968
858131 0.05046
858143 0.05049
858155 0.05049
858191 0.04991
858203 0.05015
858275 0.05014
858299 0.05024
858323 0.0505
858359 0.05012
858383 0.05042
858407 0.05042
858431 0.0505
858443 0.05051
858491 0.05043
858515 0.05014
858575 0.05044
858587 0.05044
858599 0.04978
858647 0.05029
858683 0.05049
858695 0.0503
858767 0.05031
858779 0.04976
858791 0.05031
858803 0.05045
858827 0.04982
858839 0.05044
858863 0.05048
858875 0.05046
858935 0.0505
858947 0.04944
858971 0.0505
858983 0.05039
859007 0.05034
859019 0.05034
859103 0.05004
859175 0.05049
859199 0.05042
859211 0.0504
859235 0.05049
859247 0.05036
859283 0.05006
859307 0.05039
859343 0.05041
859403 0.05047
859415 0.05037
859463 0.05039
859487 0.05041
859535 0.05039
859571 0.05029
859583 0.05045
859643 0.05044
859655 0.05044
859703 0.05031
859715 0.05036
859739 0.0498
859763 0.0503
859775 0.05042
859811 0.05046
859835 0.05042
859859 0.05047
859871 0.05034
859883 0.05034
859931 0.05031
859955 0.05034
859967 0.04994
860039 0.04961
860099 0.0505
860171 0.05029
860195 0.05031
860207 0.05051
860219 0.05031
860231 0.05028
860243 0.05028
860255 0.0502
860303 0.0504
860315 0.0504
860363 0.05041
860375 0.04989
860387 0.04989
860411 0.05035
860435 0.05048
860459 0.05048
860471 0.05048
860495 0.05034
860555 0.05027
860603 0.05044
860615 0.05046
860627 0.05032
860639 0.05045
860711 0.05046
860723 0.04963
860771 0.05046
860783 0.05047
860795 0.05047
860807 0.04984
860831 0.05043
860867 0.0503
860879 0.05023
860903 0.05048
860915 0.05029
860951 0.04975
860963 0.05049
860975 0.05049
860987 0.05041
861035 0.05041
861071 0.04981
861155 0.0505
861179 0.04948
861203 0.05016
861227 0.05039
861263 0.05017
861323 0.05036
861371 0.05019
861383 0.05019
861419 0.05036
861431 0.05037
861443 0.05047
861455 0.0502
861467 0.0498
861503 0.05038
861515 0.05038
861527 0.05022
861587 0.05034
861623 0.05045
861635 0.05045
861671 0.05033
861683 0.05041
861695 0.05041
861707 0.05033
861731 0.05043
861779 0.05043
861815 0.05032
861875 0.05044
861887 0.04939
861911 0.05044
861923 0.05041
861959 0.05045
861971 0.05045
861983 0.04987
862007 0.04963
862043 0.0504
862079 0.04918
862091 0.05039
862151 0.05039
862199 0.05005
862211 0.05048
862223 0.05038
862235 0.05007
862247 0.04991
862271 0.05049
862295 0.05032
862367 0.05033
862379 0.05051
862403 0.05003
862415 0.05034
862475 0.0505
862523 0.0505
862619 0.05022
862631 0.05048
862643 0.05048
862679 0.04925
862691 0.05008
862751 0.05021
862763 0.05047
862775 0.05007
862823 0.04999
862835 0.0504
862859 0.05
862871 0.05045
862895 0.05045
862931 0.05045
862967 0.05018
863027 0.05043
863063 0.05004
863147 0.05044
863159 0.05016
863243 0.04977
863255 0.05026
863267 0.05015
863291 0.05041
863327 0.04978
863339 0.04959
863375 0.0504
863399 0.05024
863411 0.05024
863423 0.04993
863459 0.05013
863483 0.05049
863495 0.05023
863507 0.05003
863519 0.04937
863531 0.04999
863543 0.0505
863651 0.04991
863663 0.05021
863675 0.05021
863699 0.05036
863723 0.05035
863735 0.05012
863759 0.0502
863819 0.05019
863903 0.05018
863927 0.05015
863939 0.05033
863963 0.05047
863987 0.0501
863999 0.05017
864023 0.04988
864059 0.04986
864095 0.05016
864155 0.05012
864215 0.0503
864227 0.05019
864239 0.05004
864275 0.04949
864311 0.05014
864395 0.05042
864431 0.05016
864455 0.04981
864467 0.05016
864515 0.05041
864527 0.05017
864563 0.04996
864575 0.05024
864599 0.0501
864611 0.05039
864635 0.05019
864647 0.05039
864659 0.05009
864683 0.05026
864695 0.05009
864743 0.05027
864791 0.05037
864815 0.05023
864827 0.05022
864839 0.05007
864851 0.05022
864863 0.05036
864875 0.05036
864899 0.05022
864923 0.05023
864971 0.05035
864983 0.05024
865031 0.0502
865079 0.0502
865163 0.05033
865187 0.05027
865199 0.05003
865223 0.05006
865235 0.05027
865283 0.05028
865319 0.05017
865331 0.04964
865367 0.05029
865403 0.0503
865415 0.0503
865451 0.04976
865463 0.05015
865487 0.05029
865523 0.05038
865535 0.05029
865547 0.04991
865595 0.05011
865607 0.05039
865655 0.05012
865703 0.05027
865727 0.04961
865763 0.05035
865775 0.04996
865787 0.05014
865799 0.04995
865835 0.05025
865883 0.0497
865919 0.0501
865943 0.05016
865967 0.04997
866039 0.04958
866063 0.04973
866111 0.05022
866147 0.05022
866171 0.05047
866219 0.05007
866243 0.05042
866255 0.0502
866267 0.05001
866291 0.0498
866303 0.04967
866327 0.05002
866339 0.05005
866351 0.0505
866423 0.05051
866447 0.05051
866483 0.05018
866495 0.05004
866531 0.0505
866543 0.05003
866555 0.05005
866567 0.05005
866579 0.05006
866603 0.05047
866615 0.05049
866651 0.04986
866663 0.05048
866675 0.05048
866699 0.05007
866723 0.05048
866771 0.05049
866855 0.05051
866867 0.05051
866891 0.05013
866903 0.05013
866975 0.04971
866999 0.05012
867035 0.05044
867047 0.05044
867095 0.05049
867107 0.04989
867119 0.04996
867167 0.05043
867191 0.05047
867215 0.05009
867251 0.05042
867287 0.05046
867311 0.05041
867323 0.05046
867335 0.05046
867347 0.05017
867395 0.0504
867419 0.04993
867479 0.04993
867491 0.05044
867503 0.05044
867515 0.05038
867551 0.05043
867599 0.04965
867659 0.04986
867683 0.04996
867707 0.05041
867755 0.05022
867767 0.05036
867839 0.04989
867851 0.05043
867935 0.05044
867971 0.05
867983 0.05033
868043 0.05038
868079 0.05002
868091 0.04999
868115 0.05047
868139 0.04988
868163 0.05047
868187 0.05036
868223 0.05048
868343 0.0505
868391 0.05051
868403 0.04954
868439 0.05032
868463 0.0505
868475 0.0505
868499 0.0498
868511 0.05027
868607 0.05026
868631 0.05048
868643 0.04931
868655 0.04995
868667 0.04965
868703 0.0503
868763 0.05024
868775 0.05047
868811 0.05029
868823 0.04977
868859 0.05038
868871 0.05046
868919 0.05039
868967 0.0504
868979 0.05014
869015 0.05026
869027 0.05044
869051 0.04974
869099 0.05007
869123 0.05043
869159 0.05017
869171 0.05024
869183 0.05024
869231 0.05041
869243 0.05018
869279 0.04971
869327 0.05018
869387 0.0504
869411 0.04984
869423 0.05039
869483 0.05023
869495 0.05047
869507 0.05021
869519 0.05048
869531 0.05048
869555 0.05038
869603 0.05019
869627 0.05049
869651 0.05037
869699 0.0505
869723 0.05025
869735 0.0501
869759 0.05026
869783 0.05017
869843 0.05034
869855 0.05034
869891 0.0505
869903 0.05029
869963 0.04948
869975 0.05049
870011 0.05048
870023 0.05032
870119 0.05031
870143 0.05032
870155 0.05032
870167 0.05046
870179 0.04961
870203 0.05032
870215 0.0503
870263 0.05023
870287 0.05045
870371 0.05036
870419 0.05035
870503 0.05036
870515 0.05036
870527 0.05038
870539 0.05042
870551 0.05042
870563 0.05038
870575 0.05038
870587 0.05041
870623 0.05038
870635 0.05039
870647 0.05023
870659 0.04962
870671 0.0504
870707 0.0504
870719 0.0503
870767 0.05039
870791 0.0504
870803 0.05042
870839 0.05032
870851 0.05041
870863 0.05032
870875 0.05041
870899 0.05038
870923 0.04997
870935 0.05044
870947 0.05044
870959 0.05043
870995 0.05043
871091 0.05036
871127 0.04912
871175 0.05035
871187 0.05035
871235 0.05048
871247 0.05001
871283 0.05047
871319 0.05048
871331 0.05049
871379 0.05049
871403 0.04994
871415 0.05049
871427 0.05034
871475 0.05051
871487 0.05051
871499 0.04847
871523 0.05051
871535 0.05051
871547 0.05015
871583 0.05051
871607 0.05049
871691 0.05048
871715 0.04995
871775 0.05045
871799 0.05002
871847 0.0504
871859 0.05041
871907 0.05011
871943 0.05047
871955 0.05042
871979 0.05025
872051 0.05009
872063 0.04889
872075 0.05045
872087 0.05044
872111 0.0505
872135 0.05044
872183 0.05044
872195 0.05007
872267 0.05022
872279 0.04937
872291 0.05042
872303 0.0505
872363 0.05041
872375 0.05018
872423 0.0504
872447 0.0502
872495 0.05048
872507 0.05039
872531 0.05047
872543 0.05047
872555 0.05039
872579 0.04973
872603 0.05021
872615 0.05018
872639 0.05015
872651 0.0505
872675 0.05038
872723 0.05015
872771 0.05044
872783 0.04917
872819 0.05044
872879 0.05036
872891 0.05018
872903 0.05025
872963 0.05035
872975 0.05034
873023 0.05034
873035 0.05046
873059 0.05013
873071 0.05032
873131 0.05045
873143 0.04979
873167 0.05031
873179 0.04998
873191 0.05022
873203 0.05039
873215 0.05032
873227 0.05031
873275 0.05031
873287 0.05031
873299 0.05031
873311 0.05023
873335 0.05031
873347 0.05029
873371 0.05042
873443 0.05037
873455 0.05041
873479 0.05036
873491 0.05033
873503 0.05034
873563 0.05027
873599 0.05039
873623 0.05028
873647 0.05023
873683 0.0499
873695 0.05038
873719 0.05026
873731 0.05025
873755 0.05033
873779 0.0503
873803 0.05026
873827 0.05038
873851 0.05037
873875 0.05036
873887 0.05039
873899 0.05032
873911 0.05039
873983 0.05033
874019 0.04994
874031 0.05022
874043 0.05041
874055 0.05002
874067 0.05021
874139 0.05029
874163 0.05043
874187 0.05037
874223 0.05044
874235 0.05019
874283 0.05027
874307 0.05045
874319 0.05019
874355 0.05039
874379 0.05039
874391 0.05039
874439 0.0503
874451 0.0504
874475 0.05041
874499 0.0504
874511 0.0504
874559 0.05017
874571 0.05042
874643 0.05037
874667 0.05027
874679 0.05022
874691 0.05044
874703 0.05038
874751 0.05022
874775 0.05051
874835 0.0505
874883 0.05046
874943 0.05012
874979 0.05048
875063 0.05048
875075 0.05044
875087 0.05047
875099 0.05049
875123 0.05049
875135 0.0505
875147 0.05046
875207 0.04988
875231 0.05051
875255 0.05051
875303 0.05015
875351 0.05049
875399 0.05014
875411 0.05049
875423 0.05005
875435 0.05049
875471 0.05049
875483 0.05049
875495 0.04915
875531 0.0505
875567 0.0505
875603 0.05003
875675 0.05046
875747 0.04967
875771 0.05049
875807 0.04949
875867 0.05048
875891 0.0502
875915 0.05
875939 0.05043
875999 0.05038
876071 0.05042
876095 0.05045
876119 0.04847
876143 0.05035
876167 0.0497
876251 0.05041
876275 0.05043
876323 0.05043
876347 0.05042
876383 0.05038
876419 0.04846
876467 0.05007
876503 0.0501
876539 0.05006
876563 0.0503
876575 0.05046
876587 0.05046
876599 0.05036
876659 0.05034
876671 0.05013
876683 0.05035
876695 0.05047
876707 0.05038
876743 0.05034
876755 0.05048
876803 0.04998
876815 0.05033
876839 0.05049
876863 0.0499
876875 0.05036
876887 0.05002
876899 0.0505
876911 0.05036
876923 0.04931
876935 0.05036
876959 0.05031
876995 0.05036
877019 0.0505
877031 0.05036
877067 0.0505
877103 0.05037
877139 0.05038
877151 0.04986
877175 0.05033
877247 0.05032
877259 0.05048
877271 0.05032
877283 0.05021
877295 0.05047
877331 0.05047
877391 0.0502
877415 0.05042
877427 0.0503
877499 0.05025
877511 0.05045
877535 0.05044
877559 0.04994
877571 0.05025
877583 0.05018
877607 0.04981
877631 0.05045
877655 0.05043
877679 0.05043
877691 0.05045
877763 0.05022
877775 0.05022
877787 0.05041
877835 0.04986
877847 0.05025
877919 0.05049
877931 0.0503
877955 0.05049
877967 0.05039
877979 0.05019
878015 0.05039
878123 0.05033
878135 0.0505
878195 0.05037
878219 0.04975
878231 0.05017
878243 0.05049
878303 0.05049
878363 0.05036
878375 0.05019
878399 0.05015
878447 0.05034
878459 0.05014
878483 0.05014
878519 0.04979
878531 0.05046
878555 0.05033
878591 0.05045
878639 0.05045
878687 0.05031
878711 0.05041
878735 0.05011
878771 0.0501
878843 0.0501
878855 0.05043
878867 0.05029
878879 0.05044
878903 0.05042
878963 0.05045
878975 0.04938
878999 0.05045
879059 0.0504
879083 0.05007
879107 0.05011
879131 0.05047
879191 0.05005
879263 0.05049
879275 0.05024
879323 0.05037
879335 0.0505
879359 0.0505
879383 0.04926
879395 0.04994
879407 0.05007
879431 0.05036
879443 0.04908
879467 0.05022
879479 0.05002
879503 0.05002
879515 0.0505
879527 0.05022
879563 0.05034
879587 0.04978
879599 0.05049
879635 0.05048
879659 0.04966
879671 0.05
879755 0.05032
879767 0.04999
879779 0.05047
879791 0.05046
879803 0.05021
879875 0.04968
879887 0.05002
879899 0.05045
879911 0.0503
879923 0.05023
879947 0.05002
879959 0.05045
879983 0.05044
879995 0.05024
880055 0.05043
880103 0.05025
880175 0.05014
880307 0.04993
880319 0.05025
880355 0.05029
880415 0.0503
880451 0.05011
880475 0.05039
880499 0.04991
880535 0.04928
880547 0.04991
880583 0.05022
880619 0.05037
880643 0.05033
880655 0.05033
880775 0.0502
880811 0.05035
880835 0.0502
880931 0.05037
880967 0.04955
881039 0.05032
881063 0.05017
881075 0.05032
881087 0.05018
881123 0.0504
881183 0.05041
881231 0.0502
881243 0.04949
881291 0.05042
881303 0.05029
881339 0.05014
881363 0.05043
881375 0.05043
881399 0.05028
881423 0.05044
881459 0.05
881483 0.05023
881543 0.05046
881555 0.05026
881579 0.05006
881627 0.04982
881651 0.05026
881687 0.05007
881699 0.0501
881723 0.04971
881747 0.05027
881759 0.05009
881771 0.05027
881783 0.05024
881795 0.05024
881855 0.0505
881867 0.0505
881879 0.04975
881951 0.05051
882011 0.0505
882023 0.0505
882059 0.05021
882119 0.04992
882131 0.05033
882191 0.05033
882203 0.05048
882215 0.05034
882275 0.05035
882311 0.05016
882323 0.05018
882347 0.04974
882383 0.05046
882407 0.04969
882443 0.05037
882467 0.05045
882527 0.04987
882539 0.05015
882575 0.05044
882611 0.0502
882635 0.0499
882647 0.0497
882671 0.04999
882731 0.04991
882743 0.05041
882791 0.05042
882803 0.05041
882827 0.05041
882875 0.05024
882911 0.05043
882935 0.05025
882947 0.05039
882959 0.05025
882983 0.04963
883043 0.05045
883067 0.04963
883079 0.04996
883091 0.05009
883115 0.05009
883139 0.04981
883199 0.04998
883223 0.05048
883271 0.05048
883283 0.05007
883295 0.04914
883355 0.0505
883403 0.0499
883415 0.0505
883427 0.05034
883439 0.05032
883463 0.05033
883475 0.05004
883523 0.04989
883535 0.0505
883547 0.0505
883559 0.05004
883595 0.05049
883643 0.05049
883655 0.05035
883679 0.04983
883811 0.05029
883883 0.04957
883907 0.04975
883931 0.05028
883943 0.04984
883967 0.05039
884015 0.05045
884051 0.05044
884063 0.04988
884075 0.05041
884099 0.05041
884123 0.04997
884135 0.05026
884147 0.05043
884195 0.05025
884207 0.05042
884279 0.05044
884303 0.05041
884315 0.05024
884339 0.05045
884351 0.05014
884399 0.04993
884507 0.05022
884519 0.04993
884543 0.04978
884567 0.05038
884603 0.04949
884627 0.0502
884663 0.05018
884675 0.0502
884687 0.04948
884711 0.05037
884723 0.04999
884735 0.05036
884771 0.05051
884795 0.05051
884807 0.04987
884819 0.0502
884843 0.05035
884855 0.05018
884879 0.05021
884903 0.05017
884927 0.05034
884963 0.05022
885011 0.05049
885047 0.05048
885059 0.0494
885119 0.04992
885143 0.05025
885155 0.05032
885179 0.0497
885275 0.05027
885299 0.05045
885323 0.0503
885335 0.04983
885407 0.04935
885467 0.05028
885491 0.04954
885515 0.05043
885527 0.0501
885539 0.04997
885563 0.05031
885575 0.05009
885659 0.05011
885683 0.05008
885707 0.05025
885719 0.05041
885731 0.04979
885743 0.05025
885755 0.05033
885767 0.0504
885779 0.0504
885815 0.05007
885851 0.05039
885887 0.0495
885899 0.05039
885935 0.05016
885983 0.05036
885995 0.05037
886067 0.05037
886079 0.05017
886103 0.05021
886139 0.05036
886175 0.05039
886235 0.0504
886319 0.04978
886391 0.05042
886403 0.05022
886439 0.05032
886523 0.05044
886535 0.05044
886559 0.05023
886631 0.05025
886655 0.05015
886703 0.05046
886715 0.05029
886727 0.04996
886739 0.05047
886763 0.05027
886811 0.05048
886835 0.05027
886883 0.04951
886943 0.0505
886955 0.05029
887003 0.05051
887015 0.05031
887027 0.05031
887039 0.0503
887063 0.05051
887087 0.04992
887099 0.05031
887123 0.0505
887159 0.05024
887183 0.05033
887207 0.05033
887219 0.05024
887231 0.05049
887243 0.04998
887255 0.05033
887303 0.04998
887315 0.05048
887339 0.04992
887471 0.05037
887507 0.05005
887591 0.05045
887615 0.05003
887639 0.05019
887663 0.05044
887675 0.05044
887687 0.0504
887723 0.04985
887747 0.05005
887783 0.05042
887795 0.05042
887855 0.05043
887891 0.05001
887915 0.05043
887927 0.05007
887939 0.05041
887951 0.05007
887963 0.05043
887975 0.05031
888023 0.05045
888071 0.05044
888095 0.05039
888155 0.05047
888167 0.04998
888191 0.05034
888215 0.05011
888227 0.05048
888251 0.05037
888311 0.05049
888347 0.05013
888407 0.05014
888419 0.05038
888503 0.05051
888515 0.0505
888551 0.05051
888575 0.04937
888599 0.0505
888647 0.05017
888719 0.05032
888731 0.05048
888743 0.05011
888755 0.05049
888767 0.05019
888791 0.05031
888803 0.04945
888851 0.0502
888863 0.05047
888875 0.05005
888911 0.05047
888971 0.05045
888995 0.04994
889007 0.05046
889019 0.05046
889079 0.05045
889103 0.0497
889223 0.05043
889235 0.05049
889295 0.05026
889355 0.05027
889403 0.04966
889427 0.0504
889463 0.05041
889475 0.0505
889487 0.04953
889511 0.0504
889559 0.0504
889583 0.05038
889595 0.0503
889607 0.04981
889619 0.05048
889643 0.05024
889667 0.05031
889679 0.05048
889691 0.04938
889763 0.0502
889775 0.05004
889823 0.05036
889859 0.05036
889883 0.05036
889943 0.05035
889955 0.05045
889979 0.05044
890015 0.05044
890039 0.05029
890051 0.05037
890075 0.05043
890123 0.05033
890135 0.05032
890183 0.05033
890243 0.04974
890267 0.05031
890339 0.0504
890363 0.05013
890399 0.04988
890423 0.05029
890447 0.04972
890555 0.05044
890567 0.05044
890603 0.05028
890615 0.05045
890651 0.05026
890675 0.05045
890699 0.05038
890735 0.05026
890747 0.04984
890759 0.05039
890783 0.05047
890807 0.05035
890831 0.05035
890855 0.05048
890951 0.05049
890975 0.05024
890987 0.04981
891071 0.05044
891083 0.05021
891095 0.05051
891131 0.05022
891167 0.04964
891191 0.05045
891203 0.05045
891215 0.05004
891227 0.0503
891263 0.05049
891299 0.05047
891359 0.05019
891383 0.05048
891395 0.05028
891407 0.04961
891419 0.05028
891443 0.05017
891455 0.05028
891467 0.05027
891503 0.0496
891515 0.05046
891575 0.05045
891599 0.05051
891623 0.05016
891695 0.05044
891719 0.05015
891779 0.04997
891791 0.04985
891803 0.05049
891815 0.05023
891839 0.04952
891863 0.05048
891875 0.05013
891911 0.05034
891947 0.05041
891959 0.05013
892007 0.05011
892043 0.05036
892055 0.05046
892127 0.05039
892139 0.05037
892151 0.05045
892163 0.05039
892175 0.05019
892187 0.05019
892199 0.04991
892211 0.04992
892223 0.05038
892259 0.04991
892295 0.04971
892319 0.05008
892331 0.05037
892355 0.05037
892379 0.05042
892403 0.05041
892463 0.05007
892475 0.05006
892487 0.05016
892511 0.05016
892571 0.0504
892583 0.04962
892631 0.04979
892691 0.05039
892715 0.04977
892751 0.05032
892799 0.05003
892823 0.05047
892847 0.04999
892871 0.05047
892883 0.05031
892895 0.05048
892955 0.05049
892979 0.0501
893075 0.0505
893123 0.05051
893171 0.05033
893255 0.0505
893279 0.05007
893291 0.05049
893303 0.05032
893387 0.0499
893399 0.05048
893411 0.05048
893423 0.05025
893435 0.05008
893471 0.05005
893483 0.05047
893495 0.05047
893519 0.05004
893531 0.05046
893555 0.05029
893579 0.0501
893615 0.05028
893627 0.05007
893663 0.05028
893675 0.05003
893699 0.05045
893747 0.05021
893759 0.05009
893771 0.05021
893783 0.05026
893795 0.0502
893807 0.0502
893867 0.05011
893879 0.05043
893891 0.05042
893927 0.05014
893951 0.05025
893975 0.05015
893987 0.04999
894143 0.0504
894179 0.05039
894263 0.04986
894275 0.05019
894299 0.05021
894311 0.05015
894323 0.0502
894335 0.05037
894347 0.04999
894359 0.04987
894383 0.04985
894395 0.05037
894443 0.05013
894455 0.05036
894479 0.05036
894551 0.05035
894563 0.04973
894575 0.05035
894599 0.05024
894623 0.05034
894671 0.05034
894683 0.05016
894707 0.04981
894743 0.05016
894803 0.05009
894815 0.05009
894899 0.05031
894911 0.05025
894971 0.05029
894983 0.0503
895043 0.05029
895055 0.05012
895067 0.0498
895115 0.05031
895163 0.05028
895175 0.05011
895187 0.05032
895235 0.0503
895271 0.0503
895295 0.05033
895355 0.05034
895367 0.05003
895403 0.049
895439 0.05025
895475 0.05033
895487 0.05019
895547 0.05037
895607 0.05017
895619 0.05004
895643 0.05006
895655 0.05005
895727 0.05018
895751 0.04969
895763 0.04989
895859 0.0502
895871 0.04997
895883 0.05024
895895 0.05039
895907 0.05042
895919 0.0502
895931 0.05039
895943 0.05009
895967 0.04967
895991 0.05043
896039 0.05044
896063 0.0501
896075 0.05044
896099 0.05041
896135 0.05045
896159 0.05042
896183 0.04995
896195 0.05043
896207 0.04964
896243 0.05029
896267 0.05044
896303 0.04998
896315 0.05014
896363 0.05015
896375 0.05048
896399 0.05049
896411 0.05046
896423 0.04972
896459 0.05016
896483 0.05032
896495 0.05047
896567 0.05051
896579 0.04814
896603 0.05034
896615 0.05031
896651 0.05031
896735 0.05049
896795 0.05049
896819 0.05048
896831 0.05048
896843 0.05037
896855 0.0505
896891 0.0505
896903 0.05009
896939 0.05049
896975 0.05047
896999 0.05049
897023 0.0498
897107 0.05045
897167 0.05044
897179 0.05047
897203 0.05009
897227 0.05046
897275 0.05046
897335 0.05045
897347 0.05045
897371 0.05012
897383 0.05045
897419 0.05042
897431 0.05045
897455 0.05044
897479 0.05043
897575 0.05047
897587 0.05042
897599 0.05042
897611 0.05044
897623 0.05001
897683 0.04906
897755 0.0505
897767 0.04947
897791 0.0504
897827 0.05039
897839 0.04904
897863 0.05051
897875 0.05048
897923 0.0505
897935 0.0505
897959 0.04997
898031 0.0505
898043 0.04996
898055 0.0505
898103 0.04995
898151 0.05033
898163 0.05047
898175 0.0505
898235 0.05049
898271 0.05046
898343 0.0497
898379 0.05042
898403 0.05045
898415 0.05047
898463 0.05027
898475 0.05047
898487 0.05044
898511 0.05046
898535 0.05046
898559 0.05045
898571 0.05045
898583 0.05045
898619 0.04941
898667 0.05045
898679 0.05046
898703 0.05047
898835 0.05032
898847 0.0504
898907 0.05025
898931 0.05025
898991 0.05041
899003 0.05007
899015 0.05051
899063 0.04963
899075 0.05037
899099 0.0504
899147 0.04961
899171 0.05049
899195 0.05024
899219 0.05038
899231 0.05038
899243 0.05037
899255 0.05038
899267 0.04959
899279 0.04862
899303 0.04965
899363 0.05009
899399 0.05036
899411 0.0504
899435 0.0504
899543 0.05032
899555 0.0502
899567 0.05035
899579 0.04962
899627 0.05031
899651 0.05043
899663 0.05016
899699 0.04961
899723 0.05044
899759 0.0496
899771 0.05032
899783 0.05029
899795 0.05017
899855 0.05014
899879 0.05041
899951 0.05027
899963 0.05047
899999 0.05013
900011 0.0503
900023 0.05027
900071 0.05039
900083 0.05026
900095 0.05029
900119 0.05014
900131 0.05028
900203 0.05025
900227 0.05027
900263 0.05024
900275 0.05051
900311 0.0505
900335 0.05025
900359 0.05026
900395 0.05049
900431 0.05035
900467 0.0501
900503 0.05021
900515 0.05034
900527 0.05024
900635 0.05033
900647 0.05046
900695 0.05032
900707 0.04986
900731 0.05032
900755 0.05007
900767 0.05031
900779 0.05031
900791 0.05032
900827 0.0502
900839 0.0502
900875 0.05005
900887 0.05033
900899 0.05003
900935 0.04989
900947 0.05043
900995 0.05029
901031 0.05032
901043 0.05035
901091 0.05041
901103 0.05041
901115 0.05017
901127 0.05014
901163 0.05034
901187 0.0504
901199 0.05027
901223 0.0504
901283 0.05026
901343 0.05039
901415 0.05024
901439 0.04999
901463 0.04996
901487 0.05041
901523 0.05037
901559 0.05023
901583 0.05009
901595 0.0504
901619 0.05022
901667 0.05035
901763 0.04962
901835 0.05019
901847 0.05043
901871 0.05033
901883 0.05006
901943 0.05048
901991 0.05048
902003 0.05048
902051 0.05004
902063 0.05046
902075 0.05017
902123 0.05047
902135 0.0505
902171 0.05051
902183 0.05051
902195 0.04991
902207 0.05029
902243 0.05015
902255 0.05049
902267 0.0505
902291 0.05049
902339 0.04992
902375 0.05027
902387 0.05051
902399 0.04988
902411 0.05003
902423 0.05051
902435 0.05051
902447 0.05048
902459 0.05013
902531 0.05047
902543 0.0505
902615 0.05046
902651 0.05048
902663 0.0501
902711 0.05013
902795 0.04994
902819 0.04984
902843 0.05022
902855 0.05008
902879 0.05
902927 0.05021
902975 0.04996
902999 0.04987
903023 0.05044
903035 0.05042
903047 0.05018
903059 0.04988
903083 0.05041
903107 0.04981
903119 0.05005
903131 0.05019
903167 0.0504
903203 0.05042
903215 0.05042
903239 0.05004
903275 0.05021
903299 0.04993
903431 0.0504
903467 0.05039
903491 0.05039
903503 0.05036
903575 0.05038
903587 0.05035
903611 0.0499
903635 0.05013
903647 0.05037
903659 0.04999
903671 0.0501
903695 0.05027
903707 0.05037
903719 0.04933
903731 0.05034
903743 0.05027
903815 0.04998
903851 0.05035
903863 0.05011
903875 0.0501
903887 0.05035
903911 0.0501
903923 0.05032
903947 0.05034
903959 0.04996
903971 0.05034
904031 0.05011
904091 0.05008
904115 0.05033
904127 0.05032
904139 0.04969
904151 0.05033
904163 0.04995
904175 0.05017
904187 0.05034
904199 0.04993
904259 0.04982
904295 0.05014
904307 0.05006
904319 0.04878
904331 0.05035
904367 0.05036
904391 0.0502
904403 0.05036
904427 0.04995
904451 0.05021
904475 0.05028
904487 0.05025
904583 0.05039
904595 0.04973
904655 0.0501
904715 0.05025
904763 0.05025
904775 0.05021
904787 0.05025
904799 0.05026
904835 0.05042
904895 0.05043
904943 0.05023
904955 0.05023
904979 0.05028
904991 0.05024
905003 0.05022
905039 0.04979
905075 0.05021
905159 0.05016
905183 0.05008
905219 0.05032
905231 0.05048
905267 0.05017
905279 0.04971
905303 0.05049
905351 0.05033
905363 0.05011
905375 0.05019
905399 0.05034
905423 0.0503
905447 0.0502
905459 0.04955
905471 0.05021
905519 0.04969
905543 0.05036
905555 0.05022
905567 0.0505
905579 0.04913
905591 0.05032
905603 0.04917
905639 0.05023
905663 0.05015
905711 0.05016
905723 0.05048
905735 0.05039
905747 0.05016
905771 0.05025
905795 0.05047
905867 0.05036
905891 0.05041
905903 0.05041
905927 0.05036
905987 0.05037
906035 0.05043
906047 0.05045
906059 0.05029
906071 0.05038
906131 0.05021
906155 0.05043
906167 0.0504
906239 0.04971
906275 0.05046
906311 0.05042
906335 0.05033
906347 0.0501
906359 0.04997
906407 0.05043
906419 0.05034
906443 0.05048
906455 0.05048
906467 0.05044
906503 0.05006
906527 0.05035
906551 0.05035
906575 0.05013
906587 0.05039
906599 0.05024
906611 0.05036
906659 0.05051
906671 0.05038
906683 0.05037
906695 0.0505
906743 0.05037
906755 0.05038
906803 0.05049
906815 0.05036
906827 0.05002
906863 0.05049
906887 0.0505
906947 0.05041
906959 0.05048
906983 0.05
907043 0.05019
907055 0.0505
907091 0.05035
907175 0.05032
907247 0.05048
907283 0.05037
907343 0.05038
907355 0.05047
907379 0.05047
907415 0.05024
907439 0.05048
907451 0.04993
907475 0.04957
907499 0.05037
907523 0.05045
907535 0.05049
907571 0.05041
907607 0.05042
907619 0.0504
907643 0.05042
907655 0.05044
907739 0.0505
907799 0.04943
907823 0.05044
907835 0.05038
907883 0.0503
907895 0.05049
907907 0.05049
907931 0.05041
907943 0.05031
907991 0.05043
908027 0.05047
908063 0.05039
908075 0.05048
908087 0.04964
908099 0.0493
908135 0.05034
908147 0.05049
908219 0.05046
908231 0.0505
908255 0.04949
908279 0.04949
908315 0.05051
908339 0.04933
908375 0.0505
908387 0.05049
908411 0.05043
908423 0.05038
908447 0.05049
908483 0.05034
908507 0.05034
908519 0.0505
908579 0.05041
908639 0.0505
908651 0.05047
908663 0.05016
908675 0.0505
908747 0.05046
908783 0.05046
908831 0.05048
908855 0.0498
908867 0.05038
908915 0.05047
908939 0.05037
908975 0.05045
908999 0.04994
909011 0.05025
909035 0.05046
909083 0.05028
909095 0.05047
909131 0.05047
909167 0.05001
909179 0.05036
909191 0.05044
909215 0.05044
909263 0.05009
909275 0.0504
909323 0.05021
909335 0.0505
909347 0.0505
909359 0.04999
909395 0.05024
909407 0.05039
909431 0.0502
909479 0.0504
909503 0.0505
909527 0.05037
909563 0.05019
909623 0.05036
909659 0.05029
909719 0.04933
909779 0.05038
909851 0.05045
909875 0.05046
909887 0.05045
909923 0.05033
909935 0.04976
909947 0.05036
909983 0.05014
909995 0.05047
910007 0.05047
910043 0.05044
910067 0.05044
910115 0.05031
910151 0.05049
910163 0.05016
910175 0.05049
910187 0.04965
910211 0.05042
910271 0.05041
910283 0.05015
910355 0.0501
910391 0.05017
910403 0.0504
910415 0.0505
910439 0.0503
910463 0.05039
910487 0.0503
910547 0.05048
910571 0.05048
910595 0.05038
910607 0.04994
910667 0.05037
910715 0.05046
910739 0.05046
910763 0.05022
910775 0.05046
910811 0.05026
910823 0.05035
910859 0.04984
910919 0.0502
910931 0.05034
910967 0.05044
910991 0.05021
911051 0.05033
911075 0.05032
911123 0.04953
911243 0.05031
911255 0.05029
911279 0.05021
911315 0.05026
911339 0.0504
911351 0.0502
911423 0.05031
911435 0.05039
911447 0.05038
911471 0.05032
911483 0.05028
911495 0.05028
911519 0.05009
911531 0.04997
911555 0.05037
911579 0.05037
911603 0.0503
911615 0.05026
911675 0.05035
911699 0.05016
911711 0.05007
911735 0.05031
911795 0.05036
911843 0.05033
911867 0.05024
911939 0.05014
911963 0.05039
911999 0.05035
912023 0.04921
912035 0.05022
912059 0.05032
912107 0.05031
912131 0.05041
912143 0.05041
912179 0.04985
912191 0.05042
912263 0.05043
912371 0.05028
912383 0.05044
912395 0.05044
912407 0.0497
912455 0.05027
912479 0.05008
912527 0.05016
912563 0.05043
912575 0.05026
912611 0.05047
912635 0.05048
912659 0.05025
912671 0.05015
912683 0.05044
912707 0.05014
912743 0.05049
912755 0.05049
912767 0.05024
912779 0.05046
912803 0.05046
912815 0.0505
912875 0.05016
912887 0.04994
912947 0.04995
912983 0.05048
913019 0.05049
913031 0.05049
913043 0.05014
913055 0.05049
913079 0.05014
913091 0.0505
913127 0.0501
913187 0.05048
913211 0.05019
913271 0.05021
913307 0.05046
913319 0.05
913343 0.05046
913355 0.05049
913367 0.05007
913379 0.05017
913403 0.05045
913439 0.05019
913463 0.04982
913475 0.05048
913535 0.05044
913547 0.04929
913559 0.05047
913607 0.05043
913631 0.05026
913655 0.05042
913667 0.05042
913679 0.05014
913691 0.05045
913703 0.05045
913715 0.05013
913751 0.05023
913763 0.05041
913775 0.05044
913823 0.05044
913859 0.0499
913883 0.05029
913919 0.05008
913931 0.05043
913955 0.05042
913967 0.05009
913991 0.05039
914003 0.05027
914039 0.05042
914051 0.05031
914063 0.04988
914087 0.05009
914099 0.05011
914135 0.05011
914159 0.0504
914243 0.05039
914267 0.05013
914291 0.05035
914303 0.05035
914315 0.05035
914375 0.05035
914399 0.04987
914411 0.05037
914423 0.05034
914459 0.05033
914471 0.05033
914555 0.04997
914603 0.05039
914615 0.05035
914627 0.05039
914639 0.04986
914675 0.04986
914699 0.05034
914747 0.05041
914759 0.05034
914771 0.05041
914807 0.05012
914855 0.05042
914879 0.05032
914963 0.05044
914975 0.05044
914987 0.05014
915011 0.0504
915023 0.05041
915035 0.04999
915059 0.05024
915083 0.05041
915095 0.05046
915107 0.05046
915131 0.05042
915155 0.05026
915167 0.05047
915227 0.05047
915239 0.04938
915263 0.05044
915275 0.05044
915323 0.05027
915359 0.05028
915395 0.0505
915407 0.0502
915419 0.05026
915443 0.05023
915503 0.05022
915515 0.05051
915551 0.05022
915575 0.04964
915671 0.05032
915695 0.05033
915767 0.05016
915779 0.05034
915791 0.05051
915815 0.05047
915899 0.04949
915935 0.05035
915971 0.05046
915983 0.05049
915995 0.05036
916043 0.05045
916067 0.05045
916115 0.05038
916151 0.05044
916163 0.05015
916223 0.05046
916247 0.04973
916271 0.05031
916343 0.05042
916355 0.05042
916379 0.05042
916403 0.05044
916427 0.05034
916487 0.05043
916499 0.05043
916523 0.05043
916547 0.05044
916559 0.05027
916631 0.05042
916655 0.05042
916727 0.05046
916739 0.05041
916763 0.0504
916775 0.05047
916799 0.05011
916823 0.04959
916835 0.05048
916883 0.05036
916895 0.05049
916919 0.05049
916955 0.0505
916967 0.05035
916991 0.0505
917075 0.05034
917099 0.05051
917111 0.05043
917135 0.05036
917183 0.0505
917207 0.05049
917351 0.05048
917375 0.05048
917387 0.0503
917399 0.05047
917483 0.05047
917531 0.05
917543 0.05037
917639 0.05041
917651 0.05045
917663 0.04969
917675 0.05045
917699 0.05045
917735 0.05042
917747 0.05044
917795 0.0505
917867 0.0503
917879 0.05044
917915 0.05049
917963 0.05042
917987 0.04995
917999 0.05031
918023 0.05044
918035 0.05048
918059 0.0504
918083 0.0504
918095 0.04998
918167 0.05046
918179 0.05048
918191 0.05046
918203 0.05
918215 0.05047
918227 0.05047
918239 0.05035
918251 0.05047
918311 0.0505
918323 0.0498
918335 0.05036
918359 0.04994
918395 0.05051
918419 0.05043
918503 0.05036
918527 0.05049
918575 0.05049
918611 0.05048
918623 0.0505
918635 0.0505
918719 0.05041
918755 0.05049
918791 0.05015
918803 0.05008
918863 0.05048
918923 0.05047
918935 0.05031
918983 0.05013
918995 0.05045
919007 0.05037
919043 0.05015
919091 0.05036
919103 0.05029
919139 0.05047
919151 0.05047
919163 0.04989
919175 0.05047
919187 0.05042
919211 0.05048
919235 0.05043
919259 0.05048
919283 0.05043
919295 0.05043
919307 0.05043
919343 0.05012
919367 0.0505
919391 0.0504
919403 0.04994
919415 0.05026
919463 0.05041
919475 0.05051
919523 0.05017
919619 0.05023
919655 0.05039
919739 0.05048
919763 0.05022
919775 0.04989
919835 0.05021
919919 0.0502
919931 0.05046
919943 0.05023
919967 0.05045
919991 0.05045
920003 0.05019
920027 0.05033
920063 0.05034
920099 0.05025
920111 0.05032
920135 0.05026
920159 0.05043
920171 0.05026
920207 0.05043
920243 0.05032
920255 0.05042
920315 0.0503
920327 0.05031
920351 0.05031
920375 0.05029
920387 0.05029
920483 0.0503
920495 0.05013
920543 0.05031
920603 0.05008
920615 0.05026
920627 0.05038
920639 0.05011
920675 0.05033
920723 0.05012
920759 0.05037
920819 0.0501
920831 0.05036
920843 0.05035
920855 0.05036
920867 0.05035
920879 0.05024
920903 0.05012
920939 0.05009
921023 0.05016
921059 0.05034
921071 0.05006
921083 0.05017
921131 0.05033
921167 0.05032
921179 0.05018
921215 0.0504
921227 0.0504
921263 0.05021
921275 0.05031
921299 0.05031
921311 0.05031
921335 0.0502
921359 0.0503
921431 0.05029
921479 0.05029
921515 0.05029
921527 0.05021
921539 0.04997
921587 0.05022
921623 0.05045
921635 0.05022
921671 0.05046
921683 0.05025
921695 0.0502
921707 0.05015
921719 0.05014
921767 0.05026
921803 0.05025
921863 0.05017
921875 0.05027
921899 0.05022
921971 0.0505
921983 0.0505
921995 0.05024
922031 0.05004
922091 0.0503
922103 0.0505
922115 0.0503
922139 0.0501
922151 0.05008
922199 0.05002
922259 0.05027
922271 0.05048
922307 0.05031
922319 0.05028
922343 0.05048
922355 0.05034
922403 0.05014
922415 0.05033
922475 0.05046
922535 0.05036
922583 0.05045
922595 0.05032
922607 0.05045
922655 0.05006
922703 0.05038
922751 0.05034
922763 0.05013
922775 0.05043
922787 0.05029
922799 0.04989
922811 0.05029
922823 0.05004
922871 0.05041
922895 0.05042
922955 0.05042
922979 0.05019
923003 0.05041
923015 0.05043
923039 0.0502
923063 0.05043
923111 0.05023
923195 0.05025
923207 0.05043
923219 0.05045
923231 0.05045
923279 0.05046
923291 0.05044
923303 0.05045
923327 0.05037
923339 0.0499
923375 0.05042
923459 0.05048
923483 0.05038
923495 0.05049
923639 0.05028
923663 0.05051
923675 0.0505
923699 0.05031
923723 0.05033
923747 0.05016
923795 0.05048
923807 0.05051
923819 0.05049
923831 0.05048
923843 0.0496
923855 0.0505
923867 0.05043
923879 0.05049
923915 0.05048
923975 0.05035
923999 0.0505
924047 0.05046
924095 0.05047
924107 0.04989
924119 0.05046
924131 0.0505
924143 0.05047
924167 0.05047
924179 0.05049
924227 0.05027
924251 0.05049
924263 0.05027
924287 0.05048
924311 0.05039
924335 0.05048
924443 0.05044
924467 0.05025
924479 0.05042
924491 0.05043
924539 0.05046
924563 0.05027
924575 0.05049
924587 0.05045
924611 0.0504
924623 0.05044
924635 0.05045
924647 0.05049
924695 0.05044
924707 0.04994
924755 0.05047
924767 0.05043
924803 0.05047
924815 0.05047
924839 0.05042
924887 0.04992
924899 0.05045
924923 0.05037
924935 0.05041
924971 0.05041
924983 0.05048
925031 0.05036
925043 0.05044
925055 0.05049
925115 0.05036
925139 0.05039
925175 0.05035
925199 0.05051
925235 0.05034
925283 0.05035
925343 0.05041
925427 0.05038
925439 0.05049
925451 0.05049
925463 0.05049
925475 0.0504
925511 0.05049
925571 0.05031
925583 0.0504
925643 0.05038
925703 0.0505
925715 0.05033
925751 0.05045
925763 0.05045
925811 0.05029
925847 0.05046
925859 0.05045
925871 0.05044
925883 0.05044
925895 0.05044
925919 0.05045
925967 0.05044
926003 0.05047
926015 0.05034
926063 0.05047
926075 0.05041
926123 0.05047
926147 0.05042
926159 0.04949
926231 0.05049
926243 0.05039
926255 0.05039
926291 0.05044
926315 0.05043
926339 0.05043
926363 0.05023
926387 0.0503
926435 0.05051
926471 0.05042
926531 0.05021
926591 0.05037
926603 0.05019
926627 0.05048
926639 0.05022
926651 0.05035
926663 0.05048
926675 0.05037
926723 0.05047
926735 0.05039
926759 0.05036
926783 0.05001
926891 0.05037
926915 0.05045
926939 0.05019
926951 0.05036
926975 0.05045
927011 0.05044
927035 0.05035
927047 0.05044
927071 0.0503
927095 0.05043
927107 0.04968
927131 0.05034
927143 0.05043
927155 0.05034
927203 0.05021
927227 0.05031
927239 0.0503
927263 0.05013
927275 0.0503
927347 0.05015
927359 0.05027
927383 0.0504
927419 0.05031
927479 0.05033
927539 0.0503
927551 0.0503
927563 0.05038
927575 0.05034
927659 0.05026
927767 0.05037
927815 0.05024
927827 0.05014
927875 0.05026
927887 0.05038
927899 0.05039
927935 0.05026
927947 0.05023
927959 0.05025
927983 0.05034
928007 0.0504
928019 0.05004
928067 0.05041
928103 0.05019
928115 0.05041
928127 0.05021
928151 0.05042
928175 0.0502
928199 0.05043
928211 0.05023
928235 0.05031
928247 0.05043
928259 0.05043
928355 0.05045
928367 0.0503
928391 0.05045
928403 0.05023
928451 0.05017
928475 0.0502
928487 0.05046
928499 0.0502
928523 0.05028
928571 0.05016
928583 0.05009
928595 0.05048
928667 0.05049
928691 0.05018
928739 0.04996
928751 0.05025
928763 0.05012
928775 0.0505
928811 0.05051
928847 0.05013
928919 0.05014
928931 0.0505
928967 0.04995
929039 0.05011
929147 0.05048
929183 0.05033
929195 0.05047
929219 0.05009
929255 0.05046
929363 0.0502
929375 0.05045
929387 0.05007
929423 0.05036
929447 0.05037
929495 0.04992
929519 0.0502
929531 0.05038
929591 0.05023
929603 0.05039
929651 0.05042
929675 0.05024
929699 0.05024
929711 0.05042
929723 0.05016
929759 0.05041
929771 0.05023
929783 0.05025
929879 0.05024
929915 0.05027
929927 0.05025
929951 0.05025
929975 0.05028
930023 0.05044
930059 0.0502
930083 0.05045
930143 0.05021
930203 0.05022
930227 0.05003
930263 0.05047
930275 0.05035
930335 0.05024
930347 0.05049
930383 0.05025
930395 0.05049
930419 0.05034
930431 0.05034
930443 0.05001
930455 0.05032
930527 0.05033
930539 0.05027
930563 0.05051
930575 0.05032
930587 0.0505
930599 0.05008
930611 0.05034
930623 0.05028
930635 0.05005
930683 0.05005
930695 0.05049
930731 0.05038
930743 0.05005
930803 0.05048
930851 0.05031
930875 0.05038
930971 0.05028
930983 0.05046
930995 0.05041
931007 0.05039
931019 0.05013
931031 0.05046
931043 0.05042
931115 0.05015
931151 0.05044
931175 0.0501
931187 0.05044
931223 0.05044
931247 0.05017
931283 0.05011
931307 0.05043
931427 0.05041
931439 0.05045
931463 0.05041
931475 0.05022
931523 0.0504
931535 0.05022
931547 0.05047
931631 0.0505
931643 0.05039
931775 0.0505
931787 0.05018
931823 0.04999
931835 0.0505
931979 0.05017
932015 0.05048
932027 0.05016
932063 0.05047
932111 0.05049
932123 0.05034
932135 0.05028
932147 0.05048
932159 0.05048
932171 0.05048
932195 0.05049
932279 0.05024
932327 0.05005
932339 0.05031
932363 0.05051
932411 0.05051
932423 0.04986
932435 0.0505
932459 0.05043
932495 0.05043
932507 0.04957
932531 0.05029
932591 0.05043
932603 0.05029
932615 0.05048
932675 0.05029
932699 0.04975
932711 0.05047
932735 0.05042
932747 0.05036
932759 0.05037
932795 0.05039
932807 0.05037
932831 0.04988
932843 0.05032
932855 0.05046
932867 0.0504
932891 0.0504
932903 0.05045
932987 0.05039
933023 0.05037
933035 0.0504
933083 0.05023
933119 0.05038
933143 0.05036
933155 0.05042
933191 0.05042
933203 0.05035
933215 0.05037
933227 0.05043
933239 0.05037
933251 0.05043
933275 0.05037
933287 0.05044
933311 0.05038
933323 0.05021
933347 0.05039
933371 0.05045
933383 0.0504
933431 0.05045
933455 0.05039
933467 0.05046
933503 0.05041
933539 0.05038
933575 0.05022
933611 0.05032
933647 0.05043
933659 0.05037
933683 0.05044
933695 0.05049
933731 0.05049
933743 0.05044
933767 0.0505
933791 0.05044
933803 0.05035
933827 0.0503
933863 0.05026
933875 0.05035
933887 0.05046
933899 0.05045
933911 0.05047
933947 0.0505
933971 0.0505
934019 0.05004
934055 0.04955
934103 0.05029
934163 0.0505
934199 0.05047
934235 0.0505
934283 0.05051
934307 0.05032
934379 0.0505
934439 0.05045
934511 0.05048
934535 0.05048
934559 0.05049
934583 0.05048
934595 0.05047
934619 0.05048
934631 0.05021
934679 0.04998
934691 0.05046
934703 0.05047
934715 0.05026
934751 0.05038
934775 0.05046
934823 0.05046
934835 0.05045
934859 0.05019
934871 0.05045
934895 0.0504
934955 0.05044
935051 0.05043
935075 0.05043
935123 0.05042
935159 0.05042
935171 0.05043
935195 0.05019
935207 0.05036
935219 0.05013
935267 0.05
935291 0.05045
935327 0.04981
935363 0.05039
935375 0.05046
935387 0.05013
935411 0.05046
935471 0.05039
935567 0.05048
935579 0.05016
935627 0.05036
935663 0.0505
935675 0.0505
935723 0.05016
935735 0.05035
935759 0.05027
935783 0.05051
935915 0.05033
935927 0.05033
935939 0.05028
935975 0.05033
936059 0.05004
936083 0.05048
936143 0.0501
936155 0.0503
936167 0.0503
936191 0.05026
936251 0.05004
936275 0.05009
936299 0.05034
936323 0.05029
936335 0.0502
936347 0.05045
936371 0.05029
936395 0.05024
936431 0.05027
936443 0.05036
936455 0.05028
936479 0.05028
936503 0.05037
936635 0.05024
936671 0.05041
936683 0.05039
936707 0.05024
936719 0.0502
936743 0.05025
936791 0.0504
936803 0.05041
936815 0.0503
936839 0.05024
936851 0.05041
936863 0.05039
936899 0.05027
936947 0.05022
936959 0.05043
936983 0.05029
936995 0.05038
937019 0.05029
937043 0.05029
937055 0.05033
937079 0.05044
937091 0.05044
937103 0.05034
937163 0.05036
937199 0.05011
937235 0.05036
937283 0.05037
937319 0.05013
937403 0.05038
937415 0.05013
937427 0.05017
937451 0.05035
937475 0.05049
937487 0.04904
937523 0.0504
937547 0.05032
937559 0.05036
937595 0.05051
937631 0.05037
937691 0.05038
937703 0.0505
937715 0.0503
937727 0.05009
937739 0.05039
937763 0.05049
937775 0.05049
937787 0.05043
937799 0.05019
937835 0.05048
937859 0.0502
937871 0.05048
937931 0.05045
937955 0.05041
937967 0.04927
937979 0.05047
938063 0.05026
938075 0.05043
938111 0.05047
938159 0.04984
938303 0.0505
938327 0.0505
938339 0.05003
938363 0.05047
938375 0.05047
938399 0.05027
938411 0.05051
938471 0.05048
938483 0.04913
938543 0.05041
938579 0.0505
938615 0.0505
938639 0.0504
938687 0.05048
938699 0.05039
938735 0.05047
938783 0.05047
938819 0.04977
938867 0.05018
938891 0.05049
938915 0.05034
938999 0.04996
939023 0.05044
939035 0.05035
939083 0.05043
939095 0.05035
939143 0.05046
939155 0.05046
939251 0.05045
939275 0.05039
939311 0.05039
939323 0.05044
939335 0.05041
939383 0.05044
939395 0.05043
939407 0.04891
939419 0.05041
939455 0.05043
939467 0.04995
939503 0.05042
939515 0.05011
939527 0.05039
939539 0.0503
939563 0.05042
939587 0.05038
939647 0.04993
939659 0.04994
939671 0.0504
939695 0.05044
939743 0.05045
939803 0.04971
939851 0.04971
939863 0.04991
939875 0.05038
939899 0.05047
939959 0.04991
939995 0.05048
940007 0.04918
940043 0.05036
940079 0.05049
940091 0.05049
940103 0.04989
940175 0.04988
940187 0.04819
940199 0.04967
940211 0.05035
940283 0.04986
940295 0.0505
940307 0.0503
940343 0.0505
940367 0.0503
940391 0.05033
940415 0.05001
940427 0.04923
940439 0.05021
940463 0.05048
940475 0.05032
940499 0.0498
940511 0.05048
940595 0.05047
940631 0.04872
940667 0.05027
940679 0.04957
940751 0.05029
940811 0.04982
940823 0.05025
940835 0.05044
940847 0.04929
940907 0.04976
940943 0.04996
940991 0.05026
941015 0.04979
941063 0.05014
941111 0.04994
941135 0.04957
941147 0.04993
941171 0.05024
941195 0.04993
941219 0.0504
941231 0.0504
941243 0.05024
941279 0.05012
941291 0.04977
941303 0.05011
941363 0.04989
941375 0.05039
941387 0.04991
941399 0.0495
941411 0.05019
941435 0.05018
941483 0.05037
941531 0.04991
941543 0.04953
941579 0.0502
941627 0.04972
941639 0.04993
941675 0.05035
941687 0.04861
941807 0.04986
941843 0.05034
941855 0.05014
941867 0.04986
941915 0.05016
941927 0.05013
941939 0.0497
941951 0.05004
941963 0.05032
942023 0.05015
942047 0.04984
942083 0.05031
942107 0.04963
942191 0.0503
942239 0.04961
942251 0.04966
942275 0.05009
942299 0.05001
942323 0.05009
942335 0.05028
942395 0.05008
942431 0.05011
942467 0.04979
942491 0.05027
942503 0.05027
942515 0.05004
942551 0.0501
942563 0.0501
942587 0.05006
942599 0.05025
942611 0.05025
942623 0.04978
942671 0.04953
942695 0.05008
942707 0.04903
942731 0.05008
942743 0.05024
942803 0.05007
942851 0.05023
942863 0.05023
942911 0.04975
942935 0.05022
942959 0.0501
942995 0.05005
943019 0.05005
943055 0.05004
943115 0.05
943151 0.0502
943175 0.05003
943211 0.05013
943235 0.05014
943247 0.04999
943259 0.04956
943283 0.05018
943295 0.05014
943319 0.05015
943331 0.05018
943355 0.04998
943391 0.05017
943415 0.05017
943451 0.04977
943463 0.05017
943487 0.04997
943559 0.05015
943583 0.05018
943619 0.04965
943631 0.04987
943643 0.05019
943655 0.05014
943667 0.04995
943679 0.04998
943691 0.05019
943703 0.0502
943727 0.04967
943775 0.05021
943787 0.04993
943811 0.04993
943823 0.05021
943847 0.04924
943883 0.04962
943907 0.04992
943919 0.04984
943943 0.05011
943991 0.04964
944051 0.04982
944063 0.0499
944075 0.05025
944159 0.05026
944183 0.04992
944219 0.05026
944255 0.05008
944267 0.0496
944303 0.04917
944375 0.04989
944423 0.0499
944459 0.0503
944483 0.04986
944495 0.05005
944507 0.04923
944603 0.04985
944627 0.04901
944663 0.05004
944675 0.05003
944735 0.05033
944747 0.0498
944759 0.04923
944771 0.04986
944783 0.04974
944795 0.05034
944819 0.05002
944867 0.04938
944879 0.05001
944891 0.04995
944903 0.04996
944927 0.04937
944939 0.04984
944951 0.05036
944975 0.04996
945011 0.04997
945023 0.05
945035 0.05037
945047 0.0493
945083 0.05038
945107 0.04985
945131 0.04916
945239 0.04997
945275 0.04981
945287 0.04987
945299 0.04934
945311 0.04975
945323 0.05041
945371 0.05002
945395 0.04988
945419 0.04977
945443 0.04977
945455 0.05003
945467 0.04989
945503 0.05003
945515 0.05004
945527 0.0499
945563 0.04892
945575 0.05044
945599 0.04937
945659 0.05045
945683 0.05046
945719 0.04993
945743 0.05046
945779 0.04992
945803 0.05007
945815 0.04988
945827 0.0489
945875 0.04975
945911 0.04943
945923 0.0499
945947 0.04996
946055 0.04991
946067 0.04943
946139 0.05051
946199 0.04945
946235 0.05013
946247 0.04946
946259 0.05
946283 0.0497
946295 0.05014
946343 0.04995
946403 0.05015
946427 0.04948
946439 0.05047
946451 0.0499
946475 0.05016
946523 0.05046
946559 0.04984
946583 0.05046
946595 0.05018
946619 0.04916
946631 0.05045
946643 0.05045
946655 0.05045
946691 0.04966
946703 0.04954
946763 0.0502
946775 0.05044
946787 0.04914
946811 0.05043
946835 0.05043
946871 0.05008
946895 0.05043
946979 0.05009
946991 0.05009
947003 0.05023
947015 0.04955
947039 0.04962
947051 0.0501
947063 0.04978
947075 0.05041
947099 0.0504
947111 0.05024
947123 0.04978
947135 0.0504
947147 0.04958
947159 0.05
947219 0.05006
947231 0.05
947255 0.05039
947267 0.04874
947279 0.0496
947291 0.05013
947339 0.05027
947363 0.05038
947375 0.05014
947387 0.04961
947399 0.05037
947435 0.05009
947447 0.04927
947459 0.05015
947495 0.05036
947531 0.0503
947543 0.04962
947567 0.04963
947591 0.05011
947639 0.05031
947675 0.05032
947687 0.05018
947699 0.04972
947831 0.0502
947855 0.05034
947903 0.05032
947939 0.05022
947951 0.05031
948011 0.05011
948023 0.04968
948047 0.04919
948071 0.05037
948083 0.0503
948119 0.05038
948131 0.04951
948155 0.05029
948179 0.05018
948191 0.05038
948203 0.05039
948239 0.05025
948275 0.04946
948323 0.0504
948359 0.05027
948371 0.05021
948383 0.04973
948419 0.05026
948491 0.05042
948515 0.05043
948527 0.0481
948539 0.04976
948563 0.05043
948575 0.05044
948587 0.04926
948623 0.05024
948635 0.04976
948647 0.05031
948683 0.04977
948743 0.05023
948779 0.05046
948791 0.05022
948815 0.05047
948863 0.05047
948875 0.04929
948899 0.05034
948911 0.05034
948935 0.05048
949031 0.05036
949079 0.0505
949091 0.0505
949103 0.05031
949127 0.04983
949163 0.05031
949175 0.05051
949199 0.05026
949235 0.0505
949259 0.05017
949283 0.0505
949343 0.05028
949367 0.04986
949379 0.04983
949403 0.05034
949415 0.05048
949463 0.04926
949475 0.04987
949499 0.05047
949511 0.05042
949535 0.0503
949571 0.05031
949595 0.05046
949619 0.05043
949655 0.05044
949679 0.0499
949715 0.05045
949727 0.0494
949763 0.05045
949787 0.04992
949859 0.05047
949871 0.05011
949895 0.05035
949919 0.05041
950003 0.05037
950015 0.05049
950063 0.04947
950087 0.04906
950123 0.05044
950195 0.04997
950219 0.05007
950243 0.04997
950267 0.04998
950339 0.0505
950387 0.05
950411 0.05049
950435 0.05048
950471 0.05048
950495 0.05043
950579 0.0505
950591 0.04965
950603 0.0505
950615 0.04941
950663 0.05045
950675 0.05051
950711 0.05046
950747 0.05045
950771 0.05001
950807 0.04927
950831 0.05049
950843 0.05048
950891 0.04938
950903 0.04938
950915 0.05048
950951 0.05043
950963 0.04999
950999 0.05048
951011 0.05047
951083 0.05031
951095 0.04958
951119 0.05046
951155 0.05041
951179 0.0505
951191 0.0501
951203 0.0501
951263 0.05049
951287 0.04961
951323 0.05008
951335 0.05044
951347 0.05012
951359 0.05048
951383 0.05027
951395 0.05027
951419 0.05043
951431 0.05027
951443 0.05043
951467 0.04913
951515 0.05037
951539 0.05042
951563 0.05012
951575 0.05046
951611 0.05046
951635 0.05025
951671 0.05016
951683 0.05045
951719 0.05017
951731 0.05024
951743 0.05017
951827 0.0494
951875 0.05038
951971 0.05032
951983 0.05021
951995 0.05032
952019 0.05041
952031 0.05032
952067 0.04932
952103 0.05036
952115 0.0504
952127 0.05031
952175 0.0503
952187 0.05023
952211 0.0503
952223 0.05035
952235 0.05034
952283 0.05034
952295 0.05034
952331 0.05024
952343 0.05038
952403 0.05017
952463 0.05037
952499 0.05036
952523 0.05036
952607 0.0495
952631 0.05035
952643 0.05028
952679 0.05034
952703 0.0503
952727 0.05024
952751 0.04993
952763 0.05027
952775 0.05033
952835 0.05028
952847 0.05032
952871 0.05031
952991 0.0503
953003 0.04996
953015 0.05034
953027 0.05034
953051 0.05034
953123 0.0503
953147 0.05036
953159 0.05035
953183 0.05033
953207 0.04986
953219 0.05029
953231 0.05037
953255 0.05036
953279 0.05037
953291 0.05037
953315 0.05007
953327 0.05038
953387 0.05039
953435 0.05039
953471 0.05036
953531 0.05037
953603 0.05038
953615 0.05015
953687 0.05014
953723 0.05042
953735 0.04912
953759 0.04909
953771 0.05023
953783 0.0504
953819 0.05044
953843 0.05041
953855 0.05017
953867 0.04967
953891 0.05045
953951 0.05016
953963 0.05046
953975 0.05016
953999 0.04881
954023 0.0501
954047 0.04969
954059 0.05015
954071 0.0501
954083 0.05044
954095 0.05019
954107 0.0501
954119 0.05048
954143 0.05048
954239 0.0505
954251 0.0505
954275 0.0505
954335 0.05051
954347 0.05
954371 0.05051
954383 0.05048
954395 0.05051
954407 0.0505
954431 0.05051
954479 0.0505
954503 0.05011
954575 0.05049
954587 0.05048
954635 0.05051
954659 0.05048
954683 0.04977
954695 0.0505
954707 0.05047
954755 0.05047
954767 0.04978
954791 0.0492
954803 0.05007
954815 0.0502
954863 0.05048
954875 0.05007
954887 0.04968
954995 0.05044
955007 0.05044
955031 0.05044
955055 0.05
955151 0.05045
955199 0.05042
955247 0.04939
955259 0.05041
955283 0.05044
955295 0.05013
955343 0.05043
955403 0.05043
955451 0.05042
955463 0.05014
955475 0.05039
955487 0.05015
955499 0.05039
955535 0.05015
955547 0.05038
955583 0.04999
955619 0.0504
955631 0.04989
955643 0.0504
955655 0.05037
955667 0.04945
955691 0.05039
955703 0.05037
955739 0.05036
955811 0.05001
955823 0.05038
955835 0.05033
955859 0.05033
955895 0.05035
955931 0.05034
955943 0.05035
956075 0.05036
956123 0.05023
956171 0.05038
956183 0.05032
956195 0.05032
956243 0.04944
956267 0.05031
956279 0.05033
956291 0.05039
956363 0.0503
956375 0.04999
956447 0.05028
956459 0.05031
956483 0.05042
956519 0.05028
956555 0.05028
956567 0.05029
956591 0.05043
956603 0.05002
956615 0.0503
956627 0.04957
956639 0.05029
956663 0.05044
956675 0.0503
956711 0.05031
956747 0.05031
956771 0.05031
956783 0.05045
956807 0.04952
956819 0.05032
956855 0.04994
956867 0.05033
956927 0.0498
956975 0.05023
957023 0.05034
957035 0.05008
957095 0.04978
957155 0.05037
957167 0.05037
957215 0.05021
957227 0.05021
957239 0.05051
957251 0.05021
957311 0.04966
957323 0.0505
957347 0.04924
957371 0.05022
957395 0.05022
957443 0.0504
957479 0.05048
957503 0.05048
957515 0.05048
957527 0.04955
957623 0.05017
957683 0.05043
957695 0.05016
957707 0.05044
957719 0.05046
957767 0.04972
957779 0.05045
957791 0.05045
957803 0.05045
957839 0.05046
957875 0.05044
957899 0.05046
957911 0.0498
957935 0.04979
957947 0.04961
957983 0.05015
958055 0.05048
958067 0.05012
958079 0.05049
958091 0.05049
958115 0.05049
958151 0.0505
958175 0.05049
958187 0.04969
958199 0.05011
958211 0.05013
958235 0.05051
958271 0.04976
958283 0.05024
958295 0.05051
958307 0.04979
958403 0.05039
958427 0.05049
958475 0.05049
958571 0.05048
958583 0.0492
958607 0.05006
958619 0.05048
958655 0.05008
958703 0.05047
958775 0.05035
958835 0.05034
958895 0.05044
958907 0.05044
958943 0.05044
958979 0.05043
959003 0.05044
959027 0.04946
959039 0.05043
959051 0.0498
959063 0.05043
959075 0.05042
959087 0.04975
959111 0.04947
959123 0.05003
959147 0.05023
959171 0.0503
959231 0.05036
959243 0.05041
959291 0.04999
959303 0.05037
959375 0.0504
959387 0.05039
959399 0.0504
959423 0.05028
959483 0.05027
959507 0.0504
959519 0.05038
959543 0.0504
959615 0.05026
959651 0.05041
959663 0.04855
959675 0.05042
959711 0.0503
959771 0.05043
959843 0.04996
959855 0.05044
959891 0.05034
959915 0.05034
959951 0.04992
959963 0.04995
959975 0.05034
959987 0.05
959999 0.05034
960023 0.05033
960083 0.05047
960155 0.05048
960179 0.05036
960203 0.04995
960263 0.05019
960275 0.05038
960287 0.05004
960311 0.0505
960335 0.05029
960347 0.04992
960395 0.05051
960491 0.04993
960503 0.04953
960539 0.05016
960563 0.05049
960599 0.05042
960623 0.05001
960659 0.05043
960671 0.05048
960695 0.05026
960719 0.05043
960731 0.04984
960755 0.05047
960767 0.05025
960779 0.05014
960815 0.05045
960839 0.05024
960851 0.05046
960875 0.05004
960947 0.05045
961007 0.05045
961031 0.05047
961055 0.05048
961079 0.05022
961103 0.04983
961163 0.05021
961175 0.05049
961211 0.05016
961223 0.04925
961235 0.05042
961271 0.05017
961343 0.05041
961367 0.05041
961391 0.05019
961415 0.05019
961439 0.0505
961475 0.05006
961523 0.04979
961607 0.05013
961655 0.04977
961787 0.05016
961823 0.05016
961883 0.05017
961895 0.05013
961907 0.05045
961919 0.04983
961931 0.05018
961979 0.05012
962003 0.05034
962015 0.05044
962027 0.05027
962039 0.05027
962123 0.05014
962135 0.0502
962159 0.05028
962207 0.0501
962219 0.04987
962255 0.0503
962375 0.05023
962399 0.05008
962411 0.0503
962423 0.04997
962435 0.05024
962507 0.05039
962519 0.05038
962555 0.05007
962579 0.04992
962591 0.05026
962615 0.05034
962639 0.04959
962675 0.05037
962699 0.05036
962711 0.05027
962723 0.04972
962771 0.05036
962795 0.05036
962819 0.05035
962831 0.05029
962843 0.05029
962891 0.05038
962927 0.05002
962939 0.05003
962987 0.05002
962999 0.05039
963023 0.05024
963059 0.0496
963095 0.05
963119 0.05041
963131 0.05033
963167 0.05022
963251 0.05021
963275 0.05029
963359 0.04998
963371 0.0503
963383 0.0502
963443 0.05031
963455 0.05045
963467 0.05032
963503 0.05019
963527 0.05032
963539 0.05028
963551 0.05028
963587 0.05033
963599 0.05005
963611 0.05027
963683 0.0504
963695 0.05035
963767 0.04993
963791 0.05049
963803 0.04982
963827 0.05025
963851 0.05042
963923 0.05038
963947 0.05051
963983 0.04992
964007 0.05044
964019 0.0498
964031 0.05039
964043 0.05013
964103 0.05012
964115 0.05049
964127 0.05046
964163 0.05012
964175 0.05048
964223 0.05047
964247 0.05042
964271 0.05048
964331 0.05043
964343 0.04913
964367 0.05043
964379 0.04987
964391 0.04987
964403 0.04993
964451 0.0505
964475 0.0505
964487 0.05045
964511 0.05051
964523 0.05045
964535 0.05045
964547 0.05051
964595 0.0505
964607 0.05017
964619 0.04985
964643 0.04974
964691 0.05049
964715 0.05048
964775 0.05015
964835 0.05049
964859 0.05014
964907 0.05017
964919 0.05022
964979 0.0504
965063 0.0505
965075 0.05002
965099 0.05039
965123 0.05049
965159 0.05038
965183 0.04905
965195 0.05038
965207 0.05004
965219 0.0501
965231 0.05048
965279 0.05037
965315 0.05043
965327 0.05043
965351 0.05009
965375 0.05036
965435 0.05042
965459 0.04993
965495 0.05041
965543 0.05045
965555 0.05045
965579 0.05034
965651 0.05033
965663 0.05039
965687 0.05044
965747 0.05032
965783 0.05038
965795 0.04991
965831 0.05038
965867 0.05042
965879 0.0494
965891 0.05034
965903 0.05041
965975 0.05035
965987 0.05036
966023 0.0504
966035 0.05036
966047 0.0504
966083 0.05015
966095 0.04995
966107 0.05039
966119 0.05028
966143 0.05039
966167 0.04943
966179 0.04969
966203 0.04928
966263 0.05038
966299 0.05026
966311 0.05033
966359 0.05007
966443 0.05031
966467 0.05037
966479 0.05006
966503 0.05037
966515 0.05035
966551 0.05035
966563 0.05038
966575 0.0503
966599 0.05002
966611 0.05034
966623 0.05034
966671 0.05039
966683 0.05033
966695 0.05045
966731 0.04963
966755 0.05012
966767 0.05045
966815 0.05032
966827 0.05025
966887 0.05031
966899 0.05047
966947 0.0503
966959 0.05048
966983 0.05043
967007 0.05044
967031 0.0503
967043 0.05029
967055 0.05007
967091 0.0505
967103 0.05029
967151 0.05045
967163 0.05024
967187 0.05051
967199 0.05018
967223 0.0503
967247 0.05051
967283 0.05047
967307 0.05047
967331 0.0505
967355 0.0502
967367 0.05049
967415 0.05021
967439 0.04956
967475 0.05021
967523 0.05014
967547 0.0505
967559 0.05014
967631 0.05035
967643 0.04999
967679 0.05012
967715 0.05036
967727 0.05036
967799 0.04984
967811 0.05023
967835 0.05044
967895 0.05038
967943 0.0502
967967 0.05009
968039 0.05042
968075 0.0502
968135 0.05045
968207 0.05042
968231 0.05044
968243 0.05012
968255 0.05044
968303 0.05043
968327 0.05043
968339 0.05032
968363 0.04947
968399 0.05033
968447 0.0491
968471 0.05042
968483 0.05042
968531 0.05035
968543 0.05046
968555 0.05032
968579 0.05027
968603 0.0497
968639 0.05033
968687 0.05037
968735 0.05037
968783 0.0505
968843 0.0505
968891 0.05039
968951 0.0505
968987 0.05032
968999 0.0498
969035 0.0505
969047 0.05049
969059 0.0498
969119 0.0497
969155 0.05035
969191 0.05048
969203 0.05048
969215 0.05043
969251 0.05041
969263 0.05047
969299 0.05042
969311 0.05006
969323 0.04958
969335 0.05042
969383 0.05038
969491 0.05044
969515 0.05039
969527 0.05044
969539 0.05047
969563 0.05044
969575 0.05045
969623 0.05043
969659 0.05046
969683 0.05042
969731 0.05047
969779 0.04978
969803 0.04996
969815 0.05048
969827 0.05048
969875 0.05044
969935 0.0505
969995 0.04994
970055 0.05051
970079 0.04957
970103 0.05047
970139 0.0502
970163 0.04997
970187 0.05049
970223 0.05037
970235 0.05049
970271 0.05049
970295 0.05049
970307 0.05036
970331 0.05033
970379 0.05018
970439 0.05047
970451 0.05051
970463 0.05051
970475 0.05051
970499 0.04987
970535 0.05036
970547 0.05034
970559 0.05016
970619 0.05043
970631 0.04955
970691 0.05032
970715 0.04939
970727 0.05048
970739 0.05044
970751 0.05048
970775 0.05043
970811 0.05047
970823 0.05039
970919 0.05042
970955 0.05046
970979 0.05046
970991 0.05045
971003 0.04978
971135 0.05044
971183 0.05044
971219 0.04971
971243 0.04933
971255 0.05042
971303 0.04934
971327 0.05042
971351 0.05042
971375 0.05046
971411 0.05041
971447 0.05047
971495 0.05024
971507 0.05048
971543 0.05039
971555 0.0504
971567 0.0504
971627 0.05023
971675 0.0505
971795 0.0505
971819 0.05037
971831 0.0503
971843 0.0505
971879 0.0503
971915 0.05036
971927 0.05035
971963 0.05006
971975 0.05049
971999 0.05035
972011 0.05048
972035 0.05028
972095 0.0503
972143 0.05017
972167 0.05033
972179 0.05033
972191 0.05033
972203 0.05046
972275 0.0501
972299 0.05028
972311 0.05045
972323 0.05016
972359 0.05031
972383 0.05044
972515 0.05043
972527 0.04997
972551 0.0502
972563 0.0502
972587 0.05042
972647 0.05042
972659 0.0499
972671 0.05026
972695 0.05041
972707 0.05027
972719 0.05023
972755 0.05027
972767 0.05028
972779 0.04993
972815 0.05027
972851 0.05026
972863 0.05002
972875 0.05039
972935 0.05039
972947 0.05021
972971 0.05025
972983 0.05038
973019 0.0502
973043 0.05024
973055 0.05037
973091 0.05037
973127 0.05023
973139 0.04961
973175 0.05028
973223 0.05006
973247 0.05034
973271 0.05022
973319 0.05021
973343 0.05005
973379 0.05035
973427 0.05036
973451 0.05036
973463 0.05031
973475 0.05032
973499 0.05
973511 0.05033
973619 0.05018
973655 0.05034
973667 0.05034
973715 0.0504
973751 0.05028
973775 0.05035
973859 0.05009
973907 0.05037
973943 0.05031
973955 0.05043
974015 0.05027
974027 0.04958
974039 0.0501
974087 0.05014
974207 0.05025
974219 0.05046
974243 0.05025
974255 0.05011
974267 0.0502
974303 0.05024
974339 0.05036
974363 0.05024
974375 0.04976
974423 0.05022
974435 0.05044
974471 0.05049
974483 0.05038
974543 0.05023
974579 0.05009
974603 0.05039
974615 0.05051
974639 0.05051
974663 0.05007
974675 0.0505
974723 0.05047
974759 0.05002
974771 0.05049
974783 0.05048
974807 0.05026
974843 0.05017
974939 0.04983
975023 0.05045
975035 0.05051
975047 0.04985
975059 0.05004
975095 0.05046
975119 0.05046
975131 0.05031
975155 0.05046
975275 0.05048
975311 0.05048
975335 0.05048
975371 0.05047
975407 0.05043
975455 0.05046
975467 0.05042
975503 0.05046
975539 0.05051
975563 0.05045
975575 0.04998
975623 0.0505
975647 0.05037
975659 0.0505
975683 0.05044
975695 0.05038
975755 0.05043
975767 0.05003
975791 0.05048
975839 0.04996
975851 0.05048
975875 0.0504
975887 0.05038
975911 0.05047
975923 0.05041
975947 0.05041
975959 0.04993
975983 0.05006
975995 0.05041
976031 0.05036
976043 0.05046
976067 0.05036
976139 0.04995
976163 0.05039
976175 0.05008
976247 0.05038
976283 0.05038
976319 0.04989
976379 0.05002
976391 0.05042
976415 0.05047
976463 0.05047
976475 0.05032
976487 0.05048
976499 0.05041
976511 0.05035
976523 0.05048
976535 0.05041
976547 0.05004
976631 0.0504
976655 0.05039
976667 0.05034
976691 0.0505
976703 0.05041
976751 0.05006
976763 0.0501
976775 0.05051
976787 0.05033
976871 0.05043
976895 0.05044
976907 0.05049
976955 0.05036
976967 0.05049
977003 0.05048
977015 0.05019
977027 0.04983
977051 0.05045
977063 0.05048
977099 0.05046
977207 0.05046
977219 0.05012
977267 0.04994
977315 0.05049
977327 0.05045
977339 0.05032
977375 0.0505
977387 0.05044
977423 0.04943
977435 0.05024
977483 0.05051
977495 0.05051
977519 0.05005
977543 0.05043
977579 0.0505
977639 0.05049
977651 0.05049
977687 0.05023
977699 0.04977
977711 0.05049
977735 0.05048
977771 0.05028
977783 0.05028
977795 0.05048
977807 0.05022
977891 0.0503
977903 0.05018
977939 0.05046
977975 0.05031
977999 0.05046
978023 0.05045
978035 0.05045
978059 0.05045
978083 0.05045
978119 0.05015
978143 0.05044
978227 0.04979
978251 0.05034
978263 0.05029
978275 0.05035
978299 0.05023
978311 0.05035
978371 0.05022
978383 0.0503
978395 0.05027
978407 0.05027
978431 0.05034
978443 0.05041
978467 0.05037
978515 0.05033
978539 0.05026
978551 0.0504
978563 0.05038
978575 0.05033
978587 0.0503
978623 0.05039
978635 0.05039
978671 0.05027
978719 0.05038
978731 0.0504
978767 0.05041
978779 0.05029
978791 0.05041
978815 0.0503
978827 0.05033
978875 0.05037
978911 0.05034
978959 0.05036
978971 0.05043
978983 0.05015
978995 0.05032
979019 0.05035
979043 0.05039
979055 0.05035
979067 0.05036
979139 0.05034
979151 0.05046
979175 0.05046
979223 0.05046
979235 0.05047
979295 0.05047
979319 0.05036
979367 0.04993
979391 0.05043
979427 0.05044
979463 0.05044
979475 0.05044
979487 0.05041
979523 0.0503
979547 0.05045
979559 0.05042
979583 0.04985
979631 0.0504
979643 0.05009
979679 0.05043
979703 0.0505
979727 0.05002
979739 0.05041
979763 0.05041
979775 0.05033
979823 0.05042
979847 0.05049
979871 0.05048
979943 0.0505
979979 0.05047
979991 0.05047
980003 0.04968
980051 0.05046
980075 0.05046
980123 0.0505
980147 0.05016
980171 0.05004
980183 0.05038
980279 0.05002
980315 0.05048
980351 0.05048
980375 0.0505
980387 0.05043
980411 0.05049
980495 0.05049
980531 0.05046
980615 0.05045
980627 0.05045
980639 0.0505
980651 0.05011
980663 0.05011
980699 0.04998
980723 0.05018
980735 0.05049
980747 0.04992
980759 0.05046
980771 0.05046
980783 0.05039
980843 0.05043
980879 0.05047
980903 0.05047
980915 0.05047
980939 0.05048
980987 0.05044
981035 0.05014
981047 0.05036
981059 0.05014
981071 0.05043
981083 0.05036
981095 0.0505
981119 0.04994
981143 0.05045
981155 0.05006
981167 0.05042
981179 0.05051
981191 0.05039
981251 0.05012
981275 0.0505
981323 0.05038
981335 0.0505
981347 0.05037
981383 0.05049
981407 0.05039
981479 0.05041
981491 0.05048
981503 0.05048
981551 0.05041
981563 0.0501
981611 0.0504
981635 0.0504
981671 0.05046
981695 0.05036
981755 0.05009
981779 0.05045
981803 0.04998
981815 0.0501
981827 0.05035
981839 0.05044
981863 0.05006
981911 0.05044
981971 0.05043
981995 0.05043
982019 0.05043
982031 0.0503
982043 0.04979
982091 0.05032
982115 0.05035
982127 0.05014
982163 0.05029
982175 0.05032
982199 0.05041
982235 0.05034
982259 0.05031
982283 0.0503
982307 0.0503
982355 0.04997
982391 0.05032
982415 0.05032
982451 0.05032
982463 0.05026
982475 0.05038
982511 0.05033
982523 0.04999
982583 0.0503
982631 0.05027
982655 0.05001
982679 0.05036
982727 0.05036
982799 0.04967
982835 0.05011
982883 0.05017
982907 0.05024
982955 0.05033
982979 0.05033
982991 0.05028
983003 0.05039
983015 0.05039
983027 0.04987
983039 0.05025
983075 0.05026
983099 0.05031
983111 0.05041
983183 0.05041
983195 0.05008
983207 0.05031
983255 0.05042
983291 0.05043
983351 0.05044
983375 0.05033
983387 0.05044
983411 0.0503
983423 0.05045
983459 0.05021
983471 0.05045
983483 0.05045
983507 0.05046
983555 0.05017
983591 0.05036
983639 0.05033
983651 0.05026
983663 0.05037
983687 0.04962
983723 0.05013
983735 0.05037
983747 0.04979
983795 0.05018
983831 0.05039
983867 0.05039
983891 0.05007
983903 0.0504
983915 0.05036
983963 0.0504
983975 0.05037
984011 0.0505
984023 0.05026
984035 0.0498
984107 0.05049
984179 0.0502
984203 0.0502
984215 0.05029
984251 0.04983
984263 0.05021
984275 0.05048
984311 0.0503
984419 0.05031
984467 0.05047
984479 0.05044
984515 0.05033
984527 0.05008
984575 0.05045
984599 0.05034
984647 0.05044
984671 0.05049
984683 0.05003
984695 0.05046
984743 0.05043
984779 0.05028
984803 0.05051
984827 0.05004
984839 0.05037
984851 0.05014
984875 0.05041
984887 0.04968
984899 0.05049
984935 0.0505
984983 0.0504
985043 0.05049
985055 0.05049
985127 0.05048
985139 0.0504
985163 0.05038
985199 0.0505
985223 0.05047
985235 0.05049
985247 0.05049
985259 0.05003
985271 0.05049
985283 0.05046
985319 0.05043
985343 0.05035
985355 0.05045
985367 0.05048
985439 0.04998
985535 0.05046
985559 0.05037
985595 0.05046
985619 0.05046
985643 0.05043
985655 0.04979
985727 0.05044
985739 0.05048
985751 0.05048
985775 0.05048
985787 0.05044
985811 0.05041
985823 0.04987
985895 0.0505
985919 0.05042
985931 0.0505
985955 0.05042
986003 0.05051
986027 0.0499
986039 0.05051
986051 0.05044
986063 0.05044
986075 0.05041
986087 0.04992
986099 0.05044
986123 0.05038
986135 0.05045
986159 0.04991
986219 0.04993
986231 0.05049
986243 0.05048
986291 0.05048
986303 0.05027
986315 0.05038
986375 0.05038
986387 0.04989
986423 0.05047
986435 0.04991
986447 0.05034
986483 0.04901
986615 0.05051
986627 0.04979
986663 0.04995
986687 0.05035
986699 0.05044
986711 0.05044
986783 0.0505
986807 0.05031
986843 0.05042
986867 0.04981
986951 0.05032
986975 0.05048
986999 0.04996
987011 0.05041
987059 0.05047
987107 0.04997
987119 0.05039
987131 0.05046
987167 0.0503
987179 0.05046
987203 0.05045
987215 0.05045
987239 0.05045
987275 0.05045
987323 0.05025
987347 0.05028
987359 0.05028
987407 0.05027
987455 0.05043
987467 0.05027
987479 0.05042
987503 0.04954
987527 0.05003
987539 0.04949
987551 0.05042
987611 0.05025
987623 0.05025
987635 0.05034
987719 0.05033
987731 0.05026
987743 0.0504
987791 0.05039
987839 0.05023
987863 0.05032
987875 0.05022
987923 0.04966
987935 0.05038
987947 0.05008
988019 0.05021
988043 0.0503
988055 0.05018
988079 0.05036
988091 0.0503
988103 0.05017
988139 0.04975
988175 0.05019
988211 0.05035
988223 0.05035
988247 0.05019
988259 0.05028
988283 0.05033
988295 0.05034
988307 0.05018
988331 0.05034
988391 0.05017
988427 0.05014
988451 0.05035
988475 0.05032
988487 0.0491
988559 0.05016
988667 0.05017
988691 0.05023
988703 0.0503
988751 0.05039
988775 0.05013
988811 0.0504
988823 0.0501
988847 0.05019
988871 0.05028
988919 0.05041
988931 0.05012
988943 0.05
988955 0.05042
988967 0.05018
989003 0.0502
989039 0.05027
989063 0.05043
989075 0.05008
989111 0.05044
989135 0.05044
989147 0.04908
989195 0.05025
989255 0.05024
989303 0.05017
989315 0.05017
989351 0.05023
989363 0.05023
989387 0.05026
989399 0.05026
989459 0.05048
989483 0.05048
989543 0.05003
989567 0.05005
989591 0.05028
989603 0.05014
989651 0.0502
989675 0.05051
989699 0.04994
989723 0.0502
989759 0.0505
989771 0.05031
989819 0.05031
989843 0.04957
989903 0.05049
989915 0.0503
989963 0.05017
989975 0.05031
989987 0.05033
990035 0.05016
990059 0.04961
990071 0.05034
990083 0.05016
990095 0.05035
990107 0.05032
990143 0.05015
990191 0.05033
990203 0.04996
990251 0.05045
990263 0.05045
990275 0.04987
990407 0.05039
990419 0.05044
990443 0.05006
990467 0.05039
990491 0.05012
990515 0.05043
990527 0.05037
990539 0.05038
990551 0.05042
990575 0.04947
990587 0.05038
990611 0.05041
990623 0.04949
990647 0.05042
990659 0.04949
990683 0.04991
990743 0.0504
990755 0.04991
990779 0.04897
990827 0.05044
990839 0.05044
990863 0.05001
990875 0.05039
990899 0.04992
990911 0.05039
990959 0.05043
990971 0.0501
990983 0.0501
990995 0.05007
991007 0.05043
991019 0.0501
991055 0.05011
991067 0.05047
991103 0.05037
991139 0.05036
991163 0.0495
991175 0.05012
991199 0.05049
991211 0.05046
991247 0.04933
991259 0.05035
991271 0.05035
991307 0.05047
991319 0.0505
991355 0.05051
991379 0.05015
991415 0.05015
991451 0.0505
991463 0.05033
991475 0.05049
991523 0.05004
991535 0.05004
991583 0.05018
991595 0.04961
991667 0.05048
991691 0.05006
991715 0.0503
991763 0.0503
991799 0.05049
991835 0.04983
991847 0.05049
991907 0.05048
991919 0.04984
991967 0.05047
991991 0.05047
992003 0.05023
992015 0.05047
992027 0.05011
992063 0.04989
992099 0.05046
992123 0.05012
992147 0.04987
992159 0.05045
992243 0.04967
992255 0.05042
992303 0.05014
992339 0.05041
992351 0.05044
992423 0.05028
992435 0.0504
992447 0.05043
992471 0.05029
992483 0.05023
992495 0.0504
992519 0.05042
992531 0.05042
992543 0.05017
992567 0.05041
992579 0.05039
992627 0.05041
992639 0.04993
992651 0.05038
992663 0.04974
992675 0.05031
992687 0.05019
992699 0.0504
992711 0.05038
992747 0.0502
992759 0.05037
992783 0.05032
992879 0.05038
992915 0.05034
992939 0.05034
992951 0.05037
992975 0.05022
993023 0.05023
993035 0.05036
993047 0.05036
993059 0.04999
993083 0.05036
993095 0.05016
993131 0.05033
993143 0.05016
993251 0.05038
993263 0.05038
993311 0.05039
993335 0.05031
993347 0.04967
993383 0.04916
993395 0.0504
993503 0.04985
993515 0.04966
993551 0.05031
993563 0.05042
993575 0.05031
993599 0.05005
993623 0.05043
993635 0.05031
993659 0.05043
993671 0.05006
993707 0.05007
993743 0.04899
993755 0.04979
993791 0.05045
993803 0.05033
993815 0.05045
993863 0.05046
993875 0.05046
993911 0.05047
993935 0.05009
993959 0.05027
993971 0.04961
993995 0.05048
994031 0.05048
994079 0.05049
994127 0.05023
994175 0.05037
994187 0.05013
994211 0.05038
994223 0.04875
994259 0.05005
994283 0.05051
994355 0.05021
994379 0.05021
994439 0.05016
994451 0.05049
994475 0.05041
994487 0.04953
994499 0.05022
994523 0.04997
994607 0.04959
994619 0.05021
994631 0.05047
994739 0.05019
994763 0.04981
994775 0.05017
994787 0.05045
994799 0.05017
994823 0.04999
994883 0.04998
994919 0.05044
994931 0.05015
994943 0.05003
994967 0.05047
994979 0.05015
995003 0.05048
995015 0.05043
995027 0.05023
995063 0.05048
995075 0.05016
995111 0.05024
995123 0.04996
995135 0.05024
995267 0.05051
995279 0.05026
995315 0.05027
995375 0.04989
995423 0.0505
995435 0.05028
995459 0.05009
995495 0.05039
995543 0.04992
995603 0.05011
995615 0.05037
995627 0.04971
995687 0.05031
995711 0.05036
995723 0.04959
995735 0.05032
995759 0.05036
995771 0.05013
995795 0.05009
995831 0.05014
995867 0.04974
995879 0.05035
995951 0.05035
995963 0.05044
995999 0.05035
996047 0.05043
996059 0.05033
996071 0.05036
996095 0.05003
996131 0.05005
996179 0.05018
996191 0.05037
996215 0.05041
996239 0.04979
996275 0.05
996287 0.05039
996299 0.05019
996371 0.0504
996383 0.0503
996395 0.05021
996443 0.05039
996455 0.05
996467 0.05002
996479 0.05
996503 0.05022
996515 0.05038
996575 0.05042
996587 0.05001
996623 0.05027
996707 0.04985
996731 0.05006
996743 0.04936
996755 0.05036
996791 0.05026
996815 0.05026
996839 0.05026
996851 0.05046
996863 0.05026
996875 0.05025
996911 0.05034
996923 0.05008
996959 0.04947
996971 0.05028
996983 0.05024
997007 0.04956
997079 0.05049
997127 0.05049
997139 0.05022
997187 0.04926
997199 0.05021
997211 0.05031
997223 0.05012
997271 0.05051
997295 0.0502
997355 0.0505
997367 0.0505
997403 0.05019
997451 0.05029
997487 0.04962
997523 0.05035
997535 0.05048
997571 0.05028
997607 0.04996
997619 0.05048
997631 0.05047
997655 0.05017
997715 0.05047
997847 0.05025
997895 0.05025
997907 0.04988
997919 0.05
997931 0.0504
997943 0.0504
997967 0.04968
997979 0.04985
998003 0.0498
998135 0.05042
998171 0.05042
998183 0.05043
998231 0.05043
998255 0.04982
998315 0.0501
998327 0.05005
998351 0.0504
998375 0.05026
998387 0.05005
998447 0.05039
998459 0.05046
998483 0.05046
998495 0.05047
998531 0.05047
998543 0.04986
998555 0.05038
998567 0.04981
998579 0.05048
998603 0.05048
998627 0.04987
998639 0.05037
998663 0.04988
998675 0.05037
998699 0.05006
998747 0.0501
998771 0.05031
998783 0.05031
998807 0.05036
998855 0.05035
998867 0.05015
998891 0.05004
998963 0.05014
998975 0.05034
998987 0.05013
999059 0.05049
999071 0.05035
999119 0.05035
999143 0.05048
999179 0.04975
999203 0.04925
999263 0.04995
999311 0.05046
999335 0.05046
999383 0.04999
999395 0.05046
999407 0.05009
999443 0.05039
999455 0.05029
999503 0.05044
999551 0.05008
999647 0.05
999659 0.05043
999719 0.05043
999731 0.0499
999743 0.05043
999755 0.05026
999767 0.05022
999779 0.05042
999815 0.05041
999827 0.04991
999875 0.05045
999899 0.05045
999923 0.05045
999935 0.05024
999971 0.05024
