vipulnaik@Vipuls-M1-MacBook-Air 26-08-07 2:30:27 /Users/vipulnaik/git/personal-public/ark-conjecture~ [m1] M outputs/mu_table_safe_v3.csv # cpulimit -l 1 python3 scripts/mu_enumerate_v2.py --nmax 2600 --out outputs/mu_table_safe_v3.csv
mode           UNCONDITIONAL (safe)
               p-parts scored F*C(c,2) where Lemma C cuts the twist;
               'fb' in the per-n line flags a winner that used it
range          n in [1267, 2600]
resuming       outputs/mu_table_safe_v3.csv already holds 1034 rows (max n = 1266); continuing from 1267
               NOTE: earlier rows were written by whichever mode was used then; mixing safe and refined rows in one file is not detected
to compute     1152 values  (1267 … 2600)
skipped        182 prime powers (mu = C(n,2) exactly)

^C
^C  -- stopping; results so far are already written

n in [1267, 2600]: computed 0 of 1152 (INTERRUPTED) in 0.7s | exact 0, table-short 0, violations 0
unconditional fallback invoked on the winner at 0 of 0 values  -> the refined bound would be identical throughout
vipulnaik@Vipuls-M1-MacBook-Air 26-08-07 2:34:08 /Users/vipulnaik/git/personal-public/ark-conjecture~ [m1] # cpulimit -l 1 python3 scripts/mu_enumerate_v2.py --nmax 2600 --out outputs/mu_table_safe_v4.csv
mode           UNCONDITIONAL (safe)
               p-parts scored F*C(c,2) where Lemma C cuts the twist;
               'fb' in the per-n line flags a winner that used it
range          n in [6, 2600]
to compute     2186 values  (6 … 2600)
skipped        409 prime powers (mu = C(n,2) exactly)

[1/2186] 02:34:16 n=6      B=6          d=0.4000 parts=1/1 certK=2 cert   0.00s  (avg  0.00s, eta 0s)
[2/2186] 02:34:16 n=10     B=20         d=0.4444 parts=1/1 certK=2 cert   0.00s  (avg  0.00s, eta 0s)
[3/2186] 02:34:16 n=12     B=18         d=0.2727 parts=1/1 certK=2 cert   0.00s  (avg  0.00s, eta 1s)
[4/2186] 02:34:16 n=14     B=42         d=0.4615 parts=1/1 certK=2 cert   0.00s  (avg  0.00s, eta 1s)
[5/2186] 02:34:16 n=15     B=30         d=0.2857 parts=1/1 certK=2 cert   0.00s  (avg  0.00s, eta 1s)
[6/2186] 02:34:16 n=18     B=72         d=0.4706 parts=1/1 certK=2 cert   0.00s  (avg  0.00s, eta 1s)
[7/2186] 02:34:16 n=20     B=40         d=0.2105 parts=1/2 certK=3 cert   0.00s  (avg  0.00s, eta 1s)
[8/2186] 02:34:16 n=21     B=63         d=0.3000 parts=1/1 certK=2 cert   0.00s  (avg  0.00s, eta 1s)
[9/2186] 02:34:16 n=22     B=110        d=0.4762 parts=1/1 certK=2 cert   0.00s  (avg  0.00s, eta 1s)
[10/2186] 02:34:16 n=24     B=84         d=0.3043 parts=1/1 certK=2 cert   0.00s  (avg  0.00s, eta 1s)
[11/2186] 02:34:16 n=26     B=156        d=0.4800 parts=1/1 certK=2 cert   0.00s  (avg  0.00s, eta 1s)
[12/2186] 02:34:16 n=28     B=84         d=0.2222 parts=1/2 certK=3 cert   0.00s  (avg  0.00s, eta 2s)
[13/2186] 02:34:16 n=30     B=78         d=0.1793 parts=2/2 certK=3 cert   0.00s  (avg  0.00s, eta 2s)
[14/2186] 02:34:16 n=33     B=165        d=0.3125 parts=1/1 certK=2 cert   0.00s  (avg  0.00s, eta 2s)
[15/2186] 02:34:16 n=34     B=272        d=0.4848 parts=1/1 certK=2 cert   0.00s  (avg  0.00s, eta 2s)
[16/2186] 02:34:16 n=35     B=120        d=0.2017 parts=2/2 certK=3 cert   0.00s  (avg  0.00s, eta 3s)
[17/2186] 02:34:16 n=36     B=144        d=0.2286 parts=1/2 certK=3 cert   0.00s  (avg  0.00s, eta 3s)
[18/2186] 02:34:16 n=38     B=342        d=0.4865 parts=1/1 certK=2 cert   0.00s  (avg  0.00s, eta 3s)
[19/2186] 02:34:16 n=39     B=234        d=0.3158 parts=1/1 certK=2 cert   0.00s  (avg  0.00s, eta 3s)
[20/2186] 02:34:16 n=40     B=140        d=0.1795 parts=1/2 certK=3 cert   0.01s  (avg  0.00s, eta 4s)
[21/2186] 02:34:16 n=42     B=171        d=0.1986 parts=2/2 certK=3 cert   0.01s  (avg  0.00s, eta 4s)
[22/2186] 02:34:16 n=44     B=220        d=0.2326 parts=1/2 certK=3 cert   0.01s  (avg  0.00s, eta 5s)
[23/2186] 02:34:16 n=45     B=180        d=0.1818 parts=1/2 certK=3 cert   0.01s  (avg  0.00s, eta 5s)
[24/2186] 02:34:16 n=46     B=506        d=0.4889 parts=1/1 certK=2 cert   0.00s  (avg  0.00s, eta 5s)
[25/2186] 02:34:16 n=48     B=360        d=0.3191 parts=1/1 certK=2 cert   0.00s  (avg  0.00s, eta 5s)
[26/2186] 02:34:16 n=50     B=600        d=0.4898 parts=1/1 certK=2 cert   0.00s  (avg  0.00s, eta 5s)
[27/2186] 02:34:16 n=51     B=408        d=0.3200 parts=1/1 certK=2 cert   0.00s  (avg  0.00s, eta 6s)
[28/2186] 02:34:16 n=52     B=312        d=0.2353 parts=1/2 certK=3 cert   0.01s  (avg  0.00s, eta 7s)
[29/2186] 02:34:16 n=54     B=702        d=0.4906 parts=1/1 certK=2 cert   0.00s  (avg  0.00s, eta 7s)
[30/2186] 02:34:16 n=55     B=275        d=0.1852 parts=1/2 certK=3 cert   0.01s  (avg  0.00s, eta 8s)
[31/2186] 02:34:16 n=56     B=203        d=0.1318 parts=2/2 certK=3 cert   0.01s  (avg  0.00s, eta 9s)
[32/2186] 02:34:16 n=57     B=513        d=0.3214 parts=1/1 certK=2 cert   0.01s  (avg  0.00s, eta 9s)
[33/2186] 02:34:16 n=58     B=812        d=0.4912 parts=1/1 certK=2 cert   0.00s  (avg  0.00s, eta 9s)
[34/2186] 02:34:16 n=60     B=253        d=0.1429 parts=2/2 certK=3 cert   0.02s  (avg  0.01s, eta 11s)
[35/2186] 02:34:16 n=62     B=930        d=0.4918 parts=1/1 certK=2 cert   0.00s  (avg  0.01s, eta 11s)
[36/2186] 02:34:16 n=63     B=252        d=0.1290 parts=1/2 certK=3 cert   0.02s  (avg  0.01s, eta 13s)
[37/2186] 02:34:16 n=65     B=390        d=0.1875 parts=1/2 certK=3 cert   0.02s  (avg  0.01s, eta 14s)
[38/2186] 02:34:16 n=66     B=333        d=0.1552 parts=2/2 certK=3 cert   0.02s  (avg  0.01s, eta 15s)
[39/2186] 02:34:16 n=68     B=544        d=0.2388 parts=1/2 certK=3 cert   0.02s  (avg  0.01s, eta 16s)
[40/2186] 02:34:16 n=69     B=759        d=0.3235 parts=1/1 certK=2 cert   0.01s  (avg  0.01s, eta 17s)
[41/2186] 02:34:16 n=70     B=301        d=0.1246 parts=2/2 certK=3 cert   0.02s  (avg  0.01s, eta 19s)
[42/2186] 02:34:16 n=72     B=301        d=0.1178 parts=2/2 certK=3 cert   0.03s  (avg  0.01s, eta 21s)
[43/2186] 02:34:16 n=74     B=1332       d=0.4932 parts=1/1 certK=2 cert   0.01s  (avg  0.01s, eta 21s)
[44/2186] 02:34:16 n=75     B=900        d=0.3243 parts=1/1 certK=2 cert   0.01s  (avg  0.01s, eta 22s)
[45/2186] 02:34:16 n=76     B=684        d=0.2400 parts=1/2 certK=3 cert   0.02s  (avg  0.01s, eta 23s)
[46/2186] 02:34:16 n=77     B=385        d=0.1316 parts=1/2 certK=3 cert   0.03s  (avg  0.01s, eta 26s)
[47/2186] 02:34:16 n=78     B=465        d=0.1548 parts=2/2 certK=3 cert   0.03s  (avg  0.01s, eta 27s)
[48/2186] 02:34:16 n=80     B=600        d=0.1899 parts=1/2 certK=3 cert   0.03s  (avg  0.01s, eta 29s)
[49/2186] 02:34:16 n=82     B=1640       d=0.4938 parts=1/1 certK=2 cert   0.01s  (avg  0.01s, eta 30s)
[50/2186] 02:34:16 n=84     B=666        d=0.1910 parts=2/2 certK=3 cert   0.03s  (avg  0.02s, eta 32s)
[51/2186] 02:34:16 n=85     B=680        d=0.1905 parts=1/2 certK=3 cert   0.03s  (avg  0.02s, eta 35s)
[52/2186] 02:34:16 n=86     B=1806       d=0.4941 parts=1/1 certK=2 cert   0.01s  (avg  0.02s, eta 35s)
[53/2186] 02:34:16 n=87     B=1218       d=0.3256 parts=1/1 certK=2 cert   0.01s  (avg  0.02s, eta 35s)
[54/2186] 02:34:16 n=88     B=820        d=0.2142 parts=2/2 certK=3 cert   0.03s  (avg  0.02s, eta 38s)
[55/2186] 02:34:16 n=90     B=903        d=0.2255 parts=2/2 certK=3 cert   0.03s  (avg  0.02s, eta 39s)
[56/2186] 02:34:16 n=91     B=546        d=0.1333 parts=1/2 certK=3 cert   0.04s  (avg  0.02s, eta 42s)
[57/2186] 02:34:16 n=92     B=1012       d=0.2418 parts=1/2 certK=3 cert   0.03s  (avg  0.02s, eta 44s)
[58/2186] 02:34:16 n=93     B=1395       d=0.3261 parts=1/1 certK=2 cert   0.02s  (avg  0.02s, eta 45s)
[59/2186] 02:34:16 n=94     B=2162       d=0.4946 parts=1/1 certK=2 cert   0.01s  (avg  0.02s, eta 44s)
[60/2186] 02:34:16 n=95     B=855        d=0.1915 parts=1/2 certK=3 cert   0.03s  (avg  0.02s, eta 47s)
[61/2186] 02:34:16 n=96     B=1488       d=0.3263 parts=1/1 certK=2 cert   0.01s  (avg  0.02s, eta 47s)
[62/2186] 02:34:16 n=98     B=2352       d=0.4948 parts=1/1 certK=2 cert   0.01s  (avg  0.02s, eta 46s)
[63/2186] 02:34:16 n=99     B=506        d=0.1043 parts=2/3 certK=4 cert   0.08s  (avg  0.02s, eta 51s)
[64/2186] 02:34:16 n=100    B=1200       d=0.2424 parts=1/2 certK=3 cert   0.04s  (avg  0.02s, eta 53s)
[65/2186] 02:34:17 n=102    B=903        d=0.1753 parts=2/2 certK=3 cert   0.05s  (avg  0.03s, eta 56s)
[66/2186] 02:34:17 n=104    B=666        d=0.1243 parts=2/2 certK=3 cert   0.10s  (avg  0.03s, eta 62s)
[67/2186] 02:34:17 n=105    B=506        d=0.0927 parts=2/3 certK=4 cert   0.27s  (avg  0.04s, eta 82s)
[68/2186] 02:34:17 n=106    B=2756       d=0.4952 parts=1/1 certK=2 cert   0.02s  (avg  0.04s, eta 83s)
[69/2186] 02:34:17 n=108    B=1404       d=0.2430 parts=1/2 certK=3 cert   0.29s  (avg  0.05s, eta 2m)
[70/2186] 02:34:18 n=110    B=737        d=0.1229 parts=2/2 certK=3 cert   0.73s  (avg  0.08s, eta 3m)
[71/2186] 02:34:18 n=111    B=1998       d=0.3273 parts=1/1 certK=2 cert   0.13s  (avg  0.08s, eta 3m)
[72/2186] 02:34:18 n=112    B=1378       d=0.2217 parts=2/2 certK=3 cert   0.21s  (avg  0.09s, eta 3m)
[73/2186] 02:34:18 n=114    B=1081       d=0.1678 parts=2/2 certK=3 cert   0.19s  (avg  0.10s, eta 3m)
[74/2186] 02:34:19 n=115    B=1265       d=0.1930 parts=1/2 certK=3 cert   0.12s  (avg  0.10s, eta 4m)
[75/2186] 02:34:19 n=116    B=1624       d=0.2435 parts=1/2 certK=3 cert   0.11s  (avg  0.10s, eta 4m)
[76/2186] 02:34:19 n=117    B=702        d=0.1034 parts=1/3 certK=4 cert   0.21s  (avg  0.11s, eta 4m)
[77/2186] 02:34:19 n=118    B=3422       d=0.4957 parts=1/1 certK=2 cert   0.07s  (avg  0.11s, eta 4m)
[78/2186] 02:34:19 n=119    B=952        d=0.1356 parts=1/2 certK=3 cert   0.20s  (avg  0.12s, eta 4m)
[79/2186] 02:34:19 n=120    B=1711       d=0.2396 parts=2/2 certK=3 cert   0.13s  (avg  0.12s, eta 4m)
[80/2186] 02:34:19 n=122    B=3660       d=0.4959 parts=1/1 certK=2 cert   0.08s  (avg  0.13s, eta 4m)
[81/2186] 02:34:19 n=123    B=2460       d=0.3279 parts=1/1 certK=2 cert   0.10s  (avg  0.13s, eta 5m)
[82/2186] 02:34:20 n=124    B=1860       d=0.2439 parts=1/2 certK=3 cert   0.21s  (avg  0.14s, eta 5m)
[83/2186] 02:34:20 n=126    B=1711       d=0.2173 parts=2/2 certK=3 cert   0.30s  (avg  0.15s, eta 5m)
[84/2186] 02:34:20 n=129    B=2709       d=0.3281 parts=1/1 certK=2 cert   0.12s  (avg  0.15s, eta 5m)
[85/2186] 02:34:20 n=130    B=1711       d=0.2041 parts=2/2 certK=3 cert   0.29s  (avg  0.16s, eta 6m)
[86/2186] 02:34:21 n=132    B=1711       d=0.1979 parts=2/2 certK=3 cert   0.21s  (avg  0.17s, eta 6m)
[87/2186] 02:34:21 n=133    B=1197       d=0.1364 parts=1/2 certK=3 cert   0.21s  (avg  0.18s, eta 6m)
[88/2186] 02:34:21 n=134    B=4422       d=0.4962 parts=1/1 certK=2 cert   0.07s  (avg  0.18s, eta 6m)
[89/2186] 02:34:21 n=135    B=1755       d=0.1940 parts=1/2 certK=3 cert   0.20s  (avg  0.18s, eta 6m)
[90/2186] 02:34:21 n=136    B=1378       d=0.1501 parts=2/2 certK=3 cert   0.22s  (avg  0.19s, eta 7m)
[91/2186] 02:34:22 n=138    B=1711       d=0.1810 parts=2/2 certK=3 cert   0.22s  (avg  0.20s, eta 7m)
[92/2186] 02:34:22 n=140    B=1711       d=0.1758 parts=2/2 certK=3 cert   0.29s  (avg  0.20s, eta 7m)
[93/2186] 02:34:22 n=141    B=3243       d=0.3286 parts=1/1 certK=2 cert   0.11s  (avg  0.20s, eta 7m)
[94/2186] 02:34:22 n=142    B=4970       d=0.4965 parts=1/1 certK=2 cert   0.10s  (avg  0.19s, eta 7m)
[95/2186] 02:34:23 n=143    B=1081       d=0.1065 parts=2/3 certK=4 cert   0.60s  (avg  0.19s, eta 7m)
[96/2186] 02:34:23 n=144    B=1830       d=0.1777 parts=2/2 certK=3 cert   0.30s  (avg  0.20s, eta 7m)
[97/2186] 02:34:23 n=145    B=2030       d=0.1944 parts=1/2 certK=3 cert   0.23s  (avg  0.20s, eta 7m)
[98/2186] 02:34:23 n=146    B=5256       d=0.4966 parts=1/1 certK=2 cert   0.09s  (avg  0.19s, eta 7m)
[99/2186] 02:34:23 n=147    B=3528       d=0.3288 parts=1/1 certK=2 cert   0.10s  (avg  0.19s, eta 7m)
[100/2186] 02:34:24 n=148    B=2664       d=0.2449 parts=1/2 certK=3 cert   0.21s  (avg  0.20s, eta 7m)
[101/2186] 02:34:24 n=150    B=2211       d=0.1979 parts=2/2 certK=3 cert   0.28s  (avg  0.20s, eta 7m)
[102/2186] 02:34:24 n=152    B=1368       d=0.1192 parts=1/2 certK=3 cert   0.42s  (avg  0.21s, eta 7m)
[103/2186] 02:34:25 n=153    B=1711       d=0.1471 parts=2/2 certK=3 cert   0.43s  (avg  0.22s, eta 8m)
[104/2186] 02:34:25 n=154    B=2485       d=0.2109 parts=2/2 certK=3 cert   0.30s  (avg  0.23s, eta 8m)
[105/2186] 02:34:25 n=155    B=2325       d=0.1948 parts=1/2 certK=3 cert   0.30s  (avg  0.24s, eta 8m)
[106/2186] 02:34:26 n=156    B=2628       d=0.2174 parts=2/2 certK=3 cert   0.30s  (avg  0.25s, eta 9m)
[107/2186] 02:34:26 n=158    B=6162       d=0.4968 parts=1/1 certK=2 cert   0.10s  (avg  0.24s, eta 8m)
[108/2186] 02:34:26 n=159    B=4134       d=0.3291 parts=1/1 certK=2 cert   0.19s  (avg  0.24s, eta 8m)
[109/2186] 02:34:26 n=160    B=2480       d=0.1950 parts=1/2 certK=3 cert   0.34s  (avg  0.25s, eta 8m)
[110/2186] 02:34:27 n=161    B=1771       d=0.1375 parts=1/2 certK=3 cert   0.41s  (avg  0.25s, eta 9m)
[111/2186] 02:34:27 n=162    B=6480       d=0.4969 parts=1/1 certK=2 cert   0.09s  (avg  0.25s, eta 8m)
[112/2186] 02:34:27 n=164    B=3280       d=0.2454 parts=1/2 certK=3 cert   0.32s  (avg  0.25s, eta 9m)
[113/2186] 02:34:27 n=165    B=2016       d=0.1490 parts=2/2 certK=3 cert   0.41s  (avg  0.26s, eta 9m)
[114/2186] 02:34:28 n=166    B=6806       d=0.4970 parts=1/1 certK=2 cert   0.10s  (avg  0.26s, eta 9m)
[115/2186] 02:34:28 n=168    B=2211       d=0.1576 parts=2/2 certK=3 cert   0.41s  (avg  0.27s, eta 9m)
[116/2186] 02:34:28 n=170    B=1830       d=0.1274 parts=2/2 certK=3 cert   0.51s  (avg  0.28s, eta 10m)
[117/2186] 02:34:29 n=171    B=2016       d=0.1387 parts=2/2 certK=3 cert   0.50s  (avg  0.29s, eta 10m)
[118/2186] 02:34:29 n=172    B=3612       d=0.2456 parts=1/2 certK=3 cert   0.40s  (avg  0.30s, eta 10m)
[119/2186] 02:34:30 n=174    B=2525       d=0.1678 parts=2/2 certK=3 cert   0.44s  (avg  0.31s, eta 11m)
[120/2186] 02:34:30 n=175    B=2100       d=0.1379 parts=1/2 certK=3 cert   0.57s  (avg  0.31s, eta 11m)
[121/2186] 02:34:31 n=176    B=2211       d=0.1436 parts=2/2 certK=3 cert   0.54s  (avg  0.32s, eta 11m)
[122/2186] 02:34:31 n=177    B=5133       d=0.3295 parts=1/1 certK=2 cert   0.20s  (avg  0.32s, eta 11m)
[123/2186] 02:34:31 n=178    B=7832       d=0.4972 parts=1/1 certK=2 cert   0.10s  (avg  0.32s, eta 11m)
[124/2186] 02:34:32 n=180    B=3403       d=0.2112 parts=2/2 certK=3 cert   0.43s  (avg  0.33s, eta 11m)
[125/2186] 02:34:32 n=182    B=2628       d=0.1596 parts=2/2 certK=3 cert   0.60s  (avg  0.35s, eta 12m)
[126/2186] 02:34:33 n=183    B=5490       d=0.3297 parts=1/1 certK=2 cert   0.28s  (avg  0.35s, eta 12m)
[127/2186] 02:34:33 n=184    B=3403       d=0.2021 parts=2/2 certK=3 cert   0.45s  (avg  0.35s, eta 12m)
[128/2186] 02:34:33 n=185    B=3330       d=0.1957 parts=1/2 certK=3 cert   0.45s  (avg  0.35s, eta 12m)
[129/2186] 02:34:34 n=186    B=3403       d=0.1978 parts=2/2 certK=3 cert   0.60s  (avg  0.36s, eta 12m)
[130/2186] 02:34:35 n=187    B=1806       d=0.1038 parts=2/3 certK=4 cert   0.94s  (avg  0.39s, eta 13m)
[131/2186] 02:34:36 n=188    B=4324       d=0.2460 parts=1/2 certK=3 cert   0.49s  (avg  0.39s, eta 14m)
[132/2186] 02:34:36 n=189    B=2457       d=0.1383 parts=1/2 certK=3 cert   0.62s  (avg  0.42s, eta 14m)
[133/2186] 02:34:37 n=190    B=3403       d=0.1895 parts=2/2 certK=3 cert   0.52s  (avg  0.43s, eta 15m)
[134/2186] 02:34:37 n=192    B=6048       d=0.3298 parts=1/1 certK=2 cert   0.28s  (avg  0.43s, eta 15m)
[135/2186] 02:34:37 n=194    B=9312       d=0.4974 parts=1/1 certK=2 cert   0.12s  (avg  0.42s, eta 14m)
[136/2186] 02:34:38 n=195    B=2162       d=0.1143 parts=2/2 certK=3 cert   0.80s  (avg  0.44s, eta 15m)
[137/2186] 02:34:38 n=196    B=4704       d=0.2462 parts=1/2 certK=3 cert   0.44s  (avg  0.45s, eta 15m)
[138/2186] 02:34:39 n=198    B=2943       d=0.1509 parts=2/2 certK=3 cert   0.69s  (avg  0.46s, eta 16m)
[139/2186] 02:34:40 n=200    B=2400       d=0.1206 parts=1/2 certK=3 cert   0.83s  (avg  0.49s, eta 17m)
[140/2186] 02:34:40 n=201    B=6633       d=0.3300 parts=1/1 certK=2 cert   0.31s  (avg  0.49s, eta 17m)
[141/2186] 02:34:40 n=202    B=10100      d=0.4975 parts=1/1 certK=2 cert   0.20s  (avg  0.47s, eta 16m)
[142/2186] 02:34:41 n=203    B=2842       d=0.1386 parts=1/2 certK=3 cert   0.81s  (avg  0.48s, eta 17m)
[143/2186] 02:34:42 n=204    B=4656       d=0.2249 parts=2/2 certK=3 cert   0.62s  (avg  0.49s, eta 17m)
[144/2186] 02:34:42 n=205    B=4100       d=0.1961 parts=1/2 certK=3 cert   0.72s  (avg  0.50s, eta 17m)
[145/2186] 02:34:43 n=206    B=10506      d=0.4976 parts=1/1 certK=2 cert   0.19s  (avg  0.49s, eta 17m)
[146/2186] 02:34:44 n=207    B=2277       d=0.1068 parts=1/3 certK=4 cert   1.06s  (avg  0.51s, eta 17m)
[147/2186] 02:34:44 n=208    B=5050       d=0.2346 parts=2/2 certK=3 cert   0.60s  (avg  0.53s, eta 18m)
[148/2186] 02:34:46 n=209    B=1881       d=0.0865 parts=1/3 certK=4 cert   1.32s  (avg  0.58s, eta 20m)
[149/2186] 02:34:46 n=210    B=5253       d=0.2394 parts=2/2 certK=3 cert   0.60s  (avg  0.58s, eta 20m)
[150/2186] 02:34:47 n=212    B=5512       d=0.2464 parts=1/2 certK=3 cert   0.63s  (avg  0.58s, eta 20m)
[151/2186] 02:34:47 n=213    B=7455       d=0.3302 parts=1/1 certK=2 cert   0.31s  (avg  0.58s, eta 20m)
[152/2186] 02:34:47 n=214    B=11342      d=0.4977 parts=1/1 certK=2 cert   0.19s  (avg  0.57s, eta 19m)
[153/2186] 02:34:48 n=215    B=4515       d=0.1963 parts=1/2 certK=3 cert   0.71s  (avg  0.58s, eta 20m)
[154/2186] 02:34:49 n=216    B=5671       d=0.2442 parts=2/2 certK=3 cert   0.54s  (avg  0.58s, eta 20m)
[155/2186] 02:34:50 n=217    B=3403       d=0.1452 parts=2/2 certK=3 cert   0.88s  (avg  0.58s, eta 20m)
[156/2186] 02:34:50 n=218    B=11772      d=0.4977 parts=1/1 certK=2 cert   0.13s  (avg  0.57s, eta 19m)
[157/2186] 02:34:50 n=219    B=7884       d=0.3303 parts=1/1 certK=2 cert   0.30s  (avg  0.55s, eta 19m)
[158/2186] 02:34:51 n=220    B=5671       d=0.2354 parts=2/2 certK=3 cert   0.70s  (avg  0.56s, eta 19m)
[159/2186] 02:34:52 n=221    B=2016       d=0.0829 parts=2/3 certK=4 cert   1.35s  (avg  0.60s, eta 20m)
[160/2186] 02:34:53 n=222    B=3403       d=0.1387 parts=2/2 certK=3 cert   0.82s  (avg  0.63s, eta 21m)
[161/2186] 02:34:54 n=224    B=3472       d=0.1390 parts=1/2 certK=3 cert   0.81s  (avg  0.63s, eta 21m)
[162/2186] 02:34:55 n=225    B=3422       d=0.1358 parts=2/2 certK=3 cert   1.02s  (avg  0.65s, eta 22m)
[163/2186] 02:34:55 n=226    B=12656      d=0.4978 parts=1/1 certK=2 cert   0.19s  (avg  0.63s, eta 21m)
[164/2186] 02:34:56 n=228    B=5671       d=0.2191 parts=2/2 certK=3 cert   0.73s  (avg  0.63s, eta 21m)
[165/2186] 02:34:57 n=230    B=3240       d=0.1230 parts=2/2 certK=3 cert   1.13s  (avg  0.66s, eta 22m)
[166/2186] 02:34:58 n=231    B=2162       d=0.0814 parts=2/3 certK=4 cert   1.62s  (avg  0.72s, eta 24m)
[167/2186] 02:34:59 n=232    B=5671       d=0.2116 parts=2/2 certK=3 cert   0.73s  (avg  0.72s, eta 24m)
[168/2186] 02:35:00 n=234    B=5671       d=0.2080 parts=2/2 certK=3 cert   0.92s  (avg  0.73s, eta 25m)
[169/2186] 02:35:01 n=235    B=5671       d=0.2063 parts=2/2 certK=3 cert   0.92s  (avg  0.74s, eta 25m)
[170/2186] 02:35:02 n=236    B=6844       d=0.2468 parts=1/2 certK=3 cert   0.80s  (avg  0.76s, eta 26m)
[171/2186] 02:35:02 n=237    B=9243       d=0.3305 parts=1/1 certK=2 cert   0.41s  (avg  0.74s, eta 25m)
[172/2186] 02:35:03 n=238    B=5671       d=0.2011 parts=2/2 certK=3 cert   0.85s  (avg  0.75s, eta 25m)
[173/2186] 02:35:04 n=240    B=3775       d=0.1316 parts=2/2 certK=3 cert   1.11s  (avg  0.74s, eta 25m)
[174/2186] 02:35:04 n=242    B=14520      d=0.4979 parts=1/1 certK=2 cert   0.29s  (avg  0.72s, eta 24m)
[175/2186] 02:35:05 n=244    B=7320       d=0.2469 parts=1/2 certK=3 cert   0.94s  (avg  0.74s, eta 25m)
[176/2186] 02:35:06 n=245    B=5880       d=0.1967 parts=1/2 certK=3 cert   1.01s  (avg  0.76s, eta 26m)
[177/2186] 02:35:08 n=246    B=5671       d=0.1882 parts=2/2 certK=3 cert   1.23s  (avg  0.81s, eta 27m)
[178/2186] 02:35:09 n=247    B=2525       d=0.0831 parts=3/3 certK=4 cert   1.86s  (avg  0.85s, eta 29m)
[179/2186] 02:35:11 n=248    B=3775       d=0.1233 parts=2/2 certK=3 cert   1.31s  (avg  0.88s, eta 30m)
[180/2186] 02:35:11 n=249    B=10209      d=0.3306 parts=1/1 certK=2 cert   0.43s  (avg  0.86s, eta 29m)
[181/2186] 02:35:11 n=250    B=15500      d=0.4980 parts=1/1 certK=2 cert   0.32s  (avg  0.87s, eta 29m)
[182/2186] 02:35:12 n=252    B=5253       d=0.1661 parts=2/2 certK=3 cert   1.02s  (avg  0.90s, eta 30m)
[183/2186] 02:35:15 n=253    B=2783       d=0.0873 parts=1/3 certK=4 cert   2.05s  (avg  0.96s, eta 32m)
[184/2186] 02:35:15 n=254    B=16002      d=0.4980 parts=1/1 certK=2 cert   0.29s  (avg  0.91s, eta 30m)
[185/2186] 02:35:17 n=255    B=3403       d=0.1051 parts=2/3 certK=4 cert   2.04s  (avg  0.96s, eta 32m)
[186/2186] 02:35:18 n=258    B=5671       d=0.1711 parts=2/2 certK=3 cert   1.21s  (avg  0.98s, eta 33m)
[187/2186] 02:35:19 n=259    B=4662       d=0.1395 parts=1/2 certK=3 cert   1.33s  (avg  0.99s, eta 33m)
[188/2186] 02:35:21 n=260    B=4656       d=0.1383 parts=2/2 certK=3 cert   1.35s  (avg  1.04s, eta 35m)
[189/2186] 02:35:23 n=261    B=3654       d=0.1077 parts=1/3 certK=4 cert   2.04s  (avg  1.09s, eta 36m)
[190/2186] 02:35:23 n=262    B=17030      d=0.4981 parts=1/1 certK=2 cert   0.28s  (avg  1.06s, eta 35m)
[191/2186] 02:35:24 n=264    B=5671       d=0.1634 parts=2/2 certK=3 cert   1.35s  (avg  1.04s, eta 35m)
[192/2186] 02:35:26 n=265    B=6890       d=0.1970 parts=1/2 certK=3 cert   1.22s  (avg  1.06s, eta 35m)
[193/2186] 02:35:27 n=266    B=5253       d=0.1490 parts=2/2 certK=3 cert   1.44s  (avg  1.08s, eta 36m)
[194/2186] 02:35:28 n=267    B=11748      d=0.3308 parts=1/1 certK=2 cert   0.52s  (avg  1.07s, eta 35m)
[195/2186] 02:35:29 n=268    B=8844       d=0.2472 parts=1/2 certK=3 cert   1.00s  (avg  1.08s, eta 36m)
[196/2186] 02:35:30 n=270    B=5671       d=0.1562 parts=2/2 certK=3 cert   1.46s  (avg  1.12s, eta 37m)
[197/2186] 02:35:32 n=272    B=5886       d=0.1597 parts=2/2 certK=3 cert   1.51s  (avg  1.14s, eta 38m)
[198/2186] 02:35:33 n=273    B=5671       d=0.1527 parts=2/2 certK=3 cert   1.78s  (avg  1.17s, eta 39m)
[199/2186] 02:35:34 n=274    B=18632      d=0.4982 parts=1/1 certK=2 cert   0.31s  (avg  1.17s, eta 39m)
[200/2186] 02:35:36 n=275    B=3300       d=0.0876 parts=1/3 certK=4 cert   2.46s  (avg  1.23s, eta 41m)
[201/2186] 02:35:38 n=276    B=6328       d=0.1667 parts=2/2 certK=3 cert   1.53s  (avg  1.25s, eta 41m)
[202/2186] 02:35:38 n=278    B=19182      d=0.4982 parts=1/1 certK=2 cert   0.37s  (avg  1.22s, eta 40m)
[203/2186] 02:35:41 n=279    B=4185       d=0.1079 parts=1/3 certK=4 cert   2.47s  (avg  1.24s, eta 41m)
[204/2186] 02:35:42 n=280    B=6328       d=0.1620 parts=2/2 certK=3 cert   1.45s  (avg  1.25s, eta 41m)
[205/2186] 02:35:44 n=282    B=6486       d=0.1637 parts=1/2 certK=3 cert   1.64s  (avg  1.30s, eta 43m)
[206/2186] 02:35:45 n=284    B=9940       d=0.2473 parts=1/2 certK=3 cert   1.34s  (avg  1.34s, eta 44m)
[207/2186] 02:35:48 n=285    B=3916       d=0.0968 parts=3/3 certK=4 cert   3.07s  (avg  1.42s, eta 47m)
[208/2186] 02:35:50 n=286    B=6328       d=0.1553 parts=2/2 certK=3 cert   1.76s  (avg  1.41s, eta 46m)
[209/2186] 02:35:52 n=287    B=5740       d=0.1399 parts=1/2 certK=3 cert   1.84s  (avg  1.47s, eta 48m)
[210/2186] 02:35:53 n=288    B=7750       d=0.1875 parts=2/2 certK=3 cert   1.54s  (avg  1.45s, eta 48m)
[211/2186] 02:35:55 n=290    B=8001       d=0.1909 parts=2/2 certK=3 cert   1.55s  (avg  1.46s, eta 48m)
[212/2186] 02:35:56 n=291    B=13968      d=0.3310 parts=1/1 certK=2 cert   0.79s  (avg  1.44s, eta 47m)
[213/2186] 02:35:57 n=292    B=10512      d=0.2474 parts=1/2 certK=3 cert   1.35s  (avg  1.44s, eta 47m)
[214/2186] 02:35:59 n=294    B=8515       d=0.1977 parts=2/2 certK=3 cert   1.62s  (avg  1.43s, eta 47m)
[215/2186] 02:36:00 n=295    B=8555       d=0.1973 parts=1/2 certK=3 cert   1.75s  (avg  1.48s, eta 49m)
[216/2186] 02:36:02 n=296    B=5328       d=0.1220 parts=1/2 certK=3 cert   2.06s  (avg  1.51s, eta 50m)
[217/2186] 02:36:05 n=297    B=4422       d=0.1006 parts=2/3 certK=4 cert   3.06s  (avg  1.59s, eta 52m)
[218/2186] 02:36:06 n=298    B=22052      d=0.4983 parts=1/1 certK=2 cert   0.41s  (avg  1.55s, eta 51m)
[219/2186] 02:36:09 n=299    B=3289       d=0.0738 parts=1/3 certK=4 cert   3.19s  (avg  1.65s, eta 54m)
[220/2186] 02:36:11 n=300    B=9316       d=0.2077 parts=2/2 certK=3 cert   1.71s  (avg  1.68s, eta 55m)
[221/2186] 02:36:12 n=301    B=7439       d=0.1648 parts=2/2 certK=3 cert   1.77s  (avg  1.69s, eta 55m)
[222/2186] 02:36:13 n=302    B=22650      d=0.4983 parts=1/1 certK=2 cert   0.38s  (avg  1.65s, eta 54m)
[223/2186] 02:36:14 n=303    B=15150      d=0.3311 parts=1/1 certK=2 cert   0.73s  (avg  1.61s, eta 53m)
[224/2186] 02:36:15 n=304    B=9316       d=0.2023 parts=2/2 certK=3 cert   1.72s  (avg  1.66s, eta 54m)
[225/2186] 02:36:17 n=305    B=9150       d=0.1974 parts=1/2 certK=3 cert   1.67s  (avg  1.63s, eta 53m)
[226/2186] 02:36:19 n=306    B=9591       d=0.2055 parts=2/2 certK=3 cert   1.53s  (avg  1.63s, eta 53m)
[227/2186] 02:36:22 n=308    B=4134       d=0.0874 parts=2/3 certK=4 cert   3.40s  (avg  1.75s, eta 57m)
[228/2186] 02:36:23 n=309    B=15759      d=0.3312 parts=1/1 certK=2 cert   0.68s  (avg  1.68s, eta 55m)
[229/2186] 02:36:24 n=310    B=8515       d=0.1778 parts=2/2 certK=3 cert   1.86s  (avg  1.70s, eta 55m)
[230/2186] 02:36:26 n=312    B=11026      d=0.2273 parts=2/2 certK=3 cert   1.82s  (avg  1.70s, eta 56m)
[231/2186] 02:36:27 n=314    B=24492      d=0.4984 parts=1/1 certK=2 cert   0.44s  (avg  1.67s, eta 54m)
[232/2186] 02:36:29 n=315    B=5513       d=0.1115 parts=2/2 certK=3 cert   2.76s  (avg  1.66s, eta 54m)
[233/2186] 02:36:31 n=316    B=12324      d=0.2476 parts=1/2 certK=3 cert   1.72s  (avg  1.65s, eta 54m)
[234/2186] 02:36:33 n=318    B=11325      d=0.2247 parts=2/2 certK=3 cert   1.86s  (avg  1.65s, eta 54m)
[235/2186] 02:36:37 n=319    B=4466       d=0.0881 parts=1/3 certK=4 cert   3.60s  (avg  1.74s, eta 56m)
[236/2186] 02:36:39 n=320    B=12246      d=0.2399 parts=2/2 certK=3 cert   1.84s  (avg  1.75s, eta 57m)
[237/2186] 02:36:39 n=321    B=17013      d=0.3312 parts=1/1 certK=2 cert   0.91s  (avg  1.75s, eta 57m)
[238/2186] 02:36:42 n=322    B=7750       d=0.1500 parts=2/2 certK=3 cert   2.34s  (avg  1.79s, eta 58m)
[239/2186] 02:36:46 n=323    B=3612       d=0.0695 parts=2/3 certK=4 cert   4.00s  (avg  1.89s, eta 61m)
[240/2186] 02:36:47 n=324    B=12960      d=0.2477 parts=1/2 certK=3 cert   1.64s  (avg  1.88s, eta 61m)
[241/2186] 02:36:50 n=325    B=8128       d=0.1544 parts=2/2 certK=3 cert   2.26s  (avg  1.89s, eta 61m)
[242/2186] 02:36:50 n=326    B=26406      d=0.4985 parts=1/1 certK=2 cert   0.51s  (avg  1.79s, eta 58m)
[243/2186] 02:36:51 n=327    B=17658      d=0.3313 parts=1/1 certK=2 cert   0.84s  (avg  1.81s, eta 58m)
[244/2186] 02:36:53 n=328    B=11026      d=0.2056 parts=2/2 certK=3 cert   1.92s  (avg  1.76s, eta 57m)
[245/2186] 02:36:55 n=329    B=7567       d=0.1402 parts=1/2 certK=3 cert   2.39s  (avg  1.78s, eta 58m)
[246/2186] 02:36:57 n=330    B=13203      d=0.2432 parts=2/2 certK=3 cert   1.73s  (avg  1.78s, eta 58m)
[247/2186] 02:36:59 n=332    B=13612      d=0.2477 parts=1/2 certK=3 cert   1.82s  (avg  1.84s, eta 59m)
[248/2186] 02:37:02 n=333    B=6806       d=0.1231 parts=2/2 certK=3 cert   2.68s  (avg  1.92s, eta 62m)
[249/2186] 02:37:02 n=334    B=27722      d=0.4985 parts=1/1 certK=2 cert   0.51s  (avg  1.87s, eta 60m)
[250/2186] 02:37:04 n=335    B=11055      d=0.1976 parts=1/2 certK=3 cert   2.15s  (avg  1.89s, eta 61m)
[251/2186] 02:37:06 n=336    B=13861      d=0.2463 parts=2/2 certK=3 cert   1.84s  (avg  1.90s, eta 61m)
[252/2186] 02:37:07 n=338    B=28392      d=0.4985 parts=1/1 certK=2 cert   0.52s  (avg  1.78s, eta 58m)
[253/2186] 02:37:07 n=339    B=18984      d=0.3314 parts=1/1 certK=2 cert   0.93s  (avg  1.79s, eta 58m)
[254/2186] 02:37:09 n=340    B=13861      d=0.2405 parts=2/2 certK=3 cert   1.91s  (avg  1.80s, eta 58m)
[255/2186] 02:37:14 n=341    B=5115       d=0.0882 parts=1/3 certK=4 cert   4.13s  (avg  1.89s, eta 61m)
[256/2186] 02:37:16 n=342    B=13203      d=0.2264 parts=2/2 certK=3 cert   2.04s  (avg  1.95s, eta 63m)
[257/2186] 02:37:18 n=344    B=13203      d=0.2238 parts=2/2 certK=3 cert   1.96s  (avg  1.92s, eta 62m)
[258/2186] 02:37:21 n=345    B=6806       d=0.1147 parts=2/2 certK=3 cert   3.25s  (avg  1.98s, eta 64m)
[259/2186] 02:37:21 n=346    B=29756      d=0.4986 parts=1/1 certK=2 cert   0.52s  (avg  1.93s, eta 62m)
[260/2186] 02:37:23 n=348    B=14196      d=0.2351 parts=2/2 certK=3 cert   1.96s  (avg  1.86s, eta 60m)
[261/2186] 02:37:26 n=350    B=8001       d=0.1310 parts=2/2 certK=3 cert   2.87s  (avg  1.90s, eta 61m)
[262/2186] 02:37:29 n=351    B=8128       d=0.1323 parts=2/2 certK=3 cert   2.97s  (avg  1.99s, eta 64m)
[263/2186] 02:37:31 n=352    B=14878      d=0.2408 parts=2/2 certK=3 cert   2.06s  (avg  1.98s, eta 63m)
[264/2186] 02:37:34 n=354    B=13203      d=0.2113 parts=2/2 certK=3 cert   2.44s  (avg  1.91s, eta 61m)
[265/2186] 02:37:36 n=355    B=12425      d=0.1977 parts=1/2 certK=3 cert   2.57s  (avg  1.95s, eta 62m)
[266/2186] 02:37:38 n=356    B=15664      d=0.2479 parts=1/2 certK=3 cert   2.15s  (avg  1.95s, eta 62m)
[267/2186] 02:37:43 n=357    B=5671       d=0.0892 parts=2/3 certK=4 cert   4.67s  (avg  2.11s, eta 68m)
[268/2186] 02:37:44 n=358    B=31862      d=0.4986 parts=1/1 certK=2 cert   0.55s  (avg  2.10s, eta 67m)
[269/2186] 02:37:46 n=360    B=15931      d=0.2465 parts=2/2 certK=3 cert   2.43s  (avg  2.12s, eta 68m)
[270/2186] 02:37:47 n=362    B=32580      d=0.4986 parts=1/1 certK=2 cert   0.61s  (avg  2.05s, eta 65m)
[271/2186] 02:37:48 n=363    B=21780      d=0.3315 parts=1/1 certK=2 cert   1.14s  (avg  2.03s, eta 65m)
[272/2186] 02:37:50 n=364    B=13861      d=0.2098 parts=2/2 certK=3 cert   2.64s  (avg  2.06s, eta 66m)
[273/2186] 02:37:53 n=365    B=13140      d=0.1978 parts=1/2 certK=3 cert   2.57s  (avg  2.06s, eta 66m)
[274/2186] 02:37:56 n=366    B=13861      d=0.2075 parts=2/2 certK=3 cert   2.66s  (avg  2.14s, eta 68m)
[275/2186] 02:38:01 n=368    B=4656       d=0.0689 parts=2/3 certK=4 cert   5.42s  (avg  2.27s, eta 72m)
[276/2186] 02:38:04 n=369    B=10506      d=0.1547 parts=2/2 certK=3 cert   3.37s  (avg  2.33s, eta 74m)
[277/2186] 02:38:07 n=370    B=15931      d=0.2334 parts=2/2 certK=3 cert   2.48s  (avg  2.41s, eta 77m)
[278/2186] 02:38:10 n=371    B=9646       d=0.1405 parts=1/2 certK=3 cert   3.36s  (avg  2.51s, eta 80m)
[279/2186] 02:38:13 n=372    B=15931      d=0.2309 parts=2/2 certK=3 cert   2.47s  (avg  2.53s, eta 80m)
[280/2186] 02:38:16 n=374    B=13203      d=0.1893 parts=2/2 certK=3 cert   3.05s  (avg  2.49s, eta 79m)
[281/2186] 02:38:17 n=375    B=23250      d=0.3316 parts=1/1 certK=2 cert   1.26s  (avg  2.46s, eta 78m)
[282/2186] 02:38:20 n=376    B=15931      d=0.2260 parts=2/2 certK=3 cert   2.66s  (avg  2.49s, eta 79m)
[283/2186] 02:38:23 n=377    B=11342      d=0.1600 parts=2/2 certK=3 cert   3.78s  (avg  2.51s, eta 80m)
[284/2186] 02:38:26 n=378    B=15931      d=0.2236 parts=2/2 certK=3 cert   2.74s  (avg  2.60s, eta 82m)
[285/2186] 02:38:30 n=380    B=8251       d=0.1146 parts=2/2 certK=3 cert   3.61s  (avg  2.66s, eta 84m)
[286/2186] 02:38:31 n=381    B=24003      d=0.3316 parts=1/1 certK=2 cert   1.44s  (avg  2.60s, eta 82m)
[287/2186] 02:38:32 n=382    B=36290      d=0.4987 parts=1/1 certK=2 cert   0.70s  (avg  2.51s, eta 80m)
[288/2186] 02:38:33 n=384    B=24384      d=0.3316 parts=1/1 certK=2 cert   1.43s  (avg  2.49s, eta 79m)
[289/2186] 02:38:37 n=385    B=10506      d=0.1421 parts=2/2 certK=3 cert   3.89s  (avg  2.55s, eta 80m)
[290/2186] 02:38:38 n=386    B=37056      d=0.4987 parts=1/1 certK=2 cert   0.73s  (avg  2.47s, eta 78m)
[291/2186] 02:38:43 n=387    B=8127       d=0.1088 parts=1/3 certK=4 cert   5.42s  (avg  2.60s, eta 82m)
[292/2186] 02:38:46 n=388    B=18624      d=0.2481 parts=1/2 certK=3 cert   2.85s  (avg  2.53s, eta 80m)
[293/2186] 02:38:49 n=390    B=15931      d=0.2100 parts=2/2 certK=3 cert   3.08s  (avg  2.63s, eta 83m)
[294/2186] 02:38:55 n=391    B=8128       d=0.1066 parts=2/3 certK=4 cert   5.73s  (avg  2.76s, eta 87m)
[295/2186] 02:38:59 n=392    B=13203      d=0.1723 parts=2/2 certK=3 cert   3.57s  (avg  2.88s, eta 1.5h)
[296/2186] 02:39:00 n=393    B=25545      d=0.3316 parts=1/1 certK=2 cert   1.43s  (avg  2.89s, eta 1.5h)
[297/2186] 02:39:01 n=394    B=38612      d=0.4987 parts=1/1 certK=2 cert   0.74s  (avg  2.82s, eta 89m)
[298/2186] 02:39:04 n=395    B=15405      d=0.1980 parts=1/2 certK=3 cert   3.29s  (avg  2.85s, eta 90m)
[299/2186] 02:39:08 n=396    B=14196      d=0.1815 parts=2/2 certK=3 cert   3.47s  (avg  2.88s, eta 1.5h)
[300/2186] 02:39:08 n=398    B=39402      d=0.4987 parts=1/1 certK=2 cert   0.70s  (avg  2.69s, eta 85m)
[301/2186] 02:39:15 n=399    B=7317       d=0.0922 parts=2/3 certK=4 cert   6.33s  (avg  2.81s, eta 88m)
[302/2186] 02:39:18 n=400    B=14878      d=0.1864 parts=2/2 certK=3 cert   3.50s  (avg  2.85s, eta 89m)
[303/2186] 02:39:22 n=402    B=15931      d=0.1977 parts=2/2 certK=3 cert   3.48s  (avg  2.85s, eta 90m)
[304/2186] 02:39:26 n=403    B=9653       d=0.1192 parts=2/2 certK=3 cert   4.78s  (avg  2.95s, eta 1.5h)
[305/2186] 02:39:29 n=404    B=20200      d=0.2481 parts=1/2 certK=3 cert   3.04s  (avg  2.95s, eta 1.5h)
[306/2186] 02:39:34 n=405    B=16200      d=0.1980 parts=1/2 certK=3 cert   4.16s  (avg  3.06s, eta 1.6h)
[307/2186] 02:39:37 n=406    B=15931      d=0.1938 parts=2/2 certK=3 cert   3.57s  (avg  3.10s, eta 1.6h)
[308/2186] 02:39:44 n=407    B=7326       d=0.0887 parts=1/3 certK=4 cert   6.58s  (avg  3.21s, eta 1.7h)
[309/2186] 02:39:47 n=408    B=16290      d=0.1962 parts=2/2 certK=3 cert   3.48s  (avg  3.24s, eta 1.7h)
[310/2186] 02:39:51 n=410    B=13861      d=0.1653 parts=2/2 certK=3 cert   4.10s  (avg  3.26s, eta 1.7h)
[311/2186] 02:39:53 n=411    B=27948      d=0.3317 parts=1/1 certK=2 cert   1.53s  (avg  3.26s, eta 1.7h)
[312/2186] 02:39:56 n=412    B=21012      d=0.2482 parts=1/2 certK=3 cert   3.24s  (avg  3.36s, eta 1.8h)
[313/2186] 02:40:00 n=413    B=11977      d=0.1408 parts=1/2 certK=3 cert   4.42s  (avg  3.48s, eta 1.8h)
[314/2186] 02:40:05 n=414    B=13203      d=0.1544 parts=2/2 certK=3 cert   4.17s  (avg  3.50s, eta 1.8h)
[315/2186] 02:40:08 n=415    B=17015      d=0.1981 parts=1/2 certK=3 cert   3.60s  (avg  3.61s, eta 1.9h)
[316/2186] 02:40:13 n=416    B=10209      d=0.1183 parts=2/2 certK=3 cert   4.81s  (avg  3.59s, eta 1.9h)
[317/2186] 02:40:15 n=417    B=28773      d=0.3317 parts=1/1 certK=2 cert   1.65s  (avg  3.54s, eta 1.8h)
[318/2186] 02:40:18 n=418    B=18145      d=0.2082 parts=2/2 certK=3 cert   3.49s  (avg  3.55s, eta 1.8h)
[319/2186] 02:40:22 n=420    B=18528      d=0.2106 parts=2/2 certK=3 cert   3.67s  (avg  3.47s, eta 1.8h)
[320/2186] 02:40:23 n=422    B=44310      d=0.4988 parts=1/1 certK=2 cert   1.02s  (avg  3.37s, eta 1.7h)
[321/2186] 02:40:27 n=423    B=13861      d=0.1553 parts=2/2 certK=3 cert   4.50s  (avg  3.49s, eta 1.8h)
[322/2186] 02:40:31 n=424    B=19306      d=0.2153 parts=2/2 certK=3 cert   3.81s  (avg  3.62s, eta 1.9h)
[323/2186] 02:40:36 n=425    B=13203      d=0.1465 parts=2/2 certK=3 cert   5.29s  (avg  3.70s, eta 1.9h)
[324/2186] 02:40:40 n=426    B=19701      d=0.2176 parts=2/2 certK=3 cert   3.81s  (avg  3.71s, eta 1.9h)
[325/2186] 02:40:45 n=427    B=12810      d=0.1408 parts=1/2 certK=3 cert   4.61s  (avg  3.87s, eta 2.0h)
[326/2186] 02:40:48 n=428    B=22684      d=0.2482 parts=1/2 certK=3 cert   3.39s  (avg  3.75s, eta 1.9h)
[327/2186] 02:40:53 n=429    B=13861      d=0.1510 parts=2/2 certK=3 cert   5.10s  (avg  3.81s, eta 2.0h)
[328/2186] 02:40:58 n=430    B=15931      d=0.1727 parts=2/2 certK=3 cert   4.19s  (avg  3.84s, eta 2.0h)
[329/2186] 02:41:02 n=432    B=16290      d=0.1750 parts=2/2 certK=3 cert   4.30s  (avg  3.82s, eta 2.0h)
[330/2186] 02:41:07 n=434    B=13203      d=0.1405 parts=2/2 certK=3 cert   5.02s  (avg  3.90s, eta 2.0h)
[331/2186] 02:41:11 n=435    B=15931      d=0.1688 parts=2/2 certK=3 cert   4.39s  (avg  3.91s, eta 2.0h)
[332/2186] 02:41:15 n=436    B=23544      d=0.2483 parts=1/2 certK=3 cert   3.59s  (avg  3.91s, eta 2.0h)
[333/2186] 02:41:23 n=437    B=9316       d=0.0978 parts=3/3 certK=4 cert   8.20s  (avg  3.98s, eta 2.0h)
[334/2186] 02:41:27 n=438    B=22155      d=0.2315 parts=2/2 certK=3 cert   3.86s  (avg  3.99s, eta 2.1h)
[335/2186] 02:41:32 n=440    B=13203      d=0.1367 parts=2/2 certK=3 cert   5.22s  (avg  4.04s, eta 2.1h)
[336/2186] 02:41:37 n=441    B=15931      d=0.1642 parts=2/2 certK=3 cert   5.22s  (avg  4.18s, eta 2.1h)
[337/2186] 02:41:42 n=442    B=18145      d=0.1862 parts=2/2 certK=3 cert   4.43s  (avg  4.23s, eta 2.2h)
[338/2186] 02:41:46 n=444    B=18528      d=0.1884 parts=2/2 certK=3 cert   4.60s  (avg  4.24s, eta 2.2h)
[339/2186] 02:41:51 n=445    B=19580      d=0.1982 parts=1/2 certK=3 cert   4.60s  (avg  4.26s, eta 2.2h)
[340/2186] 02:41:52 n=446    B=49506      d=0.4989 parts=1/1 certK=2 cert   1.14s  (avg  4.16s, eta 2.1h)
[341/2186] 02:41:54 n=447    B=33078      d=0.3318 parts=1/1 certK=2 cert   2.13s  (avg  4.05s, eta 2.1h)
[342/2186] 02:41:59 n=448    B=19306      d=0.1928 parts=2/2 certK=3 cert   4.61s  (avg  4.17s, eta 2.1h)
[343/2186] 02:42:03 n=450    B=24753      d=0.2450 parts=2/2 certK=3 cert   4.01s  (avg  4.19s, eta 2.1h)
[344/2186] 02:42:12 n=451    B=9940       d=0.0980 parts=2/3 certK=4 cert   8.59s  (avg  4.39s, eta 2.2h)
[345/2186] 02:42:16 n=452    B=25312      d=0.2483 parts=1/2 certK=3 cert   4.40s  (avg  4.52s, eta 2.3h)
[346/2186] 02:42:18 n=453    B=33975      d=0.3319 parts=1/1 certK=2 cert   2.27s  (avg  4.43s, eta 2.3h)
[347/2186] 02:42:19 n=454    B=51302      d=0.4989 parts=1/1 certK=2 cert   1.21s  (avg  4.33s, eta 2.2h)
[348/2186] 02:42:29 n=455    B=6486       d=0.0628 parts=2/3 certK=4 cert   9.84s  (avg  4.51s, eta 2.3h)
[349/2186] 02:42:33 n=456    B=25651      d=0.2473 parts=2/2 certK=3 cert   3.98s  (avg  4.52s, eta 2.3h)
[350/2186] 02:42:34 n=458    B=52212      d=0.4989 parts=1/1 certK=2 cert   1.23s  (avg  4.38s, eta 2.2h)
[351/2186] 02:42:44 n=459    B=10100      d=0.0961 parts=2/3 certK=4 cert   9.09s  (avg  4.61s, eta 2.3h)
[352/2186] 02:42:48 n=460    B=25651      d=0.2430 parts=2/2 certK=3 cert   4.21s  (avg  4.57s, eta 2.3h)
[353/2186] 02:42:53 n=462    B=22155      d=0.2080 parts=2/2 certK=3 cert   4.92s  (avg  4.60s, eta 2.3h)
[354/2186] 02:42:59 n=464    B=13301      d=0.1238 parts=2/2 certK=3 cert   6.47s  (avg  4.69s, eta 2.4h)
[355/2186] 02:43:07 n=465    B=13203      d=0.1224 parts=2/2 certK=3 cert   7.46s  (avg  4.79s, eta 2.4h)
[356/2186] 02:43:08 n=466    B=54056      d=0.4989 parts=1/1 certK=2 cert   1.32s  (avg  4.66s, eta 2.4h)
[357/2186] 02:43:13 n=468    B=25651      d=0.2347 parts=2/2 certK=3 cert   4.72s  (avg  4.71s, eta 2.4h)
[358/2186] 02:43:19 n=469    B=15477      d=0.1410 parts=1/2 certK=3 cert   6.27s  (avg  4.63s, eta 2.4h)
[359/2186] 02:43:24 n=470    B=25651      d=0.2327 parts=2/2 certK=3 cert   4.71s  (avg  4.67s, eta 2.4h)
[360/2186] 02:43:26 n=471    B=36738      d=0.3319 parts=1/1 certK=2 cert   2.44s  (avg  4.55s, eta 2.3h)
[361/2186] 02:43:32 n=472    B=15931      d=0.1433 parts=2/2 certK=3 cert   6.14s  (avg  4.59s, eta 2.3h)
[362/2186] 02:43:42 n=473    B=9933       d=0.0890 parts=1/3 certK=4 cert   9.73s  (avg  4.80s, eta 2.4h)
[363/2186] 02:43:47 n=474    B=24753      d=0.2208 parts=2/2 certK=3 cert   5.01s  (avg  4.82s, eta 2.4h)
[364/2186] 02:43:57 n=475    B=11772      d=0.1046 parts=2/3 certK=4 cert   9.56s  (avg  5.02s, eta 2.5h)
[365/2186] 02:44:03 n=476    B=13301      d=0.1177 parts=2/2 certK=3 cert   6.85s  (avg  5.25s, eta 2.7h)
[366/2186] 02:44:13 n=477    B=12402      d=0.1092 parts=1/3 certK=4 cert   9.30s  (avg  5.53s, eta 2.8h)
[367/2186] 02:44:14 n=478    B=56882      d=0.4990 parts=1/1 certK=2 cert   1.34s  (avg  5.40s, eta 2.7h)
[368/2186] 02:44:19 n=480    B=26106      d=0.2271 parts=2/2 certK=3 cert   5.10s  (avg  5.45s, eta 2.8h)
[369/2186] 02:44:26 n=481    B=16002      d=0.1386 parts=2/2 certK=3 cert   7.28s  (avg  5.39s, eta 2.7h)
[370/2186] 02:44:28 n=482    B=57840      d=0.4990 parts=1/1 certK=2 cert   1.35s  (avg  5.27s, eta 2.7h)
[371/2186] 02:44:33 n=483    B=25651      d=0.2204 parts=2/2 certK=3 cert   5.23s  (avg  5.39s, eta 2.7h)
[372/2186] 02:44:38 n=484    B=29040      d=0.2484 parts=1/2 certK=3 cert   4.80s  (avg  5.53s, eta 2.8h)
[373/2186] 02:44:43 n=485    B=23280      d=0.1983 parts=1/2 certK=3 cert   5.64s  (avg  5.37s, eta 2.7h)
[374/2186] 02:44:45 n=486    B=58806      d=0.4990 parts=1/1 certK=2 cert   1.40s  (avg  5.26s, eta 2.6h)
[375/2186] 02:44:52 n=488    B=14640      d=0.1232 parts=1/2 certK=3 cert   6.98s  (avg  5.49s, eta 2.8h)
[376/2186] 02:44:54 n=489    B=39609      d=0.3320 parts=1/1 certK=2 cert   2.64s  (avg  5.23s, eta 2.6h)
[377/2186] 02:44:59 n=490    B=28441      d=0.2374 parts=2/2 certK=3 cert   4.95s  (avg  5.26s, eta 2.6h)
[378/2186] 02:45:05 n=492    B=28920      d=0.2394 parts=2/2 certK=3 cert   5.20s  (avg  5.28s, eta 2.6h)
[379/2186] 02:45:13 n=493    B=13861      d=0.1143 parts=2/2 certK=3 cert   8.21s  (avg  5.34s, eta 2.7h)
[380/2186] 02:45:18 n=494    B=29403      d=0.2415 parts=2/2 certK=3 cert   5.20s  (avg  5.25s, eta 2.6h)
[381/2186] 02:45:29 n=495    B=13203      d=0.1080 parts=2/3 certK=4 cert  10.57s  (avg  5.62s, eta 2.8h)
[382/2186] 02:45:34 n=496    B=28441      d=0.2317 parts=2/2 certK=3 cert   5.33s  (avg  5.65s, eta 2.8h)
[383/2186] 02:45:41 n=497    B=17395      d=0.1411 parts=1/2 certK=3 cert   7.03s  (avg  5.68s, eta 2.8h)
[384/2186] 02:45:46 n=498    B=28920      d=0.2337 parts=2/2 certK=3 cert   5.25s  (avg  5.70s, eta 2.9h)
[385/2186] 02:45:51 n=500    B=31000      d=0.2485 parts=1/2 certK=3 cert   5.21s  (avg  5.81s, eta 2.9h)
[386/2186] 02:45:54 n=501    B=41583      d=0.3320 parts=1/1 certK=2 cert   2.76s  (avg  5.68s, eta 2.8h)
[387/2186] 02:45:56 n=502    B=62750      d=0.4990 parts=1/1 certK=2 cert   1.45s  (avg  5.35s, eta 2.7h)
[388/2186] 02:46:01 n=504    B=28920      d=0.2282 parts=2/2 certK=3 cert   5.69s  (avg  5.37s, eta 2.7h)
[389/2186] 02:46:08 n=505    B=25250      d=0.1984 parts=1/2 certK=3 cert   6.29s  (avg  5.24s, eta 2.6h)
[390/2186] 02:46:13 n=506    B=29403      d=0.2301 parts=2/2 certK=3 cert   5.70s  (avg  5.20s, eta 2.6h)
[391/2186] 02:46:16 n=507    B=42588      d=0.3320 parts=1/1 certK=2 cert   2.69s  (avg  4.93s, eta 2.5h)
[392/2186] 02:46:21 n=508    B=32004      d=0.2485 parts=1/2 certK=3 cert   5.50s  (avg  5.10s, eta 2.5h)
[393/2186] 02:46:29 n=510    B=25651      d=0.1976 parts=2/2 certK=3 cert   7.16s  (avg  5.18s, eta 2.6h)
[394/2186] 02:46:37 n=511    B=18396      d=0.1412 parts=1/2 certK=3 cert   8.43s  (avg  5.23s, eta 2.6h)
[395/2186] 02:46:43 n=513    B=32640      d=0.2485 parts=2/2 certK=3 cert   6.24s  (avg  5.42s, eta 2.7h)
[396/2186] 02:46:45 n=514    B=65792      d=0.4990 parts=1/1 certK=2 cert   1.83s  (avg  5.29s, eta 2.6h)
[397/2186] 02:46:52 n=515    B=26265      d=0.1984 parts=1/2 certK=3 cert   7.36s  (avg  5.39s, eta 2.7h)
[398/2186] 02:47:00 n=516    B=25651      d=0.1931 parts=2/2 certK=3 cert   7.09s  (avg  5.45s, eta 2.7h)
[399/2186] 02:47:08 n=517    B=16002      d=0.1200 parts=2/2 certK=3 cert   8.58s  (avg  5.73s, eta 2.8h)
[400/2186] 02:47:17 n=518    B=15931      d=0.1190 parts=2/2 certK=3 cert   8.62s  (avg  5.80s, eta 2.9h)
[401/2186] 02:47:20 n=519    B=44634      d=0.3320 parts=1/1 certK=2 cert   2.84s  (avg  5.81s, eta 2.9h)
[402/2186] 02:47:25 n=520    B=32896      d=0.2438 parts=2/2 certK=3 cert   5.65s  (avg  5.84s, eta 2.9h)
[403/2186] 02:47:31 n=522    B=31375      d=0.2307 parts=2/2 certK=3 cert   6.21s  (avg  5.88s, eta 2.9h)
[404/2186] 02:47:37 n=524    B=34060      d=0.2486 parts=1/2 certK=3 cert   5.86s  (avg  5.78s, eta 2.9h)
[405/2186] 02:47:46 n=525    B=18023      d=0.1310 parts=2/2 certK=3 cert   8.49s  (avg  5.91s, eta 2.9h)
[406/2186] 02:47:47 n=526    B=68906      d=0.4990 parts=1/1 certK=2 cert   1.65s  (avg  5.56s, eta 2.7h)
[407/2186] 02:48:05 n=527    B=7905       d=0.0570 parts=1/4 certK=5 cert  17.57s  (avg  6.05s, eta 3.0h)
[408/2186] 02:48:11 n=528    B=32896      d=0.2364 parts=2/2 certK=3 cert   6.25s  (avg  6.02s, eta 3.0h)
[409/2186] 02:48:24 n=530    B=15150      d=0.1081 parts=2/3 certK=4 cert  12.31s  (avg  6.30s, eta 3.1h)
[410/2186] 02:48:33 n=531    B=18632      d=0.1324 parts=2/2 certK=3 cert   8.90s  (avg  6.45s, eta 3.2h)
[411/2186] 02:48:39 n=532    B=34453      d=0.2439 parts=2/2 certK=3 cert   6.04s  (avg  6.58s, eta 3.2h)
[412/2186] 02:48:52 n=533    B=10660      d=0.0752 parts=1/3 certK=4 cert  13.61s  (avg  7.06s, eta 3.5h)
[413/2186] 02:48:58 n=534    B=34453      d=0.2421 parts=2/2 certK=3 cert   5.97s  (avg  7.07s, eta 3.5h)
[414/2186] 02:49:05 n=535    B=28355      d=0.1985 parts=1/2 certK=3 cert   7.06s  (avg  7.10s, eta 3.5h)
[415/2186] 02:49:13 n=536    B=21389      d=0.1492 parts=2/2 certK=3 cert   7.96s  (avg  7.19s, eta 3.5h)
[416/2186] 02:49:16 n=537    B=47793      d=0.3321 parts=1/1 certK=2 cert   3.17s  (avg  7.21s, eta 3.5h)
[417/2186] 02:49:18 n=538    B=72092      d=0.4991 parts=1/1 certK=2 cert   1.57s  (avg  7.06s, eta 3.5h)
[418/2186] 02:49:31 n=539    B=13301      d=0.0917 parts=2/3 certK=4 cert  12.87s  (avg  7.29s, eta 3.6h)
[419/2186] 02:49:37 n=540    B=34453      d=0.2367 parts=2/2 certK=3 cert   6.25s  (avg  7.20s, eta 3.5h)
[420/2186] 02:49:39 n=542    B=73170      d=0.4991 parts=1/1 certK=2 cert   1.66s  (avg  7.01s, eta 3.4h)
[421/2186] 02:49:42 n=543    B=48870      d=0.3321 parts=1/1 certK=2 cert   3.17s  (avg  7.07s, eta 3.5h)
[422/2186] 02:49:48 n=544    B=34453      d=0.2333 parts=2/2 certK=3 cert   6.62s  (avg  7.04s, eta 3.4h)
[423/2186] 02:49:56 n=545    B=29430      d=0.1985 parts=1/2 certK=3 cert   7.18s  (avg  7.04s, eta 3.4h)
[424/2186] 02:50:02 n=546    B=34453      d=0.2316 parts=2/2 certK=3 cert   6.68s  (avg  6.97s, eta 3.4h)
[425/2186] 02:50:09 n=548    B=37264      d=0.2486 parts=1/2 certK=3 cert   6.33s  (avg  6.87s, eta 3.4h)
[426/2186] 02:50:18 n=549    B=21389      d=0.1422 parts=2/2 certK=3 cert   8.99s  (avg  7.12s, eta 3.5h)
[427/2186] 02:50:25 n=550    B=32896      d=0.2179 parts=2/2 certK=3 cert   7.20s  (avg  7.18s, eta 3.5h)
[428/2186] 02:50:39 n=551    B=13861      d=0.0915 parts=2/3 certK=4 cert  14.23s  (avg  7.50s, eta 3.7h)
[429/2186] 02:50:46 n=552    B=34453      d=0.2266 parts=2/2 certK=3 cert   6.97s  (avg  7.55s, eta 3.7h)
[430/2186] 02:50:55 n=553    B=25651      d=0.1681 parts=2/2 certK=3 cert   8.61s  (avg  7.55s, eta 3.7h)
[431/2186] 02:50:56 n=554    B=76452      d=0.4991 parts=1/1 certK=2 cert   1.82s  (avg  7.56s, eta 3.7h)
[432/2186] 02:51:07 n=555    B=22052      d=0.1434 parts=2/2 certK=3 cert  10.44s  (avg  7.27s, eta 3.5h)
[433/2186] 02:51:13 n=556    B=38364      d=0.2486 parts=1/2 certK=3 cert   6.44s  (avg  7.28s, eta 3.5h)
[434/2186] 02:51:21 n=558    B=31375      d=0.2019 parts=2/2 certK=3 cert   7.58s  (avg  7.09s, eta 3.5h)
[435/2186] 02:51:31 n=559    B=22650      d=0.1452 parts=2/2 certK=3 cert  10.23s  (avg  7.15s, eta 3.5h)
[436/2186] 02:51:40 n=560    B=25043      d=0.1600 parts=2/2 certK=3 cert   9.09s  (avg  7.27s, eta 3.5h)
[437/2186] 02:51:51 n=561    B=25651      d=0.1633 parts=2/2 certK=3 cert  10.58s  (avg  7.15s, eta 3.5h)
[438/2186] 02:51:53 n=562    B=78680      d=0.4991 parts=1/1 certK=2 cert   1.81s  (avg  6.98s, eta 3.4h)
[439/2186] 02:52:00 n=564    B=32896      d=0.2072 parts=2/2 certK=3 cert   7.68s  (avg  7.01s, eta 3.4h)
[440/2186] 02:52:08 n=565    B=31640      d=0.1986 parts=1/2 certK=3 cert   7.88s  (avg  7.00s, eta 3.4h)
[441/2186] 02:52:10 n=566    B=79806      d=0.4991 parts=1/1 certK=2 cert   1.68s  (avg  6.94s, eta 3.4h)
[442/2186] 02:52:19 n=567    B=22680      d=0.1413 parts=1/2 certK=3 cert   9.59s  (avg  7.26s, eta 3.5h)
[443/2186] 02:52:27 n=568    B=32896      d=0.2043 parts=2/2 certK=3 cert   7.78s  (avg  7.06s, eta 3.4h)
[444/2186] 02:52:35 n=570    B=34453      d=0.2125 parts=2/2 certK=3 cert   7.90s  (avg  7.13s, eta 3.4h)
[445/2186] 02:52:51 n=572    B=17013      d=0.1042 parts=2/3 certK=4 cert  15.36s  (avg  7.67s, eta 3.7h)
[446/2186] 02:52:54 n=573    B=54435      d=0.3322 parts=1/1 certK=2 cert   3.80s  (avg  7.70s, eta 3.7h)
[447/2186] 02:53:03 n=574    B=34453      d=0.2095 parts=2/2 certK=3 cert   8.28s  (avg  7.77s, eta 3.8h)
[448/2186] 02:53:19 n=575    B=13203      d=0.0800 parts=2/3 certK=4 cert  16.88s  (avg  8.15s, eta 3.9h)
[449/2186] 02:53:28 n=576    B=34453      d=0.2080 parts=2/2 certK=3 cert   8.30s  (avg  8.22s, eta 4.0h)
[450/2186] 02:53:30 n=578    B=83232      d=0.4991 parts=1/1 certK=2 cert   2.03s  (avg  8.05s, eta 3.9h)
[451/2186] 02:53:34 n=579    B=55584      d=0.3322 parts=1/1 certK=2 cert   3.82s  (avg  7.84s, eta 3.8h)
[452/2186] 02:53:42 n=580    B=34453      d=0.2052 parts=2/2 certK=3 cert   8.58s  (avg  7.90s, eta 3.8h)
[453/2186] 02:53:52 n=581    B=23821      d=0.1414 parts=1/2 certK=3 cert  10.17s  (avg  7.73s, eta 3.7h)
[454/2186] 02:54:01 n=582    B=31375      d=0.1856 parts=2/2 certK=3 cert   8.99s  (avg  7.81s, eta 3.8h)
[455/2186] 02:54:12 n=583    B=26406      d=0.1556 parts=2/2 certK=3 cert  11.05s  (avg  7.91s, eta 3.8h)
[456/2186] 02:54:23 n=584    B=21024      d=0.1235 parts=1/2 certK=3 cert  10.84s  (avg  8.27s, eta 4.0h)
[457/2186] 02:54:35 n=585    B=27722      d=0.1623 parts=2/2 certK=3 cert  11.91s  (avg  8.33s, eta 4.0h)
[458/2186] 02:54:37 n=586    B=85556      d=0.4991 parts=1/1 certK=2 cert   2.12s  (avg  8.16s, eta 3.9h)
[459/2186] 02:54:46 n=588    B=32896      d=0.1906 parts=2/2 certK=3 cert   9.11s  (avg  8.22s, eta 3.9h)
[460/2186] 02:54:59 n=589    B=26406      d=0.1525 parts=2/2 certK=3 cert  12.19s  (avg  8.30s, eta 4.0h)
[461/2186] 02:55:08 n=590    B=29403      d=0.1692 parts=2/2 certK=3 cert   9.84s  (avg  8.33s, eta 4.0h)
[462/2186] 02:55:12 n=591    B=57918      d=0.3322 parts=1/1 certK=2 cert   3.89s  (avg  8.06s, eta 3.9h)
[463/2186] 02:55:23 n=592    B=27028      d=0.1545 parts=2/2 certK=3 cert  10.31s  (avg  8.40s, eta 4.0h)
[464/2186] 02:55:32 n=594    B=34453      d=0.1956 parts=2/2 certK=3 cert   9.12s  (avg  8.46s, eta 4.0h)
[465/2186] 02:55:44 n=595    B=28392      d=0.1607 parts=2/2 certK=3 cert  11.99s  (avg  8.62s, eta 4.1h)
[466/2186] 02:55:52 n=596    B=44104      d=0.2487 parts=1/2 certK=3 cert   7.98s  (avg  8.87s, eta 4.2h)
[467/2186] 02:55:56 n=597    B=59103      d=0.3322 parts=1/1 certK=2 cert   3.91s  (avg  8.65s, eta 4.1h)
[468/2186] 02:56:06 n=598    B=31375      d=0.1758 parts=2/2 certK=3 cert   9.96s  (avg  8.73s, eta 4.2h)
[469/2186] 02:56:15 n=600    B=34453      d=0.1917 parts=2/2 certK=3 cert   9.50s  (avg  8.80s, eta 4.2h)
[470/2186] 02:56:27 n=602    B=29403      d=0.1625 parts=2/2 certK=3 cert  11.49s  (avg  8.64s, eta 4.1h)
[471/2186] 02:56:38 n=603    B=32640      d=0.1798 parts=2/2 certK=3 cert  11.37s  (avg  8.95s, eta 4.3h)
[472/2186] 02:56:47 n=604    B=45300      d=0.2488 parts=1/2 certK=3 cert   9.29s  (avg  8.99s, eta 4.3h)
[473/2186] 02:56:58 n=605    B=36300      d=0.1987 parts=1/2 certK=3 cert  10.84s  (avg  8.74s, eta 4.2h)
[474/2186] 02:57:09 n=606    B=34453      d=0.1879 parts=2/2 certK=3 cert  11.04s  (avg  8.85s, eta 4.2h)
[475/2186] 02:57:23 n=608    B=22387      d=0.1213 parts=2/2 certK=3 cert  13.84s  (avg  9.33s, eta 4.4h)
[476/2186] 02:57:38 n=609    B=31375      d=0.1695 parts=2/2 certK=3 cert  15.12s  (avg  9.78s, eta 4.6h)
[477/2186] 02:57:50 n=610    B=34453      d=0.1855 parts=2/2 certK=3 cert  11.69s  (avg  9.90s, eta 4.7h)
[478/2186] 02:58:04 n=611    B=24384      d=0.1308 parts=2/2 certK=3 cert  14.11s  (avg 10.06s, eta 4.8h)
[479/2186] 02:58:14 n=612    B=34453      d=0.1843 parts=2/2 certK=3 cert  10.36s  (avg 10.12s, eta 4.8h)
[480/2186] 02:58:17 n=614    B=93942      d=0.4992 parts=1/1 certK=2 cert   2.46s  (avg  9.77s, eta 4.6h)
[481/2186] 02:58:28 n=615    B=32640      d=0.1729 parts=2/2 certK=3 cert  11.12s  (avg  9.78s, eta 4.6h)
[482/2186] 02:58:38 n=616    B=36046      d=0.1903 parts=2/2 certK=3 cert  10.32s  (avg  9.72s, eta 4.6h)
[483/2186] 02:58:49 n=618    B=36585      d=0.1919 parts=2/2 certK=3 cert  11.28s  (avg 10.09s, eta 4.8h)
[484/2186] 02:59:03 n=620    B=25545      d=0.1331 parts=2/2 certK=3 cert  14.01s  (avg 10.28s, eta 4.9h)
[485/2186] 02:59:18 n=621    B=31862      d=0.1655 parts=2/2 certK=3 cert  14.66s  (avg 10.38s, eta 4.9h)
[486/2186] 02:59:21 n=622    B=96410      d=0.4992 parts=1/1 certK=2 cert   2.65s  (avg 10.09s, eta 4.8h)
[487/2186] 02:59:33 n=623    B=27412      d=0.1415 parts=1/2 certK=3 cert  12.69s  (avg 10.44s, eta 4.9h)
[488/2186] 02:59:44 n=624    B=38226      d=0.1967 parts=2/2 certK=3 cert  10.86s  (avg 10.47s, eta 4.9h)
[489/2186] 02:59:47 n=626    B=97656      d=0.4992 parts=1/1 certK=2 cert   2.62s  (avg 10.21s, eta 4.8h)
[490/2186] 03:00:07 n=627    B=21389      d=0.1090 parts=2/3 certK=4 cert  20.46s  (avg 10.55s, eta 5.0h)
[491/2186] 03:00:17 n=628    B=48984      d=0.2488 parts=1/2 certK=3 cert   9.32s  (avg 10.60s, eta 5.0h)
[492/2186] 03:00:38 n=629    B=17030      d=0.0862 parts=2/3 certK=4 cert  20.86s  (avg 11.28s, eta 5.3h)
[493/2186] 03:00:48 n=630    B=39903      d=0.2014 parts=2/2 certK=3 cert  10.84s  (avg 11.31s, eta 5.3h)
[494/2186] 03:01:01 n=632    B=29403      d=0.1475 parts=2/2 certK=3 cert  12.90s  (avg 11.45s, eta 5.4h)
[495/2186] 03:01:06 n=633    B=66465      d=0.3323 parts=1/1 certK=2 cert   4.94s  (avg 11.19s, eta 5.3h)
[496/2186] 03:01:09 n=634    B=100172     d=0.4992 parts=1/1 certK=2 cert   2.75s  (avg 10.84s, eta 5.1h)
[497/2186] 03:01:20 n=635    B=40005      d=0.1987 parts=1/2 certK=3 cert  11.14s  (avg 10.92s, eta 5.1h)
[498/2186] 03:01:31 n=636    B=41616      d=0.2061 parts=2/2 certK=3 cert  10.87s  (avg 10.92s, eta 5.1h)
[499/2186] 03:01:51 n=637    B=19182      d=0.0947 parts=2/3 certK=4 cert  20.38s  (avg 11.29s, eta 5.3h)
[500/2186] 03:02:05 n=638    B=25651      d=0.1262 parts=2/2 certK=3 cert  14.00s  (avg 11.30s, eta 5.3h)
[501/2186] 03:02:18 n=639    B=32896      d=0.1614 parts=2/2 certK=3 cert  12.31s  (avg 11.18s, eta 5.2h)
[502/2186] 03:02:29 n=640    B=42778      d=0.2092 parts=2/2 certK=3 cert  10.81s  (avg 11.15s, eta 5.2h)
[503/2186] 03:02:40 n=642    B=39903      d=0.1939 parts=2/2 certK=3 cert  11.56s  (avg 11.05s, eta 5.2h)
[504/2186] 03:02:55 n=644    B=25545      d=0.1234 parts=2/2 certK=3 cert  14.72s  (avg 11.22s, eta 5.2h)
[505/2186] 03:03:08 n=645    B=34453      d=0.1659 parts=2/2 certK=3 cert  12.91s  (avg 11.64s, eta 5.4h)
[506/2186] 03:03:21 n=646    B=34453      d=0.1654 parts=2/2 certK=3 cert  12.89s  (avg 11.71s, eta 5.5h)
[507/2186] 03:03:32 n=648    B=41616      d=0.1985 parts=2/2 certK=3 cert  11.85s  (avg 11.77s, eta 5.5h)
[508/2186] 03:03:48 n=649    B=31375      d=0.1492 parts=2/2 certK=3 cert  15.33s  (avg 11.93s, eta 5.6h)
[509/2186] 03:04:03 n=650    B=25545      d=0.1211 parts=2/2 certK=3 cert  15.15s  (avg 11.98s, eta 5.6h)
[510/2186] 03:04:19 n=651    B=32896      d=0.1555 parts=2/2 certK=3 cert  16.30s  (avg 12.04s, eta 5.6h)
[511/2186] 03:04:30 n=652    B=52812      d=0.2488 parts=1/2 certK=3 cert  10.42s  (avg 12.36s, eta 5.7h)
[512/2186] 03:04:41 n=654    B=46971      d=0.2200 parts=2/2 certK=3 cert  11.55s  (avg 12.31s, eta 5.7h)
[513/2186] 03:04:53 n=655    B=42575      d=0.1988 parts=1/2 certK=3 cert  12.09s  (avg 12.36s, eta 5.7h)
[514/2186] 03:05:09 n=656    B=25545      d=0.1189 parts=2/2 certK=3 cert  15.74s  (avg 12.88s, eta 6.0h)
[515/2186] 03:05:30 n=657    B=23652      d=0.1098 parts=1/3 certK=4 cert  21.13s  (avg 12.91s, eta 6.0h)
[516/2186] 03:05:42 n=658    B=48205      d=0.2230 parts=2/2 certK=3 cert  11.56s  (avg 13.00s, eta 6.0h)
[517/2186] 03:05:54 n=660    B=48828      d=0.2245 parts=2/2 certK=3 cert  11.85s  (avg 12.64s, eta 5.9h)
[518/2186] 03:05:57 n=662    B=109230     d=0.4992 parts=1/1 certK=2 cert   3.26s  (avg 12.34s, eta 5.7h)
[519/2186] 03:06:25 n=663    B=21012      d=0.0957 parts=2/3 certK=4 cert  27.64s  (avg 12.93s, eta 6.0h)
[520/2186] 03:06:38 n=664    B=50086      d=0.2275 parts=2/2 certK=3 cert  13.32s  (avg 13.26s, eta 6.1h)
[521/2186] 03:07:06 n=665    B=15931      d=0.0722 parts=2/3 certK=4 cert  27.98s  (avg 14.27s, eta 6.6h)
[522/2186] 03:07:18 n=666    B=46971      d=0.2121 parts=2/2 certK=3 cert  12.48s  (avg 14.32s, eta 6.6h)
[523/2186] 03:07:47 n=667    B=19182      d=0.0864 parts=2/3 certK=4 cert  28.23s  (avg 15.02s, eta 6.9h)
[524/2186] 03:07:59 n=668    B=55444      d=0.2489 parts=1/2 certK=3 cert  12.72s  (avg 14.71s, eta 6.8h)
[525/2186] 03:08:06 n=669    B=74259      d=0.3323 parts=1/1 certK=2 cert   6.65s  (avg 14.42s, eta 6.7h)
[526/2186] 03:08:19 n=670    B=48205      d=0.2151 parts=2/2 certK=3 cert  12.69s  (avg 14.43s, eta 6.7h)
[527/2186] 03:08:43 n=671    B=20130      d=0.0896 parts=1/3 certK=4 cert  24.26s  (avg 14.97s, eta 6.9h)
[528/2186] 03:08:57 n=672    B=48828      d=0.2166 parts=2/2 certK=3 cert  13.81s  (avg 15.06s, eta 6.9h)
[529/2186] 03:09:00 n=674    B=113232     d=0.4993 parts=1/1 certK=2 cert   3.71s  (avg 14.62s, eta 6.7h)
[530/2186] 03:09:25 n=675    B=25043      d=0.1101 parts=2/3 certK=4 cert  24.55s  (avg 15.09s, eta 6.9h)
[531/2186] 03:09:36 n=676    B=56784      d=0.2489 parts=1/2 certK=3 cert  11.26s  (avg 15.02s, eta 6.9h)
[532/2186] 03:09:48 n=678    B=54615      d=0.2380 parts=2/2 certK=3 cert  12.16s  (avg 15.03s, eta 6.9h)
[533/2186] 03:10:04 n=679    B=32896      d=0.1429 parts=2/2 certK=3 cert  16.17s  (avg 15.07s, eta 6.9h)
[534/2186] 03:10:21 n=680    B=28920      d=0.1253 parts=2/2 certK=3 cert  16.49s  (avg 15.12s, eta 6.9h)
[535/2186] 03:10:27 n=681    B=76953      d=0.3324 parts=1/1 certK=2 cert   6.23s  (avg 14.72s, eta 6.7h)
[536/2186] 03:10:42 n=682    B=37733      d=0.1625 parts=2/2 certK=3 cert  14.77s  (avg 14.89s, eta 6.8h)
[537/2186] 03:10:54 n=684    B=56616      d=0.2424 parts=2/2 certK=3 cert  12.26s  (avg 14.92s, eta 6.8h)
[538/2186] 03:11:08 n=685    B=46580      d=0.1988 parts=1/2 certK=3 cert  13.83s  (avg 14.99s, eta 6.9h)
[539/2186] 03:11:12 n=686    B=117306     d=0.4993 parts=1/1 certK=2 cert   3.49s  (avg 14.50s, eta 6.6h)
[540/2186] 03:11:18 n=687    B=78318      d=0.3324 parts=1/1 certK=2 cert   6.24s  (avg 13.90s, eta 6.4h)
[541/2186] 03:11:35 n=688    B=32896      d=0.1392 parts=2/2 certK=3 cert  17.29s  (avg 14.13s, eta 6.5h)
[542/2186] 03:12:02 n=689    B=17914      d=0.0756 parts=1/3 certK=4 cert  26.43s  (avg 14.72s, eta 6.7h)
[543/2186] 03:12:13 n=690    B=58653      d=0.2467 parts=2/2 certK=3 cert  11.95s  (avg 15.06s, eta 6.9h)
[544/2186] 03:12:26 n=692    B=59512      d=0.2489 parts=1/2 certK=3 cert  12.31s  (avg 14.45s, eta 6.6h)
[545/2186] 03:12:47 n=693    B=27722      d=0.1156 parts=2/2 certK=3 cert  21.09s  (avg 14.76s, eta 6.7h)
[546/2186] 03:12:50 n=694    B=120062     d=0.4993 parts=1/1 certK=2 cert   3.57s  (avg 13.79s, eta 6.3h)
[547/2186] 03:13:05 n=695    B=47955      d=0.1988 parts=1/2 certK=3 cert  14.21s  (avg 13.85s, eta 6.3h)
[548/2186] 03:13:17 n=696    B=60031      d=0.2482 parts=2/2 certK=3 cert  12.22s  (avg 13.21s, eta 6.0h)
[549/2186] 03:13:37 n=697    B=31375      d=0.1294 parts=2/2 certK=3 cert  19.64s  (avg 13.49s, eta 6.1h)
[550/2186] 03:13:40 n=698    B=121452     d=0.4993 parts=1/1 certK=2 cert   3.47s  (avg 13.36s, eta 6.1h)
[551/2186] 03:13:46 n=699    B=81084      d=0.3324 parts=1/1 certK=2 cert   6.39s  (avg 13.11s, eta 6.0h)
[552/2186] 03:13:59 n=700    B=60031      d=0.2454 parts=2/2 certK=3 cert  12.29s  (avg 12.63s, eta 5.7h)
[553/2186] 03:14:12 n=702    B=58653      d=0.2384 parts=2/2 certK=3 cert  12.99s  (avg 12.60s, eta 5.7h)
[554/2186] 03:14:32 n=703    B=32896      d=0.1333 parts=2/2 certK=3 cert  20.19s  (avg 13.26s, eta 6.0h)
[555/2186] 03:14:51 n=704    B=32896      d=0.1329 parts=2/2 certK=3 cert  18.83s  (avg 13.03s, eta 5.9h)
[556/2186] 03:15:11 n=705    B=31862      d=0.1284 parts=2/2 certK=3 cert  19.83s  (avg 13.37s, eta 6.1h)
[557/2186] 03:15:14 n=706    B=124256     d=0.4993 parts=1/1 certK=2 cert   3.49s  (avg 13.03s, eta 5.9h)
[558/2186] 03:15:31 n=707    B=35350      d=0.1416 parts=1/2 certK=3 cert  17.31s  (avg 13.07s, eta 5.9h)
[559/2186] 03:15:44 n=708    B=60726      d=0.2426 parts=2/2 certK=3 cert  12.70s  (avg 12.92s, eta 5.8h)
[560/2186] 03:16:02 n=710    B=33078      d=0.1314 parts=2/2 certK=3 cert  18.09s  (avg 13.40s, eta 6.1h)
[561/2186] 03:16:21 n=711    B=32896      d=0.1303 parts=2/2 certK=3 cert  18.77s  (avg 13.56s, eta 6.1h)
[562/2186] 03:16:34 n=712    B=62128      d=0.2455 parts=2/2 certK=3 cert  12.79s  (avg 13.58s, eta 6.1h)
[563/2186] 03:17:01 n=713    B=25651      d=0.1011 parts=2/3 certK=4 cert  27.64s  (avg 14.13s, eta 6.4h)
[564/2186] 03:17:15 n=714    B=60031      d=0.2358 parts=2/2 certK=3 cert  13.29s  (avg 14.52s, eta 6.5h)
[565/2186] 03:17:36 n=715    B=32896      d=0.1289 parts=2/2 certK=3 cert  21.51s  (avg 15.13s, eta 6.8h)
[566/2186] 03:17:49 n=716    B=63724      d=0.2490 parts=1/2 certK=3 cert  12.80s  (avg 14.95s, eta 6.7h)
[567/2186] 03:17:56 n=717    B=85323      d=0.3324 parts=1/1 certK=2 cert   6.73s  (avg 14.16s, eta 6.4h)
[568/2186] 03:17:59 n=718    B=128522     d=0.4993 parts=1/1 certK=2 cert   3.51s  (avg 13.83s, eta 6.2h)
[569/2186] 03:18:12 n=720    B=64261      d=0.2483 parts=2/2 certK=3 cert  13.24s  (avg 13.86s, eta 6.2h)
[570/2186] 03:18:30 n=721    B=36771      d=0.1417 parts=1/2 certK=3 cert  18.00s  (avg 13.74s, eta 6.2h)
[571/2186] 03:18:34 n=722    B=129960     d=0.4993 parts=1/1 certK=2 cert   3.57s  (avg 13.74s, eta 6.2h)
[572/2186] 03:18:41 n=723    B=86760      d=0.3324 parts=1/1 certK=2 cert   6.86s  (avg 13.45s, eta 6.0h)
[573/2186] 03:18:55 n=724    B=65160      d=0.2490 parts=1/2 certK=3 cert  13.72s  (avg 13.51s, eta 6.1h)
[574/2186] 03:19:26 n=725    B=22387      d=0.0853 parts=2/3 certK=4 cert  31.36s  (avg 13.98s, eta 6.3h)
[575/2186] 03:19:40 n=726    B=64261      d=0.2442 parts=2/2 certK=3 cert  13.81s  (avg 14.39s, eta 6.4h)
[576/2186] 03:20:00 n=728    B=32047      d=0.1211 parts=2/2 certK=3 cert  20.11s  (avg 14.94s, eta 6.7h)
[577/2186] 03:20:15 n=730    B=60031      d=0.2256 parts=2/2 certK=3 cert  14.79s  (avg 15.04s, eta 6.7h)
[578/2186] 03:20:46 n=731    B=24384      d=0.0914 parts=2/3 certK=4 cert  31.35s  (avg 15.77s, eta 7.0h)
[579/2186] 03:21:00 n=732    B=64261      d=0.2402 parts=2/2 certK=3 cert  13.80s  (avg 15.52s, eta 6.9h)
[580/2186] 03:21:04 n=734    B=134322     d=0.4993 parts=1/1 certK=2 cert   3.91s  (avg 14.92s, eta 6.7h)
[581/2186] 03:21:24 n=735    B=32896      d=0.1220 parts=2/2 certK=3 cert  20.22s  (avg 14.94s, eta 6.7h)
[582/2186] 03:21:39 n=736    B=62128      d=0.2297 parts=2/2 certK=3 cert  14.83s  (avg 15.39s, eta 6.9h)
[583/2186] 03:22:01 n=737    B=31375      d=0.1157 parts=2/2 certK=3 cert  21.91s  (avg 15.57s, eta 6.9h)
[584/2186] 03:22:17 n=738    B=64261      d=0.2363 parts=2/2 certK=3 cert  16.07s  (avg 15.71s, eta 7.0h)
[585/2186] 03:22:48 n=740    B=28920      d=0.1058 parts=2/3 certK=4 cert  31.22s  (avg 16.23s, eta 7.2h)
[586/2186] 03:23:12 n=741    B=36290      d=0.1324 parts=2/2 certK=3 cert  24.45s  (avg 16.46s, eta 7.3h)
[587/2186] 03:23:29 n=742    B=64261      d=0.2338 parts=2/2 certK=3 cert  16.48s  (avg 16.61s, eta 7.4h)
[588/2186] 03:23:45 n=744    B=64980      d=0.2351 parts=2/2 certK=3 cert  16.46s  (avg 16.16s, eta 7.2h)
[589/2186] 03:24:05 n=745    B=55130      d=0.1989 parts=1/2 certK=3 cert  19.27s  (avg 16.40s, eta 7.3h)
[590/2186] 03:24:09 n=746    B=138756     d=0.4993 parts=1/1 certK=2 cert   3.88s  (avg 15.70s, eta 7.0h)
[591/2186] 03:24:29 n=747    B=31862      d=0.1144 parts=2/2 certK=3 cert  20.85s  (avg 16.02s, eta 7.1h)
[592/2186] 03:24:45 n=748    B=64261      d=0.2300 parts=2/2 certK=3 cert  15.33s  (avg 16.36s, eta 7.2h)
[593/2186] 03:25:06 n=749    B=39697      d=0.1417 parts=1/2 certK=3 cert  21.41s  (avg 17.08s, eta 7.6h)
[594/2186] 03:25:21 n=750    B=67161      d=0.2391 parts=2/2 certK=3 cert  15.32s  (avg 17.16s, eta 7.6h)
[595/2186] 03:25:45 n=752    B=32047      d=0.1135 parts=2/2 certK=3 cert  23.85s  (avg 17.39s, eta 7.7h)
[596/2186] 03:25:54 n=753    B=94125      d=0.3324 parts=1/1 certK=2 cert   8.29s  (avg 17.58s, eta 7.8h)
[597/2186] 03:26:16 n=754    B=34453      d=0.1214 parts=2/2 certK=3 cert  22.20s  (avg 18.20s, eta 8.0h)
[598/2186] 03:26:33 n=755    B=56625      d=0.1989 parts=1/2 certK=3 cert  17.08s  (avg 18.33s, eta 8.1h)
[599/2186] 03:26:48 n=756    B=69378      d=0.2431 parts=2/2 certK=3 cert  14.95s  (avg 17.67s, eta 7.8h)
[600/2186] 03:26:52 n=758    B=143262     d=0.4993 parts=1/1 certK=2 cert   4.33s  (avg 17.29s, eta 7.6h)
[601/2186] 03:27:16 n=759    B=32896      d=0.1144 parts=2/2 certK=3 cert  24.04s  (avg 17.45s, eta 7.7h)
[602/2186] 03:27:34 n=760    B=64261      d=0.2228 parts=2/2 certK=3 cert  17.86s  (avg 17.58s, eta 7.7h)
[603/2186] 03:27:51 n=762    B=71631      d=0.2471 parts=2/2 certK=3 cert  16.46s  (avg 16.98s, eta 7.5h)
[604/2186] 03:28:12 n=763    B=41202      d=0.1417 parts=1/2 certK=3 cert  21.11s  (avg 17.27s, eta 7.6h)
[605/2186] 03:28:27 n=764    B=72580      d=0.2490 parts=1/2 certK=3 cert  15.66s  (avg 17.74s, eta 7.8h)
[606/2186] 03:28:50 n=765    B=36290      d=0.1242 parts=2/2 certK=3 cert  22.85s  (avg 17.85s, eta 7.8h)
[607/2186] 03:28:55 n=766    B=146306     d=0.4993 parts=1/1 certK=2 cert   4.32s  (avg 17.43s, eta 7.6h)
[608/2186] 03:29:30 n=767    B=24384      d=0.0830 parts=2/3 certK=4 cert  35.21s  (avg 17.96s, eta 7.9h)
[609/2186] 03:29:38 n=768    B=97920      d=0.3325 parts=1/1 certK=2 cert   8.18s  (avg 17.64s, eta 7.7h)
[610/2186] 03:30:00 n=770    B=39903      d=0.1348 parts=2/2 certK=3 cert  22.01s  (avg 17.27s, eta 7.6h)
[611/2186] 03:30:08 n=771    B=98688      d=0.3325 parts=1/1 certK=2 cert   8.31s  (avg 16.63s, eta 7.3h)
[612/2186] 03:30:24 n=772    B=74112      d=0.2490 parts=1/2 certK=3 cert  15.88s  (avg 16.61s, eta 7.3h)
[613/2186] 03:30:45 n=774    B=46971      d=0.1570 parts=2/2 certK=3 cert  21.09s  (avg 16.79s, eta 7.3h)
[614/2186] 03:31:09 n=775    B=34453      d=0.1149 parts=2/2 certK=3 cert  24.27s  (avg 16.99s, eta 7.4h)
[615/2186] 03:31:32 n=776    B=41616      d=0.1384 parts=2/2 certK=3 cert  22.31s  (avg 17.73s, eta 7.7h)
[616/2186] 03:32:10 n=777    B=32896      d=0.1091 parts=3/3 certK=4 cert  38.62s  (avg 18.44s, eta 8.0h)
[617/2186] 03:32:15 n=778    B=150932     d=0.4994 parts=1/1 certK=2 cert   4.61s  (avg 18.01s, eta 7.8h)
[618/2186] 03:32:52 n=779    B=21389      d=0.0706 parts=2/3 certK=4 cert  37.34s  (avg 18.65s, eta 8.1h)
[619/2186] 03:33:09 n=780    B=73153      d=0.2408 parts=2/2 certK=3 cert  16.72s  (avg 18.70s, eta 8.1h)
[620/2186] 03:33:33 n=781    B=44310      d=0.1455 parts=2/2 certK=3 cert  24.16s  (avg 18.71s, eta 8.1h)
[621/2186] 03:33:56 n=782    B=39903      d=0.1307 parts=2/2 certK=3 cert  23.05s  (avg 19.30s, eta 8.4h)
[622/2186] 03:34:32 n=783    B=32896      d=0.1074 parts=2/3 certK=4 cert  35.94s  (avg 19.85s, eta 8.6h)
[623/2186] 03:34:49 n=784    B=73153      d=0.2383 parts=2/2 certK=3 cert  16.98s  (avg 19.85s, eta 8.6h)
[624/2186] 03:35:08 n=785    B=61230      d=0.1990 parts=1/2 certK=3 cert  19.06s  (avg 20.01s, eta 8.7h)
[625/2186] 03:35:27 n=786    B=60031      d=0.1946 parts=2/2 certK=3 cert  19.06s  (avg 20.60s, eta 8.9h)
[626/2186] 03:35:44 n=788    B=77224      d=0.2490 parts=1/2 certK=3 cert  16.68s  (avg 20.31s, eta 8.8h)
[627/2186] 03:35:53 n=789    B=103359     d=0.3325 parts=1/1 certK=2 cert   8.71s  (avg 19.94s, eta 8.6h)
[628/2186] 03:36:12 n=790    B=64261      d=0.2062 parts=2/2 certK=3 cert  19.18s  (avg 20.05s, eta 8.7h)
[629/2186] 03:36:35 n=791    B=44296      d=0.1418 parts=1/2 certK=3 cert  22.61s  (avg 20.11s, eta 8.7h)
[630/2186] 03:36:52 n=792    B=73153      d=0.2335 parts=2/2 certK=3 cert  17.27s  (avg 20.18s, eta 8.7h)
[631/2186] 03:37:17 n=793    B=49506      d=0.1576 parts=2/2 certK=3 cert  24.99s  (avg 20.26s, eta 8.8h)
[632/2186] 03:37:21 n=794    B=157212     d=0.4994 parts=1/1 certK=2 cert   4.70s  (avg 20.28s, eta 8.8h)
[633/2186] 03:37:58 n=795    B=32896      d=0.1042 parts=2/3 certK=4 cert  36.36s  (avg 20.32s, eta 8.8h)
[634/2186] 03:38:14 n=796    B=78804      d=0.2491 parts=1/2 certK=3 cert  16.40s  (avg 20.65s, eta 8.9h)
[635/2186] 03:38:34 n=798    B=64261      d=0.2021 parts=2/2 certK=3 cert  19.73s  (avg 20.56s, eta 8.9h)
[636/2186] 03:39:11 n=799    B=32896      d=0.1032 parts=2/3 certK=4 cert  36.87s  (avg 21.70s, eta 9.3h)
[637/2186] 03:39:34 n=800    B=48828      d=0.1528 parts=2/2 certK=3 cert  23.09s  (avg 21.99s, eta 9.5h)
[638/2186] 03:39:58 n=801    B=51302      d=0.1601 parts=2/2 certK=3 cert  23.88s  (avg 22.10s, eta 9.5h)
[639/2186] 03:40:02 n=802    B=160400     d=0.4994 parts=1/1 certK=2 cert   4.63s  (avg 21.32s, eta 9.2h)
[640/2186] 03:40:39 n=803    B=28908      d=0.0898 parts=1/3 certK=4 cert  36.80s  (avg 21.90s, eta 9.4h)
[641/2186] 03:40:57 n=804    B=73153      d=0.2266 parts=2/2 certK=3 cert  17.94s  (avg 21.07s, eta 9.0h)
[642/2186] 03:41:23 n=805    B=49506      d=0.1530 parts=2/2 certK=3 cert  26.08s  (avg 21.93s, eta 9.4h)
[643/2186] 03:41:48 n=806    B=41417      d=0.1277 parts=2/2 certK=3 cert  24.56s  (avg 21.42s, eta 9.2h)
[644/2186] 03:41:57 n=807    B=108138     d=0.3325 parts=1/1 certK=2 cert   8.78s  (avg 21.10s, eta 9.0h)
[645/2186] 03:42:16 n=808    B=64261      d=0.1971 parts=2/2 certK=3 cert  19.85s  (avg 20.93s, eta 9.0h)
[646/2186] 03:42:38 n=810    B=60031      d=0.1832 parts=2/2 certK=3 cert  21.12s  (avg 20.85s, eta 8.9h)
[647/2186] 03:43:03 n=812    B=41417      d=0.1258 parts=2/2 certK=3 cert  25.66s  (avg 20.44s, eta 8.7h)
[648/2186] 03:43:12 n=813    B=109755     d=0.3325 parts=1/1 certK=2 cert   9.11s  (avg 20.13s, eta 8.6h)
[649/2186] 03:43:32 n=814    B=73153      d=0.2211 parts=2/2 certK=3 cert  19.23s  (avg 20.13s, eta 8.6h)
[650/2186] 03:43:53 n=815    B=66015      d=0.1990 parts=1/2 certK=3 cert  20.95s  (avg 20.21s, eta 8.6h)
[651/2186] 03:44:12 n=816    B=73153      d=0.2200 parts=2/2 certK=3 cert  19.24s  (avg 20.31s, eta 8.7h)
[652/2186] 03:44:51 n=817    B=34453      d=0.1034 parts=2/3 certK=4 cert  39.07s  (avg 21.52s, eta 9.2h)
[653/2186] 03:44:56 n=818    B=166872     d=0.4994 parts=1/1 certK=2 cert   5.01s  (avg 20.96s, eta 8.9h)
[654/2186] 03:45:33 n=819    B=34453      d=0.1029 parts=2/3 certK=4 cert  36.71s  (avg 21.52s, eta 9.2h)
[655/2186] 03:45:55 n=820    B=64261      d=0.1914 parts=2/2 certK=3 cert  22.13s  (avg 21.72s, eta 9.2h)
[656/2186] 03:46:15 n=822    B=73153      d=0.2168 parts=2/2 certK=3 cert  19.97s  (avg 21.51s, eta 9.1h)
[657/2186] 03:46:38 n=824    B=56616      d=0.1670 parts=2/2 certK=3 cert  23.42s  (avg 22.26s, eta 9.5h)
[658/2186] 03:47:04 n=825    B=56882      d=0.1673 parts=2/2 certK=3 cert  26.20s  (avg 21.86s, eta 9.3h)
[659/2186] 03:47:25 n=826    B=73153      d=0.2147 parts=2/2 certK=3 cert  20.44s  (avg 22.02s, eta 9.3h)
[660/2186] 03:47:48 n=828    B=64980      d=0.1898 parts=2/2 certK=3 cert  22.81s  (avg 22.14s, eta 9.4h)
[661/2186] 03:48:12 n=830    B=58653      d=0.1705 parts=2/2 certK=3 cert  24.36s  (avg 21.64s, eta 9.2h)
[662/2186] 03:48:22 n=831    B=114678     d=0.3325 parts=1/1 certK=2 cert  10.11s  (avg 21.12s, eta 8.9h)
[663/2186] 03:48:44 n=832    B=73153      d=0.2116 parts=2/2 certK=3 cert  21.88s  (avg 21.04s, eta 8.9h)
[664/2186] 03:49:11 n=833    B=58806      d=0.1697 parts=2/2 certK=3 cert  27.24s  (avg 21.95s, eta 9.3h)
[665/2186] 03:49:34 n=834    B=67161      d=0.1933 parts=2/2 certK=3 cert  23.00s  (avg 21.39s, eta 9.0h)
[666/2186] 03:49:57 n=835    B=69305      d=0.1990 parts=1/2 certK=3 cert  22.56s  (avg 21.58s, eta 9.1h)
[667/2186] 03:50:21 n=836    B=60726      d=0.1740 parts=2/2 certK=3 cert  24.32s  (avg 21.51s, eta 9.1h)
[668/2186] 03:50:52 n=837    B=56882      d=0.1626 parts=2/2 certK=3 cert  31.10s  (avg 21.77s, eta 9.2h)
[669/2186] 03:50:58 n=838    B=175142     d=0.4994 parts=1/1 certK=2 cert   5.45s  (avg 21.64s, eta 9.1h)
[670/2186] 03:51:20 n=840    B=73153      d=0.2076 parts=2/2 certK=3 cert  22.08s  (avg 21.73s, eta 9.1h)
[671/2186] 03:51:25 n=842    B=176820     d=0.4994 parts=1/1 certK=2 cert   5.66s  (avg 21.11s, eta 8.9h)
[672/2186] 03:51:36 n=843    B=118020     d=0.3325 parts=1/1 certK=2 cert  10.23s  (avg 20.49s, eta 8.6h)
[673/2186] 03:51:55 n=844    B=88620      d=0.2491 parts=1/2 certK=3 cert  19.96s  (avg 20.92s, eta 8.8h)
[674/2186] 03:52:19 n=845    B=70980      d=0.1991 parts=1/2 certK=3 cert  23.12s  (avg 21.08s, eta 8.9h)
[675/2186] 03:52:42 n=846    B=73153      d=0.2047 parts=2/2 certK=3 cert  22.93s  (avg 21.16s, eta 8.9h)
[676/2186] 03:53:09 n=847    B=50820      d=0.1418 parts=1/2 certK=3 cert  27.33s  (avg 21.48s, eta 9.0h)
[677/2186] 03:53:33 n=848    B=64980      d=0.1809 parts=2/2 certK=3 cert  24.42s  (avg 20.90s, eta 8.8h)
[678/2186] 03:53:44 n=849    B=119709     d=0.3325 parts=1/1 certK=2 cert  10.27s  (avg 21.11s, eta 8.8h)
[679/2186] 03:54:07 n=850    B=73153      d=0.2027 parts=2/2 certK=3 cert  23.21s  (avg 20.57s, eta 8.6h)
[680/2186] 03:54:53 n=851    B=24384      d=0.0674 parts=2/3 certK=4 cert  46.72s  (avg 21.55s, eta 9.0h)
[681/2186] 03:55:17 n=852    B=69378      d=0.1914 parts=2/2 certK=3 cert  23.92s  (avg 21.71s, eta 9.1h)
[682/2186] 03:55:42 n=854    B=67161      d=0.1844 parts=2/2 certK=3 cert  24.41s  (avg 21.75s, eta 9.1h)
[683/2186] 03:56:28 n=855    B=32004      d=0.0877 parts=2/3 certK=4 cert  46.06s  (avg 22.54s, eta 9.4h)
[684/2186] 03:56:51 n=856    B=75466      d=0.2062 parts=2/2 certK=3 cert  23.03s  (avg 22.65s, eta 9.4h)
[685/2186] 03:57:16 n=858    B=71631      d=0.1948 parts=2/2 certK=3 cert  24.65s  (avg 22.72s, eta 9.5h)
[686/2186] 03:57:41 n=860    B=69378      d=0.1878 parts=2/2 certK=3 cert  25.31s  (avg 22.76s, eta 9.5h)
[687/2186] 03:58:14 n=861    B=62750      d=0.1695 parts=2/2 certK=3 cert  33.55s  (avg 23.70s, eta 9.9h)
[688/2186] 03:58:20 n=862    B=185330     d=0.4994 parts=1/1 certK=2 cert   6.07s  (avg 23.06s, eta 9.6h)
[689/2186] 03:58:44 n=864    B=78606      d=0.2108 parts=2/2 certK=3 cert  23.84s  (avg 22.93s, eta 9.5h)
[690/2186] 03:59:09 n=865    B=74390      d=0.1991 parts=1/2 certK=3 cert  25.04s  (avg 23.01s, eta 9.6h)
[691/2186] 03:59:16 n=866    B=187056     d=0.4994 parts=1/1 certK=2 cert   6.15s  (avg 22.35s, eta 9.3h)
[692/2186] 03:59:26 n=867    B=124848     d=0.3326 parts=1/1 certK=2 cert  10.88s  (avg 21.82s, eta 9.1h)
[693/2186] 03:59:51 n=868    B=80200      d=0.2131 parts=2/2 certK=3 cert  24.70s  (avg 21.56s, eta 8.9h)
[694/2186] 04:00:22 n=869    B=58806      d=0.1559 parts=2/2 certK=3 cert  30.61s  (avg 22.57s, eta 9.4h)
[695/2186] 04:00:47 n=870    B=73153      d=0.1935 parts=2/2 certK=3 cert  25.45s  (avg 22.70s, eta 9.4h)
[696/2186] 04:01:15 n=871    B=64261      d=0.1696 parts=2/2 certK=3 cert  27.71s  (avg 23.58s, eta 9.8h)
[697/2186] 04:01:46 n=872    B=47088      d=0.1240 parts=1/2 certK=3 cert  31.00s  (avg 24.41s, eta 10.1h)
[698/2186] 04:02:17 n=873    B=60031      d=0.1577 parts=2/2 certK=3 cert  30.74s  (avg 24.84s, eta 10.3h)
[699/2186] 04:02:42 n=874    B=73153      d=0.1918 parts=2/2 certK=3 cert  25.57s  (avg 24.94s, eta 10.3h)
[700/2186] 04:03:12 n=875    B=54250      d=0.1419 parts=1/2 certK=3 cert  29.79s  (avg 25.22s, eta 10.4h)
[701/2186] 04:03:36 n=876    B=83436      d=0.2177 parts=2/2 certK=3 cert  24.16s  (avg 25.09s, eta 10.3h)
[702/2186] 04:03:42 n=878    B=192282     d=0.4994 parts=1/1 certK=2 cert   6.17s  (avg 24.36s, eta 10.0h)
[703/2186] 04:03:54 n=879    B=128334     d=0.3326 parts=1/1 certK=2 cert  11.25s  (avg 24.40s, eta 10.1h)
[704/2186] 04:04:18 n=880    B=80200      d=0.2074 parts=2/2 certK=3 cert  24.77s  (avg 24.46s, eta 10.1h)
[705/2186] 04:04:45 n=882    B=73153      d=0.1883 parts=2/2 certK=3 cert  27.03s  (avg 23.67s, eta 9.7h)
[706/2186] 04:05:12 n=884    B=78606      d=0.2014 parts=2/2 certK=3 cert  26.43s  (avg 23.77s, eta 9.8h)
[707/2186] 04:05:47 n=885    B=64261      d=0.1643 parts=2/2 certK=3 cert  35.09s  (avg 24.20s, eta 9.9h)
[708/2186] 04:05:53 n=886    B=195806     d=0.4994 parts=1/1 certK=2 cert   6.35s  (avg 22.61s, eta 9.3h)
[709/2186] 04:06:18 n=888    B=88410      d=0.2245 parts=2/2 certK=3 cert  24.64s  (avg 22.68s, eta 9.3h)
[710/2186] 04:06:50 n=889    B=60031      d=0.1521 parts=2/2 certK=3 cert  31.73s  (avg 22.96s, eta 9.4h)
[711/2186] 04:07:37 n=890    B=39903      d=0.1009 parts=2/3 certK=4 cert  47.77s  (avg 23.86s, eta 9.8h)
[712/2186] 04:08:26 n=891    B=37733      d=0.0952 parts=2/3 certK=4 cert  48.83s  (avg 24.47s, eta 10.0h)
[713/2186] 04:08:50 n=892    B=99012      d=0.2492 parts=1/2 certK=3 cert  23.85s  (avg 25.18s, eta 10.3h)
[714/2186] 04:09:42 n=893    B=32047      d=0.0805 parts=2/3 certK=4 cert  52.40s  (avg 26.32s, eta 10.8h)
[715/2186] 04:10:13 n=894    B=66156      d=0.1657 parts=1/2 certK=3 cert  30.30s  (avg 26.53s, eta 10.8h)
[716/2186] 04:10:40 n=895    B=79655      d=0.1991 parts=1/2 certK=3 cert  27.01s  (avg 27.37s, eta 11.2h)
[717/2186] 04:11:06 n=896    B=83436      d=0.2081 parts=2/2 certK=3 cert  26.41s  (avg 27.99s, eta 11.4h)
[718/2186] 04:11:56 n=897    B=39402      d=0.0981 parts=2/3 certK=4 cert  50.26s  (avg 29.01s, eta 11.8h)
[719/2186] 04:12:03 n=898    B=201152     d=0.4994 parts=1/1 certK=2 cert   6.57s  (avg 28.05s, eta 11.4h)
[720/2186] 04:12:54 n=899    B=32896      d=0.0815 parts=2/3 certK=4 cert  51.06s  (avg 29.08s, eta 11.8h)
[721/2186] 04:13:20 n=900    B=93528      d=0.2312 parts=2/2 certK=3 cert  25.52s  (avg 28.99s, eta 11.8h)
[722/2186] 04:13:50 n=901    B=64261      d=0.1585 parts=2/2 certK=3 cert  30.07s  (avg 28.95s, eta 11.8h)
[723/2186] 04:14:38 n=902    B=44634      d=0.1098 parts=2/3 certK=4 cert  47.94s  (avg 29.64s, eta 12.0h)
[724/2186] 04:15:31 n=903    B=38364      d=0.0942 parts=2/3 certK=4 cert  52.95s  (avg 30.73s, eta 12.5h)
[725/2186] 04:15:58 n=904    B=80200      d=0.1965 parts=2/2 certK=3 cert  27.31s  (avg 30.63s, eta 12.4h)
[726/2186] 04:16:27 n=905    B=81450      d=0.1991 parts=1/2 certK=3 cert  29.14s  (avg 30.83s, eta 12.5h)
[727/2186] 04:16:51 n=906    B=96141      d=0.2345 parts=2/2 certK=3 cert  24.29s  (avg 31.56s, eta 12.8h)
[728/2186] 04:17:15 n=908    B=102604     d=0.2492 parts=1/2 certK=3 cert  24.11s  (avg 32.07s, eta 13.0h)
[729/2186] 04:17:49 n=909    B=68906      d=0.1670 parts=2/2 certK=3 cert  33.36s  (avg 32.42s, eta 13.1h)
[730/2186] 04:18:14 n=910    B=97903      d=0.2367 parts=2/2 certK=3 cert  24.76s  (avg 32.33s, eta 13.1h)
[731/2186] 04:18:39 n=912    B=93528      d=0.2251 parts=2/2 certK=3 cert  25.80s  (avg 32.30s, eta 13.1h)
[732/2186] 04:19:13 n=913    B=60031      d=0.1442 parts=2/2 certK=3 cert  33.85s  (avg 32.25s, eta 13.0h)
[733/2186] 04:19:19 n=914    B=208392     d=0.4995 parts=1/1 certK=2 cert   6.02s  (avg 32.24s, eta 13.0h)
[734/2186] 04:20:09 n=915    B=38364      d=0.0917 parts=2/3 certK=4 cert  49.60s  (avg 33.24s, eta 13.4h)
[735/2186] 04:20:33 n=916    B=104424     d=0.2492 parts=1/2 certK=3 cert  23.71s  (avg 32.92s, eta 13.3h)
[736/2186] 04:21:08 n=917    B=59605      d=0.1419 parts=1/2 certK=3 cert  35.23s  (avg 32.41s, eta 13.1h)
[737/2186] 04:21:34 n=918    B=96141      d=0.2284 parts=2/2 certK=3 cert  26.03s  (avg 31.50s, eta 12.7h)
[738/2186] 04:22:06 n=920    B=93528      d=0.2212 parts=2/2 certK=3 cert  32.54s  (avg 31.85s, eta 12.8h)
[739/2186] 04:22:20 n=921    B=140913     d=0.3326 parts=1/1 certK=2 cert  13.20s  (avg 30.28s, eta 12.2h)
[740/2186] 04:22:26 n=922    B=212060     d=0.4995 parts=1/1 certK=2 cert   6.56s  (avg 29.33s, eta 11.8h)
[741/2186] 04:23:19 n=923    B=32305      d=0.0759 parts=1/3 certK=4 cert  52.50s  (avg 30.35s, eta 12.2h)
[742/2186] 04:23:44 n=924    B=104196     d=0.2443 parts=2/2 certK=3 cert  24.96s  (avg 30.29s, eta 12.2h)
[743/2186] 04:24:24 n=925    B=73153      d=0.1712 parts=2/2 certK=3 cert  40.55s  (avg 29.90s, eta 12.0h)
[744/2186] 04:24:31 n=926    B=213906     d=0.4995 parts=1/1 certK=2 cert   6.74s  (avg 29.91s, eta 12.0h)
[745/2186] 04:25:20 n=927    B=47277      d=0.1102 parts=1/3 certK=4 cert  49.14s  (avg 29.84s, eta 11.9h)
[746/2186] 04:25:45 n=928    B=106030     d=0.2465 parts=2/2 certK=3 cert  25.19s  (avg 29.82s, eta 11.9h)
[747/2186] 04:26:10 n=930    B=106953     d=0.2476 parts=2/2 certK=3 cert  25.00s  (avg 29.62s, eta 11.8h)
[748/2186] 04:27:05 n=931    B=44310      d=0.1024 parts=2/3 certK=4 cert  55.11s  (avg 29.91s, eta 11.9h)
[749/2186] 04:27:29 n=932    B=108112     d=0.2492 parts=1/2 certK=3 cert  23.92s  (avg 28.74s, eta 11.5h)
[750/2186] 04:27:42 n=933    B=144615     d=0.3326 parts=1/1 certK=2 cert  12.92s  (avg 28.17s, eta 11.2h)
[751/2186] 04:27:49 n=934    B=217622     d=0.4995 parts=1/1 certK=2 cert   6.85s  (avg 27.28s, eta 10.9h)
[752/2186] 04:28:49 n=935    B=32896      d=0.0753 parts=2/3 certK=4 cert  60.38s  (avg 28.72s, eta 11.4h)
[753/2186] 04:29:16 n=936    B=104196     d=0.2381 parts=2/2 certK=3 cert  26.82s  (avg 28.83s, eta 11.5h)
[754/2186] 04:29:52 n=938    B=57918      d=0.1318 parts=2/2 certK=3 cert  36.09s  (avg 28.94s, eta 11.5h)
[755/2186] 04:30:05 n=939    B=146484     d=0.3326 parts=1/1 certK=2 cert  12.59s  (avg 28.45s, eta 11.3h)
[756/2186] 04:30:31 n=940    B=106030     d=0.2403 parts=2/2 certK=3 cert  26.01s  (avg 28.46s, eta 11.3h)
[757/2186] 04:30:58 n=942    B=106953     d=0.2413 parts=2/2 certK=3 cert  26.83s  (avg 28.18s, eta 11.2h)
[758/2186] 04:31:53 n=943    B=37733      d=0.0850 parts=2/3 certK=4 cert  55.49s  (avg 30.16s, eta 12.0h)
[759/2186] 04:32:21 n=944    B=104196     d=0.2341 parts=2/2 certK=3 cert  27.46s  (avg 29.27s, eta 11.6h)
[760/2186] 04:33:05 n=945    B=56882      d=0.1275 parts=2/2 certK=3 cert  44.29s  (avg 30.10s, eta 11.9h)
[761/2186] 04:33:31 n=946    B=108811     d=0.2434 parts=2/2 certK=3 cert  25.57s  (avg 29.71s, eta 11.8h)
[762/2186] 04:33:59 n=948    B=106030     d=0.2362 parts=2/2 certK=3 cert  28.19s  (avg 29.80s, eta 11.8h)
[763/2186] 04:34:38 n=949    B=73153      d=0.1626 parts=2/2 certK=3 cert  39.10s  (avg 30.06s, eta 11.9h)
[764/2186] 04:35:06 n=950    B=106953     d=0.2373 parts=2/2 certK=3 cert  28.21s  (avg 30.66s, eta 12.1h)
[765/2186] 04:35:20 n=951    B=150258     d=0.3326 parts=1/1 certK=2 cert  13.62s  (avg 30.94s, eta 12.2h)
[766/2186] 04:35:49 n=952    B=100576     d=0.2222 parts=2/2 certK=3 cert  28.90s  (avg 30.00s, eta 11.8h)
[767/2186] 04:36:17 n=954    B=108811     d=0.2394 parts=2/2 certK=3 cert  28.24s  (avg 30.13s, eta 11.9h)
[768/2186] 04:36:50 n=955    B=90725      d=0.1992 parts=1/2 certK=3 cert  32.91s  (avg 29.82s, eta 11.7h)
[769/2186] 04:37:20 n=956    B=113764     d=0.2492 parts=1/2 certK=3 cert  30.53s  (avg 30.77s, eta 12.1h)
[770/2186] 04:38:11 n=957    B=56882      d=0.1243 parts=2/2 certK=3 cert  50.69s  (avg 30.84s, eta 12.1h)
[771/2186] 04:38:19 n=958    B=228962     d=0.4995 parts=1/1 certK=2 cert   8.39s  (avg 30.16s, eta 11.9h)
[772/2186] 04:38:59 n=959    B=65212      d=0.1420 parts=1/2 certK=3 cert  39.43s  (avg 30.74s, eta 12.1h)
[773/2186] 04:39:27 n=960    B=104196     d=0.2264 parts=2/2 certK=3 cert  28.66s  (avg 29.68s, eta 11.7h)
[774/2186] 04:40:03 n=962    B=58653      d=0.1269 parts=2/2 certK=3 cert  35.78s  (avg 30.16s, eta 11.8h)
[775/2186] 04:40:56 n=963    B=51302      d=0.1108 parts=2/3 certK=4 cert  52.83s  (avg 31.75s, eta 12.4h)
[776/2186] 04:41:22 n=964    B=115680     d=0.2492 parts=1/2 certK=3 cert  26.19s  (avg 32.53s, eta 12.7h)
[777/2186] 04:41:54 n=965    B=92640      d=0.1992 parts=1/2 certK=3 cert  31.33s  (avg 31.37s, eta 12.3h)
[778/2186] 04:42:21 n=966    B=114481     d=0.2456 parts=2/2 certK=3 cert  27.85s  (avg 31.41s, eta 12.3h)
[779/2186] 04:43:01 n=968    B=61307      d=0.1310 parts=2/2 certK=3 cert  39.28s  (avg 31.53s, eta 12.3h)
[780/2186] 04:43:47 n=969    B=62750      d=0.1338 parts=2/2 certK=3 cert  46.80s  (avg 32.90s, eta 12.9h)
[781/2186] 04:44:15 n=970    B=114481     d=0.2436 parts=2/2 certK=3 cert  27.35s  (avg 32.96s, eta 12.9h)
[782/2186] 04:44:43 n=972    B=117612     d=0.2492 parts=1/2 certK=3 cert  28.17s  (avg 33.01s, eta 12.9h)
[783/2186] 04:45:21 n=973    B=67137      d=0.1420 parts=1/2 certK=3 cert  38.32s  (avg 32.32s, eta 12.6h)
[784/2186] 04:45:29 n=974    B=236682     d=0.4995 parts=1/1 certK=2 cert   7.50s  (avg 31.52s, eta 12.3h)
[785/2186] 04:46:30 n=975    B=37733      d=0.0795 parts=2/3 certK=4 cert  61.62s  (avg 32.22s, eta 12.5h)
[786/2186] 04:47:01 n=976    B=108811     d=0.2287 parts=2/2 certK=3 cert  30.71s  (avg 32.42s, eta 12.6h)
[787/2186] 04:47:30 n=978    B=118341     d=0.2477 parts=2/2 certK=3 cert  28.59s  (avg 32.44s, eta 12.6h)
[788/2186] 04:48:01 n=979    B=108811     d=0.2273 parts=2/2 certK=3 cert  30.94s  (avg 32.11s, eta 12.5h)
[789/2186] 04:48:39 n=980    B=63757      d=0.1329 parts=2/2 certK=3 cert  38.18s  (avg 32.51s, eta 12.6h)
[790/2186] 04:49:21 n=981    B=64261      d=0.1337 parts=2/2 certK=3 cert  42.45s  (avg 33.66s, eta 13.1h)
[791/2186] 04:49:29 n=982    B=240590     d=0.4995 parts=1/1 certK=2 cert   8.20s  (avg 32.84s, eta 12.7h)
[792/2186] 04:50:08 n=984    B=88410      d=0.1828 parts=2/2 certK=3 cert  38.03s  (avg 33.23s, eta 12.9h)
[793/2186] 04:50:43 n=985    B=96530      d=0.1992 parts=1/2 certK=3 cert  35.72s  (avg 33.34s, eta 12.9h)
[794/2186] 04:51:15 n=986    B=118341     d=0.2437 parts=2/2 certK=3 cert  32.00s  (avg 33.40s, eta 12.9h)
[795/2186] 04:52:03 n=987    B=56882      d=0.1169 parts=2/2 certK=3 cert  48.19s  (avg 33.30s, eta 12.9h)
[796/2186] 04:52:34 n=988    B=114481     d=0.2348 parts=2/2 certK=3 cert  30.76s  (avg 34.20s, eta 13.2h)
[797/2186] 04:53:20 n=989    B=62750      d=0.1284 parts=2/2 certK=3 cert  45.40s  (avg 34.43s, eta 13.3h)
[798/2186] 04:53:50 n=990    B=118341     d=0.2417 parts=2/2 certK=3 cert  30.69s  (avg 34.51s, eta 13.3h)
[799/2186] 04:54:32 n=992    B=63757      d=0.1297 parts=2/2 certK=3 cert  42.20s  (avg 34.77s, eta 13.4h)
[800/2186] 04:54:48 n=993    B=163845     d=0.3327 parts=1/1 certK=2 cert  15.14s  (avg 33.26s, eta 12.8h)
[801/2186] 04:55:17 n=994    B=120295     d=0.2437 parts=2/2 certK=3 cert  29.32s  (avg 33.39s, eta 12.8h)
[802/2186] 04:55:48 n=995    B=98505      d=0.1992 parts=1/2 certK=3 cert  30.76s  (avg 33.37s, eta 12.8h)
[803/2186] 04:56:15 n=996    B=118341     d=0.2388 parts=2/2 certK=3 cert  27.43s  (avg 33.35s, eta 12.8h)
[804/2186] 04:56:23 n=998    B=248502     d=0.4995 parts=1/1 certK=2 cert   7.57s  (avg 32.08s, eta 12.3h)
[805/2186] 04:56:51 n=999    B=118341     d=0.2374 parts=2/2 certK=3 cert  28.14s  (avg 31.34s, eta 12.0h)
[806/2186] 04:57:22 n=1000   B=114481     d=0.2292 parts=2/2 certK=3 cert  31.29s  (avg 31.49s, eta 12.1h)
[807/2186] 04:58:32 n=1001   B=41417      d=0.0828 parts=2/3 certK=4 cert  69.98s  (avg 33.17s, eta 12.7h)
[808/2186] 04:59:01 n=1002   B=124251     d=0.2478 parts=2/2 certK=3 cert  28.93s  (avg 32.79s, eta 12.6h)
[809/2186] 05:12:59 n=1003   B=49506      d=0.0985 parts=2/3 certK=4 cert 838.37s  (avg 66.02s, eta 25.3h)
[810/2186] 05:13:30 n=1004   B=125500     d=0.2493 parts=1/2 certK=3 cert  30.97s  (avg 64.80s, eta 24.8h)
[811/2186] 05:14:23 n=1005   B=73153      d=0.1450 parts=2/2 certK=3 cert  52.58s  (avg 65.67s, eta 25.1h)
[812/2186] 05:14:32 n=1006   B=252506     d=0.4995 parts=1/1 certK=2 cert   9.42s  (avg 64.91s, eta 24.8h)
[813/2186] 05:15:43 n=1007   B=32896      d=0.0649 parts=2/3 certK=4 cert  70.51s  (avg 66.49s, eta 25.4h)
[814/2186] 05:16:16 n=1008   B=118341     d=0.2332 parts=2/2 certK=3 cert  33.12s  (avg 66.29s, eta 25.3h)
[815/2186] 05:16:49 n=1010   B=118341     d=0.2322 parts=2/2 certK=3 cert  33.00s  (avg 65.91s, eta 25.1h)
[816/2186] 05:17:05 n=1011   B=169848     d=0.3327 parts=1/1 certK=2 cert  15.58s  (avg 66.20s, eta 25.2h)
[817/2186] 05:17:37 n=1012   B=126253     d=0.2468 parts=2/2 certK=3 cert  32.28s  (avg 65.97s, eta 25.1h)
[818/2186] 05:18:12 n=1014   B=108811     d=0.2119 parts=2/2 certK=3 cert  35.11s  (avg 65.95s, eta 25.1h)
[819/2186] 05:18:45 n=1015   B=126253     d=0.2453 parts=2/2 certK=3 cert  32.61s  (avg 65.97s, eta 25.1h)
[820/2186] 05:19:23 n=1016   B=118341     d=0.2295 parts=2/2 certK=3 cert  38.05s  (avg 65.57s, eta 24.9h)
[821/2186] 05:35:33 n=1017   B=56952      d=0.1102 parts=1/3 certK=4 cert 970.51s  (avg 103.16s, eta 39.1h)
[822/2186] 05:35:43 n=1018   B=258572     d=0.4995 parts=1/1 certK=2 cert  10.13s  (avg 101.75s, eta 38.6h)
[823/2186] 05:51:22 n=1020   B=114481     d=0.2203 parts=2/2 certK=3 cert 939.18s  (avg 138.09s, eta 52.3h)
[824/2186] 06:07:14 n=1022   B=68801      d=0.1319 parts=2/2 certK=3 cert 951.79s  (avg 174.47s, eta 66.0h)
[825/2186] 06:23:39 n=1023   B=40640      d=0.0777 parts=2/3 certK=4 cert 985.00s  (avg 213.27s, eta 80.6h)
[826/2186] 06:25:03 n=1025   B=41417      d=0.0789 parts=2/3 certK=4 cert  84.13s  (avg 215.46s, eta 81.4h)
[827/2186] 06:25:42 n=1026   B=126253     d=0.2401 parts=2/2 certK=3 cert  38.71s  (avg 215.78s, eta 81.5h)
[828/2186] 06:41:59 n=1027   B=55444      d=0.1052 parts=2/3 certK=4 cert 976.61s  (avg 253.74s, eta 95.7h)
[829/2186] 06:42:37 n=1028   B=131584     d=0.2493 parts=1/2 certK=3 cert  37.91s  (avg 254.96s, eta 96.1h)
[830/2186] 06:42:56 n=1029   B=175959     d=0.3327 parts=1/1 certK=2 cert  19.67s  (avg 254.62s, eta 95.9h)
[831/2186] 06:43:39 n=1030   B=108811     d=0.2053 parts=2/2 certK=3 cert  42.51s  (avg 255.07s, eta 96.0h)
[832/2186] 06:44:18 n=1032   B=126253     d=0.2373 parts=2/2 certK=3 cert  39.57s  (avg 253.85s, eta 95.5h)
[833/2186] 06:45:01 n=1034   B=118341     d=0.2216 parts=2/2 certK=3 cert  42.37s  (avg 254.39s, eta 95.6h)
[834/2186] 06:46:07 n=1035   B=64643      d=0.1208 parts=2/2 certK=3 cert  66.14s  (avg 223.50s, eta 83.9h)
[835/2186] 06:46:50 n=1036   B=114481     d=0.2135 parts=2/2 certK=3 cert  43.56s  (avg 224.00s, eta 84.1h)
[836/2186] 06:48:22 n=1037   B=36046      d=0.0671 parts=2/3 certK=4 cert  91.10s  (avg 225.54s, eta 84.6h)
[837/2186] 06:49:08 n=1038   B=108811     d=0.2022 parts=2/2 certK=3 cert  46.48s  (avg 227.03s, eta 85.1h)
[838/2186] 06:50:06 n=1040   B=68801      d=0.1273 parts=2/2 certK=3 cert  57.79s  (avg 226.52s, eta 84.8h)
[839/2186] 06:50:27 n=1041   B=180093     d=0.3327 parts=1/1 certK=2 cert  21.38s  (avg 226.05s, eta 84.6h)
[840/2186] 06:50:39 n=1042   B=270920     d=0.4995 parts=1/1 certK=2 cert  11.81s  (avg 225.20s, eta 84.2h)
[841/2186] 06:51:35 n=1043   B=77182      d=0.1420 parts=1/2 certK=3 cert  56.13s  (avg 226.82s, eta 84.7h)
[842/2186] 06:52:18 n=1044   B=126253     d=0.2319 parts=2/2 certK=3 cert  42.71s  (avg 227.24s, eta 84.8h)
[843/2186] 06:53:24 n=1045   B=79806      d=0.1463 parts=2/2 certK=3 cert  65.99s  (avg 228.47s, eta 85.2h)
[844/2186] 06:53:35 n=1046   B=273006     d=0.4995 parts=1/1 certK=2 cert  11.53s  (avg 227.63s, eta 84.9h)
[845/2186] 06:53:57 n=1047   B=182178     d=0.3327 parts=1/1 certK=2 cert  21.15s  (avg 226.95s, eta 84.5h)
[846/2186] 06:54:43 n=1048   B=114481     d=0.2087 parts=2/2 certK=3 cert  46.59s  (avg 190.00s, eta 70.7h)
[847/2186] 06:55:27 n=1050   B=126253     d=0.2292 parts=2/2 certK=3 cert  44.31s  (avg 191.36s, eta 71.2h)
[848/2186] 06:56:10 n=1052   B=137812     d=0.2493 parts=1/2 certK=3 cert  43.04s  (avg 155.52s, eta 57.8h)
[849/2186] 06:57:15 n=1053   B=79806      d=0.1441 parts=2/2 certK=3 cert  64.09s  (avg 120.01s, eta 44.6h)
[850/2186] 06:58:02 n=1054   B=120295     d=0.2168 parts=2/2 certK=3 cert  47.00s  (avg 82.49s, eta 30.6h)
[851/2186] 06:58:51 n=1055   B=110775     d=0.1992 parts=1/2 certK=3 cert  49.22s  (avg 81.09s, eta 30.1h)
[852/2186] 06:59:38 n=1056   B=118341     d=0.2124 parts=2/2 certK=3 cert  47.46s  (avg 81.44s, eta 30.2h)
[853/2186] 07:00:37 n=1057   B=79275      d=0.1420 parts=1/2 certK=3 cert  58.43s  (avg 44.72s, eta 16.6h)
[854/2186] 07:00:49 n=1058   B=279312     d=0.4995 parts=1/1 certK=2 cert  12.02s  (avg 43.68s, eta 16.2h)
[855/2186] 07:01:11 n=1059   B=186384     d=0.3327 parts=1/1 certK=2 cert  21.91s  (avg 43.77s, eta 16.2h)
[856/2186] 07:01:57 n=1060   B=126253     d=0.2249 parts=2/2 certK=3 cert  46.37s  (avg 43.93s, eta 16.2h)
[857/2186] 07:02:44 n=1062   B=124251     d=0.2205 parts=2/2 certK=3 cert  46.80s  (avg 44.22s, eta 16.3h)
[858/2186] 07:03:34 n=1064   B=118341     d=0.2093 parts=2/2 certK=3 cert  50.05s  (avg 44.52s, eta 16.4h)
[859/2186] 07:05:06 n=1065   B=62750      d=0.1108 parts=2/3 certK=4 cert  92.15s  (avg 45.56s, eta 16.8h)
[860/2186] 07:05:54 n=1066   B=126253     d=0.2224 parts=2/2 certK=3 cert  47.64s  (avg 45.73s, eta 16.8h)
[861/2186] 07:07:27 n=1067   B=51216      d=0.0901 parts=1/3 certK=4 cert  93.43s  (avg 45.82s, eta 16.9h)
[862/2186] 07:08:18 n=1068   B=108811     d=0.1910 parts=2/2 certK=3 cert  51.39s  (avg 46.02s, eta 16.9h)
[863/2186] 07:09:47 n=1070   B=61307      d=0.1072 parts=2/3 certK=4 cert  88.08s  (avg 47.23s, eta 17.4h)
[864/2186] 07:11:31 n=1071   B=45300      d=0.0791 parts=2/3 certK=4 cert 104.83s  (avg 50.57s, eta 18.6h)
[865/2186] 07:12:19 n=1072   B=129286     d=0.2252 parts=2/2 certK=3 cert  47.42s  (avg 51.99s, eta 19.1h)
[866/2186] 07:13:54 n=1073   B=58806      d=0.1022 parts=2/3 certK=4 cert  95.30s  (avg 53.56s, eta 19.6h)
[867/2186] 07:14:43 n=1074   B=126253     d=0.2191 parts=2/2 certK=3 cert  48.88s  (avg 53.80s, eta 19.7h)
[868/2186] 07:15:31 n=1075   B=130816     d=0.2266 parts=2/2 certK=3 cert  47.78s  (avg 53.07s, eta 19.4h)
[869/2186] 07:16:16 n=1076   B=144184     d=0.2493 parts=1/2 certK=3 cert  45.57s  (avg 54.44s, eta 19.9h)
[870/2186] 07:16:40 n=1077   B=192783     d=0.3327 parts=1/1 certK=2 cert  23.25s  (avg 54.52s, eta 19.9h)
[871/2186] 07:17:31 n=1078   B=120295     d=0.2072 parts=2/2 certK=3 cert  51.32s  (avg 54.71s, eta 20.0h)
[872/2186] 07:19:10 n=1079   B=44239      d=0.0761 parts=1/3 certK=4 cert  99.26s  (avg 56.91s, eta 20.8h)
[873/2186] 07:20:00 n=1080   B=126253     d=0.2167 parts=2/2 certK=3 cert  49.53s  (avg 57.17s, eta 20.9h)
[874/2186] 07:21:07 n=1081   B=93942      d=0.1609 parts=2/2 certK=3 cert  67.38s  (avg 57.30s, eta 20.9h)
[875/2186] 07:21:20 n=1082   B=292140     d=0.4995 parts=1/1 certK=2 cert  13.00s  (avg 55.94s, eta 20.4h)
[876/2186] 07:21:43 n=1083   B=194940     d=0.3327 parts=1/1 certK=2 cert  23.11s  (avg 54.89s, eta 20.0h)
[877/2186] 07:22:28 n=1084   B=146340     d=0.2493 parts=1/2 certK=3 cert  44.92s  (avg 54.79s, eta 19.9h)
[878/2186] 07:24:10 n=1085   B=56882      d=0.0967 parts=2/3 certK=4 cert 101.50s  (avg 56.52s, eta 20.5h)
[879/2186] 07:24:57 n=1086   B=136503     d=0.2317 parts=2/2 certK=3 cert  47.08s  (avg 57.92s, eta 21.0h)
[880/2186] 07:25:50 n=1088   B=118341     d=0.2001 parts=2/2 certK=3 cert  53.21s  (avg 59.17s, eta 21.5h)
[881/2186] 07:26:54 n=1089   B=96410      d=0.1627 parts=2/2 certK=3 cert  63.91s  (avg 59.87s, eta 21.7h)
[882/2186] 07:27:45 n=1090   B=126253     d=0.2127 parts=2/2 certK=3 cert  51.09s  (avg 60.04s, eta 21.7h)
[883/2186] 07:28:34 n=1092   B=139656     d=0.2344 parts=2/2 certK=3 cert  49.12s  (avg 60.01s, eta 21.7h)
[884/2186] 07:28:48 n=1094   B=298662     d=0.4995 parts=1/1 certK=2 cert  13.61s  (avg 56.87s, eta 20.6h)
[885/2186] 07:30:35 n=1095   B=42778      d=0.0714 parts=2/3 certK=4 cert 107.03s  (avg 59.24s, eta 21.4h)
[886/2186] 07:31:27 n=1096   B=129286     d=0.2155 parts=2/2 certK=3 cert  52.16s  (avg 57.59s, eta 20.8h)
[887/2186] 07:32:24 n=1098   B=114481     d=0.1901 parts=2/2 certK=3 cert  56.76s  (avg 57.80s, eta 20.9h)
[888/2186] 07:33:17 n=1099   B=130816     d=0.2168 parts=2/2 certK=3 cert  53.29s  (avg 56.41s, eta 20.3h)
[889/2186] 07:34:13 n=1100   B=118341     d=0.1958 parts=2/2 certK=3 cert  56.56s  (avg 54.48s, eta 19.6h)
[890/2186] 07:34:38 n=1101   B=201483     d=0.3327 parts=1/1 certK=2 cert  24.79s  (avg 53.58s, eta 19.3h)
[891/2186] 07:35:33 n=1102   B=126253     d=0.2081 parts=2/2 certK=3 cert  54.27s  (avg 51.94s, eta 18.7h)
[892/2186] 07:36:23 n=1104   B=146070     d=0.2399 parts=2/2 certK=3 cert  50.37s  (avg 52.00s, eta 18.7h)
[893/2186] 07:37:42 n=1105   B=73170      d=0.1200 parts=2/2 certK=3 cert  79.07s  (avg 53.25s, eta 19.1h)
[894/2186] 07:38:39 n=1106   B=118341     d=0.1937 parts=2/2 certK=3 cert  57.38s  (avg 53.72s, eta 19.3h)
[895/2186] 07:40:30 n=1107   B=51302      d=0.0838 parts=2/3 certK=4 cert 110.38s  (avg 57.20s, eta 20.5h)
[896/2186] 07:41:19 n=1108   B=152904     d=0.2493 parts=1/2 certK=3 cert  48.99s  (avg 57.11s, eta 20.5h)
[897/2186] 07:42:09 n=1110   B=149331     d=0.2426 parts=2/2 certK=3 cert  50.31s  (avg 55.15s, eta 19.7h)
[898/2186] 07:43:51 n=1111   B=60031      d=0.0974 parts=2/3 certK=4 cert 101.53s  (avg 57.23s, eta 20.5h)
[899/2186] 07:44:49 n=1112   B=118341     d=0.1916 parts=2/2 certK=3 cert  58.76s  (avg 56.89s, eta 20.3h)
[900/2186] 07:46:11 n=1113   B=68906      d=0.1113 parts=2/2 certK=3 cert  82.19s  (avg 59.66s, eta 21.3h)
[901/2186] 07:46:26 n=1114   B=309692     d=0.4996 parts=1/1 certK=2 cert  14.48s  (avg 59.31s, eta 21.2h)
[902/2186] 07:47:24 n=1115   B=123765     d=0.1993 parts=1/2 certK=3 cert  58.12s  (avg 59.84s, eta 21.3h)
[903/2186] 07:48:18 n=1116   B=139656     d=0.2245 parts=2/2 certK=3 cert  54.14s  (avg 57.94s, eta 20.7h)
[904/2186] 07:49:18 n=1118   B=118341     d=0.1895 parts=2/2 certK=3 cert  59.94s  (avg 58.46s, eta 20.8h)
[905/2186] 07:49:44 n=1119   B=208134     d=0.3327 parts=1/1 certK=2 cert  26.17s  (avg 57.38s, eta 20.4h)
[906/2186] 07:50:36 n=1120   B=154846     d=0.2471 parts=2/2 certK=3 cert  51.50s  (avg 56.88s, eta 20.2h)
[907/2186] 07:52:26 n=1121   B=62750      d=0.1000 parts=2/3 certK=4 cert 110.60s  (avg 59.26s, eta 21.1h)
[908/2186] 07:53:25 n=1122   B=126253     d=0.2008 parts=2/2 certK=3 cert  58.95s  (avg 59.65s, eta 21.2h)
[909/2186] 07:54:17 n=1124   B=157360     d=0.2493 parts=1/2 certK=3 cert  51.31s  (avg 61.16s, eta 21.7h)
[910/2186] 07:55:29 n=1125   B=96410      d=0.1525 parts=2/2 certK=3 cert  72.38s  (avg 59.78s, eta 21.2h)
[911/2186] 07:55:44 n=1126   B=316406     d=0.4996 parts=1/1 certK=2 cert  14.97s  (avg 58.29s, eta 20.6h)
[912/2186] 07:57:40 n=1127   B=48768      d=0.0769 parts=2/3 certK=4 cert 115.84s  (avg 60.65s, eta 21.5h)
[913/2186] 07:58:35 n=1128   B=146070     d=0.2298 parts=2/2 certK=3 cert  54.77s  (avg 60.71s, eta 21.5h)
[914/2186] 07:59:38 n=1130   B=118341     d=0.1855 parts=2/2 certK=3 cert  63.07s  (avg 60.97s, eta 21.5h)
[915/2186] 08:01:22 n=1131   B=64643      d=0.1012 parts=2/3 certK=4 cert 104.59s  (avg 64.16s, eta 22.7h)
[916/2186] 08:02:14 n=1132   B=159612     d=0.2493 parts=1/2 certK=3 cert  51.64s  (avg 64.06s, eta 22.6h)
[917/2186] 08:19:00 n=1133   B=61307      d=0.0956 parts=2/3 certK=4 cert 1005.90s  (avg 102.28s, eta 36.1h)
[918/2186] 08:19:52 n=1134   B=158203     d=0.2463 parts=2/2 certK=3 cert  52.29s  (avg 101.21s, eta 35.6h)
[919/2186] 08:20:53 n=1135   B=128255     d=0.1993 parts=1/2 certK=3 cert  60.96s  (avg 101.35s, eta 35.7h)
[920/2186] 08:22:07 n=1136   B=83436      d=0.1294 parts=2/2 certK=3 cert  74.17s  (avg 99.90s, eta 35.1h)
[921/2186] 08:22:34 n=1137   B=214893     d=0.3327 parts=1/1 certK=2 cert  27.11s  (avg 99.03s, eta 34.8h)
[922/2186] 08:22:49 n=1138   B=323192     d=0.4996 parts=1/1 certK=2 cert  14.99s  (avg 97.61s, eta 34.3h)
[923/2186] 08:24:41 n=1139   B=58806      d=0.0907 parts=2/3 certK=4 cert 111.99s  (avg 98.03s, eta 34.4h)
[924/2186] 08:25:34 n=1140   B=158203     d=0.2437 parts=2/2 certK=3 cert  52.80s  (avg 97.79s, eta 34.3h)
[925/2186] 08:26:43 n=1141   B=109230     d=0.1680 parts=2/2 certK=3 cert  69.22s  (avg 97.28s, eta 34.1h)
[926/2186] 08:26:58 n=1142   B=325470     d=0.4996 parts=1/1 certK=2 cert  15.08s  (avg 97.30s, eta 34.1h)
[927/2186] 08:28:43 n=1143   B=72009      d=0.1103 parts=1/3 certK=4 cert 104.36s  (avg 99.15s, eta 34.7h)
[928/2186] 08:29:37 n=1144   B=154846     d=0.2368 parts=2/2 certK=3 cert  54.39s  (avg 99.16s, eta 34.7h)
[929/2186] 08:30:38 n=1145   B=130530     d=0.1993 parts=1/2 certK=3 cert  60.95s  (avg 99.20s, eta 34.6h)
[930/2186] 08:31:41 n=1146   B=126253     d=0.1924 parts=2/2 certK=3 cert  62.64s  (avg 100.66s, eta 35.1h)
[931/2186] 08:33:36 n=1147   B=72580      d=0.1104 parts=2/3 certK=4 cert 115.34s  (avg 103.21s, eta 36.0h)
[932/2186] 08:34:40 n=1148   B=118341     d=0.1797 parts=2/2 certK=3 cert  63.62s  (avg 101.33s, eta 35.3h)
[933/2186] 08:35:06 n=1149   B=219459     d=0.3328 parts=1/1 certK=2 cert  26.73s  (avg 100.04s, eta 34.8h)
[934/2186] 08:36:00 n=1150   B=158203     d=0.2395 parts=2/2 certK=3 cert  53.83s  (avg 100.14s, eta 34.8h)
[935/2186] 08:37:06 n=1152   B=114481     d=0.1727 parts=2/2 certK=3 cert  66.09s  (avg 99.89s, eta 34.7h)
[936/2186] 08:37:22 n=1154   B=332352     d=0.4996 parts=1/1 certK=2 cert  15.40s  (avg 99.91s, eta 34.7h)
[937/2186] 08:39:11 n=1155   B=68801      d=0.1032 parts=2/3 certK=4 cert 109.48s  (avg 99.66s, eta 34.6h)
[938/2186] 08:40:05 n=1156   B=166464     d=0.2494 parts=1/2 certK=3 cert  53.64s  (avg 99.61s, eta 34.5h)
[939/2186] 08:42:04 n=1157   B=50908      d=0.0761 parts=1/3 certK=4 cert 119.34s  (avg 101.86s, eta 35.3h)
[940/2186] 08:42:59 n=1158   B=162735     d=0.2429 parts=2/2 certK=3 cert  54.38s  (avg 99.85s, eta 34.6h)
[941/2186] 08:45:38 n=1159   B=34770      d=0.0518 parts=1/4 certK=5 cert 159.09s  (avg 104.15s, eta 36.0h)
[942/2186] 08:46:44 n=1160   B=118341     d=0.1760 parts=2/2 certK=3 cert  66.22s  (avg 66.56s, eta 23.0h)
[943/2186] 08:48:10 n=1161   B=108811     d=0.1616 parts=2/2 certK=3 cert  86.10s  (avg 67.92s, eta 23.4h)
[944/2186] 08:49:06 n=1162   B=158203     d=0.2345 parts=2/2 certK=3 cert  55.84s  (avg 67.71s, eta 23.4h)
[945/2186] 08:50:01 n=1164   B=166176     d=0.2455 parts=2/2 certK=3 cert  54.80s  (avg 66.94s, eta 23.1h)
[946/2186] 08:51:05 n=1165   B=135140     d=0.1993 parts=1/2 certK=3 cert  63.93s  (avg 68.41s, eta 23.6h)
[947/2186] 08:52:22 n=1166   B=87967      d=0.1295 parts=2/2 certK=3 cert  77.84s  (avg 70.92s, eta 24.4h)
[948/2186] 08:52:51 n=1167   B=226398     d=0.3328 parts=1/1 certK=2 cert  28.27s  (avg 67.57s, eta 23.2h)
[949/2186] 08:54:00 n=1168   B=114413     d=0.1679 parts=2/2 certK=3 cert  69.26s  (avg 68.23s, eta 23.4h)
[950/2186] 08:55:15 n=1169   B=97027      d=0.1421 parts=1/2 certK=3 cert  74.97s  (avg 68.46s, eta 23.5h)
[951/2186] 08:56:13 n=1170   B=158203     d=0.2313 parts=2/2 certK=3 cert  57.87s  (avg 70.17s, eta 24.1h)
[952/2186] 08:57:08 n=1172   B=171112     d=0.2494 parts=1/2 certK=3 cert  55.43s  (avg 68.22s, eta 23.4h)
[953/2186] 08:58:32 n=1173   B=117306     d=0.1707 parts=2/2 certK=3 cert  83.38s  (avg 69.38s, eta 23.8h)
[954/2186] 08:58:48 n=1174   B=343982     d=0.4996 parts=1/1 certK=2 cert  15.93s  (avg 67.58s, eta 23.1h)
[955/2186] 09:01:34 n=1175   B=38364      d=0.0556 parts=2/4 certK=5 cert 166.17s  (avg 71.72s, eta 24.5h)
[956/2186] 09:02:31 n=1176   B=158203     d=0.2290 parts=2/2 certK=3 cert  57.39s  (avg 69.40s, eta 23.7h)
[957/2186] 09:03:55 n=1177   B=93942      d=0.1357 parts=2/2 certK=3 cert  83.37s  (avg 70.19s, eta 24.0h)
[958/2186] 09:05:03 n=1178   B=118341     d=0.1707 parts=2/2 certK=3 cert  68.71s  (avg 71.87s, eta 24.5h)
[959/2186] 09:06:26 n=1179   B=77423      d=0.1115 parts=2/2 certK=3 cert  83.12s  (avg 73.04s, eta 24.9h)
[960/2186] 09:07:22 n=1180   B=171991     d=0.2473 parts=2/2 certK=3 cert  55.64s  (avg 72.62s, eta 24.7h)
[961/2186] 09:08:23 n=1182   B=158203     d=0.2267 parts=2/2 certK=3 cert  60.97s  (avg 74.45s, eta 25.3h)
[962/2186] 09:09:39 n=1183   B=99372      d=0.1421 parts=1/2 certK=3 cert  76.44s  (avg 73.12s, eta 24.9h)
[963/2186] 09:10:59 n=1184   B=93528      d=0.1335 parts=2/2 certK=3 cert  79.55s  (avg 74.16s, eta 25.2h)
[964/2186] 09:12:27 n=1185   B=108811     d=0.1551 parts=2/2 certK=3 cert  87.76s  (avg 72.90s, eta 24.7h)
[965/2186] 09:12:43 n=1186   B=351056     d=0.4996 parts=1/1 certK=2 cert  16.12s  (avg 71.37s, eta 24.2h)
[966/2186] 09:13:41 n=1188   B=171991     d=0.2439 parts=2/2 certK=3 cert  57.90s  (avg 67.32s, eta 22.8h)
[967/2186] 09:14:54 n=1189   B=117306     d=0.1661 parts=2/2 certK=3 cert  72.98s  (avg 67.59s, eta 22.9h)
[968/2186] 09:16:14 n=1190   B=93875      d=0.1327 parts=2/2 certK=3 cert  80.24s  (avg 67.35s, eta 22.8h)
[969/2186] 09:16:43 n=1191   B=235818     d=0.3328 parts=1/1 certK=2 cert  29.46s  (avg 66.30s, eta 22.4h)
[970/2186] 09:18:07 n=1192   B=88208      d=0.1243 parts=1/2 certK=3 cert  83.58s  (avg 67.45s, eta 22.8h)
[971/2186] 09:19:06 n=1194   B=171991     d=0.2415 parts=2/2 certK=3 cert  59.19s  (avg 67.26s, eta 22.7h)
[972/2186] 09:20:14 n=1195   B=142205     d=0.1993 parts=1/2 certK=3 cert  68.17s  (avg 66.87s, eta 22.6h)
[973/2186] 09:21:28 n=1196   B=118341     d=0.1656 parts=2/2 certK=3 cert  73.93s  (avg 68.70s, eta 23.1h)
[974/2186] 09:22:59 n=1197   B=120062     d=0.1677 parts=2/2 certK=3 cert  90.66s  (avg 69.56s, eta 23.4h)
[975/2186] 09:23:16 n=1198   B=358202     d=0.4996 parts=1/1 certK=2 cert  16.72s  (avg 67.23s, eta 22.6h)
[976/2186] 09:25:18 n=1199   B=64746      d=0.0902 parts=1/3 certK=4 cert 122.56s  (avg 69.82s, eta 23.5h)
[977/2186] 09:26:18 n=1200   B=171991     d=0.2391 parts=2/2 certK=3 cert  59.79s  (avg 69.99s, eta 23.5h)
[978/2186] 09:26:35 n=1202   B=360600     d=0.4996 parts=1/1 certK=2 cert  16.86s  (avg 67.33s, eta 22.6h)
[979/2186] 09:27:05 n=1203   B=240600     d=0.3328 parts=1/1 certK=2 cert  30.35s  (avg 67.91s, eta 22.8h)
[980/2186] 09:28:06 n=1204   B=171991     d=0.2375 parts=2/2 certK=3 cert  60.54s  (avg 63.68s, eta 21.3h)
[981/2186] 09:29:14 n=1205   B=144600     d=0.1993 parts=1/2 certK=3 cert  68.60s  (avg 64.13s, eta 21.5h)
[982/2186] 09:30:15 n=1206   B=171991     d=0.2367 parts=2/2 certK=3 cert  60.74s  (avg 63.22s, eta 21.1h)
[983/2186] 09:32:28 n=1207   B=60726      d=0.0834 parts=2/3 certK=4 cert 133.11s  (avg 65.80s, eta 22.0h)
[984/2186] 09:33:46 n=1208   B=114481     d=0.1570 parts=2/2 certK=3 cert  78.02s  (avg 65.60s, eta 21.9h)
[985/2186] 09:35:26 n=1209   B=96410      d=0.1320 parts=2/2 certK=3 cert  99.80s  (avg 67.36s, eta 22.5h)
[986/2186] 09:36:32 n=1210   B=158203     d=0.2163 parts=2/2 certK=3 cert  66.10s  (avg 67.57s, eta 22.5h)
[987/2186] 09:37:54 n=1211   B=104146     d=0.1421 parts=1/2 certK=3 cert  81.36s  (avg 67.76s, eta 22.6h)
[988/2186] 09:38:55 n=1212   B=171991     d=0.2344 parts=2/2 certK=3 cert  61.20s  (avg 67.03s, eta 22.3h)
[989/2186] 09:39:12 n=1214   B=367842     d=0.4996 parts=1/1 certK=2 cert  17.02s  (avg 64.20s, eta 21.3h)
[990/2186] 09:40:22 n=1215   B=147015     d=0.1993 parts=1/2 certK=3 cert  69.82s  (avg 66.35s, eta 22.0h)
[991/2186] 09:41:29 n=1216   B=158203     d=0.2142 parts=2/2 certK=3 cert  67.77s  (avg 66.74s, eta 22.2h)
[992/2186] 09:42:33 n=1218   B=171991     d=0.2321 parts=2/2 certK=3 cert  63.39s  (avg 66.36s, eta 22.0h)
[993/2186] 09:52:33 n=1219   B=79806      d=0.1075 parts=2/3 certK=4 cert 600.28s  (avg 87.16s, eta 28.9h)
[994/2186] 09:53:52 n=1220   B=118341     d=0.1591 parts=2/2 certK=3 cert  79.24s  (avg 89.15s, eta 29.5h)
[995/2186] 09:55:26 n=1221   B=126253     d=0.1695 parts=2/2 certK=3 cert  93.76s  (avg 89.56s, eta 29.6h)
[996/2186] 09:56:35 n=1222   B=158203     d=0.2121 parts=2/2 certK=3 cert  68.79s  (avg 89.94s, eta 29.7h)
[997/2186] 09:57:43 n=1224   B=158203     d=0.2114 parts=2/2 certK=3 cert  67.96s  (avg 89.93s, eta 29.7h)
[998/2186] 09:59:23 n=1225   B=109230     d=0.1457 parts=2/2 certK=3 cert 100.35s  (avg 90.99s, eta 30.0h)
[999/2186] 09:59:41 n=1226   B=375156     d=0.4996 parts=1/1 certK=2 cert  17.57s  (avg 88.07s, eta 29.0h)
[1000/2186] 10:00:13 n=1227   B=250308     d=0.3328 parts=1/1 certK=2 cert  31.84s  (avg 88.67s, eta 29.2h)
[1001/2186] 10:01:15 n=1228   B=187884     d=0.2494 parts=1/2 certK=3 cert  62.62s  (avg 86.27s, eta 28.4h)
[1002/2186] 10:02:22 n=1230   B=171991     d=0.2276 parts=2/2 certK=3 cert  67.02s  (avg 86.56s, eta 28.5h)
[1003/2186] 10:03:43 n=1232   B=126253     d=0.1665 parts=2/2 certK=3 cert  81.23s  (avg 89.14s, eta 29.3h)
[1004/2186] 10:05:16 n=1233   B=108811     d=0.1433 parts=2/2 certK=3 cert  92.19s  (avg 91.61s, eta 30.1h)
[1005/2186] 10:05:34 n=1234   B=380072     d=0.4996 parts=1/1 certK=2 cert  18.10s  (avg 89.92s, eta 29.5h)
[1006/2186] 10:08:07 n=1235   B=54056      d=0.0709 parts=2/3 certK=4 cert 152.86s  (avg 93.29s, eta 30.6h)
[1007/2186] 10:09:20 n=1236   B=158203     d=0.2073 parts=2/2 certK=3 cert  73.15s  (avg 93.78s, eta 30.7h)
[1008/2186] 10:09:38 n=1238   B=382542     d=0.4996 parts=1/1 certK=2 cert  18.10s  (avg 89.18s, eta 29.2h)
[1009/2186] 10:11:13 n=1239   B=87967      d=0.1147 parts=2/2 certK=3 cert  95.54s  (avg 89.88s, eta 29.4h)
[1010/2186] 10:12:24 n=1240   B=171991     d=0.2239 parts=2/2 certK=3 cert  70.16s  (avg 88.70s, eta 29.0h)
[1011/2186] 10:14:49 n=1241   B=63757      d=0.0829 parts=2/3 certK=4 cert 145.84s  (avg 91.89s, eta 30.0h)
[1012/2186] 10:16:10 n=1242   B=136503     d=0.1771 parts=2/2 certK=3 cert  80.91s  (avg 91.87s, eta 30.0h)
[1013/2186] 10:18:24 n=1243   B=79806      d=0.1034 parts=2/3 certK=4 cert 133.61s  (avg 94.76s, eta 30.9h)
[1014/2186] 10:19:29 n=1244   B=192820     d=0.2494 parts=1/2 certK=3 cert  65.47s  (avg 96.70s, eta 31.5h)
[1015/2186] 10:21:10 n=1245   B=118341     d=0.1528 parts=2/2 certK=3 cert 100.37s  (avg 97.92s, eta 31.9h)
[1016/2186] 10:22:20 n=1246   B=171991     d=0.2217 parts=2/2 certK=3 cert  70.56s  (avg 98.04s, eta 31.9h)
[1017/2186] 10:24:50 n=1247   B=56882      d=0.0732 parts=2/3 certK=4 cert 150.05s  (avg 101.50s, eta 33.0h)
[1018/2186] 10:26:01 n=1248   B=171991     d=0.2210 parts=2/2 certK=3 cert  71.00s  (avg 80.33s, eta 26.1h)
[1019/2186] 10:26:20 n=1250   B=390000     d=0.4996 parts=1/1 certK=2 cert  18.40s  (avg 77.90s, eta 25.3h)
[1020/2186] 10:28:31 n=1251   B=86319      d=0.1104 parts=1/3 certK=4 cert 131.21s  (avg 79.40s, eta 25.7h)
[1021/2186] 10:29:37 n=1252   B=195312     d=0.2494 parts=1/2 certK=3 cert  66.08s  (avg 79.29s, eta 25.7h)
[1022/2186] 10:31:06 n=1253   B=118341     d=0.1509 parts=2/2 certK=3 cert  89.06s  (avg 80.13s, eta 25.9h)
[1023/2186] 10:32:22 n=1254   B=158203     d=0.2014 parts=2/2 certK=3 cert  75.71s  (avg 79.15s, eta 25.6h)
[1024/2186] 10:33:38 n=1255   B=156875     d=0.1994 parts=1/2 certK=3 cert  76.41s  (avg 81.50s, eta 26.3h)
[1025/2186] 10:35:06 n=1256   B=118341     d=0.1502 parts=2/2 certK=3 cert  87.95s  (avg 83.74s, eta 27.0h)
[1026/2186] 10:35:40 n=1257   B=262713     d=0.3328 parts=1/1 certK=2 cert  34.16s  (avg 82.61s, eta 26.6h)
[1027/2186] 10:37:13 n=1258   B=106030     d=0.1341 parts=2/2 certK=3 cert  92.12s  (avg 83.61s, eta 26.9h)
[1028/2186] 10:38:26 n=1260   B=171991     d=0.2168 parts=2/2 certK=3 cert  73.62s  (avg 83.31s, eta 26.8h)
[1029/2186] 10:40:06 n=1261   B=126253     d=0.1589 parts=2/2 certK=3 cert 100.25s  (avg 83.63s, eta 26.9h)
[1030/2186] 10:40:25 n=1262   B=397530     d=0.4996 parts=1/1 certK=2 cert  18.74s  (avg 83.65s, eta 26.9h)
[1031/2186] 10:40:59 n=1263   B=265230     d=0.3328 parts=1/1 certK=2 cert  34.39s  (avg 78.91s, eta 25.3h)
[1032/2186] 10:42:13 n=1264   B=171991     d=0.2155 parts=2/2 certK=3 cert  73.81s  (avg 78.94s, eta 25.3h)
[1033/2186] 10:44:49 n=1265   B=75466      d=0.0944 parts=2/3 certK=4 cert 155.44s  (avg 84.43s, eta 27.0h)
[1034/2186] 10:46:09 n=1266   B=149331     d=0.1865 parts=2/2 certK=3 cert  80.74s  (avg 83.84s, eta 26.8h)
[1035/2186] 10:47:40 n=1267   B=114030     d=0.1422 parts=1/2 certK=3 cert  90.58s  (avg 84.66s, eta 27.1h)
[1036/2186] 10:48:47 n=1268   B=200344     d=0.2494 parts=1/2 certK=3 cert  67.01s  (avg 81.51s, eta 26.0h)
[1037/2186] 10:50:35 n=1269   B=126253     d=0.1569 parts=2/2 certK=3 cert 108.30s  (avg 82.60s, eta 26.4h)
[1038/2186] 10:51:49 n=1270   B=171991     d=0.2134 parts=2/2 certK=3 cert  73.22s  (avg 80.19s, eta 25.6h)
[1039/2186] 10:54:24 n=1271   B=62750      d=0.0777 parts=2/3 certK=4 cert 155.01s  (avg 83.77s, eta 26.7h)
[1040/2186] 10:55:43 n=1272   B=158203     d=0.1957 parts=2/2 certK=3 cert  78.94s  (avg 82.91s, eta 26.4h)
[1041/2186] 10:57:23 n=1273   B=117306     d=0.1449 parts=2/2 certK=3 cert 100.69s  (avg 84.12s, eta 26.8h)
[1042/2186] 10:58:54 n=1274   B=118341     d=0.1459 parts=2/2 certK=3 cert  90.45s  (avg 81.73s, eta 26.0h)
[1043/2186] 11:00:46 n=1275   B=96410      d=0.1187 parts=2/2 certK=3 cert 112.39s  (avg 83.39s, eta 26.5h)
[1044/2186] 11:09:18 n=1276   B=154846     d=0.1904 parts=2/2 certK=3 cert 511.47s  (avg 103.11s, eta 32.7h)
[1045/2186] 11:10:34 n=1278   B=171991     d=0.2108 parts=2/2 certK=3 cert  76.22s  (avg 100.91s, eta 32.0h)
[1046/2186] 11:11:54 n=1280   B=163200     d=0.1994 parts=1/2 certK=3 cert  80.11s  (avg 101.47s, eta 32.1h)
[1047/2186] 11:13:29 n=1281   B=128522     d=0.1568 parts=2/2 certK=3 cert  95.59s  (avg 101.73s, eta 32.2h)
[1048/2186] 11:13:49 n=1282   B=410240     d=0.4996 parts=1/1 certK=2 cert  19.42s  (avg 99.48s, eta 31.4h)
[1049/2186] 11:15:24 n=1284   B=118341     d=0.1437 parts=2/2 certK=3 cert  94.68s  (avg 100.21s, eta 31.7h)
[1050/2186] 11:16:44 n=1285   B=164480     d=0.1994 parts=1/2 certK=3 cert  80.46s  (avg 99.91s, eta 31.5h)
[1051/2186] 11:17:03 n=1286   B=412806     d=0.4996 parts=1/1 certK=2 cert  18.92s  (avg 99.30s, eta 31.3h)
[1052/2186] 11:19:44 n=1287   B=64643      d=0.0781 parts=2/3 certK=4 cert 160.84s  (avg 102.05s, eta 32.1h)
[1053/2186] 11:21:03 n=1288   B=171991     d=0.2075 parts=2/2 certK=3 cert  79.46s  (avg 102.28s, eta 32.2h)
[1054/2186] 11:22:26 n=1290   B=162735     d=0.1957 parts=2/2 certK=3 cert  83.12s  (avg 101.60s, eta 31.9h)
[1055/2186] 11:23:52 n=1292   B=158203     d=0.1897 parts=2/2 certK=3 cert  85.45s  (avg 104.27s, eta 32.8h)
[1056/2186] 11:24:29 n=1293   B=277995     d=0.3328 parts=1/1 certK=2 cert  37.23s  (avg 104.38s, eta 32.8h)
[1057/2186] 11:24:49 n=1294   B=417962     d=0.4996 parts=1/1 certK=2 cert  19.95s  (avg 102.23s, eta 32.1h)
[1058/2186] 11:27:32 n=1295   B=68906      d=0.0822 parts=2/3 certK=4 cert 162.63s  (avg 102.51s, eta 32.1h)
[1059/2186] 11:28:54 n=1296   B=171991     d=0.2050 parts=2/2 certK=3 cert  82.30s  (avg 102.58s, eta 32.1h)
[1060/2186] 11:30:33 n=1298   B=118341     d=0.1406 parts=2/2 certK=3 cert  99.43s  (avg 102.93s, eta 32.2h)
[1061/2186] 11:31:11 n=1299   B=280584     d=0.3328 parts=1/1 certK=2 cert  37.74s  (avg 101.76s, eta 31.8h)
[1062/2186] 11:32:48 n=1300   B=126253     d=0.1495 parts=2/2 certK=3 cert  97.06s  (avg 101.31s, eta 31.6h)
[1063/2186] 11:34:17 n=1302   B=158203     d=0.1868 parts=2/2 certK=3 cert  88.67s  (avg 101.93s, eta 31.8h)
[1064/2186] 11:36:05 n=1304   B=105624     d=0.1243 parts=1/2 certK=3 cert 108.34s  (avg 100.06s, eta 31.2h)
[1065/2186] 11:38:04 n=1305   B=128522     d=0.1510 parts=2/2 certK=3 cert 118.57s  (avg 101.65s, eta 31.7h)
[1066/2186] 11:38:25 n=1306   B=425756     d=0.4996 parts=1/1 certK=2 cert  21.03s  (avg 98.46s, eta 30.6h)
[1067/2186] 11:40:09 n=1308   B=118341     d=0.1384 parts=2/2 certK=3 cert 104.26s  (avg 99.01s, eta 30.8h)
[1068/2186] 11:41:48 n=1309   B=130816     d=0.1528 parts=2/2 certK=3 cert  98.94s  (avg 98.47s, eta 30.6h)
[1069/2186] 11:43:33 n=1310   B=118341     d=0.1380 parts=2/2 certK=3 cert 104.79s  (avg 82.21s, eta 25.5h)
[1070/2186] 11:46:27 n=1311   B=88620      d=0.1032 parts=2/3 certK=4 cert 174.43s  (avg 86.14s, eta 26.7h)
[1071/2186] 11:47:55 n=1312   B=175528     d=0.2041 parts=2/2 certK=3 cert  87.80s  (avg 86.44s, eta 26.8h)
[1072/2186] 11:50:42 n=1313   B=68906      d=0.0800 parts=2/3 certK=4 cert 167.24s  (avg 89.31s, eta 27.6h)
[1073/2186] 11:52:10 n=1314   B=171991     d=0.1994 parts=2/2 certK=3 cert  87.40s  (avg 92.03s, eta 28.5h)
[1074/2186] 11:53:38 n=1315   B=172265     d=0.1994 parts=1/2 certK=3 cert  88.39s  (avg 91.78s, eta 28.3h)
[1075/2186] 11:55:07 n=1316   B=171991     d=0.1988 parts=2/2 certK=3 cert  88.88s  (avg 92.11s, eta 28.4h)
[1076/2186] 11:55:47 n=1317   B=288423     d=0.3328 parts=1/1 certK=2 cert  39.62s  (avg 92.94s, eta 28.7h)
[1077/2186] 11:56:08 n=1318   B=433622     d=0.4996 parts=1/1 certK=2 cert  21.23s  (avg 87.36s, eta 26.9h)
[1078/2186] 11:57:35 n=1320   B=180300     d=0.2071 parts=2/2 certK=3 cert  87.61s  (avg 87.68s, eta 27.0h)
[1079/2186] 11:57:57 n=1322   B=436260     d=0.4996 parts=1/1 certK=2 cert  21.57s  (avg 85.22s, eta 26.2h)
[1080/2186] 12:00:42 n=1323   B=88620      d=0.1013 parts=2/3 certK=4 cert 165.21s  (avg 88.41s, eta 27.2h)
[1081/2186] 12:01:59 n=1324   B=218460     d=0.2494 parts=1/2 certK=3 cert  76.33s  (avg 89.98s, eta 27.6h)
[1082/2186] 12:04:05 n=1325   B=118341     d=0.1349 parts=2/2 certK=3 cert 126.08s  (avg 94.22s, eta 28.9h)
[1083/2186] 12:05:32 n=1326   B=183921     d=0.2094 parts=2/2 certK=3 cert  87.56s  (avg 91.22s, eta 27.9h)
[1084/2186] 12:07:23 n=1328   B=118341     d=0.1343 parts=2/2 certK=3 cert 110.34s  (avg 92.34s, eta 28.3h)
[1085/2186] 12:08:04 n=1329   B=293709     d=0.3328 parts=1/1 certK=2 cert  41.07s  (avg 90.01s, eta 27.5h)
[1086/2186] 12:09:37 n=1330   B=171991     d=0.1946 parts=2/2 certK=3 cert  93.35s  (avg 92.23s, eta 28.2h)
[1087/2186] 12:11:06 n=1332   B=187578     d=0.2116 parts=2/2 certK=3 cert  88.54s  (avg 91.89s, eta 28.1h)
[1088/2186] 12:13:48 n=1333   B=93942      d=0.1058 parts=2/3 certK=4 cert 162.29s  (avg 94.83s, eta 28.9h)
[1089/2186] 12:15:31 n=1334   B=103097     d=0.1160 parts=2/2 certK=3 cert 102.74s  (avg 94.61s, eta 28.8h)
[1090/2186] 12:17:07 n=1335   B=112751     d=0.1266 parts=2/2 certK=3 cert  96.35s  (avg 93.72s, eta 28.5h)
[1091/2186] 12:18:22 n=1336   B=190036     d=0.2131 parts=2/2 certK=3 cert  74.90s  (avg 95.88s, eta 29.2h)
[1092/2186] 12:19:55 n=1337   B=127015     d=0.1422 parts=1/2 certK=3 cert  93.12s  (avg 95.43s, eta 29.0h)
[1093/2186] 12:21:10 n=1338   B=191271     d=0.2138 parts=2/2 certK=3 cert  75.14s  (avg 94.48s, eta 28.7h)
[1094/2186] 12:22:53 n=1339   B=109230     d=0.1219 parts=2/2 certK=3 cert 103.18s  (avg 94.41s, eta 28.6h)
[1095/2186] 12:24:29 n=1340   B=118341     d=0.1319 parts=2/2 certK=3 cert  95.85s  (avg 91.27s, eta 27.7h)
[1096/2186] 12:26:11 n=1341   B=126253     d=0.1405 parts=2/2 certK=3 cert 101.51s  (avg 91.82s, eta 27.8h)
[1097/2186] 12:27:39 n=1342   B=149189     d=0.1658 parts=2/2 certK=3 cert  88.14s  (avg 88.66s, eta 26.8h)
[1098/2186] 12:30:15 n=1343   B=58806      d=0.0653 parts=2/3 certK=4 cert 155.63s  (avg 91.38s, eta 27.6h)
[1099/2186] 12:31:29 n=1344   B=195000     d=0.2161 parts=2/2 certK=3 cert  74.63s  (avg 90.83s, eta 27.4h)
[1100/2186] 12:32:50 n=1345   B=180230     d=0.1994 parts=1/2 certK=3 cert  80.41s  (avg 90.50s, eta 27.3h)
[1101/2186] 12:33:08 n=1346   B=452256     d=0.4996 parts=1/1 certK=2 cert  18.86s  (avg 89.67s, eta 27.0h)
[1102/2186] 12:33:44 n=1347   B=301728     d=0.3328 parts=1/1 certK=2 cert  35.69s  (avg 90.24s, eta 27.2h)
[1103/2186] 12:34:57 n=1348   B=226464     d=0.2494 parts=1/2 certK=3 cert  72.53s  (avg 89.64s, eta 27.0h)
[1104/2186] 12:51:44 n=1349   B=118341     d=0.1302 parts=2/2 certK=3 cert 1007.25s  (avg 129.07s, eta 38.8h)
[1105/2186] 12:57:34 n=1350   B=198765     d=0.2183 parts=2/2 certK=3 cert 350.34s  (avg 136.47s, eta 41.0h)
[1106/2186] 12:59:09 n=1351   B=130816     d=0.1435 parts=2/2 certK=3 cert  94.25s  (avg 137.19s, eta 41.2h)
[1107/2186] 13:00:48 n=1352   B=113568     d=0.1244 parts=1/2 certK=3 cert  99.57s  (avg 136.13s, eta 40.8h)
[1108/2186] 13:02:37 n=1353   B=146306     d=0.1600 parts=2/2 certK=3 cert 109.10s  (avg 136.99s, eta 41.0h)
[1109/2186] 13:02:56 n=1354   B=457652     d=0.4996 parts=1/1 certK=2 cert  18.75s  (avg 133.33s, eta 39.9h)
[1110/2186] 13:04:15 n=1355   B=182925     d=0.1994 parts=1/2 certK=3 cert  78.76s  (avg 134.84s, eta 40.3h)
[1111/2186] 13:05:37 n=1356   B=171991     d=0.1872 parts=2/2 certK=3 cert  81.97s  (avg 134.38s, eta 40.1h)
[1112/2186] 13:07:29 n=1357   B=114481     d=0.1244 parts=2/2 certK=3 cert 112.43s  (avg 135.34s, eta 40.4h)
[1113/2186] 13:09:09 n=1358   B=114481     d=0.1242 parts=2/2 certK=3 cert 100.07s  (avg 132.85s, eta 39.6h)
[1114/2186] 13:11:26 n=1359   B=101925     d=0.1105 parts=1/3 certK=4 cert 136.77s  (avg 134.21s, eta 40.0h)
[1115/2186] 13:12:42 n=1360   B=205120     d=0.2220 parts=2/2 certK=3 cert  75.64s  (avg 133.38s, eta 39.7h)
[1116/2186] 13:13:56 n=1362   B=206403     d=0.2227 parts=2/2 certK=3 cert  74.80s  (avg 133.38s, eta 39.6h)
[1117/2186] 13:15:48 n=1363   B=114413     d=0.1233 parts=2/2 certK=3 cert 111.50s  (avg 134.11s, eta 39.8h)
[1118/2186] 13:17:27 n=1364   B=118341     d=0.1273 parts=2/2 certK=3 cert  99.15s  (avg 135.07s, eta 40.1h)
[1119/2186] 13:19:22 n=1365   B=126253     d=0.1356 parts=2/2 certK=3 cert 115.25s  (avg 135.55s, eta 40.2h)
[1120/2186] 13:19:43 n=1366   B=465806     d=0.4996 parts=1/1 certK=2 cert  20.81s  (avg 132.55s, eta 39.3h)
[1121/2186] 13:21:15 n=1368   B=158603     d=0.1696 parts=2/2 certK=3 cert  91.57s  (avg 132.16s, eta 39.1h)
[1122/2186] 13:22:55 n=1370   B=118341     d=0.1262 parts=2/2 certK=3 cert 100.14s  (avg 132.64s, eta 39.2h)
[1123/2186] 13:23:31 n=1371   B=312588     d=0.3328 parts=1/1 certK=2 cert  36.09s  (avg 127.85s, eta 37.8h)
[1124/2186] 13:24:42 n=1372   B=234612     d=0.2495 parts=1/2 certK=3 cert  71.02s  (avg 127.71s, eta 37.7h)
[1125/2186] 13:26:09 n=1374   B=171991     d=0.1823 parts=2/2 certK=3 cert  87.27s  (avg 127.98s, eta 37.7h)
[1126/2186] 13:27:50 n=1375   B=130816     d=0.1385 parts=2/2 certK=3 cert 100.38s  (avg 131.24s, eta 38.6h)
[1127/2186] 13:30:14 n=1376   B=103359     d=0.1093 parts=2/3 certK=4 cert 144.81s  (avg 135.61s, eta 39.9h)
[1128/2186] 13:32:51 n=1377   B=100576     d=0.1062 parts=3/3 certK=4 cert 156.65s  (avg 138.97s, eta 40.8h)
[1129/2186] 13:34:07 n=1378   B=216811     d=0.2285 parts=2/2 certK=3 cert  75.65s  (avg 101.71s, eta 29.9h)
[1130/2186] 13:35:46 n=1379   B=135142     d=0.1422 parts=1/2 certK=3 cert  98.78s  (avg 91.65s, eta 26.9h)
[1131/2186] 13:37:01 n=1380   B=218130     d=0.2292 parts=2/2 certK=3 cert  75.35s  (avg 90.89s, eta 26.6h)
[1132/2186] 13:37:21 n=1382   B=476790     d=0.4996 parts=1/1 certK=2 cert  19.99s  (avg 87.71s, eta 25.7h)
[1133/2186] 13:37:58 n=1383   B=318090     d=0.3329 parts=1/1 certK=2 cert  37.29s  (avg 84.84s, eta 24.8h)
[1134/2186] 13:39:27 n=1384   B=171991     d=0.1797 parts=2/2 certK=3 cert  89.05s  (avg 87.65s, eta 25.6h)
[1135/2186] 13:40:51 n=1385   B=191130     d=0.1994 parts=1/2 certK=3 cert  83.85s  (avg 87.85s, eta 25.6h)
[1136/2186] 13:42:25 n=1386   B=158203     d=0.1648 parts=2/2 certK=3 cert  94.18s  (avg 88.34s, eta 25.8h)
[1137/2186] 13:45:07 n=1387   B=106439     d=0.1107 parts=2/3 certK=4 cert 162.08s  (avg 90.33s, eta 26.3h)
[1138/2186] 13:46:24 n=1388   B=240124     d=0.2495 parts=1/2 certK=3 cert  76.51s  (avg 89.38s, eta 26.0h)
[1139/2186] 13:47:01 n=1389   B=320859     d=0.3329 parts=1/1 certK=2 cert  36.69s  (avg 85.38s, eta 24.8h)
[1140/2186] 13:48:35 n=1390   B=158603     d=0.1643 parts=2/2 certK=3 cert  94.30s  (avg 86.13s, eta 25.0h)
[1141/2186] 13:51:16 n=1391   B=96410      d=0.0997 parts=2/3 certK=4 cert 160.48s  (avg 89.55s, eta 26.0h)
[1142/2186] 13:52:32 n=1392   B=226128     d=0.2336 parts=2/2 certK=3 cert  76.34s  (avg 88.15s, eta 25.6h)
[1143/2186] 13:54:11 n=1393   B=137907     d=0.1422 parts=1/2 certK=3 cert  99.20s  (avg 88.15s, eta 25.5h)
[1144/2186] 13:55:55 n=1394   B=118341     d=0.1219 parts=2/2 certK=3 cert 104.23s  (avg 87.71s, eta 25.4h)
[1145/2186] 13:57:57 n=1395   B=114413     d=0.1177 parts=2/2 certK=3 cert 121.25s  (avg 91.73s, eta 26.5h)
[1146/2186] 13:59:18 n=1396   B=242904     d=0.2495 parts=1/2 certK=3 cert  81.36s  (avg 91.32s, eta 26.4h)
[1147/2186] 14:01:56 n=1397   B=88011      d=0.0903 parts=1/3 certK=4 cert 158.30s  (avg 93.64s, eta 27.0h)
[1148/2186] 14:03:26 n=1398   B=171991     d=0.1761 parts=2/2 certK=3 cert  90.19s  (avg 95.81s, eta 27.6h)
[1149/2186] 14:05:15 n=1400   B=112751     d=0.1151 parts=2/2 certK=3 cert 108.76s  (avg 97.32s, eta 28.0h)
[1150/2186] 14:05:52 n=1401   B=326433     d=0.3329 parts=1/1 certK=2 cert  37.28s  (avg 95.32s, eta 27.4h)
[1151/2186] 14:06:13 n=1402   B=490700     d=0.4996 parts=1/1 certK=2 cert  20.39s  (avg 92.12s, eta 26.5h)
[1152/2186] 14:08:55 n=1403   B=98432      d=0.1001 parts=2/3 certK=4 cert 162.15s  (avg 92.81s, eta 26.7h)
[1153/2186] 14:10:31 n=1404   B=158603     d=0.1610 parts=2/2 certK=3 cert  96.12s  (avg 90.39s, eta 25.9h)
[1154/2186] 14:11:56 n=1405   B=196700     d=0.1994 parts=1/2 certK=3 cert  85.23s  (avg 90.77s, eta 26.0h)
[1155/2186] 14:13:42 n=1406   B=124251     d=0.1258 parts=2/2 certK=3 cert 105.89s  (avg 91.06s, eta 26.1h)
[1156/2186] 14:16:24 n=1407   B=88620      d=0.0896 parts=2/3 certK=4 cert 162.09s  (avg 94.53s, eta 27.0h)
[1157/2186] 14:18:01 n=1408   B=171991     d=0.1736 parts=2/2 certK=3 cert  96.85s  (avg 97.60s, eta 27.9h)
[1158/2186] 14:19:21 n=1410   B=238395     d=0.2400 parts=2/2 certK=3 cert  79.27s  (avg 99.28s, eta 28.4h)
[1159/2186] 14:21:21 n=1411   B=114413     d=0.1150 parts=2/2 certK=3 cert 120.04s  (avg 100.52s, eta 28.7h)
[1160/2186] 14:22:35 n=1412   B=248512     d=0.2495 parts=1/2 certK=3 cert  73.93s  (avg 100.12s, eta 28.5h)
[1161/2186] 14:24:24 n=1413   B=120062     d=0.1204 parts=2/2 certK=3 cert 109.71s  (avg 100.75s, eta 28.7h)
[1162/2186] 14:25:57 n=1414   B=171991     d=0.1722 parts=2/2 certK=3 cert  92.97s  (avg 97.98s, eta 27.9h)
[1163/2186] 14:27:25 n=1415   B=199515     d=0.1994 parts=1/2 certK=3 cert  87.90s  (avg 98.44s, eta 28.0h)
[1164/2186] 14:28:58 n=1416   B=171991     d=0.1717 parts=2/2 certK=3 cert  93.15s  (avg 100.70s, eta 28.6h)
[1165/2186] 14:31:41 n=1417   B=104196     d=0.1039 parts=3/3 certK=4 cert 162.93s  (avg 103.44s, eta 29.3h)
[1166/2186] 14:32:04 n=1418   B=501972     d=0.4996 parts=1/1 certK=2 cert  22.53s  (avg 97.92s, eta 27.7h)
[1167/2186] 14:33:50 n=1419   B=130816     d=0.1300 parts=2/2 certK=3 cert 106.15s  (avg 99.11s, eta 28.1h)
[1168/2186] 14:35:06 n=1420   B=245350     d=0.2435 parts=2/2 certK=3 cert  76.04s  (avg 98.19s, eta 27.8h)
[1169/2186] 14:37:11 n=1421   B=118341     d=0.1173 parts=2/2 certK=3 cert 124.80s  (avg 99.01s, eta 28.0h)
[1170/2186] 14:38:53 n=1422   B=158603     d=0.1570 parts=2/2 certK=3 cert 102.27s  (avg 98.25s, eta 27.7h)
[1171/2186] 14:40:49 n=1424   B=118341     d=0.1168 parts=2/2 certK=3 cert 115.46s  (avg 99.62s, eta 28.1h)
[1172/2186] 14:42:55 n=1425   B=171991     d=0.1695 parts=2/2 certK=3 cert 126.59s  (avg 98.35s, eta 27.7h)
[1173/2186] 14:44:32 n=1426   B=171991     d=0.1693 parts=2/2 certK=3 cert  96.78s  (avg 98.61s, eta 27.7h)
[1174/2186] 14:45:49 n=1428   B=250986     d=0.2463 parts=2/2 certK=3 cert  77.01s  (avg 97.34s, eta 27.4h)
[1175/2186] 14:47:38 n=1430   B=136503     d=0.1336 parts=2/2 certK=3 cert 109.54s  (avg 100.23s, eta 28.1h)
[1176/2186] 14:50:33 n=1431   B=98432      d=0.0962 parts=2/3 certK=4 cert 174.87s  (avg 106.41s, eta 29.9h)
[1177/2186] 14:52:10 n=1432   B=175528     d=0.1713 parts=2/2 certK=3 cert  97.09s  (avg 103.81s, eta 29.1h)
[1178/2186] 14:53:51 n=1434   B=170646     d=0.1661 parts=1/2 certK=3 cert 100.87s  (avg 104.00s, eta 29.1h)
[1179/2186] 14:56:06 n=1435   B=114413     d=0.1112 parts=2/2 certK=3 cert 135.06s  (avg 105.99s, eta 29.6h)
[1180/2186] 14:57:25 n=1436   B=257044     d=0.2495 parts=1/2 certK=3 cert  78.65s  (avg 104.90s, eta 29.3h)
[1181/2186] 14:58:05 n=1437   B=343443     d=0.3329 parts=1/1 certK=2 cert  39.94s  (avg 100.02s, eta 27.9h)
[1182/2186] 14:58:27 n=1438   B=516242     d=0.4997 parts=1/1 certK=2 cert  21.89s  (avg 97.02s, eta 27.1h)
[1183/2186] 15:00:07 n=1440   B=180300     d=0.1740 parts=2/2 certK=3 cert  99.90s  (avg 97.84s, eta 27.3h)
[1184/2186] 15:02:05 n=1441   B=158203     d=0.1525 parts=2/2 certK=3 cert 117.86s  (avg 97.75s, eta 27.2h)
[1185/2186] 15:04:03 n=1442   B=128334     d=0.1235 parts=2/2 certK=3 cert 118.11s  (avg 99.52s, eta 27.7h)
[1186/2186] 15:06:59 n=1443   B=114413     d=0.1100 parts=2/3 certK=4 cert 176.36s  (avg 102.19s, eta 28.4h)
[1187/2186] 15:08:19 n=1444   B=259920     d=0.2495 parts=1/2 certK=3 cert  79.75s  (avg 101.66s, eta 28.2h)
[1188/2186] 15:09:50 n=1445   B=208080     d=0.1994 parts=1/2 certK=3 cert  91.50s  (avg 101.80s, eta 28.2h)
[1189/2186] 15:11:11 n=1446   B=258121     d=0.2471 parts=2/2 certK=3 cert  80.27s  (avg 101.29s, eta 28.1h)
[1190/2186] 15:12:32 n=1448   B=258121     d=0.2464 parts=2/2 certK=3 cert  81.63s  (avg 98.04s, eta 27.1h)
[1191/2186] 15:14:43 n=1449   B=171991     d=0.1639 parts=2/2 certK=3 cert 130.90s  (avg 102.37s, eta 28.3h)
[1192/2186] 15:16:28 n=1450   B=171991     d=0.1637 parts=2/2 certK=3 cert 104.74s  (avg 102.31s, eta 28.3h)
[1193/2186] 15:17:51 n=1452   B=258121     d=0.2450 parts=2/2 certK=3 cert  83.00s  (avg 102.59s, eta 28.3h)
[1194/2186] 15:18:14 n=1454   B=527802     d=0.4997 parts=1/1 certK=2 cert  23.58s  (avg 98.54s, eta 27.2h)
[1195/2186] 15:21:16 n=1455   B=99012      d=0.0936 parts=2/3 certK=4 cert 181.92s  (avg 101.73s, eta 28.0h)
[1196/2186] 15:22:59 n=1456   B=190036     d=0.1794 parts=2/2 certK=3 cert 102.30s  (avg 101.20s, eta 27.8h)
[1197/2186] 15:26:14 n=1457   B=73153      d=0.0690 parts=2/3 certK=4 cert 195.41s  (avg 103.96s, eta 28.6h)
[1198/2186] 15:26:37 n=1458   B=530712     d=0.4997 parts=1/1 certK=2 cert  23.26s  (avg 101.01s, eta 27.7h)
[1199/2186] 15:29:31 n=1460   B=106439     d=0.0999 parts=2/3 certK=4 cert 173.27s  (avg 104.87s, eta 28.8h)
[1200/2186] 15:30:14 n=1461   B=355023     d=0.3329 parts=1/1 certK=2 cert  43.34s  (avg 102.22s, eta 28.0h)
[1201/2186] 15:31:39 n=1462   B=258121     d=0.2417 parts=2/2 certK=3 cert  84.95s  (avg 98.62s, eta 27.0h)
[1202/2186] 15:34:48 n=1463   B=98432      d=0.0920 parts=2/3 certK=4 cert 189.10s  (avg 102.30s, eta 28.0h)
[1203/2186] 15:36:31 n=1464   B=195000     d=0.1821 parts=2/2 certK=3 cert 102.74s  (avg 102.38s, eta 28.0h)
[1204/2186] 15:38:07 n=1465   B=213890     d=0.1995 parts=1/2 certK=3 cert  96.37s  (avg 100.83s, eta 27.5h)
[1205/2186] 15:38:30 n=1466   B=536556     d=0.4997 parts=1/1 certK=2 cert  23.38s  (avg 98.62s, eta 26.9h)
[1206/2186] 15:40:36 n=1467   B=120062     d=0.1117 parts=2/2 certK=3 cert 125.92s  (avg 102.06s, eta 27.8h)
[1207/2186] 15:42:00 n=1468   B=268644     d=0.2495 parts=1/2 certK=3 cert  83.67s  (avg 104.53s, eta 28.4h)
[1208/2186] 15:44:54 n=1469   B=118341     d=0.1098 parts=2/3 certK=4 cert 174.10s  (avg 107.50s, eta 29.2h)
[1209/2186] 15:46:21 n=1470   B=258121     d=0.2391 parts=2/2 certK=3 cert  86.78s  (avg 106.25s, eta 28.8h)
[1210/2186] 15:49:22 n=1472   B=96530      d=0.0892 parts=2/3 certK=4 cert 181.35s  (avg 108.78s, eta 29.5h)
[1211/2186] 15:50:06 n=1473   B=360885     d=0.3329 parts=1/1 certK=2 cert  43.70s  (avg 103.48s, eta 28.0h)
[1212/2186] 15:51:57 n=1474   B=171991     d=0.1584 parts=2/2 certK=3 cert 111.15s  (avg 104.73s, eta 28.3h)
[1213/2186] 15:54:59 n=1475   B=117612     d=0.1082 parts=2/3 certK=4 cert 181.50s  (avg 108.33s, eta 29.3h)
[1214/2186] 15:56:27 n=1476   B=258121     d=0.2371 parts=2/2 certK=3 cert  88.48s  (avg 108.66s, eta 29.3h)
[1215/2186] 15:58:24 n=1477   B=155085     d=0.1423 parts=1/2 certK=3 cert 117.04s  (avg 110.08s, eta 29.7h)
[1216/2186] 15:58:48 n=1478   B=545382     d=0.4997 parts=1/1 certK=2 cert  23.58s  (avg 105.78s, eta 28.5h)
[1217/2186] 16:02:01 n=1479   B=99012      d=0.0906 parts=2/3 certK=4 cert 193.09s  (avg 109.32s, eta 29.4h)
[1218/2186] 16:03:30 n=1480   B=258121     d=0.2358 parts=2/2 certK=3 cert  89.02s  (avg 109.56s, eta 29.5h)
[1219/2186] 16:05:12 n=1482   B=206403     d=0.1881 parts=2/2 certK=3 cert 102.55s  (avg 112.72s, eta 30.3h)
[1220/2186] 16:07:17 n=1484   B=136957     d=0.1245 parts=2/2 certK=3 cert 124.49s  (avg 110.42s, eta 29.6h)
[1221/2186] 16:09:43 n=1485   B=146306     d=0.1328 parts=2/2 certK=3 cert 146.34s  (avg 112.18s, eta 30.1h)
[1222/2186] 16:10:07 n=1486   B=551306     d=0.4997 parts=1/1 certK=2 cert  24.20s  (avg 105.33s, eta 28.2h)
[1223/2186] 16:11:41 n=1488   B=258121     d=0.2333 parts=2/2 certK=3 cert  93.40s  (avg 108.14s, eta 28.9h)
[1224/2186] 16:14:47 n=1490   B=110260     d=0.0994 parts=1/3 certK=4 cert 186.13s  (avg 108.65s, eta 29.0h)
[1225/2186] 16:17:03 n=1491   B=128522     d=0.1157 parts=2/2 certK=3 cert 135.82s  (avg 112.35s, eta 30.0h)
[1226/2186] 16:18:32 n=1492   B=277512     d=0.2495 parts=1/2 certK=3 cert  89.43s  (avg 112.53s, eta 30.0h)
[1227/2186] 16:20:24 n=1494   B=198765     d=0.1782 parts=2/2 certK=3 cert 111.69s  (avg 109.44s, eta 29.2h)
[1228/2186] 16:22:36 n=1495   B=130816     d=0.1171 parts=2/2 certK=3 cert 131.97s  (avg 110.61s, eta 29.4h)
[1229/2186] 16:24:48 n=1496   B=144615     d=0.1293 parts=2/2 certK=3 cert 132.30s  (avg 112.04s, eta 29.8h)
[1230/2186] 16:25:35 n=1497   B=372753     d=0.3329 parts=1/1 certK=2 cert  46.81s  (avg 112.98s, eta 30.0h)
[1231/2186] 16:27:21 n=1498   B=216811     d=0.1934 parts=2/2 certK=3 cert 105.74s  (avg 112.17s, eta 29.8h)
[1232/2186] 16:29:08 n=1500   B=218130     d=0.1940 parts=2/2 certK=3 cert 107.11s  (avg 113.11s, eta 30.0h)
[1233/2186] 16:31:38 n=1501   B=126253     d=0.1122 parts=2/2 certK=3 cert 149.94s  (avg 112.14s, eta 29.7h)
[1234/2186] 16:32:04 n=1502   B=563250     d=0.4997 parts=1/1 certK=2 cert  25.71s  (avg 109.70s, eta 29.0h)
[1235/2186] 16:35:06 n=1503   B=124749     d=0.1105 parts=1/3 certK=4 cert 182.87s  (avg 109.76s, eta 29.0h)
[1236/2186] 16:36:58 n=1504   B=205120     d=0.1815 parts=2/2 certK=3 cert 111.52s  (avg 112.48s, eta 29.7h)
[1237/2186] 16:40:21 n=1505   B=118341     d=0.1046 parts=2/3 certK=4 cert 203.36s  (avg 116.16s, eta 30.6h)
[1238/2186] 16:42:01 n=1506   B=258121     d=0.2278 parts=2/2 certK=3 cert  99.26s  (avg 112.87s, eta 29.7h)
[1239/2186] 16:44:21 n=1507   B=134322     d=0.1184 parts=2/2 certK=3 cert 140.19s  (avg 114.94s, eta 30.2h)
[1240/2186] 16:46:33 n=1508   B=136957     d=0.1205 parts=2/2 certK=3 cert 132.01s  (avg 115.54s, eta 30.4h)
[1241/2186] 16:47:20 n=1509   B=378759     d=0.3329 parts=1/1 certK=2 cert  47.32s  (avg 116.49s, eta 30.6h)
[1242/2186] 16:49:12 n=1510   B=208981     d=0.1834 parts=2/2 certK=3 cert 111.50s  (avg 113.23s, eta 29.7h)
[1243/2186] 16:50:59 n=1512   B=226128     d=0.1980 parts=2/2 certK=3 cert 107.32s  (avg 113.96s, eta 29.9h)
[1244/2186] 16:53:24 n=1513   B=171991     d=0.1504 parts=2/2 certK=3 cert 144.69s  (avg 115.64s, eta 30.3h)
[1245/2186] 16:53:50 n=1514   B=572292     d=0.4997 parts=1/1 certK=2 cert  26.12s  (avg 111.71s, eta 29.2h)
[1246/2186] 16:56:21 n=1515   B=128522     d=0.1121 parts=2/2 certK=3 cert 151.75s  (avg 111.93s, eta 29.2h)
[1247/2186] 16:57:54 n=1516   B=286524     d=0.2495 parts=1/2 certK=3 cert  92.88s  (avg 114.67s, eta 29.9h)
[1248/2186] 17:01:24 n=1517   B=112751     d=0.0981 parts=2/3 certK=4 cert 209.69s  (avg 119.32s, eta 31.1h)
[1249/2186] 17:03:21 n=1518   B=198765     d=0.1726 parts=2/2 certK=3 cert 116.75s  (avg 116.55s, eta 30.3h)
[1250/2186] 17:06:49 n=1519   B=113764     d=0.0987 parts=2/3 certK=4 cert 207.82s  (avg 119.43s, eta 31.1h)
[1251/2186] 17:09:04 n=1520   B=144615     d=0.1253 parts=2/2 certK=3 cert 135.29s  (avg 121.26s, eta 31.5h)
[1252/2186] 17:11:17 n=1521   B=171991     d=0.1488 parts=2/2 certK=3 cert 133.01s  (avg 122.12s, eta 31.7h)
[1253/2186] 17:11:43 n=1522   B=578360     d=0.4997 parts=1/1 certK=2 cert  25.84s  (avg 117.87s, eta 30.5h)
[1254/2186] 17:13:35 n=1524   B=218130     d=0.1880 parts=2/2 certK=3 cert 111.74s  (avg 117.05s, eta 30.3h)
[1255/2186] 17:16:58 n=1525   B=117306     d=0.1009 parts=2/3 certK=4 cert 203.87s  (avg 123.33s, eta 31.9h)
[1256/2186] 17:19:09 n=1526   B=158603     d=0.1363 parts=2/2 certK=3 cert 130.99s  (avg 124.34s, eta 32.1h)
[1257/2186] 17:19:58 n=1527   B=387858     d=0.3329 parts=1/1 certK=2 cert  48.64s  (avg 122.00s, eta 31.5h)
[1258/2186] 17:21:42 n=1528   B=258121     d=0.2213 parts=2/2 certK=3 cert 103.83s  (avg 120.16s, eta 31.0h)
[1259/2186] 17:25:01 n=1529   B=118341     d=0.1013 parts=3/3 certK=4 cert 198.95s  (avg 127.09s, eta 32.7h)
[1260/2186] 17:26:44 n=1530   B=258121     d=0.2207 parts=2/2 certK=3 cert 103.00s  (avg 123.89s, eta 31.9h)
[1261/2186] 17:28:19 n=1532   B=292612     d=0.2495 parts=1/2 certK=3 cert  95.25s  (avg 123.24s, eta 31.7h)
[1262/2186] 17:31:46 n=1533   B=120062     d=0.1022 parts=2/3 certK=4 cert 206.90s  (avg 123.38s, eta 31.7h)
[1263/2186] 17:33:44 n=1534   B=208981     d=0.1777 parts=2/2 certK=3 cert 117.55s  (avg 124.12s, eta 31.8h)
[1264/2186] 17:35:35 n=1535   B=234855     d=0.1995 parts=1/2 certK=3 cert 111.13s  (avg 122.95s, eta 31.5h)
[1265/2186] 17:36:23 n=1536   B=392448     d=0.3329 parts=1/1 certK=2 cert  48.52s  (avg 119.61s, eta 30.6h)
[1266/2186] 17:39:01 n=1537   B=158203     d=0.1340 parts=2/2 certK=3 cert 157.78s  (avg 124.03s, eta 31.7h)
[1267/2186] 17:39:28 n=1538   B=590592     d=0.4997 parts=1/1 certK=2 cert  26.61s  (avg 120.64s, eta 30.8h)
[1268/2186] 17:42:02 n=1539   B=146306     d=0.1236 parts=2/2 certK=3 cert 154.78s  (avg 122.54s, eta 31.2h)
[1269/2186] 17:43:49 n=1540   B=258121     d=0.2178 parts=2/2 certK=3 cert 106.21s  (avg 121.00s, eta 30.8h)
[1270/2186] 17:47:23 n=1541   B=112751     d=0.0950 parts=2/3 certK=4 cert 214.66s  (avg 128.54s, eta 32.7h)
[1271/2186] 17:49:10 n=1542   B=258121     d=0.2173 parts=2/2 certK=3 cert 106.46s  (avg 126.73s, eta 32.2h)
[1272/2186] 17:51:29 n=1544   B=148224     d=0.1244 parts=1/2 certK=3 cert 139.45s  (avg 128.59s, eta 32.6h)
[1273/2186] 17:54:03 n=1545   B=171991     d=0.1442 parts=2/2 certK=3 cert 153.50s  (avg 126.34s, eta 32.0h)
[1274/2186] 17:54:30 n=1546   B=596756     d=0.4997 parts=1/1 certK=2 cert  26.85s  (avg 122.75s, eta 31.1h)
[1275/2186] 17:58:14 n=1547   B=98432      d=0.0823 parts=2/3 certK=4 cert 224.44s  (avg 123.41s, eta 31.2h)
[1276/2186] 18:00:02 n=1548   B=258121     d=0.2156 parts=2/2 certK=3 cert 107.95s  (avg 122.32s, eta 30.9h)
[1277/2186] 18:02:27 n=1550   B=136957     d=0.1141 parts=2/2 certK=3 cert 145.36s  (avg 122.81s, eta 31.0h)
[1278/2186] 18:05:44 n=1551   B=130816     d=0.1088 parts=2/3 certK=4 cert 196.67s  (avg 129.64s, eta 32.7h)
[1279/2186] 18:08:02 n=1552   B=161596     d=0.1343 parts=2/2 certK=3 cert 137.57s  (avg 130.68s, eta 32.9h)
[1280/2186] 18:09:59 n=1554   B=238395     d=0.1976 parts=2/2 certK=3 cert 117.43s  (avg 127.22s, eta 32.0h)
[1281/2186] 18:11:55 n=1555   B=241025     d=0.1995 parts=1/2 certK=3 cert 115.98s  (avg 126.62s, eta 31.8h)
[1282/2186] 18:13:34 n=1556   B=301864     d=0.2495 parts=1/2 certK=3 cert  99.32s  (avg 128.65s, eta 32.3h)
[1283/2186] 18:15:57 n=1557   B=175142     d=0.1446 parts=2/2 certK=3 cert 142.42s  (avg 130.19s, eta 32.7h)
[1284/2186] 18:17:48 n=1558   B=258121     d=0.2128 parts=2/2 certK=3 cert 111.19s  (avg 126.68s, eta 31.7h)
[1285/2186] 18:19:43 n=1560   B=258121     d=0.2123 parts=2/2 certK=3 cert 114.61s  (avg 127.14s, eta 31.8h)
[1286/2186] 18:22:02 n=1561   B=173271     d=0.1423 parts=1/2 certK=3 cert 139.15s  (avg 128.90s, eta 32.2h)
[1287/2186] 18:24:31 n=1562   B=136503     d=0.1120 parts=2/2 certK=3 cert 149.05s  (avg 126.59s, eta 31.6h)
[1288/2186] 18:25:23 n=1563   B=406380     d=0.3329 parts=1/1 certK=2 cert  52.26s  (avg 123.97s, eta 30.9h)
[1289/2186] 18:27:18 n=1564   B=245350     d=0.2007 parts=2/2 certK=3 cert 115.43s  (avg 124.15s, eta 30.9h)
[1290/2186] 18:29:15 n=1565   B=244140     d=0.1995 parts=1/2 certK=3 cert 116.19s  (avg 126.85s, eta 31.6h)
[1291/2186] 18:31:07 n=1566   B=263901     d=0.2154 parts=2/2 certK=3 cert 112.26s  (avg 125.03s, eta 31.1h)
[1292/2186] 18:33:00 n=1568   B=265356     d=0.2160 parts=2/2 certK=3 cert 112.91s  (avg 128.48s, eta 31.9h)
[1293/2186] 18:33:52 n=1569   B=409509     d=0.3329 parts=1/1 certK=2 cert  52.17s  (avg 124.38s, eta 30.9h)
[1294/2186] 18:35:53 n=1570   B=232903     d=0.1891 parts=2/2 certK=3 cert 121.24s  (avg 124.98s, eta 31.0h)
[1295/2186] 18:37:51 n=1572   B=268278     d=0.2173 parts=2/2 certK=3 cert 117.87s  (avg 121.11s, eta 30.0h)
[1296/2186] 18:41:37 n=1573   B=134322     d=0.1086 parts=2/3 certK=4 cert 225.45s  (avg 125.87s, eta 31.1h)
[1297/2186] 18:42:05 n=1574   B=618582     d=0.4997 parts=1/1 certK=2 cert  28.78s  (avg 121.44s, eta 30.0h)
[1298/2186] 18:45:58 n=1575   B=106030     d=0.0855 parts=2/3 certK=4 cert 232.37s  (avg 124.60s, eta 30.7h)
[1299/2186] 18:47:56 n=1576   B=258121     d=0.2080 parts=2/2 certK=3 cert 118.20s  (avg 128.25s, eta 31.6h)
[1300/2186] 18:51:47 n=1577   B=95586      d=0.0769 parts=2/3 certK=4 cert 231.41s  (avg 128.53s, eta 31.6h)
[1301/2186] 18:53:41 n=1578   B=272691     d=0.2192 parts=2/2 certK=3 cert 113.12s  (avg 128.74s, eta 31.6h)
[1302/2186] 18:56:11 n=1580   B=146070     d=0.1171 parts=2/2 certK=3 cert 150.77s  (avg 128.95s, eta 31.7h)
[1303/2186] 18:58:46 n=1581   B=185330     d=0.1484 parts=2/2 certK=3 cert 154.92s  (avg 127.28s, eta 31.2h)
[1304/2186] 19:00:39 n=1582   B=275653     d=0.2204 parts=2/2 certK=3 cert 113.17s  (avg 126.31s, eta 30.9h)
[1305/2186] 19:03:03 n=1584   B=180300     d=0.1438 parts=2/2 certK=3 cert 143.26s  (avg 127.34s, eta 31.2h)
[1306/2186] 19:05:03 n=1585   B=250430     d=0.1995 parts=1/2 certK=3 cert 120.64s  (avg 127.53s, eta 31.2h)
[1307/2186] 19:07:36 n=1586   B=149331     d=0.1188 parts=2/2 certK=3 cert 152.35s  (avg 129.65s, eta 31.7h)
[1308/2186] 19:08:31 n=1587   B=418968     d=0.3329 parts=1/1 certK=2 cert  55.16s  (avg 126.16s, eta 30.8h)
[1309/2186] 19:10:16 n=1588   B=314424     d=0.2495 parts=1/2 certK=3 cert 105.55s  (avg 125.93s, eta 30.7h)
[1310/2186] 19:12:50 n=1589   B=179557     d=0.1423 parts=1/2 certK=3 cert 153.70s  (avg 127.50s, eta 31.0h)
[1311/2186] 19:14:45 n=1590   B=281625     d=0.2229 parts=2/2 certK=3 cert 114.97s  (avg 126.53s, eta 30.8h)
[1312/2186] 19:18:47 n=1591   B=125500     d=0.0992 parts=2/3 certK=4 cert 241.67s  (avg 130.23s, eta 31.6h)
[1313/2186] 19:20:49 n=1592   B=265356     d=0.2095 parts=2/2 certK=3 cert 122.38s  (avg 133.04s, eta 32.3h)
[1314/2186] 19:23:39 n=1593   B=171991     d=0.1356 parts=2/2 certK=3 cert 169.38s  (avg 135.20s, eta 32.7h)
[1315/2186] 19:24:09 n=1594   B=634412     d=0.4997 parts=1/1 certK=2 cert  30.22s  (avg 131.76s, eta 31.9h)
[1316/2186] 19:58:16 n=1595   B=88620      d=0.0697 parts=2/3 certK=4 cert 2047.03s  (avg 209.15s, eta 50.5h)
[1317/2186] 20:00:11 n=1596   B=286146     d=0.2248 parts=2/2 certK=3 cert 114.60s  (avg 209.22s, eta 50.5h)
[1318/2186] 20:03:46 n=1598   B=136957     d=0.1073 parts=2/3 certK=4 cert 215.41s  (avg 215.74s, eta 52.0h)
[1319/2186] 20:07:46 n=1599   B=130816     d=0.1024 parts=2/3 certK=4 cert 240.00s  (avg 220.50s, eta 53.1h)
[1320/2186] 20:09:42 n=1600   B=289180     d=0.2261 parts=2/2 certK=3 cert 116.08s  (avg 220.42s, eta 53.0h)
[1321/2186] 20:11:46 n=1602   B=272691     d=0.2126 parts=2/2 certK=3 cert 123.93s  (avg 216.36s, eta 52.0h)
[1322/2186] 20:14:13 n=1603   B=182742     d=0.1423 parts=1/2 certK=3 cert 147.26s  (avg 221.10s, eta 53.1h)
[1323/2186] 20:16:01 n=1604   B=320800     d=0.2495 parts=1/2 certK=3 cert 107.93s  (avg 216.12s, eta 51.8h)
[1324/2186] 20:18:51 n=1605   B=195806     d=0.1521 parts=2/2 certK=3 cert 169.47s  (avg 218.18s, eta 52.2h)
[1325/2186] 20:20:50 n=1606   B=275653     d=0.2139 parts=2/2 certK=3 cert 119.57s  (avg 213.70s, eta 51.1h)
[1326/2186] 20:22:46 n=1608   B=295296     d=0.2286 parts=2/2 certK=3 cert 115.26s  (avg 213.79s, eta 51.1h)
[1327/2186] 20:25:22 n=1610   B=162735     d=0.1256 parts=2/2 certK=3 cert 156.40s  (avg 214.01s, eta 51.1h)
[1328/2186] 20:27:56 n=1611   B=171991     d=0.1326 parts=2/2 certK=3 cert 153.88s  (avg 213.97s, eta 51.0h)
[1329/2186] 20:29:52 n=1612   B=298378     d=0.2298 parts=2/2 certK=3 cert 116.64s  (avg 214.11s, eta 51.0h)
[1330/2186] 20:31:55 n=1614   B=281625     d=0.2164 parts=2/2 certK=3 cert 122.76s  (avg 213.29s, eta 50.7h)
[1331/2186] 20:36:01 n=1615   B=137812     d=0.1057 parts=2/3 certK=4 cert 245.54s  (avg 218.29s, eta 51.8h)
[1332/2186] 20:38:11 n=1616   B=265356     d=0.2034 parts=2/2 certK=3 cert 130.29s  (avg 217.40s, eta 51.6h)
[1333/2186] 20:42:26 n=1617   B=126253     d=0.0966 parts=2/3 certK=4 cert 254.98s  (avg 225.40s, eta 53.4h)
[1334/2186] 20:43:02 n=1618   B=653672     d=0.4997 parts=1/1 certK=2 cert  36.17s  (avg 222.62s, eta 52.7h)
[1335/2186] 20:45:25 n=1620   B=286146     d=0.2182 parts=2/2 certK=3 cert 142.34s  (avg 222.17s, eta 52.5h)
[1336/2186] 20:46:00 n=1622   B=656910     d=0.4997 parts=1/1 certK=2 cert  35.44s  (avg 218.99s, eta 51.7h)
[1337/2186] 20:47:00 n=1623   B=438210     d=0.3329 parts=1/1 certK=2 cert  60.41s  (avg 211.74s, eta 49.9h)
[1338/2186] 20:49:05 n=1624   B=289180     d=0.2194 parts=2/2 certK=3 cert 124.09s  (avg 211.80s, eta 49.9h)
[1339/2186] 20:53:04 n=1625   B=128522     d=0.0974 parts=2/3 certK=4 cert 238.95s  (avg 214.59s, eta 50.5h)
[1340/2186] 20:55:02 n=1626   B=309291     d=0.2341 parts=2/2 certK=3 cert 118.24s  (avg 218.11s, eta 51.3h)
[1341/2186] 20:57:47 n=1628   B=171991     d=0.1299 parts=2/2 certK=3 cert 165.68s  (avg 142.85s, eta 33.5h)
[1342/2186] 21:01:35 n=1629   B=146610     d=0.1106 parts=1/3 certK=4 cert 227.31s  (avg 147.36s, eta 34.5h)
[1343/2186] 21:03:45 n=1630   B=275653     d=0.2076 parts=2/2 certK=3 cert 130.17s  (avg 143.95s, eta 33.7h)
[1344/2186] 21:06:24 n=1631   B=189196     d=0.1423 parts=1/2 certK=3 cert 158.86s  (avg 140.71s, eta 32.9h)
[1345/2186] 21:08:34 n=1632   B=295296     d=0.2219 parts=2/2 certK=3 cert 129.70s  (avg 141.25s, eta 33.0h)
[1346/2186] 21:11:44 n=1633   B=171991     d=0.1291 parts=2/2 certK=3 cert 190.33s  (avg 143.91s, eta 33.6h)
[1347/2186] 21:14:36 n=1634   B=149331     d=0.1119 parts=2/2 certK=3 cert 171.64s  (avg 144.88s, eta 33.8h)
[1348/2186] 21:17:47 n=1635   B=158603     d=0.1187 parts=2/2 certK=3 cert 191.34s  (avg 148.22s, eta 34.5h)
[1349/2186] 21:19:43 n=1636   B=333744     d=0.2495 parts=1/2 certK=3 cert 115.61s  (avg 146.06s, eta 34.0h)
[1350/2186] 21:21:53 n=1638   B=281625     d=0.2101 parts=2/2 certK=3 cert 130.74s  (avg 146.51s, eta 34.0h)
[1351/2186] 21:25:55 n=1639   B=137812     d=0.1027 parts=2/3 certK=4 cert 241.91s  (avg 151.58s, eta 35.2h)
[1352/2186] 21:28:40 n=1640   B=179747     d=0.1337 parts=2/2 certK=3 cert 164.63s  (avg 151.91s, eta 35.2h)
[1353/2186] 21:29:40 n=1641   B=447993     d=0.3329 parts=1/1 certK=2 cert  60.60s  (avg 148.17s, eta 34.3h)
[1354/2186] 21:30:14 n=1642   B=673220     d=0.4997 parts=1/1 certK=2 cert  33.34s  (avg 144.84s, eta 33.5h)
[1355/2186] 21:34:45 n=1643   B=93875      d=0.0696 parts=2/3 certK=4 cert 271.43s  (avg 150.79s, eta 34.8h)
[1356/2186] 21:37:00 n=1644   B=286146     d=0.2119 parts=2/2 certK=3 cert 134.94s  (avg 146.36s, eta 33.7h)
[1357/2186] 21:40:22 n=1645   B=213906     d=0.1582 parts=2/2 certK=3 cert 201.96s  (avg 149.23s, eta 34.4h)
[1358/2186] 21:40:55 n=1646   B=676506     d=0.4997 parts=1/1 certK=2 cert  33.25s  (avg 140.36s, eta 32.3h)
[1359/2186] 21:45:29 n=1647   B=146340     d=0.1080 parts=2/3 certK=4 cert 273.74s  (avg 149.87s, eta 34.4h)
[1360/2186] 21:47:32 n=1648   B=326836     d=0.2408 parts=2/2 certK=3 cert 122.60s  (avg 149.08s, eta 34.2h)
[1361/2186] 21:51:56 n=1649   B=114413     d=0.0842 parts=2/3 certK=4 cert 264.42s  (avg 158.24s, eta 36.3h)
[1362/2186] 21:53:58 n=1650   B=328455     d=0.2414 parts=2/2 certK=3 cert 121.52s  (avg 160.68s, eta 36.8h)
[1363/2186] 21:58:07 n=1651   B=149189     d=0.1095 parts=2/3 certK=4 cert 248.92s  (avg 165.67s, eta 37.9h)
[1364/2186] 22:00:52 n=1652   B=179747     d=0.1318 parts=2/2 certK=3 cert 165.63s  (avg 162.74s, eta 37.2h)
[1365/2186] 22:04:14 n=1653   B=217622     d=0.1594 parts=2/2 certK=3 cert 201.69s  (avg 166.08s, eta 37.9h)
[1366/2186] 22:04:47 n=1654   B=683102     d=0.4997 parts=1/1 certK=2 cert  32.70s  (avg 160.76s, eta 36.6h)
[1367/2186] 22:07:04 n=1655   B=273075     d=0.1995 parts=1/2 certK=3 cert 137.10s  (avg 157.15s, eta 35.8h)
[1368/2186] 22:09:15 n=1656   B=295296     d=0.2155 parts=2/2 certK=3 cert 131.51s  (avg 157.20s, eta 35.7h)
[1369/2186] 22:09:49 n=1658   B=686412     d=0.4997 parts=1/1 certK=2 cert  33.24s  (avg 152.18s, eta 34.5h)
[1370/2186] 22:13:09 n=1659   B=158603     d=0.1153 parts=2/2 certK=3 cert 200.50s  (avg 155.01s, eta 35.1h)
[1371/2186] 22:15:16 n=1660   B=336610     d=0.2445 parts=2/2 certK=3 cert 126.75s  (avg 152.47s, eta 34.5h)
[1372/2186] 22:19:50 n=1661   B=124575     d=0.0904 parts=1/3 certK=4 cert 274.24s  (avg 156.57s, eta 35.4h)
[1373/2186] 22:21:51 n=1662   B=338253     d=0.2451 parts=2/2 certK=3 cert 120.84s  (avg 153.75s, eta 34.7h)
[1374/2186] 22:24:42 n=1664   B=179747     d=0.1299 parts=2/2 certK=3 cert 170.67s  (avg 155.96s, eta 35.2h)
[1375/2186] 22:29:09 n=1665   B=136957     d=0.0989 parts=2/3 certK=4 cert 267.89s  (avg 161.44s, eta 36.4h)
[1376/2186] 22:31:00 n=1666   B=341551     d=0.2463 parts=2/2 certK=3 cert 110.24s  (avg 156.17s, eta 35.1h)
[1377/2186] 22:32:50 n=1668   B=343206     d=0.2469 parts=2/2 certK=3 cert 110.71s  (avg 154.02s, eta 34.6h)
[1378/2186] 22:35:37 n=1670   B=179747     d=0.1290 parts=2/2 certK=3 cert 166.58s  (avg 158.26s, eta 35.5h)
[1379/2186] 22:36:38 n=1671   B=464538     d=0.3329 parts=1/1 certK=2 cert  61.30s  (avg 159.38s, eta 35.7h)
[1380/2186] 22:38:40 n=1672   B=326836     d=0.2340 parts=2/2 certK=3 cert 121.77s  (avg 153.39s, eta 34.3h)
[1381/2186] 22:41:32 n=1673   B=199087     d=0.1423 parts=1/2 certK=3 cert 172.30s  (avg 154.88s, eta 34.6h)
[1382/2186] 22:43:40 n=1674   B=328455     d=0.2346 parts=2/2 certK=3 cert 127.90s  (avg 151.92s, eta 33.9h)
[1383/2186] 22:46:53 n=1675   B=158603     d=0.1131 parts=2/2 certK=3 cert 192.63s  (avg 158.30s, eta 35.3h)
[1384/2186] 22:49:09 n=1676   B=350284     d=0.2496 parts=1/2 certK=3 cert 136.18s  (avg 152.79s, eta 34.0h)
[1385/2186] 22:52:19 n=1677   B=228962     d=0.1629 parts=2/2 certK=3 cert 189.23s  (avg 155.46s, eta 34.6h)
[1386/2186] 22:52:53 n=1678   B=703082     d=0.4997 parts=1/1 certK=2 cert  34.31s  (avg 146.25s, eta 32.5h)
[1387/2186] 22:57:34 n=1679   B=99012      d=0.0703 parts=2/3 certK=4 cert 280.73s  (avg 152.62s, eta 33.9h)
[1388/2186] 22:59:36 n=1680   B=351541     d=0.2493 parts=2/2 certK=3 cert 122.77s  (avg 147.58s, eta 32.7h)
[1389/2186] 23:00:11 n=1682   B=706440     d=0.4997 parts=1/1 certK=2 cert  34.26s  (avg 142.32s, eta 31.5h)
[1390/2186] 23:03:38 n=1683   B=158603     d=0.1121 parts=2/2 certK=3 cert 207.12s  (avg 142.54s, eta 31.5h)
[1391/2186] 23:05:41 n=1684   B=353640     d=0.2496 parts=1/2 certK=3 cert 122.80s  (avg 146.14s, eta 32.3h)
[1392/2186] 23:08:04 n=1685   B=283080     d=0.1995 parts=1/2 certK=3 cert 143.04s  (avg 146.38s, eta 32.3h)
[1393/2186] 23:10:11 n=1686   B=338253     d=0.2381 parts=2/2 certK=3 cert 127.35s  (avg 146.22s, eta 32.2h)
[1394/2186] 23:12:59 n=1687   B=202440     d=0.1423 parts=1/2 certK=3 cert 167.96s  (avg 151.60s, eta 33.4h)
[1395/2186] 23:16:01 n=1688   B=180300     d=0.1266 parts=2/2 certK=3 cert 181.75s  (avg 150.85s, eta 33.1h)
[1396/2186] 23:17:05 n=1689   B=474609     d=0.3329 parts=1/1 certK=2 cert  64.51s  (avg 148.36s, eta 32.6h)
[1397/2186] 23:19:14 n=1690   B=341551     d=0.2393 parts=2/2 certK=3 cert 128.90s  (avg 142.55s, eta 31.2h)
[1398/2186] 23:23:50 n=1691   B=117612     d=0.0823 parts=2/3 certK=4 cert 275.44s  (avg 148.73s, eta 32.6h)
[1399/2186] 23:25:57 n=1692   B=351541     d=0.2457 parts=2/2 certK=3 cert 127.20s  (avg 146.99s, eta 32.1h)
[1400/2186] 23:28:58 n=1694   B=183921     d=0.1283 parts=2/2 certK=3 cert 181.26s  (avg 143.53s, eta 31.3h)
[1401/2186] 23:33:25 n=1695   B=158203     d=0.1102 parts=2/3 certK=4 cert 267.15s  (avg 149.81s, eta 32.7h)
[1402/2186] 23:35:31 n=1696   B=351541     d=0.2446 parts=2/2 certK=3 cert 125.78s  (avg 150.41s, eta 32.8h)
[1403/2186] 23:37:41 n=1698   B=351541     d=0.2440 parts=2/2 certK=3 cert 129.77s  (avg 148.94s, eta 32.4h)
[1404/2186] 23:40:46 n=1700   B=187578     d=0.1299 parts=2/2 certK=3 cert 184.91s  (avg 153.88s, eta 33.4h)
[1405/2186] 23:43:36 n=1701   B=240590     d=0.1664 parts=2/2 certK=3 cert 170.31s  (avg 155.82s, eta 33.8h)
[1406/2186] 23:45:49 n=1702   B=351541     d=0.2429 parts=2/2 certK=3 cert 132.99s  (avg 154.25s, eta 33.4h)
[1407/2186] 23:50:35 n=1703   B=110695     d=0.0764 parts=1/3 certK=4 cert 285.61s  (avg 160.56s, eta 34.7h)
[1408/2186] 23:52:48 n=1704   B=353220     d=0.2434 parts=2/2 certK=3 cert 133.15s  (avg 158.18s, eta 34.2h)
[1409/2186] 23:57:12 n=1705   B=158203     d=0.1089 parts=2/3 certK=4 cert 264.51s  (avg 163.31s, eta 35.2h)
[1410/2186] 23:57:49 n=1706   B=726756     d=0.4997 parts=1/1 certK=2 cert  36.49s  (avg 157.20s, eta 33.9h)
[1411/2186] 23:58:56 n=1707   B=484788     d=0.3329 parts=1/1 certK=2 cert  67.08s  (avg 158.51s, eta 34.1h)
[1412/2186] 00:01:13 n=1708   B=336610     d=0.2309 parts=2/2 certK=3 cert 136.77s  (avg 152.76s, eta 32.8h)
[1413/2186] 00:03:31 n=1710   B=338253     d=0.2315 parts=2/2 certK=3 cert 138.70s  (avg 153.39s, eta 32.9h)
[1414/2186] 00:08:36 n=1711   B=109230     d=0.0747 parts=2/3 certK=4 cert 304.51s  (avg 164.20s, eta 35.2h)
[1415/2186] 00:11:18 n=1712   B=265356     d=0.1812 parts=2/2 certK=3 cert 162.31s  (avg 162.41s, eta 34.8h)
[1416/2186] 00:12:26 n=1713   B=488205     d=0.3329 parts=1/1 certK=2 cert  68.25s  (avg 160.23s, eta 34.3h)
[1417/2186] 00:13:04 n=1714   B=733592     d=0.4997 parts=1/1 certK=2 cert  37.11s  (avg 155.99s, eta 33.3h)
[1418/2186] 00:15:36 n=1715   B=293265     d=0.1995 parts=1/2 certK=3 cert 152.77s  (avg 157.01s, eta 33.5h)
[1419/2186] 00:17:48 n=1716   B=363378     d=0.2469 parts=2/2 certK=3 cert 131.82s  (avg 155.56s, eta 33.1h)
[1420/2186] 00:21:03 n=1717   B=248502     d=0.1687 parts=2/2 certK=3 cert 194.74s  (avg 156.08s, eta 33.2h)
[1421/2186] 00:21:39 n=1718   B=737022     d=0.4997 parts=1/1 certK=2 cert  36.37s  (avg 154.96s, eta 32.9h)
[1422/2186] 00:26:00 n=1719   B=163305     d=0.1106 parts=1/3 certK=4 cert 260.73s  (avg 160.23s, eta 34.0h)
[1423/2186] 00:28:13 n=1720   B=366796     d=0.2481 parts=2/2 certK=3 cert 132.59s  (avg 154.52s, eta 32.7h)
[1424/2186] 00:30:33 n=1722   B=368511     d=0.2487 parts=2/2 certK=3 cert 140.15s  (avg 155.03s, eta 32.8h)
[1425/2186] 00:32:46 n=1724   B=370660     d=0.2496 parts=1/2 certK=3 cert 132.92s  (avg 153.10s, eta 32.4h)
[1426/2186] 00:35:59 n=1725   B=252506     d=0.1698 parts=2/2 certK=3 cert 192.94s  (avg 150.13s, eta 31.7h)
[1427/2186] 00:36:35 n=1726   B=743906     d=0.4997 parts=1/1 certK=2 cert  36.62s  (avg 146.57s, eta 30.9h)
[1428/2186] 00:41:13 n=1727   B=134706     d=0.0904 parts=1/3 certK=4 cert 277.82s  (avg 152.49s, eta 32.1h)
[1429/2186] 00:43:35 n=1728   B=353220     d=0.2367 parts=2/2 certK=3 cert 142.34s  (avg 150.78s, eta 31.7h)
[1430/2186] 00:47:29 n=1729   B=171991     d=0.1151 parts=2/2 certK=3 cert 233.92s  (avg 153.33s, eta 32.2h)
[1431/2186] 00:50:36 n=1730   B=196747     d=0.1316 parts=2/2 certK=3 cert 186.21s  (avg 155.46s, eta 32.6h)
[1432/2186] 00:51:44 n=1731   B=498528     d=0.3329 parts=1/1 certK=2 cert  68.10s  (avg 146.76s, eta 30.7h)
[1433/2186] 00:53:55 n=1732   B=374112     d=0.2496 parts=1/2 certK=3 cert 130.86s  (avg 146.67s, eta 30.7h)
[1434/2186] 00:56:35 n=1734   B=281625     d=0.1874 parts=2/2 certK=3 cert 160.19s  (avg 142.49s, eta 29.8h)
[1435/2186] 00:59:09 n=1735   B=300155     d=0.1995 parts=1/2 certK=3 cert 154.13s  (avg 147.20s, eta 30.7h)
[1436/2186] 01:02:31 n=1736   B=171991     d=0.1142 parts=2/2 certK=3 cert 202.23s  (avg 152.61s, eta 31.8h)
[1437/2186] 01:06:54 n=1737   B=166752     d=0.1106 parts=1/3 certK=4 cert 263.02s  (avg 157.66s, eta 32.8h)
[1438/2186] 01:09:40 n=1738   B=258121     d=0.1710 parts=2/2 certK=3 cert 166.19s  (avg 158.75s, eta 33.0h)
[1439/2186] 01:16:21 n=1739   B=73792      d=0.0488 parts=2/4 certK=5 cert 400.84s  (avg 162.61s, eta 33.7h)
[1440/2186] 01:18:36 n=1740   B=371953     d=0.2458 parts=2/2 certK=3 cert 135.02s  (avg 161.52s, eta 33.5h)
[1441/2186] 01:23:24 n=1742   B=128334     d=0.0846 parts=2/3 certK=4 cert 287.73s  (avg 170.30s, eta 35.2h)
[1442/2186] 01:26:11 n=1743   B=258121     d=0.1700 parts=2/2 certK=3 cert 166.91s  (avg 175.49s, eta 36.3h)
[1443/2186] 01:28:28 n=1744   B=371953     d=0.2447 parts=2/2 certK=3 cert 137.12s  (avg 174.86s, eta 36.1h)
[1444/2186] 01:31:03 n=1745   B=303630     d=0.1995 parts=1/2 certK=3 cert 154.93s  (avg 175.79s, eta 36.2h)
[1445/2186] 01:33:19 n=1746   B=371953     d=0.2442 parts=2/2 certK=3 cert 136.36s  (avg 173.45s, eta 35.7h)
[1446/2186] 01:36:09 n=1748   B=265356     d=0.1738 parts=2/2 certK=3 cert 169.32s  (avg 178.77s, eta 36.7h)
[1447/2186] 01:39:39 n=1749   B=195806     d=0.1281 parts=2/2 certK=3 cert 210.12s  (avg 176.74s, eta 36.3h)
[1448/2186] 01:42:02 n=1750   B=371953     d=0.2430 parts=2/2 certK=3 cert 143.68s  (avg 177.19s, eta 36.3h)
[1449/2186] 01:47:28 n=1751   B=98432      d=0.0642 parts=2/3 certK=4 cert 325.86s  (avg 184.62s, eta 37.8h)
[1450/2186] 01:50:22 n=1752   B=295296     d=0.1925 parts=2/2 certK=3 cert 173.60s  (avg 186.24s, eta 38.1h)
[1451/2186] 01:51:04 n=1754   B=768252     d=0.4997 parts=1/1 certK=2 cert  42.19s  (avg 180.21s, eta 36.8h)
[1452/2186] 01:56:16 n=1755   B=158603     d=0.1030 parts=2/3 certK=4 cert 311.65s  (avg 191.21s, eta 39.0h)
[1453/2186] 01:58:37 n=1756   B=384564     d=0.2496 parts=1/2 certK=3 cert 140.96s  (avg 185.74s, eta 37.8h)
[1454/2186] 02:01:50 n=1757   B=219625     d=0.1424 parts=1/2 certK=3 cert 192.96s  (avg 187.76s, eta 38.2h)
[1455/2186] 02:04:17 n=1758   B=351541     d=0.2276 parts=2/2 certK=3 cert 147.69s  (avg 184.32s, eta 37.4h)
[1456/2186] 02:07:38 n=1760   B=196747     d=0.1271 parts=2/2 certK=3 cert 200.83s  (avg 184.90s, eta 37.5h)
[1457/2186] 02:08:51 n=1761   B=515973     d=0.3330 parts=1/1 certK=2 cert  72.36s  (avg 185.07s, eta 37.5h)
[1458/2186] 02:09:30 n=1762   B=775280     d=0.4997 parts=1/1 certK=2 cert  39.23s  (avg 181.41s, eta 36.7h)
[1459/2186] 02:16:35 n=1763   B=95141      d=0.0613 parts=2/4 certK=5 cert 425.35s  (avg 192.01s, eta 38.8h)
[1460/2186] 02:18:58 n=1764   B=384126     d=0.2470 parts=2/2 certK=3 cert 142.74s  (avg 191.56s, eta 38.6h)
[1461/2186] 02:21:51 n=1765   B=310640     d=0.1995 parts=1/2 certK=3 cert 173.05s  (avg 190.39s, eta 38.3h)
[1462/2186] 02:22:33 n=1766   B=778806     d=0.4997 parts=1/1 certK=2 cert  41.83s  (avg 181.54s, eta 36.5h)
[1463/2186] 02:28:03 n=1767   B=128522     d=0.0824 parts=2/3 certK=4 cert 329.65s  (avg 188.08s, eta 37.8h)
[1464/2186] 02:30:26 n=1768   B=387640     d=0.2482 parts=2/2 certK=3 cert 143.91s  (avg 177.80s, eta 35.7h)
[1465/2186] 02:36:02 n=1769   B=136957     d=0.0876 parts=2/3 certK=4 cert 335.84s  (avg 185.84s, eta 37.2h)
[1466/2186] 02:38:22 n=1770   B=389403     d=0.2487 parts=2/2 certK=3 cert 140.13s  (avg 179.93s, eta 36.0h)
[1467/2186] 03:58:31 n=1771   B=158603     d=0.1012 parts=2/3 certK=4 cert 4808.51s  (avg 365.59s, eta 73.0h)
[1468/2186] 04:00:54 n=1772   B=391612     d=0.2496 parts=1/2 certK=3 cert 143.40s  (avg 365.85s, eta 73.0h)
[1469/2186] 04:04:22 n=1773   B=217622     d=0.1385 parts=2/2 certK=3 cert 207.81s  (avg 367.96s, eta 73.3h)
[1470/2186] 04:05:02 n=1774   B=785882     d=0.4997 parts=1/1 certK=2 cert  40.14s  (avg 364.11s, eta 72.4h)
[1471/2186] 04:10:37 n=1775   B=98432      d=0.0625 parts=2/3 certK=4 cert 334.80s  (avg 370.73s, eta 73.6h)
[1472/2186] 04:13:17 n=1776   B=351541     d=0.2230 parts=2/2 certK=3 cert 159.53s  (avg 368.71s, eta 73.1h)
[1473/2186] 04:16:50 n=1778   B=196747     d=0.1245 parts=2/2 certK=3 cert 213.01s  (avg 371.48s, eta 73.6h)
[1474/2186] 04:18:07 n=1779   B=526584     d=0.3330 parts=1/1 certK=2 cert  77.69s  (avg 361.56s, eta 71.5h)
[1475/2186] 04:20:47 n=1780   B=351541     d=0.2220 parts=2/2 certK=3 cert 159.20s  (avg 360.98s, eta 71.3h)
[1476/2186] 04:26:11 n=1781   B=121108     d=0.0764 parts=1/3 certK=4 cert 324.64s  (avg 372.28s, eta 73.4h)
[1477/2186] 04:28:47 n=1782   B=371953     d=0.2344 parts=2/2 certK=3 cert 155.68s  (avg 366.04s, eta 72.1h)
[1478/2186] 04:32:22 n=1784   B=198024     d=0.1245 parts=1/2 certK=3 cert 215.23s  (avg 369.01s, eta 72.6h)
[1479/2186] 04:38:04 n=1785   B=171991     d=0.1080 parts=2/3 certK=4 cert 342.23s  (avg 374.98s, eta 73.6h)
[1480/2186] 04:40:48 n=1786   B=351541     d=0.2205 parts=2/2 certK=3 cert 164.02s  (avg 375.63s, eta 73.7h)
[1481/2186] 04:43:49 n=1788   B=295296     d=0.1848 parts=2/2 certK=3 cert 180.93s  (avg 374.84s, eta 73.4h)
[1482/2186] 04:47:30 n=1790   B=179747     d=0.1123 parts=2/2 certK=3 cert 221.12s  (avg 380.79s, eta 74.5h)
[1483/2186] 04:52:30 n=1791   B=177309     d=0.1106 parts=1/3 certK=4 cert 299.81s  (avg 391.21s, eta 76.4h)
[1484/2186] 04:55:13 n=1792   B=371953     d=0.2318 parts=2/2 certK=3 cert 162.31s  (avg 380.69s, eta 74.2h)
[1485/2186] 05:00:36 n=1793   B=145233     d=0.0904 parts=1/3 certK=4 cert 323.54s  (avg 387.92s, eta 75.5h)
[1486/2186] 05:03:12 n=1794   B=392941     d=0.2443 parts=2/2 certK=3 cert 155.77s  (avg 387.23s, eta 75.3h)
[1487/2186] 05:06:10 n=1795   B=321305     d=0.1996 parts=1/2 certK=3 cert 178.02s  (avg 392.68s, eta 76.2h)
[1488/2186] 05:08:43 n=1796   B=402304     d=0.2496 parts=1/2 certK=3 cert 152.96s  (avg 385.61s, eta 74.8h)
[1489/2186] 05:10:02 n=1797   B=537303     d=0.3330 parts=1/1 certK=2 cert  79.64s  (avg 383.04s, eta 74.2h)
[1490/2186] 05:12:39 n=1798   B=392941     d=0.2432 parts=2/2 certK=3 cert 157.00s  (avg 375.89s, eta 72.7h)
[1491/2186] 05:16:10 n=1799   B=230272     d=0.1424 parts=1/2 certK=3 cert 210.13s  (avg 378.69s, eta 73.1h)
[1492/2186] 05:18:52 n=1800   B=371953     d=0.2297 parts=2/2 certK=3 cert 162.47s  (avg 192.84s, eta 37.2h)
[1493/2186] 05:24:23 n=1802   B=147015     d=0.0906 parts=2/3 certK=4 cert 330.96s  (avg 200.35s, eta 38.6h)
[1494/2186] 05:25:43 n=1803   B=540900     d=0.3330 parts=1/1 certK=2 cert  79.85s  (avg 195.23s, eta 37.5h)
[1495/2186] 05:28:28 n=1804   B=371953     d=0.2287 parts=2/2 certK=3 cert 165.35s  (avg 200.24s, eta 38.4h)
[1496/2186] 05:40:10 n=1805   B=324900     d=0.1996 parts=1/2 certK=3 cert 701.35s  (avg 214.90s, eta 41.2h)
[1497/2186] 05:42:48 n=1806   B=392941     d=0.2411 parts=2/2 certK=3 cert 158.48s  (avg 214.86s, eta 41.1h)
[1498/2186] 05:48:11 n=1807   B=158203     d=0.0970 parts=2/3 certK=4 cert 323.22s  (avg 219.26s, eta 41.9h)
[1499/2186] 05:53:16 n=1808   B=179747     d=0.1100 parts=2/3 certK=4 cert 305.17s  (avg 228.36s, eta 43.6h)
[1500/2186] 05:59:01 n=1809   B=126253     d=0.0772 parts=2/3 certK=4 cert 344.36s  (avg 235.77s, eta 44.9h)
[1501/2186] 06:01:43 n=1810   B=371953     d=0.2272 parts=2/2 certK=3 cert 162.50s  (avg 229.28s, eta 43.6h)
[1502/2186] 06:04:38 n=1812   B=343206     d=0.2092 parts=2/2 certK=3 cert 174.96s  (avg 230.06s, eta 43.7h)
[1503/2186] 06:08:53 n=1813   B=258121     d=0.1571 parts=2/2 certK=3 cert 254.70s  (avg 231.63s, eta 43.9h)
[1504/2186] 06:09:37 n=1814   B=821742     d=0.4997 parts=1/1 certK=2 cert  43.73s  (avg 219.69s, eta 41.6h)
[1505/2186] 06:15:23 n=1815   B=171991     d=0.1045 parts=2/3 certK=4 cert 346.33s  (avg 226.99s, eta 42.9h)
[1506/2186] 06:17:57 n=1816   B=392941     d=0.2384 parts=2/2 certK=3 cert 153.71s  (avg 225.90s, eta 42.7h)
[1507/2186] 06:25:37 n=1817   B=75466      d=0.0457 parts=2/4 certK=5 cert 460.11s  (avg 235.46s, eta 44.4h)
[1508/2186] 06:29:05 n=1818   B=250986     d=0.1520 parts=2/2 certK=3 cert 207.79s  (avg 231.78s, eta 43.7h)
[1509/2186] 06:34:39 n=1819   B=149189     d=0.0902 parts=2/3 certK=4 cert 334.55s  (avg 238.67s, eta 44.9h)
[1510/2186] 06:38:27 n=1820   B=196747     d=0.1189 parts=2/2 certK=3 cert 228.16s  (avg 234.85s, eta 44.1h)
[1511/2186] 06:39:48 n=1821   B=551763     d=0.3330 parts=1/1 certK=2 cert  80.54s  (avg 231.84s, eta 43.5h)
[1512/2186] 06:40:32 n=1822   B=829010     d=0.4997 parts=1/1 certK=2 cert  43.80s  (avg 226.47s, eta 42.4h)
[1513/2186] 06:43:17 n=1824   B=392941     d=0.2363 parts=2/2 certK=3 cert 164.98s  (avg 226.95s, eta 42.4h)
[1514/2186] 06:49:01 n=1825   B=171991     d=0.1033 parts=2/3 certK=4 cert 344.69s  (avg 237.56s, eta 44.3h)
[1515/2186] 06:52:54 n=1826   B=196747     d=0.1181 parts=2/2 certK=3 cert 232.27s  (avg 240.57s, eta 44.8h)
[1516/2186] 06:59:02 n=1827   B=128522     d=0.0770 parts=2/3 certK=4 cert 368.74s  (avg 246.91s, eta 46.0h)
[1517/2186] 07:16:36 n=1828   B=416784     d=0.2496 parts=1/2 certK=3 cert 1053.35s  (avg 282.55s, eta 52.5h)
[1518/2186] 07:22:48 n=1829   B=112751     d=0.0674 parts=2/3 certK=4 cert 372.33s  (avg 284.20s, eta 52.7h)
[1519/2186] 07:25:39 n=1830   B=371953     d=0.2223 parts=2/2 certK=3 cert 171.35s  (avg 287.86s, eta 53.3h)
[1520/2186] 07:29:30 n=1832   B=208848     d=0.1245 parts=1/2 certK=3 cert 230.15s  (avg 290.45s, eta 53.7h)
[1521/2186] 07:35:23 n=1833   B=154846     d=0.0922 parts=2/3 certK=4 cert 353.63s  (avg 276.54s, eta 51.1h)
[1522/2186] 07:38:12 n=1834   B=392941     d=0.2338 parts=2/2 certK=3 cert 169.10s  (avg 276.97s, eta 51.1h)
[1523/2186] 07:41:17 n=1835   B=335805     d=0.1996 parts=1/2 certK=3 cert 184.96s  (avg 271.44s, eta 50.0h)
[1524/2186] 07:44:11 n=1836   B=363378     d=0.2157 parts=2/2 certK=3 cert 173.63s  (avg 266.18s, eta 48.9h)
[1525/2186] 07:48:03 n=1837   B=248502     d=0.1474 parts=2/2 certK=3 cert 232.43s  (avg 261.70s, eta 48.1h)
[1526/2186] 07:48:48 n=1838   B=843642     d=0.4997 parts=1/1 certK=2 cert  44.79s  (avg 256.99s, eta 47.1h)
[1527/2186] 07:50:10 n=1839   B=562734     d=0.3330 parts=1/1 certK=2 cert  82.01s  (avg 253.27s, eta 46.4h)
[1528/2186] 07:53:00 n=1840   B=392941     d=0.2323 parts=2/2 certK=3 cert 170.19s  (avg 249.89s, eta 45.7h)
[1529/2186] 07:56:39 n=1841   B=241171     d=0.1424 parts=1/2 certK=3 cert 218.95s  (avg 256.90s, eta 46.9h)
[1530/2186] 07:59:36 n=1842   B=368511     d=0.2173 parts=2/2 certK=3 cert 176.54s  (avg 250.11s, eta 45.6h)
[1531/2186] 08:05:27 n=1843   B=158603     d=0.0934 parts=2/3 certK=4 cert 351.01s  (avg 258.00s, eta 46.9h)
[1532/2186] 08:08:05 n=1844   B=424120     d=0.2496 parts=1/2 certK=3 cert 157.83s  (avg 245.91s, eta 44.7h)
[1533/2186] 08:12:33 n=1845   B=258121     d=0.1517 parts=2/2 certK=3 cert 267.89s  (avg 248.32s, eta 45.0h)
[1534/2186] 08:15:26 n=1846   B=371953     d=0.2184 parts=2/2 certK=3 cert 173.20s  (avg 241.86s, eta 43.8h)
[1535/2186] 08:18:16 n=1848   B=392941     d=0.2302 parts=2/2 certK=3 cert 169.85s  (avg 239.53s, eta 43.3h)
[1536/2186] 08:38:40 n=1850   B=179747     d=0.1051 parts=2/3 certK=4 cert 1224.00s  (avg 285.27s, eta 51.5h)
[1537/2186] 08:40:03 n=1851   B=570108     d=0.3330 parts=1/1 certK=2 cert  83.07s  (avg 286.84s, eta 51.7h)
[1538/2186] 08:42:44 n=1852   B=427812     d=0.2496 parts=1/2 certK=3 cert 161.38s  (avg 286.69s, eta 51.6h)
[1539/2186] 08:48:39 n=1853   B=146306     d=0.0853 parts=2/3 certK=4 cert 354.90s  (avg 287.10s, eta 51.6h)
[1540/2186] 08:51:31 n=1854   B=392941     d=0.2288 parts=2/2 certK=3 cert 172.04s  (avg 284.69s, eta 51.1h)
[1541/2186] 08:57:51 n=1855   B=146070     d=0.0849 parts=2/3 certK=4 cert 380.14s  (avg 285.15s, eta 51.1h)
[1542/2186] 09:01:52 n=1856   B=196747     d=0.1143 parts=2/2 certK=3 cert 240.59s  (avg 252.64s, eta 45.2h)
[1543/2186] 09:03:16 n=1857   B=573813     d=0.3330 parts=1/1 certK=2 cert  83.91s  (avg 241.10s, eta 43.1h)
[1544/2186] 09:04:01 n=1858   B=862112     d=0.4997 parts=1/1 certK=2 cert  45.23s  (avg 236.06s, eta 42.1h)
[1545/2186] 09:09:45 n=1859   B=156156     d=0.0904 parts=1/3 certK=4 cert 344.39s  (avg 240.63s, eta 42.8h)
[1546/2186] 09:12:42 n=1860   B=384126     d=0.2222 parts=2/2 certK=3 cert 176.47s  (avg 233.54s, eta 41.5h)
[1547/2186] 09:18:13 n=1862   B=179747     d=0.1037 parts=2/3 certK=4 cert 331.12s  (avg 240.02s, eta 42.6h)
[1548/2186] 09:21:21 n=1863   B=351541     d=0.2027 parts=2/2 certK=3 cert 188.19s  (avg 240.15s, eta 42.6h)
[1549/2186] 09:24:16 n=1864   B=392941     d=0.2263 parts=2/2 certK=3 cert 175.20s  (avg 240.21s, eta 42.5h)
[1550/2186] 09:27:26 n=1865   B=346890     d=0.1996 parts=1/2 certK=3 cert 190.14s  (avg 238.52s, eta 42.1h)
[1551/2186] 09:30:24 n=1866   B=389403     d=0.2238 parts=2/2 certK=3 cert 177.73s  (avg 243.84s, eta 43.0h)
[1552/2186] 09:33:08 n=1868   B=435244     d=0.2496 parts=1/2 certK=3 cert 164.21s  (avg 247.13s, eta 43.5h)
[1553/2186] 09:37:37 n=1869   B=252506     d=0.1446 parts=2/2 certK=3 cert 268.45s  (avg 251.06s, eta 44.1h)
[1554/2186] 09:40:35 n=1870   B=392941     d=0.2249 parts=2/2 certK=3 cert 178.46s  (avg 249.44s, eta 43.8h)
[1555/2186] 09:43:41 n=1872   B=371953     d=0.2124 parts=2/2 certK=3 cert 185.29s  (avg 249.79s, eta 43.8h)
[1556/2186] 09:44:29 n=1874   B=877032     d=0.4997 parts=1/1 certK=2 cert  48.01s  (avg 237.67s, eta 41.6h)
[1557/2186] 09:45:52 n=1875   B=585000     d=0.3330 parts=1/1 certK=2 cert  83.59s  (avg 234.70s, eta 41.0h)
[1558/2186] 09:49:01 n=1876   B=371953     d=0.2115 parts=2/2 certK=3 cert 188.31s  (avg 231.51s, eta 40.4h)
[1559/2186] 09:52:07 n=1878   B=392941     d=0.2229 parts=2/2 certK=3 cert 186.51s  (avg 232.05s, eta 40.4h)
[1560/2186] 09:57:59 n=1880   B=180093     d=0.1020 parts=2/3 certK=4 cert 351.97s  (avg 239.33s, eta 41.6h)
[1561/2186] 10:04:07 n=1881   B=185330     d=0.1048 parts=2/3 certK=4 cert 367.66s  (avg 205.08s, eta 35.6h)
[1562/2186] 10:04:56 n=1882   B=884540     d=0.4997 parts=1/1 certK=2 cert  49.10s  (avg 203.72s, eta 35.3h)
[1563/2186] 10:08:52 n=1883   B=252322     d=0.1424 parts=1/2 certK=3 cert 236.13s  (avg 206.71s, eta 35.8h)
[1564/2186] 10:11:59 n=1884   B=392941     d=0.2215 parts=2/2 certK=3 cert 187.53s  (avg 200.01s, eta 34.6h)
[1565/2186] 10:16:19 n=1885   B=273006     d=0.1537 parts=2/2 certK=3 cert 259.18s  (avg 203.50s, eta 35.1h)
[1566/2186] 10:20:49 n=1886   B=226398     d=0.1274 parts=2/2 certK=3 cert 270.84s  (avg 199.13s, eta 34.3h)
[1567/2186] 10:39:01 n=1887   B=371953     d=0.2090 parts=2/2 certK=3 cert 1091.47s  (avg 233.16s, eta 40.1h)
[1568/2186] 10:42:24 n=1888   B=351541     d=0.1973 parts=2/2 certK=3 cert 203.24s  (avg 237.94s, eta 40.8h)
[1569/2186] 10:45:21 n=1890   B=410871     d=0.2302 parts=2/2 certK=3 cert 177.25s  (avg 243.22s, eta 41.7h)
[1570/2186] 10:51:46 n=1891   B=158603     d=0.0888 parts=2/3 certK=4 cert 384.12s  (avg 244.81s, eta 41.9h)
[1571/2186] 10:57:39 n=1892   B=179747     d=0.1005 parts=2/3 certK=4 cert 353.59s  (avg 251.89s, eta 43.0h)
[1572/2186] 10:59:07 n=1893   B=596295     d=0.3330 parts=1/1 certK=2 cert  87.67s  (avg 242.15s, eta 41.3h)
[1573/2186] 10:59:54 n=1894   B=895862     d=0.4997 parts=1/1 certK=2 cert  47.39s  (avg 236.52s, eta 40.3h)
[1574/2186] 11:18:13 n=1895   B=358155     d=0.1996 parts=1/2 certK=3 cert 1098.64s  (avg 273.46s, eta 46.5h)
[1575/2186] 11:21:24 n=1896   B=392941     d=0.2187 parts=2/2 certK=3 cert 190.93s  (avg 273.49s, eta 46.4h)
[1576/2186] 11:25:22 n=1897   B=256095     d=0.1424 parts=1/2 certK=3 cert 238.12s  (avg 275.91s, eta 46.8h)
[1577/2186] 11:31:09 n=1898   B=196747     d=0.1093 parts=2/3 certK=4 cert 347.08s  (avg 283.22s, eta 47.9h)
[1578/2186] 11:36:48 n=1899   B=199395     d=0.1106 parts=1/3 certK=4 cert 338.70s  (avg 286.03s, eta 48.3h)
[1579/2186] 11:39:50 n=1900   B=392941     d=0.2178 parts=2/2 certK=3 cert 182.17s  (avg 286.18s, eta 48.3h)
[1580/2186] 11:42:45 n=1902   B=421821     d=0.2333 parts=2/2 certK=3 cert 174.78s  (avg 285.76s, eta 48.1h)
[1581/2186] 11:48:39 n=1903   B=163658     d=0.0904 parts=1/3 certK=4 cert 354.19s  (avg 298.01s, eta 50.1h)
[1582/2186] 11:54:34 n=1904   B=180093     d=0.0994 parts=2/3 certK=4 cert 355.51s  (avg 308.88s, eta 51.8h)
[1583/2186] 12:00:41 n=1905   B=195806     d=0.1080 parts=2/3 certK=4 cert 366.52s  (avg 316.01s, eta 52.9h)
[1584/2186] 12:01:32 n=1906   B=907256     d=0.4997 parts=1/1 certK=2 cert  51.06s  (avg 310.59s, eta 51.9h)
[1585/2186] 12:04:45 n=1908   B=392941     d=0.2160 parts=2/2 certK=3 cert 193.23s  (avg 304.24s, eta 50.8h)
[1586/2186] 12:09:27 n=1909   B=273006     d=0.1499 parts=2/2 certK=3 cert 281.69s  (avg 300.81s, eta 50.1h)
[1587/2186] 12:15:20 n=1910   B=196747     d=0.1079 parts=2/3 certK=4 cert 352.64s  (avg 312.95s, eta 52.1h)
[1588/2186] 12:18:35 n=1911   B=392941     d=0.2153 parts=2/2 certK=3 cert 195.53s  (avg 311.32s, eta 51.7h)
[1589/2186] 12:21:39 n=1912   B=431056     d=0.2359 parts=2/2 certK=3 cert 183.85s  (avg 311.18s, eta 51.6h)
[1590/2186] 12:25:04 n=1914   B=371953     d=0.2032 parts=2/2 certK=3 cert 204.78s  (avg 309.00s, eta 51.2h)
[1591/2186] 12:28:31 n=1915   B=365765     d=0.1996 parts=1/2 certK=3 cert 207.20s  (avg 306.45s, eta 50.7h)
[1592/2186] 12:31:30 n=1916   B=457924     d=0.2496 parts=1/2 certK=3 cert 178.65s  (avg 269.94s, eta 44.5h)
[1593/2186] 12:36:22 n=1917   B=258121     d=0.1406 parts=2/2 certK=3 cert 292.69s  (avg 273.52s, eta 45.1h)
[1594/2186] 12:39:37 n=1918   B=392941     d=0.2137 parts=2/2 certK=3 cert 194.36s  (avg 274.20s, eta 45.1h)
[1595/2186] 12:46:19 n=1919   B=118341     d=0.0643 parts=2/3 certK=4 cert 402.02s  (avg 274.92s, eta 45.1h)
[1596/2186] 12:49:20 n=1920   B=438516     d=0.2380 parts=2/2 certK=3 cert 181.57s  (avg 268.04s, eta 43.9h)
[1597/2186] 12:55:39 n=1921   B=180300     d=0.0978 parts=3/3 certK=4 cert 378.53s  (avg 279.67s, eta 45.8h)
[1598/2186] 12:56:28 n=1922   B=922560     d=0.4997 parts=1/1 certK=2 cert  48.75s  (avg 279.73s, eta 45.7h)
[1599/2186] 12:57:58 n=1923   B=615360     d=0.3330 parts=1/1 certK=2 cert  90.25s  (avg 239.39s, eta 39.0h)
[1600/2186] 13:00:55 n=1924   B=442270     d=0.2391 parts=2/2 certK=3 cert 177.44s  (avg 238.85s, eta 38.9h)
[1601/2186] 13:07:27 n=1925   B=179747     d=0.0971 parts=2/3 certK=4 cert 391.46s  (avg 244.99s, eta 39.8h)
[1602/2186] 13:10:35 n=1926   B=410871     d=0.2216 parts=2/2 certK=3 cert 188.79s  (avg 238.65s, eta 38.7h)
[1603/2186] 13:17:25 n=1927   B=149189     d=0.0804 parts=3/3 certK=4 cert 409.56s  (avg 241.49s, eta 39.1h)
[1604/2186] 13:21:34 n=1928   B=231360     d=0.1245 parts=1/2 certK=3 cert 248.62s  (avg 244.15s, eta 39.5h)
[1605/2186] 13:23:02 n=1929   B=619209     d=0.3330 parts=1/1 certK=2 cert  88.00s  (avg 240.68s, eta 38.8h)
[1606/2186] 13:26:00 n=1930   B=447931     d=0.2406 parts=2/2 certK=3 cert 178.31s  (avg 233.64s, eta 37.6h)
[1607/2186] 13:29:26 n=1932   B=371953     d=0.1994 parts=2/2 certK=3 cert 206.21s  (avg 227.67s, eta 36.6h)
[1608/2186] 13:30:15 n=1934   B=934122     d=0.4997 parts=1/1 certK=2 cert  49.20s  (avg 214.98s, eta 34.5h)
[1609/2186] 13:36:41 n=1935   B=158603     d=0.0848 parts=3/3 certK=4 cert 385.79s  (avg 228.37s, eta 36.6h)
[1610/2186] 13:39:39 n=1936   B=453628     d=0.2422 parts=2/2 certK=3 cert 177.58s  (avg 227.74s, eta 36.4h)
[1611/2186] 13:46:08 n=1937   B=143338     d=0.0764 parts=1/3 certK=4 cert 388.84s  (avg 232.03s, eta 37.1h)
[1612/2186] 13:49:18 n=1938   B=421821     d=0.2247 parts=2/2 certK=3 cert 190.09s  (avg 225.52s, eta 36.0h)
[1613/2186] 13:53:29 n=1939   B=267582     d=0.1424 parts=1/2 certK=3 cert 250.97s  (avg 227.74s, eta 36.2h)
[1614/2186] 13:59:37 n=1940   B=196747     d=0.1046 parts=2/3 certK=4 cert 367.87s  (avg 235.10s, eta 37.4h)
[1615/2186] 14:01:11 n=1941   B=626943     d=0.3330 parts=1/1 certK=2 cert  94.86s  (avg 230.71s, eta 36.6h)
[1616/2186] 14:02:03 n=1942   B=941870     d=0.4997 parts=1/1 certK=2 cert  51.49s  (avg 224.48s, eta 35.5h)
[1617/2186] 14:11:07 n=1943   B=108870     d=0.0577 parts=2/4 certK=5 cert 543.54s  (avg 239.07s, eta 37.8h)
[1618/2186] 14:14:11 n=1944   B=461280     d=0.2442 parts=2/2 certK=3 cert 184.63s  (avg 234.75s, eta 37.0h)
[1619/2186] 14:17:37 n=1945   B=377330     d=0.1996 parts=1/2 certK=3 cert 205.89s  (avg 235.21s, eta 37.0h)
[1620/2186] 14:23:38 n=1946   B=196747     d=0.1040 parts=2/3 certK=4 cert 360.49s  (avg 233.55s, eta 36.7h)
[1621/2186] 14:30:22 n=1947   B=187884     d=0.0992 parts=2/3 certK=4 cert 404.19s  (avg 242.45s, eta 38.1h)
[1622/2186] 14:33:19 n=1948   B=473364     d=0.2496 parts=1/2 certK=3 cert 177.31s  (avg 234.41s, eta 36.7h)
[1623/2186] 14:36:19 n=1950   B=467061     d=0.2458 parts=2/2 certK=3 cert 180.27s  (avg 239.67s, eta 37.5h)
[1624/2186] 14:43:02 n=1952   B=144615     d=0.0759 parts=2/3 certK=4 cert 402.20s  (avg 252.14s, eta 39.4h)
[1625/2186] 14:48:15 n=1953   B=217622     d=0.1142 parts=2/2 certK=3 cert 313.41s  (avg 257.58s, eta 40.1h)
[1626/2186] 14:49:05 n=1954   B=953552     d=0.4997 parts=1/1 certK=2 cert  50.07s  (avg 243.93s, eta 37.9h)
[1627/2186] 14:56:14 n=1955   B=127411     d=0.0667 parts=2/3 certK=4 cert 428.54s  (avg 253.52s, eta 39.4h)
[1628/2186] 14:59:25 n=1956   B=438516     d=0.2294 parts=2/2 certK=3 cert 191.41s  (avg 244.79s, eta 37.9h)
[1629/2186] 15:04:05 n=1957   B=298662     d=0.1560 parts=2/2 certK=3 cert 279.58s  (avg 246.03s, eta 38.1h)
[1630/2186] 15:08:11 n=1958   B=265356     d=0.1385 parts=2/2 certK=3 cert 246.75s  (avg 252.38s, eta 39.0h)
[1631/2186] 15:09:42 n=1959   B=638634     d=0.3330 parts=1/1 certK=2 cert  90.70s  (avg 248.88s, eta 38.4h)
[1632/2186] 15:12:41 n=1960   B=476776     d=0.2483 parts=2/2 certK=3 cert 179.08s  (avg 247.79s, eta 38.1h)
[1633/2186] 15:19:47 n=1961   B=126253     d=0.0657 parts=2/3 certK=4 cert 425.54s  (avg 262.84s, eta 40.4h)
[1634/2186] 15:23:24 n=1962   B=351541     d=0.1827 parts=2/2 certK=3 cert 217.26s  (avg 256.10s, eta 39.3h)
[1635/2186] 15:29:43 n=1963   B=192820     d=0.1001 parts=2/3 certK=4 cert 379.39s  (avg 264.18s, eta 40.4h)
[1636/2186] 15:32:42 n=1964   B=481180     d=0.2496 parts=1/2 certK=3 cert 178.24s  (avg 255.75s, eta 39.1h)
[1637/2186] 15:37:11 n=1965   B=316406     d=0.1640 parts=2/2 certK=3 cert 269.48s  (avg 258.93s, eta 39.5h)
[1638/2186] 15:38:01 n=1966   B=965306     d=0.4997 parts=1/1 certK=2 cert  49.46s  (avg 250.87s, eta 38.2h)
[1639/2186] 15:42:05 n=1967   B=275380     d=0.1424 parts=1/2 certK=3 cert 244.05s  (avg 245.91s, eta 37.4h)
[1640/2186] 15:45:42 n=1968   B=351541     d=0.1816 parts=2/2 certK=3 cert 217.60s  (avg 250.82s, eta 38.0h)
[1641/2186] 15:51:55 n=1969   B=195000     d=0.1006 parts=3/3 certK=4 cert 372.35s  (avg 263.66s, eta 39.9h)
[1642/2186] 15:58:02 n=1970   B=196747     d=0.1014 parts=2/3 certK=4 cert 367.46s  (avg 256.61s, eta 38.8h)
[1643/2186] 16:04:53 n=1971   B=185330     d=0.0955 parts=2/3 certK=4 cert 411.18s  (avg 265.68s, eta 40.1h)
[1644/2186] 16:08:02 n=1972   B=453628     d=0.2334 parts=2/2 certK=3 cert 189.01s  (avg 265.00s, eta 39.9h)
[1645/2186] 16:11:06 n=1974   B=482653     d=0.2479 parts=2/2 certK=3 cert 183.65s  (avg 257.93s, eta 38.8h)
[1646/2186] 16:17:59 n=1975   B=171991     d=0.0882 parts=2/3 certK=4 cert 413.19s  (avg 258.29s, eta 38.7h)
[1647/2186] 16:22:39 n=1976   B=258121     d=0.1323 parts=2/2 certK=3 cert 280.04s  (avg 262.40s, eta 39.3h)
[1648/2186] 16:24:15 n=1977   B=650433     d=0.3330 parts=1/1 certK=2 cert  95.46s  (avg 259.00s, eta 38.7h)
[1649/2186] 16:27:45 n=1978   B=392941     d=0.2010 parts=2/2 certK=3 cert 210.64s  (avg 251.34s, eta 37.5h)
[1650/2186] 16:30:51 n=1980   B=482653     d=0.2464 parts=2/2 certK=3 cert 185.42s  (avg 246.22s, eta 36.7h)
[1651/2186] 16:34:55 n=1981   B=325470     d=0.1660 parts=2/2 certK=3 cert 244.11s  (avg 253.98s, eta 37.7h)
[1652/2186] 16:35:48 n=1982   B=981090     d=0.4997 parts=1/1 certK=2 cert  52.80s  (avg 238.95s, eta 35.4h)
[1653/2186] 16:37:21 n=1983   B=654390     d=0.3330 parts=1/1 certK=2 cert  93.68s  (avg 235.05s, eta 34.8h)
[1654/2186] 16:40:56 n=1984   B=392941     d=0.1998 parts=2/2 certK=3 cert 214.42s  (avg 232.44s, eta 34.3h)
[1655/2186] 16:44:37 n=1985   B=393030     d=0.1996 parts=1/2 certK=3 cert 221.34s  (avg 231.42s, eta 34.1h)
[1656/2186] 16:47:54 n=1986   B=467061     d=0.2370 parts=2/2 certK=3 cert 197.08s  (avg 235.68s, eta 34.7h)
[1657/2186] 16:52:59 n=1988   B=219459     d=0.1111 parts=2/2 certK=3 cert 305.30s  (avg 240.73s, eta 35.4h)
[1658/2186] 16:58:12 n=1989   B=316406     d=0.1600 parts=2/2 certK=3 cert 312.84s  (avg 236.22s, eta 34.6h)
[1659/2186] 17:01:30 n=1990   B=470935     d=0.2380 parts=2/2 certK=3 cert 198.17s  (avg 235.46s, eta 34.5h)
[1660/2186] 17:08:02 n=1991   B=179190     d=0.0905 parts=1/3 certK=4 cert 391.62s  (avg 235.94s, eta 34.5h)
[1661/2186] 17:11:14 n=1992   B=482653     d=0.2434 parts=2/2 certK=3 cert 192.04s  (avg 236.50s, eta 34.5h)
[1662/2186] 17:12:06 n=1994   B=993012     d=0.4997 parts=1/1 certK=2 cert  51.96s  (avg 227.79s, eta 33.2h)
[1663/2186] 17:19:08 n=1995   B=195806     d=0.0984 parts=2/3 certK=4 cert 421.88s  (avg 242.69s, eta 35.3h)
[1664/2186] 17:22:22 n=1996   B=497004     d=0.2496 parts=1/2 certK=3 cert 193.84s  (avg 240.68s, eta 34.9h)
[1665/2186] 17:26:32 n=1998   B=328455     d=0.1646 parts=2/2 certK=3 cert 249.85s  (avg 241.97s, eta 35.0h)
[1666/2186] 17:33:17 n=2000   B=180300     d=0.0902 parts=2/3 certK=4 cert 405.54s  (avg 243.30s, eta 35.1h)
[1667/2186] 17:38:44 n=2001   B=240590     d=0.1202 parts=2/2 certK=3 cert 326.95s  (avg 241.68s, eta 34.8h)
[1668/2186] 17:41:59 n=2002   B=482653     d=0.2410 parts=2/2 certK=3 cert 194.39s  (avg 233.01s, eta 33.5h)
[1669/2186] 17:45:16 n=2004   B=482653     d=0.2405 parts=2/2 certK=3 cert 196.85s  (avg 233.32s, eta 33.5h)
[1670/2186] 17:48:58 n=2005   B=401000     d=0.1996 parts=1/2 certK=3 cert 222.18s  (avg 234.86s, eta 33.7h)
[1671/2186] 17:53:51 n=2006   B=226398     d=0.1126 parts=2/2 certK=3 cert 293.58s  (avg 230.08s, eta 32.9h)
[1672/2186] 17:57:10 n=2007   B=482653     d=0.2398 parts=2/2 certK=3 cert 198.39s  (avg 226.81s, eta 32.4h)
[1673/2186] 18:01:17 n=2008   B=336610     d=0.1670 parts=2/2 certK=3 cert 247.30s  (avg 232.89s, eta 33.2h)
[1674/2186] 18:09:03 n=2009   B=126253     d=0.0626 parts=2/3 certK=4 cert 465.63s  (avg 243.09s, eta 34.6h)
[1675/2186] 18:12:20 n=2010   B=490545     d=0.2430 parts=2/2 certK=3 cert 196.96s  (avg 243.55s, eta 34.6h)
[1676/2186] 18:15:35 n=2012   B=505012     d=0.2496 parts=1/2 certK=3 cert 195.00s  (avg 241.58s, eta 34.2h)
[1677/2186] 18:20:53 n=2013   B=343982     d=0.1699 parts=2/2 certK=3 cert 318.02s  (avg 252.19s, eta 35.7h)
[1678/2186] 18:24:12 n=2014   B=482653     d=0.2381 parts=2/2 certK=3 cert 199.47s  (avg 256.42s, eta 36.2h)
[1679/2186] 18:33:51 n=2015   B=118341     d=0.0583 parts=2/4 certK=5 cert 579.30s  (avg 271.02s, eta 38.2h)
[1680/2186] 18:37:08 n=2016   B=496506     d=0.2444 parts=2/2 certK=3 cert 196.46s  (avg 270.02s, eta 38.0h)
[1681/2186] 18:38:03 n=2018   B=1017072    d=0.4998 parts=1/1 certK=2 cert  55.44s  (avg 264.36s, eta 37.1h)
[1682/2186] 18:39:44 n=2019   B=678384     d=0.3330 parts=1/1 certK=2 cert 100.42s  (avg 256.16s, eta 35.9h)
[1683/2186] 18:43:50 n=2020   B=351541     d=0.1724 parts=2/2 certK=3 cert 245.78s  (avg 253.48s, eta 35.4h)
[1684/2186] 18:51:01 n=2021   B=196747     d=0.0964 parts=2/3 certK=4 cert 431.05s  (avg 262.80s, eta 36.6h)
[1685/2186] 18:54:26 n=2022   B=482653     d=0.2362 parts=2/2 certK=3 cert 205.01s  (avg 255.33s, eta 35.5h)
[1686/2186] 18:58:53 n=2023   B=291312     d=0.1424 parts=1/2 certK=3 cert 267.68s  (avg 258.36s, eta 35.9h)
[1687/2186] 19:05:41 n=2024   B=196747     d=0.0961 parts=2/3 certK=4 cert 407.44s  (avg 272.58s, eta 37.8h)
[1688/2186] 19:11:22 n=2025   B=252506     d=0.1232 parts=2/2 certK=3 cert 341.46s  (avg 269.36s, eta 37.3h)
[1689/2186] 19:12:18 n=2026   B=1025156    d=0.4998 parts=1/1 certK=2 cert  55.44s  (avg 263.82s, eta 36.4h)
[1690/2186] 19:15:40 n=2028   B=508536     d=0.2474 parts=2/2 certK=3 cert 202.47s  (avg 261.93s, eta 36.1h)
[1691/2186] 19:22:37 n=2030   B=226398     d=0.1099 parts=2/3 certK=4 cert 416.81s  (avg 262.38s, eta 36.1h)
[1692/2186] 19:24:23 n=2031   B=686478     d=0.3330 parts=1/1 certK=2 cert 105.83s  (avg 253.53s, eta 34.8h)
[1693/2186] 19:27:48 n=2032   B=512578     d=0.2484 parts=2/2 certK=3 cert 205.34s  (avg 253.97s, eta 34.8h)
[1694/2186] 19:35:53 n=2033   B=136957     d=0.0663 parts=2/3 certK=4 cert 484.57s  (avg 265.48s, eta 36.3h)
[1695/2186] 19:39:28 n=2034   B=482653     d=0.2334 parts=2/2 certK=3 cert 215.69s  (avg 265.22s, eta 36.2h)
[1696/2186] 19:46:48 n=2035   B=213906     d=0.1034 parts=2/3 certK=4 cert 439.63s  (avg 271.06s, eta 36.9h)
[1697/2186] 19:50:02 n=2036   B=517144     d=0.2496 parts=1/2 certK=3 cert 194.21s  (avg 270.90s, eta 36.8h)
[1698/2186] 19:55:04 n=2037   B=351541     d=0.1695 parts=2/2 certK=3 cert 301.45s  (avg 273.06s, eta 37.0h)
[1699/2186] 19:56:01 n=2038   B=1037342    d=0.4998 parts=1/1 certK=2 cert  57.60s  (avg 256.74s, eta 34.7h)
[1700/2186] 19:59:22 n=2040   B=518671     d=0.2494 parts=2/2 certK=3 cert 200.92s  (avg 256.90s, eta 34.7h)
[1701/2186] 20:06:31 n=2041   B=218130     d=0.1048 parts=2/3 certK=4 cert 428.87s  (avg 266.25s, eta 35.9h)
[1702/2186] 20:07:27 n=2042   B=1041420    d=0.4998 parts=1/1 certK=2 cert  56.03s  (avg 255.78s, eta 34.4h)
[1703/2186] 20:10:59 n=2043   B=518671     d=0.2487 parts=2/2 certK=3 cert 212.16s  (avg 256.28s, eta 34.4h)
[1704/2186] 20:14:32 n=2044   B=482653     d=0.2312 parts=2/2 certK=3 cert 212.44s  (avg 241.61s, eta 32.3h)
[1705/2186] 20:18:20 n=2045   B=417180     d=0.1996 parts=1/2 certK=3 cert 228.44s  (avg 242.89s, eta 32.5h)
[1706/2186] 20:21:41 n=2046   B=482653     d=0.2307 parts=2/2 certK=3 cert 201.09s  (avg 248.71s, eta 33.2h)
[1707/2186] 20:29:01 n=2047   B=158603     d=0.0757 parts=3/3 certK=4 cert 440.19s  (avg 262.30s, eta 34.9h)
[1708/2186] 20:30:50 n=2049   B=698709     d=0.3330 parts=1/1 certK=2 cert 108.29s  (avg 256.80s, eta 34.1h)
[1709/2186] 20:34:03 n=2050   B=518671     d=0.2470 parts=2/2 certK=3 cert 193.73s  (avg 247.31s, eta 32.8h)
[1710/2186] 20:38:26 n=2051   B=299446     d=0.1424 parts=1/2 certK=3 cert 262.39s  (avg 249.61s, eta 33.0h)
[1711/2186] 20:41:47 n=2052   B=518671     d=0.2465 parts=2/2 certK=3 cert 201.01s  (avg 246.94s, eta 32.6h)
[1712/2186] 20:48:23 n=2054   B=226398     d=0.1074 parts=2/3 certK=4 cert 395.75s  (avg 246.47s, eta 32.5h)
[1713/2186] 20:55:33 n=2055   B=177757     d=0.0842 parts=2/3 certK=4 cert 430.42s  (avg 250.03s, eta 32.9h)
[1714/2186] 20:59:43 n=2056   B=371953     d=0.1761 parts=2/2 certK=3 cert 250.20s  (avg 257.82s, eta 33.8h)
[1715/2186] 21:09:23 n=2057   B=129286     d=0.0611 parts=2/4 certK=5 cert 579.95s  (avg 272.92s, eta 35.7h)
[1716/2186] 21:12:44 n=2058   B=518671     d=0.2450 parts=2/2 certK=3 cert 201.30s  (avg 264.30s, eta 34.5h)
[1717/2186] 21:20:37 n=2059   B=158603     d=0.0749 parts=2/3 certK=4 cert 472.06s  (avg 278.95s, eta 36.3h)
[1718/2186] 21:27:32 n=2060   B=218130     d=0.1029 parts=2/3 certK=4 cert 415.63s  (avg 287.36s, eta 37.4h)
[1719/2186] 21:32:17 n=2061   B=358202     d=0.1687 parts=2/2 certK=3 cert 284.93s  (avg 279.38s, eta 36.2h)
[1720/2186] 21:33:14 n=2062   B=1061930    d=0.4998 parts=1/1 certK=2 cert  56.91s  (avg 273.02s, eta 35.3h)
[1721/2186] 21:37:27 n=2064   B=384126     d=0.1804 parts=2/2 certK=3 cert 252.53s  (avg 265.54s, eta 34.3h)
[1722/2186] 21:42:54 n=2065   B=273006     d=0.1281 parts=2/2 certK=3 cert 327.03s  (avg 270.85s, eta 34.9h)
[1723/2186] 21:43:51 n=2066   B=1066056    d=0.4998 parts=1/1 certK=2 cert  57.42s  (avg 261.09s, eta 33.6h)
[1724/2186] 21:51:54 n=2067   B=228962     d=0.1072 parts=2/3 certK=4 cert 483.45s  (avg 278.13s, eta 35.7h)
[1725/2186] 21:55:45 n=2068   B=518671     d=0.2427 parts=2/2 certK=3 cert 230.78s  (avg 279.32s, eta 35.8h)
[1726/2186] 21:59:28 n=2070   B=518671     d=0.2422 parts=2/2 certK=3 cert 222.36s  (avg 271.06s, eta 34.6h)
[1727/2186] 22:07:17 n=2071   B=177757     d=0.0829 parts=2/3 certK=4 cert 469.46s  (avg 287.60s, eta 36.7h)
[1728/2186] 22:14:43 n=2072   B=226128     d=0.1054 parts=2/3 certK=4 cert 445.39s  (avg 296.93s, eta 37.8h)
[1729/2186] 22:16:29 n=2073   B=715185     d=0.3330 parts=1/1 certK=2 cert 106.50s  (avg 292.69s, eta 37.2h)
[1730/2186] 22:20:13 n=2074   B=482653     d=0.2245 parts=2/2 certK=3 cert 224.15s  (avg 292.52s, eta 37.1h)
[1731/2186] 22:30:47 n=2075   B=127411     d=0.0592 parts=2/4 certK=5 cert 633.60s  (avg 309.82s, eta 39.2h)
[1732/2186] 22:34:39 n=2076   B=482653     d=0.2241 parts=2/2 certK=3 cert 232.58s  (avg 301.51s, eta 38.0h)
[1733/2186] 22:40:25 n=2077   B=367842     d=0.1706 parts=2/2 certK=3 cert 345.22s  (avg 310.99s, eta 39.1h)
[1734/2186] 22:41:23 n=2078   B=1078482    d=0.4998 parts=1/1 certK=2 cert  57.99s  (avg 305.56s, eta 38.4h)
[1735/2186] 22:50:51 n=2079   B=177757     d=0.0823 parts=2/3 certK=4 cert 568.43s  (avg 317.80s, eta 39.8h)
[1736/2186] 22:55:01 n=2080   B=518671     d=0.2399 parts=2/2 certK=3 cert 250.40s  (avg 319.78s, eta 40.0h)
[1737/2186] 22:59:13 n=2082   B=518671     d=0.2394 parts=2/2 certK=3 cert 251.31s  (avg 314.00s, eta 39.2h)
[1738/2186] 23:03:17 n=2084   B=541840     d=0.2496 parts=1/2 certK=3 cert 243.89s  (avg 306.54s, eta 38.1h)
[1739/2186] 23:09:31 n=2085   B=358202     d=0.1649 parts=2/2 certK=3 cert 374.29s  (avg 311.50s, eta 38.7h)
[1740/2186] 23:13:56 n=2086   B=482653     d=0.2219 parts=2/2 certK=3 cert 265.54s  (avg 298.93s, eta 37.0h)
[1741/2186] 23:18:13 n=2088   B=518671     d=0.2381 parts=2/2 certK=3 cert 256.68s  (avg 301.14s, eta 37.2h)
[1742/2186] 23:26:33 n=2090   B=240600     d=0.1102 parts=2/3 certK=4 cert 500.30s  (avg 302.27s, eta 37.3h)
[1743/2186] 23:35:12 n=2091   B=240590     d=0.1101 parts=2/3 certK=4 cert 518.97s  (avg 306.41s, eta 37.7h)
[1744/2186] 23:39:22 n=2092   B=546012     d=0.2496 parts=1/2 certK=3 cert 249.54s  (avg 304.99s, eta 37.4h)
[1745/2186] 23:48:37 n=2093   B=196747     d=0.0899 parts=2/3 certK=4 cert 555.27s  (avg 324.92s, eta 39.8h)
[1746/2186] 23:52:56 n=2094   B=410871     d=0.1875 parts=2/2 certK=3 cert 258.58s  (avg 325.17s, eta 39.7h)
[1747/2186] 23:57:16 n=2095   B=437855     d=0.1996 parts=1/2 certK=3 cert 259.78s  (avg 322.48s, eta 39.3h)
[1748/2186] 00:02:45 n=2096   B=265356     d=0.1209 parts=2/2 certK=3 cert 329.48s  (avg 333.36s, eta 40.6h)
[1749/2186] 00:10:18 n=2097   B=243252     d=0.1107 parts=1/3 certK=4 cert 452.58s  (avg 332.12s, eta 40.3h)
[1750/2186] 00:11:18 n=2098   B=1099352    d=0.4998 parts=1/1 certK=2 cert  60.32s  (avg 325.30s, eta 39.4h)
[1751/2186] 00:15:18 n=2100   B=482653     d=0.2190 parts=2/2 certK=3 cert 239.73s  (avg 326.00s, eta 39.4h)
[1752/2186] 00:20:38 n=2101   B=371953     d=0.1686 parts=2/2 certK=3 cert 320.64s  (avg 320.05s, eta 38.6h)
[1753/2186] 00:21:40 n=2102   B=1103550    d=0.4998 parts=1/1 certK=2 cert  61.89s  (avg 304.71s, eta 36.6h)
[1754/2186] 00:23:39 n=2103   B=736050     d=0.3330 parts=1/1 certK=2 cert 118.72s  (avg 305.19s, eta 36.6h)
[1755/2186] 00:28:13 n=2104   B=392941     d=0.1776 parts=2/2 certK=3 cert 274.41s  (avg 307.21s, eta 36.8h)
[1756/2186] 00:32:24 n=2105   B=442050     d=0.1996 parts=1/2 certK=3 cert 250.62s  (avg 291.89s, eta 34.9h)
[1757/2186] 00:36:11 n=2106   B=518671     d=0.2340 parts=2/2 certK=3 cert 226.78s  (avg 291.65s, eta 34.8h)
[1758/2186] 00:42:28 n=2107   B=248502     d=0.1120 parts=2/2 certK=3 cert 377.01s  (avg 292.93s, eta 34.8h)
[1759/2186] 00:47:51 n=2108   B=250986     d=0.1130 parts=2/2 certK=3 cert 323.27s  (avg 303.54s, eta 36.0h)
[1760/2186] 00:53:58 n=2109   B=316406     d=0.1423 parts=2/2 certK=3 cert 366.96s  (avg 295.48s, eta 35.0h)
[1761/2186] 00:57:44 n=2110   B=518671     d=0.2331 parts=2/2 certK=3 cert 225.70s  (avg 294.49s, eta 34.8h)
[1762/2186] 01:01:34 n=2112   B=518671     d=0.2327 parts=2/2 certK=3 cert 229.95s  (avg 293.64s, eta 34.6h)
[1763/2186] 01:09:38 n=2114   B=175813     d=0.0787 parts=2/3 certK=4 cert 484.14s  (avg 303.25s, eta 35.6h)
[1764/2186] 01:15:40 n=2115   B=252506     d=0.1130 parts=2/2 certK=3 cert 362.43s  (avg 302.77s, eta 35.5h)
[1765/2186] 01:19:22 n=2116   B=558624     d=0.2496 parts=1/2 certK=3 cert 221.92s  (avg 301.03s, eta 35.2h)
[1766/2186] 01:30:24 n=2117   B=128522     d=0.0574 parts=2/4 certK=5 cert 661.63s  (avg 317.22s, eta 37.0h)
[1767/2186] 01:34:58 n=2118   B=392941     d=0.1753 parts=2/2 certK=3 cert 274.42s  (avg 308.19s, eta 35.9h)
[1768/2186] 01:43:05 n=2119   B=177757     d=0.0792 parts=2/3 certK=4 cert 486.19s  (avg 306.88s, eta 35.6h)
[1769/2186] 01:48:42 n=2120   B=262713     d=0.1170 parts=2/2 certK=3 cert 337.74s  (avg 310.41s, eta 36.0h)
[1770/2186] 01:56:41 n=2121   B=245350     d=0.1091 parts=2/3 certK=4 cert 478.91s  (avg 307.35s, eta 35.5h)
[1771/2186] 01:57:43 n=2122   B=1124660    d=0.4998 parts=1/1 certK=2 cert  61.65s  (avg 299.47s, eta 34.5h)
[1772/2186] 02:05:36 n=2123   B=203808     d=0.0905 parts=1/3 certK=4 cert 472.92s  (avg 308.00s, eta 35.4h)
[1773/2186] 02:09:58 n=2124   B=438516     d=0.1945 parts=2/2 certK=3 cert 262.03s  (avg 305.30s, eta 35.0h)
[1774/2186] 02:15:49 n=2125   B=382542     d=0.1695 parts=2/2 certK=3 cert 351.37s  (avg 301.25s, eta 34.5h)
[1775/2186] 02:16:53 n=2126   B=1128906    d=0.4998 parts=1/1 certK=2 cert  63.58s  (avg 301.38s, eta 34.4h)
[1776/2186] 02:18:48 n=2127   B=752958     d=0.3330 parts=1/1 certK=2 cert 115.15s  (avg 296.40s, eta 33.8h)
[1777/2186] 02:22:47 n=2128   B=518671     d=0.2292 parts=2/2 certK=3 cert 239.45s  (avg 293.15s, eta 33.3h)
[1778/2186] 02:27:57 n=2130   B=351541     d=0.1550 parts=2/2 certK=3 cert 310.14s  (avg 303.08s, eta 34.3h)
[1779/2186] 02:33:40 n=2132   B=277995     d=0.1224 parts=2/2 certK=3 cert 342.55s  (avg 312.04s, eta 35.3h)
[1780/2186] 03:39:36 n=2133   B=351541     d=0.1546 parts=2/2 certK=3 cert 3956.19s  (avg 459.31s, eta 51.8h)
[1781/2186] 03:44:34 n=2134   B=482653     d=0.2121 parts=2/2 certK=3 cert 297.77s  (avg 461.19s, eta 51.9h)
[1782/2186] 03:55:10 n=2135   B=149189     d=0.0655 parts=2/3 certK=4 cert 636.23s  (avg 477.57s, eta 53.6h)
[1783/2186] 03:59:58 n=2136   B=518671     d=0.2275 parts=2/2 certK=3 cert 287.94s  (avg 474.01s, eta 53.1h)
[1784/2186] 04:01:13 n=2138   B=1141692    d=0.4998 parts=1/1 certK=2 cert  74.82s  (avg 464.07s, eta 51.8h)
[1785/2186] 04:11:35 n=2139   B=149189     d=0.0652 parts=2/3 certK=4 cert 621.61s  (avg 474.26s, eta 52.8h)
[1786/2186] 04:16:49 n=2140   B=453628     d=0.1982 parts=2/2 certK=3 cert 314.71s  (avg 477.82s, eta 53.1h)
[1787/2186] 04:21:43 n=2142   B=518671     d=0.2262 parts=2/2 certK=3 cert 293.82s  (avg 480.37s, eta 53.2h)
[1788/2186] 04:28:53 n=2144   B=262713     d=0.1144 parts=2/2 certK=3 cert 430.34s  (avg 478.22s, eta 52.9h)
[1789/2186] 04:36:34 n=2145   B=316406     d=0.1376 parts=2/2 certK=3 cert 460.13s  (avg 482.13s, eta 53.2h)
[1790/2186] 04:41:42 n=2146   B=482653     d=0.2097 parts=2/2 certK=3 cert 308.73s  (avg 485.60s, eta 53.4h)
[1791/2186] 04:55:15 n=2147   B=122513     d=0.0532 parts=2/4 certK=5 cert 812.96s  (avg 491.65s, eta 53.9h)
[1792/2186] 05:00:14 n=2148   B=518671     d=0.2249 parts=2/2 certK=3 cert 298.70s  (avg 492.63s, eta 53.9h)
[1793/2186] 05:06:20 n=2149   B=392941     d=0.1702 parts=2/2 certK=3 cert 365.60s  (avg 487.80s, eta 53.3h)
[1794/2186] 05:13:01 n=2150   B=281625     d=0.1219 parts=2/2 certK=3 cert 401.08s  (avg 490.34s, eta 53.4h)
[1795/2186] 05:37:11 n=2151   B=255969     d=0.1107 parts=1/3 certK=4 cert 1450.56s  (avg 529.20s, eta 57.5h)
[1796/2186] 05:43:12 n=2152   B=371953     d=0.1607 parts=2/2 certK=3 cert 360.77s  (avg 541.17s, eta 58.6h)
[1797/2186] 05:48:26 n=2154   B=482653     d=0.2081 parts=2/2 certK=3 cert 313.91s  (avg 534.81s, eta 57.8h)
[1798/2186] 05:53:50 n=2155   B=463325     d=0.1996 parts=1/2 certK=3 cert 324.42s  (avg 537.30s, eta 57.9h)
[1799/2186] 06:00:31 n=2156   B=286146     d=0.1232 parts=2/2 certK=3 cert 401.02s  (avg 539.29s, eta 58.0h)
[1800/2186] 06:02:55 n=2157   B=774363     d=0.3330 parts=1/1 certK=2 cert 143.72s  (avg 542.49s, eta 58.2h)
[1801/2186] 06:08:15 n=2158   B=470935     d=0.2023 parts=2/2 certK=3 cert 319.71s  (avg 550.68s, eta 58.9h)
[1802/2186] 06:18:43 n=2159   B=153906     d=0.0661 parts=2/3 certK=4 cert 628.06s  (avg 566.22s, eta 60.4h)
[1803/2186] 06:24:34 n=2160   B=384126     d=0.1647 parts=2/2 certK=3 cert 350.70s  (avg 567.84s, eta 60.4h)
[1804/2186] 06:33:57 n=2162   B=256507     d=0.1098 parts=2/3 certK=4 cert 563.12s  (avg 576.67s, eta 61.2h)
[1805/2186] 06:44:22 n=2163   B=218460     d=0.0934 parts=2/3 certK=4 cert 625.53s  (avg 443.44s, eta 46.9h)
[1806/2186] 06:49:05 n=2164   B=584280     d=0.2497 parts=1/2 certK=3 cert 282.98s  (avg 442.85s, eta 46.7h)
[1807/2186] 06:54:31 n=2165   B=467640     d=0.1996 parts=1/2 certK=3 cert 325.32s  (avg 430.41s, eta 45.3h)
[1808/2186] 07:00:26 n=2166   B=392941     d=0.1676 parts=2/2 certK=3 cert 355.68s  (avg 433.12s, eta 45.5h)
[1809/2186] 07:17:31 n=2167   B=212366     d=0.0905 parts=1/3 certK=4 cert 1024.37s  (avg 471.10s, eta 49.3h)
[1810/2186] 07:24:14 n=2168   B=295296     d=0.1257 parts=2/2 certK=3 cert 403.25s  (avg 462.37s, eta 48.3h)
[1811/2186] 07:33:35 n=2169   B=260280     d=0.1107 parts=1/3 certK=4 cert 561.65s  (avg 472.25s, eta 49.2h)
[1812/2186] 07:38:43 n=2170   B=518671     d=0.2204 parts=2/2 certK=3 cert 307.95s  (avg 472.81s, eta 49.1h)
[1813/2186] 07:49:04 n=2171   B=180193     d=0.0765 parts=1/3 certK=4 cert 620.67s  (avg 480.42s, eta 49.8h)
[1814/2186] 07:54:10 n=2172   B=518671     d=0.2200 parts=2/2 certK=3 cert 306.32s  (avg 474.27s, eta 49.0h)
[1815/2186] 08:01:45 n=2173   B=392941     d=0.1665 parts=2/2 certK=3 cert 454.63s  (avg 480.11s, eta 49.5h)
[1816/2186] 08:03:05 n=2174   B=1180482    d=0.4998 parts=1/1 certK=2 cert  79.58s  (avg 450.77s, eta 46.3h)
[1817/2186] 08:13:45 n=2175   B=177757     d=0.0752 parts=2/3 certK=4 cert 640.33s  (avg 464.44s, eta 47.6h)
[1818/2186] 08:19:07 n=2176   B=482653     d=0.2040 parts=2/2 certK=3 cert 322.53s  (avg 462.71s, eta 47.3h)
[1819/2186] 08:25:35 n=2177   B=337435     d=0.1425 parts=1/2 certK=3 cert 387.65s  (avg 462.18s, eta 47.1h)
[1820/2186] 08:45:51 n=2178   B=490545     d=0.2069 parts=2/2 certK=3 cert 1215.55s  (avg 452.78s, eta 46.0h)
[1821/2186] 08:52:50 n=2180   B=277995     d=0.1170 parts=2/2 certK=3 cert 419.62s  (avg 455.13s, eta 46.1h)
[1822/2186] 08:55:18 n=2181   B=791703     d=0.3330 parts=1/1 certK=2 cert 147.19s  (avg 448.46s, eta 45.3h)
[1823/2186] 08:56:37 n=2182   B=1189190    d=0.4998 parts=1/1 certK=2 cert  79.11s  (avg 438.65s, eta 44.2h)
[1824/2186] 09:11:08 n=2183   B=114413     d=0.0480 parts=2/4 certK=5 cert 871.65s  (avg 457.48s, eta 46.0h)
[1825/2186] 09:16:30 n=2184   B=496506     d=0.2083 parts=2/2 certK=3 cert 321.61s  (avg 464.59s, eta 46.6h)
[1826/2186] 09:27:14 n=2185   B=258121     d=0.1082 parts=2/3 certK=4 cert 644.18s  (avg 477.57s, eta 47.8h)
[1827/2186] 09:28:33 n=2186   B=1193556    d=0.4998 parts=1/1 certK=2 cert  78.96s  (avg 455.61s, eta 45.4h)
[1828/2186] 09:33:19 n=2188   B=597324     d=0.2497 parts=1/2 certK=3 cert 286.15s  (avg 453.02s, eta 45.1h)
[1829/2186] 09:43:18 n=2189   B=216711     d=0.0905 parts=1/3 certK=4 cert 598.45s  (avg 454.44s, eta 45.1h)
[1830/2186] 09:48:29 n=2190   B=518671     d=0.2164 parts=2/2 certK=3 cert 310.86s  (avg 441.85s, eta 43.7h)
[1831/2186] 09:54:56 n=2191   B=341796     d=0.1425 parts=1/2 certK=3 cert 387.48s  (avg 446.03s, eta 44.0h)
[1832/2186] 10:09:34 n=2192   B=293709     d=0.1223 parts=2/2 certK=3 cert 878.42s  (avg 468.15s, eta 46.0h)
[1833/2186] 10:16:53 n=2193   B=343982     d=0.1431 parts=2/2 certK=3 cert 438.69s  (avg 471.47s, eta 46.2h)
[1834/2186] 10:18:06 n=2194   B=1202312    d=0.4998 parts=1/1 certK=2 cert  72.70s  (avg 433.41s, eta 42.4h)
[1835/2186] 10:38:34 n=2195   B=480705     d=0.1996 parts=1/2 certK=3 cert 1228.33s  (avg 466.41s, eta 45.5h)
[1836/2186] 10:43:49 n=2196   B=508536     d=0.2110 parts=2/2 certK=3 cert 315.14s  (avg 456.55s, eta 44.4h)
[1837/2186] 10:50:11 n=2198   B=281625     d=0.1166 parts=2/2 certK=3 cert 381.88s  (avg 459.51s, eta 44.5h)
[1838/2186] 10:52:22 n=2199   B=804834     d=0.3330 parts=1/1 certK=2 cert 130.88s  (avg 439.92s, eta 42.5h)
[1839/2186] 10:56:52 n=2200   B=518671     d=0.2144 parts=2/2 certK=3 cert 269.43s  (avg 438.44s, eta 42.3h)
[1840/2186] 11:32:56 n=2201   B=154846     d=0.0640 parts=2/3 certK=4 cert 2164.84s  (avg 506.85s, eta 48.7h)
[1841/2186] 11:37:57 n=2202   B=421821     d=0.1741 parts=2/2 certK=3 cert 300.89s  (avg 515.70s, eta 49.4h)
[1842/2186] 11:44:23 n=2204   B=286146     d=0.1179 parts=2/2 certK=3 cert 385.94s  (avg 505.53s, eta 48.3h)
[1843/2186] 12:23:23 n=2205   B=392941     d=0.1617 parts=2/2 certK=3 cert 2340.11s  (avg 586.23s, eta 55.9h)
[1844/2186] 12:24:43 n=2206   B=1215506    d=0.4998 parts=1/1 certK=2 cert  79.96s  (avg 573.92s, eta 54.5h)
[1845/2186] 12:30:04 n=2208   B=520710     d=0.2137 parts=2/2 certK=3 cert 321.19s  (avg 538.15s, eta 51.0h)
[1846/2186] 12:36:53 n=2210   B=325967     d=0.1335 parts=2/2 certK=3 cert 408.22s  (avg 537.69s, eta 50.8h)
[1847/2186] 12:42:16 n=2211   B=523776     d=0.2144 parts=2/2 certK=3 cert 323.63s  (avg 544.75s, eta 51.3h)
[1848/2186] 12:47:38 n=2212   B=518671     d=0.2121 parts=2/2 certK=3 cert 321.97s  (avg 554.46s, eta 52.1h)
[1849/2186] 12:53:22 n=2214   B=482653     d=0.1970 parts=2/2 certK=3 cert 343.65s  (avg 533.34s, eta 49.9h)
[1850/2186] 12:59:04 n=2215   B=489515     d=0.1996 parts=1/2 certK=3 cert 341.79s  (avg 534.15s, eta 49.9h)
[1851/2186] 13:06:08 n=2216   B=305808     d=0.1246 parts=1/2 certK=3 cert 424.46s  (avg 525.36s, eta 48.9h)
[1852/2186] 13:08:41 n=2217   B=818073     d=0.3330 parts=1/1 certK=2 cert 153.14s  (avg 528.33s, eta 49.0h)
[1853/2186] 13:10:03 n=2218   B=1228772    d=0.4998 parts=1/1 certK=2 cert  81.88s  (avg 520.16s, eta 48.1h)
[1854/2186] 13:16:46 n=2219   B=350602     d=0.1425 parts=1/2 certK=3 cert 402.78s  (avg 512.33s, eta 47.2h)
[1855/2186] 13:22:11 n=2220   B=533028     d=0.2164 parts=2/2 certK=3 cert 325.00s  (avg 512.90s, eta 47.2h)
[1856/2186] 13:29:04 n=2222   B=325967     d=0.1321 parts=2/2 certK=3 cert 413.20s  (avg 513.93s, eta 47.1h)
[1857/2186] 13:41:19 n=2223   B=154846     d=0.0627 parts=2/3 certK=4 cert 734.64s  (avg 508.17s, eta 46.4h)
[1858/2186] 13:47:24 n=2224   B=442270     d=0.1789 parts=2/2 certK=3 cert 365.31s  (avg 505.24s, eta 46.0h)
[1859/2186] 13:58:49 n=2225   B=188250     d=0.0761 parts=2/3 certK=4 cert 685.12s  (avg 529.74s, eta 48.1h)
[1860/2186] 14:04:16 n=2226   B=539241     d=0.2177 parts=2/2 certK=3 cert 327.16s  (avg 493.69s, eta 44.7h)
[1861/2186] 14:15:01 n=2227   B=248502     d=0.1003 parts=2/3 certK=4 cert 644.37s  (avg 506.86s, eta 45.8h)
[1862/2186] 14:20:01 n=2228   B=619384     d=0.2497 parts=1/2 certK=3 cert 300.39s  (avg 503.60s, eta 45.3h)
[1863/2186] 14:22:35 n=2229   B=826959     d=0.3330 parts=1/1 certK=2 cert 153.67s  (avg 504.51s, eta 45.3h)
[1864/2186] 14:28:38 n=2230   B=447931     d=0.1802 parts=2/2 certK=3 cert 363.40s  (avg 508.27s, eta 45.5h)
[1865/2186] 14:40:12 n=2231   B=158603     d=0.0638 parts=2/3 certK=4 cert 693.97s  (avg 449.43s, eta 40.1h)
[1866/2186] 14:45:47 n=2232   B=518671     d=0.2083 parts=2/2 certK=3 cert 334.41s  (avg 450.77s, eta 40.1h)
[1867/2186] 14:53:58 n=2233   B=367842     d=0.1476 parts=2/2 certK=3 cert 490.98s  (avg 454.98s, eta 40.3h)
[1868/2186] 14:55:20 n=2234   B=1246572    d=0.4998 parts=1/1 certK=2 cert  82.63s  (avg 364.68s, eta 32.2h)
[1869/2186] 15:18:25 n=2235   B=307193     d=0.1230 parts=2/2 certK=3 cert 1384.82s  (avg 416.87s, eta 36.7h)
[1870/2186] 15:23:50 n=2236   B=549676     d=0.2200 parts=2/2 certK=3 cert 324.87s  (avg 417.02s, eta 36.6h)
[1871/2186] 15:29:17 n=2238   B=551775     d=0.2204 parts=2/2 certK=3 cert 327.13s  (avg 413.77s, eta 36.2h)
[1872/2186] 15:36:25 n=2240   B=326433     d=0.1302 parts=2/2 certK=3 cert 427.56s  (avg 417.93s, eta 36.5h)
[1873/2186] 15:47:40 n=2241   B=258121     d=0.1028 parts=3/3 certK=4 cert 675.01s  (avg 432.05s, eta 37.6h)
[1874/2186] 15:53:22 n=2242   B=518671     d=0.2065 parts=2/2 certK=3 cert 342.62s  (avg 432.01s, eta 37.4h)
[1875/2186] 15:59:34 n=2244   B=461280     d=0.1833 parts=2/2 certK=3 cert 371.92s  (avg 433.22s, eta 37.4h)
[1876/2186] 16:05:30 n=2245   B=502880     d=0.1996 parts=1/2 certK=3 cert 355.45s  (avg 430.46s, eta 37.1h)
[1877/2186] 16:06:55 n=2246   B=1260006    d=0.4998 parts=1/1 certK=2 cert  85.22s  (avg 427.74s, eta 36.7h)
[1878/2186] 16:18:42 n=2247   B=187884     d=0.0745 parts=2/3 certK=4 cert 707.52s  (avg 452.77s, eta 38.7h)
[1879/2186] 16:24:15 n=2248   B=562330     d=0.2226 parts=2/2 certK=3 cert 332.28s  (avg 449.95s, eta 38.4h)
[1880/2186] 16:35:30 n=2249   B=193414     d=0.0765 parts=1/3 certK=4 cert 675.10s  (avg 463.95s, eta 39.4h)
[1881/2186] 16:41:01 n=2250   B=564453     d=0.2231 parts=2/2 certK=3 cert 331.56s  (avg 460.68s, eta 39.0h)
[1882/2186] 16:46:13 n=2252   B=632812     d=0.2497 parts=1/2 certK=3 cert 311.20s  (avg 443.75s, eta 37.5h)
[1883/2186] 16:48:51 n=2253   B=844875     d=0.3330 parts=1/1 certK=2 cert 158.43s  (avg 435.47s, eta 36.7h)
[1884/2186] 17:12:04 n=2254   B=470935     d=0.1855 parts=2/2 certK=3 cert 1393.30s  (avg 463.80s, eta 38.9h)
[1885/2186] 17:23:25 n=2255   B=258121     d=0.1016 parts=2/3 certK=4 cert 680.22s  (avg 477.92s, eta 40.0h)
[1886/2186] 17:28:57 n=2256   B=570846     d=0.2244 parts=2/2 certK=3 cert 332.46s  (avg 465.45s, eta 38.8h)
[1887/2186] 17:37:22 n=2257   B=382542     d=0.1503 parts=2/2 certK=3 cert 505.53s  (avg 473.65s, eta 39.3h)
[1888/2186] 17:38:49 n=2258   B=1273512    d=0.4998 parts=1/1 certK=2 cert  86.08s  (avg 470.95s, eta 39.0h)
[1889/2186] 17:49:06 n=2259   B=282375     d=0.1107 parts=1/3 certK=4 cert 616.97s  (avg 481.09s, eta 39.7h)
[1890/2186] 17:55:14 n=2260   B=482653     d=0.1891 parts=2/2 certK=3 cert 368.53s  (avg 468.07s, eta 38.5h)
[1891/2186] 18:10:11 n=2261   B=196747     d=0.0770 parts=2/3 certK=4 cert 896.85s  (avg 490.57s, eta 40.2h)
[1892/2186] 18:15:26 n=2262   B=482653     d=0.1887 parts=2/2 certK=3 cert 314.84s  (avg 483.52s, eta 39.5h)
[1893/2186] 18:25:31 n=2263   B=192820     d=0.0753 parts=2/3 certK=4 cert 605.18s  (avg 504.43s, eta 41.1h)
[1894/2186] 18:31:45 n=2264   B=326433     d=0.1274 parts=2/2 certK=3 cert 374.00s  (avg 463.99s, eta 37.6h)
[1895/2186] 18:41:15 n=2265   B=258121     d=0.1007 parts=2/3 certK=4 cert 570.44s  (avg 473.82s, eta 38.3h)
[1896/2186] 18:46:29 n=2266   B=482653     d=0.1881 parts=2/2 certK=3 cert 313.48s  (avg 473.27s, eta 38.1h)
[1897/2186] 18:51:31 n=2268   B=518671     d=0.2018 parts=2/2 certK=3 cert 301.97s  (avg 468.25s, eta 37.6h)
[1898/2186] 18:57:44 n=2270   B=338253     d=0.1313 parts=2/2 certK=3 cert 373.31s  (avg 456.18s, eta 36.5h)
[1899/2186] 19:00:00 n=2271   B=858438     d=0.3330 parts=1/1 certK=2 cert 135.81s  (avg 447.91s, eta 35.7h)
[1900/2186] 19:05:19 n=2272   B=482653     d=0.1871 parts=2/2 certK=3 cert 318.51s  (avg 445.77s, eta 35.4h)
[1901/2186] 19:10:08 n=2274   B=590241     d=0.2284 parts=2/2 certK=3 cert 289.79s  (avg 443.14s, eta 35.1h)
[1902/2186] 19:20:25 n=2275   B=273006     d=0.1055 parts=2/3 certK=4 cert 616.32s  (avg 464.39s, eta 36.6h)
[1903/2186] 19:24:57 n=2276   B=646384     d=0.2497 parts=1/2 certK=3 cert 272.44s  (avg 446.98s, eta 35.1h)
[1904/2186] 19:32:30 n=2277   B=417962     d=0.1613 parts=2/2 certK=3 cert 452.87s  (avg 451.81s, eta 35.4h)
[1905/2186] 19:37:18 n=2278   B=594595     d=0.2293 parts=2/2 certK=3 cert 287.76s  (avg 436.31s, eta 34.1h)
[1906/2186] 19:50:45 n=2279   B=149189     d=0.0575 parts=2/4 certK=5 cert 807.48s  (avg 455.35s, eta 35.4h)
[1907/2186] 19:55:30 n=2280   B=596778     d=0.2297 parts=2/2 certK=3 cert 284.98s  (avg 454.30s, eta 35.2h)
[1908/2186] 20:01:51 n=2282   B=338253     d=0.1300 parts=2/2 certK=3 cert 380.84s  (avg 463.20s, eta 35.8h)
[1909/2186] 20:04:10 n=2283   B=867540     d=0.3330 parts=1/1 certK=2 cert 138.39s  (avg 413.00s, eta 31.8h)
[1910/2186] 20:08:42 n=2284   B=650940     d=0.2497 parts=1/2 certK=3 cert 272.25s  (avg 396.68s, eta 30.4h)
[1911/2186] 20:13:53 n=2285   B=520980     d=0.1996 parts=1/2 certK=3 cert 311.01s  (avg 395.83s, eta 30.2h)
[1912/2186] 20:19:18 n=2286   B=482653     d=0.1848 parts=2/2 certK=3 cert 325.39s  (avg 388.62s, eta 29.6h)
[1913/2186] 20:25:41 n=2288   B=348727     d=0.1333 parts=2/2 certK=3 cert 383.06s  (avg 400.50s, eta 30.4h)
[1914/2186] 20:35:50 n=2289   B=252506     d=0.0964 parts=2/3 certK=4 cert 608.34s  (avg 400.15s, eta 30.2h)
[1915/2186] 20:40:37 n=2290   B=607753     d=0.2319 parts=2/2 certK=3 cert 287.56s  (avg 396.92s, eta 29.9h)
[1916/2186] 20:51:18 n=2291   B=175142     d=0.0668 parts=2/3 certK=4 cert 640.96s  (avg 386.68s, eta 29.0h)
[1917/2186] 20:56:44 n=2292   B=508536     d=0.1937 parts=2/2 certK=3 cert 325.57s  (avg 387.11s, eta 28.9h)
[1918/2186] 21:06:01 n=2294   B=281625     d=0.1071 parts=2/3 certK=4 cert 557.41s  (avg 385.20s, eta 28.7h)
[1919/2186] 21:16:38 n=2295   B=185330     d=0.0704 parts=2/3 certK=4 cert 636.14s  (avg 395.68s, eta 29.3h)
[1920/2186] 21:21:37 n=2296   B=614386     d=0.2332 parts=2/2 certK=3 cert 299.79s  (avg 384.86s, eta 28.4h)
[1921/2186] 21:27:06 n=2298   B=518671     d=0.1965 parts=2/2 certK=3 cert 328.45s  (avg 385.46s, eta 28.4h)
[1922/2186] 21:37:23 n=2299   B=257044     d=0.0973 parts=2/3 certK=4 cert 617.45s  (avg 398.08s, eta 29.2h)
[1923/2186] 21:43:53 n=2300   B=353220     d=0.1336 parts=2/2 certK=3 cert 389.81s  (avg 398.74s, eta 29.1h)
[1924/2186] 21:51:03 n=2301   B=433622     d=0.1639 parts=2/2 certK=3 cert 429.43s  (avg 410.48s, eta 29.9h)
[1925/2186] 21:52:24 n=2302   B=1323650    d=0.4998 parts=1/1 certK=2 cert  81.82s  (avg 401.01s, eta 29.1h)
[1926/2186] 22:06:07 n=2303   B=158603     d=0.0598 parts=2/4 certK=5 cert 822.70s  (avg 422.33s, eta 30.5h)
[1927/2186] 22:11:00 n=2304   B=623286     d=0.2349 parts=2/2 certK=3 cert 292.51s  (avg 409.38s, eta 29.5h)
[1928/2186] 22:16:21 n=2305   B=530150     d=0.1997 parts=1/2 certK=3 cert 321.69s  (avg 411.35s, eta 29.5h)
[1929/2186] 22:17:41 n=2306   B=1328256    d=0.4998 parts=1/1 certK=2 cert  79.36s  (avg 396.41s, eta 28.3h)
[1930/2186] 22:20:05 n=2307   B=885888     d=0.3330 parts=1/1 certK=2 cert 144.24s  (avg 390.67s, eta 27.8h)
[1931/2186] 22:24:45 n=2308   B=664704     d=0.2497 parts=1/2 certK=3 cert 280.13s  (avg 369.57s, eta 26.2h)
[1932/2186] 22:29:38 n=2310   B=630003     d=0.2362 parts=2/2 certK=3 cert 292.85s  (avg 369.89s, eta 26.1h)
[1933/2186] 22:36:22 n=2312   B=363378     d=0.1360 parts=2/2 certK=3 cert 404.38s  (avg 370.83s, eta 26.1h)
[1934/2186] 22:43:02 n=2313   B=417962     d=0.1563 parts=2/2 certK=3 cert 399.80s  (avg 381.28s, eta 26.7h)
[1935/2186] 22:48:38 n=2314   B=530965     d=0.1984 parts=2/2 certK=3 cert 336.01s  (avg 383.84s, eta 26.8h)
[1936/2186] 22:54:25 n=2315   B=534765     d=0.1997 parts=1/2 certK=3 cert 347.25s  (avg 385.28s, eta 26.8h)
[1937/2186] 22:59:51 n=2316   B=636756     d=0.2375 parts=2/2 certK=3 cert 325.68s  (avg 385.30s, eta 26.6h)
[1938/2186] 23:07:10 n=2317   B=382305     d=0.1425 parts=1/2 certK=3 cert 439.14s  (avg 387.54s, eta 26.7h)
[1939/2186] 23:14:30 n=2318   B=368511     d=0.1372 parts=2/2 certK=3 cert 440.28s  (avg 380.82s, eta 26.1h)
[1940/2186] 23:17:16 n=2319   B=895134     d=0.3330 parts=1/1 certK=2 cert 165.47s  (avg 375.93s, eta 25.7h)
[1941/2186] 23:23:36 n=2320   B=518671     d=0.1928 parts=2/2 certK=3 cert 380.25s  (avg 365.50s, eta 24.9h)
[1942/2186] 23:34:50 n=2321   B=265356     d=0.0986 parts=3/3 certK=4 cert 673.33s  (avg 379.42s, eta 25.7h)
[1943/2186] 23:41:00 n=2322   B=539241     d=0.2001 parts=2/2 certK=3 cert 370.87s  (avg 371.95s, eta 25.1h)
[1944/2186] 23:49:48 n=2323   B=307193     d=0.1139 parts=2/2 certK=3 cert 527.73s  (avg 367.62s, eta 24.7h)
[1945/2186] 23:57:25 n=2324   B=348727     d=0.1292 parts=2/2 certK=3 cert 456.55s  (avg 373.89s, eta 25.0h)
[1946/2186] 00:06:36 n=2325   B=392941     d=0.1454 parts=2/2 certK=3 cert 550.90s  (avg 382.79s, eta 25.5h)
[1947/2186] 00:08:07 n=2326   B=1351406    d=0.4998 parts=1/1 certK=2 cert  91.58s  (avg 361.75s, eta 24.0h)
[1948/2186] 00:19:26 n=2327   B=207103     d=0.0765 parts=1/3 certK=4 cert 679.23s  (avg 373.33s, eta 24.7h)
[1949/2186] 00:25:01 n=2328   B=520710     d=0.1922 parts=2/2 certK=3 cert 334.28s  (avg 369.52s, eta 24.3h)
[1950/2186] 00:32:36 n=2329   B=325470     d=0.1201 parts=2/2 certK=3 cert 455.56s  (avg 384.47s, eta 25.2h)
[1951/2186] 00:39:16 n=2330   B=348727     d=0.1285 parts=2/2 certK=3 cert 399.55s  (avg 367.55s, eta 24.0h)
[1952/2186] 00:44:53 n=2331   B=523776     d=0.1929 parts=2/2 certK=3 cert 337.41s  (avg 369.34s, eta 24.0h)
[1953/2186] 00:50:22 n=2332   B=549676     d=0.2022 parts=2/2 certK=3 cert 328.96s  (avg 369.63s, eta 23.9h)
[1954/2186] 00:55:52 n=2334   B=551775     d=0.2027 parts=2/2 certK=3 cert 329.69s  (avg 379.65s, eta 24.5h)
[1955/2186] 01:01:23 n=2335   B=544055     d=0.1997 parts=1/2 certK=3 cert 331.57s  (avg 387.14s, eta 24.8h)
[1956/2186] 01:07:56 n=2336   B=384126     d=0.1408 parts=2/2 certK=3 cert 392.41s  (avg 391.63s, eta 25.0h)
[1957/2186] 01:15:51 n=2337   B=433622     d=0.1589 parts=2/2 certK=3 cert 475.12s  (avg 398.92s, eta 25.4h)
[1958/2186] 01:20:46 n=2338   B=661825     d=0.2423 parts=2/2 certK=3 cert 294.72s  (avg 394.53s, eta 25.0h)
[1959/2186] 01:25:42 n=2340   B=664128     d=0.2427 parts=2/2 certK=3 cert 296.07s  (avg 390.38s, eta 24.6h)
[1960/2186] 01:27:06 n=2342   B=1370070    d=0.4998 parts=1/1 certK=2 cert  83.70s  (avg 380.29s, eta 23.9h)
[1961/2186] 01:32:49 n=2343   B=523776     d=0.1909 parts=2/2 certK=3 cert 343.82s  (avg 380.16s, eta 23.8h)
[1962/2186] 01:38:20 n=2344   B=562330     d=0.2048 parts=2/2 certK=3 cert 330.43s  (avg 380.35s, eta 23.7h)
[1963/2186] 01:49:31 n=2345   B=265356     d=0.0966 parts=3/3 certK=4 cert 670.89s  (avg 389.62s, eta 24.1h)
[1964/2186] 01:55:04 n=2346   B=564453     d=0.2052 parts=2/2 certK=3 cert 332.91s  (avg 385.32s, eta 23.8h)
[1965/2186] 02:00:01 n=2348   B=687964     d=0.2497 parts=1/2 certK=3 cert 297.20s  (avg 390.59s, eta 24.0h)
[1966/2186] 02:07:59 n=2349   B=465806     d=0.1689 parts=2/2 certK=3 cert 477.82s  (avg 394.49s, eta 24.1h)
[1967/2186] 02:13:09 n=2350   B=675703     d=0.2448 parts=2/2 certK=3 cert 310.40s  (avg 379.98s, eta 23.1h)
[1968/2186] 02:18:47 n=2352   B=570846     d=0.2065 parts=2/2 certK=3 cert 338.42s  (avg 378.68s, eta 22.9h)
[1969/2186] 02:29:18 n=2353   B=286146     d=0.1034 parts=2/3 certK=4 cert 630.73s  (avg 382.80s, eta 23.1h)
[1970/2186] 02:36:29 n=2354   B=348727     d=0.1259 parts=2/2 certK=3 cert 431.07s  (avg 381.78s, eta 22.9h)
[1971/2186] 02:44:33 n=2355   B=316406     d=0.1142 parts=2/2 certK=3 cert 483.61s  (avg 379.09s, eta 22.6h)
[1972/2186] 02:50:22 n=2356   B=549676     d=0.1981 parts=2/2 certK=3 cert 348.84s  (avg 389.38s, eta 23.1h)
[1973/2186] 02:55:35 n=2358   B=685035     d=0.2465 parts=2/2 certK=3 cert 313.56s  (avg 374.75s, eta 22.2h)
[1974/2186] 03:02:35 n=2359   B=396312     d=0.1425 parts=1/2 certK=3 cert 419.45s  (avg 378.16s, eta 22.3h)
[1975/2186] 03:09:54 n=2360   B=360885     d=0.1296 parts=2/2 certK=3 cert 438.69s  (avg 377.48s, eta 22.1h)
[1976/2186] 03:12:41 n=2361   B=927873     d=0.3331 parts=1/1 certK=2 cert 167.12s  (avg 368.19s, eta 21.5h)
[1977/2186] 03:14:16 n=2362   B=1393580    d=0.4998 parts=1/1 certK=2 cert  95.70s  (avg 358.52s, eta 20.8h)
[1978/2186] 03:25:58 n=2363   B=179747     d=0.0644 parts=2/3 certK=4 cert 701.31s  (avg 373.41s, eta 21.6h)
[1979/2186] 03:39:35 n=2364   B=496506     d=0.1778 parts=2/2 certK=3 cert 817.07s  (avg 392.91s, eta 22.6h)
[1980/2186] 04:03:58 n=2365   B=476790     d=0.1706 parts=2/2 certK=3 cert 1462.85s  (avg 438.16s, eta 25.1h)
[1981/2186] 04:11:55 n=2366   B=410871     d=0.1469 parts=2/2 certK=3 cert 476.87s  (avg 441.54s, eta 25.1h)
[1982/2186] 04:23:39 n=2367   B=310077     d=0.1107 parts=1/3 certK=4 cert 704.80s  (avg 450.72s, eta 25.5h)
[1983/2186] 04:29:33 n=2368   B=696790     d=0.2486 parts=2/2 certK=3 cert 353.39s  (avg 453.07s, eta 25.5h)
[1984/2186] 04:43:11 n=2369   B=196747     d=0.0701 parts=3/3 certK=4 cert 818.27s  (avg 473.96s, eta 26.6h)
[1985/2186] 04:49:48 n=2370   B=590241     d=0.2103 parts=2/2 certK=3 cert 397.26s  (avg 486.50s, eta 27.2h)
[1986/2186] 04:55:49 n=2372   B=702112     d=0.2497 parts=1/2 certK=3 cert 360.73s  (avg 487.18s, eta 27.1h)
[1987/2186] 05:05:29 n=2373   B=392941     d=0.1396 parts=2/2 certK=3 cert 579.81s  (avg 497.15s, eta 27.5h)
[1988/2186] 05:07:10 n=2374   B=1407782    d=0.4998 parts=1/1 certK=2 cert 100.76s  (avg 474.35s, eta 26.1h)
[1989/2186] 05:16:19 n=2375   B=351541     d=0.1247 parts=2/2 certK=3 cert 549.43s  (avg 483.01s, eta 26.4h)
[1990/2186] 05:22:56 n=2376   B=596778     d=0.2115 parts=2/2 certK=3 cert 397.38s  (avg 487.01s, eta 26.5h)
[1991/2186] 05:30:53 n=2378   B=421821     d=0.1493 parts=2/2 certK=3 cert 476.21s  (avg 486.95s, eta 26.4h)
[1992/2186] 05:43:50 n=2379   B=286524     d=0.1013 parts=2/3 certK=4 cert 777.76s  (avg 505.64s, eta 27.2h)
[1993/2186] 05:49:55 n=2380   B=703891     d=0.2486 parts=2/2 certK=3 cert 364.23s  (avg 506.68s, eta 27.2h)
[1994/2186] 05:56:54 n=2382   B=564453     d=0.1990 parts=2/2 certK=3 cert 418.96s  (avg 498.20s, eta 26.6h)
[1995/2186] 06:05:35 n=2384   B=353220     d=0.1243 parts=2/2 certK=3 cert 521.20s  (avg 501.81s, eta 26.6h)
[1996/2186] 06:15:24 n=2385   B=465806     d=0.1638 parts=2/2 certK=3 cert 589.70s  (avg 506.05s, eta 26.7h)
[1997/2186] 06:17:04 n=2386   B=1422056    d=0.4998 parts=1/1 certK=2 cert  99.95s  (avg 496.10s, eta 26.0h)
[1998/2186] 06:35:12 n=2387   B=175813     d=0.0617 parts=2/4 certK=5 cert 1087.36s  (avg 527.05s, eta 27.5h)
[1999/2186] 06:41:24 n=2388   B=703891     d=0.2470 parts=2/2 certK=3 cert 372.06s  (avg 525.15s, eta 27.3h)
[2000/2186] 06:50:15 n=2390   B=371953     d=0.1303 parts=2/2 certK=3 cert 530.99s  (avg 528.85s, eta 27.3h)
[2001/2186] 06:53:27 n=2391   B=951618     d=0.3331 parts=1/1 certK=2 cert 192.03s  (avg 529.84s, eta 27.2h)
[2002/2186] 07:00:15 n=2392   B=614386     d=0.2148 parts=2/2 certK=3 cert 408.38s  (avg 542.35s, eta 27.7h)
[2003/2186] 07:12:13 n=2394   B=590241     d=0.2061 parts=2/2 certK=3 cert 718.01s  (avg 543.02s, eta 27.6h)
[2004/2186] 07:19:21 n=2395   B=572405     d=0.1997 parts=1/2 certK=3 cert 428.21s  (avg 527.46s, eta 26.7h)
[2005/2186] 07:25:35 n=2396   B=716404     d=0.2497 parts=1/2 certK=3 cert 373.91s  (avg 483.91s, eta 24.3h)
[2006/2186] 07:33:27 n=2397   B=470939     d=0.1640 parts=2/2 certK=3 cert 471.43s  (avg 483.69s, eta 24.2h)
[2007/2186] 07:40:28 n=2398   B=594595     d=0.2069 parts=2/2 certK=3 cert 421.28s  (avg 472.35s, eta 23.5h)
[2008/2186] 07:46:52 n=2400   B=703891     d=0.2445 parts=2/2 certK=3 cert 383.49s  (avg 473.55s, eta 23.4h)
[2009/2186] 07:48:39 n=2402   B=1441200    d=0.4998 parts=1/1 certK=2 cert 107.49s  (avg 445.12s, eta 21.9h)
[2010/2186] 07:59:04 n=2403   B=343982     d=0.1192 parts=2/2 certK=3 cert 624.66s  (avg 454.22s, eta 22.2h)
[2011/2186] 08:05:23 n=2404   B=721200     d=0.2497 parts=1/2 certK=3 cert 378.85s  (avg 454.94s, eta 22.1h)
[2012/2186] 08:19:53 n=2405   B=252506     d=0.0873 parts=2/3 certK=4 cert 870.21s  (avg 466.56s, eta 22.6h)
[2013/2186] 08:26:44 n=2406   B=630003     d=0.2178 parts=2/2 certK=3 cert 411.33s  (avg 478.98s, eta 23.0h)
[2014/2186] 08:40:50 n=2407   B=240124     d=0.0829 parts=2/3 certK=4 cert 845.55s  (avg 490.83s, eta 23.5h)
[2015/2186] 08:49:52 n=2408   B=348727     d=0.1203 parts=2/2 certK=3 cert 541.81s  (avg 496.60s, eta 23.6h)
[2016/2186] 09:03:49 n=2409   B=316406     d=0.1091 parts=2/3 certK=4 cert 837.21s  (avg 511.04s, eta 24.1h)
[2017/2186] 09:10:18 n=2410   B=703891     d=0.2425 parts=2/2 certK=3 cert 388.84s  (avg 495.49s, eta 23.3h)
[2018/2186] 09:17:14 n=2412   B=636756     d=0.2190 parts=2/2 certK=3 cert 416.88s  (avg 497.59s, eta 23.2h)
[2019/2186] 09:27:25 n=2413   B=351541     d=0.1208 parts=2/2 certK=3 cert 610.39s  (avg 505.25s, eta 23.4h)
[2020/2186] 09:36:19 n=2414   B=387858     d=0.1332 parts=2/2 certK=3 cert 534.50s  (avg 505.78s, eta 23.3h)
[2021/2186] 09:51:08 n=2415   B=240590     d=0.0825 parts=2/3 certK=4 cert 888.53s  (avg 517.73s, eta 23.7h)
[2022/2186] 09:57:41 n=2416   B=703891     d=0.2413 parts=2/2 certK=3 cert 392.84s  (avg 529.45s, eta 24.1h)
[2023/2186] 10:04:17 n=2418   B=703891     d=0.2409 parts=2/2 certK=3 cert 396.14s  (avg 501.80s, eta 22.7h)
[2024/2186] 10:18:08 n=2419   B=292612     d=0.1001 parts=2/3 certK=4 cert 831.54s  (avg 520.18s, eta 23.4h)
[2025/2186] 10:31:23 n=2420   B=461280     d=0.1576 parts=2/2 certK=3 cert 794.68s  (avg 530.73s, eta 23.7h)
[2026/2186] 10:40:12 n=2421   B=482653     d=0.1648 parts=2/2 certK=3 cert 528.63s  (avg 544.19s, eta 24.2h)
[2027/2186] 10:47:24 n=2422   B=607753     d=0.2073 parts=2/2 certK=3 cert 432.60s  (avg 545.16s, eta 24.1h)
[2028/2186] 10:54:04 n=2424   B=703891     d=0.2397 parts=2/2 certK=3 cert 399.66s  (avg 532.43s, eta 23.4h)
[2029/2186] 11:04:25 n=2425   B=382542     d=0.1302 parts=2/2 certK=3 cert 620.81s  (avg 540.13s, eta 23.6h)
[2030/2186] 11:06:16 n=2426   B=1470156    d=0.4998 parts=1/1 certK=2 cert 111.06s  (avg 529.62s, eta 23.0h)
[2031/2186] 11:09:38 n=2427   B=980508     d=0.3331 parts=1/1 certK=2 cert 201.69s  (avg 518.83s, eta 22.3h)
[2032/2186] 11:15:32 n=2428   B=735684     d=0.2497 parts=1/2 certK=3 cert 354.73s  (avg 516.17s, eta 22.1h)
[2033/2186] 11:23:20 n=2429   B=420217     d=0.1425 parts=1/2 certK=3 cert 467.79s  (avg 519.54s, eta 22.1h)
[2034/2186] 11:29:47 n=2430   B=630003     d=0.2135 parts=2/2 certK=3 cert 386.47s  (avg 530.70s, eta 22.4h)
[2035/2186] 11:42:39 n=2431   B=248502     d=0.0841 parts=2/3 certK=4 cert 771.93s  (avg 536.59s, eta 22.5h)
[2036/2186] 11:50:27 n=2432   B=363378     d=0.1229 parts=2/2 certK=3 cert 468.23s  (avg 540.16s, eta 22.5h)
[2037/2186] 11:53:18 n=2433   B=985365     d=0.3331 parts=1/1 certK=2 cert 171.07s  (avg 512.20s, eta 21.2h)
[2038/2186] 11:54:51 n=2434   B=1479872    d=0.4998 parts=1/1 certK=2 cert  93.18s  (avg 499.47s, eta 20.5h)
[2039/2186] 12:01:20 n=2435   B=591705     d=0.1997 parts=1/2 certK=3 cert 388.41s  (avg 481.19s, eta 19.6h)
[2040/2186] 12:22:09 n=2436   B=703891     d=0.2373 parts=2/2 certK=3 cert 1249.49s  (avg 509.49s, eta 20.7h)
[2041/2186] 12:30:05 n=2438   B=368511     d=0.1240 parts=2/2 certK=3 cert 475.76s  (avg 495.03s, eta 19.9h)
[2042/2186] 12:41:01 n=2439   B=329265     d=0.1107 parts=1/3 certK=4 cert 656.51s  (avg 505.74s, eta 20.2h)
[2043/2186] 12:48:42 n=2440   B=453628     d=0.1525 parts=2/2 certK=3 cert 460.49s  (avg 507.49s, eta 20.2h)
[2044/2186] 12:55:10 n=2442   B=630003     d=0.2114 parts=2/2 certK=3 cert 387.95s  (avg 498.59s, eta 19.7h)
[2045/2186] 13:03:04 n=2443   B=425082     d=0.1425 parts=1/2 certK=3 cert 474.33s  (avg 496.18s, eta 19.4h)
[2046/2186] 13:12:25 n=2444   B=348727     d=0.1168 parts=2/2 certK=3 cert 560.61s  (avg 483.07s, eta 18.8h)
[2047/2186] 13:26:05 n=2445   B=316406     d=0.1059 parts=2/3 certK=4 cert 820.37s  (avg 500.17s, eta 19.3h)
[2048/2186] 13:27:52 n=2446   B=1494506    d=0.4998 parts=1/1 certK=2 cert 106.78s  (avg 488.59s, eta 18.7h)
[2049/2186] 13:35:03 n=2448   B=636756     d=0.2126 parts=2/2 certK=3 cert 431.03s  (avg 472.57s, eta 18.0h)
[2050/2186] 13:45:37 n=2449   B=397530     d=0.1326 parts=2/2 certK=3 cert 634.48s  (avg 466.16s, eta 17.6h)
[2051/2186] 13:53:48 n=2450   B=490545     d=0.1635 parts=2/2 certK=3 cert 491.00s  (avg 464.66s, eta 17.4h)
[2052/2186] 14:08:31 n=2451   B=268644     d=0.0895 parts=2/3 certK=4 cert 882.47s  (avg 482.65s, eta 18.0h)
[2053/2186] 14:14:57 n=2452   B=750312     d=0.2497 parts=1/2 certK=3 cert 385.74s  (avg 482.10s, eta 17.8h)
[2054/2186] 14:28:28 n=2453   B=272283     d=0.0905 parts=1/3 certK=4 cert 811.47s  (avg 489.72s, eta 18.0h)
[2055/2186] 14:50:23 n=2454   B=685035     d=0.2276 parts=2/2 certK=3 cert 1314.44s  (avg 537.86s, eta 19.6h)
[2056/2186] 14:58:00 n=2455   B=601475     d=0.1997 parts=1/2 certK=3 cert 457.68s  (avg 548.10s, eta 19.8h)
[2057/2186] 15:06:21 n=2456   B=496506     d=0.1647 parts=2/2 certK=3 cert 500.37s  (avg 553.92s, eta 19.8h)
[2058/2186] 15:15:48 n=2457   B=516242     d=0.1711 parts=2/2 certK=3 cert 567.04s  (avg 557.89s, eta 19.8h)
[2059/2186] 15:17:42 n=2458   B=1509212    d=0.4998 parts=1/1 certK=2 cert 114.05s  (avg 547.00s, eta 19.3h)
[2060/2186] 15:25:02 n=2460   B=664128     d=0.2196 parts=2/2 certK=3 cert 439.88s  (avg 533.71s, eta 18.7h)
[2061/2186] 15:35:27 n=2461   B=482653     d=0.1594 parts=2/2 certK=3 cert 625.18s  (avg 539.99s, eta 18.7h)
[2062/2186] 15:37:20 n=2462   B=1514130    d=0.4998 parts=1/1 certK=2 cert 113.11s  (avg 537.67s, eta 18.5h)
[2063/2186] 15:40:48 n=2463   B=1009830    d=0.3331 parts=1/1 certK=2 cert 208.36s  (avg 542.28s, eta 18.5h)
[2064/2186] 15:47:50 n=2464   B=703891     d=0.2320 parts=2/2 certK=3 cert 421.25s  (avg 543.59s, eta 18.4h)
[2065/2186] 16:03:28 n=2465   B=252506     d=0.0831 parts=2/3 certK=4 cert 938.56s  (avg 531.16s, eta 17.9h)
[2066/2186] 16:10:31 n=2466   B=703891     d=0.2316 parts=2/2 certK=3 cert 422.64s  (avg 529.03s, eta 17.6h)
[2067/2186] 16:17:15 n=2468   B=760144     d=0.2497 parts=1/2 certK=3 cert 404.21s  (avg 518.94s, eta 17.2h)
[2068/2186] 16:20:44 n=2469   B=1014759    d=0.3331 parts=1/1 certK=2 cert 209.42s  (avg 508.90s, eta 16.7h)
[2069/2186] 16:27:52 n=2470   B=703891     d=0.2308 parts=2/2 certK=3 cert 427.50s  (avg 510.48s, eta 16.6h)
[2070/2186] 16:37:00 n=2471   B=434896     d=0.1425 parts=1/2 certK=3 cert 547.73s  (avg 513.42s, eta 16.5h)
[2071/2186] 16:44:24 n=2472   B=664128     d=0.2175 parts=2/2 certK=3 cert 444.60s  (avg 508.78s, eta 16.3h)
[2072/2186] 16:46:21 n=2474   B=1528932    d=0.4998 parts=1/1 certK=2 cert 116.37s  (avg 480.61s, eta 15.2h)
[2073/2186] 17:05:32 n=2475   B=307193     d=0.1003 parts=2/3 certK=4 cert 1151.53s  (avg 522.40s, eta 16.4h)
[2074/2186] 17:11:20 n=2476   B=765084     d=0.2497 parts=1/2 certK=3 cert 347.72s  (avg 519.07s, eta 16.1h)
[2075/2186] 17:17:37 n=2478   B=703891     d=0.2294 parts=2/2 certK=3 cert 376.72s  (avg 508.76s, eta 15.7h)
[2076/2186] 17:31:02 n=2479   B=256507     d=0.0835 parts=2/3 certK=4 cert 805.27s  (avg 521.33s, eta 15.9h)


[2077/2186] 17:48:17 n=2480   B=520710     d=0.1694 parts=2/2 certK=3 cert 1035.21s  (avg 527.44s, eta 16.0h)
[2078/2186] 17:56:17 n=2481   B=1024653    d=0.3331 parts=1/1 certK=2 cert 479.73s  (avg 531.20s, eta 15.9h)
[2079/2186] 18:02:44 n=2482   B=675703     d=0.2195 parts=2/2 certK=3 cert 386.79s  (avg 514.21s, eta 15.3h)
[2080/2186] 18:09:58 n=2483   B=523776     d=0.1700 parts=2/2 certK=3 cert 434.76s  (avg 479.03s, eta 14.1h)
[2081/2186] 18:16:07 n=2484   B=720600     d=0.2337 parts=2/2 certK=3 cert 368.34s  (avg 475.45s, eta 13.9h)
[2082/2186] 18:25:52 n=2485   B=482653     d=0.1564 parts=2/2 certK=3 cert 585.01s  (avg 478.84s, eta 13.8h)
[2083/2186] 18:34:02 n=2486   B=410871     d=0.1330 parts=2/2 certK=3 cert 490.08s  (avg 475.76s, eta 13.6h)
[2084/2186] 18:37:06 n=2487   B=1029618    d=0.3331 parts=1/1 certK=2 cert 183.98s  (avg 478.56s, eta 13.6h)
[2085/2186] 18:43:21 n=2488   B=703891     d=0.2275 parts=2/2 certK=3 cert 375.33s  (avg 475.98s, eta 13.4h)
[2086/2186] 19:06:49 n=2489   B=196747     d=0.0635 parts=2/3 certK=4 cert 1407.35s  (avg 507.26s, eta 14.1h)
[2087/2186] 19:17:44 n=2490   B=703891     d=0.2271 parts=2/2 certK=3 cert 655.64s  (avg 528.96s, eta 14.5h)
[2088/2186] 19:27:27 n=2491   B=377303     d=0.1217 parts=2/2 certK=3 cert 583.08s  (avg 543.95s, eta 14.8h)
[2089/2186] 19:34:41 n=2492   B=533028     d=0.1717 parts=2/2 certK=3 cert 433.82s  (avg 544.46s, eta 14.7h)
[2090/2186] 19:43:20 n=2493   B=351541     d=0.1132 parts=2/2 certK=3 cert 518.36s  (avg 527.65s, eta 14.1h)
[2091/2186] 19:49:45 n=2494   B=703891     d=0.2264 parts=2/2 certK=3 cert 385.52s  (avg 526.16s, eta 13.9h)
[2092/2186] 20:13:35 n=2495   B=621255     d=0.1997 parts=1/2 certK=3 cert 1429.90s  (avg 567.19s, eta 14.8h)
[2093/2186] 20:19:41 n=2496   B=735078     d=0.2361 parts=2/2 certK=3 cert 365.63s  (avg 573.44s, eta 14.8h)
[2094/2186] 20:28:04 n=2497   B=518671     d=0.1664 parts=2/2 certK=3 cert 503.16s  (avg 576.47s, eta 14.7h)
[2095/2186] 20:29:44 n=2498   B=1558752    d=0.4998 parts=1/1 certK=2 cert  99.87s  (avg 558.55s, eta 14.1h)
[2096/2186] 20:42:35 n=2499   B=316406     d=0.1014 parts=2/3 certK=4 cert 771.17s  (avg 571.61s, eta 14.3h)
[2097/2186] 20:48:29 n=2500   B=780000     d=0.2497 parts=1/2 certK=3 cert 354.52s  (avg 581.14s, eta 14.4h)
[2098/2186] 21:02:06 n=2501   B=228962     d=0.0732 parts=2/3 certK=4 cert 816.16s  (avg 567.73s, eta 13.9h)
[2099/2186] 21:09:08 n=2502   B=564453     d=0.1804 parts=2/2 certK=3 cert 422.79s  (avg 570.73s, eta 13.8h)
[2100/2186] 21:17:22 n=2504   B=396551     d=0.1265 parts=2/2 certK=3 cert 493.19s  (avg 575.39s, eta 13.7h)
[2101/2186] 21:26:10 n=2505   B=518671     d=0.1654 parts=2/2 certK=3 cert 527.88s  (avg 564.29s, eta 13.3h)
[2102/2186] 21:32:11 n=2506   B=747253     d=0.2381 parts=2/2 certK=3 cert 361.88s  (avg 537.36s, eta 12.5h)
[2103/2186] 21:49:23 n=2507   B=179747     d=0.0572 parts=2/4 certK=5 cert 1031.11s  (avg 559.41s, eta 12.9h)
[2104/2186] 21:55:43 n=2508   B=720600     d=0.2292 parts=2/2 certK=3 cert 380.12s  (avg 559.15s, eta 12.7h)
[2105/2186] 22:04:42 n=2509   B=392941     d=0.1249 parts=2/2 certK=3 cert 539.68s  (avg 563.34s, eta 12.7h)
[2106/2186] 22:12:00 n=2510   B=551775     d=0.1752 parts=2/2 certK=3 cert 437.65s  (avg 566.12s, eta 12.6h)
[2107/2186] 22:19:26 n=2511   B=523776     d=0.1662 parts=2/2 certK=3 cert 446.04s  (avg 560.56s, eta 12.3h)
[2108/2186] 22:26:21 n=2512   B=754606     d=0.2393 parts=2/2 certK=3 cert 414.57s  (avg 557.54s, eta 12.1h)
[2109/2186] 22:35:29 n=2513   B=449827     d=0.1425 parts=1/2 certK=3 cert 548.19s  (avg 572.11s, eta 12.2h)
[2110/2186] 22:42:25 n=2514   B=757065     d=0.2397 parts=2/2 certK=3 cert 415.60s  (avg 573.72s, eta 12.1h)
[2111/2186] 22:50:08 n=2515   B=631265     d=0.1997 parts=1/2 certK=3 cert 463.30s  (avg 535.95s, eta 11.2h)
[2112/2186] 22:59:36 n=2516   B=415277     d=0.1313 parts=2/2 certK=3 cert 567.99s  (avg 532.45s, eta 10.9h)
[2113/2186] 23:03:00 n=2517   B=1054623    d=0.3331 parts=1/1 certK=2 cert 204.34s  (avg 517.30s, eta 10.5h)
[2114/2186] 23:04:52 n=2518   B=1583822    d=0.4998 parts=1/1 certK=2 cert 112.17s  (avg 504.43s, eta 10.1h)
[2115/2186] 23:14:44 n=2519   B=392448     d=0.1237 parts=2/2 certK=3 cert 592.11s  (avg 507.38s, eta 10.0h)
[2116/2186] 23:21:40 n=2520   B=764466     d=0.2409 parts=2/2 certK=3 cert 416.07s  (avg 508.60s, eta 9.9h)
[2117/2186] 23:30:00 n=2522   B=564453     d=0.1776 parts=2/2 certK=3 cert 499.91s  (avg 471.40s, eta 9.0h)
[2118/2186] 23:33:29 n=2523   B=1059660    d=0.3331 parts=1/1 certK=2 cert 208.18s  (avg 465.11s, eta 8.8h)
[2119/2186] 23:40:12 n=2524   B=795060     d=0.2497 parts=1/2 certK=3 cert 403.80s  (avg 461.13s, eta 8.6h)
[2120/2186] 00:01:48 n=2525   B=316406     d=0.0993 parts=2/3 certK=4 cert 1295.97s  (avg 508.98s, eta 9.3h)
[2121/2186] 00:08:47 n=2526   B=590241     d=0.1851 parts=2/2 certK=3 cert 418.29s  (avg 494.86s, eta 8.9h)
[2122/2186] 00:16:44 n=2527   B=454860     d=0.1425 parts=1/2 certK=3 cert 476.99s  (avg 499.76s, eta 8.9h)
[2123/2186] 00:24:02 n=2528   B=570846     d=0.1787 parts=2/2 certK=3 cert 437.85s  (avg 484.63s, eta 8.5h)
[2124/2186] 00:35:56 n=2529   B=354060     d=0.1108 parts=1/3 certK=4 cert 714.76s  (avg 496.31s, eta 8.5h)
[2125/2186] 00:42:12 n=2530   B=747253     d=0.2336 parts=2/2 certK=3 cert 375.69s  (avg 491.61s, eta 8.3h)
[2126/2186] 00:48:29 n=2532   B=779376     d=0.2432 parts=2/2 certK=3 cert 376.89s  (avg 485.57s, eta 8.1h)
[2127/2186] 00:58:31 n=2533   B=392941     d=0.1225 parts=2/2 certK=3 cert 601.80s  (avg 495.16s, eta 8.1h)
[2128/2186] 01:07:03 n=2534   B=410871     d=0.1280 parts=2/2 certK=3 cert 511.92s  (avg 474.40s, eta 7.6h)
[2129/2186] 01:19:48 n=2535   B=286524     d=0.0892 parts=2/3 certK=4 cert 764.99s  (avg 489.79s, eta 7.8h)
[2130/2186] 01:25:59 n=2536   B=754606     d=0.2348 parts=2/2 certK=3 cert 371.86s  (avg 483.08s, eta 7.5h)
[2131/2186] 01:40:01 n=2537   B=228962     d=0.0712 parts=2/3 certK=4 cert 841.06s  (avg 499.21s, eta 7.6h)
[2132/2186] 01:46:14 n=2538   B=757065     d=0.2352 parts=2/2 certK=3 cert 373.30s  (avg 496.30s, eta 7.4h)
[2133/2186] 01:54:37 n=2540   B=415277     d=0.1288 parts=2/2 certK=3 cert 502.91s  (avg 499.84s, eta 7.4h)
[2134/2186] 02:04:18 n=2541   B=392941     d=0.1218 parts=2/2 certK=3 cert 581.04s  (avg 501.15s, eta 7.2h)
[2135/2186] 02:10:19 n=2542   B=791911     d=0.2452 parts=2/2 certK=3 cert 361.25s  (avg 498.98s, eta 7.1h)
[2136/2186] 02:16:44 n=2544   B=764466     d=0.2363 parts=2/2 certK=3 cert 385.24s  (avg 495.86s, eta 6.9h)
[2137/2186] 02:24:01 n=2545   B=646430     d=0.1997 parts=1/2 certK=3 cert 436.60s  (avg 490.60s, eta 6.7h)
[2138/2186] 02:46:29 n=2546   B=590241     d=0.1822 parts=2/2 certK=3 cert 1348.42s  (avg 536.36s, eta 7.2h)
[2139/2186] 02:54:36 n=2547   B=523776     d=0.1615 parts=2/2 certK=3 cert 486.41s  (avg 551.33s, eta 7.2h)
[2140/2186] 03:01:18 n=2548   B=754606     d=0.2326 parts=2/2 certK=3 cert 402.68s  (avg 543.76s, eta 6.9h)
[2141/2186] 03:08:01 n=2550   B=757065     d=0.2329 parts=2/2 certK=3 cert 402.30s  (avg 543.21s, eta 6.8h)
[2142/2186] 03:15:45 n=2552   B=596778     d=0.1833 parts=2/2 certK=3 cert 463.91s  (avg 541.77s, eta 6.6h)
[2143/2186] 03:26:32 n=2553   B=465806     d=0.1430 parts=2/2 certK=3 cert 646.94s  (avg 559.32s, eta 6.7h)
[2144/2186] 03:28:22 n=2554   B=1629452    d=0.4998 parts=1/1 certK=2 cert 110.62s  (avg 547.59s, eta 6.4h)
[2145/2186] 03:38:43 n=2555   B=392448     d=0.1203 parts=2/2 certK=3 cert 620.35s  (avg 520.56s, eta 5.9h)
[2146/2186] 03:45:23 n=2556   B=779376     d=0.2387 parts=2/2 certK=3 cert 399.86s  (avg 519.83s, eta 5.8h)
[2147/2186] 03:47:14 n=2558   B=1634562    d=0.4998 parts=1/1 certK=2 cert 111.66s  (avg 505.21s, eta 5.5h)
[2148/2186] 03:50:36 n=2559   B=1090134    d=0.3331 parts=1/1 certK=2 cert 201.70s  (avg 495.77s, eta 5.2h)
[2149/2186] 03:57:06 n=2560   B=814726     d=0.2487 parts=2/2 certK=3 cert 390.30s  (avg 482.79s, eta 5.0h)
[2150/2186] 04:11:19 n=2561   B=250978     d=0.0766 parts=1/3 certK=4 cert 853.18s  (avg 501.89s, eta 5.0h)
[2151/2186] 04:17:50 n=2562   B=817281     d=0.2491 parts=2/2 certK=3 cert 390.85s  (avg 502.45s, eta 4.9h)
[2152/2186] 04:30:57 n=2563   B=351541     d=0.1071 parts=2/3 certK=4 cert 787.17s  (avg 509.86s, eta 4.8h)
[2153/2186] 04:37:27 n=2564   B=820480     d=0.2497 parts=1/2 certK=3 cert 389.88s  (avg 504.98s, eta 4.6h)
[2154/2186] 04:48:28 n=2565   B=392941     d=0.1195 parts=2/2 certK=3 cert 660.94s  (avg 500.82s, eta 4.5h)
[2155/2186] 04:50:19 n=2566   B=1644806    d=0.4998 parts=1/1 certK=2 cert 111.05s  (avg 490.39s, eta 4.2h)
[2156/2186] 04:59:43 n=2567   B=396551     d=0.1204 parts=2/2 certK=3 cert 563.38s  (avg 479.28s, eta 4.0h)
[2157/2186] 05:11:27 n=2568   B=779376     d=0.2365 parts=2/2 certK=3 cert 704.10s  (avg 492.51s, eta 4.0h)
[2158/2186] 05:20:14 n=2569   B=476790     d=0.1445 parts=2/2 certK=3 cert 527.76s  (avg 493.50s, eta 3.8h)
[2159/2186] 05:29:25 n=2570   B=415277     d=0.1258 parts=2/2 certK=3 cert 550.91s  (avg 492.30s, eta 3.7h)
[2160/2186] 05:32:44 n=2571   B=1100388    d=0.3331 parts=1/1 certK=2 cert 199.07s  (avg 485.81s, eta 3.5h)
[2161/2186] 05:40:45 n=2572   B=825612     d=0.2497 parts=1/2 certK=3 cert 480.70s  (avg 489.63s, eta 3.4h)
[2162/2186] 05:55:17 n=2573   B=325967     d=0.0985 parts=2/3 certK=4 cert 871.51s  (avg 507.03s, eta 3.4h)
[2163/2186] 06:01:48 n=2574   B=822403     d=0.2484 parts=2/2 certK=3 cert 391.03s  (avg 468.73s, eta 3.0h)
[2164/2186] 06:16:23 n=2575   B=268278     d=0.0810 parts=2/3 certK=4 cert 874.91s  (avg 484.27s, eta 3.0h)
[2165/2186] 06:23:52 n=2576   B=623286     d=0.1879 parts=2/2 certK=3 cert 449.23s  (avg 486.13s, eta 2.8h)
[2166/2186] 06:27:09 n=2577   B=1105533    d=0.3331 parts=1/1 certK=2 cert 197.16s  (avg 477.93s, eta 2.7h)
[2167/2186] 06:28:59 n=2578   B=1660232    d=0.4998 parts=1/1 certK=2 cert 109.55s  (avg 463.75s, eta 2.4h)
[2168/2186] 06:35:29 n=2580   B=822403     d=0.2472 parts=2/2 certK=3 cert 390.34s  (avg 453.49s, eta 2.3h)
[2169/2186] 06:46:27 n=2581   B=397530     d=0.1194 parts=2/2 certK=3 cert 657.74s  (avg 475.37s, eta 2.2h)
[2170/2186] 06:48:17 n=2582   B=1665390    d=0.4998 parts=1/1 certK=2 cert 109.99s  (avg 454.96s, eta 2.0h)
[2171/2186] 07:08:57 n=2583   B=228826     d=0.0686 parts=2/3 certK=4 cert 1240.28s  (avg 488.58s, eta 2.0h)
[2172/2186] 07:15:34 n=2584   B=822403     d=0.2464 parts=2/2 certK=3 cert 396.97s  (avg 499.99s, eta 1.9h)
[2173/2186] 07:30:28 n=2585   B=316406     d=0.0947 parts=2/3 certK=4 cert 894.00s  (avg 527.68s, eta 1.9h)
[2174/2186] 07:37:00 n=2586   B=822403     d=0.2461 parts=2/2 certK=3 cert 392.17s  (avg 527.76s, eta 1.8h)
[2175/2186] 07:50:28 n=2587   B=370660     d=0.1108 parts=2/3 certK=4 cert 808.11s  (avg 525.95s, eta 1.6h)
[2176/2186] 07:57:01 n=2588   B=835924     d=0.2497 parts=1/2 certK=3 cert 392.89s  (avg 526.03s, eta 88m)
[2177/2186] 08:00:23 n=2589   B=1115859    d=0.3331 parts=1/1 certK=2 cert 201.48s  (avg 502.61s, eta 75m)
[2178/2186] 08:07:00 n=2590   B=822403     d=0.2453 parts=2/2 certK=3 cert 396.87s  (avg 502.89s, eta 67m)
[2179/2186] 08:14:39 n=2592   B=664128     d=0.1978 parts=2/2 certK=3 cert 458.97s  (avg 494.81s, eta 58m)
[2180/2186] 08:16:31 n=2594   B=1680912    d=0.4998 parts=1/1 certK=2 cert 112.77s  (avg 494.88s, eta 49m)
[2181/2186] 08:27:02 n=2595   B=377303     d=0.1121 parts=2/2 certK=3 cert 630.97s  (avg 497.58s, eta 41m)
[2182/2186] 08:33:44 n=2596   B=830116     d=0.2464 parts=2/2 certK=3 cert 401.89s  (avg 485.49s, eta 32m)
[2183/2186] 08:48:51 n=2597   B=325967     d=0.0967 parts=2/3 certK=4 cert 907.07s  (avg 500.66s, eta 25m)
[2184/2186] 08:55:34 n=2598   B=832695     d=0.2468 parts=2/2 certK=3 cert 402.27s  (avg 494.72s, eta 16m)
[2185/2186] 09:20:11 n=2599   B=187578     d=0.0556 parts=2/4 certK=5 cert 1477.08s  (avg 545.84s, eta 9m)
[2186/2186] 09:29:34 n=2600   B=438516     d=0.1298 parts=2/2 certK=3 cert 563.19s  (avg 549.14s, eta 0s)

n in [6, 2600]: computed 2186 of 2186 in 102.92h | exact 0, table-short 0, violations 0
timing         169.50s per value overall, 549.14s over the last 25
unconditional fallback invoked on the winner at 0 of 2186 values  -> the refined bound would be identical throughout
vipulnaik@Vipuls-M1-MacBook-Air 26-08-11 9:29:34 /Users/vipulnaik/git/personal-public/ark-conjecture~ [m1] M outputs/mu_table_safe_v4.csv # 
