1|false|exact|[[[1,2]],[[1,3]],[[1,4]],[[1,5]],[[1,6]],[[1,7]],[[1,8]],[[1,9]],[[1,10]],[[2,3]],[[2,4]],[[2,5]],[[2,6]],[[2,7]],[[2,8]],[[2,9]],[[2,10]],[[3,4]],[[3,5]],[[3,6]],[[3,7]],[[3,8]],[[3,9]],[[3,10]],[[4,5]],[[4,6]],[[4,7]],[[4,8]],[[4,9]],[[4,10]],[[5,6]],[[5,7]],[[5,8]],[[5,9]],[[5,10]],[[6,7]],[[6,8]],[[6,9]],[[6,10]],[[7,8]],[[7,9]],[[7,10]],[[8,9]],[[8,10]],[[9,10]]]
2|false|exact|[[[1,2]],[[1,3],[2,3]],[[1,4],[2,4]],[[1,5],[2,5]],[[1,6],[2,6]],[[1,7],[2,7]],[[1,8],[2,8]],[[1,9],[2,9]],[[1,10],[2,10]],[[3,4]],[[3,5]],[[3,6]],[[3,7]],[[3,8]],[[3,9]],[[3,10]],[[4,5]],[[4,6]],[[4,7]],[[4,8]],[[4,9]],[[4,10]],[[5,6]],[[5,7]],[[5,8]],[[5,9]],[[5,10]],[[6,7]],[[6,8]],[[6,9]],[[6,10]],[[7,8]],[[7,9]],[[7,10]],[[8,9]],[[8,10]],[[9,10]]]
2|false|exact|[[[1,2]],[[1,3],[2,3]],[[1,4],[2,4]],[[1,5],[2,5]],[[1,6],[2,6]],[[1,7],[2,7]],[[1,8],[2,8]],[[1,9],[2,10]],[[1,10],[2,9]],[[3,4]],[[3,5]],[[3,6]],[[3,7]],[[3,8]],[[3,9],[3,10]],[[4,5]],[[4,6]],[[4,7]],[[4,8]],[[4,9],[4,10]],[[5,6]],[[5,7]],[[5,8]],[[5,9],[5,10]],[[6,7]],[[6,8]],[[6,9],[6,10]],[[7,8]],[[7,9],[7,10]],[[8,9],[8,10]],[[9,10]]]
2|false|exact|[[[1,2],[4,9]],[[1,3],[4,10]],[[1,4]],[[1,5],[4,7]],[[1,6],[4,8]],[[1,7],[4,5]],[[1,8],[4,6]],[[1,9],[2,4]],[[1,10],[3,4]],[[2,3],[9,10]],[[2,5],[7,9]],[[2,6],[8,9]],[[2,7],[5,9]],[[2,8],[6,9]],[[2,9]],[[2,10],[3,9]],[[3,5],[7,10]],[[3,6],[8,10]],[[3,7],[5,10]],[[3,8],[6,10]],[[3,10]],[[5,6],[7,8]],[[5,7]],[[5,8],[6,7]],[[6,8]]]
2|false|exact|[[[1,2],[3,9]],[[1,3],[2,9]],[[1,4],[5,9]],[[1,5],[4,9]],[[1,6],[6,9]],[[1,7],[7,9]],[[1,8],[8,9]],[[1,9]],[[1,10],[9,10]],[[2,3]],[[2,4],[3,5]],[[2,5],[3,4]],[[2,6],[3,6]],[[2,7],[3,7]],[[2,8],[3,8]],[[2,10],[3,10]],[[4,5]],[[4,6],[5,6]],[[4,7],[5,7]],[[4,8],[5,8]],[[4,10],[5,10]],[[6,7]],[[6,8]],[[6,10]],[[7,8]],[[7,10]],[[8,10]]]
2|false|exact|[[[1,2],[2,6]],[[1,3],[6,7]],[[1,4],[6,8]],[[1,5],[6,9]],[[1,6]],[[1,7],[3,6]],[[1,8],[4,6]],[[1,9],[5,6]],[[1,10],[6,10]],[[2,3],[2,7]],[[2,4],[2,8]],[[2,5],[2,9]],[[2,10]],[[3,4],[7,8]],[[3,5],[7,9]],[[3,7]],[[3,8],[4,7]],[[3,9],[5,7]],[[3,10],[7,10]],[[4,5],[8,9]],[[4,8]],[[4,9],[5,8]],[[4,10],[8,10]],[[5,9]],[[5,10],[9,10]]]
3|false|exact|[[[1,2],[1,10],[2,10]],[[1,3],[3,10],[2,3]],[[1,4],[4,10],[2,4]],[[1,5],[5,10],[2,5]],[[1,6],[6,10],[2,6]],[[1,7],[7,10],[2,7]],[[1,8],[8,10],[2,8]],[[1,9],[9,10],[2,9]],[[3,4]],[[3,5]],[[3,6]],[[3,7]],[[3,8]],[[3,9]],[[4,5]],[[4,6]],[[4,7]],[[4,8]],[[4,9]],[[5,6]],[[5,7]],[[5,8]],[[5,9]],[[6,7]],[[6,8]],[[6,9]],[[7,8]],[[7,9]],[[8,9]]]
3|false|exact|[[[1,2],[4,10],[3,5]],[[1,3],[1,4],[3,4]],[[1,5],[2,4],[3,10]],[[1,6],[4,6],[3,6]],[[1,7],[4,7],[3,7]],[[1,8],[4,8],[3,8]],[[1,9],[4,9],[3,9]],[[1,10],[4,5],[2,3]],[[2,5],[2,10],[5,10]],[[2,6],[6,10],[5,6]],[[2,7],[7,10],[5,7]],[[2,8],[8,10],[5,8]],[[2,9],[9,10],[5,9]],[[6,7]],[[6,8]],[[6,9]],[[7,8]],[[7,9]],[[8,9]]]
3|false|exact|[[[1,2],[4,5],[7,8]],[[1,3],[4,6],[7,9]],[[1,4],[4,7],[1,7]],[[1,5],[4,8],[2,7]],[[1,6],[4,9],[3,7]],[[1,8],[2,4],[5,7]],[[1,9],[3,4],[6,7]],[[1,10],[4,10],[7,10]],[[2,3],[5,6],[8,9]],[[2,5],[5,8],[2,8]],[[2,6],[5,9],[3,8]],[[2,9],[3,5],[6,8]],[[2,10],[5,10],[8,10]],[[3,6],[6,9],[3,9]],[[3,10],[6,10],[9,10]]]
4|false|exact|[[[1,2],[8,9]],[[1,3],[3,8],[2,3],[3,9]],[[1,4],[4,8],[2,4],[4,9]],[[1,5],[5,8],[2,5],[5,9]],[[1,6],[6,8],[2,6],[6,9]],[[1,7],[7,8],[2,7],[7,9]],[[1,8],[2,9]],[[1,9],[2,8]],[[1,10],[8,10],[2,10],[9,10]],[[3,4]],[[3,5]],[[3,6]],[[3,7]],[[3,10]],[[4,5]],[[4,6]],[[4,7]],[[4,10]],[[5,6]],[[5,7]],[[5,10]],[[6,7]],[[6,10]],[[7,10]]]
4|false|exact|[[[1,2]],[[1,3],[1,4]],[[1,5]],[[1,6]],[[1,7],[1,8]],[[1,9]],[[1,10]],[[2,3],[2,4]],[[2,5]],[[2,6]],[[2,7],[2,8]],[[2,9]],[[2,10]],[[3,4]],[[3,5],[4,5]],[[3,6],[4,6]],[[3,7],[3,8],[4,7],[4,8]],[[3,9],[4,9]],[[3,10],[4,10]],[[5,6]],[[5,7],[5,8]],[[5,9]],[[5,10]],[[6,7],[6,8]],[[6,9]],[[6,10]],[[7,8]],[[7,9],[8,9]],[[7,10],[8,10]],[[9,10]]]
4|false|exact|[[[1,2]],[[1,3],[2,3]],[[1,4],[2,5],[1,5],[2,4]],[[1,6],[2,6]],[[1,7],[2,7]],[[1,8],[2,8],[1,9],[2,9]],[[1,10],[2,10]],[[3,4],[3,5]],[[3,6]],[[3,7]],[[3,8],[3,9]],[[3,10]],[[4,5]],[[4,6],[5,6]],[[4,7],[5,7]],[[4,8],[5,8],[5,9],[4,9]],[[4,10],[5,10]],[[6,7]],[[6,8],[6,9]],[[6,10]],[[7,8],[7,9]],[[7,10]],[[8,9]],[[8,10],[9,10]]]
4|false|exact|[[[1,2],[1,9]],[[1,3],[1,4]],[[1,5]],[[1,6]],[[1,7],[1,8]],[[1,10]],[[2,3],[4,9]],[[2,4],[3,9]],[[2,5],[5,9]],[[2,6],[6,9]],[[2,7],[2,8],[7,9],[8,9]],[[2,9]],[[2,10],[9,10]],[[3,4]],[[3,5],[4,5]],[[3,6],[4,6]],[[3,7],[3,8],[4,7],[4,8]],[[3,10],[4,10]],[[5,6]],[[5,7],[5,8]],[[5,10]],[[6,7],[6,8]],[[6,10]],[[7,8]],[[7,10],[8,10]]]
4|false|exact|[[[1,2],[4,10]],[[1,3],[5,10]],[[1,4],[2,10]],[[1,5],[3,10]],[[1,6],[8,10]],[[1,7],[1,9],[7,10],[9,10]],[[1,8],[6,10]],[[1,10]],[[2,3],[4,5]],[[2,4]],[[2,5],[3,4]],[[2,6],[4,8]],[[2,7],[2,9],[4,7],[4,9]],[[2,8],[4,6]],[[3,5]],[[3,6],[5,8]],[[3,7],[3,9],[5,7],[5,9]],[[3,8],[5,6]],[[6,7],[6,9],[7,8],[8,9]],[[6,8]],[[7,9]]]
4|false|exact|[[[1,2],[4,10]],[[1,3],[5,10]],[[1,4],[2,10]],[[1,5],[3,10]],[[1,6],[1,8],[6,10],[8,10]],[[1,7],[1,9],[7,10],[9,10]],[[1,10]],[[2,3],[4,5]],[[2,4]],[[2,5],[3,4]],[[2,6],[2,8],[4,6],[4,8]],[[2,7],[2,9],[4,7],[4,9]],[[3,5]],[[3,6],[3,8],[5,6],[5,8]],[[3,7],[3,9],[5,7],[5,9]],[[6,7],[8,9]],[[6,8]],[[6,9],[7,8]],[[7,9]]]
4|false|exact|[[[1,2],[3,10],[1,3],[2,10]],[[1,4],[4,10],[1,5],[5,10]],[[1,6],[7,10]],[[1,7],[6,10]],[[1,8],[9,10]],[[1,9],[8,10]],[[1,10]],[[2,3]],[[2,4],[3,4],[3,5],[2,5]],[[2,6],[3,7],[3,6],[2,7]],[[2,8],[3,9],[3,8],[2,9]],[[4,5]],[[4,6],[4,7],[5,6],[5,7]],[[4,8],[4,9],[5,8],[5,9]],[[6,7]],[[6,8],[7,9]],[[6,9],[7,8]],[[8,9]]]
4|false|exact|[[[1,2],[4,10]],[[1,3],[3,10],[1,5],[5,10]],[[1,4],[2,10]],[[1,6],[8,10],[1,8],[6,10]],[[1,7],[9,10],[1,9],[7,10]],[[1,10]],[[2,3],[3,4],[2,5],[4,5]],[[2,4]],[[2,6],[4,8],[2,8],[4,6]],[[2,7],[4,9],[2,9],[4,7]],[[3,5]],[[3,6],[3,8],[5,8],[5,6]],[[3,7],[3,9],[5,9],[5,7]],[[6,7],[8,9]],[[6,8]],[[6,9],[7,8]],[[7,9]]]
4|false|exact|[[[1,2],[8,9]],[[1,3],[2,3],[3,8],[3,9]],[[1,4],[2,4],[4,8],[4,9]],[[1,5],[2,5],[5,8],[5,9]],[[1,6],[2,7],[6,8],[7,9]],[[1,7],[2,6],[7,8],[6,9]],[[1,8],[2,9]],[[1,9],[2,8]],[[1,10],[2,10],[8,10],[9,10]],[[3,4]],[[3,5]],[[3,6],[3,7]],[[3,10]],[[4,5]],[[4,6],[4,7]],[[4,10]],[[5,6],[5,7]],[[5,10]],[[6,7]],[[6,10],[7,10]]]
4|false|exact|[[[1,2],[4,10]],[[1,3],[5,10]],[[1,4],[2,10]],[[1,5],[3,10]],[[1,6],[9,10],[1,7],[8,10]],[[1,8],[7,10],[1,9],[6,10]],[[1,10]],[[2,3],[4,5]],[[2,4]],[[2,5],[3,4]],[[2,6],[4,9],[2,7],[4,8]],[[2,8],[4,7],[2,9],[4,6]],[[3,5]],[[3,6],[5,9],[3,7],[5,8]],[[3,8],[5,7],[3,9],[5,6]],[[6,7],[8,9]],[[6,8],[7,9]],[[6,9],[7,8]]]
4|false|exact|[[[1,2],[2,10],[1,3],[3,10]],[[1,4],[6,10],[1,5],[7,10]],[[1,6],[4,10],[1,7],[5,10]],[[1,8],[9,10],[1,9],[8,10]],[[1,10]],[[2,3]],[[2,4],[2,6],[3,5],[3,7]],[[2,5],[2,7],[3,4],[3,6]],[[2,8],[2,9],[3,9],[3,8]],[[4,5],[6,7]],[[4,6],[5,7]],[[4,7],[5,6]],[[4,8],[6,9],[5,9],[7,8]],[[4,9],[6,8],[5,8],[7,9]],[[8,9]]]
4|false|exact|[[[1,2],[4,10]],[[1,3],[3,10],[1,5],[5,10]],[[1,4],[2,10]],[[1,6],[9,10],[1,7],[8,10]],[[1,8],[7,10],[1,9],[6,10]],[[1,10]],[[2,3],[3,4],[2,5],[4,5]],[[2,4]],[[2,6],[4,9],[2,7],[4,8]],[[2,8],[4,7],[2,9],[4,6]],[[3,5]],[[3,6],[3,9],[5,7],[5,8]],[[3,7],[3,8],[5,6],[5,9]],[[6,7],[8,9]],[[6,8],[7,9]],[[6,9],[7,8]]]
4|false|exact|[[[1,2],[2,9],[2,6],[2,5]],[[1,3],[4,9],[6,7],[5,8]],[[1,4],[3,9],[6,8],[5,7]],[[1,5],[6,9]],[[1,6],[5,9]],[[1,7],[8,9],[3,6],[4,5]],[[1,8],[7,9],[4,6],[3,5]],[[1,9],[5,6]],[[1,10],[9,10],[6,10],[5,10]],[[2,3],[2,4],[2,7],[2,8]],[[2,10]],[[3,4],[7,8]],[[3,7],[4,8]],[[3,8],[4,7]],[[3,10],[4,10],[7,10],[8,10]]]
4|false|exact|[[[1,2],[2,7],[1,3],[3,7]],[[1,4],[4,7],[1,6],[6,7]],[[1,5],[5,7]],[[1,7]],[[1,8],[7,9]],[[1,9],[7,8]],[[1,10],[7,10]],[[2,3]],[[2,4],[3,6]],[[2,5],[3,5]],[[2,6],[3,4]],[[2,8],[2,9],[3,8],[3,9]],[[2,10],[3,10]],[[4,5],[5,6]],[[4,6]],[[4,8],[4,9],[6,8],[6,9]],[[4,10],[6,10]],[[5,8],[5,9]],[[5,10]],[[8,9]],[[8,10],[9,10]]]
4|false|exact|[[[1,2],[6,7],[1,6],[2,7]],[[1,3],[3,7]],[[1,4],[7,8],[1,8],[4,7]],[[1,5],[7,9],[1,9],[5,7]],[[1,7]],[[1,10],[7,10]],[[2,3],[3,6]],[[2,4],[6,8]],[[2,5],[6,9]],[[2,6]],[[2,8],[4,6]],[[2,9],[5,6]],[[2,10],[6,10]],[[3,4],[3,8]],[[3,5],[3,9]],[[3,10]],[[4,5],[8,9]],[[4,8]],[[4,9],[5,8]],[[4,10],[8,10]],[[5,9]],[[5,10],[9,10]]]
4|false|exact|[[[1,2]],[[1,3],[2,3]],[[1,4],[2,4],[1,5],[2,5]],[[1,6],[2,7],[1,7],[2,6]],[[1,8],[2,9],[1,9],[2,8]],[[1,10],[2,10]],[[3,4],[3,5]],[[3,6],[3,7]],[[3,8],[3,9]],[[3,10]],[[4,5]],[[4,6],[4,7],[5,7],[5,6]],[[4,8],[4,9],[5,9],[5,8]],[[4,10],[5,10]],[[6,7]],[[6,8],[7,9]],[[6,9],[7,8]],[[6,10],[7,10]],[[8,9]],[[8,10],[9,10]]]
4|false|exact|[[[1,2],[5,10],[1,3],[4,10]],[[1,4],[3,10],[1,5],[2,10]],[[1,6],[7,10],[1,9],[8,10]],[[1,7],[6,10],[1,8],[9,10]],[[1,10]],[[2,3],[4,5]],[[2,4],[3,5]],[[2,5],[3,4]],[[2,6],[5,7],[3,9],[4,8]],[[2,7],[5,6],[3,8],[4,9]],[[2,8],[5,9],[3,7],[4,6]],[[2,9],[5,8],[3,6],[4,7]],[[6,7],[8,9]],[[6,8],[7,9]],[[6,9],[7,8]]]
4|false|exact|[[[1,2],[6,7]],[[1,3],[3,6],[3,7],[2,3]],[[1,4],[6,8],[7,8],[2,4]],[[1,5],[6,9],[7,9],[2,5]],[[1,6],[2,7]],[[1,7],[2,6]],[[1,8],[4,6],[4,7],[2,8]],[[1,9],[5,6],[5,7],[2,9]],[[1,10],[6,10],[7,10],[2,10]],[[3,4],[3,8]],[[3,5],[3,9]],[[3,10]],[[4,5],[8,9]],[[4,8]],[[4,9],[5,8]],[[4,10],[8,10]],[[5,9]],[[5,10],[9,10]]]
4|false|exact|[[[1,2],[3,9]],[[1,3],[2,9]],[[1,4],[4,9],[3,4],[2,4]],[[1,5],[6,9],[3,5],[2,6]],[[1,6],[5,9],[3,6],[2,5]],[[1,7],[7,9],[3,8],[2,8]],[[1,8],[8,9],[3,7],[2,7]],[[1,9],[2,3]],[[1,10],[9,10],[3,10],[2,10]],[[4,5],[4,6]],[[4,7],[4,8]],[[4,10]],[[5,6]],[[5,7],[6,7],[5,8],[6,8]],[[5,10],[6,10]],[[7,8]],[[7,10],[8,10]]]
4|false|exact|[[[1,2],[1,4],[1,3],[1,5]],[[1,6]],[[1,7]],[[1,8]],[[1,9]],[[1,10]],[[2,3],[4,5],[3,4],[2,5]],[[2,4],[3,5]],[[2,6],[4,6],[3,6],[5,6]],[[2,7],[4,7],[3,7],[5,7]],[[2,8],[4,8],[3,8],[5,8]],[[2,9],[4,9],[3,9],[5,9]],[[2,10],[4,10],[3,10],[5,10]],[[6,7]],[[6,8]],[[6,9]],[[6,10]],[[7,8]],[[7,9]],[[7,10]],[[8,9]],[[8,10]],[[9,10]]]
4|false|exact|[[[1,2],[1,6],[9,10],[3,10]],[[1,3],[1,9],[2,10],[6,10]],[[1,4],[5,10]],[[1,5],[4,10]],[[1,7],[8,10]],[[1,8],[7,10]],[[1,10]],[[2,3],[6,9],[2,9],[3,6]],[[2,4],[4,6],[5,9],[3,5]],[[2,5],[5,6],[4,9],[3,4]],[[2,6],[3,9]],[[2,7],[6,7],[8,9],[3,8]],[[2,8],[6,8],[7,9],[3,7]],[[4,5]],[[4,7],[5,8]],[[4,8],[5,7]],[[7,8]]]
4|false|exact|[[[1,2],[1,3],[4,5],[4,10]],[[1,4]],[[1,5],[1,10],[3,4],[2,4]],[[1,6],[4,6]],[[1,7],[4,7]],[[1,8],[4,8]],[[1,9],[4,9]],[[2,3],[5,10]],[[2,5],[3,10],[3,5],[2,10]],[[2,6],[3,6],[5,6],[6,10]],[[2,7],[3,7],[5,7],[7,10]],[[2,8],[3,8],[5,8],[8,10]],[[2,9],[3,9],[5,9],[9,10]],[[6,7]],[[6,8]],[[6,9]],[[7,8]],[[7,9]],[[8,9]]]
4|false|exact|[[[1,2],[2,6],[2,8],[2,4]],[[1,3],[6,7],[8,9],[4,5]],[[1,4],[6,8],[1,8],[4,6]],[[1,5],[6,9],[3,8],[4,7]],[[1,6],[4,8]],[[1,7],[3,6],[5,8],[4,9]],[[1,9],[5,6],[7,8],[3,4]],[[1,10],[6,10],[8,10],[4,10]],[[2,3],[2,7],[2,9],[2,5]],[[2,10]],[[3,5],[7,9],[3,9],[5,7]],[[3,7],[5,9]],[[3,10],[7,10],[9,10],[5,10]]]
4|false|exact|[[[1,2],[2,3],[2,7],[2,6]],[[1,3],[6,7]],[[1,4],[3,4],[7,8],[6,8]],[[1,5],[3,5],[7,9],[6,9]],[[1,6],[3,7],[1,7],[3,6]],[[1,8],[3,8],[4,7],[4,6]],[[1,9],[3,9],[5,7],[5,6]],[[1,10],[3,10],[7,10],[6,10]],[[2,4],[2,8]],[[2,5],[2,9]],[[2,10]],[[4,5],[8,9]],[[4,8]],[[4,9],[5,8]],[[4,10],[8,10]],[[5,9]],[[5,10],[9,10]]]
4|false|exact|[[[1,2],[6,9],[4,8],[7,10]],[[1,3],[3,6],[4,5],[5,7]],[[1,4],[6,7],[4,6],[1,7]],[[1,5],[5,6],[3,4],[3,7]],[[1,6],[4,7]],[[1,8],[6,10],[4,9],[2,7]],[[1,9],[2,6],[4,10],[7,8]],[[1,10],[6,8],[2,4],[7,9]],[[2,3],[3,9],[5,8],[5,10]],[[2,5],[5,9],[3,8],[3,10]],[[2,8],[9,10],[8,9],[2,10]],[[2,9],[8,10]],[[3,5]]]
5|false|exact|[[[1,2]],[[1,3],[1,4],[1,6],[1,8],[1,10]],[[1,5]],[[1,7]],[[1,9]],[[2,3],[2,4],[2,6],[2,8],[2,10]],[[2,5]],[[2,7]],[[2,9]],[[3,4],[4,6],[6,8],[8,10],[3,10]],[[3,5],[4,5],[5,6],[5,8],[5,10]],[[3,6],[4,8],[6,10],[3,8],[4,10]],[[3,7],[4,7],[6,7],[7,8],[7,10]],[[3,9],[4,9],[6,9],[8,9],[9,10]],[[5,7]],[[5,9]],[[7,9]]]
5|false|exact|[[[1,2],[1,8],[6,8],[4,6],[2,4]],[[1,3],[8,10],[6,9],[4,7],[2,5]],[[1,4],[2,8],[1,6],[4,8],[2,6]],[[1,5],[3,8],[6,10],[4,9],[2,7]],[[1,7],[5,8],[3,6],[4,10],[2,9]],[[1,9],[7,8],[5,6],[3,4],[2,10]],[[1,10],[8,9],[6,7],[4,5],[2,3]],[[3,5],[3,10],[9,10],[7,9],[5,7]],[[3,7],[5,10],[3,9],[7,10],[5,9]]]
6|false|exact|[[[1,2]],[[1,3],[1,5],[1,4]],[[1,6]],[[1,7]],[[1,8]],[[1,9]],[[1,10]],[[2,3],[2,5],[2,4]],[[2,6]],[[2,7]],[[2,8]],[[2,9]],[[2,10]],[[3,4],[3,5],[4,5]],[[3,6],[5,6],[4,6]],[[3,7],[5,7],[4,7]],[[3,8],[5,8],[4,8]],[[3,9],[5,9],[4,9]],[[3,10],[5,10],[4,10]],[[6,7]],[[6,8]],[[6,9]],[[6,10]],[[7,8]],[[7,9]],[[7,10]],[[8,9]],[[8,10]],[[9,10]]]
6|false|exact|[[[1,2],[2,8],[2,10]],[[1,3],[3,8],[3,10],[1,4],[4,10],[4,8]],[[1,5],[5,8],[5,10]],[[1,6],[6,8],[6,10]],[[1,7],[7,8],[7,10]],[[1,8],[8,10],[1,10]],[[1,9],[8,9],[9,10]],[[2,3],[2,4]],[[2,5]],[[2,6]],[[2,7]],[[2,9]],[[3,4]],[[3,5],[4,5]],[[3,6],[4,6]],[[3,7],[4,7]],[[3,9],[4,9]],[[5,6]],[[5,7]],[[5,9]],[[6,7]],[[6,9]],[[7,9]]]
6|false|exact|[[[1,2],[1,4],[2,4],[5,9],[3,9],[3,5]],[[1,3],[4,9],[2,5]],[[1,5],[3,4],[2,9]],[[1,6],[4,6],[2,6],[6,9],[3,6],[5,6]],[[1,7],[4,7],[2,7],[7,9],[3,7],[5,7]],[[1,8],[4,8],[2,8],[8,9],[3,8],[5,8]],[[1,9],[4,5],[2,3]],[[1,10],[4,10],[2,10],[9,10],[3,10],[5,10]],[[6,7]],[[6,8]],[[6,10]],[[7,8]],[[7,10]],[[8,10]]]
6|false|exact|[[[1,2],[8,9],[3,4]],[[1,3],[1,8],[3,8]],[[1,4],[2,8],[3,9],[1,9],[2,3],[4,8]],[[1,5],[5,8],[3,5]],[[1,6],[6,8],[3,6]],[[1,7],[7,8],[3,7]],[[1,10],[8,10],[3,10]],[[2,4],[2,9],[4,9]],[[2,5],[5,9],[4,5]],[[2,6],[6,9],[4,6]],[[2,7],[7,9],[4,7]],[[2,10],[9,10],[4,10]],[[5,6]],[[5,7]],[[5,10]],[[6,7]],[[6,10]],[[7,10]]]
6|false|exact|[[[1,2],[2,5],[1,5]],[[1,3],[2,3],[3,5]],[[1,4],[2,4],[4,5]],[[1,6],[2,6],[5,6],[1,7],[5,7],[2,7]],[[1,8],[2,8],[5,8],[1,9],[5,9],[2,9]],[[1,10],[2,10],[5,10]],[[3,4]],[[3,6],[3,7]],[[3,8],[3,9]],[[3,10]],[[4,6],[4,7]],[[4,8],[4,9]],[[4,10]],[[6,7]],[[6,8],[7,9]],[[6,9],[7,8]],[[6,10],[7,10]],[[8,9]],[[8,10],[9,10]]]
6|false|exact|[[[1,2],[4,10]],[[1,3],[1,6],[1,7],[8,10],[5,10],[9,10]],[[1,4],[2,10]],[[1,5],[1,8],[1,9],[6,10],[3,10],[7,10]],[[1,10]],[[2,3],[2,6],[2,7],[4,8],[4,5],[4,9]],[[2,4]],[[2,5],[2,8],[2,9],[4,6],[3,4],[4,7]],[[3,5],[6,8],[7,9]],[[3,6],[6,7],[3,7],[5,8],[5,9],[8,9]],[[3,8],[6,9],[5,7]],[[3,9],[5,6],[7,8]]]
6|false|exact|[[[1,2],[2,7],[2,3],[1,6],[3,6],[6,7]],[[1,3],[1,7],[3,7]],[[1,4],[4,7],[3,4],[1,8],[3,8],[7,8]],[[1,5],[5,7],[3,5],[1,9],[3,9],[7,9]],[[1,10],[7,10],[3,10]],[[2,4],[6,8]],[[2,5],[6,9]],[[2,6]],[[2,8],[4,6]],[[2,9],[5,6]],[[2,10],[6,10]],[[4,5],[8,9]],[[4,8]],[[4,9],[5,8]],[[4,10],[8,10]],[[5,9]],[[5,10],[9,10]]]
6|false|exact|[[[1,2],[2,3],[2,10],[2,5],[2,7],[2,6]],[[1,3],[3,10],[1,10],[5,7],[6,7],[5,6]],[[1,4],[3,4],[4,10],[5,8],[7,8],[6,8]],[[1,5],[3,6],[7,10]],[[1,6],[3,7],[5,10]],[[1,7],[3,5],[6,10]],[[1,8],[3,8],[8,10],[4,5],[4,7],[4,6]],[[1,9],[3,9],[9,10],[5,9],[7,9],[6,9]],[[2,4],[2,8]],[[2,9]],[[4,8]],[[4,9],[8,9]]]
6|false|exact|[[[1,2],[1,6],[1,4],[2,10],[4,10],[6,10]],[[1,3],[1,7],[1,5],[3,10],[5,10],[7,10]],[[1,8],[9,10]],[[1,9],[8,10]],[[1,10]],[[2,3],[6,7],[4,5]],[[2,4],[2,6],[4,6]],[[2,5],[3,6],[4,7],[2,7],[3,4],[5,6]],[[2,8],[6,8],[4,8],[2,9],[4,9],[6,9]],[[3,5],[3,7],[5,7]],[[3,8],[7,8],[5,8],[3,9],[5,9],[7,9]],[[8,9]]]
6|false|exact|[[[1,2],[2,3]],[[1,3]],[[1,4],[1,5],[1,6],[3,4],[3,6],[3,5]],[[1,7],[1,8],[1,9],[3,9],[3,8],[3,7]],[[1,10],[3,10]],[[2,4],[2,5],[2,6]],[[2,7],[2,8],[2,9]],[[2,10]],[[4,5],[5,6],[4,6]],[[4,7],[5,8],[6,9],[4,9],[6,8],[5,7]],[[4,8],[5,9],[6,7]],[[4,10],[5,10],[6,10]],[[7,8],[8,9],[7,9]],[[7,10],[8,10],[9,10]]]
6|false|exact|[[[1,2],[6,8],[5,10]],[[1,3],[3,6],[3,10],[3,8],[2,3],[3,5]],[[1,4],[6,9],[7,10],[8,9],[2,4],[5,7]],[[1,5],[2,6],[8,10]],[[1,6],[6,10],[1,10],[2,8],[2,5],[5,8]],[[1,7],[4,6],[9,10],[7,8],[2,9],[4,5]],[[1,8],[5,6],[2,10]],[[1,9],[6,7],[4,10],[4,8],[2,7],[5,9]],[[3,4],[3,9],[3,7]],[[4,7],[4,9],[7,9]]]
6|false|exact|[[[1,2],[2,9],[1,9]],[[1,3],[2,5],[4,9]],[[1,4],[2,3],[5,9],[1,5],[3,9],[2,4]],[[1,6],[2,8],[7,9],[1,8],[6,9],[2,7]],[[1,7],[2,6],[8,9]],[[1,10],[2,10],[9,10]],[[3,4],[3,5],[4,5]],[[3,6],[5,8],[4,7],[3,8],[4,6],[5,7]],[[3,7],[5,6],[4,8]],[[3,10],[5,10],[4,10]],[[6,7],[6,8],[7,8]],[[6,10],[8,10],[7,10]]]
6|false|exact|[[[1,2],[1,9],[1,8],[8,10],[2,10],[9,10]],[[1,3],[3,10]],[[1,4],[4,10]],[[1,5],[5,10]],[[1,6],[6,10]],[[1,7],[7,10]],[[1,10]],[[2,3],[3,9],[3,8]],[[2,4],[4,9],[4,8]],[[2,5],[5,9],[5,8]],[[2,6],[6,9],[6,8]],[[2,7],[7,9],[7,8]],[[2,8],[2,9],[8,9]],[[3,4]],[[3,5]],[[3,6]],[[3,7]],[[4,5]],[[4,6]],[[4,7]],[[5,6]],[[5,7]],[[6,7]]]
6|false|exact|[[[1,2],[1,8],[1,6],[1,9],[1,7],[1,5]],[[1,3]],[[1,4]],[[1,10]],[[2,3],[3,8],[3,6],[3,9],[3,7],[3,5]],[[2,4],[4,8],[4,6],[4,9],[4,7],[4,5]],[[2,5],[8,9],[6,7],[2,9],[7,8],[5,6]],[[2,6],[2,8],[6,8],[5,9],[7,9],[5,7]],[[2,7],[5,8],[6,9]],[[2,10],[8,10],[6,10],[9,10],[7,10],[5,10]],[[3,4]],[[3,10]],[[4,10]]]
6|false|exact|[[[1,2],[2,6],[1,6]],[[1,3],[1,7],[2,7],[2,3],[3,6],[6,7]],[[1,4],[1,8],[2,8],[2,4],[4,6],[6,8]],[[1,5],[1,9],[2,9],[2,5],[5,6],[6,9]],[[1,10],[2,10],[6,10]],[[3,4],[7,8]],[[3,5],[7,9]],[[3,7]],[[3,8],[4,7]],[[3,9],[5,7]],[[3,10],[7,10]],[[4,5],[8,9]],[[4,8]],[[4,9],[5,8]],[[4,10],[8,10]],[[5,9]],[[5,10],[9,10]]]
6|false|exact|[[[1,2],[1,6],[6,7],[2,7],[2,5],[5,6]],[[1,3],[1,9],[7,9],[3,7],[3,5],[5,9]],[[1,4],[7,10],[5,8]],[[1,5],[1,7],[5,7]],[[1,8],[4,7],[5,10]],[[1,10],[7,8],[4,5]],[[2,3],[6,9]],[[2,4],[4,6],[6,10],[2,10],[2,8],[6,8]],[[2,6]],[[2,9],[3,6]],[[3,4],[4,9],[9,10],[3,10],[3,8],[8,9]],[[3,9]],[[4,8],[4,10],[8,10]]]
6|false|exact|[[[1,2]],[[1,3],[1,4]],[[1,5],[1,6],[1,7]],[[1,8],[1,9]],[[1,10]],[[2,3],[2,4]],[[2,5],[2,6],[2,7]],[[2,8],[2,9]],[[2,10]],[[3,4]],[[3,5],[3,6],[3,7],[4,7],[4,5],[4,6]],[[3,8],[4,9]],[[3,9],[4,8]],[[3,10],[4,10]],[[5,6],[6,7],[5,7]],[[5,8],[6,8],[7,8],[7,9],[5,9],[6,9]],[[5,10],[6,10],[7,10]],[[8,9]],[[8,10],[9,10]]]
6|false|exact|[[[1,2],[7,8],[4,5]],[[1,3],[3,7],[3,4]],[[1,4],[1,7],[4,7]],[[1,5],[2,7],[4,8]],[[1,6],[1,9],[7,9],[6,7],[4,6],[4,9]],[[1,8],[5,7],[2,4]],[[1,10],[7,10],[4,10]],[[2,3],[3,8],[3,5]],[[2,5],[2,8],[5,8]],[[2,6],[2,9],[8,9],[6,8],[5,6],[5,9]],[[2,10],[8,10],[5,10]],[[3,6],[3,9]],[[3,10]],[[6,9]],[[6,10],[9,10]]]
6|false|exact|[[[1,2],[2,3],[2,5],[6,10],[4,6],[6,8]],[[1,3],[3,5],[1,5],[4,10],[4,8],[8,10]],[[1,4],[3,8],[5,10]],[[1,6],[3,6],[5,6],[2,10],[2,4],[2,8]],[[1,7],[3,7],[5,7],[9,10],[4,9],[8,9]],[[1,8],[3,10],[4,5],[1,10],[3,4],[5,8]],[[1,9],[3,9],[5,9],[7,10],[4,7],[7,8]],[[2,6]],[[2,7],[6,9]],[[2,9],[6,7]],[[7,9]]]
6|false|exact|[[[1,2],[1,5],[1,7],[1,4],[1,6],[1,8]],[[1,3],[1,10]],[[1,9]],[[2,3],[3,5],[3,7],[4,10],[6,10],[8,10]],[[2,4],[5,6],[7,8],[4,5],[6,7],[2,8]],[[2,5],[5,7],[2,7],[4,6],[6,8],[4,8]],[[2,6],[5,8],[4,7]],[[2,9],[5,9],[7,9],[4,9],[6,9],[8,9]],[[2,10],[5,10],[7,10],[3,4],[3,6],[3,8]],[[3,9],[9,10]],[[3,10]]]
6|false|exact|[[[1,2],[1,9],[7,8],[6,8],[4,5],[3,5]],[[1,3],[1,4],[2,8],[8,9],[5,7],[5,6]],[[1,5],[1,8],[5,8]],[[1,6],[1,7],[3,8],[4,8],[2,5],[5,9]],[[1,10],[8,10],[5,10]],[[2,3],[4,9],[2,7],[6,9],[4,7],[3,6]],[[2,4],[3,9],[7,9],[2,6],[4,6],[3,7]],[[2,9],[6,7],[3,4]],[[2,10],[9,10],[7,10],[6,10],[4,10],[3,10]]]
7|false|exact|[[[1,2],[1,8],[1,7],[1,6],[1,5],[1,4],[1,3]],[[1,9]],[[1,10]],[[2,3],[2,8],[7,8],[6,7],[5,6],[4,5],[3,4]],[[2,4],[3,8],[2,7],[6,8],[5,7],[4,6],[3,5]],[[2,5],[4,8],[3,7],[2,6],[5,8],[4,7],[3,6]],[[2,9],[8,9],[7,9],[6,9],[5,9],[4,9],[3,9]],[[2,10],[8,10],[7,10],[6,10],[5,10],[4,10],[3,10]],[[9,10]]]
8|false|exact|[[[1,2],[2,5],[2,4],[2,3]],[[1,3],[4,5],[1,4],[3,5]],[[1,5],[3,4]],[[1,6],[5,6],[4,6],[3,6]],[[1,7],[5,7],[4,7],[3,7]],[[1,8],[5,8],[4,8],[3,8]],[[1,9],[5,9],[4,9],[3,9]],[[1,10],[5,10],[4,10],[3,10]],[[2,6]],[[2,7]],[[2,8]],[[2,9]],[[2,10]],[[6,7]],[[6,8]],[[6,9]],[[6,10]],[[7,8]],[[7,9]],[[7,10]],[[8,9]],[[8,10]],[[9,10]]]
8|false|exact|[[[1,2],[3,9]],[[1,3],[2,9],[1,9],[2,3]],[[1,4],[2,4],[4,9],[3,4]],[[1,5],[2,5],[5,9],[3,5]],[[1,6],[2,6],[6,9],[3,6]],[[1,7],[2,7],[1,8],[2,8],[7,9],[3,7],[8,9],[3,8]],[[1,10],[2,10],[9,10],[3,10]],[[4,5]],[[4,6]],[[4,7],[4,8]],[[4,10]],[[5,6]],[[5,7],[5,8]],[[5,10]],[[6,7],[6,8]],[[6,10]],[[7,8]],[[7,10],[8,10]]]
8|false|exact|[[[1,2],[2,10],[2,7],[2,8]],[[1,3],[3,10],[3,7],[3,8],[1,4],[4,10],[4,8],[4,7]],[[1,5],[5,10],[5,7],[5,8]],[[1,6],[6,10],[6,7],[6,8]],[[1,7],[8,10],[1,8],[7,10]],[[1,9],[9,10],[7,9],[8,9]],[[1,10],[7,8]],[[2,3],[2,4]],[[2,5]],[[2,6]],[[2,9]],[[3,4]],[[3,5],[4,5]],[[3,6],[4,6]],[[3,9],[4,9]],[[5,6]],[[5,9]],[[6,9]]]
8|false|exact|[[[1,2],[2,8],[3,9],[3,7]],[[1,3],[3,8],[2,9],[2,7]],[[1,4],[4,8],[4,9],[4,7]],[[1,5],[5,8],[5,9],[5,7]],[[1,6],[6,8],[6,9],[6,7]],[[1,7],[8,9],[1,9],[7,8]],[[1,8],[7,9]],[[1,10],[8,10],[9,10],[7,10]],[[2,3]],[[2,4],[3,4]],[[2,5],[3,5]],[[2,6],[3,6]],[[2,10],[3,10]],[[4,5]],[[4,6]],[[4,10]],[[5,6]],[[5,10]],[[6,10]]]
8|false|exact|[[[1,2],[3,10]],[[1,3],[2,10]],[[1,4],[5,10]],[[1,5],[4,10]],[[1,6],[1,7],[9,10],[8,10],[6,10],[7,10],[1,8],[1,9]],[[1,10]],[[2,3]],[[2,4],[3,5]],[[2,5],[3,4]],[[2,6],[2,7],[3,9],[3,8],[3,6],[3,7],[2,8],[2,9]],[[4,5]],[[4,6],[4,7],[5,9],[5,8],[5,6],[5,7],[4,8],[4,9]],[[6,7],[8,9]],[[6,8],[7,9],[6,9],[7,8]]]
8|false|exact|[[[1,2],[2,7],[1,10],[7,10],[2,9],[2,5],[9,10],[5,10]],[[1,3],[3,7],[1,8],[7,8],[3,9],[3,5],[8,9],[5,8]],[[1,4],[4,7],[1,6],[6,7],[4,9],[4,5],[6,9],[5,6]],[[1,5],[7,9],[1,9],[5,7]],[[1,7],[5,9]],[[2,3],[8,10]],[[2,4],[6,10]],[[2,6],[4,10]],[[2,8],[3,10]],[[2,10]],[[3,4],[6,8]],[[3,6],[4,8]],[[3,8]],[[4,6]]]
8|false|exact|[[[1,2],[2,5],[3,6],[6,10]],[[1,3],[5,10],[1,10],[3,5]],[[1,4],[4,5],[3,8],[8,10]],[[1,5],[3,10]],[[1,6],[5,6],[2,3],[2,10]],[[1,7],[5,7],[3,9],[9,10]],[[1,8],[5,8],[3,4],[4,10]],[[1,9],[5,9],[3,7],[7,10]],[[2,4],[6,8]],[[2,6]],[[2,7],[6,9]],[[2,8],[4,6]],[[2,9],[6,7]],[[4,7],[8,9]],[[4,8]],[[4,9],[7,8]],[[7,9]]]
8|false|exact|[[[1,2],[2,10],[3,10],[1,3]],[[1,4],[1,5],[8,10],[9,10],[4,10],[5,10],[1,9],[1,8]],[[1,6],[6,10],[7,10],[1,7]],[[1,10]],[[2,3]],[[2,4],[2,5],[2,8],[2,9],[3,4],[3,5],[3,9],[3,8]],[[2,6],[3,7]],[[2,7],[3,6]],[[4,5],[8,9]],[[4,6],[5,6],[6,8],[6,9],[4,7],[5,7],[7,9],[7,8]],[[4,8],[5,9],[5,8],[4,9]],[[6,7]]]
8|false|exact|[[[1,2],[4,10]],[[1,3],[5,10],[3,10],[1,5]],[[1,4],[2,10]],[[1,6],[1,8],[7,10],[9,10],[6,10],[8,10],[1,9],[1,7]],[[1,10]],[[2,3],[4,5],[3,4],[2,5]],[[2,4]],[[2,6],[2,8],[4,7],[4,9],[4,6],[4,8],[2,9],[2,7]],[[3,5]],[[3,6],[3,8],[5,7],[5,9]],[[3,7],[3,9],[5,8],[5,6]],[[6,7],[8,9],[7,8],[6,9]],[[6,8],[7,9]]]
8|false|exact|[[[1,2],[2,4],[1,6],[4,6]],[[1,3],[1,5],[3,4],[4,5],[1,7],[1,8],[4,7],[4,8]],[[1,4]],[[1,9],[4,10]],[[1,10],[4,9]],[[2,3],[2,5],[6,7],[6,8]],[[2,6]],[[2,7],[2,8],[5,6],[3,6]],[[2,9],[2,10],[6,9],[6,10]],[[3,5],[7,8]],[[3,7],[5,8],[3,8],[5,7]],[[3,9],[5,9],[3,10],[5,10],[7,9],[8,9],[7,10],[8,10]],[[9,10]]]
8|false|exact|[[[1,2],[1,3],[2,10],[3,10]],[[1,4],[1,5],[1,6],[1,7],[4,10],[5,10],[7,10],[6,10]],[[1,8],[1,9],[8,10],[9,10]],[[1,10]],[[2,3]],[[2,4],[2,5],[3,6],[3,7]],[[2,6],[2,7],[3,4],[3,5]],[[2,8],[3,9]],[[2,9],[3,8]],[[4,5],[6,7]],[[4,6],[5,7],[4,7],[5,6]],[[4,8],[5,8],[6,9],[7,9]],[[4,9],[5,9],[6,8],[7,8]],[[8,9]]]
8|false|exact|[[[1,2],[2,5],[4,6],[6,8]],[[1,3],[3,5],[4,9],[8,9]],[[1,4],[5,8],[4,5],[1,8]],[[1,5],[4,8]],[[1,6],[5,6],[2,4],[2,8]],[[1,7],[5,7],[4,7],[7,8],[1,10],[5,10],[8,10],[4,10]],[[1,9],[5,9],[3,4],[3,8]],[[2,3],[6,9]],[[2,6]],[[2,7],[6,7],[2,10],[6,10]],[[2,9],[3,6]],[[3,7],[7,9],[3,10],[9,10]],[[3,9]],[[7,10]]]
8|false|exact|[[[1,2],[4,10]],[[1,3],[3,10],[5,10],[1,5]],[[1,4],[2,10]],[[1,6],[1,8],[7,10],[9,10],[6,10],[8,10],[1,9],[1,7]],[[1,10]],[[2,3],[3,4],[4,5],[2,5]],[[2,4]],[[2,6],[2,8],[4,7],[4,9],[4,6],[4,8],[2,9],[2,7]],[[3,5]],[[3,6],[3,8],[3,7],[3,9],[5,6],[5,8],[5,9],[5,7]],[[6,7],[8,9],[7,8],[6,9]],[[6,8],[7,9]]]
8|false|exact|[[[1,2],[2,10],[1,4],[4,10]],[[1,3],[5,10],[1,5],[3,10]],[[1,6],[1,8],[7,10],[9,10]],[[1,7],[1,9],[8,10],[6,10]],[[1,10]],[[2,3],[2,5],[4,5],[3,4]],[[2,4]],[[2,6],[2,8],[2,7],[2,9],[4,6],[4,8],[4,9],[4,7]],[[3,5]],[[3,6],[3,8],[5,7],[5,9],[5,6],[5,8],[3,9],[3,7]],[[6,7],[8,9],[7,8],[6,9]],[[6,8],[7,9]]]
8|false|exact|[[[1,2],[2,4]],[[1,3],[1,8],[3,4],[4,8],[1,9],[1,10],[4,9],[4,10]],[[1,4]],[[1,5],[4,7]],[[1,6],[4,6]],[[1,7],[4,5]],[[2,3],[2,8],[2,9],[2,10]],[[2,5],[2,7]],[[2,6]],[[3,5],[5,8],[3,7],[7,8],[5,9],[5,10],[7,9],[7,10]],[[3,6],[6,8],[6,9],[6,10]],[[3,8],[9,10]],[[3,9],[8,10],[3,10],[8,9]],[[5,6],[6,7]],[[5,7]]]
8|false|exact|[[[1,2],[2,6]],[[1,3],[1,4],[6,7],[6,8]],[[1,5],[6,9]],[[1,6]],[[1,7],[1,8],[3,6],[4,6]],[[1,9],[5,6]],[[1,10],[6,10]],[[2,3],[2,4],[2,7],[2,8]],[[2,5],[2,9]],[[2,10]],[[3,4],[7,8]],[[3,5],[4,5],[7,9],[8,9]],[[3,7],[4,8],[3,8],[4,7]],[[3,9],[4,9],[5,7],[5,8]],[[3,10],[4,10],[7,10],[8,10]],[[5,9]],[[5,10],[9,10]]]
8|false|exact|[[[1,2],[6,7],[2,6],[1,7]],[[1,3],[3,6],[2,3],[3,7]],[[1,4],[4,6],[2,4],[4,7],[1,8],[6,8],[7,8],[2,8]],[[1,5],[5,6],[2,5],[5,7],[1,9],[6,9],[7,9],[2,9]],[[1,6],[2,7]],[[1,10],[6,10],[2,10],[7,10]],[[3,4],[3,8]],[[3,5],[3,9]],[[3,10]],[[4,5],[8,9]],[[4,8]],[[4,9],[5,8]],[[4,10],[8,10]],[[5,9]],[[5,10],[9,10]]]
8|false|exact|[[[1,2],[2,7],[6,7],[1,6]],[[1,3],[3,7]],[[1,4],[1,5],[4,7],[5,7],[7,8],[7,9],[1,8],[1,9]],[[1,7]],[[1,10],[7,10]],[[2,3],[3,6]],[[2,4],[2,5],[6,8],[6,9]],[[2,6]],[[2,8],[2,9],[4,6],[5,6]],[[2,10],[6,10]],[[3,4],[3,5],[3,8],[3,9]],[[3,10]],[[4,5],[8,9]],[[4,8],[5,9],[4,9],[5,8]],[[4,10],[5,10],[8,10],[9,10]]]
8|false|exact|[[[1,2],[1,4]],[[1,3],[1,5]],[[1,6],[1,8],[1,7],[1,9]],[[1,10]],[[2,3],[3,4],[4,5],[2,5]],[[2,4]],[[2,6],[2,8],[4,6],[4,8],[4,7],[4,9],[2,7],[2,9]],[[2,10],[4,10]],[[3,5]],[[3,6],[3,8],[5,7],[5,9]],[[3,7],[3,9],[5,8],[5,6]],[[3,10],[5,10]],[[6,7],[8,9],[6,9],[7,8]],[[6,8],[7,9]],[[6,10],[8,10],[7,10],[9,10]]]
8|false|exact|[[[1,2],[1,6]],[[1,3],[1,10],[1,9],[1,5]],[[1,4],[1,7]],[[1,8]],[[2,3],[2,10],[2,9],[2,5],[3,6],[6,10],[5,6],[6,9]],[[2,4],[2,7],[6,7],[4,6]],[[2,6]],[[2,8],[6,8]],[[3,4],[4,10],[7,9],[5,7],[3,7],[7,10],[4,5],[4,9]],[[3,5],[9,10],[3,9],[5,10]],[[3,8],[8,10],[8,9],[5,8]],[[3,10],[5,9]],[[4,7]],[[4,8],[7,8]]]
8|false|exact|[[[1,2],[5,10],[3,9],[4,7],[4,9],[3,7],[2,10],[1,5]],[[1,3],[4,10],[2,9],[5,7]],[[1,4],[3,10],[5,9],[2,7]],[[1,6],[6,10],[8,9],[7,8],[4,8],[3,8],[2,6],[5,6]],[[1,7],[9,10],[4,5],[2,3]],[[1,8],[8,10],[6,9],[6,7],[4,6],[3,6],[2,8],[5,8]],[[1,9],[7,10],[2,4],[3,5]],[[1,10],[7,9],[3,4],[2,5]],[[6,8]]]
8|false|exact|[[[1,2],[6,7],[9,10],[4,8]],[[1,3],[3,6],[3,10],[3,8],[4,5],[5,9],[2,5],[5,7]],[[1,4],[6,9],[7,10],[2,8],[4,6],[1,9],[2,10],[7,8]],[[1,5],[5,6],[5,10],[5,8],[3,4],[3,9],[2,3],[3,7]],[[1,6],[8,10],[4,9],[2,7]],[[1,7],[2,6],[4,10],[8,9]],[[1,8],[6,10],[4,7],[2,9]],[[1,10],[6,8],[2,4],[7,9]],[[3,5]]]
8|false|exact|[[[1,2],[2,9],[2,5],[2,6],[2,3],[2,8],[2,4],[2,7]],[[1,3],[8,9],[5,7],[4,6]],[[1,4],[7,9],[5,8],[3,6],[3,5],[6,8],[4,9],[1,7]],[[1,5],[6,9],[3,4],[7,8]],[[1,6],[5,9],[3,7],[4,8]],[[1,8],[3,9],[4,5],[6,7]],[[1,9],[5,6],[3,8],[4,7]],[[1,10],[9,10],[5,10],[6,10],[3,10],[8,10],[4,10],[7,10]],[[2,10]]]
8|false|exact|[[[1,2],[1,8],[9,10],[3,10]],[[1,3],[1,9],[8,10],[2,10]],[[1,4],[1,5],[1,7],[1,6],[4,10],[5,10],[6,10],[7,10]],[[1,10]],[[2,3],[8,9]],[[2,4],[2,5],[7,8],[6,8],[4,9],[5,9],[3,6],[3,7]],[[2,6],[2,7],[5,8],[4,8],[7,9],[6,9],[3,5],[3,4]],[[2,8],[3,9]],[[2,9],[3,8]],[[4,5],[6,7]],[[4,6],[5,7],[4,7],[5,6]]]
8|false|exact|[[[1,2],[3,8],[4,9],[6,10]],[[1,3],[2,8],[4,10],[6,9]],[[1,4],[6,8],[1,6],[4,8]],[[1,5],[5,8],[1,7],[7,8],[4,7],[6,7],[4,5],[5,6]],[[1,8],[4,6]],[[1,9],[8,10],[1,10],[8,9],[2,4],[3,6],[3,4],[2,6]],[[2,3],[9,10]],[[2,5],[3,5],[2,7],[3,7],[7,9],[7,10],[5,9],[5,10]],[[2,9],[3,10],[2,10],[3,9]],[[5,7]]]
8|false|exact|[[[1,2],[4,10],[6,7],[8,9]],[[1,3],[3,10],[3,6],[3,8],[1,5],[5,10],[5,8],[5,6]],[[1,4],[2,10],[6,9],[7,8]],[[1,6],[8,10],[1,8],[6,10]],[[1,7],[9,10],[2,6],[4,8],[1,9],[7,10],[2,8],[4,6]],[[1,10],[6,8]],[[2,3],[3,4],[3,7],[3,9],[2,5],[4,5],[5,9],[5,7]],[[2,4],[7,9]],[[2,7],[4,9],[2,9],[4,7]],[[3,5]]]
8|false|exact|[[[1,2],[6,8],[6,10],[2,5],[1,9],[4,8],[4,5],[9,10]],[[1,3],[3,8],[7,10],[5,7],[1,7],[7,8],[3,5],[3,10]],[[1,4],[8,9],[4,10],[5,9],[1,6],[2,8],[5,6],[2,10]],[[1,5],[8,10],[1,10],[5,8]],[[1,8],[5,10]],[[2,3],[3,6],[6,7],[2,7],[7,9],[4,7],[3,4],[3,9]],[[2,4],[6,9],[4,6],[2,9]],[[2,6],[4,9]],[[3,7]]]
8|false|exact|[[[1,2],[1,4],[8,10],[6,10]],[[1,3],[1,5],[9,10],[7,10]],[[1,6],[1,8],[2,10],[4,10]],[[1,7],[1,9],[3,10],[5,10]],[[1,10]],[[2,3],[4,5],[8,9],[6,7]],[[2,4],[6,8]],[[2,5],[3,4],[7,8],[6,9]],[[2,6],[4,8],[2,8],[4,6]],[[2,7],[4,9],[3,8],[5,6],[2,9],[4,7],[3,6],[5,8]],[[3,5],[7,9]],[[3,7],[5,9],[3,9],[5,7]]]
8|false|exact|[[[1,2],[4,10]],[[1,3],[3,4],[5,10],[2,5]],[[1,4],[2,10]],[[1,5],[4,5],[3,10],[2,3]],[[1,6],[1,8],[4,7],[4,9],[6,10],[8,10],[2,9],[2,7]],[[1,7],[1,9],[4,8],[4,6],[9,10],[7,10],[2,8],[2,6]],[[1,10],[2,4]],[[3,5]],[[3,6],[3,8],[3,7],[3,9],[5,6],[5,8],[5,9],[5,7]],[[6,7],[8,9],[7,8],[6,9]],[[6,8],[7,9]]]
8|false|exact|[[[1,2],[4,10]],[[1,3],[1,5],[3,4],[4,5],[7,10],[9,10],[2,7],[2,9]],[[1,4],[2,10]],[[1,6],[4,6],[8,10],[2,8]],[[1,7],[1,9],[4,9],[4,7],[5,10],[3,10],[2,3],[2,5]],[[1,8],[4,8],[6,10],[2,6]],[[1,10],[2,4]],[[3,5],[7,9]],[[3,6],[5,6],[7,8],[8,9]],[[3,7],[5,9],[3,9],[5,7]],[[3,8],[5,8],[6,7],[6,9]],[[6,8]]]
8|false|exact|[[[1,2],[2,10],[6,7],[4,6]],[[1,3],[8,10],[1,9],[5,10],[7,9],[4,5],[7,8],[3,4]],[[1,4],[7,10],[1,7],[4,10]],[[1,5],[9,10],[1,8],[3,10],[3,7],[4,8],[5,7],[4,9]],[[1,6],[6,10],[2,7],[2,4]],[[1,10],[4,7]],[[2,3],[2,8],[2,9],[2,5],[6,9],[5,6],[6,8],[3,6]],[[2,6]],[[3,5],[8,9],[3,9],[5,8]],[[3,8],[5,9]]]
8|false|exact|[[[1,2],[1,9],[1,6],[1,5]],[[1,3],[1,4],[1,7],[1,8]],[[1,10]],[[2,3],[4,9],[6,7],[5,8]],[[2,4],[3,9],[6,8],[5,7]],[[2,5],[6,9],[2,6],[5,9]],[[2,7],[8,9],[2,8],[7,9],[3,6],[4,5],[4,6],[3,5]],[[2,9],[5,6]],[[2,10],[9,10],[6,10],[5,10]],[[3,4],[7,8]],[[3,7],[4,8],[3,8],[4,7]],[[3,10],[4,10],[7,10],[8,10]]]
8|false|exact|[[[1,2],[1,7],[1,3],[1,6]],[[1,4],[1,5],[1,8],[1,9]],[[1,10]],[[2,3],[6,7]],[[2,4],[2,5],[7,8],[7,9],[3,4],[3,5],[6,9],[6,8]],[[2,6],[3,7]],[[2,7],[3,6]],[[2,8],[2,9],[4,7],[5,7],[3,9],[3,8],[4,6],[5,6]],[[2,10],[7,10],[3,10],[6,10]],[[4,5],[8,9]],[[4,8],[5,9],[4,9],[5,8]],[[4,10],[5,10],[8,10],[9,10]]]
8|false|exact|[[[1,2],[2,7],[2,9],[2,8]],[[1,3],[6,7],[3,9],[6,8],[1,4],[5,7],[4,8],[5,9]],[[1,5],[4,7],[4,9],[5,8],[1,6],[3,7],[3,8],[6,9]],[[1,7],[8,9]],[[1,8],[7,9],[1,9],[7,8]],[[1,10],[7,10],[9,10],[8,10]],[[2,3],[2,6],[2,4],[2,5]],[[2,10]],[[3,4],[5,6],[3,5],[4,6]],[[3,6],[4,5]],[[3,10],[6,10],[4,10],[5,10]]]
8|false|exact|[[[1,2],[1,9],[1,5],[1,6],[1,4],[1,7],[1,3],[1,8]],[[1,10]],[[2,3],[8,9],[4,5],[6,7]],[[2,4],[7,9],[3,5],[6,8]],[[2,5],[6,9],[3,4],[7,8]],[[2,6],[5,9],[4,8],[3,7]],[[2,7],[4,9],[5,8],[3,6]],[[2,8],[3,9],[5,7],[4,6]],[[2,9],[5,6],[4,7],[3,8]],[[2,10],[9,10],[5,10],[6,10],[4,10],[7,10],[3,10],[8,10]]]
8|false|exact|[[[1,2],[8,9]],[[1,3],[3,8],[2,3],[3,9]],[[1,4],[4,8],[2,4],[4,9],[1,5],[5,8],[2,5],[5,9]],[[1,6],[6,8],[2,6],[6,9]],[[1,7],[7,8],[2,7],[7,9]],[[1,8],[2,9]],[[1,9],[2,8]],[[1,10],[8,10],[2,10],[9,10]],[[3,4],[3,5]],[[3,6]],[[3,7]],[[3,10]],[[4,5]],[[4,6],[5,6]],[[4,7],[5,7]],[[4,10],[5,10]],[[6,7]],[[6,10]],[[7,10]]]
8|false|exact|[[[1,2]],[[1,3],[1,9]],[[1,4],[1,5]],[[1,6]],[[1,7],[1,8]],[[1,10]],[[2,3],[2,9]],[[2,4],[2,5]],[[2,6]],[[2,7],[2,8]],[[2,10]],[[3,4],[3,5],[4,9],[5,9]],[[3,6],[6,9]],[[3,7],[3,8],[7,9],[8,9]],[[3,9]],[[3,10],[9,10]],[[4,5]],[[4,6],[5,6]],[[4,7],[4,8],[5,7],[5,8]],[[4,10],[5,10]],[[6,7],[6,8]],[[6,10]],[[7,8]],[[7,10],[8,10]]]
8|false|exact|[[[1,2],[4,10]],[[1,3],[5,10]],[[1,4],[2,10]],[[1,5],[3,10]],[[1,6],[7,10],[1,9],[8,10],[1,7],[6,10],[1,8],[9,10]],[[1,10]],[[2,3],[4,5]],[[2,4]],[[2,5],[3,4]],[[2,6],[4,7],[2,9],[4,8],[2,7],[4,6],[2,8],[4,9]],[[3,5]],[[3,6],[5,7],[3,9],[5,8],[3,7],[5,6],[3,8],[5,9]],[[6,7],[8,9]],[[6,8],[7,9]],[[6,9],[7,8]]]
8|false|exact|[[[1,2],[2,10],[1,4],[4,10]],[[1,3],[5,10],[1,5],[3,10]],[[1,6],[9,10],[1,8],[7,10],[1,7],[8,10],[1,9],[6,10]],[[1,10]],[[2,3],[2,5],[4,5],[3,4]],[[2,4]],[[2,6],[2,9],[4,8],[4,7],[2,7],[2,8],[4,9],[4,6]],[[3,5]],[[3,6],[5,9],[5,8],[3,7],[5,7],[3,8],[3,9],[5,6]],[[6,7],[8,9]],[[6,8],[7,9]],[[6,9],[7,8]]]
8|false|exact|[[[1,2],[4,10]],[[1,3],[3,10],[1,5],[5,10]],[[1,4],[2,10]],[[1,6],[9,10],[1,7],[8,10],[1,8],[7,10],[1,9],[6,10]],[[1,10]],[[2,3],[3,4],[2,5],[4,5]],[[2,4]],[[2,6],[4,9],[2,7],[4,8],[2,8],[4,7],[2,9],[4,6]],[[3,5]],[[3,6],[3,9],[5,7],[5,8],[3,8],[3,7],[5,9],[5,6]],[[6,7],[8,9]],[[6,8],[7,9]],[[6,9],[7,8]]]
8|false|exact|[[[1,2],[4,10]],[[1,3],[5,10],[2,5],[3,4]],[[1,4],[2,10]],[[1,5],[3,10],[2,3],[4,5]],[[1,6],[8,10],[2,8],[4,6]],[[1,7],[1,9],[7,10],[9,10],[2,7],[2,9],[4,7],[4,9]],[[1,8],[6,10],[2,6],[4,8]],[[1,10],[2,4]],[[3,5]],[[3,6],[5,8]],[[3,7],[3,9],[5,7],[5,9]],[[3,8],[5,6]],[[6,7],[6,9],[7,8],[8,9]],[[6,8]],[[7,9]]]
8|false|exact|[[[1,2],[3,10],[1,3],[2,10]],[[1,4],[4,10],[1,5],[5,10]],[[1,6],[7,10],[1,9],[8,10]],[[1,7],[6,10],[1,8],[9,10]],[[1,10]],[[2,3]],[[2,4],[3,4],[3,5],[2,5]],[[2,6],[3,7],[2,9],[3,8],[3,6],[2,7],[3,9],[2,8]],[[4,5]],[[4,6],[4,7],[4,9],[4,8],[5,6],[5,7],[5,9],[5,8]],[[6,7],[8,9]],[[6,8],[7,9]],[[6,9],[7,8]]]
8|false|exact|[[[1,2],[4,10]],[[1,3],[5,10],[1,5],[3,10]],[[1,4],[2,10]],[[1,6],[9,10],[1,7],[8,10],[1,8],[7,10],[1,9],[6,10]],[[1,10]],[[2,3],[4,5],[2,5],[3,4]],[[2,4]],[[2,6],[4,9],[2,7],[4,8],[2,8],[4,7],[2,9],[4,6]],[[3,5]],[[3,6],[5,9],[3,7],[5,8]],[[3,8],[5,7],[3,9],[5,6]],[[6,7],[8,9]],[[6,8],[7,9]],[[6,9],[7,8]]]
8|false|exact|[[[1,2],[1,3],[4,10],[5,10]],[[1,4],[1,5],[2,10],[3,10]],[[1,6],[1,8],[8,10],[6,10]],[[1,7],[9,10],[1,9],[7,10]],[[1,10]],[[2,3],[4,5]],[[2,4],[3,5]],[[2,5],[3,4]],[[2,6],[3,8],[4,8],[5,6],[2,8],[3,6],[4,6],[5,8]],[[2,7],[3,7],[4,9],[5,9],[2,9],[3,9],[4,7],[5,7]],[[6,7],[7,8],[8,9],[6,9]],[[6,8]],[[7,9]]]
8|false|exact|[[[1,2],[4,10],[1,3],[5,10]],[[1,4],[2,10],[1,5],[3,10]],[[1,6],[8,10],[1,8],[6,10]],[[1,7],[1,9],[7,10],[9,10]],[[1,10]],[[2,3],[4,5]],[[2,4],[3,5]],[[2,5],[3,4]],[[2,6],[4,8],[3,8],[5,6]],[[2,7],[2,9],[4,7],[4,9],[3,7],[3,9],[5,7],[5,9]],[[2,8],[4,6],[3,6],[5,8]],[[6,7],[6,9],[7,8],[8,9]],[[6,8]],[[7,9]]]
8|false|exact|[[[1,2]],[[1,3],[2,9],[1,9],[2,3]],[[1,4],[2,4],[1,5],[2,5]],[[1,6],[2,6]],[[1,7],[2,7],[1,8],[2,8]],[[1,10],[2,10]],[[3,4],[4,9],[5,9],[3,5]],[[3,6],[6,9]],[[3,7],[7,9],[3,8],[8,9]],[[3,9]],[[3,10],[9,10]],[[4,5]],[[4,6],[5,6]],[[4,7],[5,7],[5,8],[4,8]],[[4,10],[5,10]],[[6,7],[6,8]],[[6,10]],[[7,8]],[[7,10],[8,10]]]
8|false|exact|[[[1,2]],[[1,3],[2,9],[1,9],[2,3]],[[1,4],[2,4],[1,5],[2,5]],[[1,6],[2,6]],[[1,7],[2,7],[1,8],[2,8]],[[1,10],[2,10]],[[3,4],[4,9],[3,5],[5,9]],[[3,6],[6,9]],[[3,7],[7,9],[8,9],[3,8]],[[3,9]],[[3,10],[9,10]],[[4,5]],[[4,6],[5,6]],[[4,7],[5,7],[4,8],[5,8]],[[4,10],[5,10]],[[6,7],[6,8]],[[6,10]],[[7,8]],[[7,10],[8,10]]]
8|false|exact|[[[1,2],[2,5],[1,9],[5,9]],[[1,3],[3,5],[1,4],[4,5]],[[1,5]],[[1,6],[5,6]],[[1,7],[1,8],[5,7],[5,8]],[[1,10],[5,10]],[[2,3],[4,9]],[[2,4],[3,9]],[[2,6],[6,9]],[[2,7],[2,8],[7,9],[8,9]],[[2,9]],[[2,10],[9,10]],[[3,4]],[[3,6],[4,6]],[[3,7],[3,8],[4,7],[4,8]],[[3,10],[4,10]],[[6,7],[6,8]],[[6,10]],[[7,8]],[[7,10],[8,10]]]
8|false|exact|[[[1,2],[4,10]],[[1,3],[5,10]],[[1,4],[2,10]],[[1,5],[3,10]],[[1,6],[6,10],[1,8],[8,10]],[[1,7],[9,10],[1,9],[7,10]],[[1,10]],[[2,3],[4,5]],[[2,4]],[[2,5],[3,4]],[[2,6],[4,6],[2,8],[4,8]],[[2,7],[4,9],[2,9],[4,7]],[[3,5]],[[3,6],[5,6],[3,8],[5,8]],[[3,7],[5,9],[3,9],[5,7]],[[6,7],[6,9],[7,8],[8,9]],[[6,8]],[[7,9]]]
8|false|exact|[[[1,2]],[[1,3],[2,10]],[[1,4],[2,7],[1,7],[2,4]],[[1,5],[2,8],[1,8],[2,5]],[[1,6],[2,6],[1,9],[2,9]],[[1,10],[2,3]],[[3,4],[7,10],[3,7],[4,10]],[[3,5],[8,10],[3,8],[5,10]],[[3,6],[6,10],[3,9],[9,10]],[[3,10]],[[4,5],[7,8],[4,8],[5,7]],[[4,6],[6,7],[4,9],[7,9]],[[4,7]],[[5,6],[6,8],[8,9],[5,9]],[[5,8]],[[6,9]]]
8|false|exact|[[[1,2],[4,10]],[[1,3],[3,10],[1,5],[5,10]],[[1,4],[2,10]],[[1,6],[6,10],[1,8],[8,10]],[[1,7],[9,10],[1,9],[7,10]],[[1,10]],[[2,3],[3,4],[2,5],[4,5]],[[2,4]],[[2,6],[4,6],[2,8],[4,8]],[[2,7],[4,9],[2,9],[4,7]],[[3,5]],[[3,6],[5,8],[3,8],[5,6]],[[3,7],[3,9],[5,7],[5,9]],[[6,7],[6,9],[7,8],[8,9]],[[6,8]],[[7,9]]]
8|false|exact|[[[1,2],[4,10],[1,4],[2,10]],[[1,3],[3,10],[1,5],[5,10]],[[1,6],[6,10],[1,8],[8,10]],[[1,7],[9,10],[1,9],[7,10]],[[1,10]],[[2,3],[3,4],[4,5],[2,5]],[[2,4]],[[2,6],[4,6],[2,8],[4,8]],[[2,7],[4,9],[4,7],[2,9]],[[3,5]],[[3,6],[5,6],[3,8],[5,8]],[[3,7],[3,9],[5,7],[5,9]],[[6,7],[6,9],[8,9],[7,8]],[[6,8]],[[7,9]]]
8|false|exact|[[[1,2],[4,10]],[[1,3],[3,10],[1,5],[5,10]],[[1,4],[2,10]],[[1,6],[6,10],[1,8],[8,10]],[[1,7],[9,10],[1,9],[7,10]],[[1,10]],[[2,3],[3,4],[2,5],[4,5]],[[2,4]],[[2,6],[4,6],[2,8],[4,8]],[[2,7],[4,9],[2,9],[4,7]],[[3,5]],[[3,6],[5,8]],[[3,7],[3,9],[5,7],[5,9]],[[3,8],[5,6]],[[6,7],[6,9],[7,8],[8,9]],[[6,8]],[[7,9]]]
8|false|exact|[[[1,2],[4,10]],[[1,3],[1,5],[3,10],[5,10]],[[1,4],[2,10]],[[1,6],[1,8],[8,10],[6,10]],[[1,7],[9,10],[1,9],[7,10]],[[1,10]],[[2,3],[2,5],[3,4],[4,5]],[[2,4]],[[2,6],[2,8],[4,8],[4,6]],[[2,7],[4,9],[2,9],[4,7]],[[3,5]],[[3,6],[5,8],[3,8],[5,6]],[[3,7],[5,7],[3,9],[5,9]],[[6,7],[7,8],[8,9],[6,9]],[[6,8]],[[7,9]]]
8|false|exact|[[[1,2],[2,7],[1,3],[3,7],[1,4],[4,7],[1,5],[5,7]],[[1,6],[6,7]],[[1,7]],[[1,8],[7,9]],[[1,9],[7,8]],[[1,10],[7,10]],[[2,3],[4,5]],[[2,4],[3,5]],[[2,5],[3,4]],[[2,6],[3,6],[4,6],[5,6]],[[2,8],[2,9],[3,8],[3,9],[4,8],[4,9],[5,8],[5,9]],[[2,10],[3,10],[4,10],[5,10]],[[6,8],[6,9]],[[6,10]],[[8,9]],[[8,10],[9,10]]]
8|false|exact|[[[1,2],[2,8],[1,3],[3,8],[3,9],[3,7],[2,9],[2,7]],[[1,4],[4,8],[4,9],[4,7]],[[1,5],[5,8],[1,6],[6,8],[5,9],[5,7],[6,9],[6,7]],[[1,7],[8,9]],[[1,8],[7,9]],[[1,9],[7,8]],[[1,10],[8,10],[9,10],[7,10]],[[2,3]],[[2,4],[3,4]],[[2,5],[3,6],[3,5],[2,6]],[[2,10],[3,10]],[[4,5],[4,6]],[[4,10]],[[5,6]],[[5,10],[6,10]]]
8|false|exact|[[[1,2],[6,7],[1,7],[2,6],[1,3],[6,8],[1,8],[3,6]],[[1,4],[4,6]],[[1,5],[6,9],[1,9],[5,6]],[[1,6]],[[1,10],[6,10]],[[2,3],[7,8]],[[2,4],[4,7],[3,4],[4,8]],[[2,5],[7,9],[3,5],[8,9]],[[2,7],[3,8]],[[2,8],[3,7]],[[2,9],[5,7],[3,9],[5,8]],[[2,10],[7,10],[3,10],[8,10]],[[4,5],[4,9]],[[4,10]],[[5,9]],[[5,10],[9,10]]]
8|false|exact|[[[1,2],[5,10],[1,3],[4,10],[1,6],[7,10],[1,9],[8,10]],[[1,4],[3,10],[1,5],[2,10],[1,8],[9,10],[1,7],[6,10]],[[1,10]],[[2,3],[4,5],[6,9],[7,8]],[[2,4],[3,5],[6,8],[7,9]],[[2,5],[3,4],[6,7],[8,9]],[[2,6],[5,7],[3,9],[4,8]],[[2,7],[5,6],[3,8],[4,9]],[[2,8],[5,9],[3,7],[4,6]],[[2,9],[5,8],[3,6],[4,7]]]
8|false|exact|[[[1,2],[4,10]],[[1,3],[4,8],[5,10],[2,6]],[[1,4],[2,10]],[[1,5],[4,6],[3,10],[2,8]],[[1,6],[4,5],[8,10],[2,3]],[[1,7],[4,9],[9,10],[2,7],[1,9],[4,7],[7,10],[2,9]],[[1,8],[3,4],[6,10],[2,5]],[[1,10],[2,4]],[[3,5],[6,8]],[[3,6],[5,8]],[[3,7],[8,9],[5,9],[6,7],[3,9],[7,8],[5,7],[6,9]],[[3,8],[5,6]],[[7,9]]]
8|false|exact|[[[1,2],[3,10],[1,4],[5,10]],[[1,3],[2,10],[1,5],[4,10]],[[1,6],[9,10],[1,8],[7,10]],[[1,7],[8,10],[1,9],[6,10]],[[1,10]],[[2,3],[4,5]],[[2,4],[3,5]],[[2,5],[3,4]],[[2,6],[3,9],[4,6],[5,9],[2,8],[3,7],[4,8],[5,7]],[[2,7],[3,8],[4,7],[5,8],[2,9],[3,6],[4,9],[5,6]],[[6,7],[8,9]],[[6,8],[7,9]],[[6,9],[7,8]]]
8|false|exact|[[[1,2],[4,10]],[[1,3],[3,10],[1,5],[5,10],[3,4],[2,3],[4,5],[2,5]],[[1,4],[2,10]],[[1,6],[9,10],[1,7],[8,10],[4,8],[2,7],[4,9],[2,6]],[[1,8],[7,10],[1,9],[6,10],[4,6],[2,9],[4,7],[2,8]],[[1,10],[2,4]],[[3,5]],[[3,6],[3,9],[5,7],[5,8],[3,8],[3,7],[5,9],[5,6]],[[6,7],[8,9]],[[6,8],[7,9]],[[6,9],[7,8]]]
8|false|exact|[[[1,2],[4,10],[1,3],[5,10]],[[1,4],[2,10],[1,5],[3,10]],[[1,6],[9,10],[1,7],[8,10],[1,8],[7,10],[1,9],[6,10]],[[1,10]],[[2,3],[4,5]],[[2,4],[3,5]],[[2,5],[3,4]],[[2,6],[4,9],[2,7],[4,8],[3,8],[5,7],[3,9],[5,6]],[[2,8],[4,7],[2,9],[4,6],[3,6],[5,9],[3,7],[5,8]],[[6,7],[8,9]],[[6,8],[7,9]],[[6,9],[7,8]]]
8|false|exact|[[[1,2],[2,9],[2,6],[2,5]],[[1,3],[3,9],[6,7],[5,7],[1,4],[4,9],[6,8],[5,8]],[[1,5],[6,9]],[[1,6],[5,9]],[[1,7],[7,9],[3,6],[3,5],[1,8],[8,9],[4,6],[4,5]],[[1,9],[5,6]],[[1,10],[9,10],[6,10],[5,10]],[[2,3],[2,7],[2,4],[2,8]],[[2,10]],[[3,4],[7,8]],[[3,7],[4,8]],[[3,8],[4,7]],[[3,10],[7,10],[4,10],[8,10]]]
8|false|exact|[[[1,2],[2,10],[2,8],[2,9],[2,4],[2,5],[2,6],[2,7]],[[1,3],[3,10],[3,8],[3,9],[3,4],[3,5],[3,6],[3,7]],[[1,4],[5,10],[7,8],[6,9],[4,10],[1,5],[6,8],[7,9]],[[1,6],[7,10],[4,8],[5,9],[4,9],[5,8],[6,10],[1,7]],[[1,8],[9,10],[8,10],[1,9],[4,6],[5,7],[5,6],[4,7]],[[1,10],[8,9],[4,5],[6,7]],[[2,3]]]
8|false|exact|[[[1,2],[1,4],[8,10],[6,10],[1,3],[1,5],[7,10],[9,10]],[[1,6],[1,8],[2,10],[4,10],[1,9],[1,7],[3,10],[5,10]],[[1,10]],[[2,3],[4,5],[8,9],[6,7],[3,4],[2,5],[7,8],[6,9]],[[2,4],[6,8],[3,5],[7,9]],[[2,6],[4,8],[2,8],[4,6],[3,9],[5,7],[3,7],[5,9]],[[2,7],[4,9],[3,8],[5,6],[3,6],[5,8],[4,7],[2,9]]]
8|false|exact|[[[1,2],[2,5],[2,4],[2,3]],[[1,3],[4,5],[1,4],[3,5]],[[1,5],[3,4]],[[1,6],[5,6],[4,6],[3,6]],[[1,7],[5,7],[4,7],[3,7]],[[1,8],[5,8],[4,8],[3,8],[1,9],[5,9],[4,9],[3,9]],[[1,10],[5,10],[4,10],[3,10]],[[2,6]],[[2,7]],[[2,8],[2,9]],[[2,10]],[[6,7]],[[6,8],[6,9]],[[6,10]],[[7,8],[7,9]],[[7,10]],[[8,9]],[[8,10],[9,10]]]
8|false|exact|[[[1,2],[4,10]],[[1,3],[5,10]],[[1,4],[2,10]],[[1,5],[3,10]],[[1,6],[8,10],[1,8],[6,10],[1,7],[9,10],[1,9],[7,10]],[[1,10]],[[2,3],[4,5]],[[2,4]],[[2,5],[3,4]],[[2,6],[4,8],[2,8],[4,6],[2,7],[4,9],[2,9],[4,7]],[[3,5]],[[3,6],[5,8],[3,8],[5,6],[3,7],[5,9],[3,9],[5,7]],[[6,7],[8,9],[7,8],[6,9]],[[6,8],[7,9]]]
8|false|exact|[[[1,2],[4,10],[1,4],[2,10]],[[1,3],[3,10],[1,5],[5,10]],[[1,6],[1,8],[7,10],[9,10]],[[1,7],[1,9],[8,10],[6,10]],[[1,10]],[[2,3],[3,4],[4,5],[2,5]],[[2,4]],[[2,6],[2,8],[4,7],[4,9],[4,6],[4,8],[2,7],[2,9]],[[3,5]],[[3,6],[3,8],[3,7],[3,9],[5,6],[5,8],[5,7],[5,9]],[[6,7],[8,9],[7,8],[6,9]],[[6,8],[7,9]]]
8|false|exact|[[[1,2],[2,10],[1,4],[4,10]],[[1,3],[5,10]],[[1,5],[3,10]],[[1,6],[1,8],[7,10],[9,10],[1,9],[1,7],[6,10],[8,10]],[[1,10]],[[2,3],[2,5],[3,4],[4,5]],[[2,4]],[[2,6],[2,8],[2,7],[2,9],[4,9],[4,7],[4,6],[4,8]],[[3,5]],[[3,6],[3,8],[5,7],[5,9],[3,9],[3,7],[5,6],[5,8]],[[6,7],[8,9],[7,8],[6,9]],[[6,8],[7,9]]]
8|false|exact|[[[1,2],[4,10]],[[1,3],[1,5],[6,10],[8,10]],[[1,4],[2,10]],[[1,6],[1,8],[5,10],[3,10]],[[1,7],[9,10],[1,9],[7,10]],[[1,10]],[[2,3],[2,5],[4,6],[4,8]],[[2,4]],[[2,6],[2,8],[4,5],[3,4]],[[2,7],[4,9],[2,9],[4,7]],[[3,5],[6,8]],[[3,6],[5,8],[5,6],[3,8]],[[3,7],[5,7],[6,9],[8,9],[3,9],[5,9],[6,7],[7,8]],[[7,9]]]
8|false|exact|[[[1,2],[3,10],[1,3],[2,10]],[[1,4],[5,10],[1,5],[4,10]],[[1,6],[1,7],[9,10],[8,10]],[[1,8],[1,9],[6,10],[7,10]],[[1,10]],[[2,3]],[[2,4],[3,5]],[[2,5],[3,4]],[[2,6],[2,7],[3,9],[3,8],[3,6],[3,7],[2,9],[2,8]],[[4,5]],[[4,6],[4,7],[5,9],[5,8],[5,6],[5,7],[4,9],[4,8]],[[6,7],[8,9]],[[6,8],[7,9],[6,9],[7,8]]]
8|false|exact|[[[1,2],[5,6]],[[1,3],[2,4],[6,7],[5,8],[1,4],[2,3],[6,8],[5,7]],[[1,5],[2,6],[1,6],[2,5]],[[1,7],[2,8],[4,6],[3,5],[1,8],[2,7],[3,6],[4,5]],[[1,9],[2,9],[6,9],[5,9]],[[1,10],[2,10],[6,10],[5,10]],[[3,4],[7,8]],[[3,7],[4,8],[4,7],[3,8]],[[3,9],[4,9],[7,9],[8,9]],[[3,10],[4,10],[7,10],[8,10]],[[9,10]]]
8|false|exact|[[[1,2],[6,7]],[[1,3],[2,3],[3,6],[3,7]],[[1,4],[2,4],[1,5],[2,5],[6,9],[7,9],[6,8],[7,8]],[[1,6],[2,7]],[[1,7],[2,6]],[[1,8],[2,8],[1,9],[2,9],[4,6],[4,7],[5,6],[5,7]],[[1,10],[2,10],[6,10],[7,10]],[[3,4],[3,5],[3,9],[3,8]],[[3,10]],[[4,5],[8,9]],[[4,8],[5,9],[4,9],[5,8]],[[4,10],[5,10],[9,10],[8,10]]]
8|false|exact|[[[1,2],[1,4],[5,10],[3,10]],[[1,3],[1,5],[2,10],[4,10]],[[1,6],[1,8],[9,10],[7,10]],[[1,7],[1,9],[6,10],[8,10]],[[1,10]],[[2,3],[4,5],[2,5],[3,4]],[[2,4],[3,5]],[[2,6],[4,8],[5,9],[3,7],[2,8],[4,6],[5,7],[3,9]],[[2,7],[4,9],[5,6],[3,8],[2,9],[4,7],[5,8],[3,6]],[[6,7],[8,9],[6,9],[7,8]],[[6,8],[7,9]]]
8|false|exact|[[[1,2],[4,10],[2,10],[1,4]],[[1,3],[1,5],[3,10],[5,10],[2,3],[2,5],[3,4],[4,5]],[[1,6],[1,8],[8,10],[6,10],[2,7],[2,9],[4,9],[4,7]],[[1,7],[1,9],[9,10],[7,10],[2,8],[2,6],[4,6],[4,8]],[[1,10],[2,4]],[[3,5]],[[3,6],[5,8],[3,8],[5,6],[3,7],[5,9],[3,9],[5,7]],[[6,7],[8,9],[7,8],[6,9]],[[6,8],[7,9]]]
8|false|exact|[[[1,2],[4,10],[5,8],[3,6]],[[1,3],[5,10],[1,5],[3,10]],[[1,4],[2,10],[5,6],[3,8]],[[1,6],[8,10],[2,5],[3,4]],[[1,7],[7,10],[5,7],[3,7],[1,9],[9,10],[5,9],[3,9]],[[1,8],[6,10],[4,5],[2,3]],[[1,10],[3,5]],[[2,4],[6,8]],[[2,6],[4,8],[2,8],[4,6]],[[2,7],[4,7],[7,8],[6,7],[2,9],[4,9],[8,9],[6,9]],[[7,9]]]
8|false|exact|[[[1,2],[5,6]],[[1,3],[1,4],[6,8],[6,7],[5,8],[5,7],[2,4],[2,3]],[[1,5],[2,6]],[[1,6],[2,5]],[[1,7],[1,8],[3,6],[4,6],[3,5],[4,5],[2,8],[2,7]],[[1,9],[6,10],[5,10],[2,9]],[[1,10],[6,9],[5,9],[2,10]],[[3,4],[7,8]],[[3,7],[4,8],[3,8],[4,7]],[[3,9],[4,9],[8,10],[7,10]],[[3,10],[4,10],[8,9],[7,9]],[[9,10]]]
8|false|exact|[[[1,2],[1,3],[4,10],[5,10]],[[1,4],[1,5],[2,10],[3,10]],[[1,6],[1,8],[1,7],[1,9],[8,10],[6,10],[9,10],[7,10]],[[1,10]],[[2,3],[4,5]],[[2,4],[3,5]],[[2,5],[3,4]],[[2,6],[2,8],[3,7],[3,9],[4,8],[4,6],[5,9],[5,7]],[[2,7],[2,9],[3,8],[3,6],[4,9],[4,7],[5,6],[5,8]],[[6,7],[8,9],[7,8],[6,9]],[[6,8],[7,9]]]
8|false|exact|[[[1,2],[2,8],[3,9],[3,7],[1,3],[3,8],[2,9],[2,7]],[[1,4],[4,8],[4,9],[4,7],[1,6],[6,8],[6,9],[6,7]],[[1,5],[5,8],[5,9],[5,7]],[[1,7],[8,9],[1,9],[7,8]],[[1,8],[7,9]],[[1,10],[8,10],[9,10],[7,10]],[[2,3]],[[2,4],[3,4],[3,6],[2,6]],[[2,5],[3,5]],[[2,10],[3,10]],[[4,5],[5,6]],[[4,6]],[[4,10],[6,10]],[[5,10]]]
8|false|exact|[[[1,2],[1,4]],[[1,3],[1,5]],[[1,6],[1,8],[1,7],[1,9]],[[1,10]],[[2,3],[4,5]],[[2,4]],[[2,5],[3,4]],[[2,6],[2,8],[2,7],[2,9],[4,6],[4,8],[4,7],[4,9]],[[2,10],[4,10]],[[3,5]],[[3,6],[3,8],[3,7],[3,9],[5,6],[5,8],[5,7],[5,9]],[[3,10],[5,10]],[[6,7],[8,9],[7,8],[6,9]],[[6,8],[7,9]],[[6,10],[8,10],[7,10],[9,10]]]
8|false|exact|[[[1,2],[2,6]],[[1,3],[3,6],[1,7],[6,7]],[[1,4],[4,6],[1,5],[5,6],[1,9],[6,9],[1,8],[6,8]],[[1,6]],[[1,10],[6,10]],[[2,3],[2,7]],[[2,4],[2,5],[2,9],[2,8]],[[2,10]],[[3,4],[3,5],[7,9],[7,8]],[[3,7]],[[3,8],[3,9],[4,7],[5,7]],[[3,10],[7,10]],[[4,5],[8,9]],[[4,8],[5,9],[4,9],[5,8]],[[4,10],[5,10],[9,10],[8,10]]]
8|false|exact|[[[1,2],[1,5],[1,3],[1,4],[1,6],[1,9],[1,7],[1,8]],[[1,10]],[[2,3],[4,5],[6,7],[8,9]],[[2,4],[3,5],[6,8],[7,9]],[[2,5],[3,4],[6,9],[7,8]],[[2,6],[5,9],[3,7],[4,8],[3,6],[4,9],[2,7],[5,8]],[[2,8],[5,7],[3,9],[4,6],[5,6],[2,9],[4,7],[3,8]],[[2,10],[5,10],[3,10],[4,10],[6,10],[9,10],[7,10],[8,10]]]
8|false|exact|[[[1,2],[6,7],[2,6],[1,7],[4,8],[9,10],[8,9],[4,10]],[[1,3],[3,6],[2,5],[5,7],[4,5],[5,9],[3,8],[3,10]],[[1,4],[6,9],[2,8],[7,10],[4,6],[1,9],[7,8],[2,10]],[[1,5],[5,6],[2,3],[3,7],[3,4],[3,9],[5,8],[5,10]],[[1,6],[2,7],[4,9],[8,10]],[[1,8],[6,10],[2,9],[4,7]],[[1,10],[6,8],[2,4],[7,9]],[[3,5]]]
8|false|exact|[[[1,2],[6,10],[1,4],[8,10],[1,3],[7,10],[1,5],[9,10]],[[1,6],[2,10],[1,8],[4,10],[1,7],[3,10],[1,9],[5,10]],[[1,10]],[[2,3],[6,7],[4,5],[8,9],[3,4],[7,8],[2,5],[6,9]],[[2,4],[6,8],[3,5],[7,9]],[[2,6],[4,8],[3,7],[5,9]],[[2,7],[3,6],[4,9],[5,8],[3,8],[4,7],[5,6],[2,9]],[[2,8],[4,6],[3,9],[5,7]]]
8|false|exact|[[[1,2],[2,5],[2,7],[2,3],[8,9],[4,9],[6,9],[9,10]],[[1,3],[5,7],[1,7],[3,5],[8,10],[4,6],[6,8],[4,10]],[[1,4],[5,8],[7,10],[3,6],[3,8],[4,7],[1,6],[5,10]],[[1,5],[3,7],[4,8],[6,10]],[[1,8],[4,5],[6,7],[3,10],[7,8],[3,4],[5,6],[1,10]],[[1,9],[5,9],[7,9],[3,9],[2,8],[2,4],[2,6],[2,10]],[[2,9]]]
8|false|exact|[[[1,2],[2,6],[2,8],[2,4],[2,9],[2,5],[2,7],[2,3]],[[1,3],[6,7],[8,9],[4,5],[1,9],[5,6],[7,8],[3,4]],[[1,4],[6,8],[1,8],[4,6],[3,9],[5,7],[7,9],[3,5]],[[1,5],[6,9],[3,8],[4,7],[4,9],[5,8],[1,7],[3,6]],[[1,6],[4,8],[5,9],[3,7]],[[1,10],[6,10],[8,10],[4,10],[9,10],[5,10],[7,10],[3,10]],[[2,10]]]
9|false|exact|[[[1,2],[2,9],[2,8]],[[1,3],[1,5],[1,4],[3,9],[5,9],[4,9],[3,8],[5,8],[4,8]],[[1,6],[6,9],[6,8]],[[1,7],[7,9],[7,8]],[[1,8],[1,9],[8,9]],[[1,10],[9,10],[8,10]],[[2,3],[2,5],[2,4]],[[2,6]],[[2,7]],[[2,10]],[[3,4],[3,5],[4,5]],[[3,6],[5,6],[4,6]],[[3,7],[5,7],[4,7]],[[3,10],[5,10],[4,10]],[[6,7]],[[6,10]],[[7,10]]]
9|false|exact|[[[1,2],[3,4],[6,8],[7,8],[1,9],[3,5],[4,5],[6,7],[2,9]],[[1,3],[3,8],[1,8],[7,9],[5,9],[5,7],[4,6],[2,6],[2,4]],[[1,4],[3,6],[2,8],[1,7],[3,9],[5,8],[4,7],[6,9],[2,5]],[[1,5],[3,7],[8,9],[2,7],[4,9],[5,6],[4,8],[1,6],[2,3]],[[1,10],[3,10],[8,10],[7,10],[9,10],[5,10],[4,10],[6,10],[2,10]]]
9|false|exact|[[[1,2],[1,9],[2,9]],[[1,3],[3,9],[2,3],[1,5],[5,9],[2,5],[1,4],[4,9],[2,4]],[[1,6],[7,9],[2,8],[1,8],[6,9],[2,7],[1,7],[8,9],[2,6]],[[1,10],[9,10],[2,10]],[[3,4],[3,5],[4,5]],[[3,6],[3,7],[3,8],[5,8],[5,6],[5,7],[4,7],[4,8],[4,6]],[[3,10],[5,10],[4,10]],[[6,7],[7,8],[6,8]],[[6,10],[7,10],[8,10]]]
9|false|exact|[[[1,2],[1,9],[2,9]],[[1,3],[3,9],[2,3],[1,5],[5,9],[2,5],[1,4],[4,9],[2,4]],[[1,6],[7,9],[2,8]],[[1,7],[8,9],[2,6]],[[1,8],[6,9],[2,7]],[[1,10],[9,10],[2,10]],[[3,4],[3,5],[4,5]],[[3,6],[3,7],[3,8],[5,6],[5,7],[5,8],[4,6],[4,7],[4,8]],[[3,10],[5,10],[4,10]],[[6,7],[7,8],[6,8]],[[6,10],[7,10],[8,10]]]
9|false|exact|[[[1,2],[7,8],[4,5],[1,9],[6,7],[3,4],[8,9],[5,6],[2,3]],[[1,3],[7,9],[4,6],[2,9],[6,8],[3,5],[1,8],[5,7],[2,4]],[[1,4],[1,7],[4,7],[3,9],[6,9],[3,6],[2,8],[5,8],[2,5]],[[1,5],[2,7],[4,8],[4,9],[1,6],[3,7],[3,8],[5,9],[2,6]],[[1,10],[7,10],[4,10],[9,10],[6,10],[3,10],[8,10],[5,10],[2,10]]]
10|false|exact|[[[1,2],[7,8],[1,10],[2,8],[7,10]],[[1,3],[3,8],[3,10],[2,3],[3,7]],[[1,4],[4,8],[4,10],[2,4],[4,7]],[[1,5],[5,8],[5,10],[2,5],[5,7]],[[1,6],[6,8],[6,10],[2,6],[6,7]],[[1,7],[1,8],[8,10],[2,10],[2,7]],[[1,9],[8,9],[9,10],[2,9],[7,9]],[[3,4]],[[3,5]],[[3,6]],[[3,9]],[[4,5]],[[4,6]],[[4,9]],[[5,6]],[[5,9]],[[6,9]]]
10|false|exact|[[[1,2],[2,9],[2,7],[2,6],[2,8],[1,3],[3,8],[3,6],[3,7],[3,9]],[[1,4],[4,9],[4,7],[4,6],[4,8]],[[1,5],[5,9],[5,7],[5,6],[5,8]],[[1,6],[8,9],[1,7],[6,9],[7,8]],[[1,8],[1,9],[7,9],[6,7],[6,8]],[[1,10],[9,10],[7,10],[6,10],[8,10]],[[2,3]],[[2,4],[3,4]],[[2,5],[3,5]],[[2,10],[3,10]],[[4,5]],[[4,10]],[[5,10]]]
10|true|exact|[[[1,2],[1,3],[3,7],[6,7],[2,6],[5,9],[5,10],[4,10],[4,8],[8,9]],[[1,4],[3,10],[5,7],[6,9],[2,8]],[[1,5],[3,9],[7,8],[4,6],[2,10]],[[1,6],[2,3],[1,7],[3,6],[2,7],[5,8],[9,10],[4,5],[8,10],[4,9]],[[1,8],[3,4],[7,10],[5,6],[2,9]],[[1,9],[3,8],[4,7],[6,10],[2,5]],[[1,10],[3,5],[7,9],[6,8],[2,4]]]
10|false|exact|[[[1,2],[2,3],[3,7],[6,7],[1,6]],[[1,3],[2,7],[3,6],[1,7],[2,6]],[[1,4],[2,4],[3,4],[4,7],[4,6],[1,8],[6,8],[7,8],[3,8],[2,8]],[[1,5],[2,5],[3,5],[5,7],[5,6],[1,9],[6,9],[7,9],[3,9],[2,9]],[[1,10],[2,10],[3,10],[7,10],[6,10]],[[4,5],[8,9]],[[4,8]],[[4,9],[5,8]],[[4,10],[8,10]],[[5,9]],[[5,10],[9,10]]]
10|false|exact|[[[1,2],[2,5],[5,6],[6,9],[1,9]],[[1,3],[2,4],[5,7],[6,8],[9,10],[1,8],[7,9],[4,6],[3,5],[2,10]],[[1,4],[2,7],[5,8],[6,10],[3,9],[1,7],[4,9],[3,6],[5,10],[2,8]],[[1,5],[2,6],[5,9],[1,6],[2,9]],[[1,10],[2,3],[4,5],[6,7],[8,9]],[[3,4],[4,7],[7,8],[8,10],[3,10]],[[3,7],[4,8],[7,10],[3,8],[4,10]]]
10|false|exact|[[[1,2],[1,6],[4,6],[2,4],[2,5],[5,6],[6,8],[2,8],[2,9],[6,9]],[[1,3],[3,4],[3,5],[3,8],[3,9]],[[1,4],[4,5],[5,8],[8,9],[1,9]],[[1,5],[4,8],[5,9],[1,8],[4,9]],[[1,7],[4,7],[5,7],[7,8],[7,9]],[[1,10],[4,10],[5,10],[8,10],[9,10]],[[2,3],[3,6]],[[2,6]],[[2,7],[6,7]],[[2,10],[6,10]],[[3,7]],[[3,10]],[[7,10]]]
10|false|exact|[[[1,2],[2,7]],[[1,3],[1,4],[1,6],[1,8],[1,10],[7,8],[7,10],[3,7],[4,7],[6,7]],[[1,5],[7,9]],[[1,7]],[[1,9],[5,7]],[[2,3],[2,4],[2,6],[2,8],[2,10]],[[2,5],[2,9]],[[3,4],[4,6],[6,8],[8,10],[3,10]],[[3,5],[4,5],[5,6],[5,8],[5,10],[8,9],[9,10],[3,9],[4,9],[6,9]],[[3,6],[4,8],[6,10],[3,8],[4,10]],[[5,9]]]
10|true|exact|[[[1,2],[6,10],[5,9],[4,8],[3,7],[1,6],[5,10],[4,9],[3,8],[2,7]],[[1,3],[2,10],[6,9],[5,8],[4,7],[6,7],[1,5],[4,10],[3,9],[2,8]],[[1,4],[3,10],[2,9],[6,8],[5,7]],[[1,7],[1,10],[9,10],[8,9],[7,8],[2,6],[5,6],[4,5],[3,4],[2,3]],[[1,8],[7,10],[1,9],[8,10],[7,9],[3,6],[2,5],[4,6],[3,5],[2,4]]]
12|false|exact|[[[1,2],[1,8],[1,7],[1,10]],[[1,3]],[[1,4]],[[1,5]],[[1,6]],[[1,9]],[[2,3],[3,8],[3,7],[3,10]],[[2,4],[4,8],[4,7],[4,10]],[[2,5],[5,8],[5,7],[5,10]],[[2,6],[6,8],[6,7],[6,10]],[[2,7],[8,10],[2,8],[7,10],[2,10],[7,8]],[[2,9],[8,9],[7,9],[9,10]],[[3,4]],[[3,5]],[[3,6]],[[3,9]],[[4,5]],[[4,6]],[[4,9]],[[5,6]],[[5,9]],[[6,9]]]
12|false|exact|[[[1,2],[1,10],[2,7],[7,10],[2,8],[2,6],[8,10],[6,10],[1,8],[7,8],[1,6],[6,7]],[[1,3],[3,7],[2,3],[3,10],[3,8],[3,6]],[[1,4],[4,7],[2,4],[4,10],[4,8],[4,6]],[[1,5],[5,7],[2,5],[5,10],[5,8],[5,6]],[[1,7],[2,10],[6,8]],[[1,9],[7,9],[2,9],[9,10],[8,9],[6,9]],[[3,4]],[[3,5]],[[3,9]],[[4,5]],[[4,9]],[[5,9]]]
12|false|exact|[[[1,2],[3,8],[1,3],[2,8],[1,8],[2,3]],[[1,4],[2,4],[3,4],[4,8]],[[1,5],[2,5],[3,5],[5,8]],[[1,6],[2,6],[3,6],[6,8],[1,7],[3,7],[7,8],[2,7],[1,10],[8,10],[2,10],[3,10]],[[1,9],[2,9],[3,9],[8,9]],[[4,5]],[[4,6],[4,7],[4,10]],[[4,9]],[[5,6],[5,7],[5,10]],[[5,9]],[[6,7],[7,10],[6,10]],[[6,9],[7,9],[9,10]]]
12|false|exact|[[[1,2],[5,8],[1,8],[2,5],[1,5],[2,8]],[[1,3],[3,5],[2,3],[3,8],[1,10],[2,10],[8,10],[5,10],[1,4],[4,8],[4,5],[2,4]],[[1,6],[5,6],[2,6],[6,8],[1,9],[2,9],[8,9],[5,9],[1,7],[7,8],[5,7],[2,7]],[[3,4],[3,10],[4,10]],[[3,6],[9,10],[4,7]],[[3,7],[6,10],[4,9]],[[3,9],[7,10],[4,6]],[[6,7],[6,9],[7,9]]]
12|false|exact|[[[1,2],[2,3],[4,6],[4,5],[7,8],[7,9]],[[1,3],[5,6],[8,9]],[[1,4],[3,4],[6,7],[5,7],[2,8],[2,9]],[[1,5],[1,6],[3,5],[3,6],[6,9],[6,8],[5,9],[5,8],[3,8],[1,8],[3,9],[1,9]],[[1,7],[3,7],[2,6],[2,5],[4,8],[4,9]],[[1,10],[3,10],[6,10],[5,10],[8,10],[9,10]],[[2,4],[4,7],[2,7]],[[2,10],[4,10],[7,10]]]
12|false|exact|[[[1,2],[1,6],[1,4],[1,8]],[[1,3],[1,7],[1,5],[1,10]],[[1,9]],[[2,3],[6,7],[4,5],[8,10]],[[2,4],[6,8],[2,8],[4,6],[2,6],[4,8]],[[2,5],[6,10],[3,4],[7,8],[2,10],[4,7],[3,8],[5,6],[2,7],[5,8],[3,6],[4,10]],[[2,9],[6,9],[4,9],[8,9]],[[3,5],[7,10],[3,10],[5,7],[3,7],[5,10]],[[3,9],[7,9],[5,9],[9,10]]]
12|false|exact|[[[1,2],[6,10],[2,5],[6,8],[1,3],[5,7],[3,8],[7,10],[1,4],[8,9],[4,10],[5,9]],[[1,5],[8,10],[1,8],[5,10],[1,10],[5,8]],[[1,6],[2,10],[5,6],[2,8],[1,7],[3,5],[7,8],[3,10],[1,9],[4,8],[9,10],[4,5]],[[2,3],[6,7],[2,7],[3,6],[3,4],[7,9],[3,9],[4,7],[2,4],[6,9],[4,6],[2,9]],[[2,6],[3,7],[4,9]]]
12|false|[2]|[[[1,2]],[[1,3],[1,5],[1,4]],[[1,6]],[[1,7],[1,8]],[[1,9]],[[1,10]],[[2,3],[2,5],[2,4]],[[2,6]],[[2,7],[2,8]],[[2,9]],[[2,10]],[[3,4],[3,5],[4,5]],[[3,6],[5,6],[4,6]],[[3,7],[3,8],[5,7],[5,8],[4,7],[4,8]],[[3,9],[5,9],[4,9]],[[3,10],[5,10],[4,10]],[[6,7],[6,8]],[[6,9]],[[6,10]],[[7,8]],[[7,9],[8,9]],[[7,10],[8,10]],[[9,10]]]
12|false|[2]|[[[1,2]],[[1,3],[1,9]],[[1,4],[1,7],[1,5]],[[1,6]],[[1,8],[1,10]],[[2,3],[2,9]],[[2,4],[2,7],[2,5]],[[2,6]],[[2,8],[2,10]],[[3,4],[3,7],[3,5],[4,9],[5,9],[7,9]],[[3,6],[6,9]],[[3,8],[9,10]],[[3,9]],[[3,10],[8,9]],[[4,5],[4,7],[5,7]],[[4,6],[6,7],[5,6]],[[4,8],[7,8],[5,8],[4,10],[5,10],[7,10]],[[6,8],[6,10]],[[8,10]]]
12|false|[2]|[[[1,2]],[[1,3],[2,3]],[[1,4],[2,4],[1,5],[2,5]],[[1,6],[2,6]],[[1,7],[1,8],[1,9],[2,7],[2,9],[2,8]],[[1,10],[2,10]],[[3,4],[3,5]],[[3,6]],[[3,7],[3,8],[3,9]],[[3,10]],[[4,5]],[[4,6],[5,6]],[[4,7],[4,8],[4,9],[5,7],[5,9],[5,8]],[[4,10],[5,10]],[[6,7],[6,8],[6,9]],[[6,10]],[[7,8],[8,9],[7,9]],[[7,10],[8,10],[9,10]]]
12|false|[2]|[[[1,2],[1,9],[1,3]],[[1,4],[1,5]],[[1,6]],[[1,7],[1,8]],[[1,10]],[[2,3],[2,9],[3,9]],[[2,4],[4,9],[3,4],[2,5],[3,5],[5,9]],[[2,6],[6,9],[3,6]],[[2,7],[2,8],[7,9],[8,9],[3,7],[3,8]],[[2,10],[9,10],[3,10]],[[4,5]],[[4,6],[5,6]],[[4,7],[4,8],[5,7],[5,8]],[[4,10],[5,10]],[[6,7],[6,8]],[[6,10]],[[7,8]],[[7,10],[8,10]]]
12|false|[2]|[[[1,2],[2,10],[1,10],[3,4],[4,5],[3,5]],[[1,3],[2,5],[4,10]],[[1,4],[2,3],[5,10]],[[1,5],[2,4],[3,10]],[[1,6],[2,6],[6,10],[3,9],[4,9],[5,9],[1,7],[2,7],[7,10],[3,8],[4,8],[5,8]],[[1,8],[2,8],[8,10],[3,7],[4,7],[5,7],[1,9],[2,9],[9,10],[3,6],[4,6],[5,6]],[[6,7],[8,9]],[[6,8],[7,9]],[[6,9],[7,8]]]
12|false|[2]|[[[1,2],[1,7],[1,6],[2,3],[3,6],[3,7],[5,8],[4,5],[5,9],[8,10],[9,10],[4,10]],[[1,3],[5,10]],[[1,4],[1,9],[1,8],[3,4],[3,8],[3,9],[5,6],[2,5],[5,7],[6,10],[7,10],[2,10]],[[1,5],[3,10]],[[1,10],[3,5]],[[2,4],[7,9],[6,8]],[[2,6],[2,7],[6,7],[8,9],[4,8],[4,9]],[[2,8],[4,7],[6,9],[2,9],[4,6],[7,8]]]
12|false|[2]|[[[1,2],[2,3],[2,7],[1,6],[3,6],[6,7]],[[1,3],[3,7],[1,7]],[[1,4],[3,4],[4,7],[1,8],[3,8],[7,8]],[[1,5],[3,5],[5,7],[1,9],[3,9],[7,9]],[[1,10],[3,10],[7,10]],[[2,4],[6,8]],[[2,5],[6,9]],[[2,6]],[[2,8],[4,6]],[[2,9],[5,6]],[[2,10],[6,10]],[[4,5],[8,9]],[[4,8]],[[4,9],[5,8]],[[4,10],[8,10]],[[5,9]],[[5,10],[9,10]]]
12|false|[2]|[[[1,2],[1,4],[1,8],[2,7],[7,8],[4,7]],[[1,3],[6,7],[1,6],[3,7]],[[1,5],[7,10],[1,10],[5,7]],[[1,7]],[[1,9],[7,9]],[[2,3],[3,4],[3,8],[2,6],[6,8],[4,6]],[[2,4],[4,8],[2,8]],[[2,5],[4,5],[5,8],[2,10],[8,10],[4,10]],[[2,9],[4,9],[8,9]],[[3,5],[6,10]],[[3,6]],[[3,9],[6,9]],[[3,10],[5,6]],[[5,9],[9,10]],[[5,10]]]
12|false|[2]|[[[1,2]],[[1,3],[2,3],[1,4],[2,4]],[[1,5],[1,7],[1,6],[2,5],[2,6],[2,7]],[[1,8],[2,9],[1,9],[2,8]],[[1,10],[2,10]],[[3,4]],[[3,5],[3,7],[3,6],[4,5],[4,7],[4,6]],[[3,8],[3,9],[4,9],[4,8]],[[3,10],[4,10]],[[5,6],[5,7],[6,7]],[[5,8],[7,8],[6,8],[5,9],[6,9],[7,9]],[[5,10],[7,10],[6,10]],[[8,9]],[[8,10],[9,10]]]
12|false|[2]|[[[1,2],[1,8],[2,8]],[[1,3],[3,8],[2,3],[1,5],[2,5],[5,8]],[[1,4],[4,8],[2,4],[1,6],[2,6],[6,8]],[[1,7],[7,8],[2,7]],[[1,9],[8,9],[2,9],[1,10],[8,10],[2,10]],[[3,4],[5,6]],[[3,5]],[[3,6],[4,5]],[[3,7],[5,7]],[[3,9],[5,9],[3,10],[5,10]],[[4,6]],[[4,7],[6,7]],[[4,9],[6,9],[4,10],[6,10]],[[7,9],[7,10]],[[9,10]]]
12|false|[2]|[[[1,2]],[[1,3],[2,3],[1,4],[2,4]],[[1,5],[1,7],[1,6],[2,5],[2,6],[2,7]],[[1,8],[2,9]],[[1,9],[2,8]],[[1,10],[2,10]],[[3,4]],[[3,5],[3,7],[3,6],[4,5],[4,6],[4,7]],[[3,8],[3,9],[4,8],[4,9]],[[3,10],[4,10]],[[5,6],[5,7],[6,7]],[[5,8],[7,8],[6,8],[5,9],[6,9],[7,9]],[[5,10],[7,10],[6,10]],[[8,9]],[[8,10],[9,10]]]
12|false|[2]|[[[1,2],[2,5],[2,6],[1,3],[3,5],[3,6],[2,10],[2,7],[2,4],[3,10],[3,7],[3,4]],[[1,4],[5,7],[6,10]],[[1,5],[5,6],[1,6],[7,10],[4,7],[4,10]],[[1,7],[5,10],[4,6]],[[1,8],[5,8],[6,8],[1,9],[5,9],[6,9],[9,10],[7,9],[4,9],[8,10],[7,8],[4,8]],[[1,10],[4,5],[6,7]],[[2,3]],[[2,8],[3,9],[2,9],[3,8]],[[8,9]]]
12|false|[2]|[[[1,2],[6,7]],[[1,3],[1,9],[1,5],[1,4],[1,8],[1,10],[3,7],[7,9],[5,7],[4,7],[7,8],[7,10]],[[1,6],[2,7]],[[1,7]],[[2,3],[2,9],[2,5],[2,4],[2,8],[2,10],[3,6],[6,9],[5,6],[4,6],[6,8],[6,10]],[[2,6]],[[3,4],[9,10],[5,8]],[[3,5],[3,9],[5,9],[4,10],[4,8],[8,10]],[[3,8],[4,9],[5,10]],[[3,10],[8,9],[4,5]]]
12|false|[2]|[[[1,2],[1,3],[1,9],[4,10],[7,10],[5,10]],[[1,4],[1,5],[1,7],[2,10],[9,10],[3,10]],[[1,6],[1,8],[6,10],[8,10]],[[1,10]],[[2,3],[3,9],[2,9],[4,7],[5,7],[4,5]],[[2,4],[3,5],[7,9]],[[2,5],[3,7],[4,9]],[[2,6],[3,6],[6,9],[2,8],[3,8],[8,9],[4,6],[6,7],[5,6],[4,8],[7,8],[5,8]],[[2,7],[3,4],[5,9]],[[6,8]]]
12|false|[2]|[[[1,2],[1,7],[1,6],[5,8],[4,5],[5,9]],[[1,3],[5,10]],[[1,4],[1,9],[1,8],[5,6],[2,5],[5,7]],[[1,5]],[[1,10],[3,5]],[[2,3],[3,7],[3,6],[8,10],[4,10],[9,10]],[[2,4],[7,9],[6,8]],[[2,6],[2,7],[6,7],[8,9],[4,8],[4,9]],[[2,8],[4,7],[6,9],[2,9],[4,6],[7,8]],[[2,10],[7,10],[6,10],[3,8],[3,4],[3,9]],[[3,10]]]
12|false|[2]|[[[1,2],[4,10]],[[1,3],[1,7],[1,6],[1,8],[1,5],[1,9],[3,10],[6,10],[7,10],[9,10],[5,10],[8,10]],[[1,4],[2,10]],[[1,10]],[[2,3],[2,7],[2,6],[2,8],[2,5],[2,9],[3,4],[4,6],[4,7],[4,9],[4,5],[4,8]],[[2,4]],[[3,5],[7,9],[6,8]],[[3,6],[3,7],[6,7],[8,9],[5,8],[5,9]],[[3,8],[5,7],[6,9],[7,8],[5,6],[3,9]]]
12|false|[2]|[[[1,2],[6,8]],[[1,3],[1,5],[1,7],[1,9],[1,10],[1,4],[3,8],[7,8],[5,8],[4,8],[8,10],[8,9]],[[1,6],[2,8]],[[1,8]],[[2,3],[2,5],[2,7],[2,9],[2,10],[2,4],[3,6],[6,7],[5,6],[4,6],[6,10],[6,9]],[[2,6]],[[3,4],[5,10],[7,9],[3,9],[7,10],[4,5]],[[3,5],[5,7],[3,7],[9,10],[4,10],[4,9]],[[3,10],[5,9],[4,7]]]
12|false|[2]|[[[1,2],[1,7],[1,3],[5,8],[4,5],[5,6],[2,5],[3,5],[5,7],[1,4],[1,8],[1,6]],[[1,5]],[[1,9],[5,9],[5,10],[1,10]],[[2,3],[2,7],[3,7],[6,8],[4,8],[4,6]],[[2,4],[7,8],[3,6],[2,8],[3,4],[6,7]],[[2,6],[4,7],[3,8]],[[2,9],[7,9],[3,9],[8,9],[4,9],[6,9],[2,10],[3,10],[7,10],[4,10],[8,10],[6,10]],[[9,10]]]
12|false|[2]|[[[1,2],[2,10],[2,5],[6,9],[6,8],[3,6]],[[1,3],[9,10],[5,8],[1,9],[3,5],[8,10]],[[1,4],[4,10],[4,5],[1,7],[5,7],[7,10],[4,9],[4,8],[3,4],[7,9],[3,7],[7,8]],[[1,5],[1,10],[5,10],[3,9],[8,9],[3,8]],[[1,6],[6,10],[5,6],[2,9],[2,8],[2,3]],[[1,8],[3,10],[5,9]],[[2,4],[2,7],[4,6],[6,7]],[[2,6]],[[4,7]]]
12|false|[2]|[[[1,2],[4,10],[1,4],[2,10]],[[1,3],[1,7],[1,6],[8,10],[5,10],[9,10]],[[1,5],[1,9],[1,8],[6,10],[3,10],[7,10]],[[1,10]],[[2,3],[2,7],[2,6],[4,8],[4,5],[4,9],[3,4],[4,6],[4,7],[2,9],[2,5],[2,8]],[[2,4]],[[3,5],[7,9],[6,8]],[[3,6],[3,7],[6,7],[8,9],[5,8],[5,9]],[[3,8],[5,7],[6,9],[7,8],[5,6],[3,9]]]
12|false|[2]|[[[1,2],[3,9]],[[1,3],[2,9]],[[1,4],[4,9],[2,4],[3,4]],[[1,5],[5,9],[2,5],[3,5]],[[1,6],[1,7],[1,8],[6,9],[8,9],[7,9],[2,6],[2,7],[2,8],[3,6],[3,8],[3,7]],[[1,9],[2,3]],[[1,10],[9,10],[2,10],[3,10]],[[4,5]],[[4,6],[4,7],[4,8]],[[4,10]],[[5,6],[5,7],[5,8]],[[5,10]],[[6,7],[7,8],[6,8]],[[6,10],[7,10],[8,10]]]
12|false|[2]|[[[1,2],[8,9],[6,7],[1,9],[6,8],[2,7]],[[1,3],[3,8],[3,7],[3,9],[3,6],[2,3]],[[1,4],[4,8],[4,7],[4,9],[4,6],[2,4]],[[1,5],[5,8],[5,7],[5,9],[5,6],[2,5]],[[1,6],[2,8],[7,9]],[[1,7],[1,8],[7,8],[2,9],[6,9],[2,6]],[[1,10],[8,10],[7,10],[9,10],[6,10],[2,10]],[[3,4]],[[3,5]],[[3,10]],[[4,5]],[[4,10]],[[5,10]]]
12|false|[2]|[[[1,2],[2,10],[2,7],[2,5],[2,3],[2,9]],[[1,3],[5,10],[7,9]],[[1,4],[4,10],[4,7],[5,8],[3,8],[8,9],[1,8],[8,10],[7,8],[4,5],[3,4],[4,9]],[[1,5],[9,10],[3,7]],[[1,6],[6,10],[6,7],[5,6],[3,6],[6,9]],[[1,7],[1,10],[7,10],[5,9],[3,5],[3,9]],[[1,9],[3,10],[5,7]],[[2,4],[2,8]],[[2,6]],[[4,6],[6,8]],[[4,8]]]
12|false|[2]|[[[1,2],[2,4],[1,4],[6,7],[6,8],[7,8]],[[1,3],[2,3],[3,4],[3,7],[3,6],[3,8]],[[1,5],[2,5],[4,5],[7,9],[6,9],[8,9]],[[1,6],[2,7],[4,8],[1,8],[4,7],[2,6]],[[1,7],[2,8],[4,6]],[[1,9],[2,9],[4,9],[5,7],[5,6],[5,8]],[[1,10],[2,10],[4,10],[7,10],[6,10],[8,10]],[[3,5],[3,9]],[[3,10]],[[5,9]],[[5,10],[9,10]]]
12|false|[2]|[[[1,2],[2,6],[2,7],[2,9],[2,5],[2,8]],[[1,3],[3,6],[3,7],[3,9],[3,5],[3,8],[1,4],[4,7],[4,6],[4,8],[4,5],[4,9]],[[1,5],[6,9],[7,8]],[[1,6],[6,7],[1,7],[5,9],[5,8],[8,9]],[[1,8],[5,6],[7,9],[1,9],[5,7],[6,8]],[[1,10],[6,10],[7,10],[9,10],[5,10],[8,10]],[[2,3],[2,4]],[[2,10]],[[3,4]],[[3,10],[4,10]]]
12|false|[2]|[[[1,2],[2,7],[2,6],[2,9],[2,8],[2,5]],[[1,3],[3,7],[3,6],[1,4],[4,6],[4,7],[4,9],[4,8],[4,5],[3,9],[3,5],[3,8]],[[1,5],[7,8],[6,9]],[[1,6],[1,7],[6,7],[5,9],[8,9],[5,8]],[[1,8],[7,9],[5,6],[1,9],[6,8],[5,7]],[[1,10],[7,10],[6,10],[9,10],[8,10],[5,10]],[[2,3],[2,4]],[[2,10]],[[3,4]],[[3,10],[4,10]]]
12|false|[2]|[[[1,2],[2,4],[2,8],[1,5],[5,8],[4,5],[1,6],[6,8],[4,6],[1,10],[4,10],[8,10]],[[1,3],[3,4],[3,8],[1,7],[7,8],[4,7]],[[1,4],[4,8],[1,8]],[[1,9],[4,9],[8,9]],[[2,3],[5,7],[6,7],[3,10]],[[2,5],[6,10]],[[2,6],[5,10]],[[2,7],[3,5],[3,6],[7,10]],[[2,9],[5,9],[6,9],[9,10]],[[2,10],[5,6]],[[3,7]],[[3,9],[7,9]]]
12|false|[2]|[[[1,2],[6,7]],[[1,3],[1,5],[1,9],[3,7],[7,9],[5,7],[3,6],[5,6],[6,9],[2,3],[2,9],[2,5]],[[1,4],[7,8],[6,8],[2,4]],[[1,6],[2,7]],[[1,7],[2,6]],[[1,8],[4,7],[4,6],[2,8]],[[1,10],[7,10],[6,10],[2,10]],[[3,4],[4,5],[4,9],[3,8],[8,9],[5,8]],[[3,5],[5,9],[3,9]],[[3,10],[5,10],[9,10]],[[4,8]],[[4,10],[8,10]]]
12|false|[2]|[[[1,2],[1,4],[2,4]],[[1,3],[4,10],[2,5],[1,5],[2,10],[3,4]],[[1,6],[4,6],[2,6],[1,9],[2,9],[4,9],[1,7],[4,7],[2,7],[1,8],[2,8],[4,8]],[[1,10],[4,5],[2,3]],[[3,5],[3,10],[5,10]],[[3,6],[6,10],[5,6],[5,9],[9,10],[3,9],[3,7],[7,10],[5,7],[5,8],[8,10],[3,8]],[[6,7],[8,9]],[[6,8],[7,9]],[[6,9],[7,8]]]
12|false|[2]|[[[1,2],[1,4],[2,4]],[[1,3],[4,10],[2,5],[1,5],[2,10],[3,4]],[[1,6],[4,6],[2,6],[1,7],[4,7],[2,7]],[[1,8],[4,8],[2,8],[1,9],[4,9],[2,9]],[[1,10],[4,5],[2,3]],[[3,5],[3,10],[5,10]],[[3,6],[6,10],[5,6],[3,7],[7,10],[5,7]],[[3,8],[8,10],[5,8],[3,9],[9,10],[5,9]],[[6,7]],[[6,8],[7,9]],[[6,9],[7,8]],[[8,9]]]
12|false|[2]|[[[1,2],[2,8],[2,4],[1,6],[4,6],[6,8]],[[1,3],[3,8],[3,4],[1,10],[4,10],[8,10]],[[1,4],[1,8],[4,8]],[[1,5],[7,8],[4,9],[1,9],[4,7],[5,8]],[[1,7],[8,9],[4,5]],[[2,3],[2,10],[3,6],[6,10]],[[2,5],[2,7],[2,9],[6,9],[6,7],[5,6]],[[2,6]],[[3,5],[3,7],[3,9],[9,10],[7,10],[5,10]],[[3,10]],[[5,7],[7,9],[5,9]]]
12|false|[2]|[[[1,2],[1,3],[1,9],[2,10],[9,10],[3,10]],[[1,4],[1,5],[1,7],[4,10],[7,10],[5,10]],[[1,6],[1,8],[6,10],[8,10]],[[1,10]],[[2,3],[3,9],[2,9]],[[2,4],[3,5],[7,9]],[[2,5],[3,7],[4,9],[2,7],[5,9],[3,4]],[[2,6],[3,6],[6,9],[2,8],[3,8],[8,9]],[[4,5],[5,7],[4,7]],[[4,6],[5,6],[6,7],[4,8],[5,8],[7,8]],[[6,8]]]
12|false|[2]|[[[1,2],[1,6]],[[1,3],[1,9],[1,5]],[[1,4],[1,7],[1,8]],[[1,10]],[[2,3],[2,9],[2,5],[3,6],[6,9],[5,6]],[[2,4],[2,7],[2,8],[4,6],[6,7],[6,8]],[[2,6]],[[2,10],[6,10]],[[3,4],[7,9],[5,8]],[[3,5],[3,9],[5,9]],[[3,7],[8,9],[4,5],[3,8],[5,7],[4,9]],[[3,10],[9,10],[5,10]],[[4,7],[7,8],[4,8]],[[4,10],[7,10],[8,10]]]
12|false|[2]|[[[1,2],[1,5],[2,5]],[[1,3],[5,9],[2,8],[1,9],[2,3],[5,8],[1,4],[5,6],[2,7],[1,6],[2,4],[5,7]],[[1,7],[4,5],[2,6],[1,8],[3,5],[2,9]],[[1,10],[5,10],[2,10]],[[3,4],[6,9],[7,8]],[[3,6],[7,9],[4,8],[4,9],[3,7],[6,8]],[[3,8],[3,9],[8,9],[4,7],[4,6],[6,7]],[[3,10],[9,10],[8,10],[4,10],[6,10],[7,10]]]
12|false|exact|[[[1,2],[1,4],[2,4]],[[1,3],[4,10],[2,5]],[[1,5],[3,4],[2,10]],[[1,6],[1,9],[4,6],[4,9],[2,6],[2,9],[2,7],[2,8],[1,7],[1,8],[4,7],[4,8]],[[1,10],[4,5],[2,3]],[[3,5],[3,10],[5,10]],[[3,6],[3,9],[6,10],[9,10],[5,6],[5,9],[5,7],[5,8],[3,7],[3,8],[7,10],[8,10]],[[6,7],[8,9]],[[6,8],[7,9]],[[6,9],[7,8]]]
12|false|exact|[[[1,2],[8,9]],[[1,3],[3,8],[1,5],[5,8],[1,4],[4,8],[2,3],[3,9],[2,5],[5,9],[2,4],[4,9]],[[1,6],[6,8],[2,6],[6,9]],[[1,7],[7,8],[2,7],[7,9]],[[1,8],[2,9]],[[1,9],[2,8]],[[1,10],[8,10],[2,10],[9,10]],[[3,4],[3,5],[4,5]],[[3,6],[5,6],[4,6]],[[3,7],[5,7],[4,7]],[[3,10],[5,10],[4,10]],[[6,7]],[[6,10]],[[7,10]]]
12|false|exact|[[[1,2],[1,6],[6,7],[2,7],[2,10],[6,10]],[[1,3],[1,9],[3,7],[7,9],[3,10],[9,10]],[[1,4],[4,7],[4,10]],[[1,5],[5,7],[5,10]],[[1,7],[7,10],[1,10]],[[1,8],[7,8],[8,10]],[[2,3],[2,9],[3,6],[6,9]],[[2,4],[4,6]],[[2,5],[5,6]],[[2,6]],[[2,8],[6,8]],[[3,4],[4,9]],[[3,5],[5,9]],[[3,8],[8,9]],[[3,9]],[[4,5]],[[4,8]],[[5,8]]]
12|false|exact|[[[1,2],[1,10],[1,4]],[[1,3],[1,5]],[[1,6],[1,8]],[[1,7],[1,9]],[[2,3],[3,10],[3,4],[2,5],[5,10],[4,5]],[[2,4],[2,10],[4,10]],[[2,6],[2,8],[8,10],[6,10],[4,6],[4,8]],[[2,7],[2,9],[9,10],[7,10],[4,7],[4,9]],[[3,5]],[[3,6],[3,8],[5,6],[5,8]],[[3,7],[3,9],[5,9],[5,7]],[[6,7],[8,9],[6,9],[7,8]],[[6,8]],[[7,9]]]
12|false|exact|[[[1,2],[6,7],[1,6],[2,7]],[[1,3],[1,5],[1,9],[7,9],[3,7],[5,7]],[[1,4],[7,8],[1,8],[4,7]],[[1,7]],[[1,10],[7,10]],[[2,3],[2,5],[2,9],[6,9],[3,6],[5,6]],[[2,4],[6,8]],[[2,6]],[[2,8],[4,6]],[[2,10],[6,10]],[[3,4],[4,5],[4,9],[8,9],[3,8],[5,8]],[[3,5],[5,9],[3,9]],[[3,10],[5,10],[9,10]],[[4,8]],[[4,10],[8,10]]]
12|false|exact|[[[1,2],[1,6],[4,6],[2,4],[2,10],[6,10]],[[1,3],[4,5],[9,10]],[[1,4],[4,10],[1,10]],[[1,5],[4,9],[3,10]],[[1,7],[1,8],[4,8],[4,7],[7,10],[8,10]],[[1,9],[3,4],[5,10]],[[2,3],[3,6],[5,6],[2,5],[2,9],[6,9]],[[2,6]],[[2,7],[6,8],[2,8],[6,7]],[[3,5],[5,9],[3,9]],[[3,7],[3,8],[5,8],[5,7],[7,9],[8,9]],[[7,8]]]
12|false|exact|[[[1,2],[6,7]],[[1,3],[1,5],[1,9],[7,9],[3,7],[5,7],[6,9],[3,6],[5,6],[2,5],[2,9],[2,3]],[[1,4],[7,8],[6,8],[2,4]],[[1,6],[2,7]],[[1,7],[2,6]],[[1,8],[4,7],[4,6],[2,8]],[[1,10],[7,10],[6,10],[2,10]],[[3,4],[4,5],[4,9],[8,9],[3,8],[5,8]],[[3,5],[5,9],[3,9]],[[3,10],[5,10],[9,10]],[[4,8]],[[4,10],[8,10]]]
12|false|exact|[[[1,2],[1,8],[2,8],[4,6],[4,10],[6,10]],[[1,3],[3,8],[2,3],[4,7],[7,10],[6,7],[1,9],[8,9],[2,9],[4,5],[5,10],[5,6]],[[1,4],[8,10],[2,6],[4,8],[2,10],[1,6]],[[1,5],[5,8],[2,5],[4,9],[9,10],[6,9],[1,7],[7,8],[2,7],[3,4],[3,10],[3,6]],[[1,10],[6,8],[2,4]],[[3,5],[7,9]],[[3,7],[5,9]],[[3,9],[5,7]]]
12|false|exact|[[[1,2],[3,10],[2,7],[3,6],[1,7],[6,10]],[[1,3],[2,10],[2,6],[3,7],[7,10],[1,6]],[[1,4],[4,10],[1,5],[5,10],[2,5],[3,5],[2,4],[3,4],[4,7],[4,6],[5,7],[5,6]],[[1,8],[9,10],[1,9],[8,10],[2,9],[3,8],[2,8],[3,9],[7,8],[6,9],[7,9],[6,8]],[[1,10],[2,3],[6,7]],[[4,5]],[[4,8],[4,9],[5,9],[5,8]],[[8,9]]]
12|false|exact|[[[1,2],[1,8],[2,8],[4,6],[4,10],[6,10]],[[1,3],[3,8],[2,3],[4,9],[9,10],[6,9],[1,9],[8,9],[2,9],[3,4],[3,10],[3,6]],[[1,4],[8,10],[2,6],[4,8],[2,10],[1,6]],[[1,5],[5,8],[2,5],[4,7],[7,10],[6,7],[1,7],[7,8],[2,7],[4,5],[5,10],[5,6]],[[1,10],[6,8],[2,4]],[[3,5],[7,9]],[[3,7],[5,9]],[[3,9]],[[5,7]]]
12|false|exact|[[[1,2],[2,8],[2,7],[6,10],[5,6],[4,6]],[[1,3],[3,8],[3,7],[3,10],[3,5],[3,4],[1,9],[8,9],[7,9],[9,10],[5,9],[4,9]],[[1,4],[8,10],[5,7],[1,10],[5,8],[4,7]],[[1,5],[4,8],[7,10]],[[1,6],[6,8],[6,7],[2,10],[2,5],[2,4]],[[1,7],[1,8],[7,8],[4,10],[5,10],[4,5]],[[2,3],[3,6],[2,9],[6,9]],[[2,6]],[[3,9]]]
12|false|exact|[[[1,2],[2,6],[2,4],[2,7],[2,5],[2,3]],[[1,3],[6,7],[4,5],[1,7],[5,6],[3,4]],[[1,4],[1,6],[4,6],[3,7],[5,7],[3,5]],[[1,5],[3,6],[4,7]],[[1,8],[6,8],[4,8],[7,9],[5,9],[3,9],[1,9],[6,9],[4,9],[7,8],[5,8],[3,8]],[[1,10],[6,10],[4,10],[7,10],[5,10],[3,10]],[[2,8],[2,9]],[[2,10]],[[8,9]],[[8,10],[9,10]]]
12|false|exact|[[[1,2],[2,8],[2,6]],[[1,3],[1,7],[1,5],[1,9],[8,9],[5,8],[3,8],[7,8],[6,7],[3,6],[6,9],[5,6]],[[1,4],[4,8],[4,6]],[[1,6],[1,8],[6,8]],[[1,10],[8,10],[6,10]],[[2,3],[2,7],[2,5],[2,9]],[[2,4]],[[2,10]],[[3,4],[4,7],[4,5],[4,9]],[[3,5],[7,9],[5,7],[3,9]],[[3,7],[5,9]],[[3,10],[7,10],[5,10],[9,10]],[[4,10]]]
12|false|exact|[[[1,2],[1,4],[1,9],[1,7],[5,7],[5,9],[2,5],[4,5],[4,6],[2,6],[6,7],[6,9]],[[1,3],[5,8],[6,10]],[[1,5],[5,6],[1,6]],[[1,8],[5,10],[3,6]],[[1,10],[3,5],[6,8]],[[2,3],[3,4],[3,9],[3,7],[7,8],[8,9],[2,8],[4,8],[4,10],[2,10],[7,10],[9,10]],[[2,4],[7,9]],[[2,7],[4,9],[2,9],[4,7]],[[3,8],[8,10],[3,10]]]
12|false|exact|[[[1,2],[1,5],[1,7],[6,7],[2,6],[5,6],[4,5],[4,7],[2,4],[2,8],[5,8],[7,8]],[[1,3],[3,6],[4,9],[8,9]],[[1,4],[6,8],[4,6],[1,8]],[[1,6],[4,8]],[[1,9],[6,9],[3,4],[3,8]],[[1,10],[6,10],[4,10],[8,10]],[[2,3],[3,5],[3,7],[5,9],[7,9],[2,9]],[[2,5],[5,7],[2,7]],[[2,10],[5,10],[7,10]],[[3,9]],[[3,10],[9,10]]]
12|false|exact|[[[1,2],[1,6],[5,6],[2,5],[2,7],[6,7],[8,9],[3,8],[3,10],[9,10],[4,9],[3,4]],[[1,3],[1,9],[5,9],[3,5],[3,7],[7,9],[2,8],[6,8],[6,10],[2,10],[2,4],[4,6]],[[1,4],[5,8],[7,10],[1,8],[5,10],[4,7]],[[1,5],[5,7],[1,7],[8,10],[4,10],[4,8]],[[1,10],[4,5],[7,8]],[[2,3],[6,9],[2,9],[3,6]],[[2,6],[3,9]]]
12|false|exact|[[[1,2],[2,5],[1,5]],[[1,3],[2,3],[3,5]],[[1,4],[2,4],[4,5]],[[1,6],[1,9],[2,6],[2,9],[5,6],[5,9],[2,7],[2,8],[1,7],[1,8],[5,7],[5,8]],[[1,10],[2,10],[5,10]],[[3,4]],[[3,6],[3,9],[3,7],[3,8]],[[3,10]],[[4,6],[4,9],[4,7],[4,8]],[[4,10]],[[6,7],[8,9],[7,9],[6,8]],[[6,9],[7,8]],[[6,10],[9,10],[7,10],[8,10]]]
12|false|exact|[[[1,2],[1,4],[2,4],[3,5],[5,10],[3,10]],[[1,3],[4,10],[2,5]],[[1,5],[3,4],[2,10]],[[1,6],[1,7],[4,6],[4,7],[2,6],[2,7],[5,8],[5,9],[8,10],[9,10],[3,8],[3,9]],[[1,8],[1,9],[4,8],[4,9],[2,8],[2,9],[5,7],[5,6],[7,10],[6,10],[3,7],[3,6]],[[1,10],[4,5],[2,3]],[[6,7],[8,9]],[[6,8],[7,9],[7,8],[6,9]]]
12|false|exact|[[[1,2],[1,3],[2,3]],[[1,4],[3,10],[2,5],[3,4],[1,5],[2,10]],[[1,6],[1,8],[3,6],[3,8],[2,6],[2,8],[3,9],[3,7],[1,9],[1,7],[2,9],[2,7]],[[1,10],[3,5],[2,4]],[[4,5],[4,10],[5,10]],[[4,6],[4,8],[6,10],[8,10],[5,6],[5,8],[4,9],[4,7],[5,9],[5,7],[9,10],[7,10]],[[6,7],[8,9],[6,9],[7,8]],[[6,8],[7,9]]]
12|false|exact|[[[1,2],[2,6],[1,6]],[[1,3],[1,4],[2,3],[2,4],[3,6],[4,6],[1,8],[1,7],[6,8],[6,7],[2,8],[2,7]],[[1,5],[2,5],[5,6],[1,9],[6,9],[2,9]],[[1,10],[2,10],[6,10]],[[3,4],[7,8]],[[3,5],[4,5],[8,9],[7,9]],[[3,7],[4,8],[3,8],[4,7]],[[3,9],[4,9],[5,8],[5,7]],[[3,10],[4,10],[8,10],[7,10]],[[5,9]],[[5,10],[9,10]]]
14|false|exact|[[[1,2],[7,8],[3,9],[1,6],[2,7],[3,8],[6,9]],[[1,3],[6,7],[2,3],[6,8],[2,9],[1,8],[7,9]],[[1,4],[4,7],[3,4],[4,6],[2,4],[4,8],[4,9]],[[1,5],[5,7],[3,5],[5,6],[2,5],[5,8],[5,9]],[[1,7],[3,7],[3,6],[2,6],[2,8],[8,9],[1,9]],[[1,10],[7,10],[3,10],[6,10],[2,10],[8,10],[9,10]],[[4,5]],[[4,10]],[[5,10]]]
14|false|exact|[[[1,2],[5,6],[3,10],[2,7],[1,5],[3,6],[7,10]],[[1,3],[6,7],[1,10],[2,6],[5,10],[2,3],[5,7]],[[1,4],[4,6],[4,10],[2,4],[4,5],[3,4],[4,7],[1,8],[7,8],[3,8],[5,8],[2,8],[8,10],[6,8]],[[1,6],[6,10],[2,10],[2,5],[3,5],[3,7],[1,7]],[[1,9],[6,9],[9,10],[2,9],[5,9],[3,9],[7,9]],[[4,8]],[[4,9],[8,9]]]
14|false|exact|[[[1,2],[1,3],[3,4],[2,4],[2,5],[3,5],[3,6],[2,6],[2,7],[3,7],[3,8],[2,8],[2,9],[3,9]],[[1,4],[4,5],[5,6],[6,7],[7,8],[8,9],[1,9]],[[1,5],[4,6],[5,7],[6,8],[7,9],[1,8],[4,9]],[[1,6],[4,7],[5,8],[6,9],[1,7],[4,8],[5,9]],[[1,10],[4,10],[5,10],[6,10],[7,10],[8,10],[9,10]],[[2,3]],[[2,10],[3,10]]]
15|false|exact|[[[1,2],[2,8],[2,4],[2,9],[2,5]],[[1,3],[3,8],[3,4],[3,9],[3,5],[1,7],[7,8],[4,7],[7,9],[5,7],[1,10],[8,10],[4,10],[9,10],[5,10]],[[1,4],[8,9],[4,5],[1,9],[5,8]],[[1,5],[1,8],[4,8],[4,9],[5,9]],[[1,6],[6,8],[4,6],[6,9],[5,6]],[[2,3],[2,7],[2,10]],[[2,6]],[[3,6],[6,7],[6,10]],[[3,7],[7,10],[3,10]]]
16|false|exact|[[[1,2]],[[1,3],[2,3],[1,8],[2,8]],[[1,4],[2,4],[1,5],[2,5]],[[1,6],[2,7],[1,7],[2,6]],[[1,9],[2,9],[1,10],[2,10]],[[3,4],[3,5],[4,8],[5,8]],[[3,6],[3,7],[6,8],[7,8]],[[3,8]],[[3,9],[3,10],[8,10],[8,9]],[[4,5]],[[4,6],[4,7],[5,6],[5,7]],[[4,9],[4,10],[5,10],[5,9]],[[6,7]],[[6,9],[7,9],[7,10],[6,10]],[[9,10]]]
16|false|exact|[[[1,2],[4,10],[1,4],[2,10]],[[1,3],[3,10],[1,5],[5,10]],[[1,6],[6,10],[1,8],[8,10]],[[1,7],[9,10],[1,9],[7,10]],[[1,10]],[[2,3],[3,4],[4,5],[2,5]],[[2,4]],[[2,6],[4,6],[2,8],[4,8]],[[2,7],[4,9],[4,7],[2,9]],[[3,5]],[[3,6],[5,6],[5,8],[3,8]],[[3,7],[3,9],[5,7],[5,9]],[[6,7],[6,9],[7,8],[8,9]],[[6,8]],[[7,9]]]
16|false|exact|[[[1,2],[4,10],[1,4],[2,10]],[[1,3],[3,10],[1,5],[5,10]],[[1,6],[6,10],[1,8],[8,10]],[[1,7],[9,10],[1,9],[7,10]],[[1,10]],[[2,3],[3,4],[4,5],[2,5]],[[2,4]],[[2,6],[4,6],[2,8],[4,8]],[[2,7],[4,9],[4,7],[2,9]],[[3,5]],[[3,6],[5,6],[3,8],[5,8]],[[3,7],[3,9],[5,7],[5,9]],[[6,7],[6,9],[7,8],[8,9]],[[6,8]],[[7,9]]]
16|false|exact|[[[1,2],[4,10]],[[1,3],[5,10],[1,5],[3,10]],[[1,4],[2,10]],[[1,6],[6,10],[1,8],[8,10]],[[1,7],[9,10],[1,9],[7,10]],[[1,10]],[[2,3],[4,5],[2,5],[3,4]],[[2,4]],[[2,6],[4,6],[2,8],[4,8]],[[2,7],[4,9],[2,9],[4,7]],[[3,5]],[[3,6],[5,6],[3,8],[5,8]],[[3,7],[5,9],[3,9],[5,7]],[[6,7],[6,9],[7,8],[8,9]],[[6,8]],[[7,9]]]
16|false|exact|[[[1,2],[4,10],[3,6],[5,8]],[[1,3],[4,8],[5,10],[2,6]],[[1,4],[2,10],[3,8],[5,6]],[[1,5],[4,6],[3,10],[2,8]],[[1,6],[4,5],[8,10],[2,3]],[[1,7],[4,9],[9,10],[2,7],[1,9],[4,7],[7,10],[2,9],[3,9],[7,8],[5,7],[6,9],[3,7],[8,9],[5,9],[6,7]],[[1,8],[3,4],[6,10],[2,5]],[[1,10],[2,4],[3,5],[6,8]],[[7,9]]]
16|false|exact|[[[1,2],[2,7],[1,3],[3,7],[1,4],[4,7],[1,5],[5,7],[2,9],[2,8],[3,9],[3,8],[4,9],[4,8],[5,9],[5,8]],[[1,6],[6,7],[6,9],[6,8]],[[1,7],[8,9]],[[1,8],[7,9]],[[1,9],[7,8]],[[1,10],[7,10],[9,10],[8,10]],[[2,3],[4,5]],[[2,4],[3,5]],[[2,5],[3,4]],[[2,6],[3,6],[4,6],[5,6]],[[2,10],[3,10],[4,10],[5,10]],[[6,10]]]
16|false|exact|[[[1,2],[3,10],[1,3],[2,10]],[[1,4],[4,10],[1,5],[5,10]],[[1,6],[7,10],[1,9],[8,10],[1,7],[6,10],[1,8],[9,10]],[[1,10]],[[2,3]],[[2,4],[3,4],[3,5],[2,5]],[[2,6],[3,7],[2,9],[3,8],[3,6],[2,7],[3,9],[2,8]],[[4,5]],[[4,6],[4,7],[4,9],[4,8],[5,6],[5,7],[5,9],[5,8]],[[6,7],[8,9]],[[6,8],[7,9]],[[6,9],[7,8]]]
16|false|exact|[[[1,2],[1,4],[2,10],[4,10]],[[1,3],[1,5],[5,10],[3,10]],[[1,6],[1,7],[6,10],[7,10],[8,10],[9,10],[1,8],[1,9]],[[1,10]],[[2,3],[4,5],[2,5],[3,4]],[[2,4]],[[2,6],[4,7],[2,7],[4,6],[2,8],[4,9],[2,9],[4,8]],[[3,5]],[[3,6],[5,7],[3,7],[5,6],[3,8],[5,9],[3,9],[5,8]],[[6,7],[8,9]],[[6,8],[7,9]],[[6,9],[7,8]]]
16|false|exact|[[[1,2],[4,10]],[[1,3],[2,5],[5,10],[3,4],[1,5],[2,3],[3,10],[4,5]],[[1,4],[2,10]],[[1,6],[2,8],[8,10],[4,6],[1,8],[2,6],[6,10],[4,8]],[[1,7],[2,7],[9,10],[4,9],[1,9],[2,9],[7,10],[4,7]],[[1,10],[2,4]],[[3,5]],[[3,6],[5,8]],[[3,7],[5,7],[5,9],[3,9]],[[3,8],[5,6]],[[6,7],[7,8],[8,9],[6,9]],[[6,8]],[[7,9]]]
16|false|exact|[[[1,2],[1,3],[4,10],[5,10]],[[1,4],[1,5],[2,10],[3,10]],[[1,6],[1,8],[8,10],[6,10]],[[1,7],[1,9],[9,10],[7,10]],[[1,10]],[[2,3],[4,5]],[[2,4],[3,5]],[[2,5],[3,4]],[[2,6],[3,8],[4,8],[5,6],[2,8],[3,6],[4,6],[5,8]],[[2,7],[3,9],[4,9],[5,7],[2,9],[3,7],[4,7],[5,9]],[[6,7],[8,9],[7,8],[6,9]],[[6,8]],[[7,9]]]
16|false|exact|[[[1,2],[4,10]],[[1,3],[3,10],[1,5],[5,10],[4,5],[2,5],[3,4],[2,3]],[[1,4],[2,10]],[[1,6],[6,10],[1,8],[8,10],[4,6],[2,6],[4,8],[2,8]],[[1,7],[9,10],[4,7],[2,9],[1,9],[7,10],[4,9],[2,7]],[[1,10],[2,4]],[[3,5]],[[3,6],[5,8],[5,6],[3,8]],[[3,7],[3,9],[5,7],[5,9]],[[6,7],[6,9],[7,8],[8,9]],[[6,8]],[[7,9]]]
16|false|exact|[[[1,2],[2,9],[1,5],[5,9]],[[1,3],[3,9],[1,4],[4,9]],[[1,6],[6,9]],[[1,7],[1,8],[7,9],[8,9]],[[1,9]],[[1,10],[9,10]],[[2,3],[3,5],[2,4],[4,5]],[[2,5]],[[2,6],[5,6]],[[2,7],[2,8],[5,7],[5,8]],[[2,10],[5,10]],[[3,4]],[[3,6],[4,6]],[[3,7],[3,8],[4,7],[4,8]],[[3,10],[4,10]],[[6,7],[6,8]],[[6,10]],[[7,8]],[[7,10],[8,10]]]
16|false|exact|[[[1,2],[3,9]],[[1,3],[2,9]],[[1,4],[3,4],[2,4],[4,9],[1,5],[3,5],[2,5],[5,9]],[[1,6],[3,6],[2,6],[6,9]],[[1,7],[1,8],[3,7],[3,8],[2,7],[2,8],[7,9],[8,9]],[[1,9],[2,3]],[[1,10],[3,10],[2,10],[9,10]],[[4,5]],[[4,6],[5,6]],[[4,7],[4,8],[5,7],[5,8]],[[4,10],[5,10]],[[6,7],[6,8]],[[6,10]],[[7,8]],[[7,10],[8,10]]]
16|false|exact|[[[1,2],[1,4],[3,10],[5,10]],[[1,3],[1,5],[2,10],[4,10]],[[1,6],[1,7],[6,10],[7,10],[1,9],[1,8],[9,10],[8,10]],[[1,10]],[[2,3],[4,5]],[[2,4],[3,5]],[[2,5],[3,4]],[[2,6],[4,7],[2,7],[4,6],[3,6],[5,7],[3,7],[5,6],[2,9],[4,8],[2,8],[4,9],[3,9],[5,8],[3,8],[5,9]],[[6,7],[8,9]],[[6,8],[7,9]],[[6,9],[7,8]]]
16|false|exact|[[[1,2],[4,10]],[[1,3],[5,10],[3,4],[2,5],[1,5],[3,10],[4,5],[2,3]],[[1,4],[2,10]],[[1,6],[9,10],[1,7],[8,10],[4,8],[2,7],[4,9],[2,6],[1,9],[6,10],[1,8],[7,10],[4,7],[2,8],[4,6],[2,9]],[[1,10],[2,4]],[[3,5]],[[3,6],[5,9],[3,7],[5,8],[3,8],[5,7],[3,9],[5,6]],[[6,7],[8,9]],[[6,8],[7,9]],[[6,9],[7,8]]]
16|false|exact|[[[1,2],[4,10]],[[1,3],[3,10],[1,5],[5,10],[4,6],[2,6],[4,8],[2,8]],[[1,4],[2,10]],[[1,6],[6,10],[1,8],[8,10],[3,4],[2,3],[4,5],[2,5]],[[1,7],[9,10],[4,7],[2,9],[1,9],[7,10],[4,9],[2,7]],[[1,10],[2,4]],[[3,5],[6,8]],[[3,6],[5,8]],[[3,7],[3,9],[5,7],[5,9],[6,7],[6,9],[7,8],[8,9]],[[3,8],[5,6]],[[7,9]]]
16|false|exact|[[[1,2],[4,10],[2,10],[1,4],[5,8],[3,6],[3,8],[5,6]],[[1,3],[5,10],[2,8],[4,6],[1,5],[3,10],[4,8],[2,6]],[[1,6],[8,10],[2,3],[4,5],[2,5],[3,4],[1,8],[6,10]],[[1,7],[7,10],[2,9],[4,9],[1,9],[9,10],[2,7],[4,7],[5,7],[3,7],[8,9],[6,9],[5,9],[3,9],[7,8],[6,7]],[[1,10],[2,4],[3,5],[6,8]],[[7,9]]]
16|false|exact|[[[1,2],[4,10],[1,4],[2,10]],[[1,3],[3,10],[1,5],[5,10]],[[1,6],[6,10],[1,8],[8,10],[1,7],[7,10],[1,9],[9,10]],[[1,10]],[[2,3],[3,4],[4,5],[2,5]],[[2,4]],[[2,6],[4,6],[2,8],[4,8],[2,7],[4,7],[2,9],[4,9]],[[3,5]],[[3,6],[3,8],[3,7],[3,9],[5,6],[5,8],[5,7],[5,9]],[[6,7],[8,9],[7,8],[6,9]],[[6,8],[7,9]]]
16|false|exact|[[[1,2],[3,10],[1,3],[2,10]],[[1,4],[5,10],[1,5],[4,10]],[[1,6],[1,7],[9,10],[8,10],[1,8],[1,9],[6,10],[7,10]],[[1,10]],[[2,3]],[[2,4],[3,5],[3,4],[2,5]],[[2,6],[2,7],[3,9],[3,8],[3,6],[3,7],[2,9],[2,8]],[[4,5]],[[4,6],[4,7],[5,9],[5,8],[5,6],[5,7],[4,9],[4,8]],[[6,7],[8,9]],[[6,8],[7,9],[6,9],[7,8]]]
16|false|exact|[[[1,2],[1,4],[5,10],[3,10]],[[1,3],[1,5],[2,10],[4,10]],[[1,6],[8,10],[1,8],[6,10]],[[1,7],[9,10],[1,9],[7,10]],[[1,10]],[[2,3],[4,5],[2,5],[3,4]],[[2,4],[3,5]],[[2,6],[4,6],[5,8],[3,8],[2,8],[4,8],[5,6],[3,6]],[[2,7],[4,7],[5,9],[3,9],[2,9],[4,9],[5,7],[3,7]],[[6,7],[8,9],[7,8],[6,9]],[[6,8]],[[7,9]]]
16|false|exact|[[[1,2],[1,4],[2,10],[4,10]],[[1,3],[1,5],[1,6],[1,8],[8,10],[6,10],[3,10],[5,10]],[[1,7],[9,10],[1,9],[7,10]],[[1,10]],[[2,3],[2,5],[4,6],[4,8],[2,8],[2,6],[3,4],[4,5]],[[2,4]],[[2,7],[4,7],[2,9],[4,9]],[[3,5],[6,8]],[[3,6],[5,8],[5,6],[3,8]],[[3,7],[5,7],[6,7],[7,8],[8,9],[6,9],[3,9],[5,9]],[[7,9]]]
16|false|exact|[[[1,2],[4,10]],[[1,3],[1,5],[1,6],[1,8],[3,10],[5,10],[6,10],[8,10]],[[1,4],[2,10]],[[1,7],[1,9],[9,10],[7,10]],[[1,10]],[[2,3],[2,5],[2,6],[2,8],[3,4],[4,5],[4,6],[4,8]],[[2,4]],[[2,7],[2,9],[4,9],[4,7]],[[3,5],[6,8]],[[3,6],[5,8],[5,6],[3,8]],[[3,7],[5,7],[6,9],[8,9],[3,9],[5,9],[6,7],[7,8]],[[7,9]]]
16|false|exact|[[[1,2],[2,7],[2,9],[2,8]],[[1,3],[3,7],[1,5],[5,7],[1,6],[6,7],[1,4],[4,7],[3,9],[3,8],[5,9],[5,8],[6,9],[6,8],[4,9],[4,8]],[[1,7],[8,9]],[[1,8],[7,9]],[[1,9],[7,8]],[[1,10],[7,10],[9,10],[8,10]],[[2,3],[2,5],[2,6],[2,4]],[[2,10]],[[3,4],[5,6],[3,6],[4,5]],[[3,5],[4,6]],[[3,10],[5,10],[6,10],[4,10]]]
16|false|exact|[[[1,2],[1,3],[4,10],[5,10]],[[1,4],[1,5],[3,10],[2,10]],[[1,6],[1,7],[7,10],[6,10],[1,9],[1,8],[8,10],[9,10]],[[1,10]],[[2,3],[4,5]],[[2,4],[3,5],[3,4],[2,5]],[[2,6],[3,7],[2,7],[3,6],[4,7],[5,6],[4,6],[5,7],[2,9],[3,8],[2,8],[3,9],[4,8],[5,9],[4,9],[5,8]],[[6,7],[8,9]],[[6,8],[7,9]],[[6,9],[7,8]]]
16|false|exact|[[[1,2],[4,10],[2,10],[1,4]],[[1,3],[5,10],[2,6],[4,8],[1,5],[3,10],[2,8],[4,6]],[[1,6],[8,10],[2,5],[3,4],[1,8],[6,10],[2,3],[4,5]],[[1,7],[7,10],[2,7],[4,7],[1,9],[9,10],[2,9],[4,9]],[[1,10],[2,4]],[[3,5],[6,8]],[[3,6],[5,8],[5,6],[3,8]],[[3,7],[5,7],[6,7],[7,8],[3,9],[5,9],[6,9],[8,9]],[[7,9]]]
16|false|exact|[[[1,2],[1,4],[2,10],[4,10],[2,9],[4,9],[2,7],[4,7]],[[1,3],[1,8],[3,10],[8,10],[3,9],[8,9],[3,7],[7,8],[1,5],[1,6],[5,10],[6,10],[5,9],[6,9],[5,7],[6,7]],[[1,7],[9,10],[1,9],[7,10]],[[1,10],[7,9]],[[2,3],[4,8],[2,5],[4,6]],[[2,4]],[[2,6],[4,5],[2,8],[3,4]],[[3,5],[6,8]],[[3,6],[5,8]],[[3,8],[5,6]]]
16|false|exact|[[[1,2],[4,10],[2,10],[1,4]],[[1,3],[3,10],[2,3],[3,4],[1,5],[5,10],[2,5],[4,5]],[[1,6],[6,10],[2,9],[4,9],[1,8],[8,10],[2,7],[4,7],[1,7],[7,10],[2,8],[4,8],[1,9],[9,10],[2,6],[4,6]],[[1,10],[2,4]],[[3,5]],[[3,6],[3,9],[5,8],[5,7],[3,7],[3,8],[5,9],[5,6]],[[6,7],[8,9]],[[6,8],[7,9]],[[6,9],[7,8]]]
16|false|exact|[[[1,2],[4,10]],[[1,3],[1,5],[2,6],[2,8],[5,10],[3,10],[4,8],[4,6]],[[1,4],[2,10]],[[1,6],[1,8],[2,5],[2,3],[8,10],[6,10],[3,4],[4,5]],[[1,7],[2,7],[9,10],[4,9],[1,9],[2,9],[7,10],[4,7]],[[1,10],[2,4]],[[3,5],[6,8]],[[3,6],[5,8],[5,6],[3,8]],[[3,7],[5,7],[6,7],[7,8],[5,9],[3,9],[8,9],[6,9]],[[7,9]]]
16|false|exact|[[[1,2],[1,5],[1,4],[1,3],[2,9],[5,9],[4,9],[3,9]],[[1,6],[6,9]],[[1,7],[1,8],[7,9],[8,9]],[[1,9]],[[1,10],[9,10]],[[2,3],[4,5],[2,4],[3,5]],[[2,5],[3,4]],[[2,6],[5,6],[4,6],[3,6]],[[2,7],[2,8],[5,7],[5,8],[4,7],[4,8],[3,7],[3,8]],[[2,10],[5,10],[4,10],[3,10]],[[6,7],[6,8]],[[6,10]],[[7,8]],[[7,10],[8,10]]]
16|false|exact|[[[1,2],[4,10],[5,8],[3,6]],[[1,3],[4,8],[5,10],[2,6],[1,5],[4,6],[3,10],[2,8]],[[1,4],[2,10],[5,6],[3,8]],[[1,6],[4,5],[8,10],[2,3],[2,5],[6,10],[3,4],[1,8]],[[1,7],[4,9],[7,10],[2,9],[5,7],[6,9],[3,7],[8,9],[1,9],[4,7],[9,10],[2,7],[5,9],[6,7],[3,9],[7,8]],[[1,10],[2,4],[3,5],[6,8]],[[7,9]]]
16|false|exact|[[[1,2],[4,10]],[[1,3],[5,10]],[[1,4],[2,10]],[[1,5],[3,10]],[[1,6],[1,8],[6,10],[8,10],[1,9],[1,7],[9,10],[7,10]],[[1,10]],[[2,3],[4,5]],[[2,4]],[[2,5],[3,4]],[[2,6],[2,8],[4,6],[4,8],[2,9],[2,7],[4,9],[4,7]],[[3,5]],[[3,6],[3,8],[5,6],[5,8],[3,9],[3,7],[5,9],[5,7]],[[6,7],[8,9],[6,9],[7,8]],[[6,8],[7,9]]]
16|false|exact|[[[1,2],[4,10]],[[1,3],[3,10],[5,10],[1,5]],[[1,4],[2,10]],[[1,6],[1,8],[7,10],[9,10],[6,10],[8,10],[1,7],[1,9]],[[1,10]],[[2,3],[3,4],[4,5],[2,5]],[[2,4]],[[2,6],[2,8],[4,7],[4,9],[4,6],[4,8],[2,7],[2,9]],[[3,5]],[[3,6],[3,8],[3,7],[3,9],[5,6],[5,8],[5,7],[5,9]],[[6,7],[8,9],[7,8],[6,9]],[[6,8],[7,9]]]
16|false|exact|[[[1,2],[2,7],[2,9],[2,5],[1,3],[3,7],[3,9],[3,5]],[[1,4],[4,7],[1,10],[7,10],[4,9],[4,5],[9,10],[5,10]],[[1,5],[7,9],[1,9],[5,7]],[[1,6],[6,7],[6,9],[5,6],[1,8],[7,8],[8,9],[5,8]],[[1,7],[5,9]],[[2,3]],[[2,4],[2,10],[3,4],[3,10]],[[2,6],[3,8]],[[2,8],[3,6]],[[4,6],[6,10],[4,8],[8,10]],[[4,10]],[[6,8]]]
16|false|exact|[[[1,2],[4,10]],[[1,3],[1,5],[3,10],[5,10]],[[1,4],[2,10]],[[1,6],[1,8],[7,10],[9,10]],[[1,7],[1,9],[8,10],[6,10]],[[1,10]],[[2,3],[2,5],[3,4],[4,5]],[[2,4]],[[2,6],[2,8],[4,7],[4,9]],[[2,7],[2,9],[4,8],[4,6]],[[3,5]],[[3,6],[3,8],[5,6],[5,8],[3,7],[3,9],[5,7],[5,9]],[[6,7],[8,9],[6,9],[7,8]],[[6,8],[7,9]]]
16|false|exact|[[[1,2],[2,7],[1,8],[7,8],[2,9],[2,5],[8,9],[5,8]],[[1,3],[3,7],[1,4],[4,7],[3,9],[3,5],[4,9],[4,5]],[[1,5],[7,9],[1,9],[5,7]],[[1,6],[6,7],[1,10],[7,10],[6,9],[5,6],[9,10],[5,10]],[[1,7],[5,9]],[[2,3],[4,8],[2,4],[3,8]],[[2,6],[8,10]],[[2,8]],[[2,10],[6,8]],[[3,4]],[[3,6],[4,10],[4,6],[3,10]],[[6,10]]]
16|false|exact|[[[1,2],[1,4],[4,10],[2,10]],[[1,3],[1,5],[3,10],[5,10]],[[1,6],[1,8],[9,10],[7,10]],[[1,7],[1,9],[6,10],[8,10]],[[1,10]],[[2,3],[4,5],[3,4],[2,5]],[[2,4]],[[2,6],[2,8],[4,6],[4,8],[4,9],[4,7],[2,9],[2,7]],[[3,5]],[[3,6],[3,8],[5,6],[5,8],[3,9],[3,7],[5,9],[5,7]],[[6,7],[8,9],[6,9],[7,8]],[[6,8],[7,9]]]
16|false|exact|[[[1,2],[4,10],[1,4],[2,10]],[[1,3],[3,10],[1,5],[5,10]],[[1,6],[1,8],[7,10],[9,10],[6,10],[8,10],[1,9],[1,7]],[[1,10]],[[2,3],[3,4],[4,5],[2,5]],[[2,4]],[[2,6],[2,8],[4,7],[4,9],[4,6],[4,8],[2,7],[2,9]],[[3,5]],[[3,6],[3,8],[3,7],[3,9],[5,6],[5,8],[5,7],[5,9]],[[6,7],[8,9],[7,8],[6,9]],[[6,8],[7,9]]]
16|false|exact|[[[1,2],[2,10],[1,4],[4,10]],[[1,3],[3,10],[1,5],[5,10]],[[1,6],[1,8],[7,10],[9,10],[6,10],[8,10],[1,9],[1,7]],[[1,10]],[[2,3],[4,5],[2,5],[3,4]],[[2,4]],[[2,6],[2,8],[2,7],[2,9],[4,6],[4,8],[4,7],[4,9]],[[3,5]],[[3,6],[3,8],[3,7],[3,9],[5,6],[5,8],[5,7],[5,9]],[[6,7],[8,9],[7,8],[6,9]],[[6,8],[7,9]]]
16|false|exact|[[[1,2],[4,10],[1,4],[2,10]],[[1,3],[3,10],[1,5],[5,10]],[[1,6],[1,8],[6,10],[8,10],[1,7],[1,9],[7,10],[9,10]],[[1,10]],[[2,3],[3,4],[4,5],[2,5]],[[2,4]],[[2,6],[2,8],[4,6],[4,8],[2,7],[2,9],[4,7],[4,9]],[[3,5]],[[3,6],[3,8],[3,7],[3,9],[5,6],[5,8],[5,7],[5,9]],[[6,7],[8,9],[6,9],[7,8]],[[6,8],[7,9]]]
16|false|exact|[[[1,2],[2,10],[4,10],[1,4]],[[1,3],[3,10],[1,5],[5,10]],[[1,6],[1,8],[7,10],[9,10],[6,10],[8,10],[1,7],[1,9]],[[1,10]],[[2,3],[3,4],[4,5],[2,5]],[[2,4]],[[2,6],[2,8],[2,7],[2,9],[4,6],[4,8],[4,7],[4,9]],[[3,5]],[[3,6],[3,8],[3,7],[3,9],[5,6],[5,8],[5,9],[5,7]],[[6,7],[8,9],[7,8],[6,9]],[[6,8],[7,9]]]
16|false|exact|[[[1,2],[1,6],[2,10],[6,10]],[[1,3],[1,5],[1,7],[1,8],[3,10],[5,10],[7,10],[8,10]],[[1,4],[9,10]],[[1,9],[4,10]],[[1,10]],[[2,3],[2,5],[6,7],[6,8]],[[2,4],[4,6],[2,9],[6,9]],[[2,6]],[[2,7],[2,8],[5,6],[3,6]],[[3,4],[4,5],[4,7],[4,8],[3,9],[5,9],[7,9],[8,9]],[[3,5],[7,8]],[[3,7],[5,8],[3,8],[5,7]],[[4,9]]]
16|false|exact|[[[1,2],[4,10]],[[1,3],[3,10],[5,10],[1,5]],[[1,4],[2,10]],[[1,6],[1,8],[7,10],[9,10],[6,10],[8,10],[1,7],[1,9]],[[1,10]],[[2,3],[3,4],[4,5],[2,5]],[[2,4]],[[2,6],[2,8],[4,7],[4,9],[4,6],[4,8],[2,7],[2,9]],[[3,5]],[[3,6],[3,8],[3,7],[3,9],[5,6],[5,8],[5,7],[5,9]],[[6,7],[8,9],[7,8],[6,9]],[[6,8],[7,9]]]
16|false|exact|[[[1,2],[6,8]],[[1,3],[1,7],[8,9],[4,8],[3,8],[7,8],[1,4],[1,9]],[[1,5],[8,10],[1,10],[5,8]],[[1,6],[2,8]],[[1,8]],[[2,3],[2,7],[6,9],[4,6],[3,6],[6,7],[2,4],[2,9]],[[2,5],[6,10],[2,10],[5,6]],[[2,6]],[[3,4],[7,9],[3,9],[4,7]],[[3,5],[5,7],[9,10],[4,10],[3,10],[7,10],[4,5],[5,9]],[[3,7],[4,9]],[[5,10]]]
16|false|exact|[[[1,2],[4,10],[1,4],[2,10]],[[1,3],[3,10],[1,5],[5,10]],[[1,6],[6,10],[1,8],[8,10],[1,7],[7,10],[1,9],[9,10]],[[1,10]],[[2,3],[3,4],[4,5],[2,5]],[[2,4]],[[2,6],[4,6],[2,8],[4,8],[4,7],[2,7],[4,9],[2,9]],[[3,5]],[[3,6],[3,8],[5,7],[5,9]],[[3,7],[3,9],[5,8],[5,6]],[[6,7],[8,9],[7,8],[6,9]],[[6,8],[7,9]]]
16|false|exact|[[[1,2],[2,10],[1,3],[3,10]],[[1,4],[1,5],[6,10],[7,10]],[[1,6],[1,7],[4,10],[5,10]],[[1,8],[9,10],[1,9],[8,10]],[[1,10]],[[2,3]],[[2,4],[2,5],[2,6],[2,7],[3,4],[3,5],[3,7],[3,6]],[[2,8],[2,9],[3,8],[3,9]],[[4,5],[6,7]],[[4,6],[5,7],[4,7],[5,6]],[[4,8],[5,8],[6,9],[7,9],[4,9],[5,9],[7,8],[6,8]],[[8,9]]]
16|false|exact|[[[1,2],[4,10]],[[1,3],[3,10],[1,5],[5,10]],[[1,4],[2,10]],[[1,6],[1,8],[6,10],[8,10],[1,7],[1,9],[7,10],[9,10]],[[1,10]],[[2,3],[3,4],[2,5],[4,5]],[[2,4]],[[2,6],[2,8],[4,6],[4,8],[2,7],[2,9],[4,7],[4,9]],[[3,5]],[[3,6],[3,8],[3,7],[3,9],[5,6],[5,8],[5,9],[5,7]],[[6,7],[8,9],[6,9],[7,8]],[[6,8],[7,9]]]
16|false|exact|[[[1,2],[3,10],[1,3],[2,10]],[[1,4],[5,10],[1,5],[4,10]],[[1,6],[1,7],[9,10],[8,10],[6,10],[7,10],[1,8],[1,9]],[[1,10]],[[2,3]],[[2,4],[3,5]],[[2,5],[3,4]],[[2,6],[2,7],[3,9],[3,8],[3,6],[3,7],[2,8],[2,9]],[[4,5]],[[4,6],[4,7],[5,9],[5,8],[5,6],[5,7],[4,8],[4,9]],[[6,7],[8,9]],[[6,8],[7,9],[6,9],[7,8]]]
16|false|exact|[[[1,2],[1,3],[2,10],[3,10]],[[1,4],[1,5],[1,8],[1,9],[4,10],[5,10],[9,10],[8,10]],[[1,6],[1,7],[6,10],[7,10]],[[1,10]],[[2,3]],[[2,4],[2,5],[3,8],[3,9],[3,4],[3,5],[2,8],[2,9]],[[2,6],[3,6],[3,7],[2,7]],[[4,5],[8,9]],[[4,6],[5,6],[6,8],[6,9],[4,7],[5,7],[7,8],[7,9]],[[4,8],[5,9],[5,8],[4,9]],[[6,7]]]
16|false|exact|[[[1,2],[4,10],[1,4],[2,10]],[[1,3],[3,10],[1,5],[5,10]],[[1,6],[1,8],[6,10],[8,10],[7,10],[9,10],[1,7],[1,9]],[[1,10]],[[2,3],[3,4],[4,5],[2,5]],[[2,4]],[[2,6],[2,8],[4,6],[4,8],[4,7],[4,9],[2,7],[2,9]],[[3,5]],[[3,6],[3,8],[3,7],[3,9],[5,6],[5,8],[5,7],[5,9]],[[6,7],[8,9],[6,9],[7,8]],[[6,8],[7,9]]]
16|false|exact|[[[1,2],[2,10],[4,10],[1,4]],[[1,3],[5,10],[1,5],[3,10]],[[1,6],[1,8],[7,10],[9,10],[6,10],[8,10],[1,7],[1,9]],[[1,10]],[[2,3],[2,5],[4,5],[3,4]],[[2,4]],[[2,6],[2,8],[2,7],[2,9],[4,6],[4,8],[4,7],[4,9]],[[3,5]],[[3,6],[3,8],[5,7],[5,9],[5,6],[5,8],[3,7],[3,9]],[[6,7],[8,9],[7,8],[6,9]],[[6,8],[7,9]]]
16|false|exact|[[[1,2],[4,10],[1,4],[2,10]],[[1,3],[1,5],[6,10],[8,10]],[[1,6],[1,8],[3,10],[5,10]],[[1,7],[7,10],[1,9],[9,10]],[[1,10]],[[2,3],[2,5],[4,6],[4,8],[3,4],[4,5],[2,8],[2,6]],[[2,4]],[[2,7],[4,7],[2,9],[4,9]],[[3,5],[6,8]],[[3,6],[5,8],[3,8],[5,6]],[[3,7],[5,7],[6,7],[7,8],[3,9],[5,9],[6,9],[8,9]],[[7,9]]]
16|false|exact|[[[1,2],[4,10],[1,4],[2,10]],[[1,3],[1,5],[6,10],[8,10]],[[1,6],[1,8],[5,10],[3,10]],[[1,7],[9,10],[1,9],[7,10]],[[1,10]],[[2,3],[2,5],[4,6],[4,8],[3,4],[4,5],[2,8],[2,6]],[[2,4]],[[2,7],[4,9],[4,7],[2,9]],[[3,5],[6,8]],[[3,6],[5,8],[5,6],[3,8]],[[3,7],[5,7],[6,9],[8,9],[3,9],[5,9],[6,7],[7,8]],[[7,9]]]
16|false|exact|[[[1,2],[4,10],[1,4],[2,10]],[[1,3],[1,5],[3,10],[5,10],[1,6],[1,8],[6,10],[8,10]],[[1,7],[1,9],[7,10],[9,10]],[[1,10]],[[2,3],[2,5],[3,4],[4,5],[4,6],[4,8],[2,6],[2,8]],[[2,4]],[[2,7],[2,9],[4,7],[4,9]],[[3,5],[6,8]],[[3,6],[5,8],[3,8],[5,6]],[[3,7],[5,9],[3,9],[5,7],[6,7],[8,9],[6,9],[7,8]],[[7,9]]]
16|false|exact|[[[1,2],[2,5],[2,4],[2,3]],[[1,3],[4,5],[1,4],[3,5]],[[1,5],[3,4]],[[1,6],[5,6],[4,6],[3,6]],[[1,7],[5,7],[4,7],[3,7]],[[1,8],[5,8],[4,8],[3,8],[1,9],[5,9],[4,9],[3,9]],[[1,10],[5,10],[4,10],[3,10]],[[2,6]],[[2,7]],[[2,8],[2,9]],[[2,10]],[[6,7]],[[6,8],[6,9]],[[6,10]],[[7,8],[7,9]],[[7,10]],[[8,9]],[[8,10],[9,10]]]
16|false|exact|[[[1,2],[1,4],[8,10],[6,10]],[[1,3],[1,5],[9,10],[7,10]],[[1,6],[1,8],[2,10],[4,10]],[[1,7],[1,9],[3,10],[5,10]],[[1,10]],[[2,3],[4,5],[2,5],[3,4],[8,9],[6,7],[7,8],[6,9]],[[2,4],[6,8]],[[2,6],[4,8],[2,8],[4,6]],[[2,7],[4,9],[3,8],[5,6],[2,9],[4,7],[3,6],[5,8]],[[3,5],[7,9]],[[3,7],[5,9],[5,7],[3,9]]]
16|false|exact|[[[1,2],[1,4],[5,10],[3,10],[2,10],[4,10],[1,3],[1,5]],[[1,6],[1,8],[9,10],[7,10],[6,10],[8,10],[1,7],[1,9]],[[1,10]],[[2,3],[4,5],[2,5],[3,4]],[[2,4],[3,5]],[[2,6],[4,8],[5,9],[3,7],[2,8],[4,6],[5,7],[3,9]],[[2,7],[4,9],[5,6],[3,8],[2,9],[4,7],[5,8],[3,6]],[[6,7],[8,9],[6,9],[7,8]],[[6,8],[7,9]]]
16|false|exact|[[[1,2],[3,10],[2,10],[1,3]],[[1,4],[5,10],[2,8],[3,9],[1,9],[8,10],[3,5],[2,4],[1,5],[4,10],[2,9],[3,8],[1,8],[9,10],[3,4],[2,5]],[[1,6],[6,10],[2,6],[3,6],[1,7],[7,10],[3,7],[2,7]],[[1,10],[2,3]],[[4,5],[8,9]],[[4,6],[5,6],[6,8],[6,9],[7,9],[7,8],[5,7],[4,7]],[[4,8],[5,9],[5,8],[4,9]],[[6,7]]]
16|false|exact|[[[1,2],[1,4],[2,10],[4,10],[1,3],[1,5],[3,10],[5,10]],[[1,6],[1,8],[8,10],[6,10],[1,7],[1,9],[9,10],[7,10]],[[1,10]],[[2,3],[4,5],[2,5],[3,4]],[[2,4],[3,5]],[[2,6],[4,8],[2,8],[4,6],[3,7],[5,9],[3,9],[5,7]],[[2,7],[4,9],[3,8],[5,6],[2,9],[4,7],[3,6],[5,8]],[[6,7],[8,9],[7,8],[6,9]],[[6,8],[7,9]]]
16|false|exact|[[[1,2],[1,4],[9,10],[7,10]],[[1,3],[1,6],[3,10],[6,10],[1,5],[1,8],[5,10],[8,10]],[[1,7],[1,9],[2,10],[4,10]],[[1,10]],[[2,3],[3,4],[2,6],[4,6],[3,9],[3,7],[6,9],[6,7],[2,5],[4,5],[2,8],[4,8],[5,9],[5,7],[8,9],[7,8]],[[2,4],[7,9]],[[2,7],[4,9],[2,9],[4,7]],[[3,5],[6,8]],[[3,6],[5,8]],[[3,8],[5,6]]]
16|false|exact|[[[1,2],[3,10],[2,10],[1,3],[1,4],[5,10],[4,10],[1,5]],[[1,6],[1,8],[9,10],[7,10],[6,10],[8,10],[1,7],[1,9]],[[1,10]],[[2,3],[4,5]],[[2,4],[3,5]],[[2,5],[3,4]],[[2,6],[2,8],[3,9],[3,7],[4,6],[4,8],[5,9],[5,7]],[[2,7],[2,9],[3,8],[3,6],[4,7],[4,9],[5,8],[5,6]],[[6,7],[8,9],[6,9],[7,8]],[[6,8],[7,9]]]
16|false|exact|[[[1,2],[3,10],[4,10],[1,5],[1,3],[2,10],[5,10],[1,4]],[[1,6],[1,7],[9,10],[8,10],[6,10],[7,10],[1,8],[1,9]],[[1,10]],[[2,3],[4,5]],[[2,4],[3,5]],[[2,5],[3,4]],[[2,6],[2,7],[3,9],[3,8],[4,6],[4,7],[5,8],[5,9],[3,6],[3,7],[2,9],[2,8],[5,6],[5,7],[4,8],[4,9]],[[6,7],[8,9]],[[6,8],[7,9],[6,9],[7,8]]]
16|false|exact|[[[1,2],[4,10],[3,10],[1,5],[1,3],[5,10],[2,10],[1,4]],[[1,6],[1,7],[9,10],[8,10],[6,10],[7,10],[1,8],[1,9]],[[1,10]],[[2,3],[4,5]],[[2,4],[3,5]],[[2,5],[3,4]],[[2,6],[2,7],[4,9],[4,8],[3,6],[3,7],[5,8],[5,9]],[[2,8],[2,9],[4,6],[4,7],[3,9],[3,8],[5,6],[5,7]],[[6,7],[8,9]],[[6,8],[7,9],[6,9],[7,8]]]
16|false|exact|[[[1,2],[1,4],[9,10],[7,10]],[[1,3],[1,5],[1,8],[1,6],[3,10],[5,10],[6,10],[8,10]],[[1,7],[1,9],[4,10],[2,10]],[[1,10]],[[2,3],[4,5],[2,8],[4,6],[3,9],[5,7],[6,9],[7,8],[2,5],[3,4],[2,6],[4,8],[5,9],[3,7],[8,9],[6,7]],[[2,4],[7,9]],[[2,7],[4,9],[2,9],[4,7]],[[3,5],[6,8]],[[3,6],[5,8],[3,8],[5,6]]]
16|false|exact|[[[1,2],[4,10]],[[1,3],[2,3],[3,10],[3,4],[2,5],[1,5],[4,5],[5,10]],[[1,4],[2,10]],[[1,6],[1,8],[2,7],[2,9],[6,10],[8,10],[4,7],[4,9],[2,6],[2,8],[1,9],[1,7],[4,6],[4,8],[9,10],[7,10]],[[1,10],[2,4]],[[3,5]],[[3,6],[3,8],[3,7],[3,9],[5,6],[5,8],[5,9],[5,7]],[[6,7],[8,9],[7,8],[6,9]],[[6,8],[7,9]]]
16|false|exact|[[[1,2],[3,10],[1,4],[5,10],[1,5],[4,10],[1,3],[2,10]],[[1,6],[1,8],[7,10],[9,10]],[[1,7],[1,9],[8,10],[6,10]],[[1,10]],[[2,3],[4,5]],[[2,4],[3,5]],[[2,5],[3,4]],[[2,6],[2,8],[3,7],[3,9],[4,6],[4,8],[5,7],[5,9],[5,6],[5,8],[4,9],[4,7],[3,6],[3,8],[2,9],[2,7]],[[6,7],[8,9],[7,8],[6,9]],[[6,8],[7,9]]]
16|false|exact|[[[1,2],[4,10],[1,3],[5,10]],[[1,4],[2,10],[1,5],[3,10]],[[1,6],[1,7],[9,10],[8,10],[6,10],[7,10],[1,8],[1,9]],[[1,10]],[[2,3],[4,5]],[[2,4],[3,5]],[[2,5],[3,4]],[[2,6],[2,7],[4,9],[4,8],[4,6],[4,7],[2,8],[2,9],[3,6],[3,7],[5,9],[5,8],[5,6],[5,7],[3,8],[3,9]],[[6,7],[8,9]],[[6,8],[7,9],[6,9],[7,8]]]
16|false|exact|[[[1,2],[4,10],[1,4],[2,10]],[[1,3],[3,10],[1,9],[9,10],[2,3],[3,4],[2,9],[4,9],[1,7],[7,10],[1,5],[5,10],[2,7],[4,7],[2,5],[4,5]],[[1,6],[6,10],[1,8],[8,10],[2,6],[4,6],[2,8],[4,8]],[[1,10],[2,4]],[[3,5],[7,9]],[[3,6],[8,9],[6,7],[5,8]],[[3,7],[5,9]],[[3,8],[6,9],[7,8],[5,6]],[[3,9],[5,7]],[[6,8]]]
16|false|exact|[[[1,2],[3,10],[1,4],[5,10]],[[1,3],[2,10],[1,5],[4,10]],[[1,6],[1,8],[7,10],[9,10]],[[1,7],[1,9],[8,10],[6,10]],[[1,10]],[[2,3],[4,5]],[[2,4],[3,5]],[[2,5],[3,4]],[[2,6],[2,8],[3,7],[3,9],[4,6],[4,8],[5,7],[5,9]],[[2,7],[2,9],[3,8],[3,6],[4,7],[4,9],[5,8],[5,6]],[[6,7],[8,9],[7,8],[6,9]],[[6,8],[7,9]]]
16|false|exact|[[[1,2],[1,5],[1,4],[1,3],[4,10],[3,10],[2,10],[5,10]],[[1,6],[1,8],[1,7],[1,9],[6,10],[8,10],[7,10],[9,10]],[[1,10]],[[2,3],[4,5]],[[2,4],[3,5]],[[2,5],[3,4]],[[2,6],[2,8],[5,6],[5,8],[4,7],[4,9],[3,7],[3,9],[4,6],[4,8],[3,6],[3,8],[2,7],[2,9],[5,7],[5,9]],[[6,7],[8,9],[6,9],[7,8]],[[6,8],[7,9]]]
16|false|exact|[[[1,2],[4,10]],[[1,3],[4,5],[5,10],[2,3],[2,5],[3,10],[3,4],[1,5]],[[1,4],[2,10]],[[1,6],[1,8],[4,7],[4,9],[6,10],[8,10],[2,7],[2,9],[2,6],[2,8],[9,10],[7,10],[4,6],[4,8],[1,9],[1,7]],[[1,10],[2,4]],[[3,5]],[[3,6],[3,8],[5,7],[5,9],[5,6],[5,8],[3,7],[3,9]],[[6,7],[8,9],[7,8],[6,9]],[[6,8],[7,9]]]
16|false|exact|[[[1,2],[4,10],[1,3],[5,10]],[[1,4],[2,10],[1,5],[3,10]],[[1,6],[1,8],[7,10],[9,10],[6,10],[8,10],[1,7],[1,9]],[[1,10]],[[2,3],[4,5]],[[2,4],[3,5]],[[2,5],[3,4]],[[2,6],[2,8],[4,7],[4,9],[3,6],[3,8],[5,9],[5,7],[4,6],[4,8],[2,7],[2,9],[5,6],[5,8],[3,9],[3,7]],[[6,7],[8,9],[6,9],[7,8]],[[6,8],[7,9]]]
16|false|exact|[[[1,2],[4,10]],[[1,3],[1,5],[6,10],[8,10],[2,3],[2,5],[4,8],[4,6]],[[1,4],[2,10]],[[1,6],[1,8],[3,10],[5,10],[2,8],[2,6],[3,4],[4,5]],[[1,7],[7,10],[2,7],[4,7],[1,9],[9,10],[2,9],[4,9]],[[1,10],[2,4]],[[3,5],[6,8]],[[3,6],[5,8],[3,8],[5,6]],[[3,7],[5,7],[6,7],[7,8],[3,9],[5,9],[6,9],[8,9]],[[7,9]]]
16|false|exact|[[[1,2],[4,10],[5,8],[3,6]],[[1,3],[5,10],[1,5],[3,10]],[[1,4],[2,10],[5,6],[3,8]],[[1,6],[8,10],[4,5],[2,3],[1,8],[6,10],[3,4],[2,5]],[[1,7],[7,10],[5,7],[3,7],[1,9],[9,10],[5,9],[3,9]],[[1,10],[3,5]],[[2,4],[6,8]],[[2,6],[4,8],[2,8],[4,6]],[[2,7],[4,7],[7,8],[6,7],[2,9],[4,9],[8,9],[6,9]],[[7,9]]]
16|false|exact|[[[1,2],[1,3],[4,10],[5,10]],[[1,4],[1,5],[2,10],[3,10]],[[1,6],[1,8],[1,7],[1,9],[6,10],[8,10],[7,10],[9,10]],[[1,10]],[[2,3],[4,5]],[[2,4],[3,5]],[[2,5],[3,4]],[[2,6],[2,8],[3,7],[3,9],[4,6],[4,8],[5,7],[5,9]],[[2,7],[2,9],[3,8],[3,6],[4,7],[4,9],[5,8],[5,6]],[[6,7],[8,9],[7,8],[6,9]],[[6,8],[7,9]]]
16|false|exact|[[[1,2],[2,7],[1,10],[7,10],[2,9],[2,5],[9,10],[5,10]],[[1,3],[3,7],[1,8],[7,8],[3,9],[3,5],[8,9],[5,8],[1,4],[4,7],[1,6],[6,7],[4,5],[4,9],[5,6],[6,9]],[[1,5],[7,9],[1,9],[5,7]],[[1,7],[5,9]],[[2,3],[8,10],[2,4],[6,10]],[[2,6],[4,10],[2,8],[3,10]],[[2,10]],[[3,4],[6,8]],[[3,6],[4,8]],[[3,8],[4,6]]]
16|false|exact|[[[1,2],[3,10],[4,10],[1,5],[1,4],[5,10],[2,10],[1,3]],[[1,6],[1,8],[7,10],[9,10],[6,10],[8,10],[1,7],[1,9]],[[1,10]],[[2,3],[4,5]],[[2,4],[3,5]],[[2,5],[3,4]],[[2,6],[2,8],[3,7],[3,9],[4,6],[4,8],[5,7],[5,9]],[[2,7],[2,9],[3,8],[3,6],[4,7],[4,9],[5,8],[5,6]],[[6,7],[8,9],[7,8],[6,9]],[[6,8],[7,9]]]
16|false|exact|[[[1,2],[4,10],[5,6],[3,8],[1,3],[5,10],[4,8],[2,6]],[[1,4],[2,10],[3,6],[5,8],[1,5],[3,10],[2,8],[4,6]],[[1,6],[8,10],[6,10],[1,8]],[[1,7],[7,10],[6,7],[7,8],[1,9],[9,10],[6,9],[8,9]],[[1,10],[6,8]],[[2,3],[4,5],[2,5],[3,4]],[[2,4],[3,5]],[[2,7],[4,7],[5,7],[3,7],[2,9],[4,9],[5,9],[3,9]],[[7,9]]]
16|false|exact|[[[1,2],[1,4],[1,6],[1,8],[2,10],[4,10],[6,10],[8,10]],[[1,3],[1,5],[1,7],[1,9],[5,10],[3,10],[9,10],[7,10]],[[1,10]],[[2,3],[4,5],[6,7],[8,9],[2,5],[3,4],[6,9],[7,8]],[[2,4],[6,8]],[[2,6],[4,8],[4,6],[2,8]],[[2,7],[4,9],[5,6],[3,8],[2,9],[4,7],[5,8],[3,6]],[[3,5],[7,9]],[[3,7],[5,9],[5,7],[3,9]]]
16|false|exact|[[[1,2],[2,10],[1,4],[4,10],[1,3],[3,10],[1,5],[5,10]],[[1,6],[8,10],[1,8],[6,10],[1,9],[7,10],[1,7],[9,10]],[[1,10]],[[2,3],[4,5],[3,4],[2,5]],[[2,4],[3,5]],[[2,6],[2,8],[4,8],[4,6],[3,9],[3,7],[5,7],[5,9],[2,7],[2,9],[4,9],[4,7],[5,8],[5,6],[3,6],[3,8]],[[6,7],[8,9],[6,9],[7,8]],[[6,8],[7,9]]]
16|false|exact|[[[1,2],[2,7],[2,9],[2,8]],[[1,3],[6,7],[3,9],[6,8],[1,4],[5,7],[4,8],[5,9],[1,6],[3,7],[6,9],[3,8],[1,5],[4,7],[5,8],[4,9]],[[1,7],[8,9]],[[1,8],[7,9],[1,9],[7,8]],[[1,10],[7,10],[9,10],[8,10]],[[2,3],[2,6],[2,4],[2,5]],[[2,10]],[[3,4],[5,6],[3,5],[4,6]],[[3,6],[4,5]],[[3,10],[6,10],[4,10],[5,10]]]
16|false|exact|[[[1,2],[6,7]],[[1,3],[2,3],[3,7],[3,6]],[[1,4],[2,5],[7,8],[6,9],[1,5],[2,4],[7,9],[6,8]],[[1,6],[2,7],[1,7],[2,6]],[[1,8],[2,9],[1,9],[2,8],[4,7],[5,6],[5,7],[4,6]],[[1,10],[2,10],[7,10],[6,10]],[[3,4],[3,5],[3,8],[3,9]],[[3,10]],[[4,5],[8,9]],[[4,8],[5,9],[4,9],[5,8]],[[4,10],[5,10],[8,10],[9,10]]]
16|false|exact|[[[1,2],[2,9],[1,3],[3,9],[2,7],[2,8],[3,7],[3,8],[1,5],[5,9],[1,4],[4,9],[5,7],[5,8],[4,7],[4,8]],[[1,6],[6,9],[6,7],[6,8]],[[1,7],[8,9],[1,8],[7,9]],[[1,9],[7,8]],[[1,10],[9,10],[7,10],[8,10]],[[2,3],[4,5]],[[2,4],[3,5]],[[2,5],[3,4]],[[2,6],[3,6],[5,6],[4,6]],[[2,10],[3,10],[5,10],[4,10]],[[6,10]]]
16|false|exact|[[[1,2],[2,8],[1,3],[3,8],[1,5],[5,8],[1,4],[4,8],[3,9],[3,7],[2,9],[2,7],[5,9],[5,7],[4,9],[4,7]],[[1,6],[6,8],[6,9],[6,7]],[[1,7],[8,9]],[[1,8],[7,9]],[[1,9],[7,8]],[[1,10],[8,10],[9,10],[7,10]],[[2,3],[4,5]],[[2,4],[3,5],[2,5],[3,4]],[[2,6],[3,6],[5,6],[4,6]],[[2,10],[3,10],[5,10],[4,10]],[[6,10]]]
16|false|exact|[[[1,2],[6,7]],[[1,3],[3,6],[2,3],[3,7]],[[1,4],[1,5],[6,8],[6,9],[2,4],[2,5],[7,8],[7,9]],[[1,6],[2,7]],[[1,7],[2,6]],[[1,8],[1,9],[4,6],[5,6],[2,8],[2,9],[4,7],[5,7]],[[1,10],[6,10],[2,10],[7,10]],[[3,4],[3,5],[3,8],[3,9]],[[3,10]],[[4,5],[8,9]],[[4,8],[5,9],[4,9],[5,8]],[[4,10],[5,10],[8,10],[9,10]]]
16|false|exact|[[[1,2],[4,10],[3,8],[5,6]],[[1,3],[5,10],[4,8],[2,6]],[[1,4],[2,10],[3,6],[5,8]],[[1,5],[3,10],[4,6],[2,8]],[[1,6],[8,10],[4,5],[2,3],[3,4],[2,5],[6,10],[1,8]],[[1,7],[7,10],[4,9],[2,9],[3,7],[5,7],[6,9],[8,9],[1,9],[9,10],[4,7],[2,7],[3,9],[5,9],[6,7],[7,8]],[[1,10],[2,4],[3,5],[6,8]],[[7,9]]]
16|false|exact|[[[1,2],[6,7],[9,10],[4,8],[1,7],[2,6],[4,10],[8,9]],[[1,3],[3,6],[3,10],[3,8],[4,5],[5,9],[2,5],[5,7]],[[1,4],[6,9],[7,10],[2,8],[4,6],[1,9],[2,10],[7,8]],[[1,5],[5,6],[5,10],[5,8],[3,4],[3,9],[2,3],[3,7]],[[1,6],[8,10],[4,9],[2,7]],[[1,8],[6,10],[4,7],[2,9]],[[1,10],[6,8],[2,4],[7,9]],[[3,5]]]
16|false|exact|[[[1,2],[4,10],[7,8],[6,9]],[[1,3],[3,10],[3,4],[2,3],[3,8],[3,6],[3,9],[3,7],[1,5],[5,10],[4,5],[2,5],[5,9],[5,7],[5,8],[5,6]],[[1,4],[2,10],[8,9],[6,7]],[[1,6],[8,10],[4,7],[2,9],[2,8],[4,6],[9,10],[1,7]],[[1,8],[6,10],[4,9],[2,7],[4,8],[2,6],[1,9],[7,10]],[[1,10],[2,4],[6,8],[7,9]],[[3,5]]]
16|false|exact|[[[1,2],[4,10],[6,9],[7,8]],[[1,3],[3,10],[3,4],[2,3],[3,6],[3,8],[3,7],[3,9],[1,5],[5,10],[4,5],[2,5],[5,7],[5,9],[5,6],[5,8]],[[1,4],[2,10],[6,7],[8,9]],[[1,6],[8,10],[4,7],[2,9],[1,7],[9,10],[4,6],[2,8]],[[1,8],[6,10],[4,9],[2,7],[1,9],[7,10],[4,8],[2,6]],[[1,10],[2,4],[6,8],[7,9]],[[3,5]]]
16|false|exact|[[[1,2],[5,7],[2,5],[1,7],[9,10],[3,4],[4,10],[3,9]],[[1,3],[5,10],[2,9],[4,7]],[[1,4],[5,9],[2,3],[7,10],[1,9],[4,5],[2,10],[3,7]],[[1,5],[2,7],[4,9],[3,10]],[[1,6],[5,6],[2,8],[7,8],[6,9],[4,6],[8,10],[3,8],[1,8],[5,8],[6,7],[2,6],[4,8],[8,9],[6,10],[3,6]],[[1,10],[3,5],[2,4],[7,9]],[[6,8]]]
16|false|exact|[[[1,2],[1,4],[3,10],[5,10],[1,6],[1,8],[7,10],[9,10]],[[1,3],[1,5],[2,10],[4,10],[1,7],[1,9],[6,10],[8,10]],[[1,10]],[[2,3],[4,5],[6,7],[8,9]],[[2,4],[3,5],[6,8],[7,9]],[[2,5],[3,4],[6,9],[7,8]],[[2,6],[4,8],[3,9],[5,7],[4,6],[2,8],[3,7],[5,9]],[[2,7],[4,9],[3,8],[5,6],[2,9],[4,7],[3,6],[5,8]]]
16|false|exact|[[[1,2]],[[1,3],[2,3]],[[1,4],[2,4],[2,5],[1,5]],[[1,6],[1,8],[2,7],[2,9],[2,6],[2,8],[1,7],[1,9]],[[1,10],[2,10]],[[3,4],[3,5]],[[3,6],[3,8],[3,7],[3,9]],[[3,10]],[[4,5]],[[4,6],[4,8],[4,7],[4,9],[5,6],[5,8],[5,7],[5,9]],[[4,10],[5,10]],[[6,7],[8,9],[6,9],[7,8]],[[6,8],[7,9]],[[6,10],[8,10],[7,10],[9,10]]]
16|false|exact|[[[1,2],[3,9]],[[1,3],[2,9],[1,9],[2,3]],[[1,4],[2,4],[3,4],[4,9],[1,5],[2,5],[3,5],[5,9]],[[1,6],[2,6],[3,6],[6,9]],[[1,7],[2,7],[1,8],[2,8],[3,7],[7,9],[3,8],[8,9]],[[1,10],[2,10],[3,10],[9,10]],[[4,5]],[[4,6],[5,6]],[[4,7],[4,8],[5,8],[5,7]],[[4,10],[5,10]],[[6,7],[6,8]],[[6,10]],[[7,8]],[[7,10],[8,10]]]
16|false|exact|[[[1,2],[3,9]],[[1,3],[2,9],[1,9],[2,3]],[[1,4],[2,4],[4,9],[3,4],[1,5],[2,5],[5,9],[3,5]],[[1,6],[2,6],[6,9],[3,6]],[[1,7],[2,7],[1,8],[2,8],[7,9],[3,7],[8,9],[3,8]],[[1,10],[2,10],[9,10],[3,10]],[[4,5]],[[4,6],[5,6]],[[4,7],[4,8],[5,8],[5,7]],[[4,10],[5,10]],[[6,7],[6,8]],[[6,10]],[[7,8]],[[7,10],[8,10]]]
16|false|exact|[[[1,2],[6,7],[1,6],[2,7]],[[1,3],[3,7],[3,6],[2,3]],[[1,4],[4,7],[6,8],[2,8],[1,8],[7,8],[4,6],[2,4]],[[1,5],[5,7],[6,9],[2,9],[1,9],[7,9],[5,6],[2,5]],[[1,7],[2,6]],[[1,10],[7,10],[6,10],[2,10]],[[3,4],[3,8]],[[3,5],[3,9]],[[3,10]],[[4,5],[8,9]],[[4,8]],[[4,9],[5,8]],[[4,10],[8,10]],[[5,9]],[[5,10],[9,10]]]
16|false|exact|[[[1,2],[6,7],[2,7],[1,6]],[[1,3],[3,7]],[[1,4],[1,5],[7,8],[7,9],[4,7],[5,7],[1,8],[1,9]],[[1,7]],[[1,10],[7,10]],[[2,3],[3,6]],[[2,4],[2,5],[6,8],[6,9]],[[2,6]],[[2,8],[2,9],[4,6],[5,6]],[[2,10],[6,10]],[[3,4],[3,5],[3,8],[3,9]],[[3,10]],[[4,5],[8,9]],[[4,8],[5,9],[4,9],[5,8]],[[4,10],[5,10],[8,10],[9,10]]]
16|false|exact|[[[1,2],[2,5],[2,4],[2,3],[1,9],[5,9],[3,9],[4,9]],[[1,3],[4,5],[1,4],[3,5]],[[1,5],[3,4]],[[1,6],[5,6],[4,6],[3,6]],[[1,7],[1,8],[5,7],[5,8],[4,7],[4,8],[3,7],[3,8]],[[1,10],[5,10],[4,10],[3,10]],[[2,6],[6,9]],[[2,7],[2,8],[7,9],[8,9]],[[2,9]],[[2,10],[9,10]],[[6,7],[6,8]],[[6,10]],[[7,8]],[[7,10],[8,10]]]
16|false|exact|[[[1,2],[3,9]],[[1,3],[2,9],[1,9],[2,3]],[[1,4],[2,4],[3,4],[4,9],[1,5],[2,5],[3,5],[5,9]],[[1,6],[2,6],[3,6],[6,9]],[[1,7],[2,7],[1,8],[2,8],[3,7],[7,9],[3,8],[8,9]],[[1,10],[2,10],[3,10],[9,10]],[[4,5]],[[4,6],[5,6]],[[4,7],[4,8],[5,7],[5,8]],[[4,10],[5,10]],[[6,7],[6,8]],[[6,10]],[[7,8]],[[7,10],[8,10]]]
16|false|exact|[[[1,2],[2,7],[2,9],[2,8],[2,6],[2,3],[2,5],[2,4]],[[1,3],[6,7],[4,9],[5,8]],[[1,4],[5,7],[1,5],[4,7],[3,9],[6,8],[6,9],[3,8]],[[1,6],[3,7],[5,9],[4,8]],[[1,7],[8,9],[3,6],[4,5]],[[1,8],[7,9],[1,9],[7,8],[4,6],[3,5],[5,6],[3,4]],[[1,10],[7,10],[9,10],[8,10],[6,10],[3,10],[5,10],[4,10]],[[2,10]]]
16|false|exact|[[[1,2],[2,8],[1,6],[6,8],[2,10],[2,7],[6,10],[6,7]],[[1,3],[8,9],[1,9],[3,8],[1,5],[4,8],[1,4],[5,8],[5,10],[4,7],[4,10],[5,7],[3,10],[7,9],[9,10],[3,7]],[[1,7],[8,10],[1,10],[7,8]],[[1,8],[7,10]],[[2,3],[2,9],[5,6],[4,6],[2,5],[2,4],[3,6],[6,9]],[[2,6]],[[3,4],[5,9],[3,5],[4,9]],[[3,9],[4,5]]]
16|false|exact|[[[1,2],[5,7]],[[1,3],[2,4],[1,4],[2,3],[6,7],[5,8],[7,8],[5,6]],[[1,5],[2,7],[1,7],[2,5]],[[1,6],[2,8],[1,8],[2,6],[3,7],[4,5],[4,7],[3,5]],[[1,9],[2,9],[7,10],[5,10]],[[1,10],[2,10],[7,9],[5,9]],[[3,4],[6,8]],[[3,6],[4,8],[3,8],[4,6]],[[3,9],[4,9],[6,10],[8,10]],[[3,10],[4,10],[6,9],[8,9]],[[9,10]]]
16|false|exact|[[[1,2],[2,8],[1,6],[6,8],[2,10],[2,7],[6,10],[6,7]],[[1,3],[8,9],[1,4],[5,8],[1,9],[3,8],[1,5],[4,8],[4,10],[5,7],[9,10],[3,7],[5,10],[4,7],[3,10],[7,9]],[[1,7],[8,10],[1,10],[7,8]],[[1,8],[7,10]],[[2,3],[2,9],[4,6],[5,6],[2,4],[2,5],[6,9],[3,6]],[[2,6]],[[3,4],[5,9],[4,9],[3,5]],[[3,9],[4,5]]]
16|false|exact|[[[1,2],[2,8],[6,9],[4,6]],[[1,3],[1,10],[3,8],[8,10],[5,9],[7,9],[4,5],[4,7]],[[1,4],[8,9],[1,9],[4,8]],[[1,5],[1,7],[5,8],[7,8],[3,9],[9,10],[3,4],[4,10]],[[1,6],[6,8],[2,9],[2,4]],[[1,8],[4,9]],[[2,3],[2,10],[5,6],[6,7]],[[2,5],[2,7],[3,6],[6,10]],[[2,6]],[[3,5],[7,10],[3,7],[5,10]],[[3,10],[5,7]]]
16|false|exact|[[[1,2],[2,10],[6,7],[4,6]],[[1,3],[8,10],[1,9],[5,10],[1,8],[3,10],[1,5],[9,10],[7,9],[4,5],[7,8],[3,4],[5,7],[4,9],[3,7],[4,8]],[[1,4],[7,10],[1,7],[4,10]],[[1,6],[6,10],[2,7],[2,4]],[[1,10],[4,7]],[[2,3],[2,8],[2,9],[2,5],[6,9],[5,6],[6,8],[3,6]],[[2,6]],[[3,5],[8,9],[3,9],[5,8]],[[3,8],[5,9]]]
16|false|exact|[[[1,2],[1,4],[2,10],[4,10],[4,9],[2,9],[4,7],[2,7]],[[1,3],[1,5],[1,6],[1,8],[3,10],[5,10],[6,10],[8,10],[3,9],[5,9],[8,9],[6,9],[3,7],[5,7],[7,8],[6,7]],[[1,7],[9,10],[1,9],[7,10]],[[1,10],[7,9]],[[2,3],[2,5],[4,6],[4,8],[3,4],[4,5],[2,8],[2,6]],[[2,4]],[[3,5],[6,8]],[[3,6],[5,8],[3,8],[5,6]]]
16|false|exact|[[[1,2],[1,3],[6,10],[7,10],[2,10],[3,10],[1,6],[1,7]],[[1,4],[1,5],[9,10],[8,10],[4,10],[5,10],[1,8],[1,9]],[[1,10]],[[2,3],[6,7]],[[2,4],[2,5],[3,4],[3,5],[6,9],[6,8],[7,9],[7,8]],[[2,6],[3,7],[3,6],[2,7]],[[2,8],[2,9],[3,8],[3,9],[5,6],[4,6],[5,7],[4,7]],[[4,5],[8,9]],[[4,8],[5,9],[4,9],[5,8]]]
16|false|exact|[[[1,2],[5,8]],[[1,3],[2,3],[5,10],[8,10]],[[1,4],[2,6],[1,6],[2,4],[5,7],[8,9],[5,9],[7,8],[1,9],[2,7],[1,7],[2,9],[4,8],[5,6],[6,8],[4,5]],[[1,5],[2,8],[2,5],[1,8]],[[1,10],[2,10],[3,5],[3,8]],[[3,4],[3,6],[7,10],[9,10],[3,9],[3,7],[4,10],[6,10]],[[3,10]],[[4,6],[7,9]],[[4,7],[6,9],[4,9],[6,7]]]
16|false|exact|[[[1,2],[2,7],[6,8],[6,9]],[[1,3],[3,7],[1,5],[5,7],[1,4],[4,7],[1,10],[7,10],[4,8],[4,9],[8,10],[9,10],[5,8],[5,9],[3,8],[3,9]],[[1,6],[6,7],[2,8],[2,9]],[[1,7],[8,9]],[[1,8],[7,9],[1,9],[7,8]],[[2,3],[2,5],[2,4],[2,10],[4,6],[6,10],[5,6],[3,6]],[[2,6]],[[3,4],[5,10],[4,5],[3,10]],[[3,5],[4,10]]]
16|false|exact|[[[1,2],[2,10],[3,6],[5,6],[1,6],[6,10],[2,5],[2,3]],[[1,3],[5,10],[3,10],[1,5]],[[1,4],[7,10],[1,7],[4,10],[3,8],[5,9],[3,9],[5,8]],[[1,8],[9,10],[1,9],[8,10],[3,4],[5,7],[3,7],[4,5]],[[1,10],[3,5]],[[2,4],[2,7],[6,8],[6,9],[4,6],[6,7],[2,9],[2,8]],[[2,6]],[[4,7],[8,9]],[[4,8],[7,9],[4,9],[7,8]]]
16|false|exact|[[[1,2],[2,4],[6,8],[6,9],[1,6],[4,6],[2,8],[2,9]],[[1,3],[1,5],[3,4],[4,5],[7,8],[8,10],[7,9],[9,10]],[[1,4],[8,9]],[[1,7],[1,10],[4,7],[4,10],[5,8],[3,8],[5,9],[3,9]],[[1,8],[4,9],[4,8],[1,9]],[[2,3],[2,5],[6,7],[6,10],[3,6],[5,6],[2,10],[2,7]],[[2,6]],[[3,5],[7,10]],[[3,7],[5,10],[5,7],[3,10]]]
16|false|exact|[[[1,2],[2,10],[6,7],[4,6]],[[1,3],[1,8],[3,10],[8,10],[7,9],[5,7],[4,9],[4,5],[3,7],[7,8],[3,4],[4,8],[5,10],[9,10],[1,5],[1,9]],[[1,4],[7,10],[1,7],[4,10]],[[1,6],[6,10],[2,7],[2,4]],[[1,10],[4,7]],[[2,3],[2,8],[6,9],[5,6],[3,6],[6,8],[2,5],[2,9]],[[2,6]],[[3,5],[8,9],[3,9],[5,8]],[[3,8],[5,9]]]
16|false|exact|[[[1,2],[2,5],[6,7],[6,10]],[[1,3],[4,5],[1,4],[3,5],[3,7],[4,10],[4,7],[3,10],[1,9],[5,8],[1,8],[5,9],[9,10],[7,8],[8,10],[7,9]],[[1,5],[7,10]],[[1,6],[5,6],[2,7],[2,10]],[[1,7],[5,10],[5,7],[1,10]],[[2,3],[2,4],[3,6],[4,6],[2,9],[2,8],[6,9],[6,8]],[[2,6]],[[3,4],[8,9]],[[3,8],[4,9],[3,9],[4,8]]]
16|false|exact|[[[1,2],[2,9],[2,6],[2,5]],[[1,3],[4,9],[1,4],[3,9],[6,7],[5,8],[6,8],[5,7]],[[1,5],[6,9],[1,6],[5,9]],[[1,7],[8,9],[1,8],[7,9],[3,6],[4,5],[4,6],[3,5]],[[1,9],[5,6]],[[1,10],[9,10],[6,10],[5,10]],[[2,3],[2,4],[2,7],[2,8]],[[2,10]],[[3,4],[7,8]],[[3,7],[4,8],[3,8],[4,7]],[[3,10],[4,10],[7,10],[8,10]]]
16|false|exact|[[[1,2],[2,7],[2,9],[2,8]],[[1,3],[5,7],[1,5],[3,7],[1,6],[4,7],[1,4],[6,7],[4,9],[6,8],[6,9],[4,8],[5,9],[3,8],[3,9],[5,8]],[[1,7],[8,9]],[[1,8],[7,9],[1,9],[7,8]],[[1,10],[7,10],[9,10],[8,10]],[[2,3],[2,5],[2,6],[2,4]],[[2,10]],[[3,4],[5,6],[3,6],[4,5]],[[3,5],[4,6]],[[3,10],[5,10],[6,10],[4,10]]]
16|false|exact|[[[1,2],[2,9],[2,6],[2,5]],[[1,3],[1,4],[3,9],[4,9],[6,7],[6,8],[5,7],[5,8]],[[1,5],[6,9],[1,6],[5,9]],[[1,7],[1,8],[7,9],[8,9],[3,6],[4,6],[3,5],[4,5]],[[1,9],[5,6]],[[1,10],[9,10],[6,10],[5,10]],[[2,3],[2,4],[2,7],[2,8]],[[2,10]],[[3,4],[7,8]],[[3,7],[4,8],[3,8],[4,7]],[[3,10],[4,10],[7,10],[8,10]]]
16|false|exact|[[[1,2],[2,3],[2,4],[2,9]],[[1,3],[4,9]],[[1,4],[3,9],[1,9],[3,4]],[[1,5],[3,10],[1,10],[3,5],[4,7],[8,9],[4,8],[7,9],[1,8],[3,7],[1,7],[3,8],[9,10],[4,5],[5,9],[4,10]],[[1,6],[3,6],[4,6],[6,9]],[[2,5],[2,10],[2,7],[2,8]],[[2,6]],[[5,6],[6,10],[6,7],[6,8]],[[5,7],[8,10],[7,10],[5,8]],[[5,10],[7,8]]]
16|false|exact|[[[1,2],[1,3],[1,6],[1,7]],[[1,4],[1,5],[1,8],[1,9]],[[1,10]],[[2,3],[6,7]],[[2,4],[2,5],[2,8],[2,9],[3,4],[3,5],[3,8],[3,9],[4,6],[5,6],[6,9],[6,8],[4,7],[5,7],[7,9],[7,8]],[[2,6],[3,7],[3,6],[2,7]],[[2,10],[3,10],[6,10],[7,10]],[[4,5],[8,9]],[[4,8],[5,9],[4,9],[5,8]],[[4,10],[5,10],[8,10],[9,10]]]
16|false|exact|[[[1,2],[2,3],[2,10],[2,8],[5,6],[4,6],[6,7],[6,9]],[[1,3],[8,10],[4,5],[7,9]],[[1,4],[3,5],[9,10],[7,8],[5,8],[4,10],[3,7],[1,9],[1,5],[3,4],[7,10],[8,9],[4,8],[5,10],[3,9],[1,7]],[[1,6],[3,6],[6,10],[6,8],[2,5],[2,4],[2,7],[2,9]],[[1,8],[3,10],[5,9],[4,7]],[[1,10],[3,8],[5,7],[4,9]],[[2,6]]]
16|false|exact|[[[1,2],[2,7],[2,5],[2,4],[3,6],[6,8],[6,10],[6,9],[1,6],[6,7],[5,6],[4,6],[2,8],[2,3],[2,9],[2,10]],[[1,3],[7,8],[5,10],[4,9],[3,5],[4,8],[1,10],[7,9],[1,8],[3,7],[5,9],[4,10],[5,8],[3,4],[1,9],[7,10]],[[1,4],[5,7],[3,9],[8,10]],[[1,5],[4,7],[3,10],[8,9]],[[1,7],[4,5],[3,8],[9,10]],[[2,6]]]
16|false|exact|[[[1,2],[1,3],[1,7],[1,6],[1,9],[1,8],[1,5],[1,4]],[[1,10]],[[2,3],[6,7],[8,9],[4,5]],[[2,4],[3,5],[7,8],[6,9],[3,9],[2,8],[5,6],[4,7],[2,5],[3,4],[7,9],[6,8],[3,8],[2,9],[4,6],[5,7]],[[2,6],[3,7],[4,9],[5,8]],[[2,7],[3,6],[5,9],[4,8]],[[2,10],[3,10],[7,10],[6,10],[9,10],[8,10],[5,10],[4,10]]]
16|false|exact|[[[1,2],[1,4],[1,3],[1,5]],[[1,6],[1,8],[1,7],[1,9]],[[1,10]],[[2,3],[4,5],[3,4],[2,5]],[[2,4],[3,5]],[[2,6],[2,8],[2,7],[2,9],[4,6],[4,8],[4,7],[4,9],[3,6],[3,8],[3,7],[3,9],[5,6],[5,8],[5,7],[5,9]],[[2,10],[4,10],[3,10],[5,10]],[[6,7],[8,9],[7,8],[6,9]],[[6,8],[7,9]],[[6,10],[8,10],[7,10],[9,10]]]
16|false|exact|[[[1,2],[6,7],[1,6],[2,7]],[[1,3],[3,7],[3,6],[2,3]],[[1,4],[4,7],[1,5],[5,7],[6,9],[2,9],[6,8],[2,8],[1,9],[7,9],[1,8],[7,8],[2,5],[5,6],[2,4],[4,6]],[[1,7],[2,6]],[[1,10],[7,10],[6,10],[2,10]],[[3,4],[3,5],[3,9],[3,8]],[[3,10]],[[4,5],[8,9]],[[4,8],[5,9],[4,9],[5,8]],[[4,10],[5,10],[9,10],[8,10]]]
16|false|exact|[[[1,2],[3,10],[1,3],[2,10],[1,5],[4,10],[1,4],[5,10]],[[1,6],[1,7],[9,10],[8,10],[1,8],[1,9],[6,10],[7,10]],[[1,10]],[[2,3],[4,5]],[[2,4],[3,5],[2,5],[3,4]],[[2,6],[2,7],[3,9],[3,8],[3,6],[3,7],[2,9],[2,8],[5,8],[5,9],[4,6],[4,7],[4,8],[4,9],[5,6],[5,7]],[[6,7],[8,9]],[[6,8],[7,9],[6,9],[7,8]]]
16|false|exact|[[[1,2],[1,4],[3,10],[5,10]],[[1,3],[1,5],[4,10],[2,10]],[[1,6],[1,8],[6,10],[8,10],[1,7],[1,9],[7,10],[9,10]],[[1,10]],[[2,3],[4,5],[3,4],[2,5]],[[2,4],[3,5]],[[2,6],[2,8],[4,6],[4,8],[3,6],[3,8],[5,6],[5,8],[2,7],[2,9],[4,7],[4,9],[3,7],[3,9],[5,7],[5,9]],[[6,7],[8,9],[6,9],[7,8]],[[6,8],[7,9]]]
16|false|exact|[[[1,2],[1,3],[4,10],[5,10]],[[1,4],[1,5],[2,10],[3,10]],[[1,6],[1,7],[9,10],[8,10],[1,8],[1,9],[6,10],[7,10]],[[1,10]],[[2,3],[4,5]],[[2,4],[3,5],[2,5],[3,4]],[[2,6],[3,6],[2,7],[3,7],[4,9],[5,9],[4,8],[5,8],[2,8],[3,8],[2,9],[3,9],[5,6],[4,6],[5,7],[4,7]],[[6,7],[8,9]],[[6,8],[7,9],[6,9],[7,8]]]
16|false|exact|[[[1,2],[3,7],[1,3],[2,7],[2,9],[3,5],[3,9],[2,5]],[[1,4],[1,8],[7,10],[6,7],[1,10],[1,6],[7,8],[4,7],[4,9],[8,9],[5,10],[5,6],[9,10],[6,9],[5,8],[4,5]],[[1,5],[7,9],[1,9],[5,7]],[[1,7],[5,9]],[[2,3]],[[2,4],[2,8],[3,10],[3,6]],[[2,6],[2,10],[3,4],[3,8]],[[4,6],[8,10],[4,10],[6,8]],[[4,8],[6,10]]]
16|false|exact|[[[1,2],[2,9],[2,4],[2,5],[4,6],[5,6],[6,9],[1,6]],[[1,3],[1,8],[3,9],[8,9],[4,10],[4,7],[5,10],[5,7],[3,4],[4,8],[3,5],[5,8],[7,9],[9,10],[1,7],[1,10]],[[1,4],[5,9],[4,9],[1,5]],[[1,9],[4,5]],[[2,3],[2,8],[2,10],[2,7],[3,6],[6,8],[6,7],[6,10]],[[2,6]],[[3,7],[8,10],[3,10],[7,8]],[[3,8],[7,10]]]
16|false|exact|[[[1,2],[2,5],[3,6],[6,10],[2,4],[2,7],[6,9],[6,8],[1,6],[5,6],[2,10],[2,3],[6,7],[4,6],[2,9],[2,8]],[[1,3],[5,10],[3,5],[1,10],[4,9],[7,8],[7,9],[4,8]],[[1,4],[5,7],[3,9],[8,10],[1,7],[4,5],[9,10],[3,8]],[[1,5],[3,10],[4,7],[8,9]],[[1,8],[5,9],[3,4],[7,10],[4,10],[3,7],[1,9],[5,8]],[[2,6]]]
16|false|exact|[[[1,2],[1,4],[8,10],[6,10],[1,3],[1,5],[9,10],[7,10]],[[1,6],[1,8],[2,10],[4,10],[1,7],[1,9],[3,10],[5,10]],[[1,10]],[[2,3],[4,5],[8,9],[6,7],[3,4],[2,5],[6,9],[7,8]],[[2,4],[6,8],[3,5],[7,9]],[[2,6],[4,8],[2,8],[4,6],[3,7],[5,9],[3,9],[5,7]],[[2,7],[4,9],[3,8],[5,6],[2,9],[4,7],[3,6],[5,8]]]
16|false|exact|[[[1,2],[4,10],[6,7],[8,9],[2,10],[1,4],[6,9],[7,8]],[[1,3],[3,10],[3,6],[3,8],[2,3],[3,4],[3,9],[3,7],[1,5],[5,10],[5,8],[5,6],[2,5],[4,5],[5,7],[5,9]],[[1,6],[8,10],[6,10],[1,8],[2,9],[4,7],[4,9],[2,7]],[[1,7],[9,10],[4,6],[2,8],[2,6],[4,8],[1,9],[7,10]],[[1,10],[6,8],[2,4],[7,9]],[[3,5]]]
16|false|exact|[[[1,2],[1,4],[1,6],[1,8],[5,10],[3,10],[9,10],[7,10]],[[1,3],[1,5],[1,7],[1,9],[2,10],[4,10],[6,10],[8,10]],[[1,10]],[[2,3],[4,5],[6,7],[8,9],[2,5],[3,4],[6,9],[7,8]],[[2,4],[6,8],[3,5],[7,9]],[[2,6],[4,8],[4,6],[2,8],[5,9],[3,7],[3,9],[5,7]],[[2,7],[4,9],[5,6],[3,8],[2,9],[4,7],[5,8],[3,6]]]
16|false|exact|[[[1,2],[4,10],[6,7],[8,9],[2,10],[1,4],[7,8],[6,9]],[[1,3],[3,10],[3,6],[3,8],[2,3],[3,4],[3,7],[3,9],[1,5],[5,10],[5,8],[5,6],[2,5],[4,5],[5,9],[5,7]],[[1,6],[8,10],[2,7],[4,9],[1,8],[6,10],[2,9],[4,7]],[[1,7],[9,10],[2,6],[4,8],[2,8],[4,6],[7,10],[1,9]],[[1,10],[6,8],[2,4],[7,9]],[[3,5]]]
16|false|exact|[[[1,2],[2,6],[2,9],[2,5],[2,8],[2,4],[2,7],[2,3]],[[1,3],[6,7],[8,9],[4,5],[1,7],[3,6],[5,8],[4,9]],[[1,4],[6,8],[3,9],[5,7],[1,8],[4,6],[7,9],[3,5]],[[1,5],[6,9],[1,9],[5,6],[3,8],[4,7],[7,8],[3,4]],[[1,6],[5,9],[4,8],[3,7]],[[1,10],[6,10],[9,10],[5,10],[8,10],[4,10],[7,10],[3,10]],[[2,10]]]
16|false|exact|[[[1,2],[2,9],[2,6],[2,5],[2,8],[2,7],[2,3],[2,4]],[[1,3],[4,9],[6,7],[5,8],[8,9],[1,7],[3,5],[4,6],[1,4],[3,9],[6,8],[5,7],[7,9],[1,8],[4,5],[3,6]],[[1,5],[6,9],[1,6],[5,9],[4,8],[3,7],[3,8],[4,7]],[[1,9],[5,6],[7,8],[3,4]],[[1,10],[9,10],[6,10],[5,10],[8,10],[7,10],[3,10],[4,10]],[[2,10]]]
16|false|exact|[[[1,2],[2,3],[2,8],[2,10],[6,9],[6,7],[5,6],[4,6]],[[1,3],[8,10],[7,9],[4,5]],[[1,4],[3,5],[8,9],[7,10],[1,9],[3,7],[5,8],[4,10],[1,5],[3,4],[7,8],[9,10],[1,7],[3,9],[4,8],[5,10]],[[1,6],[3,6],[6,8],[6,10],[2,9],[2,7],[2,5],[2,4]],[[1,8],[3,10],[3,8],[1,10],[5,9],[4,7],[5,7],[4,9]],[[2,6]]]
16|false|exact|[[[1,2],[2,9],[2,5],[2,10],[2,4],[2,3],[2,8],[2,7],[1,6],[6,9],[5,6],[6,10],[4,6],[3,6],[6,8],[6,7]],[[1,3],[4,9],[5,7],[8,10],[4,10],[3,5],[1,8],[7,9]],[[1,4],[3,9],[5,8],[7,10],[4,5],[3,10],[8,9],[1,7]],[[1,5],[9,10],[5,9],[1,10],[4,8],[3,7],[3,8],[4,7]],[[1,9],[5,10],[3,4],[7,8]],[[2,6]]]
16|false|exact|[[[1,2],[2,9],[2,5],[2,10],[2,4],[2,3],[2,8],[2,7],[1,6],[6,9],[5,6],[6,10],[3,6],[4,6],[6,7],[6,8]],[[1,3],[4,9],[5,7],[8,10],[4,10],[3,5],[1,8],[7,9],[1,4],[3,9],[5,8],[7,10],[3,10],[4,5],[1,7],[8,9]],[[1,5],[9,10],[5,9],[1,10],[4,8],[3,7],[3,8],[4,7]],[[1,9],[5,10],[3,4],[7,8]],[[2,6]]]
16|false|exact|[[[1,2],[1,4],[1,9],[1,7],[5,10],[3,10],[6,10],[8,10]],[[1,3],[1,5],[1,8],[1,6],[9,10],[7,10],[4,10],[2,10]],[[1,10]],[[2,3],[4,5],[8,9],[6,7],[5,9],[3,7],[4,6],[2,8]],[[2,4],[7,9],[3,5],[6,8]],[[2,5],[3,4],[6,9],[7,8],[5,7],[3,9],[2,6],[4,8]],[[2,7],[4,9],[2,9],[4,7],[5,8],[3,6],[5,6],[3,8]]]
16|false|exact|[[[1,2],[3,8],[1,3],[2,8],[6,9],[4,10],[6,10],[4,9]],[[1,4],[6,8],[3,9],[2,10],[3,6],[2,4],[8,10],[1,9]],[[1,5],[5,8],[3,5],[2,5],[5,6],[4,5],[5,10],[5,9],[1,7],[7,8],[2,7],[3,7],[7,10],[7,9],[6,7],[4,7]],[[1,6],[4,8],[3,10],[2,9],[2,6],[3,4],[1,10],[8,9]],[[1,8],[2,3],[4,6],[9,10]],[[5,7]]]
16|false|exact|[[[1,2],[1,3],[1,8],[1,9],[2,10],[3,10],[9,10],[8,10],[1,5],[1,4],[1,7],[1,6],[5,10],[4,10],[6,10],[7,10]],[[1,10]],[[2,3],[8,9],[4,5],[6,7]],[[2,4],[3,5],[7,8],[6,9],[2,6],[3,7],[5,9],[4,8]],[[2,5],[3,4],[6,8],[7,9],[2,7],[3,6],[4,9],[5,8]],[[2,8],[3,9],[3,8],[2,9],[5,7],[4,6],[4,7],[5,6]]]
16|false|exact|[[[1,2],[3,5],[6,8],[7,9]],[[1,3],[2,5],[1,5],[2,3],[6,7],[8,9],[6,9],[7,8]],[[1,4],[2,4],[4,5],[3,4],[4,6],[4,8],[4,9],[4,7]],[[1,6],[2,8],[5,7],[3,9],[1,9],[2,7],[3,8],[5,6]],[[1,7],[2,9],[5,8],[3,6],[1,8],[2,6],[3,7],[5,9]],[[1,10],[2,10],[5,10],[3,10],[6,10],[8,10],[9,10],[7,10]],[[4,10]]]
16|false|exact|[[[1,2],[4,10],[6,9],[7,8],[1,7],[9,10],[4,8],[2,6],[4,6],[2,8],[7,10],[1,9],[1,4],[2,10],[8,9],[6,7]],[[1,3],[3,10],[3,6],[3,8],[1,5],[5,10],[5,8],[5,6],[3,4],[2,3],[3,7],[3,9],[4,5],[2,5],[5,9],[5,7]],[[1,6],[8,10],[6,10],[1,8],[4,7],[2,9],[2,7],[4,9]],[[1,10],[6,8],[2,4],[7,9]],[[3,5]]]
16|false|exact|[[[1,2],[1,3],[1,4],[1,5],[1,8],[1,9],[1,6],[1,7],[2,10],[3,10],[5,10],[4,10],[7,10],[6,10],[9,10],[8,10]],[[1,10]],[[2,3],[4,5],[8,9],[6,7]],[[2,4],[3,5],[3,4],[2,5],[6,8],[7,9],[6,9],[7,8]],[[2,6],[3,7],[4,8],[5,9],[5,8],[4,9],[3,6],[2,7],[2,9],[3,8],[5,7],[4,6],[4,7],[5,6],[3,9],[2,8]]]
16|false|exact|[[[1,2],[2,3],[2,4],[2,8],[5,6],[6,9],[6,10],[6,7]],[[1,3],[4,8],[5,9],[7,10]],[[1,4],[3,8],[3,4],[1,8],[5,10],[7,9],[9,10],[5,7]],[[1,5],[3,9],[4,10],[7,8],[4,5],[8,9],[3,10],[1,7],[1,10],[3,7],[5,8],[4,9],[8,10],[4,7],[3,5],[1,9]],[[1,6],[3,6],[4,6],[6,8],[2,5],[2,9],[2,10],[2,7]],[[2,6]]]
16|false|exact|[[[1,2],[2,5],[2,6],[2,9],[2,7],[2,4],[2,3],[2,8]],[[1,3],[5,8],[6,7],[4,9],[7,9],[4,6],[3,5],[1,8],[1,4],[5,7],[8,9],[3,6],[6,8],[3,9],[4,5],[1,7]],[[1,5],[6,9],[4,7],[3,8]],[[1,6],[5,9],[5,6],[1,9],[3,7],[4,8],[3,4],[7,8]],[[1,10],[5,10],[6,10],[9,10],[7,10],[4,10],[3,10],[8,10]],[[2,10]]]
18|false|exact|[[[1,2],[2,8],[2,7],[1,4],[4,8],[4,7],[1,10],[8,10],[7,10]],[[1,3],[3,8],[3,7]],[[1,5],[5,8],[5,7]],[[1,6],[6,8],[6,7]],[[1,7],[1,8],[7,8]],[[1,9],[8,9],[7,9]],[[2,3],[3,4],[3,10]],[[2,4],[4,10],[2,10]],[[2,5],[4,5],[5,10]],[[2,6],[4,6],[6,10]],[[2,9],[4,9],[9,10]],[[3,5]],[[3,6]],[[3,9]],[[5,6]],[[5,9]],[[6,9]]]
18|false|exact|[[[1,2],[1,4],[1,6],[2,5],[5,6],[4,5]],[[1,3],[1,7],[1,9],[3,5],[5,9],[5,7]],[[1,5]],[[1,8],[5,10]],[[1,10],[5,8]],[[2,3],[2,7],[2,9],[3,4],[4,7],[4,9],[3,6],[6,7],[6,9]],[[2,4],[4,6],[2,6]],[[2,8],[4,8],[6,8],[2,10],[6,10],[4,10]],[[3,7],[7,9],[3,9]],[[3,8],[7,8],[8,9],[3,10],[9,10],[7,10]],[[8,10]]]
18|false|exact|[[[1,2],[5,7],[4,8],[1,9],[3,5],[6,8],[2,9],[3,7],[4,6]],[[1,3],[5,6],[8,9],[7,9],[3,4],[2,6],[2,5],[7,8],[1,4]],[[1,5],[5,8],[1,8],[3,9],[3,6],[6,9],[2,7],[4,7],[2,4]],[[1,6],[5,9],[3,8],[4,9],[2,3],[6,7],[2,8],[1,7],[4,5]],[[1,10],[5,10],[8,10],[9,10],[3,10],[6,10],[2,10],[7,10],[4,10]]]
18|false|exact|[[[1,2],[2,5],[2,9],[1,3],[3,9],[3,5]],[[1,4],[4,5],[4,9]],[[1,5],[5,9],[1,9]],[[1,6],[5,6],[6,9],[1,8],[5,8],[8,9],[1,7],[5,7],[7,9]],[[1,10],[5,10],[9,10]],[[2,3]],[[2,4],[3,4]],[[2,6],[2,8],[2,7],[3,6],[3,7],[3,8]],[[2,10],[3,10]],[[4,6],[4,8],[4,7]],[[4,10]],[[6,7],[6,8],[7,8]],[[6,10],[8,10],[7,10]]]
18|false|exact|[[[1,2],[7,9],[4,6],[1,7],[4,9],[2,6],[1,4],[2,9],[6,7],[1,8],[5,6],[3,9],[1,5],[3,6],[8,9],[1,3],[6,8],[5,9]],[[1,6],[1,9],[6,9]],[[1,10],[9,10],[6,10]],[[2,3],[5,7],[4,8]],[[2,4],[2,7],[4,7],[3,8],[5,8],[3,5]],[[2,5],[7,8],[3,4]],[[2,8],[3,7],[4,5]],[[2,10],[7,10],[4,10],[8,10],[5,10],[3,10]]]
18|false|exact|[[[1,2],[2,9],[1,9]],[[1,3],[2,4],[5,9],[1,5],[2,3],[4,9],[1,4],[2,5],[3,9]],[[1,6],[2,6],[6,9],[1,7],[2,7],[7,9],[1,8],[2,8],[8,9]],[[1,10],[2,10],[9,10]],[[3,4],[4,5],[3,5]],[[3,6],[4,6],[5,6],[5,7],[3,7],[4,7],[4,8],[5,8],[3,8]],[[3,10],[4,10],[5,10]],[[6,7],[7,8],[6,8]],[[6,10],[7,10],[8,10]]]
18|false|exact|[[[1,2],[2,9],[1,9]],[[1,3],[2,3],[3,9],[1,4],[2,4],[4,9],[1,5],[2,5],[5,9]],[[1,6],[2,8],[7,9],[1,8],[6,9],[2,7]],[[1,7],[2,6],[8,9]],[[1,10],[2,10],[9,10]],[[3,4],[4,5],[3,5]],[[3,6],[3,8],[3,7],[4,6],[4,8],[4,7],[5,6],[5,8],[5,7]],[[3,10],[4,10],[5,10]],[[6,7],[6,8],[7,8]],[[6,10],[8,10],[7,10]]]
18|false|exact|[[[1,2]],[[1,3],[1,5],[1,4]],[[1,6]],[[1,7],[1,8],[1,9]],[[1,10]],[[2,3],[2,5],[2,4]],[[2,6]],[[2,7],[2,8],[2,9]],[[2,10]],[[3,4],[3,5],[4,5]],[[3,6],[5,6],[4,6]],[[3,7],[3,8],[3,9],[5,7],[5,8],[5,9],[4,7],[4,8],[4,9]],[[3,10],[5,10],[4,10]],[[6,7],[6,8],[6,9]],[[6,10]],[[7,8],[8,9],[7,9]],[[7,10],[8,10],[9,10]]]
18|false|exact|[[[1,2],[2,8],[2,6],[2,9],[2,7],[2,5]],[[1,3],[3,8],[3,6],[3,9],[3,7],[3,5]],[[1,4],[4,8],[4,6],[4,9],[4,7],[4,5]],[[1,5],[5,8],[5,6],[1,9],[8,9],[6,9],[1,7],[7,8],[6,7]],[[1,6],[1,8],[6,8],[5,9],[7,9],[5,7]],[[1,10],[8,10],[6,10],[9,10],[7,10],[5,10]],[[2,3]],[[2,4]],[[2,10]],[[3,4]],[[3,10]],[[4,10]]]
18|false|exact|[[[1,2],[2,3],[2,8],[6,7],[6,9],[5,6]],[[1,3],[3,8],[1,8],[7,9],[5,9],[5,7]],[[1,4],[3,4],[4,8],[7,10],[9,10],[5,10]],[[1,5],[3,7],[8,9],[1,9],[3,5],[7,8],[1,7],[3,9],[5,8]],[[1,6],[3,6],[6,8],[2,7],[2,9],[2,5]],[[1,10],[3,10],[8,10],[4,7],[4,9],[4,5]],[[2,4],[6,10]],[[2,6]],[[2,10],[4,6]],[[4,10]]]
18|false|exact|[[[1,2],[2,5],[2,9],[1,6],[5,6],[6,9]],[[1,3],[3,5],[3,9],[1,8],[5,8],[8,9]],[[1,4],[5,7],[9,10],[1,7],[5,10],[4,9],[1,10],[4,5],[7,9]],[[1,5],[5,9],[1,9]],[[2,3],[6,8]],[[2,4],[2,7],[2,10],[4,6],[6,10],[6,7]],[[2,6]],[[2,8],[3,6]],[[3,4],[3,7],[3,10],[4,8],[8,10],[7,8]],[[3,8]],[[4,7],[7,10],[4,10]]]
18|false|exact|[[[1,2],[4,5],[6,8]],[[1,3],[1,9],[1,7],[3,5],[5,9],[5,7],[3,8],[8,9],[7,8]],[[1,4],[5,6],[2,8]],[[1,5],[5,8],[1,8]],[[1,6],[2,5],[4,8]],[[1,10],[5,10],[8,10]],[[2,3],[2,9],[2,7],[3,4],[4,9],[4,7],[3,6],[6,9],[6,7]],[[2,4],[4,6],[2,6]],[[2,10],[4,10],[6,10]],[[3,7],[3,9],[7,9]],[[3,10],[9,10],[7,10]]]
18|false|exact|[[[1,2],[6,8],[3,5],[1,5],[2,6],[3,8],[1,8],[5,6],[2,3]],[[1,3],[1,6],[3,6]],[[1,4],[6,10],[3,7],[1,7],[3,10],[4,6]],[[1,9],[6,9],[3,9]],[[1,10],[6,7],[3,4]],[[2,4],[8,10],[5,7],[4,5],[2,10],[7,8],[4,8],[5,10],[2,7]],[[2,5],[2,8],[5,8]],[[2,9],[8,9],[5,9]],[[4,7],[4,10],[7,10]],[[4,9],[9,10],[7,9]]]
18|false|exact|[[[1,2],[2,4],[1,4],[5,7],[5,8],[7,8]],[[1,3],[1,9],[1,6],[2,3],[2,9],[2,6],[3,4],[4,9],[4,6],[3,7],[7,9],[6,7],[3,5],[5,9],[5,6],[3,8],[8,9],[6,8]],[[1,5],[2,7],[4,8]],[[1,7],[2,8],[4,5]],[[1,8],[2,5],[4,7]],[[1,10],[2,10],[4,10],[7,10],[5,10],[8,10]],[[3,6],[3,9],[6,9]],[[3,10],[9,10],[6,10]]]
18|false|exact|[[[1,2],[3,5],[4,9],[1,9],[2,3],[4,5],[1,5],[3,9],[2,4],[6,9],[2,7],[5,8],[5,6],[7,9],[2,8],[2,6],[5,7],[8,9]],[[1,3],[3,4],[1,4],[6,7],[7,8],[6,8]],[[1,6],[3,7],[4,8],[1,7],[3,8],[4,6],[1,8],[3,6],[4,7]],[[1,10],[3,10],[4,10],[6,10],[7,10],[8,10]],[[2,5],[5,9],[2,9]],[[2,10],[5,10],[9,10]]]
18|false|exact|[[[1,2],[1,4],[1,6],[2,8],[4,8],[6,8],[2,9],[4,9],[6,9],[3,9],[5,9],[7,9],[3,8],[5,8],[7,8],[1,3],[1,5],[1,7]],[[1,8],[8,9],[1,9]],[[1,10],[8,10],[9,10]],[[2,3],[4,5],[6,7],[3,4],[5,6],[2,7]],[[2,4],[4,6],[2,6],[3,5],[5,7],[3,7]],[[2,5],[4,7],[3,6]],[[2,10],[4,10],[6,10],[3,10],[5,10],[7,10]]]
18|false|exact|[[[1,2],[2,6],[1,6]],[[1,3],[1,5],[1,4],[2,3],[2,5],[2,4],[3,6],[5,6],[4,6],[1,9],[1,8],[1,7],[6,9],[6,8],[6,7],[2,9],[2,8],[2,7]],[[1,10],[2,10],[6,10]],[[3,4],[3,5],[4,5],[7,9],[8,9],[7,8]],[[3,7],[5,9],[4,8],[3,9],[5,8],[4,7],[3,8],[5,7],[4,9]],[[3,10],[5,10],[4,10],[9,10],[8,10],[7,10]]]
18|false|exact|[[[1,2],[2,7],[2,5],[1,4],[4,5],[4,7]],[[1,3],[7,8],[5,6],[1,6],[3,7],[5,8],[1,8],[6,7],[3,5]],[[1,5],[1,7],[5,7]],[[1,9],[7,9],[5,9]],[[1,10],[7,10],[5,10]],[[2,3],[2,8],[2,6],[3,4],[4,8],[4,6]],[[2,4]],[[2,9],[4,9]],[[2,10],[4,10]],[[3,6],[3,8],[6,8]],[[3,9],[8,9],[6,9]],[[3,10],[8,10],[6,10]],[[9,10]]]
18|false|exact|[[[1,2],[2,6]],[[1,3],[1,5],[1,4],[6,7],[6,9],[6,8]],[[1,6]],[[1,7],[1,9],[1,8],[3,6],[5,6],[4,6]],[[1,10],[6,10]],[[2,3],[2,5],[2,4],[2,7],[2,9],[2,8]],[[2,10]],[[3,4],[3,5],[4,5],[7,8],[7,9],[8,9]],[[3,7],[5,7],[4,7],[3,9],[5,9],[4,9],[3,8],[5,8],[4,8]],[[3,10],[5,10],[4,10],[7,10],[9,10],[8,10]]]
18|false|exact|[[[1,2],[6,8],[4,5],[6,7],[3,4],[1,9],[3,5],[2,9],[7,8]],[[1,3],[6,9],[4,7],[2,7],[3,8],[5,9],[5,6],[2,4],[1,8]],[[1,4],[1,6],[4,6],[7,9],[3,7],[3,9],[5,8],[2,5],[2,8],[1,5],[1,7],[5,7],[2,6],[3,6],[2,3],[4,8],[4,9],[8,9]],[[1,10],[6,10],[4,10],[7,10],[3,10],[9,10],[5,10],[2,10],[8,10]]]
18|false|exact|[[[1,2],[1,10],[1,4],[2,3],[3,10],[3,4],[2,5],[5,10],[4,5]],[[1,3],[3,5],[1,5]],[[1,6],[1,8],[3,6],[3,8],[5,6],[5,8]],[[1,7],[1,9],[3,7],[3,9],[5,7],[5,9]],[[2,4],[2,10],[4,10]],[[2,6],[2,8],[8,10],[6,10],[4,6],[4,8]],[[2,7],[2,9],[9,10],[7,10],[4,7],[4,9]],[[6,7],[8,9]],[[6,8]],[[6,9],[7,8]],[[7,9]]]
18|false|exact|[[[1,2],[1,9],[2,9]],[[1,3],[3,9],[2,3],[1,4],[4,9],[2,4],[1,5],[5,9],[2,5]],[[1,6],[6,9],[2,6]],[[1,7],[1,8],[7,9],[8,9],[2,7],[2,8]],[[1,10],[9,10],[2,10]],[[3,4],[4,5],[3,5]],[[3,6],[4,6],[5,6]],[[3,7],[3,8],[4,7],[4,8],[5,7],[5,8]],[[3,10],[4,10],[5,10]],[[6,7],[6,8]],[[6,10]],[[7,8]],[[7,10],[8,10]]]
18|false|exact|[[[1,2],[2,9],[2,8],[1,4],[4,9],[4,8],[1,6],[6,9],[6,8],[1,3],[3,9],[3,8],[1,5],[5,9],[5,8],[1,7],[7,9],[7,8]],[[1,8],[1,9],[8,9]],[[1,10],[9,10],[8,10]],[[2,3],[4,5],[6,7],[3,4],[5,6],[2,7]],[[2,4],[4,6],[2,6],[3,5],[5,7],[3,7]],[[2,5],[4,7],[3,6]],[[2,10],[4,10],[6,10],[3,10],[5,10],[7,10]]]
18|false|exact|[[[1,2],[4,5],[3,9],[8,9],[1,7],[5,6],[3,6],[2,8],[4,7]],[[1,3],[2,5],[4,9],[5,8],[7,9],[1,6],[3,7],[2,6],[4,8]],[[1,4],[3,5],[2,9],[1,8],[5,7],[6,9],[3,8],[2,7],[4,6]],[[1,5],[5,9],[1,9],[7,8],[6,7],[6,8],[2,3],[2,4],[3,4]],[[1,10],[5,10],[9,10],[8,10],[7,10],[6,10],[3,10],[2,10],[4,10]]]
20|false|exact|[[[1,2],[1,3],[1,9],[1,5],[1,4]],[[1,6]],[[1,7]],[[1,8]],[[1,10]],[[2,3],[3,9],[5,9],[4,5],[2,4],[2,5],[3,5],[3,4],[4,9],[2,9]],[[2,6],[3,6],[6,9],[5,6],[4,6]],[[2,7],[3,7],[7,9],[5,7],[4,7]],[[2,8],[3,8],[8,9],[5,8],[4,8]],[[2,10],[3,10],[9,10],[5,10],[4,10]],[[6,7]],[[6,8]],[[6,10]],[[7,8]],[[7,10]],[[8,10]]]
20|false|exact|[[[1,2],[1,7],[7,8],[3,8],[2,3],[1,8],[1,3],[3,7],[2,7],[2,8]],[[1,4],[4,7],[4,8],[3,4],[2,4]],[[1,5],[5,7],[5,8],[3,5],[2,5]],[[1,6],[6,7],[6,8],[3,6],[2,6],[1,10],[3,10],[7,10],[2,10],[8,10]],[[1,9],[7,9],[8,9],[3,9],[2,9]],[[4,5]],[[4,6],[4,10]],[[4,9]],[[5,6],[5,10]],[[5,9]],[[6,9],[9,10]],[[6,10]]]
20|false|exact|[[[1,2],[2,9],[2,8],[2,5],[2,4],[1,6],[5,6],[6,9],[4,6],[6,8]],[[1,3],[3,9],[3,8],[3,5],[3,4],[1,7],[5,7],[7,9],[4,7],[7,8]],[[1,4],[1,9],[8,9],[5,8],[4,5],[1,8],[1,5],[5,9],[4,9],[4,8]],[[1,10],[9,10],[8,10],[5,10],[4,10]],[[2,3],[6,7]],[[2,6]],[[2,7],[3,6]],[[2,10],[6,10]],[[3,7]],[[3,10],[7,10]]]
20|false|exact|[[[1,2],[2,9],[2,5],[2,7],[2,3],[1,6],[3,6],[6,7],[5,6],[6,9],[1,8],[7,8],[8,9],[3,8],[5,8],[1,4],[4,5],[3,4],[4,9],[4,7]],[[1,3],[1,9],[5,9],[5,7],[3,7],[1,5],[1,7],[7,9],[3,9],[3,5]],[[1,10],[9,10],[5,10],[7,10],[3,10]],[[2,4],[6,8],[2,8],[4,6]],[[2,6],[4,8]],[[2,10],[6,10],[8,10],[4,10]]]
20|true|exact|[[[1,2],[6,10],[5,9],[4,8],[3,7],[1,6],[2,7],[3,8],[4,9],[5,10],[1,3],[6,9],[4,7],[2,10],[5,8],[3,9],[1,5],[2,8],[4,10],[6,7]],[[1,4],[3,10],[2,9],[6,8],[5,7]],[[1,7],[1,10],[9,10],[8,9],[7,8],[3,5],[3,6],[4,6],[2,4],[2,5]],[[1,8],[7,10],[1,9],[8,10],[7,9],[2,3],[5,6],[3,4],[2,6],[4,5]]]
20|false|exact|[[[1,2],[2,4],[4,7],[7,9],[1,9],[1,7],[2,7],[2,9],[4,9],[1,4]],[[1,3],[2,5],[4,6],[7,8],[9,10],[1,8],[6,9],[5,7],[3,4],[2,10],[1,6],[3,7],[2,8],[5,9],[4,10],[1,5],[4,8],[3,9],[2,6],[7,10]],[[1,10],[2,3],[4,5],[6,7],[8,9]],[[3,5],[5,6],[6,8],[8,10],[3,10],[3,6],[3,8],[5,8],[5,10],[6,10]]]
20|false|exact|[[[1,2],[5,7]],[[1,3],[1,4],[1,6],[1,8],[1,9],[5,8],[5,9],[3,5],[4,5],[5,6],[6,7],[7,8],[7,9],[3,7],[4,7],[2,3],[2,4],[2,6],[2,8],[2,9]],[[1,5],[2,7]],[[1,7],[2,5]],[[1,10],[5,10],[7,10],[2,10]],[[3,4],[4,6],[6,8],[8,9],[3,9]],[[3,6],[4,8],[6,9],[3,8],[4,9]],[[3,10],[4,10],[6,10],[8,10],[9,10]]]
20|false|exact|[[[1,2],[2,7],[1,5],[5,7],[1,8],[7,8],[1,3],[3,7],[1,6],[6,7]],[[1,4],[4,7],[1,9],[7,9]],[[1,7]],[[1,10],[7,10]],[[2,3],[5,6],[2,8],[3,5],[6,8]],[[2,4],[2,9],[5,9],[4,5],[4,8],[8,9],[3,9],[3,4],[4,6],[6,9]],[[2,5],[5,8],[3,8],[3,6],[2,6]],[[2,10],[5,10],[8,10],[3,10],[6,10]],[[4,9]],[[4,10],[9,10]]]
20|false|[2]|[[[1,2],[1,9],[1,3],[1,5],[1,4]],[[1,6]],[[1,7],[1,8]],[[1,10]],[[2,3],[5,9],[3,4],[2,5],[4,9]],[[2,4],[2,9],[3,9],[3,5],[4,5]],[[2,6],[6,9],[3,6],[5,6],[4,6]],[[2,7],[2,8],[7,9],[8,9],[3,7],[3,8],[5,7],[5,8],[4,7],[4,8]],[[2,10],[9,10],[3,10],[5,10],[4,10]],[[6,7],[6,8]],[[6,10]],[[7,8]],[[7,10],[8,10]]]
20|false|[2]|[[[1,2],[1,6]],[[1,3],[1,10],[1,9],[1,5],[1,8]],[[1,4],[1,7]],[[2,3],[2,10],[2,9],[2,5],[2,8],[3,6],[6,10],[6,9],[5,6],[6,8]],[[2,4],[6,7],[2,7],[4,6]],[[2,6]],[[3,4],[4,10],[4,9],[4,5],[4,8],[3,7],[7,10],[7,9],[5,7],[7,8]],[[3,5],[8,10],[3,9],[5,10],[8,9]],[[3,8],[3,10],[9,10],[5,9],[5,8]],[[4,7]]]
20|false|[2]|[[[1,2],[6,9],[1,5],[2,6],[5,9]],[[1,3],[3,6],[3,5],[2,3],[3,9],[1,7],[6,7],[5,7],[2,7],[7,9]],[[1,4],[4,6],[4,5],[2,4],[4,9],[1,8],[6,8],[5,8],[2,8],[8,9]],[[1,6],[5,6],[2,5],[2,9],[1,9]],[[1,10],[6,10],[5,10],[2,10],[9,10]],[[3,4],[7,8]],[[3,7]],[[3,8],[4,7]],[[3,10],[7,10]],[[4,8]],[[4,10],[8,10]]]
20|false|[2]|[[[1,2],[2,9],[2,10],[2,5],[2,3],[1,6],[6,9],[6,10],[5,6],[3,6]],[[1,3],[1,9],[9,10],[5,10],[3,5]],[[1,4],[4,9],[4,10],[4,5],[3,4],[1,7],[3,7],[5,7],[7,10],[7,9]],[[1,5],[3,9],[1,10],[5,9],[3,10]],[[1,8],[8,9],[8,10],[5,8],[3,8]],[[2,4],[2,7],[4,6],[6,7]],[[2,6]],[[2,8],[6,8]],[[4,7]],[[4,8],[7,8]]]
20|false|[2]|[[[1,2],[2,4],[2,3],[2,7],[2,8],[1,6],[4,6],[3,6],[6,7],[6,8],[1,5],[5,8],[5,7],[3,5],[4,5],[1,10],[8,10],[7,10],[3,10],[4,10]],[[1,3],[4,7],[3,8],[1,7],[4,8]],[[1,4],[3,4],[3,7],[7,8],[1,8]],[[1,9],[4,9],[3,9],[7,9],[8,9]],[[2,5],[6,10]],[[2,6],[5,10]],[[2,9],[6,9],[5,9],[9,10]],[[2,10],[5,6]]]
20|true|[2]|[[[1,2],[6,9],[1,3],[2,6],[3,9],[4,8],[5,7],[4,10],[7,8],[5,10]],[[1,4],[6,7],[3,10],[2,8],[5,9],[4,6],[3,7],[2,10],[8,9],[1,5]],[[1,6],[3,6],[2,3],[2,9],[1,9],[4,7],[7,10],[8,10],[5,8],[4,5]],[[1,7],[6,10],[3,8],[2,5],[4,9],[3,4],[2,7],[9,10],[1,8],[5,6]],[[1,10],[6,8],[3,5],[2,4],[7,9]]]
20|false|exact|[[[1,2],[1,9],[5,9],[5,6],[2,6]],[[1,3],[1,4],[3,9],[4,9],[3,5],[4,5],[3,6],[4,6],[2,3],[2,4],[5,8],[5,7],[8,9],[7,9],[1,8],[1,7],[2,8],[2,7],[6,8],[6,7]],[[1,5],[6,9],[2,5],[1,6],[2,9]],[[1,10],[9,10],[5,10],[6,10],[2,10]],[[3,4],[7,8]],[[3,7],[4,8],[3,8],[4,7]],[[3,10],[4,10],[8,10],[7,10]]]
20|false|exact|[[[1,2],[2,7],[2,9],[2,5]],[[1,3],[1,4],[1,6],[1,8],[1,10],[7,8],[7,10],[3,7],[4,7],[6,7],[9,10],[3,9],[4,9],[6,9],[8,9],[5,6],[5,8],[5,10],[3,5],[4,5]],[[1,5],[7,9],[1,9],[5,7]],[[1,7],[5,9]],[[2,3],[2,4],[2,6],[2,8],[2,10]],[[3,4],[4,6],[6,8],[8,10],[3,10]],[[3,6],[4,8],[6,10],[3,8],[4,10]]]
21|false|exact|[[[1,2],[7,9],[4,6],[1,3],[2,9],[6,7],[3,4]],[[1,4],[1,9],[6,9],[3,6],[2,3],[2,7],[4,7]],[[1,5],[5,9],[5,6],[3,5],[2,5],[5,7],[4,5],[1,10],[9,10],[6,10],[3,10],[2,10],[7,10],[4,10],[1,8],[8,9],[6,8],[3,8],[2,8],[7,8],[4,8]],[[1,6],[3,9],[2,6],[3,7],[2,4],[1,7],[4,9]],[[5,8],[5,10],[8,10]]]
21|false|exact|[[[1,2],[8,9],[6,7],[1,4],[2,8],[6,9],[4,7],[1,6],[2,7],[4,8],[1,9],[2,6],[7,8],[4,9],[1,8],[4,6],[2,9],[1,7],[6,8],[2,4],[7,9]],[[1,3],[3,8],[3,6],[3,4],[2,3],[3,9],[3,7]],[[1,5],[5,8],[5,6],[4,5],[2,5],[5,9],[5,7]],[[1,10],[8,10],[6,10],[4,10],[2,10],[9,10],[7,10]],[[3,5]],[[3,10]],[[5,10]]]
21|false|exact|[[[1,2],[2,3],[3,4],[4,6],[6,7],[7,9],[1,9],[1,3],[3,6],[6,9],[2,9],[2,4],[4,7],[1,7],[1,6],[2,6],[2,7],[3,7],[3,9],[4,9],[1,4]],[[1,5],[2,5],[3,5],[4,5],[5,6],[5,7],[5,9],[1,8],[3,8],[6,8],[8,9],[2,8],[4,8],[7,8],[1,10],[6,10],[2,10],[7,10],[3,10],[9,10],[4,10]],[[5,8],[8,10],[5,10]]]
24|false|[2]|[[[1,2],[2,5],[2,9],[2,7]],[[1,3],[3,5],[3,9],[3,7]],[[1,4],[4,5],[4,9],[4,7]],[[1,5],[7,9],[1,7],[5,9],[1,9],[5,7]],[[1,6],[5,6],[6,9],[6,7]],[[1,8],[5,8],[8,9],[7,8]],[[1,10],[5,10],[9,10],[7,10]],[[2,3]],[[2,4]],[[2,6]],[[2,8]],[[2,10]],[[3,4]],[[3,6]],[[3,8]],[[3,10]],[[4,6]],[[4,8]],[[4,10]],[[6,8]],[[6,10]],[[8,10]]]
24|false|[2]|[[[1,2],[1,7],[1,3],[1,6],[2,5],[5,6],[3,5],[5,7]],[[1,4],[5,8]],[[1,5]],[[1,8],[4,5]],[[1,9],[5,10]],[[1,10],[5,9]],[[2,3],[6,7],[2,6],[3,7],[2,7],[3,6]],[[2,4],[4,7],[3,4],[4,6],[2,8],[6,8],[3,8],[7,8]],[[2,9],[7,9],[3,9],[6,9],[2,10],[6,10],[3,10],[7,10]],[[4,8]],[[4,9],[8,10]],[[4,10],[8,9]],[[9,10]]]
24|false|[2]|[[[1,2],[1,3],[2,5],[3,5],[1,9],[5,9],[1,4],[4,5],[2,9],[2,4],[3,9],[3,4]],[[1,5],[4,9],[2,3]],[[1,6],[5,6],[6,9],[4,6],[2,6],[3,6]],[[1,7],[5,7],[7,9],[4,7],[2,7],[3,7]],[[1,8],[5,8],[8,9],[4,8],[2,8],[3,8]],[[1,10],[5,10],[9,10],[4,10],[2,10],[3,10]],[[6,7]],[[6,8]],[[6,10]],[[7,8]],[[7,10]],[[8,10]]]
24|false|[2]|[[[1,2],[3,4],[8,9]],[[1,3],[1,4],[2,3],[2,4],[4,9],[4,8],[3,9],[3,8],[2,8],[1,8],[2,9],[1,9]],[[1,5],[2,5],[4,5],[3,5],[5,8],[5,9]],[[1,6],[2,6],[4,6],[3,6],[6,8],[6,9]],[[1,7],[2,7],[4,7],[3,7],[7,8],[7,9]],[[1,10],[2,10],[4,10],[3,10],[8,10],[9,10]],[[5,6]],[[5,7]],[[5,10]],[[6,7]],[[6,10]],[[7,10]]]
24|false|[2]|[[[1,2],[1,3],[1,7],[1,8]],[[1,4],[1,10]],[[1,5]],[[1,6]],[[1,9]],[[2,3],[7,8],[2,8],[3,7],[2,7],[3,8]],[[2,4],[3,4],[4,7],[4,8],[2,10],[3,10],[8,10],[7,10]],[[2,5],[3,5],[5,7],[5,8]],[[2,6],[3,6],[6,7],[6,8]],[[2,9],[3,9],[7,9],[8,9]],[[4,5],[5,10]],[[4,6],[6,10]],[[4,9],[9,10]],[[4,10]],[[5,6]],[[5,9]],[[6,9]]]
24|false|[2]|[[[1,2],[6,7],[1,7],[2,6],[1,6],[2,7]],[[1,3],[3,7],[3,6],[2,3]],[[1,4],[4,7],[4,6],[2,4],[1,8],[6,8],[7,8],[2,8]],[[1,5],[5,7],[5,6],[2,5],[1,9],[6,9],[7,9],[2,9]],[[1,10],[7,10],[6,10],[2,10]],[[3,4],[3,8]],[[3,5],[3,9]],[[3,10]],[[4,5],[8,9]],[[4,8]],[[4,9],[5,8]],[[4,10],[8,10]],[[5,9]],[[5,10],[9,10]]]
24|false|[2]|[[[1,2]],[[1,3],[1,5],[1,6],[1,8],[1,7],[1,9],[2,7],[2,9],[2,6],[2,8],[2,5],[2,3]],[[1,4],[2,10]],[[1,10],[2,4]],[[3,4],[4,5],[4,6],[4,8],[4,7],[4,9],[7,10],[9,10],[6,10],[8,10],[5,10],[3,10]],[[3,5],[6,8],[7,9]],[[3,6],[3,8],[5,6],[5,8],[6,7],[6,9],[7,8],[8,9],[3,7],[5,7],[3,9],[5,9]],[[4,10]]]
24|false|[2]|[[[1,2],[1,3],[1,7],[1,6],[1,8],[1,9],[2,10],[3,10],[9,10],[8,10],[6,10],[7,10]],[[1,4],[5,10]],[[1,5],[4,10]],[[1,10]],[[2,3],[6,7],[8,9]],[[2,4],[3,4],[4,7],[4,6],[4,8],[4,9],[2,5],[3,5],[5,9],[5,8],[5,6],[5,7]],[[2,6],[3,6],[2,7],[3,7],[7,9],[6,9],[7,8],[6,8],[3,8],[3,9],[2,8],[2,9]],[[4,5]]]
24|false|[2]|[[[1,2],[2,10]],[[1,3],[1,9],[1,7],[1,8],[1,4],[1,5],[3,10],[9,10],[5,10],[4,10],[8,10],[7,10]],[[1,6],[6,10]],[[1,10]],[[2,3],[2,9],[2,7],[2,8],[2,4],[2,5]],[[2,6]],[[3,4],[5,9],[3,5],[4,9],[3,7],[8,9],[7,9],[3,8],[4,7],[5,8],[4,8],[5,7]],[[3,6],[6,9],[6,7],[6,8],[4,6],[5,6]],[[3,9],[7,8],[4,5]]]
24|false|[2]|[[[1,2],[2,6],[2,9],[2,5],[2,8],[2,7]],[[1,3],[3,6],[3,9],[3,5],[3,8],[3,7],[1,4],[4,6],[4,8],[4,7],[4,5],[4,9]],[[1,5],[6,9],[1,9],[5,6],[7,9],[5,8],[8,9],[5,7],[6,8],[1,7],[1,8],[6,7]],[[1,6],[5,9],[7,8]],[[1,10],[6,10],[9,10],[5,10],[8,10],[7,10]],[[2,3],[2,4]],[[2,10]],[[3,4]],[[3,10],[4,10]]]
24|false|[2]|[[[1,2],[2,7],[2,9],[2,5],[1,3],[3,5],[3,7],[3,9],[1,4],[4,9],[4,5],[4,7],[1,8],[7,8],[5,8],[8,9],[1,6],[6,9],[6,7],[5,6],[1,10],[5,10],[9,10],[7,10]],[[1,5],[7,9],[1,9],[5,7],[1,7],[5,9]],[[2,3],[3,4],[2,4],[6,8],[6,10],[8,10]],[[2,6],[3,8],[4,10]],[[2,8],[3,10],[4,6]],[[2,10],[3,6],[4,8]]]
24|false|[2]|[[[1,2],[2,5],[6,8],[6,10],[1,4],[4,10],[5,9],[8,9],[1,3],[3,8],[7,10],[5,7],[1,7],[7,8],[3,5],[3,10],[1,9],[9,10],[4,8],[4,5],[1,6],[5,6],[2,10],[2,8]],[[1,5],[8,10],[1,10],[5,8],[1,8],[5,10]],[[2,3],[2,7],[3,6],[6,7],[2,4],[4,6],[2,9],[6,9],[3,4],[3,9],[4,7],[7,9]],[[2,6],[4,9],[3,7]]]
24|false|[2]|[[[1,2],[3,8],[1,8],[2,3],[1,3],[2,8]],[[1,4],[3,6],[6,8],[2,4],[1,7],[2,5],[3,5],[7,8],[1,10],[8,9],[2,9],[3,10]],[[1,5],[3,7],[5,8],[2,7],[1,9],[2,10],[3,9],[8,10],[1,6],[4,8],[2,6],[3,4]],[[4,5],[6,7],[5,6],[4,7],[7,9],[5,10],[5,9],[7,10],[6,10],[4,9],[6,9],[4,10]],[[4,6],[5,7],[9,10]]]
24|false|[2]|[[[1,2],[1,5],[1,7]],[[1,3]],[[1,4],[1,6],[1,8],[1,10]],[[1,9]],[[2,3],[3,5],[3,7]],[[2,4],[2,6],[2,8],[2,10],[4,5],[5,10],[5,6],[5,8],[4,7],[7,8],[7,10],[6,7]],[[2,5],[5,7],[2,7]],[[2,9],[5,9],[7,9]],[[3,4],[3,6],[3,8],[3,10]],[[3,9]],[[4,6],[8,10],[4,10],[6,8],[4,8],[6,10]],[[4,9],[6,9],[8,9],[9,10]]]
24|false|[2]|[[[1,2],[4,10],[6,9],[7,8],[1,8],[6,10],[2,7],[4,9],[1,9],[7,10],[4,8],[2,6]],[[1,3],[3,4],[3,6],[3,7],[1,5],[4,5],[5,7],[5,6]],[[1,4],[6,7],[1,6],[4,7],[1,7],[4,6]],[[1,10],[2,4],[6,8],[7,9]],[[2,3],[3,10],[3,9],[3,8],[2,5],[5,10],[5,8],[5,9]],[[2,8],[9,10],[8,9],[2,10],[2,9],[8,10]],[[3,5]]]
24|false|[2]|[[[1,2],[1,8],[1,3],[1,10],[1,5],[1,4],[1,7],[1,6]],[[1,9]],[[2,3],[8,10],[2,8],[3,10],[2,10],[3,8],[5,7],[4,6],[4,5],[6,7],[5,6],[4,7]],[[2,4],[6,8],[3,5],[7,10],[2,7],[4,10],[5,8],[3,6],[2,6],[3,7],[5,10],[4,8]],[[2,5],[7,8],[3,4],[6,10]],[[2,9],[8,9],[3,9],[9,10],[5,9],[4,9],[7,9],[6,9]]]
24|false|[2]|[[[1,2],[6,9],[7,8],[4,10],[1,9],[4,8],[2,6],[7,10],[1,8],[2,7],[4,9],[6,10]],[[1,3],[3,6],[3,7],[3,4],[2,5],[5,9],[5,10],[5,8]],[[1,4],[6,7],[1,7],[4,6],[1,6],[4,7],[2,8],[9,10],[2,10],[8,9],[2,9],[8,10]],[[1,5],[5,6],[5,7],[4,5],[2,3],[3,9],[3,10],[3,8]],[[1,10],[6,8],[7,9],[2,4]],[[3,5]]]
24|false|[2]|[[[1,2],[1,4],[1,6],[1,8]],[[1,3],[1,10],[1,7],[1,5]],[[1,9]],[[2,3],[4,10],[6,7],[5,8],[2,7],[8,10],[4,5],[3,6],[2,5],[6,10],[3,8],[4,7]],[[2,4],[6,8],[2,8],[4,6],[2,6],[4,8]],[[2,9],[4,9],[6,9],[8,9]],[[2,10],[3,4],[5,6],[7,8]],[[3,5],[7,10],[3,7],[5,10],[5,7],[3,10]],[[3,9],[9,10],[7,9],[5,9]]]
24|false|[2]|[[[1,2],[2,9],[1,9]],[[1,3],[2,3],[3,9],[1,4],[4,9],[2,4]],[[1,5],[1,6],[1,7],[1,8],[2,5],[2,8],[2,6],[2,7],[5,9],[7,9],[8,9],[6,9]],[[1,10],[2,10],[9,10]],[[3,4]],[[3,5],[3,6],[3,7],[3,8],[4,5],[4,7],[4,6],[4,8]],[[3,10],[4,10]],[[5,6],[7,8],[5,8],[6,7],[5,7],[6,8]],[[5,10],[6,10],[7,10],[8,10]]]
24|false|[2]|[[[1,2],[4,6],[3,10]],[[1,3],[1,4],[3,4]],[[1,5],[1,8],[1,7],[1,9],[4,5],[4,7],[4,9],[4,8],[3,5],[3,9],[3,8],[3,7]],[[1,6],[4,10],[2,3],[1,10],[3,6],[2,4]],[[2,5],[2,8],[2,7],[2,9],[5,6],[6,7],[6,9],[6,8],[5,10],[9,10],[8,10],[7,10]],[[2,6],[6,10],[2,10]],[[5,7],[8,9],[5,9],[7,8],[5,8],[7,9]]]
24|false|[2]|[[[1,2],[6,7],[1,6],[2,7],[1,8],[4,7],[7,8],[1,4],[2,8],[4,6],[2,4],[6,8]],[[1,3],[3,7],[8,9],[4,9],[2,5],[5,6],[1,9],[7,9],[2,3],[3,6],[4,5],[5,8]],[[1,5],[5,7],[3,8],[3,4],[2,9],[6,9]],[[1,7],[4,8],[2,6]],[[1,10],[7,10],[8,10],[4,10],[2,10],[6,10]],[[3,5],[3,9],[5,9]],[[3,10],[9,10],[5,10]]]
24|false|[2]|[[[1,2],[2,6],[1,6]],[[1,3],[1,7],[2,9],[2,5],[6,8],[4,6],[6,9],[5,6],[2,3],[2,7],[1,8],[1,4]],[[1,5],[1,9],[2,4],[2,8],[6,7],[3,6]],[[1,10],[2,10],[6,10]],[[3,4],[3,8],[4,7],[7,8],[7,9],[3,9],[5,7],[3,5],[5,8],[8,9],[4,5],[4,9]],[[3,7],[5,9],[4,8]],[[3,10],[7,10],[9,10],[5,10],[8,10],[4,10]]]
24|false|exact|[[[1,2],[2,10],[2,7],[2,3],[1,6],[6,10],[6,7],[3,6]],[[1,3],[7,10],[1,7],[3,10],[1,10],[3,7]],[[1,4],[4,10],[4,7],[3,4]],[[1,5],[5,10],[5,7],[3,5]],[[1,8],[8,10],[7,8],[3,8]],[[1,9],[9,10],[7,9],[3,9]],[[2,4],[4,6]],[[2,5],[5,6]],[[2,6]],[[2,8],[6,8]],[[2,9],[6,9]],[[4,5]],[[4,8]],[[4,9]],[[5,8]],[[5,9]],[[8,9]]]
24|false|exact|[[[1,2],[2,7],[2,8],[2,5],[2,6],[2,9]],[[1,3],[3,7],[3,8],[3,5],[3,6],[3,9]],[[1,4],[4,7],[4,8],[4,5],[4,6],[4,9]],[[1,5],[5,7],[1,8],[7,8],[8,9],[5,9],[6,8],[5,6],[6,7],[7,9],[1,6],[1,9]],[[1,7],[5,8],[6,9]],[[1,10],[7,10],[8,10],[5,10],[6,10],[9,10]],[[2,3]],[[2,4]],[[2,10]],[[3,4]],[[3,10]],[[4,10]]]
24|false|exact|[[[1,2],[6,8]],[[1,3],[1,5],[1,10],[1,7],[3,8],[5,8],[8,10],[7,8]],[[1,4],[8,9]],[[1,6],[2,8]],[[1,8]],[[1,9],[4,8]],[[2,3],[2,5],[2,10],[2,7],[3,6],[5,6],[6,10],[6,7]],[[2,4],[6,9]],[[2,6]],[[2,9],[4,6]],[[3,4],[4,5],[4,10],[4,7],[3,9],[5,9],[9,10],[7,9]],[[3,5],[7,10],[3,7],[5,10],[3,10],[5,7]],[[4,9]]]
24|false|exact|[[[1,2],[2,10],[2,9],[2,8],[2,6],[2,7],[1,3],[3,10],[3,9],[3,8],[3,6],[3,7]],[[1,4],[4,10],[4,9],[4,8],[4,6],[4,7],[1,5],[5,10],[5,9],[5,8],[5,6],[5,7]],[[1,6],[1,7],[6,10],[7,10],[1,9],[9,10],[1,8],[8,10],[6,9],[6,8],[7,9],[7,8]],[[1,10],[8,9],[6,7]],[[2,3]],[[2,4],[3,5]],[[2,5],[3,4]],[[4,5]]]
24|false|exact|[[[1,2],[6,10]],[[1,3],[1,4],[1,9],[1,8],[1,5],[1,7],[3,10],[4,10],[8,10],[9,10],[5,10],[7,10]],[[1,6],[2,10]],[[1,10]],[[2,3],[2,4],[2,9],[2,8],[2,5],[2,7],[3,6],[4,6],[6,8],[6,9],[5,6],[6,7]],[[2,6]],[[3,4],[8,9],[5,7]],[[3,5],[4,5],[3,7],[4,7],[3,9],[3,8],[4,9],[4,8],[5,9],[7,9],[5,8],[7,8]]]
24|false|exact|[[[1,2],[2,8],[2,4],[2,7],[1,6],[6,8],[4,6],[6,7]],[[1,3],[3,8],[3,4],[3,7]],[[1,4],[7,8],[1,7],[4,8],[1,8],[4,7]],[[1,5],[5,8],[4,5],[5,7],[1,9],[8,9],[4,9],[7,9]],[[1,10],[8,10],[4,10],[7,10]],[[2,3],[3,6]],[[2,5],[6,9]],[[2,6]],[[2,9],[5,6]],[[2,10],[6,10]],[[3,5],[3,9]],[[3,10]],[[5,9]],[[5,10],[9,10]]]
24|false|exact|[[[1,2],[2,9],[2,5],[2,4],[2,8],[2,7]],[[1,3],[3,9],[3,5],[3,4],[3,8],[3,7],[1,6],[6,9],[5,6],[4,6],[6,8],[6,7]],[[1,4],[4,9],[1,5],[5,9],[5,7],[4,7],[5,8],[4,8],[8,9],[7,9],[1,8],[1,7]],[[1,9],[4,5],[7,8]],[[1,10],[9,10],[5,10],[4,10],[8,10],[7,10]],[[2,3],[2,6]],[[2,10]],[[3,6]],[[3,10],[6,10]]]
24|false|exact|[[[1,2],[1,10]],[[1,3],[1,4],[1,7],[1,8],[1,5],[1,6]],[[1,9]],[[2,3],[2,4],[2,7],[2,8],[2,5],[2,6],[3,10],[4,10],[8,10],[7,10],[5,10],[6,10]],[[2,9],[9,10]],[[2,10]],[[3,4],[7,8],[5,6]],[[3,5],[4,6],[3,6],[4,5],[3,7],[4,8],[4,7],[3,8],[5,7],[6,8],[5,8],[6,7]],[[3,9],[4,9],[7,9],[8,9],[5,9],[6,9]]]
24|false|exact|[[[1,2],[2,7],[3,8],[3,5],[4,6],[4,9]],[[1,3],[3,7],[4,8],[4,5],[2,6],[2,9]],[[1,4],[4,7],[2,8],[2,5],[3,6],[3,9]],[[1,5],[5,7],[1,8],[7,8],[8,9],[5,9],[6,8],[5,6],[6,7],[7,9],[1,6],[1,9]],[[1,7],[5,8],[6,9]],[[1,10],[7,10],[8,10],[5,10],[6,10],[9,10]],[[2,3],[3,4],[2,4]],[[2,10],[3,10],[4,10]]]
24|false|exact|[[[1,2],[1,6]],[[1,3],[1,8],[1,4]],[[1,5],[1,9],[1,7],[1,10]],[[2,3],[2,8],[2,4],[3,6],[6,8],[4,6]],[[2,5],[2,9],[2,7],[2,10],[5,6],[6,9],[6,7],[6,10]],[[2,6]],[[3,4],[3,8],[4,8]],[[3,5],[3,9],[3,7],[3,10],[5,8],[8,10],[8,9],[7,8],[4,5],[4,7],[4,10],[4,9]],[[5,7],[9,10],[5,9],[7,10],[5,10],[7,9]]]
24|false|exact|[[[1,2],[2,7],[2,9],[2,5],[1,6],[6,9],[5,6],[6,7],[1,3],[3,5],[3,7],[3,9],[1,8],[8,9],[5,8],[7,8],[1,10],[5,10],[7,10],[9,10],[1,4],[4,7],[4,9],[4,5]],[[1,5],[7,9],[1,7],[5,9],[1,9],[5,7]],[[2,3],[2,6],[3,6],[4,8],[8,10],[4,10]],[[2,4],[6,8],[3,10]],[[2,8],[6,10],[3,4],[3,8],[2,10],[4,6]]]
24|false|exact|[[[1,2],[2,9],[3,5],[3,7],[1,8],[5,8],[6,7],[6,9],[1,4],[4,7],[9,10],[5,10],[1,10],[7,10],[4,9],[4,5],[1,3],[3,9],[2,5],[2,7],[1,6],[5,6],[7,8],[8,9]],[[1,5],[7,9],[1,7],[5,9],[1,9],[5,7]],[[2,3],[6,8],[4,10]],[[2,4],[2,10],[3,10],[3,4],[2,8],[3,8],[3,6],[2,6],[4,8],[4,6],[6,10],[8,10]]]
24|false|exact|[[[1,2],[3,9],[1,9],[2,3],[1,3],[2,9]],[[1,4],[3,7],[2,10],[5,9],[1,7],[2,5],[9,10],[3,4],[1,5],[4,9],[3,10],[2,7]],[[1,6],[3,6],[2,6],[6,9],[1,8],[3,8],[2,8],[8,9]],[[1,10],[3,5],[2,4],[7,9]],[[4,5],[7,10],[4,7],[5,10],[5,7],[4,10]],[[4,6],[6,7],[6,10],[5,6],[4,8],[7,8],[8,10],[5,8]],[[6,8]]]
24|false|exact|[[[1,2],[4,9],[1,9],[2,4],[1,4],[2,9],[6,7],[5,8],[5,6],[7,8],[6,8],[5,7]],[[1,3],[3,9],[3,4],[2,3],[3,6],[3,5],[3,8],[3,7]],[[1,5],[6,9],[4,7],[2,8],[1,6],[4,8],[2,7],[5,9],[1,8],[2,5],[7,9],[4,6]],[[1,7],[8,9],[4,5],[2,6]],[[1,10],[9,10],[4,10],[2,10],[6,10],[5,10],[8,10],[7,10]],[[3,10]]]
24|false|exact|[[[1,2],[2,5],[2,10],[2,3],[6,8],[4,6],[6,7],[6,9]],[[1,3],[5,10],[1,10],[3,5],[1,5],[3,10],[8,9],[4,7],[7,8],[4,9],[4,8],[7,9]],[[1,4],[5,7],[8,10],[3,9],[1,7],[3,8],[4,5],[9,10],[1,8],[4,10],[3,7],[5,9]],[[1,6],[5,6],[6,10],[3,6],[2,8],[2,4],[2,7],[2,9]],[[1,9],[5,8],[7,10],[3,4]],[[2,6]]]
24|false|[2]|[[[1,2],[3,4]],[[1,3],[2,4]],[[1,4],[2,3]],[[1,5],[2,5],[4,5],[3,5]],[[1,6],[2,6],[4,6],[3,6]],[[1,7],[1,8],[1,9],[2,7],[2,8],[2,9],[4,7],[4,8],[4,9],[3,7],[3,8],[3,9]],[[1,10],[2,10],[4,10],[3,10]],[[5,6]],[[5,7],[5,8],[5,9]],[[5,10]],[[6,7],[6,8],[6,9]],[[6,10]],[[7,8],[8,9],[7,9]],[[7,10],[8,10],[9,10]]]
24|false|[2]|[[[1,2],[2,3],[1,3],[4,5],[4,10],[5,10]],[[1,4],[2,5],[3,10]],[[1,5],[2,10],[3,4]],[[1,6],[2,6],[3,6],[5,9],[4,9],[9,10],[1,9],[2,9],[3,9],[5,6],[4,6],[6,10],[1,8],[2,8],[3,8],[5,7],[4,7],[7,10],[1,7],[2,7],[3,7],[5,8],[4,8],[8,10]],[[1,10],[2,4],[3,5]],[[6,7],[8,9]],[[6,8],[7,9]],[[6,9],[7,8]]]
24|false|[2]|[[[1,2],[2,7],[2,5],[3,4],[4,10],[4,9],[1,4],[4,7],[4,5],[2,3],[2,10],[2,9],[1,8],[5,8],[7,8],[6,9],[6,10],[3,6],[1,6],[5,6],[6,7],[8,9],[8,10],[3,8]],[[1,3],[7,10],[5,9],[3,7],[5,10],[1,9]],[[1,5],[1,7],[5,7],[3,9],[3,10],[9,10]],[[1,10],[7,9],[3,5]],[[2,4],[6,8]],[[2,6],[4,8]],[[2,8],[4,6]]]
24|false|[2]|[[[1,2],[2,7],[2,5],[3,6],[6,10],[6,9],[1,4],[4,7],[4,5],[3,8],[8,10],[8,9],[1,8],[5,8],[7,8],[4,9],[4,10],[3,4],[1,6],[5,6],[6,7],[2,9],[2,10],[2,3]],[[1,3],[7,10],[5,9],[3,7],[5,10],[1,9]],[[1,5],[1,7],[5,7],[3,9],[3,10],[9,10]],[[1,10],[7,9],[3,5]],[[2,4],[6,8]],[[2,6],[4,8]],[[2,8],[4,6]]]
24|false|[2]|[[[1,2],[1,7],[2,7],[4,9],[4,10],[9,10]],[[1,3],[3,7],[2,3],[4,5],[5,10],[5,9],[1,8],[7,8],[2,8],[4,6],[6,10],[6,9]],[[1,4],[7,10],[2,9],[4,7],[2,10],[1,9]],[[1,5],[5,7],[2,5],[3,4],[3,10],[3,9],[1,6],[6,7],[2,6],[4,8],[8,10],[8,9]],[[1,10],[7,9],[2,4]],[[3,5],[6,8]],[[3,6],[5,8]],[[3,8],[5,6]]]
24|false|[2]|[[[1,2]],[[1,3],[2,3],[1,5],[2,5],[1,4],[2,4]],[[1,6],[2,7],[1,7],[2,6]],[[1,8],[2,8],[1,9],[2,9]],[[1,10],[2,10]],[[3,4],[3,5],[4,5]],[[3,6],[3,7],[5,6],[5,7],[4,6],[4,7]],[[3,8],[5,8],[4,8],[3,9],[5,9],[4,9]],[[3,10],[5,10],[4,10]],[[6,7]],[[6,8],[7,8],[7,9],[6,9]],[[6,10],[7,10]],[[8,9]],[[8,10],[9,10]]]
24|false|[2]|[[[1,2]],[[1,3],[2,3],[1,5],[2,5],[1,4],[2,4]],[[1,6],[2,7],[1,7],[2,6]],[[1,8],[2,8],[1,9],[2,9]],[[1,10],[2,10]],[[3,4],[3,5],[4,5]],[[3,6],[3,7],[5,6],[5,7],[4,6],[4,7]],[[3,8],[5,8],[4,8],[3,9],[5,9],[4,9]],[[3,10],[5,10],[4,10]],[[6,7]],[[6,8],[7,8],[7,9],[6,9]],[[6,10],[7,10]],[[8,9]],[[8,10],[9,10]]]
24|false|[2]|[[[1,2],[1,3],[1,6],[2,7],[6,7],[3,7]],[[1,4],[7,8],[1,8],[4,7]],[[1,5],[7,9],[1,9],[5,7]],[[1,7]],[[1,10],[7,10]],[[2,3],[3,6],[2,6]],[[2,4],[3,4],[4,6],[2,8],[6,8],[3,8]],[[2,5],[3,5],[5,6],[2,9],[6,9],[3,9]],[[2,10],[3,10],[6,10]],[[4,5],[8,9]],[[4,8]],[[4,9],[5,8]],[[4,10],[8,10]],[[5,9]],[[5,10],[9,10]]]
24|false|[2]|[[[1,2],[2,9],[1,9]],[[1,3],[2,3],[3,9],[1,4],[2,4],[4,9]],[[1,5],[2,5],[5,9],[1,6],[6,9],[2,6]],[[1,7],[2,7],[7,9],[1,8],[2,8],[8,9]],[[1,10],[2,10],[9,10]],[[3,4]],[[3,5],[3,6],[4,5],[4,6]],[[3,7],[4,7],[3,8],[4,8]],[[3,10],[4,10]],[[5,6]],[[5,7],[6,7],[6,8],[5,8]],[[5,10],[6,10]],[[7,8]],[[7,10],[8,10]]]
24|false|[2]|[[[1,2]],[[1,3],[1,4],[2,3],[2,4]],[[1,5],[1,6],[2,5],[2,6]],[[1,7],[1,9],[1,8],[2,7],[2,8],[2,9]],[[1,10],[2,10]],[[3,4]],[[3,5],[3,6],[4,5],[4,6]],[[3,7],[3,9],[3,8],[4,7],[4,9],[4,8]],[[3,10],[4,10]],[[5,6]],[[5,7],[6,7],[5,9],[6,9],[5,8],[6,8]],[[5,10],[6,10]],[[7,8],[7,9],[8,9]],[[7,10],[9,10],[8,10]]]
24|false|[2]|[[[1,2],[1,5],[1,3],[1,4],[2,9],[5,9],[3,9],[4,9]],[[1,6],[1,8],[1,7],[6,9],[7,9],[8,9]],[[1,9]],[[1,10],[9,10]],[[2,3],[4,5]],[[2,4],[3,5]],[[2,5],[3,4]],[[2,6],[5,6],[2,8],[5,8],[2,7],[5,7],[3,6],[4,6],[3,8],[4,8],[3,7],[4,7]],[[2,10],[5,10],[3,10],[4,10]],[[6,7],[6,8],[7,8]],[[6,10],[8,10],[7,10]]]
24|false|[2]|[[[1,2],[8,9]],[[1,3],[2,3],[1,4],[2,4],[3,8],[3,9],[4,8],[4,9]],[[1,5],[1,7],[1,6],[2,5],[2,6],[2,7],[5,8],[7,8],[6,8],[5,9],[6,9],[7,9]],[[1,8],[2,9]],[[1,9],[2,8]],[[1,10],[2,10],[8,10],[9,10]],[[3,4]],[[3,5],[3,7],[3,6],[4,5],[4,6],[4,7]],[[3,10],[4,10]],[[5,6],[5,7],[6,7]],[[5,10],[7,10],[6,10]]]
24|false|[2]|[[[1,2],[6,7]],[[1,3],[1,9],[1,5],[3,7],[5,7],[7,9],[3,6],[6,9],[5,6],[2,3],[2,5],[2,9]],[[1,4],[7,8],[6,8],[2,4]],[[1,6],[2,7]],[[1,7],[2,6]],[[1,8],[4,7],[4,6],[2,8]],[[1,10],[7,10],[6,10],[2,10]],[[3,4],[4,9],[4,5],[3,8],[5,8],[8,9]],[[3,5],[3,9],[5,9]],[[3,10],[9,10],[5,10]],[[4,8]],[[4,10],[8,10]]]
24|false|[2]|[[[1,2],[2,8],[1,3],[3,8],[1,4],[4,8],[3,9],[3,7],[2,9],[2,7],[4,9],[4,7]],[[1,5],[5,8],[1,6],[6,8],[5,9],[5,7],[6,9],[6,7]],[[1,7],[8,9]],[[1,8],[7,9]],[[1,9],[7,8]],[[1,10],[8,10],[9,10],[7,10]],[[2,3],[3,4],[2,4]],[[2,5],[3,5],[4,5],[2,6],[3,6],[4,6]],[[2,10],[3,10],[4,10]],[[5,6]],[[5,10],[6,10]]]
24|false|[2]|[[[1,2],[1,7],[2,7],[9,10],[4,10],[4,9]],[[1,3],[3,7],[2,3],[1,5],[5,7],[2,5],[3,10],[3,4],[3,9],[5,10],[4,5],[5,9]],[[1,4],[7,10],[2,9]],[[1,6],[6,7],[2,6],[8,10],[4,8],[8,9],[1,8],[7,8],[2,8],[6,10],[4,6],[6,9]],[[1,9],[4,7],[2,10]],[[1,10],[7,9],[2,4]],[[3,5]],[[3,6],[5,6],[3,8],[5,8]],[[6,8]]]
24|false|[2]|[[[1,2],[3,10],[1,7],[6,10],[2,7],[3,6]],[[1,3],[2,10],[7,10],[1,6],[2,6],[3,7]],[[1,4],[4,10],[4,7],[4,6],[2,4],[3,4],[1,5],[5,10],[5,7],[5,6],[2,5],[3,5]],[[1,8],[9,10],[7,8],[6,9],[2,8],[3,9],[1,9],[8,10],[7,9],[6,8],[2,9],[3,8]],[[1,10],[6,7],[2,3]],[[4,5]],[[4,8],[4,9],[5,9],[5,8]],[[8,9]]]
24|false|[2]|[[[1,2],[2,4],[1,6],[4,6]],[[1,3],[4,8],[1,9],[4,5],[1,7],[4,10],[1,10],[4,7],[1,8],[3,4],[1,5],[4,9]],[[1,4]],[[2,3],[2,8],[2,9],[2,5],[2,7],[2,10],[6,10],[6,7],[6,8],[3,6],[5,6],[6,9]],[[2,6]],[[3,5],[8,9],[9,10],[5,7],[7,8],[3,10]],[[3,7],[8,10],[3,9],[5,8],[7,9],[5,10]],[[3,8],[5,9],[7,10]]]
24|false|[2]|[[[1,2],[2,7],[1,7],[9,10],[4,10],[4,9]],[[1,3],[2,3],[3,7],[3,9],[3,10],[3,4],[1,8],[2,8],[7,8],[8,9],[8,10],[4,8]],[[1,4],[2,9],[7,10],[1,9],[2,10],[4,7]],[[1,5],[2,5],[5,7],[5,9],[5,10],[4,5],[1,6],[2,6],[6,7],[6,9],[6,10],[4,6]],[[1,10],[2,4],[7,9]],[[3,5],[6,8]],[[3,6],[5,8]],[[3,8]],[[5,6]]]
24|false|[2]|[[[1,2],[2,7],[1,7],[9,10],[4,9],[4,10]],[[1,3],[2,3],[3,7],[1,5],[5,7],[2,5],[3,10],[3,9],[3,4],[5,10],[4,5],[5,9]],[[1,4],[2,9],[7,10],[1,9],[4,7],[2,10]],[[1,6],[2,6],[6,7],[8,10],[8,9],[4,8],[1,8],[2,8],[7,8],[6,10],[6,9],[4,6]],[[1,10],[2,4],[7,9]],[[3,5]],[[3,6],[5,6],[3,8],[5,8]],[[6,8]]]
24|false|[2]|[[[1,2],[1,3],[1,9],[4,10],[5,10],[7,10],[2,10],[9,10],[3,10],[1,4],[1,7],[1,5]],[[1,6],[1,8],[6,10],[8,10]],[[1,10]],[[2,3],[3,9],[2,9],[4,5],[5,7],[4,7]],[[2,4],[3,5],[7,9]],[[2,5],[3,7],[4,9],[3,4],[5,9],[2,7]],[[2,6],[3,6],[6,9],[2,8],[3,8],[8,9],[4,6],[5,6],[6,7],[4,8],[5,8],[7,8]],[[6,8]]]
24|false|[2]|[[[1,2],[2,10],[2,5],[6,9],[6,8],[3,6]],[[1,3],[9,10],[5,8],[1,9],[3,5],[8,10]],[[1,4],[4,10],[4,5],[4,9],[4,8],[3,4],[1,7],[7,10],[5,7],[7,9],[7,8],[3,7]],[[1,5],[1,10],[5,10],[3,9],[8,9],[3,8]],[[1,6],[6,10],[5,6],[2,9],[2,8],[2,3]],[[1,8],[3,10],[5,9]],[[2,4],[4,6],[2,7],[6,7]],[[2,6]],[[4,7]]]
24|false|[2]|[[[1,2],[1,3],[1,9],[4,10],[7,10],[5,10],[2,10],[9,10],[3,10],[1,4],[1,5],[1,7]],[[1,6],[6,10],[1,8],[8,10]],[[1,10]],[[2,3],[3,9],[2,9],[4,7],[5,7],[4,5]],[[2,4],[3,5],[7,9]],[[2,5],[3,7],[4,9],[2,7],[5,9],[3,4]],[[2,6],[3,6],[6,9],[4,6],[6,7],[5,6],[2,8],[3,8],[8,9],[4,8],[7,8],[5,8]],[[6,8]]]
24|false|[2]|[[[1,2]],[[1,3],[1,9]],[[1,4],[1,7],[1,5]],[[1,6]],[[1,8],[1,10]],[[2,3],[2,9]],[[2,4],[2,7],[2,5]],[[2,6]],[[2,8],[2,10]],[[3,4],[3,7],[3,5],[4,9],[5,9],[7,9]],[[3,6],[6,9]],[[3,8],[8,9],[3,10],[9,10]],[[3,9]],[[4,5],[4,7],[5,7]],[[4,6],[6,7],[5,6]],[[4,8],[7,8],[5,8],[4,10],[7,10],[5,10]],[[6,8],[6,10]],[[8,10]]]
24|false|[2]|[[[1,2],[1,4],[2,4]],[[1,3],[4,10],[2,5],[1,5],[2,10],[3,4]],[[1,6],[4,6],[2,6],[1,7],[4,7],[2,7],[1,9],[4,9],[2,9],[1,8],[4,8],[2,8]],[[1,10],[4,5],[2,3]],[[3,5],[3,10],[5,10]],[[3,6],[6,10],[5,6],[3,7],[7,10],[5,7],[3,9],[9,10],[5,9],[3,8],[8,10],[5,8]],[[6,7],[8,9]],[[6,8],[7,9]],[[6,9],[7,8]]]
24|false|[2]|[[[1,2],[1,7],[2,7]],[[1,3],[1,5],[3,7],[5,7],[2,3],[2,5]],[[1,4],[7,10],[2,9],[1,9],[2,10],[4,7]],[[1,6],[1,8],[6,7],[7,8],[2,6],[2,8]],[[1,10],[7,9],[2,4]],[[3,4],[4,5],[3,10],[5,10],[3,9],[5,9]],[[3,5]],[[3,6],[5,8],[3,8],[5,6]],[[4,6],[4,8],[6,10],[8,10],[6,9],[8,9]],[[4,9],[4,10],[9,10]],[[6,8]]]
24|false|[2]|[[[1,2],[2,4],[2,8],[2,7],[2,9],[2,5]],[[1,3],[3,4],[3,8],[6,7],[6,9],[5,6],[1,6],[4,6],[6,8],[3,7],[3,9],[3,5]],[[1,4],[4,8],[1,8],[7,9],[5,9],[5,7]],[[1,5],[4,7],[8,9],[1,7],[5,8],[4,9]],[[1,9],[4,5],[7,8]],[[1,10],[4,10],[8,10],[7,10],[9,10],[5,10]],[[2,3],[2,6]],[[2,10]],[[3,6]],[[3,10],[6,10]]]
24|false|[2]|[[[1,2]],[[1,3],[1,9],[1,10],[1,8]],[[1,4],[1,7],[1,5]],[[1,6]],[[2,3],[2,9],[2,10],[2,8]],[[2,4],[2,7],[2,5]],[[2,6]],[[3,4],[3,7],[3,5],[4,9],[5,9],[7,9],[4,10],[5,10],[7,10],[4,8],[7,8],[5,8]],[[3,6],[6,9],[6,10],[6,8]],[[3,8],[9,10]],[[3,9],[8,10],[3,10],[8,9]],[[4,5],[4,7],[5,7]],[[4,6],[6,7],[5,6]]]
24|false|[2]|[[[1,2],[2,7],[1,7],[9,10],[4,9],[4,10]],[[1,3],[1,5],[1,6],[1,8],[2,3],[2,5],[2,6],[2,8],[3,7],[5,7],[6,7],[7,8],[3,10],[5,10],[8,10],[6,10],[3,9],[5,9],[8,9],[6,9],[3,4],[4,5],[4,8],[4,6]],[[1,4],[2,9],[7,10]],[[1,9],[2,10],[4,7]],[[1,10],[2,4],[7,9]],[[3,5],[6,8]],[[3,6],[5,8],[5,6],[3,8]]]
24|false|[2]|[[[1,2],[1,10],[2,10],[4,7],[6,7],[4,6]],[[1,3],[3,10],[2,3],[1,5],[5,10],[2,5],[7,9],[6,9],[4,9],[7,8],[6,8],[4,8]],[[1,4],[7,10],[2,6]],[[1,6],[4,10],[2,7],[1,7],[6,10],[2,4]],[[1,8],[8,10],[2,8],[1,9],[9,10],[2,9],[3,7],[3,6],[3,4],[5,7],[5,6],[4,5]],[[3,5],[8,9]],[[3,8],[5,9],[3,9],[5,8]]]
24|false|[2]|[[[1,2],[1,6],[2,6],[4,8],[4,10],[8,10]],[[1,3],[3,6],[2,3],[1,9],[2,9],[6,9],[1,5],[5,6],[2,5],[1,7],[2,7],[6,7],[4,9],[9,10],[8,9],[4,5],[5,8],[5,10],[4,7],[7,10],[7,8],[3,4],[3,8],[3,10]],[[1,4],[6,10],[2,8],[1,8],[2,10],[4,6]],[[1,10],[6,8],[2,4]],[[3,5],[7,9]],[[3,7],[5,9],[3,9],[5,7]]]
24|false|[2]|[[[1,2],[1,3],[1,7],[2,6],[3,6],[6,7]],[[1,4],[1,5],[6,8],[6,9]],[[1,6]],[[1,8],[1,9],[5,6],[4,6]],[[1,10],[6,10]],[[2,3],[3,7],[2,7]],[[2,4],[3,4],[4,7],[2,5],[5,7],[3,5],[2,8],[3,8],[7,8],[2,9],[7,9],[3,9]],[[2,10],[3,10],[7,10]],[[4,5],[8,9]],[[4,8],[5,8],[5,9],[4,9]],[[4,10],[5,10],[8,10],[9,10]]]
24|false|[2]|[[[1,2],[3,9],[1,9],[2,3]],[[1,3],[2,9]],[[1,4],[4,9],[2,4],[3,4],[1,5],[2,5],[5,9],[3,5]],[[1,6],[1,7],[1,8],[6,9],[8,9],[7,9],[2,6],[2,8],[2,7],[3,6],[3,7],[3,8]],[[1,10],[9,10],[2,10],[3,10]],[[4,5]],[[4,6],[4,7],[4,8],[5,6],[5,8],[5,7]],[[4,10],[5,10]],[[6,7],[7,8],[6,8]],[[6,10],[7,10],[8,10]]]
24|false|[2]|[[[1,2],[6,8],[3,6],[2,5],[1,6],[2,3],[2,8],[5,6]],[[1,3],[5,8],[1,8],[3,5]],[[1,4],[1,9],[1,7],[4,8],[7,8],[8,9],[3,4],[3,7],[3,9],[4,5],[5,9],[5,7]],[[1,5],[3,8]],[[1,10],[8,10],[3,10],[5,10]],[[2,4],[2,9],[2,7],[4,6],[6,7],[6,9]],[[2,6]],[[2,10],[6,10]],[[4,7],[4,9],[7,9]],[[4,10],[9,10],[7,10]]]
24|false|[2]|[[[1,2],[3,10],[6,7]],[[1,3],[3,7],[1,7]],[[1,4],[3,4],[4,7],[1,8],[7,8],[3,8],[1,5],[3,5],[5,7],[1,9],[7,9],[3,9]],[[1,6],[2,3],[7,10],[1,10],[2,7],[3,6]],[[2,4],[4,10],[4,6],[2,8],[6,8],[8,10],[2,5],[5,10],[5,6],[2,9],[6,9],[9,10]],[[2,6],[2,10],[6,10]],[[4,5],[8,9]],[[4,8],[5,9],[4,9],[5,8]]]
24|false|[2]|[[[1,2],[1,4],[2,9],[4,9],[2,5],[4,5],[3,6],[3,8],[6,7],[7,8],[6,10],[8,10]],[[1,3],[9,10],[5,7]],[[1,5],[1,9],[5,9],[3,10],[3,7],[7,10]],[[1,6],[1,8],[6,9],[8,9],[5,6],[5,8],[3,4],[2,3],[4,7],[2,7],[4,10],[2,10]],[[1,7],[3,9],[5,10]],[[1,10],[7,9],[3,5]],[[2,4],[6,8]],[[2,6],[4,8],[4,6],[2,8]]]
24|false|[2]|[[[1,2],[1,8],[2,8],[4,6],[6,10],[4,10]],[[1,3],[1,5],[3,8],[5,8],[2,3],[2,5],[6,7],[6,9],[7,10],[9,10],[4,7],[4,9],[3,4],[4,5],[3,6],[5,6],[3,10],[5,10],[8,9],[7,8],[2,9],[2,7],[1,9],[1,7]],[[1,4],[8,10],[2,6]],[[1,6],[4,8],[2,10]],[[1,10],[6,8],[2,4]],[[3,5],[7,9]],[[3,7],[5,9],[5,7],[3,9]]]
24|false|[2]|[[[1,2],[2,5],[1,4],[4,5],[1,3],[3,5],[4,9],[4,7],[2,9],[2,7],[3,9],[3,7],[1,6],[5,6],[1,10],[5,10],[1,8],[5,8],[7,10],[9,10],[6,7],[6,9],[7,8],[8,9]],[[1,5],[7,9]],[[1,7],[5,9],[1,9],[5,7]],[[2,3],[2,4],[3,4],[6,8],[6,10],[8,10]],[[2,6],[4,8],[3,10]],[[2,8],[4,10],[3,6],[4,6],[2,10],[3,8]]]
24|false|[2]|[[[1,2],[1,4],[2,4],[3,5],[5,10],[3,10]],[[1,3],[4,10],[2,5],[2,10],[1,5],[3,4]],[[1,6],[1,7],[4,6],[4,7],[2,6],[2,7],[5,8],[5,9],[8,10],[9,10],[3,8],[3,9],[6,10],[7,10],[5,6],[5,7],[3,6],[3,7],[4,9],[4,8],[1,9],[1,8],[2,9],[2,8]],[[1,10],[4,5],[2,3]],[[6,7],[8,9]],[[6,8],[7,9],[7,8],[6,9]]]
24|false|[2]|[[[1,2],[1,4],[1,3],[9,10],[6,9],[8,9],[2,5],[4,5],[3,5],[7,10],[6,7],[7,8]],[[1,5],[7,9]],[[1,6],[1,8],[1,10],[3,9],[2,9],[4,9],[5,6],[5,8],[5,10],[3,7],[2,7],[4,7]],[[1,7],[5,9],[1,9],[5,7]],[[2,3],[2,4],[3,4],[8,10],[6,10],[6,8]],[[2,6],[4,8],[3,10]],[[2,8],[4,10],[3,6],[2,10],[4,6],[3,8]]]
24|false|[2]|[[[1,2],[2,5],[1,4],[4,5],[1,10],[5,10],[7,10],[9,10],[4,7],[4,9],[2,7],[2,9],[1,8],[5,8],[1,3],[3,5],[1,6],[5,6],[6,9],[6,7],[3,9],[3,7],[8,9],[7,8]],[[1,5],[7,9]],[[1,7],[5,9],[5,7],[1,9]],[[2,3],[4,6],[8,10]],[[2,4],[4,10],[2,10],[3,8],[3,6],[6,8]],[[2,6],[4,8],[3,10],[6,10],[3,4],[2,8]]]
24|false|[2]|[[[1,2],[2,7],[2,8],[1,3],[3,8],[3,7],[1,9],[7,9],[8,9],[1,4],[4,8],[4,7]],[[1,5],[5,7],[5,8]],[[1,6],[6,7],[6,8]],[[1,7],[7,8],[1,8]],[[1,10],[7,10],[8,10]],[[2,3],[4,9]],[[2,4],[3,4],[2,9],[3,9]],[[2,5],[3,5],[5,9],[4,5]],[[2,6],[3,6],[6,9],[4,6]],[[2,10],[3,10],[9,10],[4,10]],[[5,6]],[[5,10]],[[6,10]]]
24|false|[2]|[[[1,2],[2,5],[1,5]],[[1,3],[2,3],[3,5]],[[1,4],[2,4],[4,5]],[[1,6],[2,6],[5,6],[1,7],[5,7],[2,7],[1,8],[2,8],[5,8],[1,9],[5,9],[2,9]],[[1,10],[2,10],[5,10]],[[3,4]],[[3,6],[3,7],[3,8],[3,9]],[[3,10]],[[4,6],[4,7],[4,8],[4,9]],[[4,10]],[[6,7],[8,9],[6,9],[7,8]],[[6,8],[7,9]],[[6,10],[7,10],[8,10],[9,10]]]
24|false|[2]|[[[1,2],[3,9]],[[1,3],[2,9],[1,9],[2,3]],[[1,4],[4,9],[3,4],[2,4],[1,5],[3,5],[5,9],[2,5]],[[1,6],[1,8],[1,7],[6,9],[7,9],[8,9],[3,6],[3,7],[3,8],[2,6],[2,8],[2,7]],[[1,10],[9,10],[3,10],[2,10]],[[4,5]],[[4,6],[4,8],[4,7],[5,6],[5,8],[5,7]],[[4,10],[5,10]],[[6,7],[6,8],[7,8]],[[6,10],[8,10],[7,10]]]
24|false|[2]|[[[1,2],[1,4]],[[1,3],[1,10],[1,6],[1,8]],[[1,5],[1,7],[1,9]],[[2,3],[2,10],[2,6],[2,8],[3,4],[4,6],[4,10],[4,8]],[[2,4]],[[2,5],[2,7],[2,9],[4,5],[4,9],[4,7]],[[3,5],[3,7],[3,9],[5,10],[7,10],[9,10],[5,6],[6,7],[6,9],[5,8],[7,8],[8,9]],[[3,6],[8,10],[3,10],[6,8]],[[3,8],[6,10]],[[5,7],[7,9],[5,9]]]
24|false|[2]|[[[1,2],[3,9]],[[1,3],[2,9],[1,9],[2,3]],[[1,4],[5,9],[3,5],[2,4],[1,5],[3,4],[4,9],[2,5]],[[1,6],[6,9],[3,6],[2,6],[1,7],[7,9],[3,7],[2,7],[1,8],[8,9],[3,8],[2,8]],[[1,10],[9,10],[3,10],[2,10]],[[4,5]],[[4,6],[5,6],[4,7],[5,7],[4,8],[5,8]],[[4,10],[5,10]],[[6,7],[7,8],[6,8]],[[6,10],[7,10],[8,10]]]
24|false|[2]|[[[1,2],[5,8]],[[1,3],[2,3],[3,5],[3,8],[1,4],[2,4],[4,8],[4,5]],[[1,5],[2,8],[2,5],[1,8]],[[1,6],[2,6],[1,9],[2,9],[1,7],[2,7],[5,9],[8,9],[5,6],[6,8],[5,7],[7,8]],[[1,10],[2,10],[5,10],[8,10]],[[3,4]],[[3,6],[3,9],[3,7],[4,6],[4,9],[4,7]],[[3,10],[4,10]],[[6,7],[6,9],[7,9]],[[6,10],[9,10],[7,10]]]
24|false|[2]|[[[1,2],[2,5],[2,9],[1,6],[6,9],[5,6]],[[1,3],[1,4],[3,5],[4,5],[3,9],[4,9],[1,8],[1,7],[8,9],[7,9],[5,8],[5,7]],[[1,5],[5,9],[1,9]],[[1,10],[5,10],[9,10]],[[2,3],[2,4],[6,8],[6,7]],[[2,6]],[[2,7],[2,8],[3,6],[4,6]],[[2,10],[6,10]],[[3,4],[7,8]],[[3,7],[4,8],[3,8],[4,7]],[[3,10],[4,10],[8,10],[7,10]]]
24|false|[2]|[[[1,2],[2,7],[2,3],[1,6],[3,6],[6,7]],[[1,3],[1,7],[3,7]],[[1,4],[4,7],[3,4],[1,8],[3,8],[7,8],[1,5],[5,7],[3,5],[1,9],[3,9],[7,9]],[[1,10],[7,10],[3,10]],[[2,4],[6,8],[2,5],[6,9]],[[2,6]],[[2,8],[4,6],[2,9],[5,6]],[[2,10],[6,10]],[[4,5],[8,9]],[[4,8],[5,9],[4,9],[5,8]],[[4,10],[8,10],[5,10],[9,10]]]
24|false|[2]|[[[1,2],[2,9],[2,5],[1,4],[4,9],[4,5],[1,8],[5,8],[8,9],[1,6],[5,6],[6,9]],[[1,3],[9,10],[5,7],[1,7],[5,10],[3,9]],[[1,5],[1,9],[5,9]],[[1,10],[7,9],[3,5]],[[2,3],[2,10],[2,7],[3,4],[4,10],[4,7],[7,8],[8,10],[3,8],[6,7],[6,10],[3,6]],[[2,4],[6,8]],[[2,6],[2,8],[4,6],[4,8]],[[3,7],[3,10],[7,10]]]
24|false|[2]|[[[1,2],[1,8],[2,8]],[[1,3],[3,8],[2,3],[1,5],[2,5],[5,8],[1,9],[8,9],[2,9],[1,7],[2,7],[7,8]],[[1,4],[8,10],[2,6],[1,6],[2,10],[4,8]],[[1,10],[6,8],[2,4]],[[3,4],[3,10],[3,6],[5,6],[5,10],[4,5],[4,9],[9,10],[6,9],[6,7],[7,10],[4,7]],[[3,5],[7,9]],[[3,7],[5,7],[5,9],[3,9]],[[4,6],[4,10],[6,10]]]
24|false|exact|[[[1,2],[2,7],[1,4],[4,7],[1,3],[3,7],[2,9],[2,8],[4,9],[4,8],[3,9],[3,8]],[[1,5],[5,7],[1,6],[6,7],[5,9],[5,8],[6,9],[6,8]],[[1,7],[8,9]],[[1,8],[7,9]],[[1,9],[7,8]],[[1,10],[7,10],[9,10],[8,10]],[[2,3],[2,4],[3,4]],[[2,5],[2,6],[4,6],[4,5],[3,5],[3,6]],[[2,10],[4,10],[3,10]],[[5,6]],[[5,10],[6,10]]]
24|false|exact|[[[1,2],[1,9],[2,9]],[[1,3],[3,9],[2,3],[1,4],[4,9],[2,4]],[[1,5],[1,6],[5,9],[6,9],[2,5],[2,6]],[[1,7],[1,8],[8,9],[7,9],[2,7],[2,8]],[[1,10],[9,10],[2,10]],[[3,4]],[[3,5],[3,6],[4,5],[4,6]],[[3,7],[3,8],[4,7],[4,8]],[[3,10],[4,10]],[[5,6]],[[5,7],[6,7],[5,8],[6,8]],[[5,10],[6,10]],[[7,8]],[[7,10],[8,10]]]
24|false|exact|[[[1,2],[1,8],[2,8],[4,6],[4,10],[6,10]],[[1,3],[3,8],[2,3],[4,9],[9,10],[6,9],[1,9],[8,9],[2,9],[3,4],[3,10],[3,6],[1,5],[5,8],[2,5],[4,7],[7,10],[6,7],[1,7],[7,8],[2,7],[4,5],[5,10],[5,6]],[[1,4],[8,10],[2,6],[4,8],[2,10],[1,6]],[[1,10],[6,8],[2,4]],[[3,5],[7,9]],[[3,7],[5,9]],[[3,9],[5,7]]]
24|false|exact|[[[1,2],[2,9],[2,5],[3,6],[6,10],[4,6],[1,6],[6,9],[5,6],[2,3],[2,10],[2,4]],[[1,3],[9,10],[4,5],[3,9],[5,10],[1,4]],[[1,5],[1,9],[5,9],[3,4],[3,10],[4,10]],[[1,7],[1,8],[7,9],[8,9],[5,7],[5,8],[3,7],[3,8],[7,10],[8,10],[4,7],[4,8]],[[1,10],[4,9],[3,5]],[[2,6]],[[2,7],[2,8],[6,7],[6,8]],[[7,8]]]
24|false|exact|[[[1,2],[1,4],[1,9],[1,3],[2,7],[4,7],[7,9],[3,7],[2,8],[4,8],[8,9],[3,8]],[[1,5],[5,7],[5,8]],[[1,6],[6,7],[6,8]],[[1,7],[7,8],[1,8]],[[1,10],[7,10],[8,10]],[[2,3],[4,9],[2,9],[3,4]],[[2,4],[3,9]],[[2,5],[4,5],[5,9],[3,5]],[[2,6],[4,6],[6,9],[3,6]],[[2,10],[4,10],[9,10],[3,10]],[[5,6]],[[5,10]],[[6,10]]]
24|false|exact|[[[1,2],[1,6],[2,6]],[[1,3],[1,5],[3,6],[5,6],[2,3],[2,5],[2,7],[2,9],[1,7],[1,9],[6,7],[6,9]],[[1,4],[6,10],[2,8]],[[1,8],[4,6],[2,10]],[[1,10],[6,8],[2,4]],[[3,4],[4,5],[3,10],[5,10],[3,8],[5,8],[7,8],[8,9],[4,7],[4,9],[7,10],[9,10]],[[3,5],[7,9]],[[3,7],[5,9],[5,7],[3,9]],[[4,8],[4,10],[8,10]]]
24|false|exact|[[[1,2],[5,8]],[[1,3],[2,3],[1,7],[2,7],[1,6],[2,6],[4,5],[4,8],[5,10],[8,10],[5,9],[8,9],[1,4],[2,4],[1,10],[2,10],[1,9],[2,9],[7,8],[5,7],[6,8],[5,6],[3,8],[3,5]],[[1,5],[2,8],[2,5],[1,8]],[[3,4],[7,10],[6,9],[4,7],[6,10],[3,9]],[[3,6],[3,7],[6,7],[4,9],[4,10],[9,10]],[[3,10],[7,9],[4,6]]]
24|false|exact|[[[1,2],[1,8],[2,8],[4,6],[4,10],[6,10]],[[1,3],[1,5],[3,8],[5,8],[2,3],[2,5],[4,7],[4,9],[7,10],[9,10],[6,7],[6,9]],[[1,4],[8,10],[2,6],[4,8],[2,10],[1,6]],[[1,7],[1,9],[7,8],[8,9],[2,7],[2,9],[3,4],[4,5],[3,10],[5,10],[3,6],[5,6]],[[1,10],[6,8],[2,4]],[[3,5],[7,9]],[[3,7],[5,9],[3,9],[5,7]]]
24|false|exact|[[[1,2],[2,5],[2,7],[2,9],[1,4],[4,5],[4,7],[4,9],[1,10],[5,10],[7,10],[9,10],[1,6],[5,6],[6,9],[6,7],[1,3],[3,5],[3,9],[3,7],[1,8],[5,8],[8,9],[7,8]],[[1,5],[7,9]],[[1,7],[5,9],[5,7],[1,9]],[[2,3],[4,8],[6,10]],[[2,4],[4,10],[2,10],[3,6],[3,8],[6,8]],[[2,6],[3,4],[8,10],[4,6],[3,10],[2,8]]]
24|false|exact|[[[1,2]],[[1,3],[2,3],[1,5],[2,5],[1,4],[2,4]],[[1,6],[1,8],[2,7],[2,9],[2,6],[2,8],[1,9],[1,7]],[[1,10],[2,10]],[[3,4],[3,5],[4,5]],[[3,6],[3,8],[3,7],[3,9],[5,6],[5,8],[5,7],[5,9],[4,6],[4,8],[4,7],[4,9]],[[3,10],[5,10],[4,10]],[[6,7],[8,9],[6,9],[7,8]],[[6,8],[7,9]],[[6,10],[8,10],[7,10],[9,10]]]
24|false|exact|[[[1,2],[1,6],[2,6]],[[1,3],[1,4],[3,6],[4,6],[2,3],[2,4],[2,7],[2,8],[1,7],[1,8],[6,7],[6,8]],[[1,5],[5,6],[2,5],[2,9],[1,9],[6,9]],[[1,10],[6,10],[2,10]],[[3,4],[7,8]],[[3,5],[4,5],[7,9],[8,9]],[[3,7],[4,8],[3,8],[4,7]],[[3,9],[4,9],[5,7],[5,8]],[[3,10],[4,10],[7,10],[8,10]],[[5,9]],[[5,10],[9,10]]]
24|false|exact|[[[1,2]],[[1,3],[2,3],[1,5],[2,5],[1,7],[2,7]],[[1,4],[1,8],[2,4],[2,8],[2,10],[2,6],[1,10],[1,6]],[[1,9],[2,9]],[[3,4],[3,8],[4,5],[5,8],[4,7],[7,8],[7,10],[6,7],[3,10],[3,6],[5,10],[5,6]],[[3,5],[5,7],[3,7]],[[3,9],[5,9],[7,9]],[[4,6],[8,10],[4,10],[6,8]],[[4,8],[6,10]],[[4,9],[8,9],[9,10],[6,9]]]
24|false|[2]|[[[1,2],[2,3],[1,3],[4,10],[5,10],[4,5]],[[1,4],[2,5],[3,10]],[[1,5],[2,10],[3,4]],[[1,6],[2,6],[3,6],[4,6],[6,10],[5,6],[1,8],[2,8],[3,8],[4,8],[8,10],[5,8],[1,7],[2,7],[3,7],[4,7],[7,10],[5,7],[1,9],[2,9],[3,9],[4,9],[9,10],[5,9]],[[1,10],[2,4],[3,5]],[[6,7],[8,9],[7,8],[6,9]],[[6,8],[7,9]]]
24|false|[2]|[[[1,2],[1,4],[1,3],[2,5],[4,5],[3,5],[6,7],[7,10],[7,8],[6,9],[9,10],[8,9],[2,7],[3,7],[4,7],[2,9],[3,9],[4,9],[5,10],[5,6],[5,8],[1,10],[1,6],[1,8]],[[1,5],[7,9]],[[1,7],[5,9],[5,7],[1,9]],[[2,3],[2,4],[3,4],[6,8],[6,10],[8,10]],[[2,6],[4,10],[3,8],[3,6],[2,10],[4,8]],[[2,8],[4,6],[3,10]]]
24|false|[2]|[[[1,2],[3,6],[7,10],[2,7],[1,6],[3,10]],[[1,3],[3,7],[1,7],[2,6],[6,10],[2,10]],[[1,4],[3,4],[4,7],[1,8],[3,8],[7,8],[2,5],[5,6],[5,10],[2,9],[6,9],[9,10]],[[1,5],[3,5],[5,7],[1,9],[3,9],[7,9],[2,8],[6,8],[8,10],[2,4],[4,6],[4,10]],[[1,10],[2,3],[6,7]],[[4,5],[8,9],[5,8],[4,9]],[[4,8],[5,9]]]
24|false|[2]|[[[1,2],[2,8],[2,6]],[[1,3],[3,8],[3,6],[1,7],[7,8],[6,7],[1,9],[8,9],[6,9],[1,5],[5,8],[5,6]],[[1,4],[4,8],[4,6]],[[1,6],[1,8],[6,8]],[[1,10],[8,10],[6,10]],[[2,3],[2,7],[2,9],[2,5]],[[2,4]],[[2,10]],[[3,4],[4,7],[4,9],[4,5]],[[3,5],[7,9],[3,9],[5,7]],[[3,7],[5,9]],[[3,10],[7,10],[9,10],[5,10]],[[4,10]]]
24|false|[2]|[[[1,2],[2,6],[2,8],[1,4],[4,6],[4,8]],[[1,3],[3,6],[3,8],[1,7],[6,7],[7,8],[1,5],[5,6],[5,8],[1,9],[6,9],[8,9]],[[1,6],[6,8],[1,8]],[[1,10],[6,10],[8,10]],[[2,3],[2,7],[4,5],[4,9]],[[2,4]],[[2,5],[2,9],[4,7],[3,4]],[[2,10],[4,10]],[[3,5],[7,9],[5,7],[3,9]],[[3,7],[5,9]],[[3,10],[7,10],[5,10],[9,10]]]
24|false|[2]|[[[1,2],[2,5],[2,8],[1,3],[3,5],[3,8],[1,4],[4,5],[4,8],[1,9],[5,9],[8,9]],[[1,5],[5,8],[1,8]],[[1,6],[5,6],[6,8],[1,7],[7,8],[5,7]],[[1,10],[5,10],[8,10]],[[2,3],[4,9]],[[2,4],[3,9],[3,4],[2,9]],[[2,6],[3,6],[4,6],[6,9],[2,7],[3,7],[4,7],[7,9]],[[2,10],[3,10],[4,10],[9,10]],[[6,7]],[[6,10],[7,10]]]
24|false|[2]|[[[1,2],[1,6],[4,7],[7,8],[2,7],[6,7],[1,4],[1,8]],[[1,3],[1,5],[1,9],[3,7],[5,7],[7,9]],[[1,7]],[[1,10],[7,10]],[[2,3],[2,5],[2,9],[3,6],[5,6],[6,9],[3,4],[4,5],[4,9],[3,8],[5,8],[8,9]],[[2,4],[6,8],[4,6],[2,8]],[[2,6],[4,8]],[[2,10],[6,10],[4,10],[8,10]],[[3,5],[5,9],[3,9]],[[3,10],[5,10],[9,10]]]
24|false|[2]|[[[1,2],[6,9],[5,10]],[[1,3],[3,9],[3,5],[1,4],[4,9],[4,5],[1,7],[7,9],[5,7],[1,8],[8,9],[5,8]],[[1,5],[1,9],[5,9]],[[1,6],[9,10],[2,5],[1,10],[5,6],[2,9]],[[2,3],[3,6],[3,10],[2,4],[4,6],[4,10],[2,7],[6,7],[7,10],[2,8],[6,8],[8,10]],[[2,6],[6,10],[2,10]],[[3,4],[7,8]],[[3,7],[4,8],[4,7],[3,8]]]
24|false|exact|[[[1,2],[1,3],[1,5],[1,4],[1,8],[1,9],[1,6],[1,7]],[[1,10]],[[2,3],[4,5],[8,9],[6,7]],[[2,4],[3,5],[2,5],[3,4],[7,8],[6,9],[6,8],[7,9],[2,8],[3,9],[2,9],[3,8],[5,6],[4,7],[4,6],[5,7],[2,6],[3,7],[2,7],[3,6],[4,9],[5,8],[4,8],[5,9]],[[2,10],[3,10],[5,10],[4,10],[8,10],[9,10],[6,10],[7,10]]]
24|false|[2]|[[[1,2],[2,7],[1,10],[7,10],[1,4],[4,7],[3,9],[3,5],[6,9],[5,6],[8,9],[5,8],[1,6],[6,7],[1,3],[3,7],[1,8],[7,8],[4,9],[4,5],[9,10],[5,10],[2,9],[2,5]],[[1,5],[7,9],[1,9],[5,7]],[[1,7],[5,9]],[[2,3],[8,10],[4,6]],[[2,4],[2,10],[4,10],[3,8],[3,6],[6,8]],[[2,6],[3,10],[4,8],[6,10],[3,4],[2,8]]]
24|false|[2]|[[[1,2],[2,9],[1,9]],[[1,3],[1,5],[2,3],[2,5],[3,9],[5,9],[2,6],[2,4],[1,6],[1,4],[6,9],[4,9]],[[1,7],[2,7],[7,9],[1,8],[2,8],[8,9]],[[1,10],[2,10],[9,10]],[[3,4],[5,6],[3,6],[4,5]],[[3,5],[4,6]],[[3,7],[5,7],[6,7],[4,7],[3,8],[5,8],[6,8],[4,8]],[[3,10],[5,10],[6,10],[4,10]],[[7,8]],[[7,10],[8,10]]]
24|false|exact|[[[1,2],[2,6],[1,6],[4,8],[8,10],[4,10]],[[1,3],[1,5],[1,9],[1,7],[2,7],[2,9],[2,3],[2,5],[5,6],[3,6],[6,7],[6,9],[4,9],[4,7],[4,5],[3,4],[3,8],[5,8],[8,9],[7,8],[7,10],[9,10],[3,10],[5,10]],[[1,4],[2,8],[6,10],[4,6],[1,8],[2,10]],[[1,10],[2,4],[6,8]],[[3,5],[7,9]],[[3,7],[5,9],[3,9],[5,7]]]
24|false|exact|[[[1,2],[1,6],[1,4],[4,8],[2,8],[6,8]],[[1,3],[1,7],[5,8],[8,9],[1,9],[1,5],[3,8],[7,8]],[[1,8]],[[1,10],[8,10]],[[2,3],[2,7],[6,7],[3,6],[3,4],[4,7],[4,5],[4,9],[2,9],[2,5],[5,6],[6,9]],[[2,4],[2,6],[4,6]],[[2,10],[6,10],[4,10]],[[3,5],[7,9],[5,7],[3,9]],[[3,7],[5,9]],[[3,10],[7,10],[5,10],[9,10]]]
25|false|exact|[[[1,2],[4,5],[7,8],[3,10],[6,9],[1,8],[5,10],[6,7],[2,3],[4,9],[1,6],[2,5],[4,7],[3,8],[9,10],[1,4],[5,8],[7,10],[3,6],[2,9],[1,10],[5,6],[2,7],[3,4],[8,9]],[[1,3],[5,9],[1,7],[3,5],[7,9]],[[1,5],[5,7],[3,7],[3,9],[1,9]],[[2,4],[4,8],[8,10],[6,10],[2,6]],[[2,8],[4,10],[6,8],[2,10],[4,6]]]
27|false|exact|[[[1,2],[1,9],[2,9]],[[1,3],[3,9],[2,3],[1,4],[4,9],[2,4],[1,5],[5,9],[2,5]],[[1,6],[1,8],[1,7],[6,9],[8,9],[7,9],[2,6],[2,8],[2,7]],[[1,10],[9,10],[2,10]],[[3,4],[4,5],[3,5]],[[3,6],[3,8],[3,7],[4,6],[4,8],[4,7],[5,6],[5,8],[5,7]],[[3,10],[4,10],[5,10]],[[6,7],[6,8],[7,8]],[[6,10],[8,10],[7,10]]]
27|false|exact|[[[1,2],[6,8],[3,5],[6,7],[3,4],[1,9],[4,5],[2,9],[7,8]],[[1,3],[1,6],[3,6],[7,9],[4,7],[4,9],[5,8],[2,5],[2,8],[1,5],[1,7],[5,7],[8,9],[3,8],[3,9],[4,6],[2,4],[2,6],[1,4],[1,8],[4,8],[6,9],[5,6],[5,9],[3,7],[2,3],[2,7]],[[1,10],[6,10],[3,10],[7,10],[4,10],[9,10],[5,10],[2,10],[8,10]]]
27|false|exact|[[[1,2],[2,9],[1,9],[6,7],[7,8],[6,8],[3,4],[4,5],[3,5]],[[1,3],[2,4],[5,9],[2,6],[7,9],[1,8],[3,7],[4,8],[5,6],[1,4],[2,5],[3,9],[2,8],[6,9],[1,7],[4,6],[5,7],[3,8],[1,5],[2,3],[4,9],[2,7],[8,9],[1,6],[5,8],[3,6],[4,7]],[[1,10],[2,10],[9,10],[6,10],[7,10],[8,10],[3,10],[4,10],[5,10]]]
28|false|[2]|[[[1,2],[3,9],[1,6],[3,5],[6,7],[2,5],[7,9]],[[1,3],[3,6],[5,6],[5,7],[2,7],[2,9],[1,9]],[[1,4],[3,4],[4,6],[4,5],[4,7],[2,4],[4,9],[1,8],[3,8],[6,8],[5,8],[7,8],[2,8],[8,9]],[[1,5],[3,7],[2,6],[5,9],[1,7],[2,3],[6,9]],[[1,10],[3,10],[6,10],[5,10],[7,10],[2,10],[9,10]],[[4,8]],[[4,10],[8,10]]]
30|false|exact|[[[1,2],[2,8],[2,10],[2,6],[2,4]],[[1,3],[3,8],[3,10],[3,6],[3,4],[1,7],[7,8],[7,10],[6,7],[4,7],[1,5],[5,8],[5,10],[5,6],[4,5]],[[1,4],[1,8],[8,10],[6,10],[4,6]],[[1,6],[4,8],[1,10],[6,8],[4,10]],[[1,9],[8,9],[9,10],[6,9],[4,9]],[[2,3],[2,7],[2,5]],[[2,9]],[[3,5],[3,7],[5,7]],[[3,9],[7,9],[5,9]]]
30|false|exact|[[[1,2],[2,9],[2,5],[1,6],[6,9],[5,6]],[[1,3],[3,9],[3,5],[1,4],[4,9],[4,5],[1,7],[7,9],[5,7],[1,10],[9,10],[5,10],[1,8],[8,9],[5,8]],[[1,5],[1,9],[5,9]],[[2,3],[2,4],[2,7],[2,10],[2,8],[3,6],[6,8],[6,10],[6,7],[4,6]],[[2,6]],[[3,4],[4,7],[7,10],[8,10],[3,8]],[[3,7],[4,10],[7,8],[3,10],[4,8]]]
30|false|[2]|[[[1,2],[3,4],[1,9],[2,3],[4,9]],[[1,3],[3,9],[2,9],[2,4],[1,4]],[[1,5],[3,5],[5,9],[2,5],[4,5],[1,10],[3,10],[9,10],[2,10],[4,10],[1,8],[3,8],[8,9],[2,8],[4,8]],[[1,6],[3,6],[6,9],[2,6],[4,6],[1,7],[4,7],[2,7],[7,9],[3,7]],[[5,6],[6,10],[6,8],[5,7],[7,8],[7,10]],[[5,8],[5,10],[8,10]],[[6,7]]]
30|false|[2]|[[[1,2],[2,9],[2,10],[2,3],[2,8]],[[1,3],[8,9],[1,10],[3,9],[8,10]],[[1,4],[4,9],[4,10],[3,4],[4,8],[1,7],[7,9],[7,10],[3,7],[7,8],[1,5],[5,9],[5,10],[3,5],[5,8]],[[1,6],[6,9],[6,10],[3,6],[6,8]],[[1,8],[1,9],[9,10],[3,10],[3,8]],[[2,4],[2,7],[2,5]],[[2,6]],[[4,5],[4,7],[5,7]],[[4,6],[6,7],[5,6]]]
30|false|exact|[[[1,2],[1,4],[1,10],[1,8],[1,6],[2,3],[3,4],[3,10],[3,8],[3,6]],[[1,3]],[[1,5],[1,9],[1,7],[3,5],[3,7],[3,9]],[[2,4],[4,10],[8,10],[6,8],[2,6]],[[2,5],[4,5],[5,10],[5,8],[5,6],[2,9],[4,9],[9,10],[8,9],[6,9],[2,7],[4,7],[7,10],[7,8],[6,7]],[[2,8],[4,6],[2,10],[4,8],[6,10]],[[5,7],[5,9],[7,9]]]
30|false|exact|[[[1,2],[2,6],[2,9],[2,4],[2,8]],[[1,3],[3,6],[3,9],[3,4],[3,8],[1,7],[6,7],[7,9],[4,7],[7,8],[1,5],[5,6],[5,9],[4,5],[5,8]],[[1,4],[6,8],[1,9],[4,6],[8,9]],[[1,6],[6,9],[4,9],[4,8],[1,8]],[[1,10],[6,10],[9,10],[4,10],[8,10]],[[2,3],[2,7],[2,5]],[[2,10]],[[3,5],[3,7],[5,7]],[[3,10],[7,10],[5,10]]]
30|false|exact|[[[1,2],[1,6],[5,6],[2,5],[2,9],[6,9],[4,6],[2,4],[2,8],[6,8]],[[1,3],[1,7],[1,10],[5,7],[5,10],[3,5],[9,10],[3,9],[7,9],[3,4],[4,7],[4,10],[7,8],[8,10],[3,8]],[[1,4],[5,8],[1,9],[4,5],[8,9]],[[1,5],[5,9],[4,9],[4,8],[1,8]],[[2,3],[2,7],[2,10],[6,10],[3,6],[6,7]],[[2,6]],[[3,7],[7,10],[3,10]]]
32|false|exact|[[[1,2],[4,10],[1,4],[2,10]],[[1,3],[5,10],[1,5],[3,10]],[[1,6],[6,10],[1,8],[8,10]],[[1,7],[9,10],[1,9],[7,10]],[[1,10]],[[2,3],[4,5],[2,5],[3,4]],[[2,4]],[[2,6],[4,6],[2,8],[4,8]],[[2,7],[4,9],[4,7],[2,9]],[[3,5]],[[3,6],[5,6],[3,8],[5,8]],[[3,7],[5,9],[5,7],[3,9]],[[6,7],[6,9],[8,9],[7,8]],[[6,8]],[[7,9]]]
32|false|exact|[[[1,2],[4,10]],[[1,3],[2,5],[5,10],[3,4],[1,5],[2,3],[3,10],[4,5]],[[1,4],[2,10]],[[1,6],[2,6],[8,10],[4,8],[1,8],[2,8],[6,10],[4,6]],[[1,7],[2,7],[9,10],[4,9],[1,9],[2,9],[7,10],[4,7]],[[1,10],[2,4]],[[3,5]],[[3,6],[5,6],[5,8],[3,8]],[[3,7],[5,7],[5,9],[3,9]],[[6,7],[8,9],[6,9],[7,8]],[[6,8]],[[7,9]]]
32|false|exact|[[[1,2],[4,10]],[[1,3],[4,6],[5,10],[2,8],[1,5],[4,8],[3,10],[2,6],[1,8],[4,5],[6,10],[2,3],[1,6],[3,4],[8,10],[2,5]],[[1,4],[2,10]],[[1,7],[4,7],[9,10],[2,9],[1,9],[4,9],[7,10],[2,7]],[[1,10],[2,4]],[[3,5],[6,8]],[[3,6],[5,8]],[[3,7],[6,7],[5,9],[8,9],[3,9],[6,9],[5,7],[7,8]],[[3,8],[5,6]],[[7,9]]]
32|false|exact|[[[1,2],[2,7],[2,6],[2,3],[2,9],[2,8],[2,5],[2,4]],[[1,3],[6,7],[1,6],[3,7],[4,9],[5,8],[5,9],[4,8]],[[1,4],[5,7],[1,5],[4,7],[6,8],[3,9],[6,9],[3,8]],[[1,7],[3,6],[8,9],[4,5]],[[1,8],[7,9],[4,6],[3,5],[1,9],[7,8],[5,6],[3,4]],[[1,10],[7,10],[6,10],[3,10],[9,10],[8,10],[5,10],[4,10]],[[2,10]]]
32|false|exact|[[[1,2],[1,4],[1,5],[1,3],[8,10],[6,10],[7,10],[9,10]],[[1,6],[1,8],[1,9],[1,7],[2,10],[4,10],[5,10],[3,10]],[[1,10]],[[2,3],[4,5],[2,5],[3,4],[8,9],[6,7],[7,8],[6,9]],[[2,4],[3,5],[6,8],[7,9]],[[2,6],[4,8],[5,9],[3,7],[2,8],[4,6],[5,7],[3,9]],[[2,7],[4,9],[2,9],[4,7],[5,6],[3,8],[5,8],[3,6]]]
32|false|exact|[[[1,2],[1,4],[1,6],[1,8],[2,10],[4,10],[6,10],[8,10],[1,3],[1,5],[1,7],[1,9],[3,10],[5,10],[7,10],[9,10]],[[1,10]],[[2,3],[4,5],[6,7],[8,9],[2,5],[3,4],[6,9],[7,8]],[[2,4],[6,8],[3,5],[7,9]],[[2,6],[4,8],[4,6],[2,8],[3,7],[5,9],[5,7],[3,9]],[[2,7],[4,9],[5,6],[3,8],[2,9],[4,7],[5,8],[3,6]]]
32|false|exact|[[[1,2],[1,4],[9,10],[7,10],[5,10],[3,10],[1,8],[1,6],[2,10],[4,10],[1,7],[1,9],[1,3],[1,5],[8,10],[6,10]],[[1,10]],[[2,3],[4,5],[6,9],[7,8],[2,5],[3,4],[8,9],[6,7]],[[2,4],[7,9],[3,5],[6,8]],[[2,6],[4,8],[3,9],[5,7],[2,8],[4,6],[3,7],[5,9]],[[2,7],[4,9],[2,9],[4,7],[5,6],[3,8],[5,8],[3,6]]]
32|false|exact|[[[1,2],[2,7],[2,9],[2,8]],[[1,3],[3,7],[1,5],[5,7],[1,6],[6,7],[1,4],[4,7],[3,9],[3,8],[5,9],[5,8],[6,9],[6,8],[4,9],[4,8]],[[1,7],[8,9]],[[1,8],[7,9]],[[1,9],[7,8]],[[1,10],[7,10],[9,10],[8,10]],[[2,3],[2,5],[2,6],[2,4]],[[2,10]],[[3,4],[5,6],[3,6],[4,5]],[[3,5],[4,6]],[[3,10],[5,10],[6,10],[4,10]]]
32|false|exact|[[[1,2],[4,10],[1,4],[2,10]],[[1,3],[3,10],[1,5],[5,10]],[[1,6],[6,10],[1,8],[8,10],[1,7],[7,10],[1,9],[9,10]],[[1,10]],[[2,3],[3,4],[4,5],[2,5]],[[2,4]],[[2,6],[4,6],[2,8],[4,8],[2,7],[4,7],[2,9],[4,9]],[[3,5]],[[3,6],[3,8],[3,7],[3,9],[5,6],[5,8],[5,7],[5,9]],[[6,7],[8,9],[7,8],[6,9]],[[6,8],[7,9]]]
32|false|exact|[[[1,2],[4,10],[1,4],[2,10]],[[1,3],[3,10],[1,5],[5,10]],[[1,6],[1,8],[6,10],[8,10],[1,9],[1,7],[9,10],[7,10]],[[1,10]],[[2,3],[3,4],[4,5],[2,5]],[[2,4]],[[2,6],[2,8],[4,6],[4,8],[2,9],[2,7],[4,9],[4,7]],[[3,5]],[[3,6],[3,8],[3,9],[3,7],[5,6],[5,8],[5,9],[5,7]],[[6,7],[8,9],[6,9],[7,8]],[[6,8],[7,9]]]
32|false|exact|[[[1,2],[1,4],[2,10],[4,10]],[[1,3],[1,5],[5,10],[3,10]],[[1,6],[1,8],[1,7],[1,9],[6,10],[8,10],[7,10],[9,10]],[[1,10]],[[2,3],[2,5],[4,5],[3,4]],[[2,4]],[[2,6],[2,8],[2,7],[2,9],[4,6],[4,8],[4,7],[4,9]],[[3,5]],[[3,6],[3,8],[5,7],[5,9],[5,6],[5,8],[3,7],[3,9]],[[6,7],[8,9],[7,8],[6,9]],[[6,8],[7,9]]]
32|false|exact|[[[1,2],[5,8]],[[1,3],[2,3],[3,8],[3,5],[1,10],[2,10],[5,10],[8,10]],[[1,4],[2,4],[4,8],[4,5],[1,7],[2,7],[7,8],[5,7]],[[1,5],[2,8],[1,8],[2,5]],[[1,6],[2,6],[6,8],[5,6],[1,9],[2,9],[5,9],[8,9]],[[3,4],[4,10],[3,7],[7,10]],[[3,6],[6,10],[3,9],[9,10]],[[3,10]],[[4,6],[4,9],[7,9],[6,7]],[[4,7]],[[6,9]]]
32|false|exact|[[[1,2],[1,4],[2,10],[4,10],[1,3],[1,5],[3,10],[5,10]],[[1,6],[6,10],[1,8],[8,10]],[[1,7],[9,10],[1,9],[7,10]],[[1,10]],[[2,3],[4,5],[2,5],[3,4]],[[2,4],[3,5]],[[2,6],[4,6],[3,6],[5,6],[2,8],[4,8],[5,8],[3,8]],[[2,7],[4,7],[2,9],[4,9],[3,7],[5,7],[3,9],[5,9]],[[6,7],[6,9],[7,8],[8,9]],[[6,8]],[[7,9]]]
32|false|exact|[[[1,2],[1,4],[5,10],[3,10],[2,10],[4,10],[1,3],[1,5]],[[1,6],[8,10],[1,8],[6,10]],[[1,7],[9,10],[1,9],[7,10]],[[1,10]],[[2,3],[4,5],[2,5],[3,4]],[[2,4],[3,5]],[[2,6],[4,6],[5,8],[3,8],[2,8],[4,8],[5,6],[3,6]],[[2,7],[4,7],[5,9],[3,9],[2,9],[4,9],[5,7],[3,7]],[[6,7],[8,9],[7,8],[6,9]],[[6,8]],[[7,9]]]
32|false|exact|[[[1,2],[4,10],[1,4],[2,10]],[[1,3],[3,10],[1,5],[5,10]],[[1,6],[1,8],[7,10],[9,10],[6,10],[8,10],[1,7],[1,9]],[[1,10]],[[2,3],[3,4],[4,5],[2,5]],[[2,4]],[[2,6],[2,8],[4,7],[4,9],[4,6],[4,8],[2,7],[2,9]],[[3,5]],[[3,6],[3,8],[3,7],[3,9],[5,6],[5,8],[5,7],[5,9]],[[6,7],[8,9],[7,8],[6,9]],[[6,8],[7,9]]]
32|false|exact|[[[1,2],[4,10],[1,4],[2,10]],[[1,3],[3,10],[2,5],[4,5],[1,5],[5,10],[3,4],[2,3]],[[1,6],[6,10],[2,8],[4,8],[1,8],[8,10],[2,6],[4,6]],[[1,7],[7,10],[2,7],[4,7],[1,9],[9,10],[2,9],[4,9]],[[1,10],[2,4]],[[3,5]],[[3,6],[5,8],[5,6],[3,8]],[[3,7],[5,7],[3,9],[5,9]],[[6,7],[7,8],[6,9],[8,9]],[[6,8]],[[7,9]]]
32|false|exact|[[[1,2],[1,6],[2,4],[4,6]],[[1,3],[1,5],[1,7],[1,8],[3,4],[4,5],[4,7],[4,8]],[[1,4]],[[1,9],[1,10],[4,9],[4,10]],[[2,3],[2,5],[6,7],[6,8]],[[2,6]],[[2,7],[2,8],[5,6],[3,6]],[[2,9],[2,10],[6,9],[6,10]],[[3,5],[7,8]],[[3,7],[5,8],[3,8],[5,7]],[[3,9],[5,9],[3,10],[5,10],[7,9],[8,9],[7,10],[8,10]],[[9,10]]]
32|false|exact|[[[1,2],[4,10],[1,4],[2,10]],[[1,3],[3,10],[1,5],[5,10],[2,3],[3,4],[2,5],[4,5]],[[1,6],[6,10],[1,8],[8,10],[2,6],[4,6],[2,8],[4,8]],[[1,7],[7,10],[2,7],[4,7],[1,9],[9,10],[2,9],[4,9]],[[1,10],[2,4]],[[3,5]],[[3,6],[5,8],[3,8],[5,6]],[[3,7],[5,7],[3,9],[5,9]],[[6,7],[7,8],[6,9],[8,9]],[[6,8]],[[7,9]]]
32|false|exact|[[[1,2],[4,10]],[[1,3],[5,10],[1,5],[3,10]],[[1,4],[2,10]],[[1,6],[1,8],[6,10],[8,10],[1,9],[1,7],[9,10],[7,10]],[[1,10]],[[2,3],[4,5],[2,5],[3,4]],[[2,4]],[[2,6],[2,8],[4,6],[4,8],[2,9],[2,7],[4,9],[4,7]],[[3,5]],[[3,6],[3,8],[5,6],[5,8],[3,9],[3,7],[5,9],[5,7]],[[6,7],[8,9],[6,9],[7,8]],[[6,8],[7,9]]]
32|false|exact|[[[1,2],[3,10],[1,5],[4,10],[1,3],[2,10],[1,4],[5,10]],[[1,6],[1,7],[9,10],[8,10],[6,10],[7,10],[1,8],[1,9]],[[1,10]],[[2,3],[4,5]],[[2,4],[3,5]],[[2,5],[3,4]],[[2,6],[2,7],[3,9],[3,8],[5,6],[5,7],[4,9],[4,8],[3,6],[3,7],[2,9],[2,8],[4,6],[4,7],[5,9],[5,8]],[[6,7],[8,9]],[[6,8],[7,9],[6,9],[7,8]]]
32|false|exact|[[[1,2],[4,10],[2,10],[1,4]],[[1,3],[5,10],[1,5],[3,10],[2,3],[4,5],[2,5],[3,4],[1,9],[7,10],[1,7],[9,10],[4,9],[2,7],[4,7],[2,9]],[[1,6],[6,10],[2,6],[4,6],[1,8],[8,10],[4,8],[2,8]],[[1,10],[2,4]],[[3,5],[7,9]],[[3,6],[5,6],[3,8],[5,8],[8,9],[7,8],[6,9],[6,7]],[[3,7],[5,9]],[[3,9],[5,7]],[[6,8]]]
32|false|exact|[[[1,2],[2,10],[1,6],[6,10],[2,4],[2,9],[4,6],[6,9]],[[1,3],[5,10],[1,5],[3,10],[1,7],[8,10],[1,8],[7,10],[3,4],[5,9],[4,5],[3,9],[4,7],[8,9],[4,8],[7,9]],[[1,4],[9,10]],[[1,9],[4,10]],[[1,10],[4,9]],[[2,3],[2,5],[6,7],[6,8]],[[2,6]],[[2,7],[2,8],[5,6],[3,6]],[[3,5],[7,8]],[[3,7],[5,8],[5,7],[3,8]]]
32|false|exact|[[[1,2],[4,10],[2,10],[1,4]],[[1,3],[5,10],[2,6],[4,8],[1,5],[3,10],[4,6],[2,8]],[[1,6],[8,10],[2,5],[3,4],[1,8],[6,10],[2,3],[4,5]],[[1,7],[7,10],[2,7],[4,7],[1,9],[9,10],[2,9],[4,9]],[[1,10],[2,4]],[[3,5],[6,8]],[[3,6],[5,8],[5,6],[3,8]],[[3,7],[5,7],[6,7],[7,8],[3,9],[5,9],[6,9],[8,9]],[[7,9]]]
32|false|exact|[[[1,2],[4,10],[1,4],[2,10]],[[1,3],[5,10],[2,5],[3,4],[1,8],[6,10],[4,6],[2,8],[1,5],[3,10],[2,3],[4,5],[1,6],[8,10],[4,8],[2,6]],[[1,7],[7,10],[2,7],[4,7],[1,9],[9,10],[2,9],[4,9]],[[1,10],[2,4]],[[3,5],[6,8]],[[3,6],[5,8],[5,6],[3,8]],[[3,7],[5,7],[7,8],[6,7],[3,9],[5,9],[8,9],[6,9]],[[7,9]]]
32|false|exact|[[[1,2],[1,5],[1,4],[1,3],[2,10],[5,10],[4,10],[3,10]],[[1,6],[1,8],[1,9],[1,7],[6,10],[8,10],[7,10],[9,10]],[[1,10]],[[2,3],[4,5]],[[2,4],[3,5]],[[2,5],[3,4]],[[2,6],[2,8],[5,6],[5,8],[4,9],[4,7],[3,9],[3,7],[4,6],[4,8],[3,6],[3,8],[2,9],[2,7],[5,9],[5,7]],[[6,7],[8,9],[6,9],[7,8]],[[6,8],[7,9]]]
32|false|exact|[[[1,2],[4,10]],[[1,3],[2,3],[3,10],[3,4],[1,5],[2,5],[5,10],[4,5]],[[1,4],[2,10]],[[1,6],[2,6],[1,8],[2,8],[7,10],[4,7],[9,10],[4,9],[1,9],[2,9],[1,7],[2,7],[6,10],[4,6],[8,10],[4,8]],[[1,10],[2,4]],[[3,5]],[[3,6],[3,8],[3,7],[3,9],[5,9],[5,7],[5,6],[5,8]],[[6,7],[8,9],[7,8],[6,9]],[[6,8],[7,9]]]
32|false|exact|[[[1,2],[4,10],[1,4],[2,10]],[[1,3],[3,10],[1,8],[8,10],[2,5],[4,5],[2,6],[4,6],[1,5],[5,10],[1,6],[6,10],[2,3],[3,4],[2,8],[4,8]],[[1,7],[7,10],[2,7],[4,7],[1,9],[9,10],[2,9],[4,9]],[[1,10],[2,4]],[[3,5],[6,8]],[[3,6],[5,8]],[[3,7],[7,8],[5,7],[6,7],[5,9],[6,9],[3,9],[8,9]],[[3,8],[5,6]],[[7,9]]]
32|false|exact|[[[1,2],[1,3],[4,10],[5,10]],[[1,4],[1,5],[2,10],[3,10]],[[1,6],[1,8],[1,9],[1,7],[6,10],[8,10],[7,10],[9,10]],[[1,10]],[[2,3],[4,5]],[[2,4],[3,5]],[[2,5],[3,4]],[[2,6],[3,8],[2,8],[3,6],[2,9],[3,7],[2,7],[3,9],[4,6],[5,8],[4,8],[5,6],[4,7],[5,9],[4,9],[5,7]],[[6,7],[8,9],[6,9],[7,8]],[[6,8],[7,9]]]
32|false|exact|[[[1,2],[4,10]],[[1,3],[4,5],[5,10],[2,3],[1,5],[3,4],[3,10],[2,5]],[[1,4],[2,10]],[[1,6],[1,8],[4,9],[4,7],[6,10],[8,10],[2,9],[2,7]],[[1,7],[1,9],[4,6],[4,8],[7,10],[9,10],[2,6],[2,8]],[[1,10],[2,4]],[[3,5]],[[3,6],[3,8],[5,9],[5,7],[5,6],[5,8],[3,9],[3,7]],[[6,7],[8,9],[6,9],[7,8]],[[6,8],[7,9]]]
32|false|exact|[[[1,2],[4,10]],[[1,3],[1,5],[4,6],[4,8],[2,3],[2,5],[8,10],[6,10],[3,10],[5,10],[2,6],[2,8],[3,4],[4,5],[1,8],[1,6]],[[1,4],[2,10]],[[1,7],[4,7],[2,7],[7,10],[9,10],[2,9],[4,9],[1,9]],[[1,10],[2,4]],[[3,5],[6,8]],[[3,6],[5,8],[3,8],[5,6]],[[3,7],[5,7],[6,7],[7,8],[3,9],[5,9],[6,9],[8,9]],[[7,9]]]
32|false|exact|[[[1,2],[4,10],[1,4],[2,10]],[[1,3],[3,10],[1,5],[5,10],[2,3],[3,4],[2,5],[4,5]],[[1,6],[6,10],[1,7],[7,10],[2,6],[4,6],[2,7],[4,7],[1,8],[8,10],[1,9],[9,10],[2,8],[4,8],[2,9],[4,9]],[[1,10],[2,4]],[[3,5]],[[3,6],[5,7],[3,7],[5,6],[5,8],[3,9],[5,9],[3,8]],[[6,7],[8,9]],[[6,8],[7,9]],[[6,9],[7,8]]]
32|false|exact|[[[1,2],[2,5],[2,4],[2,3],[1,9],[5,9],[4,9],[3,9]],[[1,3],[4,5],[1,4],[3,5]],[[1,5],[3,4]],[[1,6],[5,6],[4,6],[3,6]],[[1,7],[1,8],[5,7],[5,8],[4,7],[4,8],[3,7],[3,8]],[[1,10],[5,10],[4,10],[3,10]],[[2,6],[6,9]],[[2,7],[2,8],[7,9],[8,9]],[[2,9]],[[2,10],[9,10]],[[6,7],[6,8]],[[6,10]],[[7,8]],[[7,10],[8,10]]]
32|false|exact|[[[1,2],[4,10],[5,8],[3,6]],[[1,3],[5,10],[4,6],[2,8],[1,5],[3,10],[2,6],[4,8]],[[1,4],[2,10],[5,6],[3,8]],[[1,6],[8,10],[3,4],[2,5],[1,8],[6,10],[4,5],[2,3]],[[1,7],[7,10],[4,7],[2,7],[5,7],[3,7],[6,7],[7,8],[1,9],[9,10],[4,9],[2,9],[5,9],[3,9],[6,9],[8,9]],[[1,10],[2,4],[3,5],[6,8]],[[7,9]]]
32|false|exact|[[[1,2],[4,10],[1,4],[2,10]],[[1,3],[5,10],[1,5],[3,10],[3,4],[2,5],[4,5],[2,3]],[[1,6],[6,10],[4,6],[2,6],[1,8],[8,10],[4,8],[2,8]],[[1,7],[9,10],[1,9],[7,10],[4,7],[2,9],[4,9],[2,7]],[[1,10],[2,4]],[[3,5]],[[3,6],[5,6],[3,8],[5,8]],[[3,7],[5,9],[3,9],[5,7]],[[6,7],[6,9],[7,8],[8,9]],[[6,8]],[[7,9]]]
32|false|exact|[[[1,2],[4,10]],[[1,3],[1,5],[6,10],[8,10],[1,8],[1,6],[3,10],[5,10],[2,3],[2,5],[4,6],[4,8],[2,8],[2,6],[3,4],[4,5]],[[1,4],[2,10]],[[1,7],[9,10],[1,9],[7,10],[2,7],[4,9],[2,9],[4,7]],[[1,10],[2,4]],[[3,5],[6,8]],[[3,6],[5,8],[5,6],[3,8]],[[3,7],[5,7],[6,9],[8,9],[7,8],[6,7],[3,9],[5,9]],[[7,9]]]
32|false|exact|[[[1,2],[8,9],[6,7],[4,5]],[[1,3],[2,3],[3,8],[3,9],[3,6],[3,7],[3,4],[3,5]],[[1,4],[2,5],[6,8],[7,9],[1,5],[2,4],[7,8],[6,9],[1,6],[2,7],[4,8],[5,9],[1,7],[2,6],[5,8],[4,9]],[[1,8],[2,9],[4,6],[5,7]],[[1,9],[2,8],[5,6],[4,7]],[[1,10],[2,10],[8,10],[9,10],[6,10],[7,10],[4,10],[5,10]],[[3,10]]]
32|false|exact|[[[1,2],[4,10],[6,9],[7,8],[1,4],[2,10],[6,7],[8,9],[4,8],[2,6],[1,9],[7,10],[4,6],[2,8],[9,10],[1,7]],[[1,3],[3,10],[3,6],[3,8],[4,5],[2,5],[5,9],[5,7]],[[1,5],[5,10],[5,6],[5,8],[3,4],[2,3],[3,9],[3,7]],[[1,6],[8,10],[4,9],[2,7]],[[1,8],[6,10],[4,7],[2,9]],[[1,10],[6,8],[2,4],[7,9]],[[3,5]]]
32|false|exact|[[[1,2],[4,10],[3,7],[5,9],[4,5],[2,3],[9,10],[1,7],[1,4],[2,10],[3,9],[5,7],[2,5],[3,4],[7,10],[1,9]],[[1,3],[5,10],[4,9],[2,7]],[[1,5],[3,10],[4,7],[2,9]],[[1,6],[6,10],[3,6],[5,6],[4,6],[2,6],[6,9],[6,7],[1,8],[8,10],[3,8],[5,8],[2,8],[4,8],[7,8],[8,9]],[[1,10],[3,5],[2,4],[7,9]],[[6,8]]]
32|false|exact|[[[1,2],[4,10],[5,9],[3,7],[2,3],[4,5],[9,10],[1,7],[1,4],[2,10],[5,7],[3,9],[3,4],[2,5],[7,10],[1,9]],[[1,3],[5,10],[2,7],[4,9]],[[1,5],[3,10],[2,9],[4,7]],[[1,6],[6,10],[5,6],[3,6],[2,8],[4,8],[8,9],[7,8],[1,8],[8,10],[5,8],[3,8],[4,6],[2,6],[6,7],[6,9]],[[1,10],[3,5],[2,4],[7,9]],[[6,8]]]
32|false|exact|[[[1,2],[1,4],[5,10],[3,10],[2,10],[4,10],[1,3],[1,5]],[[1,6],[1,8],[9,10],[7,10],[6,10],[8,10],[1,9],[1,7]],[[1,10]],[[2,3],[4,5],[2,5],[3,4]],[[2,4],[3,5]],[[2,6],[4,6],[2,8],[4,8],[5,9],[3,9],[5,7],[3,7]],[[2,7],[4,7],[2,9],[4,9],[5,6],[3,6],[5,8],[3,8]],[[6,7],[8,9],[6,9],[7,8]],[[6,8],[7,9]]]
32|false|exact|[[[1,2],[4,10],[1,4],[2,10]],[[1,3],[3,10],[1,5],[5,10],[2,5],[4,5],[2,3],[3,4]],[[1,6],[1,8],[6,10],[8,10],[1,7],[1,9],[7,10],[9,10],[2,6],[2,8],[4,6],[4,8],[2,7],[2,9],[4,7],[4,9]],[[1,10],[2,4]],[[3,5]],[[3,6],[3,8],[5,7],[5,9],[5,6],[5,8],[3,7],[3,9]],[[6,7],[8,9],[6,9],[7,8]],[[6,8],[7,9]]]
32|false|exact|[[[1,2],[2,10],[6,7],[4,6],[2,7],[2,4],[1,6],[6,10]],[[1,3],[1,8],[3,10],[8,10],[7,9],[5,7],[4,9],[4,5],[3,7],[7,8],[3,4],[4,8],[1,9],[1,5],[9,10],[5,10]],[[1,4],[7,10],[1,7],[4,10]],[[1,10],[4,7]],[[2,3],[2,8],[6,9],[5,6],[3,6],[6,8],[2,5],[2,9]],[[2,6]],[[3,5],[8,9],[3,9],[5,8]],[[3,8],[5,9]]]
32|false|exact|[[[1,2],[1,4],[8,10],[6,10]],[[1,3],[1,5],[9,10],[7,10]],[[1,6],[1,8],[2,10],[4,10]],[[1,7],[1,9],[3,10],[5,10]],[[1,10]],[[2,3],[4,5],[2,5],[3,4],[8,9],[6,7],[7,8],[6,9]],[[2,4],[6,8]],[[2,6],[4,8],[2,8],[4,6]],[[2,7],[4,9],[2,9],[4,7],[3,8],[5,6],[5,8],[3,6]],[[3,5],[7,9]],[[3,7],[5,9],[3,9],[5,7]]]
32|false|exact|[[[1,2],[5,7]],[[1,3],[2,3],[1,4],[2,4],[6,7],[5,6],[7,8],[5,8]],[[1,5],[2,7],[1,7],[2,5]],[[1,6],[2,6],[1,8],[2,8],[3,7],[3,5],[4,7],[4,5]],[[1,9],[2,9],[7,9],[5,9],[1,10],[2,10],[5,10],[7,10]],[[3,4],[6,8]],[[3,6],[4,8],[3,8],[4,6]],[[3,9],[4,9],[6,9],[8,9],[3,10],[4,10],[6,10],[8,10]],[[9,10]]]
32|false|exact|[[[1,2],[4,10],[2,10],[1,4]],[[1,3],[3,10],[2,5],[4,5],[1,5],[5,10],[3,4],[2,3]],[[1,6],[8,10],[1,8],[6,10],[2,9],[4,7],[2,7],[4,9],[1,9],[7,10],[1,7],[9,10],[4,8],[2,6],[4,6],[2,8]],[[1,10],[2,4]],[[3,5]],[[3,6],[3,8],[5,9],[5,7],[3,9],[3,7],[5,8],[5,6]],[[6,7],[8,9],[6,9],[7,8]],[[6,8],[7,9]]]
32|false|exact|[[[1,2],[1,4],[1,7],[1,9],[2,10],[4,10],[9,10],[7,10]],[[1,3],[1,5],[1,8],[1,6],[3,10],[5,10],[8,10],[6,10]],[[1,10]],[[2,3],[4,5],[2,8],[4,6],[2,5],[3,4],[2,6],[4,8],[5,7],[3,9],[7,8],[6,9],[3,7],[5,9],[6,7],[8,9]],[[2,4],[7,9]],[[2,7],[4,9],[2,9],[4,7]],[[3,5],[6,8]],[[3,6],[5,8],[5,6],[3,8]]]
32|false|exact|[[[1,2],[2,10],[2,7],[2,4],[1,6],[6,10],[6,7],[4,6]],[[1,3],[3,10],[1,8],[8,10],[1,9],[9,10],[1,5],[5,10],[7,8],[4,8],[3,7],[3,4],[5,7],[4,5],[7,9],[4,9]],[[1,4],[7,10],[1,7],[4,10]],[[1,10],[4,7]],[[2,3],[2,8],[2,9],[2,5],[3,6],[6,8],[5,6],[6,9]],[[2,6]],[[3,5],[8,9],[3,9],[5,8]],[[3,8],[5,9]]]
32|false|exact|[[[1,2],[1,4],[5,10],[3,10],[2,10],[4,10],[1,3],[1,5]],[[1,6],[1,8],[9,10],[7,10],[6,10],[8,10],[1,9],[1,7]],[[1,10]],[[2,3],[4,5],[2,5],[3,4]],[[2,4],[3,5]],[[2,6],[2,8],[4,6],[4,8],[5,9],[5,7],[3,9],[3,7]],[[2,7],[2,9],[4,7],[4,9],[5,6],[5,8],[3,6],[3,8]],[[6,7],[8,9],[6,9],[7,8]],[[6,8],[7,9]]]
32|false|exact|[[[1,2],[4,10],[2,10],[1,4]],[[1,3],[3,10],[2,3],[3,4],[1,5],[5,10],[4,5],[2,5]],[[1,6],[1,8],[6,10],[8,10],[2,7],[2,9],[4,7],[4,9]],[[1,7],[1,9],[9,10],[7,10],[2,8],[2,6],[4,6],[4,8]],[[1,10],[2,4]],[[3,5]],[[3,6],[3,8],[3,7],[3,9],[5,6],[5,8],[5,7],[5,9]],[[6,7],[8,9],[6,9],[7,8]],[[6,8],[7,9]]]
32|false|exact|[[[1,2],[2,10],[2,4],[2,9],[1,6],[6,10],[4,6],[6,9]],[[1,3],[7,10],[1,7],[3,10],[4,5],[8,9],[4,8],[5,9],[1,8],[5,10],[1,5],[8,10],[7,9],[3,4],[3,9],[4,7]],[[1,4],[9,10],[4,10],[1,9]],[[1,10],[4,9]],[[2,3],[2,7],[2,5],[2,8],[3,6],[6,7],[6,8],[5,6]],[[2,6]],[[3,5],[7,8],[5,7],[3,8]],[[3,7],[5,8]]]
32|false|exact|[[[1,2],[2,10],[2,4],[2,3],[1,6],[6,10],[3,6],[4,6]],[[1,3],[4,10],[1,4],[3,10]],[[1,5],[5,10],[4,5],[3,5],[1,7],[7,10],[4,7],[3,7],[1,9],[9,10],[3,9],[4,9],[1,8],[8,10],[3,8],[4,8]],[[1,10],[3,4]],[[2,5],[2,7],[2,9],[2,8],[5,6],[6,7],[6,8],[6,9]],[[2,6]],[[5,7],[8,9]],[[5,8],[7,9],[5,9],[7,8]]]
32|false|exact|[[[1,2],[1,4],[1,3],[1,5],[5,10],[3,10],[4,10],[2,10]],[[1,6],[1,8],[1,7],[1,9],[6,10],[8,10],[7,10],[9,10]],[[1,10]],[[2,3],[4,5],[3,4],[2,5]],[[2,4],[3,5]],[[2,6],[2,8],[4,6],[4,8],[3,7],[3,9],[5,7],[5,9],[5,6],[5,8],[3,6],[3,8],[4,7],[4,9],[2,7],[2,9]],[[6,7],[8,9],[6,9],[7,8]],[[6,8],[7,9]]]
32|false|exact|[[[1,2],[1,4],[3,10],[5,10]],[[1,3],[1,5],[2,10],[4,10]],[[1,6],[6,10],[1,8],[8,10],[1,9],[9,10],[1,7],[7,10]],[[1,10]],[[2,3],[4,5],[2,5],[3,4]],[[2,4],[3,5]],[[2,6],[4,6],[3,6],[5,6],[2,8],[4,8],[3,8],[5,8],[2,9],[4,9],[5,9],[3,9],[2,7],[4,7],[5,7],[3,7]],[[6,7],[8,9],[6,9],[7,8]],[[6,8],[7,9]]]
32|false|exact|[[[1,2],[2,4],[6,7],[6,10]],[[1,3],[1,8],[3,4],[4,8],[7,9],[5,7],[9,10],[5,10],[3,7],[7,8],[3,10],[8,10],[1,5],[1,9],[4,5],[4,9]],[[1,4],[7,10]],[[1,6],[4,6],[2,7],[2,10]],[[1,7],[4,10],[1,10],[4,7]],[[2,3],[2,8],[6,9],[5,6],[3,6],[6,8],[2,5],[2,9]],[[2,6]],[[3,5],[8,9],[3,9],[5,8]],[[3,8],[5,9]]]
32|false|exact|[[[1,2],[1,3],[4,10],[5,10],[2,10],[3,10],[1,5],[1,4]],[[1,6],[1,7],[9,10],[8,10],[6,10],[7,10],[1,9],[1,8]],[[1,10]],[[2,3],[4,5]],[[2,4],[3,5],[2,5],[3,4]],[[2,6],[2,7],[3,6],[3,7],[4,9],[4,8],[5,9],[5,8],[4,6],[4,7],[5,6],[5,7],[2,8],[2,9],[3,8],[3,9]],[[6,7],[8,9]],[[6,8],[7,9],[6,9],[7,8]]]
32|false|exact|[[[1,2],[1,4],[5,10],[3,10]],[[1,3],[1,5],[2,10],[4,10]],[[1,6],[1,8],[9,10],[7,10],[6,10],[8,10],[1,9],[1,7]],[[1,10]],[[2,3],[4,5],[2,5],[3,4]],[[2,4],[3,5]],[[2,6],[2,8],[4,6],[4,8],[5,9],[5,7],[3,9],[3,7],[3,6],[3,8],[5,6],[5,8],[4,9],[4,7],[2,9],[2,7]],[[6,7],[8,9],[6,9],[7,8]],[[6,8],[7,9]]]
32|false|exact|[[[1,2],[1,3],[1,6],[1,7]],[[1,4],[1,5],[1,8],[1,9]],[[1,10]],[[2,3],[6,7]],[[2,4],[2,5],[2,8],[2,9],[3,4],[3,5],[3,8],[3,9],[4,6],[5,6],[6,9],[6,8],[4,7],[5,7],[7,9],[7,8]],[[2,6],[3,7],[3,6],[2,7]],[[2,10],[3,10],[6,10],[7,10]],[[4,5],[8,9]],[[4,8],[5,9],[4,9],[5,8]],[[4,10],[5,10],[8,10],[9,10]]]
32|false|exact|[[[1,2],[2,9],[2,6],[2,5]],[[1,3],[1,4],[3,9],[4,9],[6,7],[6,8],[5,7],[5,8]],[[1,5],[6,9],[1,6],[5,9]],[[1,7],[1,8],[7,9],[8,9],[3,6],[4,6],[3,5],[4,5]],[[1,9],[5,6]],[[1,10],[9,10],[6,10],[5,10]],[[2,3],[2,4],[2,7],[2,8]],[[2,10]],[[3,4],[7,8]],[[3,7],[4,8],[3,8],[4,7]],[[3,10],[4,10],[7,10],[8,10]]]
32|false|exact|[[[1,2],[2,5],[2,9],[2,6]],[[1,3],[1,4],[5,7],[5,8],[3,5],[4,5],[1,7],[1,8],[3,9],[4,9],[6,8],[6,7],[3,6],[4,6],[8,9],[7,9]],[[1,5],[6,9]],[[1,6],[5,9],[1,9],[5,6]],[[1,10],[5,10],[9,10],[6,10]],[[2,3],[2,4],[2,7],[2,8]],[[2,10]],[[3,4],[7,8]],[[3,7],[4,8],[3,8],[4,7]],[[3,10],[4,10],[7,10],[8,10]]]
32|false|exact|[[[1,2],[4,10],[1,4],[2,10]],[[1,3],[5,10],[4,6],[2,8],[1,5],[3,10],[4,8],[2,6],[1,6],[8,10],[2,5],[3,4],[1,8],[6,10],[2,3],[4,5]],[[1,7],[7,10],[4,7],[2,7],[1,9],[9,10],[2,9],[4,9]],[[1,10],[2,4]],[[3,5],[6,8]],[[3,6],[5,8],[5,6],[3,8]],[[3,7],[5,7],[6,7],[7,8],[6,9],[8,9],[5,9],[3,9]],[[7,9]]]
32|false|exact|[[[1,2],[4,10],[2,10],[1,4]],[[1,3],[5,10],[1,5],[3,10],[2,6],[4,8],[2,8],[4,6]],[[1,6],[8,10],[1,8],[6,10],[2,3],[4,5],[2,5],[3,4]],[[1,7],[7,10],[2,7],[4,7],[1,9],[9,10],[2,9],[4,9]],[[1,10],[2,4]],[[3,5],[6,8]],[[3,6],[5,8],[3,8],[5,6]],[[3,7],[5,7],[6,7],[7,8],[3,9],[5,9],[6,9],[8,9]],[[7,9]]]
32|false|exact|[[[1,2],[4,10],[1,4],[2,10]],[[1,3],[5,10],[1,5],[3,10],[3,4],[2,5],[4,5],[2,3]],[[1,6],[1,8],[6,10],[8,10],[4,7],[4,9],[2,7],[2,9]],[[1,7],[1,9],[9,10],[7,10],[4,8],[4,6],[2,6],[2,8]],[[1,10],[2,4]],[[3,5]],[[3,6],[3,8],[5,6],[5,8],[3,7],[3,9],[5,7],[5,9]],[[6,7],[8,9],[6,9],[7,8]],[[6,8],[7,9]]]
32|false|exact|[[[1,2],[4,10],[1,4],[2,10]],[[1,3],[5,10],[1,5],[3,10],[1,8],[6,10],[1,6],[8,10],[2,5],[3,4],[2,3],[4,5],[2,8],[4,6],[2,6],[4,8]],[[1,7],[7,10],[2,7],[4,7],[1,9],[9,10],[2,9],[4,9]],[[1,10],[2,4]],[[3,5],[6,8]],[[3,6],[5,8],[3,8],[5,6]],[[3,7],[5,7],[7,8],[6,7],[3,9],[5,9],[8,9],[6,9]],[[7,9]]]
32|false|exact|[[[1,2],[4,10],[2,10],[1,4]],[[1,3],[3,10],[1,5],[5,10],[2,6],[4,6],[2,8],[4,8],[1,6],[6,10],[1,8],[8,10],[4,5],[2,5],[3,4],[2,3]],[[1,7],[7,10],[2,7],[4,7],[1,9],[9,10],[2,9],[4,9]],[[1,10],[2,4]],[[3,5],[6,8]],[[3,6],[5,8],[5,6],[3,8]],[[3,7],[5,7],[6,7],[7,8],[3,9],[5,9],[6,9],[8,9]],[[7,9]]]
32|false|exact|[[[1,2],[4,10],[1,4],[2,10],[5,9],[3,7],[5,7],[3,9],[1,9],[7,10],[9,10],[1,7],[2,5],[3,4],[2,3],[4,5]],[[1,3],[5,10],[4,9],[2,7]],[[1,5],[3,10],[2,9],[4,7]],[[1,6],[6,10],[5,6],[3,6],[6,9],[6,7],[2,6],[4,6],[1,8],[8,10],[5,8],[3,8],[8,9],[7,8],[2,8],[4,8]],[[1,10],[3,5],[7,9],[2,4]],[[6,8]]]
32|false|exact|[[[1,2],[3,10],[1,3],[2,10],[4,10],[1,5],[5,10],[1,4]],[[1,6],[1,7],[9,10],[8,10],[6,10],[7,10],[1,9],[1,8]],[[1,10]],[[2,3],[4,5]],[[2,4],[3,5],[3,4],[2,5]],[[2,6],[2,7],[3,9],[3,8],[3,6],[3,7],[2,9],[2,8],[4,6],[4,7],[5,9],[5,8],[5,6],[5,7],[4,9],[4,8]],[[6,7],[8,9]],[[6,8],[7,9],[6,9],[7,8]]]
32|false|exact|[[[1,2],[2,10],[2,4],[2,9],[1,6],[6,10],[6,9],[4,6]],[[1,3],[1,5],[3,10],[5,10],[3,4],[4,5],[3,9],[5,9],[4,7],[4,8],[7,9],[8,9],[7,10],[8,10],[1,7],[1,8]],[[1,4],[9,10],[4,10],[1,9]],[[1,10],[4,9]],[[2,3],[2,5],[2,7],[2,8],[3,6],[5,6],[6,8],[6,7]],[[2,6]],[[3,5],[7,8]],[[3,7],[5,8],[3,8],[5,7]]]
32|false|exact|[[[1,2],[2,10],[1,6],[6,10],[2,7],[2,3],[6,7],[3,6]],[[1,3],[7,10],[1,7],[3,10]],[[1,4],[4,10],[1,5],[5,10],[1,8],[8,10],[1,9],[9,10],[4,7],[3,4],[5,7],[3,5],[7,8],[3,8],[7,9],[3,9]],[[1,10],[3,7]],[[2,4],[2,5],[6,8],[6,9],[4,6],[5,6],[2,9],[2,8]],[[2,6]],[[4,5],[8,9]],[[4,8],[5,9],[4,9],[5,8]]]
32|false|exact|[[[1,2],[1,4],[2,10],[4,10],[1,3],[1,5],[3,10],[5,10]],[[1,6],[1,8],[6,10],[8,10],[9,10],[7,10],[1,9],[1,7]],[[1,10]],[[2,3],[4,5],[2,5],[3,4]],[[2,4],[3,5]],[[2,6],[4,6],[2,8],[4,8],[3,6],[5,6],[3,8],[5,8],[2,9],[4,9],[2,7],[4,7],[3,9],[5,9],[3,7],[5,7]],[[6,7],[8,9],[6,9],[7,8]],[[6,8],[7,9]]]
32|false|exact|[[[1,2],[1,4],[9,10],[7,10]],[[1,3],[1,5],[1,6],[1,8],[3,10],[5,10],[8,10],[6,10]],[[1,7],[1,9],[4,10],[2,10]],[[1,10]],[[2,3],[2,5],[3,4],[4,5],[4,6],[4,8],[2,6],[2,8],[3,9],[5,9],[3,7],[5,7],[7,8],[6,7],[8,9],[6,9]],[[2,4],[7,9]],[[2,7],[4,9],[4,7],[2,9]],[[3,5],[6,8]],[[3,6],[5,8],[3,8],[5,6]]]
32|false|exact|[[[1,2],[2,9],[2,7],[2,8]],[[1,3],[3,9],[3,7],[3,8],[1,5],[5,9],[5,7],[5,8],[1,6],[6,9],[6,7],[6,8],[1,4],[4,9],[4,7],[4,8]],[[1,7],[8,9],[7,9],[1,8]],[[1,9],[7,8]],[[1,10],[9,10],[7,10],[8,10]],[[2,3],[2,5],[2,6],[2,4]],[[2,10]],[[3,4],[5,6],[3,6],[4,5]],[[3,5],[4,6]],[[3,10],[5,10],[6,10],[4,10]]]
32|false|exact|[[[1,2],[4,10],[1,4],[2,10],[6,7],[8,9],[6,9],[7,8],[4,8],[2,6],[4,6],[2,8],[9,10],[1,7],[1,9],[7,10]],[[1,3],[3,10],[3,6],[3,8],[4,5],[2,5],[5,9],[5,7]],[[1,5],[5,10],[5,6],[5,8],[3,4],[2,3],[3,9],[3,7]],[[1,6],[8,10],[4,9],[2,7],[1,8],[6,10],[4,7],[2,9]],[[1,10],[6,8],[2,4],[7,9]],[[3,5]]]
32|false|exact|[[[1,2],[1,3],[6,10],[7,10],[1,5],[1,4],[9,10],[8,10]],[[1,6],[1,7],[3,10],[2,10],[1,9],[1,8],[4,10],[5,10]],[[1,10]],[[2,3],[6,7],[4,5],[8,9]],[[2,4],[3,5],[2,5],[3,4],[6,9],[7,8],[6,8],[7,9]],[[2,6],[3,7],[2,7],[3,6],[5,9],[4,8],[5,8],[4,9]],[[2,8],[3,9],[2,9],[3,8],[5,6],[4,7],[4,6],[5,7]]]
32|false|exact|[[[1,2],[2,10],[3,6],[5,6],[2,9],[2,8],[4,6],[6,7]],[[1,3],[5,10],[1,5],[3,10],[4,9],[7,8],[7,9],[4,8]],[[1,4],[7,10],[1,7],[4,10],[3,8],[5,9],[3,9],[5,8]],[[1,6],[6,10],[2,3],[2,5],[6,9],[6,8],[2,4],[2,7]],[[1,8],[9,10],[1,9],[8,10],[3,4],[5,7],[3,7],[4,5]],[[1,10],[3,5],[8,9],[4,7]],[[2,6]]]
32|false|exact|[[[1,2],[4,10],[6,9],[7,8],[1,4],[2,10],[6,7],[8,9]],[[1,3],[3,10],[3,4],[2,3],[3,6],[3,8],[3,7],[3,9],[1,5],[5,10],[2,5],[4,5],[5,7],[5,9],[5,8],[5,6]],[[1,6],[8,10],[4,7],[2,9],[1,8],[6,10],[4,9],[2,7],[1,7],[9,10],[2,8],[4,6],[1,9],[7,10],[2,6],[4,8]],[[1,10],[2,4],[6,8],[7,9]],[[3,5]]]
32|false|exact|[[[1,2],[2,10],[2,5],[2,9],[6,7],[4,6],[3,6],[6,8],[1,6],[6,10],[6,9],[5,6],[2,3],[2,8],[2,4],[2,7]],[[1,3],[8,10],[5,7],[4,9],[7,9],[4,5],[3,10],[1,8],[1,4],[7,10],[3,9],[5,8],[3,5],[8,9],[4,10],[1,7]],[[1,5],[9,10],[3,7],[4,8],[1,9],[5,10],[3,4],[7,8]],[[1,10],[5,9],[4,7],[3,8]],[[2,6]]]
32|false|exact|[[[1,2],[4,10],[6,7],[8,9],[1,4],[2,10],[6,9],[7,8],[1,7],[9,10],[4,8],[2,6],[1,9],[7,10],[2,8],[4,6]],[[1,3],[3,10],[3,6],[3,8],[4,5],[2,5],[5,7],[5,9]],[[1,5],[5,10],[5,6],[5,8],[3,4],[2,3],[3,7],[3,9]],[[1,6],[8,10],[1,8],[6,10],[4,7],[2,9],[4,9],[2,7]],[[1,10],[6,8],[2,4],[7,9]],[[3,5]]]
32|false|exact|[[[1,2],[4,10],[1,4],[2,10],[8,9],[6,7],[7,8],[6,9],[2,8],[4,6],[2,6],[4,8],[1,9],[7,10],[9,10],[1,7]],[[1,3],[3,10],[3,8],[3,6],[2,3],[3,4],[3,9],[3,7],[1,5],[5,10],[5,6],[5,8],[2,5],[4,5],[5,7],[5,9]],[[1,6],[8,10],[2,7],[4,9],[1,8],[6,10],[2,9],[4,7]],[[1,10],[6,8],[2,4],[7,9]],[[3,5]]]
32|false|exact|[[[1,2],[2,3],[2,9],[2,4],[2,7],[2,6],[2,5],[2,8]],[[1,3],[4,9],[6,7],[5,8]],[[1,4],[3,9],[1,9],[3,4],[7,8],[5,6],[5,7],[6,8]],[[1,5],[3,8],[1,8],[3,5],[6,9],[4,7],[7,9],[4,6]],[[1,6],[3,7],[1,7],[3,6],[5,9],[4,8],[8,9],[4,5]],[[1,10],[3,10],[9,10],[4,10],[7,10],[6,10],[5,10],[8,10]],[[2,10]]]
32|false|exact|[[[1,2],[1,9],[1,6],[1,5],[1,8],[1,7],[1,4],[1,3]],[[1,10]],[[2,3],[4,9],[2,4],[3,9],[6,7],[5,8],[6,8],[5,7],[8,9],[2,7],[2,8],[7,9],[4,5],[3,6],[4,6],[3,5]],[[2,5],[6,9],[2,6],[5,9],[3,8],[4,7],[4,8],[3,7]],[[2,9],[5,6],[7,8],[3,4]],[[2,10],[9,10],[6,10],[5,10],[8,10],[7,10],[4,10],[3,10]]]
32|false|exact|[[[1,2],[1,3],[1,4],[1,5],[1,8],[1,9],[1,7],[1,6]],[[1,10]],[[2,3],[4,5],[8,9],[6,7]],[[2,4],[3,5],[7,8],[6,9],[2,5],[3,4],[7,9],[6,8]],[[2,6],[3,7],[4,8],[5,9],[2,7],[3,6],[4,9],[5,8],[3,8],[2,9],[4,7],[5,6],[2,8],[3,9],[5,7],[4,6]],[[2,10],[3,10],[4,10],[5,10],[8,10],[9,10],[7,10],[6,10]]]
32|false|exact|[[[1,2],[2,9],[2,6],[2,5],[2,8],[2,7],[2,4],[2,3]],[[1,3],[4,9],[1,4],[3,9],[6,8],[5,7],[6,7],[5,8],[1,8],[7,9],[8,9],[1,7],[4,6],[3,5],[4,5],[3,6]],[[1,5],[6,9],[1,6],[5,9],[3,8],[4,7],[4,8],[3,7]],[[1,9],[5,6],[7,8],[3,4]],[[1,10],[9,10],[6,10],[5,10],[8,10],[7,10],[4,10],[3,10]],[[2,10]]]
32|false|exact|[[[1,2],[1,4],[1,6],[1,8],[9,10],[7,10],[3,10],[5,10]],[[1,3],[1,5],[1,7],[1,9],[4,10],[2,10],[8,10],[6,10]],[[1,10]],[[2,3],[4,5],[2,5],[3,4],[6,7],[8,9],[6,9],[7,8],[4,9],[2,7],[2,9],[4,7],[3,8],[5,6],[3,6],[5,8]],[[2,4],[6,8],[7,9],[3,5]],[[2,6],[4,8],[4,6],[2,8],[3,9],[5,7],[3,7],[5,9]]]
32|false|exact|[[[1,2],[4,10],[1,4],[2,10],[8,9],[6,7],[7,8],[6,9],[2,8],[4,6],[2,6],[4,8],[9,10],[1,7],[1,9],[7,10]],[[1,3],[3,10],[3,8],[3,6],[2,3],[3,4],[3,9],[3,7],[1,5],[5,10],[5,6],[5,8],[2,5],[4,5],[5,7],[5,9]],[[1,6],[8,10],[1,8],[6,10],[2,7],[4,9],[2,9],[4,7]],[[1,10],[6,8],[2,4],[7,9]],[[3,5]]]
32|false|exact|[[[1,2],[4,10],[2,10],[1,4]],[[1,3],[5,10],[2,6],[4,8],[1,5],[3,10],[2,8],[4,6],[1,6],[8,10],[2,5],[3,4],[1,8],[6,10],[2,3],[4,5]],[[1,7],[7,10],[2,7],[4,7],[1,9],[9,10],[2,9],[4,9]],[[1,10],[2,4]],[[3,5],[6,8]],[[3,6],[5,8],[5,6],[3,8]],[[3,7],[5,7],[6,7],[7,8],[3,9],[5,9],[6,9],[8,9]],[[7,9]]]
32|false|exact|[[[1,2],[4,10],[2,10],[1,4]],[[1,3],[1,5],[1,6],[1,8],[3,10],[5,10],[6,10],[8,10],[2,3],[2,5],[2,8],[2,6],[3,4],[4,5],[4,8],[4,6]],[[1,7],[1,9],[7,10],[9,10],[2,9],[2,7],[4,9],[4,7]],[[1,10],[2,4]],[[3,5],[6,8]],[[3,6],[5,8],[5,6],[3,8]],[[3,7],[5,7],[6,9],[8,9],[3,9],[5,9],[7,8],[6,7]],[[7,9]]]
32|false|exact|[[[1,2],[3,10],[1,3],[2,10],[4,10],[1,5],[5,10],[1,4]],[[1,6],[1,7],[9,10],[8,10],[6,10],[7,10],[1,9],[1,8]],[[1,10]],[[2,3],[4,5]],[[2,4],[3,5],[3,4],[2,5]],[[2,6],[2,7],[3,9],[3,8],[3,6],[3,7],[2,9],[2,8],[4,6],[4,7],[5,9],[5,8],[5,6],[5,7],[4,9],[4,8]],[[6,7],[8,9]],[[6,8],[7,9],[6,9],[7,8]]]
32|false|exact|[[[1,2],[2,10],[2,4],[2,9],[4,6],[6,9],[6,10],[1,6]],[[1,3],[1,5],[3,10],[5,10],[4,7],[4,8],[7,9],[8,9],[3,4],[4,5],[3,9],[5,9],[7,10],[8,10],[1,7],[1,8]],[[1,4],[9,10],[4,10],[1,9]],[[1,10],[4,9]],[[2,3],[2,5],[2,7],[2,8],[3,6],[5,6],[6,7],[6,8]],[[2,6]],[[3,5],[7,8]],[[3,7],[5,8],[3,8],[5,7]]]
32|false|exact|[[[1,2],[2,8],[6,9],[4,6],[2,9],[2,4],[6,8],[1,6]],[[1,3],[1,7],[3,8],[7,8],[5,9],[9,10],[4,5],[4,10],[3,9],[7,9],[3,4],[4,7],[5,8],[8,10],[1,5],[1,10]],[[1,4],[8,9],[1,9],[4,8]],[[1,8],[4,9]],[[2,3],[2,7],[5,6],[6,10]],[[2,5],[2,10],[3,6],[6,7]],[[2,6]],[[3,5],[7,10],[3,10],[5,7]],[[3,7],[5,10]]]
32|false|exact|[[[1,2],[2,10],[3,6],[5,6],[1,6],[6,10],[2,5],[2,3]],[[1,3],[5,10],[3,10],[1,5]],[[1,4],[4,10],[3,4],[4,5],[1,7],[7,10],[3,7],[5,7],[1,8],[8,10],[5,8],[3,8],[1,9],[9,10],[5,9],[3,9]],[[1,10],[3,5]],[[2,4],[4,6],[2,7],[6,7],[6,8],[2,8],[6,9],[2,9]],[[2,6]],[[4,7],[8,9]],[[4,8],[7,9],[7,8],[4,9]]]
32|false|exact|[[[1,2],[2,7],[4,6],[6,10]],[[1,3],[1,9],[7,8],[5,7],[3,7],[7,9],[1,8],[1,5],[3,4],[4,9],[8,10],[5,10],[3,10],[9,10],[4,8],[4,5]],[[1,4],[7,10],[4,7],[1,10]],[[1,6],[6,7],[2,4],[2,10]],[[1,7],[4,10]],[[2,3],[2,9],[2,8],[2,5],[3,6],[6,9],[6,8],[5,6]],[[2,6]],[[3,5],[8,9],[3,8],[5,9]],[[3,9],[5,8]]]
32|false|exact|[[[1,2],[4,10],[1,4],[2,10]],[[1,3],[3,10],[1,5],[5,10],[1,9],[9,10],[1,7],[7,10],[2,3],[3,4],[2,5],[4,5],[2,9],[4,9],[2,7],[4,7]],[[1,6],[6,10],[2,6],[4,6],[1,8],[8,10],[2,8],[4,8]],[[1,10],[2,4]],[[3,5],[7,9]],[[3,6],[5,6],[6,9],[6,7],[7,8],[8,9],[3,8],[5,8]],[[3,7],[5,9],[3,9],[5,7]],[[6,8]]]
32|false|exact|[[[1,2],[4,10],[2,10],[1,4]],[[1,3],[5,10],[1,5],[3,10],[2,3],[4,5],[2,5],[3,4]],[[1,6],[1,8],[6,10],[8,10],[2,7],[2,9],[4,7],[4,9],[2,6],[2,8],[4,6],[4,8],[7,10],[9,10],[1,7],[1,9]],[[1,10],[2,4]],[[3,5]],[[3,6],[3,8],[5,6],[5,8],[3,7],[3,9],[5,7],[5,9]],[[6,7],[8,9],[6,9],[7,8]],[[6,8],[7,9]]]
32|false|exact|[[[1,2],[2,9],[2,7],[2,8]],[[1,3],[3,9],[3,7],[3,8],[1,5],[5,9],[5,7],[5,8],[1,6],[6,9],[6,7],[6,8],[1,4],[4,9],[4,7],[4,8]],[[1,7],[8,9],[7,9],[1,8]],[[1,9],[7,8]],[[1,10],[9,10],[7,10],[8,10]],[[2,3],[2,5],[2,6],[2,4]],[[2,10]],[[3,4],[5,6],[3,6],[4,5]],[[3,5],[4,6]],[[3,10],[5,10],[6,10],[4,10]]]
32|false|exact|[[[1,2],[2,8],[5,6],[6,10]],[[1,3],[3,8],[3,5],[3,10],[1,4],[4,8],[4,5],[4,10],[1,9],[8,9],[9,10],[5,9],[1,7],[7,8],[7,10],[5,7]],[[1,5],[8,10],[5,8],[1,10]],[[1,6],[6,8],[2,5],[2,10]],[[1,8],[5,10]],[[2,3],[3,6],[2,4],[4,6],[2,9],[6,9],[2,7],[6,7]],[[2,6]],[[3,4],[7,9]],[[3,7],[4,9],[3,9],[4,7]]]
32|false|exact|[[[1,2],[4,10],[1,4],[2,10]],[[1,3],[3,10],[3,4],[2,3],[1,5],[5,10],[2,5],[4,5]],[[1,6],[8,10],[1,8],[6,10],[1,7],[9,10],[1,9],[7,10],[4,6],[2,8],[4,8],[2,6],[4,7],[2,9],[4,9],[2,7]],[[1,10],[2,4]],[[3,5]],[[3,6],[3,8],[3,7],[3,9],[5,6],[5,8],[5,9],[5,7]],[[6,7],[8,9],[7,8],[6,9]],[[6,8],[7,9]]]
32|false|exact|[[[1,2],[1,4],[2,10],[4,10],[1,3],[1,5],[3,10],[5,10]],[[1,6],[1,8],[6,10],[8,10],[9,10],[7,10],[1,9],[1,7]],[[1,10]],[[2,3],[4,5],[2,5],[3,4]],[[2,4],[3,5]],[[2,6],[4,6],[2,8],[4,8],[3,6],[5,6],[3,8],[5,8],[2,9],[4,9],[2,7],[4,7],[5,9],[3,9],[5,7],[3,7]],[[6,7],[8,9],[6,9],[7,8]],[[6,8],[7,9]]]
32|false|exact|[[[1,2],[1,4],[1,7],[1,9],[2,10],[4,10],[7,10],[9,10]],[[1,3],[1,5],[1,8],[1,6],[3,10],[5,10],[6,10],[8,10]],[[1,10]],[[2,3],[4,5],[2,5],[3,4],[2,8],[4,6],[2,6],[4,8],[5,7],[3,9],[3,7],[5,9],[7,8],[6,9],[6,7],[8,9]],[[2,4],[7,9]],[[2,7],[4,9],[2,9],[4,7]],[[3,5],[6,8]],[[3,6],[5,8],[5,6],[3,8]]]
32|false|exact|[[[1,2],[2,10],[6,7],[4,6],[1,6],[6,10],[2,4],[2,7]],[[1,3],[3,10],[1,8],[8,10],[1,9],[9,10],[1,5],[5,10],[7,9],[4,9],[5,7],[4,5],[7,8],[4,8],[3,7],[3,4]],[[1,4],[7,10],[1,7],[4,10]],[[1,10],[4,7]],[[2,3],[2,8],[2,9],[2,5],[6,9],[5,6],[6,8],[3,6]],[[2,6]],[[3,5],[8,9],[3,9],[5,8]],[[3,8],[5,9]]]
32|false|exact|[[[1,2],[1,8],[2,7],[7,8],[4,5],[5,6],[4,9],[6,9],[2,9],[8,9],[2,5],[5,8],[1,4],[1,6],[4,7],[6,7]],[[1,3],[3,7],[3,5],[3,9],[1,10],[7,10],[5,10],[9,10]],[[1,5],[7,9],[1,9],[5,7]],[[1,7],[5,9]],[[2,3],[3,8],[3,4],[3,6],[2,10],[8,10],[6,10],[4,10]],[[2,4],[6,8],[4,8],[2,6]],[[2,8],[4,6]],[[3,10]]]
32|false|exact|[[[1,2],[2,5],[4,6],[6,8]],[[1,3],[3,5],[1,9],[5,9],[4,9],[8,9],[3,4],[3,8],[1,10],[5,10],[1,7],[5,7],[4,7],[7,8],[4,10],[8,10]],[[1,4],[5,8],[4,5],[1,8]],[[1,5],[4,8]],[[1,6],[5,6],[2,4],[2,8]],[[2,3],[2,9],[6,9],[3,6],[2,10],[2,7],[6,7],[6,10]],[[2,6]],[[3,7],[9,10],[7,9],[3,10]],[[3,9],[7,10]]]
32|false|exact|[[[1,2],[4,10],[2,10],[1,4]],[[1,3],[3,10],[2,5],[4,5],[1,5],[5,10],[3,4],[2,3]],[[1,6],[6,10],[2,8],[4,8],[1,8],[8,10],[2,6],[4,6],[1,7],[7,10],[4,9],[2,9],[1,9],[9,10],[4,7],[2,7]],[[1,10],[2,4]],[[3,5]],[[3,6],[5,8],[3,8],[5,6],[5,7],[3,9],[5,9],[3,7]],[[6,7],[8,9],[7,8],[6,9]],[[6,8],[7,9]]]
32|false|exact|[[[1,2],[1,4],[2,10],[4,10],[1,3],[1,5],[3,10],[5,10]],[[1,6],[1,8],[7,10],[9,10],[6,10],[8,10],[1,9],[1,7]],[[1,10]],[[2,3],[4,5],[2,5],[3,4]],[[2,4],[3,5]],[[2,6],[4,6],[2,8],[4,8],[2,7],[4,7],[2,9],[4,9],[3,6],[5,6],[3,8],[5,8],[3,7],[5,7],[3,9],[5,9]],[[6,7],[8,9],[7,8],[6,9]],[[6,8],[7,9]]]
32|false|exact|[[[1,2],[1,3],[4,10],[5,10]],[[1,4],[1,5],[2,10],[3,10]],[[1,6],[1,7],[9,10],[8,10],[6,10],[7,10],[1,9],[1,8]],[[1,10]],[[2,3],[4,5]],[[2,4],[3,5],[3,4],[2,5]],[[2,6],[2,7],[3,6],[3,7],[4,9],[4,8],[5,9],[5,8],[4,6],[4,7],[5,6],[5,7],[3,9],[3,8],[2,9],[2,8]],[[6,7],[8,9]],[[6,8],[7,9],[6,9],[7,8]]]
32|false|exact|[[[1,2],[1,4],[2,10],[4,10],[3,10],[5,10],[1,3],[1,5]],[[1,6],[1,8],[9,10],[7,10],[6,10],[8,10],[1,7],[1,9]],[[1,10]],[[2,3],[4,5],[2,5],[3,4]],[[2,4],[3,5]],[[2,6],[4,8],[2,8],[4,6],[2,9],[4,7],[2,7],[4,9],[3,6],[5,8],[3,8],[5,6],[3,7],[5,9],[3,9],[5,7]],[[6,7],[8,9],[6,9],[7,8]],[[6,8],[7,9]]]
32|false|exact|[[[1,2],[1,3],[4,10],[5,10],[2,10],[3,10],[1,4],[1,5]],[[1,6],[1,7],[9,10],[8,10],[6,10],[7,10],[1,9],[1,8]],[[1,10]],[[2,3],[4,5]],[[2,4],[3,5],[3,4],[2,5]],[[2,6],[2,7],[3,6],[3,7],[4,9],[4,8],[5,9],[5,8],[4,6],[4,7],[5,6],[5,7],[3,9],[3,8],[2,9],[2,8]],[[6,7],[8,9]],[[6,8],[7,9],[6,9],[7,8]]]
32|false|exact|[[[1,2],[2,10],[2,9],[2,5],[1,6],[6,10],[5,6],[6,9]],[[1,3],[4,10],[1,4],[3,10],[7,9],[5,8],[8,9],[5,7],[1,7],[8,10],[1,8],[7,10],[4,9],[3,5],[3,9],[4,5]],[[1,5],[9,10],[1,9],[5,10]],[[1,10],[5,9]],[[2,3],[2,4],[2,7],[2,8],[3,6],[4,6],[6,8],[6,7]],[[2,6]],[[3,4],[7,8]],[[3,7],[4,8],[4,7],[3,8]]]
32|false|exact|[[[1,2],[1,4],[2,10],[4,10],[1,3],[1,5],[3,10],[5,10]],[[1,6],[1,8],[9,10],[7,10]],[[1,7],[1,9],[6,10],[8,10]],[[1,10]],[[2,3],[4,5],[2,5],[3,4]],[[2,4],[3,5]],[[2,6],[4,6],[2,8],[4,8],[2,9],[4,9],[2,7],[4,7],[3,6],[5,6],[3,8],[5,8],[3,9],[5,9],[3,7],[5,7]],[[6,7],[8,9],[6,9],[7,8]],[[6,8],[7,9]]]
32|false|exact|[[[1,2],[2,6],[2,5],[2,9]],[[1,3],[1,4],[3,6],[4,6],[5,7],[5,8],[7,9],[8,9],[3,5],[4,5],[3,9],[4,9],[6,7],[6,8],[1,7],[1,8]],[[1,5],[6,9],[5,6],[1,9]],[[1,6],[5,9]],[[1,10],[6,10],[5,10],[9,10]],[[2,3],[2,4],[2,7],[2,8]],[[2,10]],[[3,4],[7,8]],[[3,7],[4,8],[3,8],[4,7]],[[3,10],[4,10],[7,10],[8,10]]]
32|false|exact|[[[1,2],[2,9],[2,7],[2,8]],[[1,3],[3,9],[3,7],[3,8],[1,5],[5,9],[5,7],[5,8],[1,4],[4,9],[4,7],[4,8],[1,6],[6,9],[6,7],[6,8]],[[1,7],[8,9],[7,9],[1,8]],[[1,9],[7,8]],[[1,10],[9,10],[7,10],[8,10]],[[2,3],[2,5],[2,4],[2,6]],[[2,10]],[[3,4],[5,6],[3,6],[4,5]],[[3,5],[4,6]],[[3,10],[5,10],[4,10],[6,10]]]
32|false|exact|[[[1,2],[4,10],[7,8],[6,9],[1,9],[7,10],[4,6],[2,8],[1,7],[9,10],[2,6],[4,8],[1,4],[2,10],[8,9],[6,7]],[[1,3],[3,10],[3,8],[3,6],[1,5],[5,10],[5,6],[5,8],[3,4],[2,3],[3,9],[3,7],[4,5],[2,5],[5,7],[5,9]],[[1,6],[8,10],[1,8],[6,10],[4,7],[2,9],[4,9],[2,7]],[[1,10],[6,8],[2,4],[7,9]],[[3,5]]]
32|false|exact|[[[1,2],[1,4],[1,9],[1,7],[5,10],[3,10],[6,10],[8,10]],[[1,3],[1,5],[1,8],[1,6],[7,10],[9,10],[2,10],[4,10]],[[1,10]],[[2,3],[4,5],[8,9],[6,7],[2,6],[4,8],[5,7],[3,9],[2,8],[4,6],[3,7],[5,9],[2,5],[3,4],[6,9],[7,8]],[[2,4],[7,9],[3,5],[6,8]],[[2,7],[4,9],[2,9],[4,7],[5,8],[3,6],[5,6],[3,8]]]
32|false|exact|[[[1,2],[1,3],[1,4],[1,5],[6,10],[7,10],[8,10],[9,10],[2,10],[3,10],[5,10],[4,10],[1,8],[1,9],[1,6],[1,7]],[[1,10]],[[2,3],[4,5],[6,7],[8,9]],[[2,4],[3,5],[3,4],[2,5],[6,8],[7,9],[7,8],[6,9]],[[2,6],[3,7],[4,8],[5,9],[4,6],[5,7],[3,8],[2,9],[2,7],[3,6],[4,9],[5,8],[4,7],[5,6],[3,9],[2,8]]]
32|false|exact|[[[1,2],[1,4],[1,7],[1,9],[1,3],[1,5],[1,8],[1,6],[2,10],[4,10],[9,10],[7,10],[6,10],[8,10],[5,10],[3,10]],[[1,10]],[[2,3],[4,5],[6,7],[8,9],[2,8],[4,6],[5,9],[3,7],[3,4],[2,5],[7,8],[6,9],[3,9],[5,7],[2,6],[4,8]],[[2,4],[7,9],[3,5],[6,8]],[[2,7],[4,9],[4,7],[2,9],[3,8],[5,6],[5,8],[3,6]]]
32|false|exact|[[[1,2],[2,9],[2,10],[2,5],[2,4],[2,3],[2,7],[2,8],[1,6],[6,9],[6,10],[5,6],[3,6],[4,6],[6,8],[6,7]],[[1,3],[4,9],[8,10],[5,7],[4,10],[3,5],[7,9],[1,8],[1,4],[3,9],[7,10],[5,8],[3,10],[4,5],[8,9],[1,7]],[[1,5],[9,10],[1,10],[5,9],[4,8],[3,7],[4,7],[3,8]],[[1,9],[5,10],[3,4],[7,8]],[[2,6]]]
32|false|exact|[[[1,2],[2,5],[2,6],[2,9],[2,7],[2,4],[2,3],[2,8]],[[1,3],[5,8],[6,7],[4,9],[7,9],[4,6],[3,5],[1,8],[1,4],[5,7],[8,9],[3,6],[6,8],[3,9],[4,5],[1,7]],[[1,5],[6,9],[4,7],[3,8]],[[1,6],[5,9],[5,6],[1,9],[3,7],[4,8],[3,4],[7,8]],[[1,10],[5,10],[6,10],[9,10],[7,10],[4,10],[3,10],[8,10]],[[2,10]]]
32|false|exact|[[[1,2],[4,10],[6,9],[7,8],[1,4],[2,10],[6,7],[8,9],[1,7],[9,10],[2,6],[4,8],[1,9],[7,10],[4,6],[2,8]],[[1,3],[3,10],[3,6],[3,8],[1,5],[5,10],[5,6],[5,8],[2,3],[3,4],[3,7],[3,9],[2,5],[4,5],[5,7],[5,9]],[[1,6],[8,10],[6,10],[1,8],[2,7],[4,9],[4,7],[2,9]],[[1,10],[6,8],[2,4],[7,9]],[[3,5]]]
32|false|exact|[[[1,2],[2,3],[2,4],[2,8],[6,9],[5,6],[6,10],[6,7]],[[1,3],[4,8],[5,9],[7,10]],[[1,4],[3,8],[3,4],[1,8],[9,10],[5,7],[5,10],[7,9]],[[1,5],[3,9],[4,10],[7,8],[1,9],[3,5],[4,7],[8,10],[4,9],[5,8],[1,10],[3,7],[8,9],[4,5],[3,10],[1,7]],[[1,6],[3,6],[4,6],[6,8],[2,9],[2,5],[2,10],[2,7]],[[2,6]]]
32|false|exact|[[[1,2],[1,3],[1,4],[1,5],[2,10],[3,10],[4,10],[5,10],[1,6],[1,7],[1,8],[1,9],[6,10],[7,10],[8,10],[9,10]],[[1,10]],[[2,3],[4,5],[6,7],[8,9]],[[2,4],[3,5],[3,4],[2,5],[6,8],[7,9],[7,8],[6,9]],[[2,6],[3,7],[4,9],[5,8],[2,7],[3,6],[4,8],[5,9],[2,9],[3,8],[4,7],[5,6],[2,8],[3,9],[4,6],[5,7]]]
32|false|exact|[[[1,2],[2,5],[2,3],[2,4],[2,6],[2,9],[2,7],[2,8]],[[1,3],[4,5],[3,5],[1,4],[6,7],[8,9],[7,9],[6,8]],[[1,5],[3,4],[6,9],[7,8]],[[1,6],[5,9],[3,8],[4,7],[1,9],[5,6],[3,7],[4,8],[1,8],[5,7],[3,9],[4,6],[1,7],[5,8],[3,6],[4,9]],[[1,10],[5,10],[3,10],[4,10],[6,10],[9,10],[7,10],[8,10]],[[2,10]]]
32|false|exact|[[[1,2],[2,9],[2,5],[2,10],[2,4],[2,3],[2,8],[2,7],[1,6],[6,9],[5,6],[6,10],[4,6],[3,6],[6,8],[6,7]],[[1,3],[4,9],[5,7],[8,10],[4,10],[3,5],[1,8],[7,9],[1,4],[3,9],[5,8],[7,10],[3,10],[4,5],[1,7],[8,9]],[[1,5],[9,10],[5,9],[1,10],[4,8],[3,7],[3,8],[4,7]],[[1,9],[5,10],[3,4],[7,8]],[[2,6]]]
32|false|exact|[[[1,2],[4,10],[2,10],[1,4],[5,8],[3,6],[3,8],[5,6]],[[1,3],[5,10],[2,6],[4,8],[1,5],[3,10],[2,8],[4,6]],[[1,6],[8,10],[2,5],[3,4],[1,8],[6,10],[2,3],[4,5]],[[1,7],[7,10],[2,9],[4,9],[1,9],[9,10],[2,7],[4,7],[5,7],[3,7],[8,9],[6,9],[5,9],[3,9],[7,8],[6,7]],[[1,10],[2,4],[3,5],[6,8]],[[7,9]]]
32|false|exact|[[[1,2],[2,9],[2,10],[2,5],[2,4],[2,3],[2,7],[2,8],[1,6],[6,9],[6,10],[5,6],[4,6],[3,6],[6,7],[6,8]],[[1,3],[4,9],[8,10],[5,7],[4,10],[3,5],[7,9],[1,8]],[[1,4],[3,9],[7,10],[5,8],[4,5],[3,10],[1,7],[8,9]],[[1,5],[9,10],[1,10],[5,9],[4,8],[3,7],[4,7],[3,8]],[[1,9],[5,10],[3,4],[7,8]],[[2,6]]]
32|false|exact|[[[1,2],[4,10],[5,7],[3,9],[3,4],[2,5],[1,9],[7,10],[1,7],[9,10],[2,3],[4,5],[5,9],[3,7],[1,4],[2,10]],[[1,3],[5,10],[1,5],[3,10],[4,7],[2,9],[4,9],[2,7]],[[1,6],[6,10],[5,6],[3,6],[4,6],[2,6],[6,9],[6,7],[1,8],[8,10],[5,8],[3,8],[4,8],[2,8],[8,9],[7,8]],[[1,10],[3,5],[2,4],[7,9]],[[6,8]]]
36|false|[2,3]|[[[1,2],[3,9]],[[1,3],[2,9]],[[1,4],[4,9],[1,7],[7,9],[1,6],[6,9],[2,6],[3,6],[2,4],[3,4],[2,7],[3,7]],[[1,5],[1,10],[1,8],[8,9],[5,9],[9,10],[2,8],[2,5],[2,10],[3,10],[3,8],[3,5]],[[1,9],[2,3]],[[4,5],[4,10],[4,8],[5,7],[7,10],[7,8],[5,6],[6,10],[6,8]],[[4,6],[4,7],[6,7]],[[5,8],[5,10],[8,10]]]
36|false|[2,3]|[[[1,2],[1,6],[4,6],[2,4],[2,10],[6,10]],[[1,3],[4,7],[8,10],[1,7],[4,8],[3,10],[1,8],[3,4],[7,10]],[[1,4],[4,10],[1,10]],[[1,5],[1,9],[4,9],[4,5],[5,10],[9,10]],[[2,3],[3,6],[6,7],[2,7],[2,8],[6,8]],[[2,5],[6,9],[2,9],[5,6]],[[2,6]],[[3,5],[3,9],[7,9],[5,7],[5,8],[8,9]],[[3,7],[7,8],[3,8]],[[5,9]]]
36|false|[2]|[[[1,2],[1,6],[1,10]],[[1,3]],[[1,4]],[[1,5]],[[1,7],[1,9],[1,8]],[[2,3],[3,6],[3,10]],[[2,4],[4,6],[4,10]],[[2,5],[5,6],[5,10]],[[2,6],[6,10],[2,10]],[[2,7],[6,7],[7,10],[2,9],[6,9],[9,10],[2,8],[6,8],[8,10]],[[3,4]],[[3,5]],[[3,7],[3,9],[3,8]],[[4,5]],[[4,7],[4,9],[4,8]],[[5,7],[5,9],[5,8]],[[7,8],[7,9],[8,9]]]
36|false|[2]|[[[1,2],[2,6],[2,8],[2,9],[2,5],[2,7]],[[1,3],[3,6],[3,8],[3,9],[3,5],[3,7]],[[1,4],[4,6],[4,8],[4,9],[4,5],[4,7]],[[1,5],[5,6],[5,8],[1,7],[6,7],[7,8],[1,9],[6,9],[8,9]],[[1,6],[6,8],[1,8],[5,9],[5,7],[7,9]],[[1,10],[6,10],[8,10],[9,10],[5,10],[7,10]],[[2,3]],[[2,4]],[[2,10]],[[3,4]],[[3,10]],[[4,10]]]
36|false|[2]|[[[1,2],[6,10]],[[1,3],[1,9],[1,5],[7,10],[4,10],[8,10]],[[1,4],[1,8],[1,7],[5,10],[3,10],[9,10]],[[1,6],[2,10]],[[1,10]],[[2,3],[2,9],[2,5],[6,7],[4,6],[6,8]],[[2,4],[2,8],[2,7],[5,6],[3,6],[6,9]],[[2,6]],[[3,4],[8,9],[5,7],[3,7],[4,9],[5,8],[3,8],[7,9],[4,5]],[[3,5],[3,9],[5,9],[7,8],[4,7],[4,8]]]
36|false|[2]|[[[1,2]],[[1,3],[1,10],[1,7],[1,9],[1,4],[1,6],[2,3],[2,7],[2,10],[2,6],[2,4],[2,9]],[[1,5],[1,8],[2,8],[2,5]],[[3,4],[6,10],[7,9],[3,6],[9,10],[4,7],[3,9],[4,10],[6,7]],[[3,5],[5,10],[5,7],[8,9],[4,8],[6,8],[3,8],[7,8],[8,10],[5,6],[4,5],[5,9]],[[3,7],[3,10],[7,10],[6,9],[4,9],[4,6]],[[5,8]]]
36|false|[2]|[[[1,2],[6,10]],[[1,3],[1,9],[1,5],[1,7],[1,4],[1,8],[3,10],[5,10],[9,10],[8,10],[4,10],[7,10]],[[1,6],[2,10]],[[1,10]],[[2,3],[2,9],[2,5],[2,7],[2,4],[2,8],[3,6],[5,6],[6,9],[6,8],[4,6],[6,7]],[[2,6]],[[3,4],[8,9],[5,7],[3,7],[4,9],[5,8],[3,8],[7,9],[4,5]],[[3,5],[3,9],[5,9],[7,8],[4,7],[4,8]]]
36|false|[2]|[[[1,2],[2,8],[2,5],[4,6],[6,10],[6,7]],[[1,3],[3,8],[3,5],[1,9],[5,9],[8,9],[3,4],[3,10],[3,7],[4,9],[7,9],[9,10]],[[1,4],[1,10],[1,7],[4,8],[8,10],[7,8],[4,5],[5,10],[5,7]],[[1,5],[1,8],[5,8],[4,7],[4,10],[7,10]],[[1,6],[6,8],[5,6],[2,4],[2,10],[2,7]],[[2,3],[2,9],[3,6],[6,9]],[[2,6]],[[3,9]]]
36|false|[2]|[[[1,2],[6,8]],[[1,3],[1,5],[1,4],[3,8],[5,8],[4,8]],[[1,6],[2,8]],[[1,7],[1,9],[1,10],[7,8],[8,10],[8,9]],[[1,8]],[[2,3],[2,5],[2,4],[3,6],[5,6],[4,6]],[[2,6]],[[2,7],[2,9],[2,10],[6,7],[6,10],[6,9]],[[3,4],[3,5],[4,5]],[[3,7],[5,7],[4,7],[3,9],[5,9],[4,9],[3,10],[5,10],[4,10]],[[7,9],[9,10],[7,10]]]
36|false|[2]|[[[1,2]],[[1,3],[1,4],[1,10],[2,3],[2,10],[2,4]],[[1,5],[2,5],[1,8],[2,8]],[[1,6],[1,7],[1,9],[2,6],[2,7],[2,9]],[[3,4],[4,10],[3,10]],[[3,5],[4,5],[5,10],[3,8],[4,8],[8,10]],[[3,6],[4,7],[9,10],[3,7],[4,9],[6,10],[3,9],[4,6],[7,10]],[[5,6],[5,7],[5,9],[6,8],[8,9],[7,8]],[[5,8]],[[6,7],[7,9],[6,9]]]
36|false|[2]|[[[1,2],[1,3],[1,8],[2,9],[8,9],[3,9]],[[1,4],[1,10],[1,6],[4,9],[6,9],[9,10]],[[1,5],[7,9]],[[1,7],[5,9]],[[1,9]],[[2,3],[3,8],[2,8]],[[2,4],[3,10],[6,8],[2,6],[3,4],[8,10],[2,10],[3,6],[4,8]],[[2,5],[3,5],[5,8],[2,7],[7,8],[3,7]],[[4,5],[5,10],[5,6],[4,7],[6,7],[7,10]],[[4,6],[4,10],[6,10]],[[5,7]]]
36|false|[2]|[[[1,2],[1,8],[2,8]],[[1,3],[1,7],[1,6],[3,8],[7,8],[6,8],[2,3],[2,7],[2,6]],[[1,4],[4,8],[2,4],[1,5],[2,5],[5,8]],[[1,9],[8,9],[2,9],[1,10],[8,10],[2,10]],[[3,4],[4,7],[4,6],[3,5],[5,7],[5,6]],[[3,6],[3,7],[6,7]],[[3,9],[7,9],[6,9],[3,10],[6,10],[7,10]],[[4,5]],[[4,9],[5,9],[5,10],[4,10]],[[9,10]]]
36|false|[2]|[[[1,2],[1,9],[2,9],[6,7],[5,6],[5,7]],[[1,3],[3,9],[2,3],[3,6],[3,5],[3,7]],[[1,4],[4,9],[2,4],[6,8],[5,8],[7,8]],[[1,5],[6,9],[2,7],[1,7],[5,9],[2,6],[1,6],[7,9],[2,5]],[[1,8],[8,9],[2,8],[4,6],[4,5],[4,7]],[[1,10],[9,10],[2,10],[6,10],[5,10],[7,10]],[[3,4],[3,8]],[[3,10]],[[4,8]],[[4,10],[8,10]]]
36|false|[2]|[[[1,2],[2,10],[2,5],[6,8],[6,7],[4,6],[1,6],[5,6],[6,10],[2,7],[2,8],[2,4]],[[1,3],[3,10],[3,5],[3,8],[3,7],[3,4]],[[1,4],[8,10],[5,7],[1,7],[4,10],[5,8],[1,8],[7,10],[4,5]],[[1,5],[1,10],[5,10],[4,8],[7,8],[4,7]],[[1,9],[9,10],[5,9],[8,9],[7,9],[4,9]],[[2,3],[3,6]],[[2,6]],[[2,9],[6,9]],[[3,9]]]
36|false|[2]|[[[1,2],[2,3]],[[1,3]],[[1,4],[3,4],[1,7],[3,7],[1,5],[3,5]],[[1,6],[3,6]],[[1,8],[1,9],[1,10],[3,8],[3,10],[3,9]],[[2,4],[2,7],[2,5]],[[2,6]],[[2,8],[2,9],[2,10]],[[4,5],[4,7],[5,7]],[[4,6],[6,7],[5,6]],[[4,8],[4,9],[4,10],[7,8],[7,9],[7,10],[5,8],[5,9],[5,10]],[[6,8],[6,9],[6,10]],[[8,9],[9,10],[8,10]]]
36|false|[2]|[[[1,2],[2,3]],[[1,3]],[[1,4],[1,7],[1,5],[3,4],[3,5],[3,7]],[[1,6],[3,6]],[[1,8],[1,10],[1,9],[3,8],[3,9],[3,10]],[[2,4],[2,7],[2,5]],[[2,6]],[[2,8],[2,10],[2,9]],[[4,5],[4,7],[5,7]],[[4,6],[6,7],[5,6]],[[4,8],[7,10],[5,9],[4,9],[7,8],[5,10],[4,10],[7,9],[5,8]],[[6,8],[6,10],[6,9]],[[8,9],[8,10],[9,10]]]
36|false|[2]|[[[1,2],[1,8],[1,3],[2,9],[8,9],[3,9],[2,7],[3,7],[7,8],[2,5],[3,5],[5,8]],[[1,4],[1,10],[1,6],[4,9],[6,9],[9,10],[4,7],[7,10],[6,7],[4,5],[5,6],[5,10]],[[1,5],[7,9]],[[1,7],[5,9]],[[1,9],[5,7]],[[2,3],[2,8],[3,8]],[[2,4],[4,8],[3,4],[2,10],[8,10],[3,10],[2,6],[6,8],[3,6]],[[4,6],[4,10],[6,10]]]
36|false|[2]|[[[1,2],[4,6]],[[1,3],[1,5],[1,7],[4,10],[4,9],[4,8],[2,3],[2,7],[2,5],[6,9],[6,10],[6,8]],[[1,4],[2,6]],[[1,6],[2,4]],[[1,8],[1,10],[1,9],[3,4],[4,5],[4,7],[2,8],[2,9],[2,10],[3,6],[6,7],[5,6]],[[3,5],[5,7],[3,7],[9,10],[8,9],[8,10]],[[3,8],[5,10],[7,9],[3,10],[5,9],[7,8],[3,9],[5,8],[7,10]]]
36|false|[2]|[[[1,2],[2,3],[1,3],[6,8],[7,8],[6,7]],[[1,4],[2,4],[3,4],[1,5],[2,5],[3,5],[1,9],[2,9],[3,9],[4,6],[4,8],[4,7],[6,9],[8,9],[7,9],[5,6],[5,8],[5,7]],[[1,6],[2,7],[3,8]],[[1,7],[2,8],[3,6]],[[1,8],[2,6],[3,7]],[[1,10],[2,10],[3,10],[6,10],[8,10],[7,10]],[[4,5],[5,9],[4,9]],[[4,10],[5,10],[9,10]]]
36|false|[2]|[[[1,2],[1,9],[2,9],[6,8],[5,6],[5,8]],[[1,3],[1,4],[1,7],[3,9],[4,9],[7,9],[2,3],[2,4],[2,7],[3,6],[4,6],[6,7],[3,5],[4,5],[5,7],[3,8],[4,8],[7,8]],[[1,5],[6,9],[2,8],[1,8],[2,6],[5,9]],[[1,6],[8,9],[2,5]],[[1,10],[9,10],[2,10],[6,10],[5,10],[8,10]],[[3,4],[4,7],[3,7]],[[3,10],[4,10],[7,10]]]
36|false|[2]|[[[1,2],[4,10],[3,5],[1,10],[4,5],[2,3],[1,5],[2,4],[3,10],[2,7],[5,8],[6,10],[5,7],[8,10],[2,6],[7,10],[2,8],[5,6]],[[1,3],[1,4],[3,4],[6,7],[7,8],[6,8]],[[1,6],[4,8],[3,7],[1,8],[3,6],[4,7]],[[1,7],[4,6],[3,8]],[[1,9],[4,9],[3,9],[7,9],[8,9],[6,9]],[[2,5],[2,10],[5,10]],[[2,9],[9,10],[5,9]]]
36|false|[2]|[[[1,2],[3,4],[8,9],[1,3],[4,9],[2,8],[1,9],[2,4],[3,8],[1,7],[4,5],[6,8],[1,5],[4,6],[7,8],[1,6],[4,7],[5,8]],[[1,4],[4,8],[1,8]],[[1,10],[4,10],[8,10]],[[2,3],[3,9],[2,9],[5,7],[5,6],[6,7]],[[2,5],[3,6],[7,9],[3,7],[5,9],[2,6],[6,9],[2,7],[3,5]],[[2,10],[3,10],[9,10],[7,10],[5,10],[6,10]]]
36|false|[2]|[[[1,2],[2,3],[1,3],[7,8],[6,8],[6,7],[4,9],[5,9],[4,5]],[[1,4],[2,9],[3,5],[1,7],[2,8],[3,6],[4,7],[8,9],[5,6]],[[1,5],[2,4],[3,9],[3,7],[1,8],[2,6],[4,6],[7,9],[5,8],[1,6],[2,7],[3,8],[3,4],[1,9],[2,5],[5,7],[4,8],[6,9]],[[1,10],[2,10],[3,10],[7,10],[8,10],[6,10],[4,10],[9,10],[5,10]]]
36|false|[2]|[[[1,2],[1,8],[1,6]],[[1,3],[1,10],[1,4]],[[1,5],[1,7],[1,9]],[[2,3],[8,10],[4,6],[2,10],[3,6],[4,8]],[[2,4],[3,8],[6,10]],[[2,5],[2,7],[2,9],[5,8],[7,8],[8,9],[5,6],[6,7],[6,9]],[[2,6],[2,8],[6,8]],[[3,4],[3,10],[4,10]],[[3,5],[3,7],[3,9],[5,10],[7,10],[9,10],[4,5],[4,7],[4,9]],[[5,7],[7,9],[5,9]]]
36|false|exact|[[[1,2],[1,10],[1,8],[2,7],[7,10],[7,8],[2,6],[6,10],[6,8]],[[1,3],[3,7],[3,6],[2,3],[3,8],[3,10]],[[1,4],[4,7],[4,6],[2,4],[4,8],[4,10]],[[1,5],[5,7],[5,6],[2,5],[5,8],[5,10]],[[1,6],[1,7],[6,7],[2,10],[2,8],[8,10]],[[1,9],[7,9],[6,9],[2,9],[8,9],[9,10]],[[3,4]],[[3,5]],[[3,9]],[[4,5]],[[4,9]],[[5,9]]]
36|false|exact|[[[1,2],[1,3],[1,4],[5,7],[5,6],[5,8]],[[1,5]],[[1,6],[1,7],[1,8],[2,5],[3,5],[4,5]],[[1,9],[5,10]],[[1,10],[5,9]],[[2,3],[3,4],[2,4],[6,7],[6,8],[7,8]],[[2,6],[2,7],[2,8],[3,6],[3,7],[3,8],[4,6],[4,7],[4,8]],[[2,9],[3,9],[4,9],[7,10],[6,10],[8,10]],[[2,10],[3,10],[4,10],[7,9],[6,9],[8,9]],[[9,10]]]
36|false|exact|[[[1,2],[3,5]],[[1,3],[2,5],[2,3],[1,5]],[[1,4],[1,6],[1,7],[2,4],[2,7],[2,6],[3,8],[3,10],[3,9],[5,8],[5,9],[5,10]],[[1,8],[1,9],[1,10],[2,8],[2,10],[2,9],[3,7],[3,4],[3,6],[5,7],[5,6],[4,5]],[[4,6],[6,7],[4,7],[8,10],[9,10],[8,9]],[[4,8],[4,9],[4,10],[6,8],[6,9],[6,10],[7,8],[7,9],[7,10]]]
36|false|exact|[[[1,2],[2,6]],[[1,3],[1,4],[1,5],[6,8],[6,7],[6,9]],[[1,6]],[[1,7],[1,9],[1,8],[3,6],[5,6],[4,6]],[[1,10],[6,10]],[[2,3],[2,4],[2,5],[2,8],[2,7],[2,9]],[[2,10]],[[3,4],[4,5],[3,5],[7,8],[7,9],[8,9]],[[3,7],[4,7],[5,7],[3,9],[4,9],[5,9],[3,8],[4,8],[5,8]],[[3,10],[4,10],[5,10],[8,10],[7,10],[9,10]]]
36|false|exact|[[[1,2],[6,8],[5,10],[5,7],[2,4],[8,9],[6,9],[7,10],[1,4],[1,8],[4,5],[9,10],[2,10],[7,8],[4,6],[5,6],[2,9],[1,7]],[[1,3],[3,6],[3,10],[3,5],[2,3],[3,8],[3,9],[3,7],[3,4]],[[1,5],[2,6],[8,10],[5,9],[2,7],[4,8],[1,9],[6,7],[4,10],[1,10],[5,8],[4,9],[6,10],[2,8],[4,7],[1,6],[2,5],[7,9]]]
36|false|[3]|[[[1,2],[1,6],[1,4],[1,8]],[[1,3]],[[1,5],[1,9],[1,7]],[[1,10]],[[2,3],[3,6],[3,4],[3,8]],[[2,4],[6,8],[2,6],[4,8],[2,8],[4,6]],[[2,5],[5,6],[4,5],[5,8],[2,9],[6,9],[4,9],[8,9],[2,7],[6,7],[4,7],[7,8]],[[2,10],[6,10],[4,10],[8,10]],[[3,5],[3,9],[3,7]],[[3,10]],[[5,7],[5,9],[7,9]],[[5,10],[9,10],[7,10]]]
36|false|[3]|[[[1,2],[1,4],[2,4]],[[1,3],[3,4],[2,3],[1,9],[4,9],[2,9],[1,6],[4,6],[2,6],[1,7],[4,7],[2,7]],[[1,5],[4,8],[2,10]],[[1,8],[4,10],[2,5]],[[1,10],[4,5],[2,8]],[[3,5],[3,8],[3,10],[5,9],[8,9],[9,10],[5,6],[6,8],[6,10],[5,7],[7,8],[7,10]],[[3,6],[7,9],[3,7],[6,9],[3,9],[6,7]],[[5,8],[8,10],[5,10]]]
36|false|[3]|[[[1,2],[2,4],[1,4]],[[1,3],[1,9],[1,6],[1,7],[2,3],[2,7],[2,9],[2,6],[3,4],[4,6],[4,7],[4,9]],[[1,5],[1,10],[1,8],[2,5],[2,10],[2,8],[4,5],[4,10],[4,8]],[[3,5],[5,9],[5,6],[5,7],[3,10],[6,10],[7,10],[9,10],[3,8],[7,8],[8,9],[6,8]],[[3,6],[7,9],[3,7],[6,9],[3,9],[6,7]],[[5,8],[5,10],[8,10]]]
36|false|[3]|[[[1,2],[4,9],[1,4],[2,9],[1,9],[2,4]],[[1,3],[3,9],[2,3],[3,4],[1,7],[2,7],[4,7],[7,9],[1,6],[4,6],[6,9],[2,6]],[[1,5],[1,8],[1,10],[5,9],[8,9],[9,10],[2,5],[2,8],[2,10],[4,5],[4,8],[4,10]],[[3,5],[3,8],[3,10],[5,7],[7,8],[7,10],[5,6],[6,8],[6,10]],[[3,6],[3,7],[6,7]],[[5,8],[8,10],[5,10]]]
36|false|[3]|[[[1,2],[2,10],[5,6],[6,8],[3,4],[4,7],[1,6],[6,10],[4,5],[4,8],[2,3],[2,7],[1,4],[4,10],[2,5],[2,8],[3,6],[6,7]],[[1,3],[7,10],[1,7],[3,10],[1,5],[8,10],[5,10],[1,8],[3,5],[7,8],[3,8],[5,7]],[[1,9],[9,10],[5,9],[8,9],[3,9],[7,9]],[[1,10],[5,8],[3,7]],[[2,4],[2,6],[4,6]],[[2,9],[6,9],[4,9]]]
36|false|[2]|[[[1,2],[2,5],[2,4],[1,6],[5,6],[4,6]],[[1,3],[5,9],[4,10],[1,9],[5,10],[3,4],[1,10],[3,5],[4,9]],[[1,4],[1,5],[4,5]],[[1,7],[5,7],[4,7],[1,8],[5,8],[4,8]],[[2,3],[2,9],[2,10],[3,6],[6,9],[6,10]],[[2,6]],[[2,7],[6,8],[2,8],[6,7]],[[3,7],[7,9],[7,10],[3,8],[8,9],[8,10]],[[3,9],[9,10],[3,10]],[[7,8]]]
36|false|[2]|[[[1,2],[1,4],[1,10],[2,3],[3,4],[3,10],[2,5],[4,5],[5,10]],[[1,3],[3,5],[1,5]],[[1,6],[1,8],[3,6],[3,8],[5,6],[5,8]],[[1,7],[1,9],[3,7],[3,9],[5,7],[5,9]],[[2,4],[4,10],[2,10]],[[2,6],[4,6],[6,10],[2,8],[4,8],[8,10]],[[2,7],[4,7],[7,10],[2,9],[4,9],[9,10]],[[6,7],[8,9]],[[6,8]],[[6,9],[7,8]],[[7,9]]]
36|false|[2]|[[[1,2],[2,8],[2,7],[1,6],[6,7],[6,8]],[[1,3],[3,8],[3,7],[1,5],[5,8],[5,7],[1,10],[8,10],[7,10]],[[1,4],[4,8],[4,7],[1,9],[7,9],[8,9]],[[1,7],[1,8],[7,8]],[[2,3],[2,5],[2,10],[3,6],[6,10],[5,6]],[[2,4],[6,9],[2,9],[4,6]],[[2,6]],[[3,4],[4,5],[4,10],[3,9],[9,10],[5,9]],[[3,5],[5,10],[3,10]],[[4,9]]]
36|false|[2]|[[[1,2],[5,8]],[[1,3],[1,4],[1,10],[3,8],[8,10],[4,8],[2,3],[2,4],[2,10],[3,5],[5,10],[4,5]],[[1,5],[2,8]],[[1,6],[1,7],[1,9],[6,8],[8,9],[7,8],[2,6],[2,7],[2,9],[5,6],[5,9],[5,7]],[[1,8],[2,5]],[[3,4],[4,10],[3,10]],[[3,6],[4,7],[9,10],[3,9],[4,6],[7,10],[3,7],[4,9],[6,10]],[[6,7],[7,9],[6,9]]]
36|false|[2]|[[[1,2],[1,9],[2,9]],[[1,3],[3,9],[2,3],[1,5],[5,9],[2,5],[1,4],[4,9],[2,4]],[[1,6],[6,9],[2,6]],[[1,7],[1,8],[7,9],[8,9],[2,7],[2,8]],[[1,10],[9,10],[2,10]],[[3,4],[3,5],[4,5]],[[3,6],[5,6],[4,6]],[[3,7],[3,8],[5,7],[5,8],[4,7],[4,8]],[[3,10],[5,10],[4,10]],[[6,7],[6,8]],[[6,10]],[[7,8]],[[7,10],[8,10]]]
36|false|[2]|[[[1,2],[2,9],[1,9],[6,7],[5,7],[5,6]],[[1,3],[2,8],[4,9],[1,8],[2,4],[3,9],[1,4],[2,3],[8,9],[3,6],[4,7],[5,8],[4,6],[7,8],[3,5],[6,8],[3,7],[4,5]],[[1,5],[2,7],[6,9],[1,7],[5,9],[2,6]],[[1,6],[2,5],[7,9]],[[1,10],[2,10],[9,10],[6,10],[7,10],[5,10]],[[3,4],[3,8],[4,8]],[[3,10],[8,10],[4,10]]]
36|false|exact|[[[1,2],[2,5],[2,9],[2,7],[1,3],[3,5],[3,9],[3,7],[1,4],[4,5],[4,9],[4,7]],[[1,5],[7,9]],[[1,6],[1,10],[1,8],[5,8],[5,6],[5,10],[9,10],[8,9],[6,9],[6,7],[7,10],[7,8]],[[1,7],[5,9],[1,9],[5,7]],[[2,3],[3,4],[2,4]],[[2,6],[2,10],[2,8],[3,6],[3,10],[3,8],[4,6],[4,10],[4,8]],[[6,8],[6,10],[8,10]]]
36|false|exact|[[[1,2],[1,6],[1,10],[2,3],[3,6],[3,10],[2,4],[4,10],[4,6],[2,9],[9,10],[6,9]],[[1,3],[4,9]],[[1,4],[3,9],[3,4],[1,9]],[[1,5],[3,5],[1,7],[3,7],[1,8],[3,8],[4,5],[5,9],[4,8],[8,9],[4,7],[7,9]],[[2,5],[5,6],[5,10],[2,7],[6,7],[7,10],[2,8],[6,8],[8,10]],[[2,6],[6,10],[2,10]],[[5,7],[7,8],[5,8]]]
36|false|[2]|[[[1,2]],[[1,3],[1,4],[1,10],[2,3],[2,4],[2,10]],[[1,5],[1,8],[2,5],[2,8]],[[1,6],[1,9],[1,7],[2,6],[2,7],[2,9]],[[3,4],[4,10],[3,10]],[[3,5],[3,8],[4,5],[4,8],[5,10],[8,10]],[[3,6],[3,9],[3,7],[4,6],[4,9],[4,7],[6,10],[9,10],[7,10]],[[5,6],[5,9],[5,7],[6,8],[7,8],[8,9]],[[5,8]],[[6,7],[6,9],[7,9]]]
36|false|[2]|[[[1,2],[6,8]],[[1,3],[1,9],[1,7],[3,8],[8,9],[7,8]],[[1,4],[1,10],[1,5],[4,8],[8,10],[5,8]],[[1,6],[2,8]],[[1,8]],[[2,3],[2,9],[2,7],[3,6],[6,9],[6,7]],[[2,4],[2,10],[2,5],[4,6],[6,10],[5,6]],[[2,6]],[[3,4],[9,10],[5,7],[3,5],[4,9],[7,10],[3,10],[5,9],[4,7]],[[3,7],[3,9],[7,9]],[[4,5],[4,10],[5,10]]]
36|false|[2]|[[[1,2],[2,7],[1,3],[3,7],[1,4],[4,7]],[[1,5],[5,7],[1,9],[7,9]],[[1,6],[1,8],[1,10],[6,7],[7,10],[7,8]],[[1,7]],[[2,3],[3,4],[2,4]],[[2,5],[3,5],[4,5],[2,9],[3,9],[4,9]],[[2,6],[2,8],[2,10],[3,6],[3,8],[3,10],[4,6],[4,8],[4,10]],[[5,6],[5,8],[5,10],[6,9],[8,9],[9,10]],[[5,9]],[[6,8],[8,10],[6,10]]]
36|false|[2]|[[[1,2],[1,10],[1,6],[2,7],[6,7],[7,10],[2,3],[3,10],[3,6],[2,8],[6,8],[8,10]],[[1,3],[7,8]],[[1,4],[1,5],[1,9],[4,7],[5,7],[7,9],[3,4],[3,5],[3,9],[4,8],[5,8],[8,9]],[[1,7],[3,8]],[[1,8],[3,7]],[[2,4],[2,5],[2,9],[4,10],[5,10],[9,10],[4,6],[5,6],[6,9]],[[2,6],[2,10],[6,10]],[[4,5],[5,9],[4,9]]]
36|false|[2]|[[[1,2],[1,6],[4,6],[2,4]],[[1,3],[1,5],[1,8],[1,7],[1,10],[1,9],[3,4],[4,5],[4,8],[4,7],[4,10],[4,9]],[[1,4]],[[2,3],[2,5],[2,8],[6,7],[6,10],[6,9],[3,6],[5,6],[6,8],[2,7],[2,10],[2,9]],[[2,6]],[[3,5],[5,8],[3,8],[7,10],[9,10],[7,9]],[[3,7],[5,10],[8,9],[3,10],[5,9],[7,8],[3,9],[5,7],[8,10]]]
36|false|[2]|[[[1,2],[6,8]],[[1,3],[1,7],[1,10],[1,9],[1,4],[1,5],[3,8],[7,8],[8,10],[8,9],[4,8],[5,8]],[[1,6],[2,8]],[[1,8]],[[2,3],[2,7],[2,10],[2,9],[2,4],[2,5],[3,6],[6,7],[6,10],[6,9],[4,6],[5,6]],[[2,6]],[[3,4],[7,9],[5,10],[3,5],[4,7],[9,10],[3,9],[5,7],[4,10]],[[3,7],[7,10],[3,10],[4,9],[4,5],[5,9]]]
36|false|[2]|[[[1,2],[2,8],[1,6],[6,8]],[[1,3],[1,10],[1,7],[5,8],[4,8],[8,9]],[[1,4],[1,5],[1,9],[8,10],[3,8],[7,8]],[[1,8]],[[2,3],[2,10],[2,7],[2,5],[2,4],[2,9],[3,6],[6,10],[6,7],[5,6],[4,6],[6,9]],[[2,6]],[[3,4],[5,10],[7,9],[3,5],[9,10],[4,7],[3,9],[4,10],[5,7]],[[3,7],[3,10],[7,10],[5,9],[4,5],[4,9]]]
36|false|[2]|[[[1,2],[3,4]],[[1,3],[2,4]],[[1,4],[2,3]],[[1,5],[1,7],[1,6],[2,5],[2,7],[2,6],[3,10],[3,8],[3,9],[4,10],[4,8],[4,9]],[[1,8],[1,9],[1,10],[2,8],[2,9],[2,10],[3,5],[3,7],[3,6],[4,5],[4,7],[4,6]],[[5,6],[5,7],[6,7],[9,10],[8,10],[8,9]],[[5,8],[7,9],[6,10],[5,9],[7,10],[6,8],[5,10],[7,8],[6,9]]]
36|false|[2]|[[[1,2],[1,6],[1,10]],[[1,3]],[[1,4],[1,7],[1,5]],[[1,8],[1,9]],[[2,3],[3,6],[3,10]],[[2,4],[6,7],[5,10],[2,5],[4,6],[7,10],[2,7],[5,6],[4,10]],[[2,6],[6,10],[2,10]],[[2,8],[6,8],[8,10],[2,9],[6,9],[9,10]],[[3,4],[3,7],[3,5]],[[3,8],[3,9]],[[4,5],[4,7],[5,7]],[[4,8],[7,8],[5,8],[4,9],[7,9],[5,9]],[[8,9]]]
36|false|[2]|[[[1,2],[1,6]],[[1,3],[1,7],[1,10],[1,4],[1,5],[1,9]],[[1,8]],[[2,3],[2,7],[2,10],[4,6],[5,6],[6,9],[3,6],[6,7],[6,10],[2,4],[2,5],[2,9]],[[2,6]],[[2,8],[6,8]],[[3,4],[5,7],[9,10],[3,9],[4,7],[5,10],[3,5],[7,9],[4,10]],[[3,7],[7,10],[3,10],[4,5],[5,9],[4,9]],[[3,8],[7,8],[8,10],[4,8],[5,8],[8,9]]]
36|false|[2]|[[[1,2],[2,6],[1,6],[5,8],[4,8],[4,5]],[[1,3],[2,7],[6,9],[1,7],[2,9],[3,6],[1,9],[2,3],[6,7],[5,9],[3,8],[4,7],[3,5],[7,8],[4,9],[5,7],[8,9],[3,4]],[[1,4],[2,5],[6,8],[1,5],[2,8],[4,6]],[[1,8],[2,4],[5,6]],[[1,10],[2,10],[6,10],[5,10],[8,10],[4,10]],[[3,7],[7,9],[3,9]],[[3,10],[7,10],[9,10]]]
36|false|[2]|[[[1,2],[1,4],[2,4],[6,7],[7,8],[6,8]],[[1,3],[1,5],[1,9],[3,4],[4,5],[4,9],[2,3],[2,5],[2,9],[3,7],[5,7],[7,9],[3,8],[5,8],[8,9],[3,6],[5,6],[6,9]],[[1,6],[4,8],[2,7],[1,8],[2,6],[4,7]],[[1,7],[4,6],[2,8]],[[1,10],[4,10],[2,10],[7,10],[8,10],[6,10]],[[3,5],[5,9],[3,9]],[[3,10],[5,10],[9,10]]]
36|false|exact|[[[1,2],[3,4]],[[1,3],[2,4],[2,3],[1,4]],[[1,5],[2,5],[1,10],[2,10],[1,8],[2,8],[3,10],[4,10],[3,5],[4,5],[3,8],[4,8]],[[1,6],[1,7],[1,9],[2,6],[2,7],[2,9],[3,6],[3,7],[3,9],[4,6],[4,7],[4,9]],[[5,6],[5,7],[5,9],[6,10],[7,10],[9,10],[6,8],[7,8],[8,9]],[[5,8],[5,10],[8,10]],[[6,7],[7,9],[6,9]]]
36|false|exact|[[[1,2],[1,4],[1,10],[2,3],[3,4],[3,10],[2,5],[4,5],[5,10]],[[1,3],[3,5],[1,5],[2,10],[2,4],[4,10]],[[1,6],[3,6],[5,6],[1,8],[3,8],[5,8],[7,10],[2,7],[4,7],[9,10],[2,9],[4,9]],[[1,7],[3,7],[5,7],[1,9],[3,9],[5,9],[8,10],[2,8],[4,8],[6,10],[2,6],[4,6]],[[6,7],[8,9],[7,8],[6,9]],[[6,8],[7,9]]]
40|false|[2]|[[[1,2],[1,7],[1,4],[1,8],[1,3],[2,5],[3,5],[5,8],[4,5],[5,7],[2,6],[6,7],[4,6],[6,8],[3,6],[2,9],[3,9],[8,9],[4,9],[7,9]],[[1,5],[6,9]],[[1,6],[5,9]],[[1,9],[5,6]],[[1,10],[5,10],[6,10],[9,10]],[[2,3],[2,7],[4,7],[4,8],[3,8]],[[2,4],[7,8],[3,4],[2,8],[3,7]],[[2,10],[7,10],[4,10],[8,10],[3,10]]]
40|false|[2]|[[[1,2],[7,9],[2,8],[1,7],[8,9]],[[1,3],[1,4],[3,9],[4,9],[2,3],[2,4],[3,7],[4,7],[3,8],[4,8]],[[1,5],[1,6],[5,9],[6,9],[2,5],[2,6],[5,7],[6,7],[5,8],[6,8]],[[1,8],[1,9],[2,9],[2,7],[7,8]],[[1,10],[9,10],[2,10],[7,10],[8,10]],[[3,4]],[[3,5],[3,6],[4,5],[4,6]],[[3,10],[4,10]],[[5,6]],[[5,10],[6,10]]]
40|false|[2]|[[[1,2],[2,9],[2,7],[2,3],[2,10],[1,6],[6,9],[6,7],[3,6],[6,10]],[[1,3],[9,10],[1,7],[3,9],[7,10],[1,9],[3,7],[1,10],[7,9],[3,10]],[[1,4],[4,9],[4,7],[3,4],[4,10]],[[1,5],[5,9],[5,7],[3,5],[5,10]],[[1,8],[8,9],[7,8],[3,8],[8,10]],[[2,4],[4,6]],[[2,5],[5,6]],[[2,6]],[[2,8],[6,8]],[[4,5]],[[4,8]],[[5,8]]]
40|false|[2]|[[[1,2],[4,8],[2,6],[1,8],[4,6],[1,6],[2,4],[6,8],[1,4],[2,8]],[[1,3],[3,4],[2,3],[3,8],[3,6],[1,7],[6,7],[7,8],[2,7],[4,7],[1,5],[2,5],[5,6],[4,5],[5,8],[1,9],[8,9],[4,9],[6,9],[2,9]],[[1,10],[4,10],[2,10],[8,10],[6,10]],[[3,5],[7,9],[5,7],[3,9]],[[3,7],[5,9]],[[3,10],[7,10],[5,10],[9,10]]]
40|false|[2]|[[[1,2],[1,8],[1,7],[1,3],[1,4],[2,5],[4,5],[3,5],[5,7],[5,8],[2,6],[6,7],[4,6],[6,8],[3,6],[2,9],[3,9],[8,9],[4,9],[7,9]],[[1,5],[6,9]],[[1,6],[5,9]],[[1,9],[5,6]],[[1,10],[5,10],[6,10],[9,10]],[[2,3],[4,8],[2,7],[3,8],[4,7],[2,8],[3,7],[2,4],[7,8],[3,4]],[[2,10],[8,10],[7,10],[3,10],[4,10]]]
40|false|[2]|[[[1,2],[1,6],[3,6],[3,7],[2,7],[1,3],[1,7],[6,7],[2,6],[2,3]],[[1,4],[4,6],[3,4],[4,7],[2,4],[1,8],[7,8],[6,8],[2,8],[3,8]],[[1,5],[5,6],[3,5],[5,7],[2,5],[1,9],[7,9],[6,9],[2,9],[3,9]],[[1,10],[6,10],[3,10],[7,10],[2,10]],[[4,5],[8,9]],[[4,8]],[[4,9],[5,8]],[[4,10],[8,10]],[[5,9]],[[5,10],[9,10]]]
40|false|[2]|[[[1,2],[1,6],[1,5],[1,4],[1,3],[2,10],[4,10],[6,10],[3,10],[5,10]],[[1,7],[7,10],[8,10],[1,8]],[[1,9],[9,10]],[[1,10]],[[2,3],[2,6],[5,6],[4,5],[3,4],[2,5],[2,4],[4,6],[3,6],[3,5]],[[2,7],[6,7],[5,7],[4,7],[3,7],[2,8],[6,8],[5,8],[4,8],[3,8]],[[2,9],[6,9],[5,9],[4,9],[3,9]],[[7,8]],[[7,9],[8,9]]]
40|false|[2]|[[[1,2],[2,4],[2,7],[2,5],[2,10],[1,6],[4,6],[6,7],[5,6],[6,10]],[[1,3],[3,4],[3,7],[3,5],[3,10],[1,9],[7,9],[9,10],[4,9],[5,9]],[[1,4],[4,7],[5,7],[5,10],[1,10],[1,7],[7,10],[4,10],[4,5],[1,5]],[[1,8],[4,8],[7,8],[5,8],[8,10]],[[2,3],[2,9],[3,6],[6,9]],[[2,6]],[[2,8],[6,8]],[[3,8],[8,9]],[[3,9]]]
40|true|[2]|[[[1,2],[4,8],[6,10],[3,7],[5,9],[1,6],[4,9],[2,7],[5,10],[3,8],[1,3],[2,10],[6,9],[5,8],[4,7],[3,9],[4,10],[1,5],[6,7],[2,8]],[[1,4],[6,8],[3,10],[5,7],[2,9]],[[1,7],[8,9],[1,10],[7,8],[9,10],[3,5],[2,4],[3,6],[2,5],[4,6],[1,8],[7,10],[1,9],[8,10],[7,9],[2,6],[4,5],[2,3],[5,6],[3,4]]]
40|false|[2]|[[[1,2],[4,8],[1,6],[2,8],[4,6]],[[1,3],[3,8],[3,6],[2,3],[3,4],[1,7],[7,8],[6,7],[2,7],[4,7],[1,5],[5,8],[5,6],[2,5],[4,5],[1,9],[8,9],[6,9],[2,9],[4,9]],[[1,4],[1,8],[6,8],[2,6],[2,4]],[[1,10],[8,10],[6,10],[2,10],[4,10]],[[3,5],[7,9],[5,7],[3,9]],[[3,7],[5,9]],[[3,10],[7,10],[5,10],[9,10]]]
40|false|[2]|[[[1,2],[2,6],[6,9],[5,9],[1,5]],[[1,3],[2,3],[3,6],[3,9],[3,5],[1,4],[4,5],[4,9],[4,6],[2,4],[1,7],[2,7],[6,7],[7,9],[5,7],[1,8],[5,8],[8,9],[6,8],[2,8]],[[1,6],[2,9],[5,6],[1,9],[2,5]],[[1,10],[2,10],[6,10],[9,10],[5,10]],[[3,4],[7,8]],[[3,7],[4,7],[4,8],[3,8]],[[3,10],[4,10],[7,10],[8,10]]]
40|false|[2]|[[[1,2],[1,3],[3,7],[6,7],[2,6]],[[1,4],[3,4],[4,7],[4,6],[2,4],[1,8],[2,8],[6,8],[7,8],[3,8],[1,5],[3,5],[5,7],[5,6],[2,5],[1,9],[2,9],[6,9],[7,9],[3,9]],[[1,6],[2,3],[1,7],[3,6],[2,7]],[[1,10],[3,10],[7,10],[6,10],[2,10]],[[4,5],[8,9]],[[4,8],[5,9],[4,9],[5,8]],[[4,10],[8,10],[5,10],[9,10]]]
40|false|[2]|[[[1,2],[6,9],[1,5],[2,6],[5,9]],[[1,3],[3,6],[3,5],[2,3],[3,9],[1,7],[6,7],[5,7],[2,7],[7,9],[1,8],[6,8],[5,8],[2,8],[8,9],[1,4],[4,6],[4,5],[2,4],[4,9]],[[1,6],[5,6],[2,5],[2,9],[1,9]],[[1,10],[6,10],[5,10],[2,10],[9,10]],[[3,4],[7,8]],[[3,7],[4,8],[3,8],[4,7]],[[3,10],[7,10],[8,10],[4,10]]]
40|false|exact|[[[1,2],[6,9],[1,5],[2,6],[5,9]],[[1,3],[1,4],[3,6],[4,6],[3,5],[4,5],[2,3],[2,4],[3,9],[4,9],[2,7],[2,8],[7,9],[8,9],[1,7],[1,8],[6,7],[6,8],[5,7],[5,8]],[[1,6],[5,6],[2,5],[2,9],[1,9]],[[1,10],[6,10],[5,10],[2,10],[9,10]],[[3,4],[7,8]],[[3,7],[4,8],[3,8],[4,7]],[[3,10],[4,10],[7,10],[8,10]]]
42|false|[2]|[[[1,2],[1,4],[4,7],[7,9],[6,9],[3,6],[2,3]],[[1,3],[2,4],[1,7],[4,9],[6,7],[3,9],[2,6]],[[1,5],[4,5],[5,7],[5,9],[5,6],[3,5],[2,5],[1,10],[4,10],[7,10],[9,10],[6,10],[3,10],[2,10],[1,8],[4,8],[7,8],[8,9],[6,8],[3,8],[2,8]],[[1,6],[3,4],[2,7],[1,9],[4,6],[3,7],[2,9]],[[5,8],[5,10],[8,10]]]
42|false|exact|[[[1,2],[1,10],[1,6],[2,9],[9,10],[6,9],[2,8],[8,10],[6,8],[2,7],[7,10],[6,7],[2,5],[5,10],[5,6],[2,3],[3,10],[3,6],[2,4],[4,10],[4,6]],[[1,3],[4,9],[1,8],[7,9],[5,8],[3,7],[4,5]],[[1,4],[1,9],[8,9],[7,8],[5,7],[3,5],[3,4]],[[1,5],[3,9],[4,8],[1,7],[5,9],[3,8],[4,7]],[[2,6],[2,10],[6,10]]]
42|false|exact|[[[1,2],[3,9],[7,8],[2,6],[1,9],[3,8],[6,7],[1,8],[7,9],[3,6],[2,8],[1,7],[6,9],[2,3],[1,6],[3,7],[2,9],[6,8],[1,3],[2,7],[8,9]],[[1,4],[3,4],[4,7],[2,4],[4,9],[4,8],[4,6]],[[1,5],[3,5],[5,7],[2,5],[5,9],[5,8],[5,6]],[[1,10],[3,10],[7,10],[2,10],[9,10],[8,10],[6,10]],[[4,5]],[[4,10]],[[5,10]]]
42|false|exact|[[[1,2],[2,7],[2,4],[2,9],[2,3],[2,8],[2,5],[1,6],[3,6],[6,7],[6,8],[4,6],[5,6],[6,9],[1,10],[4,10],[3,10],[5,10],[7,10],[9,10],[8,10]],[[1,3],[7,8],[4,5],[1,9],[3,7],[4,8],[5,9],[1,4],[3,5],[7,9],[1,8],[3,4],[5,7],[8,9],[1,7],[4,9],[3,8],[1,5],[4,7],[3,9],[5,8]],[[2,6],[6,10],[2,10]]]
42|false|exact|[[[1,2],[1,9],[1,8],[1,4],[1,3],[1,5],[1,7],[2,6],[6,7],[5,6],[3,6],[4,6],[6,8],[6,9]],[[1,6]],[[1,10],[6,10]],[[2,3],[5,9],[7,8],[2,4],[3,9],[5,8],[4,7],[2,9],[4,8],[3,5],[2,7],[8,9],[3,4],[5,7],[2,8],[3,7],[4,9],[2,5],[3,8],[7,9],[4,5]],[[2,10],[9,10],[8,10],[4,10],[3,10],[5,10],[7,10]]]
42|false|exact|[[[1,2],[1,6],[1,10],[2,7],[6,7],[7,10],[2,8],[6,8],[8,10],[2,9],[6,9],[9,10],[2,5],[5,6],[5,10],[2,3],[3,6],[3,10],[2,4],[4,6],[4,10]],[[1,3],[4,7],[1,8],[7,9],[5,8],[3,9],[4,5]],[[1,4],[1,7],[7,8],[8,9],[5,9],[3,5],[3,4]],[[1,5],[3,7],[4,8],[1,9],[5,7],[3,8],[4,9]],[[2,6],[6,10],[2,10]]]
42|false|exact|[[[1,2],[8,9],[6,7],[1,4],[2,8],[6,9],[4,7],[1,6],[2,7],[4,8],[1,9],[2,6],[7,8],[4,9],[1,8],[4,6],[2,9],[1,7],[6,8],[2,4],[7,9]],[[1,3],[3,8],[3,6],[3,4],[2,3],[3,9],[3,7],[1,5],[5,8],[5,6],[4,5],[2,5],[5,9],[5,7]],[[1,10],[8,10],[6,10],[4,10],[2,10],[9,10],[7,10]],[[3,5]],[[3,10],[5,10]]]
48|false|exact|[[[1,2],[3,10],[1,3],[2,10],[4,10],[1,5],[1,4],[5,10],[3,5],[2,4],[3,4],[2,5]],[[1,6],[6,10],[4,6],[5,6],[3,6],[2,6],[1,9],[9,10],[4,9],[5,9],[3,9],[2,9],[1,7],[7,10],[4,7],[5,7],[3,7],[2,7],[1,8],[8,10],[4,8],[5,8],[3,8],[2,8]],[[1,10],[4,5],[2,3]],[[6,7],[8,9]],[[6,8],[7,9]],[[6,9],[7,8]]]
48|false|exact|[[[1,2],[4,10],[1,4],[2,10],[4,6],[2,8],[4,8],[2,6],[8,10],[1,6],[1,8],[6,10]],[[1,3],[3,10],[3,4],[2,3],[3,8],[3,6],[1,9],[9,10],[4,9],[2,9],[6,9],[8,9],[1,5],[5,10],[4,5],[2,5],[5,8],[5,6],[1,7],[7,10],[4,7],[2,7],[6,7],[7,8]],[[1,10],[2,4],[6,8]],[[3,5],[7,9]],[[3,7],[5,9]],[[3,9],[5,7]]]
48|false|exact|[[[1,2],[1,8],[1,4],[1,6],[2,7],[7,8],[4,7],[6,7],[2,9],[8,9],[4,9],[6,9],[2,5],[5,8],[4,5],[5,6]],[[1,3],[3,7],[3,9],[3,5]],[[1,5],[7,9]],[[1,7],[5,9]],[[1,9],[5,7]],[[1,10],[7,10],[9,10],[5,10]],[[2,3],[3,8],[3,4],[3,6]],[[2,4],[6,8],[2,8],[4,6],[2,6],[4,8]],[[2,10],[8,10],[4,10],[6,10]],[[3,10]]]
48|false|exact|[[[1,2],[1,3],[1,4],[1,6],[2,5],[3,5],[4,5],[5,6]],[[1,5]],[[1,7],[5,7],[1,9],[5,9]],[[1,8],[5,10],[1,10],[5,8]],[[2,3],[4,6],[2,6],[3,4],[2,4],[3,6]],[[2,7],[3,7],[4,7],[6,7],[2,9],[3,9],[4,9],[6,9]],[[2,8],[3,8],[4,8],[6,8],[2,10],[3,10],[4,10],[6,10]],[[7,8],[7,10],[9,10],[8,9]],[[7,9]],[[8,10]]]
48|false|exact|[[[1,2],[2,8],[1,6],[6,8]],[[1,3],[7,8],[1,4],[8,10],[1,10],[4,8],[1,7],[3,8]],[[1,5],[8,9]],[[1,8]],[[1,9],[5,8]],[[2,3],[2,7],[2,4],[2,10],[3,6],[6,7],[4,6],[6,10]],[[2,5],[2,9],[5,6],[6,9]],[[2,6]],[[3,4],[7,10],[3,10],[4,7],[3,7],[4,10]],[[3,5],[7,9],[4,5],[9,10],[5,10],[4,9],[5,7],[3,9]],[[5,9]]]
48|false|exact|[[[1,2],[1,8],[1,3],[1,4]],[[1,5]],[[1,6],[1,10]],[[1,7],[1,9]],[[2,3],[4,8],[2,4],[3,8],[2,8],[3,4]],[[2,5],[5,8],[3,5],[4,5]],[[2,6],[6,8],[3,6],[4,6],[2,10],[8,10],[3,10],[4,10]],[[2,7],[7,8],[3,7],[4,7],[2,9],[8,9],[3,9],[4,9]],[[5,6],[5,10]],[[5,7],[5,9]],[[6,7],[6,9],[7,10],[9,10]],[[6,10]],[[7,9]]]
48|false|exact|[[[1,2],[2,5],[2,3],[2,10],[1,6],[5,6],[3,6],[6,10]],[[1,3],[5,10],[1,5],[3,10],[1,10],[3,5]],[[1,4],[4,5],[3,4],[4,10],[1,8],[5,8],[3,8],[8,10],[1,9],[5,9],[3,9],[9,10],[1,7],[5,7],[3,7],[7,10]],[[2,4],[6,8],[2,9],[6,7]],[[2,6]],[[2,7],[6,9],[2,8],[4,6]],[[4,7],[8,9]],[[4,8],[7,9]],[[4,9],[7,8]]]
48|false|exact|[[[1,2],[6,10]],[[1,3],[1,4],[1,5],[1,7],[1,9],[1,8],[3,10],[4,10],[5,10],[7,10],[8,10],[9,10]],[[1,6],[2,10]],[[1,10]],[[2,3],[2,4],[2,5],[2,7],[2,9],[2,8],[3,6],[4,6],[5,6],[6,7],[6,8],[6,9]],[[2,6]],[[3,4],[5,7],[8,9]],[[3,5],[4,7],[3,7],[4,5],[5,9],[7,8],[5,8],[7,9],[3,9],[4,8],[4,9],[3,8]]]
48|false|exact|[[[1,2],[2,10],[1,4],[4,10],[7,10],[9,10],[1,7],[1,9],[4,9],[2,9],[4,7],[2,7]],[[1,3],[3,10],[3,7],[3,9],[3,4],[2,3],[1,5],[5,10],[5,7],[5,9],[4,5],[2,5]],[[1,6],[6,10],[6,7],[6,9],[4,6],[2,6],[1,8],[8,10],[7,8],[8,9],[4,8],[2,8]],[[1,10],[7,9],[2,4]],[[3,5]],[[3,6],[5,8],[3,8],[5,6]],[[6,8]]]
48|false|exact|[[[1,2]],[[1,3],[1,10],[1,6],[1,9],[1,4],[1,7],[2,3],[2,10],[2,9],[2,6],[2,4],[2,7]],[[1,5],[1,8],[2,5],[2,8]],[[3,4],[7,10],[3,7],[4,10],[3,6],[9,10],[6,10],[3,9],[4,6],[7,9],[4,9],[6,7]],[[3,5],[5,10],[5,6],[5,9],[4,5],[5,7],[3,8],[8,10],[8,9],[6,8],[4,8],[7,8]],[[3,10],[6,9],[4,7]],[[5,8]]]
48|false|exact|[[[1,2],[1,10],[1,3],[1,6],[1,8],[1,4],[2,5],[5,10],[3,5],[5,6],[4,5],[5,8]],[[1,5]],[[1,7],[5,7],[1,9],[5,9]],[[2,3],[3,10],[2,6],[6,10],[3,8],[6,8],[3,4],[4,6],[2,8],[2,4],[8,10],[4,10]],[[2,7],[7,10],[3,7],[6,7],[7,8],[4,7],[2,9],[9,10],[3,9],[6,9],[8,9],[4,9]],[[2,10],[3,6],[4,8]],[[7,9]]]
48|false|exact|[[[1,2],[1,4]],[[1,3],[1,5],[1,8],[1,6],[1,9],[1,7]],[[1,10]],[[2,3],[2,5],[2,8],[2,6],[2,9],[2,7],[3,4],[4,5],[4,8],[4,6],[4,9],[4,7]],[[2,4]],[[2,10],[4,10]],[[3,5],[6,8],[7,9]],[[3,6],[5,6],[3,8],[5,8],[7,8],[6,7],[8,9],[6,9],[5,9],[5,7],[3,9],[3,7]],[[3,10],[5,10],[8,10],[6,10],[9,10],[7,10]]]
48|false|exact|[[[1,2],[2,8],[2,10],[2,5],[6,9],[4,6],[6,7],[3,6],[1,6],[6,8],[6,10],[5,6],[2,9],[2,4],[2,7],[2,3]],[[1,3],[8,9],[7,10],[4,5]],[[1,4],[7,8],[9,10],[3,5],[1,7],[5,9],[4,8],[3,10],[1,9],[4,10],[5,7],[3,8]],[[1,5],[8,10],[1,10],[5,8],[1,8],[5,10],[3,9],[4,7],[7,9],[3,4],[4,9],[3,7]],[[2,6]]]
48|false|[2]|[[[1,2],[1,6]],[[1,3],[1,10],[1,9],[1,7]],[[1,4]],[[1,5]],[[1,8]],[[2,3],[2,10],[2,9],[2,7],[3,6],[6,9],[6,10],[6,7]],[[2,4],[4,6]],[[2,5],[5,6]],[[2,6]],[[2,8],[6,8]],[[3,4],[4,10],[4,9],[4,7]],[[3,5],[5,10],[5,9],[5,7]],[[3,7],[9,10],[3,9],[7,10],[3,10],[7,9]],[[3,8],[8,10],[8,9],[7,8]],[[4,5]],[[4,8]],[[5,8]]]
48|false|[2]|[[[1,2],[3,4],[8,9]],[[1,3],[2,3],[1,4],[2,4],[3,8],[4,8],[3,9],[4,9],[1,8],[1,9],[2,8],[2,9]],[[1,5],[2,5],[3,5],[4,5],[5,8],[5,9]],[[1,6],[2,6],[3,6],[4,6],[6,8],[6,9]],[[1,7],[2,7],[3,7],[4,7],[7,8],[7,9]],[[1,10],[2,10],[3,10],[4,10],[8,10],[9,10]],[[5,6]],[[5,7]],[[5,10]],[[6,7]],[[6,10]],[[7,10]]]
48|false|[2]|[[[1,2],[2,9],[2,5],[2,7],[1,3],[3,7],[3,5],[3,9]],[[1,4],[4,9],[4,5],[4,7],[1,6],[6,7],[5,6],[6,9]],[[1,5],[7,9],[1,9],[5,7],[1,7],[5,9]],[[1,8],[8,9],[5,8],[7,8],[1,10],[7,10],[5,10],[9,10]],[[2,3]],[[2,4],[3,6]],[[2,6],[3,4]],[[2,8],[3,10]],[[2,10],[3,8]],[[4,6]],[[4,8],[6,10]],[[4,10],[6,8]],[[8,10]]]
48|false|[2]|[[[1,2],[2,5],[2,9],[2,7],[1,3],[3,5],[3,7],[3,9]],[[1,4],[4,5],[4,9],[4,7],[1,6],[5,6],[6,9],[6,7]],[[1,5],[7,9],[1,7],[5,9],[1,9],[5,7]],[[1,8],[5,8],[8,9],[7,8],[1,10],[5,10],[9,10],[7,10]],[[2,3]],[[2,4],[2,6],[3,4],[3,6]],[[2,8],[2,10],[3,8],[3,10]],[[4,6]],[[4,8],[6,10]],[[4,10],[6,8]],[[8,10]]]
48|false|[2]|[[[1,2],[1,6],[2,4],[4,6]],[[1,3],[1,5],[1,7],[1,8],[3,4],[4,5],[4,8],[4,7]],[[1,4]],[[1,9],[4,10]],[[1,10],[4,9]],[[2,3],[2,5],[2,7],[2,8],[3,6],[5,6],[6,8],[6,7]],[[2,6]],[[2,9],[6,9],[2,10],[6,10]],[[3,5],[7,8],[3,8],[5,7],[3,7],[5,8]],[[3,9],[5,9],[7,9],[8,9],[3,10],[5,10],[8,10],[7,10]],[[9,10]]]
48|false|[2]|[[[1,2],[2,10],[1,6],[6,10]],[[1,3],[7,10]],[[1,4],[1,5],[1,9],[1,8],[4,10],[5,10],[8,10],[9,10]],[[1,7],[3,10]],[[1,10]],[[2,3],[2,7],[3,6],[6,7]],[[2,4],[2,5],[2,9],[2,8],[4,6],[5,6],[6,9],[6,8]],[[2,6]],[[3,4],[3,5],[3,9],[3,8],[4,7],[5,7],[7,8],[7,9]],[[3,7]],[[4,5],[8,9],[4,8],[5,9],[4,9],[5,8]]]
48|false|[2]|[[[1,2],[2,9],[1,6],[6,9]],[[1,3],[1,4],[1,8],[1,5],[3,9],[4,9],[5,9],[8,9]],[[1,7],[9,10],[1,10],[7,9]],[[1,9]],[[2,3],[2,4],[2,8],[2,5],[3,6],[4,6],[6,8],[5,6]],[[2,6]],[[2,7],[2,10],[6,10],[6,7]],[[3,4],[5,8],[3,5],[4,8],[3,8],[4,5]],[[3,7],[4,7],[7,8],[5,7],[3,10],[4,10],[5,10],[8,10]],[[7,10]]]
48|false|[2]|[[[1,2],[1,3],[1,10],[1,6],[1,8],[1,4],[2,5],[3,5],[5,10],[5,6],[5,8],[4,5]],[[1,5]],[[1,7],[5,9],[5,7],[1,9]],[[2,3],[6,10],[4,8]],[[2,4],[3,4],[2,8],[3,8],[3,10],[3,6],[2,10],[2,6],[6,8],[4,6],[8,10],[4,10]],[[2,7],[3,7],[7,10],[6,7],[7,8],[4,7],[2,9],[3,9],[9,10],[6,9],[8,9],[4,9]],[[7,9]]]
48|false|[2]|[[[1,2],[4,10]],[[1,3],[1,5],[1,8],[1,6],[1,7],[1,9],[3,10],[5,10],[7,10],[9,10],[8,10],[6,10]],[[1,4],[2,10]],[[1,10]],[[2,3],[2,5],[2,8],[2,6],[2,7],[2,9],[3,4],[4,5],[4,7],[4,9],[4,8],[4,6]],[[2,4]],[[3,5],[6,8],[7,9]],[[3,6],[5,6],[3,8],[5,8],[8,9],[6,9],[7,8],[6,7],[5,7],[5,9],[3,7],[3,9]]]
48|false|[2]|[[[1,2],[2,10],[2,8],[2,9],[2,6],[2,7],[1,3],[3,10],[3,8],[3,9],[3,6],[3,7]],[[1,4],[4,10],[4,8],[4,9],[4,6],[4,7],[1,5],[5,10],[5,8],[5,9],[5,6],[5,7]],[[1,6],[6,10],[1,7],[7,10],[1,8],[1,9],[8,10],[9,10],[6,8],[7,8],[6,9],[7,9]],[[1,10],[8,9],[6,7]],[[2,3]],[[2,4],[3,5]],[[2,5],[3,4]],[[4,5]]]
48|false|[2]|[[[1,2],[6,8]],[[1,3],[1,10],[1,9],[1,5],[1,4],[1,7],[3,8],[8,10],[5,8],[8,9],[4,8],[7,8]],[[1,6],[2,8]],[[1,8]],[[2,3],[2,10],[2,9],[2,5],[2,4],[2,7],[3,6],[6,10],[5,6],[6,9],[4,6],[6,7]],[[2,6]],[[3,4],[4,10],[3,7],[7,10],[3,9],[3,5],[9,10],[5,10],[4,9],[7,9],[4,5],[5,7]],[[3,10],[5,9],[4,7]]]
48|false|[2]|[[[1,2],[4,10]],[[1,3],[1,5],[1,8],[1,6],[1,9],[1,7],[3,10],[5,10],[8,10],[6,10],[7,10],[9,10]],[[1,4],[2,10]],[[1,10]],[[2,3],[2,5],[2,8],[2,6],[2,9],[2,7],[3,4],[4,5],[4,8],[4,6],[4,7],[4,9]],[[2,4]],[[3,5],[6,8],[7,9]],[[3,6],[5,6],[3,8],[5,8],[7,8],[6,7],[8,9],[6,9],[5,9],[5,7],[3,9],[3,7]]]
48|false|[2]|[[[1,2],[4,10],[1,4],[2,10],[4,8],[2,6],[4,6],[2,8],[6,10],[1,8],[1,6],[8,10]],[[1,3],[3,10],[3,4],[2,3],[3,6],[3,8],[1,7],[7,10],[4,7],[2,7],[6,7],[7,8]],[[1,5],[5,10],[4,5],[2,5],[5,6],[5,8],[1,9],[9,10],[4,9],[2,9],[6,9],[8,9]],[[1,10],[2,4],[6,8]],[[3,5],[7,9]],[[3,7]],[[3,9],[5,7]],[[5,9]]]
48|false|[2]|[[[1,2],[2,10],[2,9],[2,8],[2,7],[2,6],[1,3],[3,10],[3,9],[3,8],[3,7],[3,6]],[[1,4],[4,10],[4,9],[4,8],[4,7],[4,6],[1,5],[5,10],[5,6],[5,7],[5,9],[5,8]],[[1,6],[7,10],[1,7],[6,10],[9,10],[1,8],[1,9],[8,10],[7,8],[6,9],[7,9],[6,8]],[[1,10],[8,9],[6,7]],[[2,3]],[[2,4],[2,5],[3,5],[3,4]],[[4,5]]]
48|false|[2]|[[[1,2],[2,4],[1,6],[4,6]],[[1,3],[1,8],[1,7],[1,10],[1,5],[1,9],[4,7],[4,10],[3,4],[4,8],[4,5],[4,9]],[[1,4]],[[2,3],[2,8],[2,7],[2,10],[2,5],[2,9],[3,6],[6,8],[6,10],[6,7],[5,6],[6,9]],[[2,6]],[[3,5],[3,9],[5,8],[8,9],[3,7],[7,8],[3,10],[8,10],[5,7],[5,10],[7,9],[9,10]],[[3,8],[7,10],[5,9]]]
48|false|[2]|[[[1,2],[1,6],[1,3],[1,4],[1,8],[1,7],[2,5],[5,6],[3,5],[4,5],[5,7],[5,8]],[[1,5]],[[1,9],[5,9],[5,10],[1,10]],[[2,3],[4,6],[2,4],[3,6],[3,8],[4,7],[3,7],[4,8],[2,8],[6,7],[6,8],[2,7]],[[2,6],[3,4],[7,8]],[[2,9],[6,9],[3,9],[4,9],[8,9],[7,9],[2,10],[6,10],[8,10],[7,10],[3,10],[4,10]],[[9,10]]]
48|false|[2]|[[[1,2],[2,4],[4,6],[1,6]],[[1,3],[1,8],[1,5],[1,9],[1,7],[1,10],[3,4],[4,8],[4,7],[4,10],[4,5],[4,9]],[[1,4]],[[2,3],[2,8],[2,5],[2,9],[2,7],[2,10],[3,6],[6,8],[5,6],[6,9],[6,10],[6,7]],[[2,6]],[[3,5],[8,9],[3,9],[5,8],[5,7],[9,10],[5,10],[7,9],[3,7],[8,10],[7,8],[3,10]],[[3,8],[5,9],[7,10]]]
48|false|[2]|[[[1,2],[1,4],[1,8],[1,3],[1,10],[1,6],[5,10],[5,6],[5,8],[3,5],[4,5],[2,5]],[[1,5]],[[1,7],[5,7],[1,9],[5,9]],[[2,3],[2,8],[3,4],[4,8],[6,8],[8,10],[3,6],[3,10],[4,10],[2,10],[4,6],[2,6]],[[2,4],[3,8],[6,10]],[[2,7],[4,7],[7,8],[3,7],[7,10],[6,7],[2,9],[4,9],[8,9],[3,9],[9,10],[6,9]],[[7,9]]]
48|false|[2]|[[[1,2],[1,10],[1,8],[1,6],[1,3],[1,4],[5,6],[5,8],[5,10],[2,5],[3,5],[4,5]],[[1,5]],[[1,7],[5,9],[1,9],[5,7]],[[2,3],[2,4],[3,10],[4,10],[2,8],[8,10],[2,6],[6,10],[3,8],[3,6],[4,8],[4,6]],[[2,7],[7,10],[7,8],[6,7],[3,7],[4,7],[6,9],[8,9],[9,10],[2,9],[3,9],[4,9]],[[2,10],[6,8],[3,4]],[[7,9]]]
48|false|[2]|[[[1,2],[2,10],[2,7],[2,9],[2,3],[2,5],[1,4],[4,10],[4,5],[3,4],[4,7],[4,9],[1,8],[8,10],[7,8],[8,9],[3,8],[5,8],[1,6],[6,10],[5,6],[3,6],[6,7],[6,9]],[[1,3],[3,10],[1,5],[5,10],[1,7],[1,9],[7,10],[9,10],[3,7],[5,7],[3,9],[5,9]],[[1,10],[7,9],[3,5]],[[2,4],[6,8]],[[2,6],[4,8]],[[2,8],[4,6]]]
48|false|[2]|[[[1,2],[2,10],[2,9],[2,8],[2,6],[2,7],[5,9],[5,8],[1,5],[5,10],[5,6],[5,7],[1,3],[3,10],[3,9],[3,8],[3,6],[3,7],[4,9],[4,8],[1,4],[4,10],[4,6],[4,7]],[[1,6],[1,7],[6,10],[7,10],[1,9],[9,10],[1,8],[8,10],[6,9],[6,8],[7,9],[7,8]],[[1,10],[8,9],[6,7]],[[2,3],[4,5]],[[2,4],[3,5]],[[2,5],[3,4]]]
48|false|[2]|[[[1,2],[1,4],[1,9],[1,7],[1,8],[1,6],[2,10],[4,10],[8,10],[6,10],[9,10],[7,10],[2,5],[4,5],[5,7],[5,9],[5,8],[5,6],[2,3],[3,4],[3,8],[3,6],[3,7],[3,9]],[[1,3],[5,10]],[[1,5],[3,10]],[[1,10],[3,5]],[[2,4],[7,9],[6,8]],[[2,6],[4,6],[2,8],[4,8],[4,9],[4,7],[2,9],[2,7],[7,8],[6,7],[8,9],[6,9]]]
48|false|[2]|[[[1,2],[3,5],[2,9],[3,7],[1,10],[7,8],[5,10],[8,9],[1,4],[6,9],[4,7],[5,6],[1,6],[4,5],[6,7],[4,9],[1,8],[9,10],[5,8],[7,10],[1,3],[2,7],[3,9],[2,5]],[[1,5],[7,9],[1,7],[5,9],[1,9],[5,7]],[[2,3],[8,10],[4,6]],[[2,4],[3,6],[2,6],[3,4],[2,10],[3,8],[3,10],[2,8],[4,10],[6,8],[4,8],[6,10]]]
48|false|[2]|[[[1,2],[2,7],[2,9],[2,5],[1,6],[5,6],[6,7],[6,9],[1,4],[4,9],[4,5],[4,7],[1,8],[7,8],[5,8],[8,9],[1,3],[3,9],[3,7],[3,5],[1,10],[5,10],[9,10],[7,10]],[[1,5],[7,9],[1,9],[5,7],[1,7],[5,9]],[[2,3],[6,8],[4,10]],[[2,4],[2,6],[4,6],[8,10],[3,8],[3,10]],[[2,8],[6,10],[3,4],[2,10],[4,8],[3,6]]]
48|false|[2]|[[[1,2],[8,9]],[[1,3],[2,3],[3,9],[3,8]],[[1,4],[1,5],[1,6],[1,7],[2,4],[2,5],[2,7],[2,6],[4,9],[5,9],[6,9],[7,9],[4,8],[5,8],[7,8],[6,8]],[[1,8],[2,9]],[[1,9],[2,8]],[[1,10],[2,10],[9,10],[8,10]],[[3,4],[3,5],[3,6],[3,7]],[[3,10]],[[4,5],[6,7],[4,7],[5,6],[4,6],[5,7]],[[4,10],[5,10],[6,10],[7,10]]]
48|false|[2]|[[[1,2],[2,6]],[[1,3],[1,9],[1,7],[1,5],[3,6],[6,9],[6,7],[5,6]],[[1,4],[6,8]],[[1,6]],[[1,8],[4,6]],[[1,10],[6,10]],[[2,3],[2,9],[2,7],[2,5]],[[2,4],[2,8]],[[2,10]],[[3,4],[4,9],[4,7],[4,5],[3,8],[8,9],[7,8],[5,8]],[[3,5],[7,9],[3,7],[5,9],[3,9],[5,7]],[[3,10],[9,10],[7,10],[5,10]],[[4,8]],[[4,10],[8,10]]]
48|false|[2]|[[[1,2],[2,4],[1,6],[4,6]],[[1,3],[1,7],[1,5],[1,10],[3,4],[4,10],[4,5],[4,7]],[[1,4]],[[1,8],[4,8]],[[1,9],[4,9]],[[2,3],[2,7],[2,5],[2,10],[3,6],[6,10],[5,6],[6,7]],[[2,6]],[[2,8],[6,8]],[[2,9],[6,9]],[[3,5],[7,10],[3,7],[5,10],[3,10],[5,7]],[[3,8],[7,8],[5,8],[8,10]],[[3,9],[7,9],[5,9],[9,10]],[[8,9]]]
48|false|[2]|[[[1,2],[2,4],[1,6],[4,6]],[[1,3],[1,10],[1,5],[1,7],[3,4],[4,7],[4,5],[4,10]],[[1,4]],[[1,8],[4,8]],[[1,9],[4,9]],[[2,3],[2,10],[2,5],[2,7],[3,6],[6,10],[5,6],[6,7]],[[2,6]],[[2,8],[6,8]],[[2,9],[6,9]],[[3,5],[7,10],[3,10],[5,7],[3,7],[5,10]],[[3,8],[8,10],[5,8],[7,8]],[[3,9],[9,10],[5,9],[7,9]],[[8,9]]]
48|false|[2]|[[[1,2],[3,9],[3,7],[2,5]],[[1,3],[2,9],[2,7],[3,5]],[[1,4],[1,6],[1,10],[1,8],[4,9],[6,9],[8,9],[9,10],[4,7],[6,7],[7,8],[7,10],[4,5],[5,6],[5,10],[5,8]],[[1,5],[7,9]],[[1,7],[5,9]],[[1,9],[5,7]],[[2,3]],[[2,4],[2,6],[2,10],[2,8],[3,4],[3,6],[3,8],[3,10]],[[4,6],[8,10],[4,8],[6,10],[4,10],[6,8]]]
48|false|[2]|[[[1,2],[2,10],[6,7],[3,6]],[[1,3],[7,10]],[[1,4],[1,5],[1,9],[1,8],[4,10],[5,10],[8,10],[9,10],[4,7],[5,7],[7,8],[7,9],[3,4],[3,5],[3,9],[3,8]],[[1,6],[6,10],[2,7],[2,3]],[[1,7],[3,10]],[[1,10],[3,7]],[[2,4],[2,5],[2,9],[2,8],[4,6],[5,6],[6,8],[6,9]],[[2,6]],[[4,5],[8,9],[4,8],[5,9],[4,9],[5,8]]]
48|false|[2]|[[[1,2],[3,9],[1,9],[2,3],[1,3],[2,9]],[[1,4],[3,7],[5,9],[2,10],[1,7],[2,5],[3,4],[9,10],[1,5],[4,9],[2,7],[3,10]],[[1,6],[3,6],[6,9],[2,6],[1,8],[3,8],[8,9],[2,8]],[[1,10],[3,5],[7,9],[2,4]],[[4,5],[7,10],[4,7],[5,10],[5,7],[4,10]],[[4,6],[6,7],[5,6],[6,10],[4,8],[7,8],[5,8],[8,10]],[[6,8]]]
48|false|[2]|[[[1,2],[2,7],[2,8],[2,5],[2,9],[2,6]],[[1,3],[3,7],[3,8],[3,5],[3,9],[3,6],[1,4],[4,7],[4,8],[4,5],[4,6],[4,9]],[[1,5],[5,7],[1,8],[7,8],[6,8],[5,6],[8,9],[5,9],[7,9],[6,7],[1,9],[1,6]],[[1,7],[5,8],[6,9]],[[1,10],[7,10],[8,10],[5,10],[9,10],[6,10]],[[2,3],[2,4]],[[2,10]],[[3,4]],[[3,10],[4,10]]]
48|false|[2]|[[[1,2],[1,7],[2,9],[7,9],[6,7],[5,7],[2,6],[2,5],[5,9],[1,5],[6,9],[1,6]],[[1,3],[3,9],[3,7],[2,3],[3,5],[3,6]],[[1,4],[4,9],[4,7],[2,4],[4,5],[4,6],[5,8],[6,8],[7,8],[2,8],[8,9],[1,8]],[[1,9],[2,7],[5,6]],[[1,10],[9,10],[7,10],[2,10],[5,10],[6,10]],[[3,4],[3,8]],[[3,10]],[[4,8]],[[4,10],[8,10]]]
48|false|[2]|[[[1,2],[2,9],[2,5],[2,4],[2,7],[2,8]],[[1,3],[3,9],[3,5],[3,4],[3,7],[3,8],[1,6],[6,9],[5,6],[4,6],[6,7],[6,8]],[[1,4],[4,9],[1,5],[5,9],[5,8],[4,8],[5,7],[4,7],[7,9],[8,9],[1,7],[1,8]],[[1,9],[4,5],[7,8]],[[1,10],[9,10],[5,10],[4,10],[7,10],[8,10]],[[2,3],[2,6]],[[2,10]],[[3,6]],[[3,10],[6,10]]]
48|false|[2]|[[[1,2],[2,7],[2,5],[2,8],[2,6],[2,9]],[[1,3],[3,7],[3,5],[3,8],[3,6],[3,9],[1,4],[4,7],[4,5],[4,8],[4,9],[4,6]],[[1,5],[5,7],[1,8],[7,8],[5,6],[6,8],[5,9],[8,9],[1,6],[1,9],[6,7],[7,9]],[[1,7],[5,8],[6,9]],[[1,10],[7,10],[5,10],[8,10],[6,10],[9,10]],[[2,3],[2,4]],[[2,10]],[[3,4]],[[3,10],[4,10]]]
48|false|[2]|[[[1,2],[1,4]],[[1,3],[1,5],[1,8],[1,6],[1,9],[1,7]],[[1,10]],[[2,3],[2,5],[2,8],[2,6],[2,9],[2,7],[3,4],[4,5],[4,9],[4,7],[4,8],[4,6]],[[2,4]],[[2,10],[4,10]],[[3,5],[6,8],[7,9]],[[3,6],[5,8],[3,8],[5,6],[7,8],[6,9],[8,9],[6,7],[5,9],[3,7],[3,9],[5,7]],[[3,10],[5,10],[8,10],[6,10],[9,10],[7,10]]]
48|false|[2]|[[[1,2],[1,6],[1,3],[1,7],[1,4],[1,8],[1,9],[1,5],[2,10],[7,10],[3,10],[6,10],[4,10],[9,10],[8,10],[5,10]],[[1,10]],[[2,3],[6,7],[2,6],[3,7],[2,7],[3,6],[4,9],[5,8],[4,8],[5,9],[4,5],[8,9]],[[2,4],[6,8],[3,5],[7,9]],[[2,5],[6,9],[3,4],[7,8],[2,8],[5,7],[4,6],[3,9],[2,9],[3,8],[4,7],[5,6]]]
48|false|[2]|[[[1,2],[6,9],[7,8],[4,10],[1,6],[4,7],[2,9],[8,10],[1,7],[2,8],[4,6],[9,10]],[[1,3],[3,9],[3,8],[3,4],[1,5],[5,8],[5,9],[4,5],[2,3],[3,7],[3,10],[3,6],[2,5],[5,10],[5,7],[5,6]],[[1,4],[8,9],[1,8],[4,9],[1,9],[4,8],[2,6],[7,10],[2,10],[6,7],[2,7],[6,10]],[[1,10],[7,9],[6,8],[2,4]],[[3,5]]]
48|false|[2]|[[[1,2],[3,9],[1,9],[2,3],[1,3],[2,9],[7,10],[4,5],[5,7],[4,10],[4,7],[5,10]],[[1,4],[3,7],[5,9],[2,10],[1,7],[2,5],[3,4],[9,10],[1,5],[4,9],[2,7],[3,10]],[[1,6],[3,6],[6,9],[2,6],[6,7],[4,6],[5,6],[6,10],[1,8],[3,8],[8,9],[2,8],[7,8],[4,8],[5,8],[8,10]],[[1,10],[3,5],[7,9],[2,4]],[[6,8]]]
48|false|[2]|[[[1,2],[2,3],[2,4],[2,8],[6,7],[6,10],[6,9],[5,6]],[[1,3],[4,8],[1,4],[3,8],[1,8],[3,4],[7,10],[5,9],[7,9],[5,10],[5,7],[9,10]],[[1,5],[3,10],[4,7],[8,9],[1,10],[4,9],[7,8],[3,5],[1,9],[5,8],[3,7],[4,10]],[[1,6],[3,6],[4,6],[6,8],[2,7],[2,10],[2,9],[2,5]],[[1,7],[3,9],[4,5],[8,10]],[[2,6]]]
48|false|[2]|[[[1,2],[4,5],[6,7],[8,9]],[[1,3],[3,4],[3,7],[3,8],[3,9],[2,3],[3,5],[3,6]],[[1,4],[7,8],[1,8],[4,7],[1,7],[4,8],[2,9],[5,6],[6,9],[2,5],[5,9],[2,6]],[[1,5],[2,4],[7,9],[6,8],[1,9],[2,8],[4,6],[5,7],[1,6],[2,7],[5,8],[4,9]],[[1,10],[4,10],[7,10],[8,10],[9,10],[2,10],[5,10],[6,10]],[[3,10]]]
48|false|[2]|[[[1,2],[1,9],[2,9]],[[1,3],[3,9],[2,3],[1,4],[4,9],[2,4]],[[1,5],[1,6],[1,7],[1,8],[5,9],[7,9],[8,9],[6,9],[2,5],[2,8],[2,6],[2,7]],[[1,10],[9,10],[2,10]],[[3,4]],[[3,5],[3,6],[3,7],[3,8],[4,5],[4,6],[4,7],[4,8]],[[3,10],[4,10]],[[5,6],[7,8],[5,7],[6,8],[5,8],[6,7]],[[5,10],[6,10],[7,10],[8,10]]]
48|false|[2]|[[[1,2],[1,6],[2,7],[6,7],[4,7],[1,4],[7,8],[1,8],[6,8],[4,6],[2,8],[2,4]],[[1,3],[3,7],[4,9],[8,9],[5,6],[2,5],[4,5],[5,8],[7,9],[1,9],[3,6],[2,3]],[[1,5],[5,7],[3,4],[3,8],[6,9],[2,9]],[[1,7],[4,8],[2,6]],[[1,10],[7,10],[4,10],[8,10],[6,10],[2,10]],[[3,5],[3,9],[5,9]],[[3,10],[9,10],[5,10]]]
48|false|exact|[[[1,2],[8,9],[1,9],[2,8],[1,8],[2,9]],[[1,3],[1,4],[1,5],[1,6],[3,9],[4,9],[5,9],[6,9],[3,8],[4,8],[5,8],[6,8],[2,3],[2,4],[2,5],[2,6]],[[1,7],[7,9],[7,8],[2,7]],[[1,10],[9,10],[8,10],[2,10]],[[3,4],[5,6],[3,5],[4,6],[3,6],[4,5]],[[3,7],[4,7],[5,7],[6,7]],[[3,10],[4,10],[5,10],[6,10]],[[7,10]]]
48|false|exact|[[[1,2],[5,8],[1,8],[2,5],[1,5],[2,8]],[[1,3],[1,10],[3,5],[5,10],[2,3],[2,10],[3,8],[8,10],[1,9],[1,7],[2,9],[2,7],[8,9],[7,8],[5,9],[5,7],[1,4],[1,6],[4,8],[6,8],[4,5],[5,6],[2,4],[2,6]],[[3,4],[3,6],[4,10],[6,10],[3,9],[9,10],[3,7],[7,10],[4,9],[4,7],[6,9],[6,7]],[[3,10],[7,9],[4,6]]]
48|false|exact|[[[1,2],[1,4],[2,10],[4,10],[2,6],[2,8],[4,6],[4,8],[1,6],[6,10],[1,8],[8,10]],[[1,3],[3,10],[2,3],[3,4],[3,6],[3,8],[1,5],[5,10],[2,5],[4,5],[5,6],[5,8],[1,9],[9,10],[2,9],[4,9],[8,9],[6,9],[1,7],[7,10],[2,7],[4,7],[7,8],[6,7]],[[1,10],[2,4],[6,8]],[[3,5],[7,9]],[[3,7],[5,9],[3,9],[5,7]]]
48|false|exact|[[[1,2],[1,3],[1,10],[1,4],[1,6],[1,8],[2,5],[3,5],[5,10],[4,5],[5,6],[5,8],[2,7],[3,7],[7,10],[4,7],[6,7],[7,8],[2,9],[3,9],[9,10],[4,9],[6,9],[8,9]],[[1,5],[7,9]],[[1,7],[5,9],[5,7],[1,9]],[[2,3],[4,10],[6,8]],[[2,4],[3,10],[2,10],[3,4],[8,10],[4,6],[6,10],[4,8],[3,6],[2,8],[2,6],[3,8]]]
48|false|exact|[[[1,2],[1,8],[1,4],[1,5],[2,3],[3,8],[3,4],[3,5],[2,7],[7,8],[4,7],[5,7],[2,6],[6,8],[4,6],[5,6]],[[1,3],[6,7]],[[1,6],[3,7],[1,7],[3,6]],[[1,9],[3,9],[7,10],[6,10]],[[1,10],[3,10],[7,9],[6,9]],[[2,4],[5,8],[2,5],[4,8],[2,8],[4,5]],[[2,9],[8,9],[4,9],[5,9],[2,10],[8,10],[4,10],[5,10]],[[9,10]]]
48|false|exact|[[[1,2],[2,6],[2,8],[2,4]],[[1,3],[1,9],[1,5],[1,7],[3,6],[6,9],[5,6],[6,7],[3,8],[8,9],[5,8],[7,8],[3,4],[4,9],[4,5],[4,7]],[[1,4],[6,8],[1,8],[4,6]],[[1,6],[4,8]],[[1,10],[6,10],[8,10],[4,10]],[[2,3],[2,9],[2,5],[2,7]],[[2,10]],[[3,5],[7,9],[3,7],[5,9],[3,9],[5,7]],[[3,10],[9,10],[5,10],[7,10]]]
48|false|[2]|[[[1,2],[2,10],[4,6],[6,9]],[[1,3],[8,10],[1,7],[5,10],[1,5],[7,10],[1,8],[3,10],[4,5],[7,9],[3,4],[8,9],[4,8],[3,9],[4,7],[5,9]],[[1,4],[9,10],[4,10],[1,9]],[[1,6],[6,10],[2,4],[2,9]],[[1,10],[4,9]],[[2,3],[2,8],[2,7],[2,5],[5,6],[6,7],[3,6],[6,8]],[[2,6]],[[3,5],[7,8],[3,8],[5,7],[3,7],[5,8]]]
48|false|[2]|[[[1,2],[1,3],[1,6],[1,4],[1,10],[1,8],[2,5],[3,5],[5,6],[4,5],[5,10],[5,8],[7,8],[7,10],[6,7],[4,7],[3,7],[2,7],[8,9],[9,10],[6,9],[4,9],[3,9],[2,9]],[[1,5],[7,9]],[[1,7],[5,9],[5,7],[1,9]],[[2,3],[4,6],[8,10]],[[2,4],[2,6],[3,4],[3,6],[6,8],[6,10],[4,8],[4,10],[3,10],[2,10],[3,8],[2,8]]]
48|false|[2]|[[[1,2],[3,10],[1,3],[2,10],[2,9],[3,8],[3,9],[2,8],[2,7],[3,6],[3,7],[2,6],[1,5],[4,10],[1,4],[5,10],[5,6],[4,7],[4,6],[5,7],[5,9],[4,8],[4,9],[5,8]],[[1,6],[7,10],[1,7],[6,10],[9,10],[1,8],[1,9],[8,10],[7,8],[6,9],[7,9],[6,8]],[[1,10],[8,9],[6,7]],[[2,3],[4,5]],[[2,4],[3,5],[2,5],[3,4]]]
48|false|[2]|[[[1,2],[2,5],[2,9],[2,7],[1,6],[5,6],[6,9],[6,7],[1,8],[5,8],[7,8],[8,9],[1,4],[4,5],[4,7],[4,9]],[[1,3],[3,5],[3,9],[3,7]],[[1,5],[7,9],[1,9],[5,7],[1,7],[5,9]],[[1,10],[5,10],[9,10],[7,10]],[[2,3],[3,6],[3,8],[3,4]],[[2,4],[6,8],[2,8],[4,6]],[[2,6],[4,8]],[[2,10],[6,10],[8,10],[4,10]],[[3,10]]]
48|false|[2]|[[[1,2],[1,9],[2,9]],[[1,3],[3,9],[2,3],[1,4],[4,9],[2,4]],[[1,5],[5,9],[2,5],[1,6],[2,6],[6,9]],[[1,7],[7,9],[2,7],[1,8],[8,9],[2,8]],[[1,10],[9,10],[2,10]],[[3,4]],[[3,5],[3,6],[4,5],[4,6]],[[3,7],[3,8],[4,7],[4,8]],[[3,10],[4,10]],[[5,6]],[[5,7],[6,7],[5,8],[6,8]],[[5,10],[6,10]],[[7,8]],[[7,10],[8,10]]]
48|false|[2]|[[[1,2],[2,7],[1,3],[3,7],[1,4],[4,7],[2,9],[2,8],[3,9],[3,8],[4,9],[4,8]],[[1,5],[5,7],[1,6],[6,7],[5,9],[5,8],[6,9],[6,8]],[[1,7],[8,9]],[[1,8],[7,9]],[[1,9],[7,8]],[[1,10],[7,10],[9,10],[8,10]],[[2,3],[3,4],[2,4]],[[2,5],[3,5],[4,5],[2,6],[3,6],[4,6]],[[2,10],[3,10],[4,10]],[[5,6]],[[5,10],[6,10]]]
48|false|[2]|[[[1,2],[2,7],[1,7],[9,10],[4,10],[4,9]],[[1,3],[2,3],[3,7],[3,9],[3,10],[3,4],[1,5],[2,5],[5,7],[5,9],[5,10],[4,5],[1,8],[2,8],[7,8],[8,9],[8,10],[4,8],[1,6],[2,6],[6,7],[6,9],[6,10],[4,6]],[[1,4],[2,9],[7,10],[1,9],[2,10],[4,7]],[[1,10],[2,4],[7,9]],[[3,5],[6,8]],[[3,6],[5,8]],[[3,8],[5,6]]]
48|false|[2]|[[[1,2],[2,7],[1,7],[4,10],[4,9],[9,10]],[[1,3],[2,3],[3,7],[1,5],[5,7],[2,5],[5,10],[4,5],[5,9],[3,10],[3,9],[3,4]],[[1,4],[2,9],[7,10],[1,9],[4,7],[2,10]],[[1,6],[2,6],[6,7],[6,10],[4,6],[6,9],[1,8],[2,8],[7,8],[8,10],[4,8],[8,9]],[[1,10],[2,4],[7,9]],[[3,5]],[[3,6],[5,6],[3,8],[5,8]],[[6,8]]]
48|false|[2]|[[[1,2],[2,5],[2,4],[2,3]],[[1,3],[4,5],[1,4],[3,5]],[[1,5],[3,4]],[[1,6],[5,6],[4,6],[3,6]],[[1,7],[1,8],[1,9],[5,7],[5,8],[5,9],[4,7],[4,8],[4,9],[3,7],[3,8],[3,9]],[[1,10],[5,10],[4,10],[3,10]],[[2,6]],[[2,7],[2,8],[2,9]],[[2,10]],[[6,7],[6,8],[6,9]],[[6,10]],[[7,8],[8,9],[7,9]],[[7,10],[8,10],[9,10]]]
48|false|[2]|[[[1,2],[1,7],[2,7],[9,10],[4,10],[4,9]],[[1,3],[1,5],[1,6],[1,8],[3,7],[5,7],[6,7],[7,8],[2,3],[2,5],[2,6],[2,8],[3,10],[5,10],[8,10],[6,10],[3,4],[4,5],[4,8],[4,6],[3,9],[5,9],[8,9],[6,9]],[[1,4],[7,10],[2,9]],[[1,9],[4,7],[2,10]],[[1,10],[7,9],[2,4]],[[3,5],[6,8]],[[3,6],[5,8],[5,6],[3,8]]]
48|false|[2]|[[[1,2],[1,4],[1,6],[7,10],[3,7],[7,8],[2,7],[4,7],[6,7],[1,10],[1,3],[1,8],[2,9],[4,9],[6,9],[5,10],[3,5],[5,8],[2,5],[4,5],[5,6],[9,10],[3,9],[8,9]],[[1,5],[5,7],[7,9],[1,9]],[[1,7],[5,9]],[[2,3],[4,8],[6,10]],[[2,4],[4,6],[2,6],[3,10],[3,8],[8,10]],[[2,8],[4,10],[3,6],[2,10],[3,4],[6,8]]]
48|false|[2]|[[[1,2],[1,8],[2,8],[4,6],[6,10],[4,10]],[[1,3],[3,8],[2,3],[1,5],[2,5],[5,8],[6,7],[7,10],[4,7],[6,9],[4,9],[9,10]],[[1,4],[8,10],[2,6],[1,6],[2,10],[4,8]],[[1,7],[7,8],[2,7],[1,9],[8,9],[2,9],[5,6],[5,10],[4,5],[3,6],[3,10],[3,4]],[[1,10],[6,8],[2,4]],[[3,5],[7,9]],[[3,7],[5,7],[5,9],[3,9]]]
48|false|[2]|[[[1,2],[1,9],[2,9],[7,10],[4,10],[4,7]],[[1,3],[3,9],[2,3],[3,10],[3,4],[3,7],[1,5],[5,9],[2,5],[5,10],[4,5],[5,7],[1,6],[2,6],[6,9],[6,10],[6,7],[4,6],[1,8],[2,8],[8,9],[8,10],[7,8],[4,8]],[[1,4],[9,10],[2,7],[1,7],[2,10],[4,9]],[[1,10],[7,9],[2,4]],[[3,5],[6,8]],[[3,6],[3,8],[5,8],[5,6]]]
48|false|[2]|[[[1,2],[5,8]],[[1,3],[2,3],[1,7],[2,7],[1,6],[2,6],[5,9],[8,9],[5,10],[8,10],[4,5],[4,8],[1,9],[2,9],[1,10],[2,10],[1,4],[2,4],[3,8],[3,5],[7,8],[5,7],[6,8],[5,6]],[[1,5],[2,8],[2,5],[1,8]],[[3,4],[7,10],[6,9],[3,9],[6,10],[4,7]],[[3,6],[3,7],[6,7],[4,9],[9,10],[4,10]],[[3,10],[7,9],[4,6]]]
48|false|[2]|[[[1,2],[1,8],[2,8],[4,10],[6,10],[4,6]],[[1,3],[3,8],[2,3],[1,5],[2,5],[5,8],[1,9],[8,9],[2,9],[1,7],[2,7],[7,8],[7,10],[6,7],[4,7],[9,10],[4,9],[6,9],[3,10],[3,6],[3,4],[5,10],[4,5],[5,6]],[[1,4],[8,10],[2,6],[1,6],[2,10],[4,8]],[[1,10],[6,8],[2,4]],[[3,5],[7,9]],[[3,7],[5,7],[5,9],[3,9]]]
48|false|[2]|[[[1,2],[1,4],[1,6],[7,10],[3,7],[7,8],[2,7],[4,7],[6,7],[1,10],[1,3],[1,8],[2,9],[4,9],[6,9],[5,10],[3,5],[5,8],[2,5],[4,5],[5,6],[9,10],[3,9],[8,9]],[[1,5],[5,7],[7,9],[1,9]],[[1,7],[5,9]],[[2,3],[4,8],[6,10]],[[2,4],[4,6],[2,6],[3,10],[3,8],[8,10]],[[2,8],[4,10],[3,6],[2,10],[3,4],[6,8]]]
48|false|[2]|[[[1,2]],[[1,3],[2,3],[1,5],[2,5],[1,4],[2,4]],[[1,6],[2,7],[1,8],[2,9],[1,7],[2,8],[1,9],[2,6]],[[1,10],[2,10]],[[3,4],[3,5],[4,5]],[[3,6],[3,7],[3,8],[3,9],[5,6],[5,7],[5,8],[5,9],[4,6],[4,7],[4,8],[4,9]],[[3,10],[5,10],[4,10]],[[6,7],[8,9],[7,8],[6,9]],[[6,8],[7,9]],[[6,10],[7,10],[8,10],[9,10]]]
48|false|[2]|[[[1,2],[1,6],[2,6]],[[1,3],[1,4],[3,6],[4,6],[2,3],[2,4],[2,7],[2,8],[1,7],[1,8],[6,7],[6,8]],[[1,5],[5,6],[2,5],[2,9],[1,9],[6,9]],[[1,10],[6,10],[2,10]],[[3,4],[7,8]],[[3,5],[4,5],[7,9],[8,9]],[[3,7],[4,7],[3,8],[4,8]],[[3,9],[4,9],[5,7],[5,8]],[[3,10],[4,10],[7,10],[8,10]],[[5,9]],[[5,10],[9,10]]]
48|false|[2]|[[[1,2],[1,5],[3,7],[3,4],[2,3],[3,5],[1,7],[1,4]],[[1,3]],[[1,6],[1,10],[1,8],[3,6],[3,10],[3,8]],[[1,9],[3,9]],[[2,4],[5,7],[2,7],[4,5]],[[2,5],[4,7]],[[2,6],[2,10],[2,8],[5,6],[5,10],[5,8],[6,7],[7,10],[7,8],[4,6],[4,10],[4,8]],[[2,9],[5,9],[7,9],[4,9]],[[6,8],[6,10],[8,10]],[[6,9],[9,10],[8,9]]]
48|false|[2]|[[[1,2]],[[1,3],[2,3],[1,5],[2,5],[1,4],[2,4]],[[1,6],[2,7],[1,8],[2,9],[1,7],[2,8],[1,9],[2,6]],[[1,10],[2,10]],[[3,4],[3,5],[4,5]],[[3,6],[3,7],[3,8],[3,9],[5,6],[5,7],[5,8],[5,9],[4,6],[4,7],[4,8],[4,9]],[[3,10],[5,10],[4,10]],[[6,7],[8,9],[7,8],[6,9]],[[6,8],[7,9]],[[6,10],[7,10],[8,10],[9,10]]]
48|false|[2]|[[[1,2],[6,7],[1,6],[2,7]],[[1,3],[1,4],[1,8],[3,7],[7,8],[4,7],[3,6],[4,6],[6,8],[2,3],[2,8],[2,4]],[[1,5],[7,9],[6,9],[2,5],[1,9],[5,7],[5,6],[2,9]],[[1,7],[2,6]],[[1,10],[7,10],[6,10],[2,10]],[[3,4],[4,8],[3,8]],[[3,5],[4,5],[5,8],[3,9],[8,9],[4,9]],[[3,10],[4,10],[8,10]],[[5,9]],[[5,10],[9,10]]]
48|false|[2]|[[[1,2]],[[1,3],[1,4],[1,6],[1,5],[2,3],[2,4],[2,6],[2,5]],[[1,7],[1,8],[1,9],[2,7],[2,9],[2,8]],[[1,10],[2,10]],[[3,4],[5,6],[3,6],[4,5]],[[3,5],[4,6]],[[3,7],[4,7],[6,7],[5,7],[3,8],[4,8],[6,8],[5,8],[3,9],[4,9],[6,9],[5,9]],[[3,10],[4,10],[6,10],[5,10]],[[7,8],[8,9],[7,9]],[[7,10],[8,10],[9,10]]]
48|false|[2]|[[[1,2]],[[1,3],[2,3],[1,5],[2,5],[1,4],[2,4]],[[1,6],[1,8],[2,7],[2,9],[2,6],[2,8],[1,9],[1,7]],[[1,10],[2,10]],[[3,4],[3,5],[4,5]],[[3,6],[3,8],[3,7],[3,9],[5,6],[5,8],[5,7],[5,9],[4,6],[4,8],[4,7],[4,9]],[[3,10],[5,10],[4,10]],[[6,7],[8,9],[7,8],[6,9]],[[6,8],[7,9]],[[6,10],[8,10],[7,10],[9,10]]]
48|false|[2]|[[[1,2],[1,6],[2,6]],[[1,3],[3,6],[2,3],[1,5],[2,5],[5,6],[1,7],[6,7],[2,7],[1,9],[2,9],[6,9]],[[1,4],[6,10],[2,8],[1,8],[2,10],[4,6]],[[1,10],[6,8],[2,4]],[[3,4],[3,10],[3,8],[5,8],[5,10],[4,5],[4,7],[7,10],[7,8],[8,9],[9,10],[4,9]],[[3,5],[7,9]],[[3,7],[5,7],[5,9],[3,9]],[[4,8],[4,10],[8,10]]]
48|false|[2]|[[[1,2],[1,6],[1,3],[2,7],[6,7],[3,7]],[[1,4],[1,5],[7,8],[7,9],[4,7],[5,7],[1,8],[1,9]],[[1,7]],[[1,10],[7,10]],[[2,3],[2,6],[3,6]],[[2,4],[4,6],[3,4],[2,5],[3,5],[5,6],[2,8],[6,8],[3,8],[2,9],[3,9],[6,9]],[[2,10],[6,10],[3,10]],[[4,5],[8,9]],[[4,8],[5,8],[5,9],[4,9]],[[4,10],[5,10],[8,10],[9,10]]]
48|false|[2]|[[[1,2],[1,8],[1,4],[1,10],[1,3],[1,6],[2,7],[7,8],[4,7],[7,10],[3,7],[6,7],[2,9],[8,9],[4,9],[9,10],[3,9],[6,9],[2,5],[5,8],[4,5],[5,10],[3,5],[5,6]],[[1,5],[1,9],[7,9],[5,7]],[[1,7],[5,9]],[[2,3],[8,10],[4,6]],[[2,4],[2,8],[4,8],[6,10],[3,10],[3,6]],[[2,6],[3,8],[4,10],[2,10],[3,4],[6,8]]]
48|false|exact|[[[1,2],[6,7],[1,6],[2,7]],[[1,3],[1,5],[1,9],[7,9],[3,7],[5,7],[5,6],[6,9],[3,6],[2,3],[2,5],[2,9]],[[1,4],[7,8],[1,8],[4,7],[6,8],[2,4],[4,6],[2,8]],[[1,7],[2,6]],[[1,10],[7,10],[6,10],[2,10]],[[3,4],[4,5],[4,9],[8,9],[3,8],[5,8]],[[3,5],[5,9],[3,9]],[[3,10],[5,10],[9,10]],[[4,8]],[[4,10],[8,10]]]
48|false|exact|[[[1,2],[1,8],[2,8],[4,6],[4,10],[6,10]],[[1,3],[1,5],[3,8],[5,8],[2,3],[2,5],[4,7],[4,9],[7,10],[9,10],[6,7],[6,9],[3,4],[4,5],[3,10],[5,10],[3,6],[5,6],[8,9],[7,8],[2,9],[2,7],[1,9],[1,7]],[[1,4],[8,10],[2,6],[4,8],[2,10],[1,6]],[[1,10],[6,8],[2,4]],[[3,5],[7,9]],[[3,7],[5,9],[3,9],[5,7]]]
48|false|[2]|[[[1,2],[6,7],[1,6],[2,7]],[[1,3],[1,5],[1,9],[3,7],[5,7],[7,9],[3,6],[6,9],[5,6],[2,3],[2,9],[2,5]],[[1,4],[7,8],[1,8],[4,7],[6,8],[2,4],[4,6],[2,8]],[[1,7],[2,6]],[[1,10],[7,10],[6,10],[2,10]],[[3,4],[4,5],[4,9],[3,8],[5,8],[8,9]],[[3,5],[5,9],[3,9]],[[3,10],[5,10],[9,10]],[[4,8]],[[4,10],[8,10]]]
48|false|[2]|[[[1,2],[2,9],[1,9]],[[1,3],[1,5],[2,3],[2,5],[3,9],[5,9],[2,6],[2,4],[1,6],[1,4],[6,9],[4,9]],[[1,7],[2,7],[7,9],[1,8],[2,8],[8,9]],[[1,10],[2,10],[9,10]],[[3,4],[5,6],[3,6],[4,5]],[[3,5],[4,6]],[[3,7],[5,7],[6,7],[4,7],[3,8],[5,8],[6,8],[4,8]],[[3,10],[5,10],[6,10],[4,10]],[[7,8]],[[7,10],[8,10]]]
48|false|[2]|[[[1,2],[2,5],[2,7],[2,9],[2,10],[2,3],[1,4],[4,5],[4,7],[4,9],[4,10],[3,4],[1,6],[6,7],[5,6],[3,6],[6,10],[6,9],[1,8],[7,8],[5,8],[3,8],[8,10],[8,9]],[[1,3],[5,9],[7,10],[1,9],[5,10],[3,7]],[[1,5],[5,7],[1,7],[9,10],[3,10],[3,9]],[[1,10],[3,5],[7,9]],[[2,4],[6,8]],[[2,6],[4,8],[4,6],[2,8]]]
48|false|[2]|[[[1,2],[1,8],[2,8],[4,6],[6,10],[4,10]],[[1,3],[3,8],[2,3],[1,5],[2,5],[5,8],[1,9],[8,9],[2,9],[1,7],[2,7],[7,8],[6,7],[7,10],[4,7],[6,9],[4,9],[9,10],[3,6],[3,10],[3,4],[5,6],[4,5],[5,10]],[[1,4],[8,10],[2,6],[1,6],[2,10],[4,8]],[[1,10],[6,8],[2,4]],[[3,5],[7,9]],[[3,7],[5,7],[5,9],[3,9]]]
48|false|exact|[[[1,2],[4,10],[5,7],[3,9],[3,7],[5,9],[2,10],[1,4],[1,9],[7,10],[4,5],[2,3],[2,5],[3,4],[9,10],[1,7],[1,3],[5,10],[4,7],[2,9],[4,9],[2,7],[3,10],[1,5]],[[1,6],[6,10],[5,6],[3,6],[6,7],[6,9],[2,6],[4,6],[1,8],[8,10],[5,8],[3,8],[7,8],[8,9],[2,8],[4,8]],[[1,10],[3,5],[7,9],[2,4]],[[6,8]]]
48|false|[2]|[[[1,2],[1,4],[1,6],[2,8],[4,8],[6,8]],[[1,3],[1,7],[5,8],[8,9],[3,8],[7,8],[1,5],[1,9]],[[1,8]],[[1,10],[8,10]],[[2,3],[3,4],[3,6],[2,7],[4,7],[6,7],[2,5],[4,5],[5,6],[2,9],[4,9],[6,9]],[[2,4],[4,6],[2,6]],[[2,10],[4,10],[6,10]],[[3,5],[7,9],[5,7],[3,9]],[[3,7],[5,9]],[[3,10],[7,10],[5,10],[9,10]]]
48|false|[2]|[[[1,2],[1,7],[2,7],[4,9],[4,10],[9,10]],[[1,3],[1,5],[1,6],[1,8],[3,7],[5,7],[6,7],[7,8],[2,3],[2,5],[2,6],[2,8],[3,4],[4,5],[4,6],[4,8],[3,10],[5,10],[6,10],[8,10],[3,9],[5,9],[6,9],[8,9]],[[1,4],[7,10],[2,9],[4,7],[2,10],[1,9]],[[1,10],[7,9],[2,4]],[[3,5],[6,8]],[[3,6],[5,8],[5,6],[3,8]]]
48|false|[2]|[[[1,2],[2,6],[2,7],[2,4],[2,9],[2,3],[2,8],[2,5]],[[1,3],[6,9],[7,8],[4,5],[1,9],[3,6],[4,8],[5,7],[1,8],[5,6],[3,7],[4,9],[1,5],[6,8],[7,9],[3,4],[1,7],[4,6],[3,8],[5,9],[1,4],[6,7],[3,5],[8,9]],[[1,6],[4,7],[3,9],[5,8]],[[1,10],[6,10],[7,10],[4,10],[9,10],[3,10],[8,10],[5,10]],[[2,10]]]
48|false|[2]|[[[1,2],[1,3],[1,4],[1,5],[1,8],[1,9],[1,7],[1,6],[2,10],[3,10],[8,10],[9,10],[4,10],[5,10],[6,10],[7,10]],[[1,10]],[[2,3],[4,5],[8,9],[6,7]],[[2,4],[3,5],[3,4],[2,5],[7,8],[6,9],[7,9],[6,8],[2,9],[3,8],[3,9],[2,8],[4,6],[5,7],[4,7],[5,6],[2,7],[3,6],[3,7],[2,6],[5,9],[4,8],[4,9],[5,8]]]
50|false|exact|[[[1,2],[4,5],[6,9],[3,10],[7,8],[1,10],[5,8],[2,9],[3,4],[6,7],[1,4],[5,6],[9,10],[3,8],[2,7],[1,8],[2,5],[4,9],[3,6],[7,10],[1,6],[5,10],[8,9],[2,3],[4,7]],[[1,3],[5,7],[1,9],[3,5],[7,9]],[[1,5],[5,9],[3,9],[3,7],[1,7]],[[2,4],[4,6],[6,10],[8,10],[2,8]],[[2,6],[4,10],[6,8],[2,10],[4,8]]]
50|false|exact|[[[1,2],[1,4],[1,8],[1,10],[1,6],[2,5],[4,5],[5,8],[5,10],[5,6],[2,7],[4,7],[7,8],[7,10],[6,7],[2,3],[3,4],[3,8],[3,10],[3,6],[2,9],[4,9],[8,9],[9,10],[6,9]],[[1,3],[5,9],[1,7],[3,5],[7,9]],[[1,5],[5,7],[3,7],[3,9],[1,9]],[[2,4],[4,8],[8,10],[6,10],[2,6]],[[2,8],[4,10],[6,8],[2,10],[4,6]]]
50|true|exact|[[[1,2],[8,10],[2,9],[1,10],[8,9],[3,4],[5,6],[4,7],[3,5],[6,7]],[[1,3],[3,8],[2,3],[3,10],[3,9],[1,6],[6,8],[2,6],[6,10],[6,9],[1,4],[4,8],[2,4],[4,10],[4,9],[1,5],[5,8],[2,5],[5,10],[5,9],[1,7],[7,8],[2,7],[7,10],[7,9]],[[1,8],[2,8],[2,10],[9,10],[1,9],[3,6],[4,6],[4,5],[5,7],[3,7]]]
54|false|exact|[[[1,2],[2,5],[2,9],[1,3],[3,5],[3,9],[1,4],[4,5],[4,9]],[[1,5],[5,9],[1,9]],[[1,6],[5,6],[6,9],[1,8],[5,8],[8,9],[1,7],[5,7],[7,9]],[[1,10],[5,10],[9,10]],[[2,3],[3,4],[2,4]],[[2,6],[2,8],[2,7],[3,6],[3,8],[3,7],[4,6],[4,8],[4,7]],[[2,10],[3,10],[4,10]],[[6,7],[6,8],[7,8]],[[6,10],[8,10],[7,10]]]
54|false|exact|[[[1,2],[1,5],[1,10],[2,6],[5,6],[6,10],[2,3],[3,5],[3,10]],[[1,3],[1,6],[3,6]],[[1,4],[6,8],[3,7],[1,8],[6,7],[3,4],[1,7],[4,6],[3,8]],[[1,9],[6,9],[3,9]],[[2,4],[4,5],[4,10],[2,8],[5,8],[8,10],[2,7],[5,7],[7,10]],[[2,5],[5,10],[2,10]],[[2,9],[5,9],[9,10]],[[4,7],[4,8],[7,8]],[[4,9],[8,9],[7,9]]]
54|false|exact|[[[1,2],[1,6],[2,6]],[[1,3],[1,5],[1,4],[3,6],[5,6],[4,6],[2,3],[2,5],[2,4],[6,7],[6,9],[6,8],[1,7],[1,9],[1,8],[2,7],[2,9],[2,8]],[[1,10],[6,10],[2,10]],[[3,4],[3,5],[4,5],[7,8],[7,9],[8,9]],[[3,7],[5,7],[4,7],[3,9],[5,9],[4,9],[3,8],[5,8],[4,8]],[[3,10],[5,10],[4,10],[7,10],[9,10],[8,10]]]
54|false|exact|[[[1,2],[2,9],[1,9]],[[1,3],[2,3],[3,9],[1,4],[2,4],[4,9],[1,5],[2,5],[5,9]],[[1,6],[1,8],[1,7],[2,6],[2,8],[2,7],[6,9],[8,9],[7,9]],[[1,10],[2,10],[9,10]],[[3,4],[4,5],[3,5]],[[3,6],[3,8],[3,7],[4,6],[4,8],[4,7],[5,6],[5,8],[5,7]],[[3,10],[4,10],[5,10]],[[6,7],[6,8],[7,8]],[[6,10],[8,10],[7,10]]]
54|false|exact|[[[1,2],[1,6],[2,6]],[[1,3],[1,5],[1,4],[3,6],[5,6],[4,6],[2,3],[2,5],[2,4],[2,7],[2,9],[2,8],[1,7],[1,9],[1,8],[6,7],[6,9],[6,8]],[[1,10],[6,10],[2,10]],[[3,4],[3,5],[4,5],[7,8],[7,9],[8,9]],[[3,7],[5,7],[4,7],[3,9],[5,9],[4,9],[3,8],[5,8],[4,8]],[[3,10],[5,10],[4,10],[7,10],[9,10],[8,10]]]
54|false|exact|[[[1,2],[6,8],[3,4],[6,7],[4,5],[1,9],[3,5],[2,9],[7,8],[1,7],[8,9],[2,6],[4,9],[2,5],[1,3],[5,6],[3,7],[4,8],[1,4],[3,8],[7,9],[2,3],[5,7],[1,6],[5,9],[4,6],[2,8]],[[1,5],[6,9],[4,7],[2,7],[5,8],[3,9],[3,6],[2,4],[1,8]],[[1,10],[6,10],[4,10],[7,10],[5,10],[9,10],[3,10],[2,10],[8,10]]]
54|false|exact|[[[1,2],[3,6],[8,10],[7,8],[1,5],[3,4],[4,6],[7,10],[2,5],[1,3],[5,7],[6,10],[2,6],[1,8],[4,7],[4,5],[2,10],[3,8],[1,7],[2,8],[5,10],[3,5],[1,6],[2,4],[4,8],[3,10],[6,7]],[[1,4],[3,7],[5,8],[2,7],[5,6],[4,10],[6,8],[1,10],[2,3]],[[1,9],[3,9],[8,9],[7,9],[5,9],[4,9],[6,9],[9,10],[2,9]]]
54|false|exact|[[[1,2],[2,9],[1,9],[4,5],[3,5],[3,4],[7,8],[6,7],[6,8]],[[1,3],[2,4],[5,9],[4,6],[5,8],[3,7],[8,9],[1,7],[2,6],[1,5],[2,3],[4,9],[3,8],[4,7],[5,6],[7,9],[1,6],[2,8],[1,4],[2,5],[3,9],[5,7],[3,6],[4,8],[6,9],[1,8],[2,7]],[[1,10],[2,10],[9,10],[4,10],[5,10],[3,10],[8,10],[7,10],[6,10]]]
54|false|exact|[[[1,2],[2,9],[1,9],[4,7],[3,4],[3,7],[6,8],[5,6],[5,8]],[[1,3],[2,7],[4,9],[5,7],[4,8],[3,6],[1,8],[2,6],[5,9],[1,4],[2,3],[7,9],[3,8],[6,7],[4,5],[1,6],[2,5],[8,9],[1,7],[2,4],[3,9],[4,6],[3,5],[7,8],[1,5],[2,8],[6,9]],[[1,10],[2,10],[9,10],[7,10],[4,10],[3,10],[8,10],[6,10],[5,10]]]
56|false|exact|[[[1,2],[1,10],[1,4],[1,7],[1,5],[1,3],[1,8],[1,6]],[[1,9]],[[2,3],[5,10],[4,6],[7,8],[2,4],[7,10],[5,8],[3,6],[2,5],[6,7],[3,10],[4,8],[2,10],[6,8],[4,7],[3,5],[2,7],[3,8],[5,6],[4,10],[2,6],[3,4],[8,10],[5,7],[2,8],[4,5],[3,7],[6,10]],[[2,9],[9,10],[4,9],[7,9],[5,9],[3,9],[8,9],[6,9]]]
60|false|exact|[[[1,2],[4,6],[1,8],[2,4],[6,8]],[[1,3],[3,4],[3,8],[2,3],[3,6],[1,9],[4,9],[8,9],[2,9],[6,9],[1,5],[4,5],[5,8],[2,5],[5,6],[1,7],[4,7],[7,8],[2,7],[6,7]],[[1,4],[4,8],[2,8],[2,6],[1,6]],[[1,10],[4,10],[8,10],[2,10],[6,10]],[[3,5],[7,9],[3,7],[5,9],[3,9],[5,7]],[[3,10],[9,10],[5,10],[7,10]]]
60|false|[2]|[[[1,2],[2,7],[2,3],[2,10],[2,5],[1,6],[6,7],[3,6],[6,10],[5,6]],[[1,3],[7,10],[3,5],[1,10],[5,7]],[[1,4],[4,7],[3,4],[4,10],[4,5],[1,8],[7,8],[3,8],[8,10],[5,8],[1,9],[7,9],[3,9],[9,10],[5,9]],[[1,5],[1,7],[3,7],[3,10],[5,10]],[[2,4],[2,8],[2,9],[4,6],[6,8],[6,9]],[[2,6]],[[4,8],[8,9],[4,9]]]
60|false|exact|[[[1,2],[1,8],[1,6],[1,4],[1,10],[2,3],[3,6],[3,10],[3,8],[3,4]],[[1,3]],[[1,5],[1,7],[1,9],[3,5],[3,7],[3,9]],[[2,4],[8,10],[2,6],[4,8],[6,10],[2,8],[4,6],[2,10],[6,8],[4,10]],[[2,5],[2,7],[2,9],[5,8],[7,8],[8,9],[5,6],[6,7],[6,9],[4,5],[4,7],[4,9],[5,10],[7,10],[9,10]],[[5,7],[7,9],[5,9]]]
60|false|exact|[[[1,2],[2,3],[2,7],[2,5],[2,10]],[[1,3],[3,7],[5,7],[5,10],[1,10],[1,5],[3,5],[3,10],[7,10],[1,7]],[[1,4],[1,9],[1,8],[3,4],[3,9],[3,8],[4,7],[7,9],[7,8],[4,5],[5,9],[5,8],[4,10],[9,10],[8,10]],[[1,6],[3,6],[6,7],[5,6],[6,10]],[[2,4],[2,9],[2,8]],[[2,6]],[[4,6],[6,9],[6,8]],[[4,8],[4,9],[8,9]]]
60|false|[2]|[[[1,2],[2,8],[2,3],[2,10],[2,5],[1,6],[5,6],[6,10],[3,6],[6,8]],[[1,3],[8,10],[3,5],[1,10],[5,8]],[[1,4],[4,8],[3,4],[4,10],[4,5],[1,9],[8,9],[3,9],[9,10],[5,9],[1,7],[7,8],[3,7],[7,10],[5,7]],[[1,5],[1,8],[3,8],[3,10],[5,10]],[[2,4],[2,9],[2,7],[4,6],[6,7],[6,9]],[[2,6]],[[4,7],[4,9],[7,9]]]
60|false|[2]|[[[1,2]],[[1,3],[1,7],[1,4],[1,6],[1,9],[2,3],[2,9],[2,6],[2,4],[2,7]],[[1,5],[1,8],[1,10],[2,5],[2,10],[2,8]],[[3,4],[6,7],[4,9],[3,6],[7,9]],[[3,5],[5,7],[4,5],[5,6],[5,9],[3,8],[7,8],[4,8],[6,8],[8,9],[3,10],[7,10],[4,10],[6,10],[9,10]],[[3,7],[4,7],[4,6],[6,9],[3,9]],[[5,8],[8,10],[5,10]]]
60|false|[2]|[[[1,2],[2,10],[2,8],[2,3],[2,4],[1,6],[6,10],[6,8],[3,6],[4,6]],[[1,3],[4,10],[1,8],[3,10],[4,8]],[[1,4],[1,10],[8,10],[3,8],[3,4]],[[1,5],[5,10],[5,8],[3,5],[4,5],[1,7],[7,10],[7,8],[3,7],[4,7],[1,9],[9,10],[8,9],[3,9],[4,9]],[[2,5],[2,7],[2,9],[5,6],[6,9],[6,7]],[[2,6]],[[5,7],[7,9],[5,9]]]
60|false|[2]|[[[1,2]],[[1,3],[1,8],[1,6],[1,4],[1,10]],[[1,5],[1,9],[1,7]],[[2,3],[2,8],[2,6],[2,4],[2,10]],[[2,5],[2,9],[2,7]],[[3,4],[8,10],[3,6],[4,8],[6,10]],[[3,5],[3,9],[3,7],[5,8],[8,9],[7,8],[5,6],[6,9],[6,7],[4,5],[4,9],[4,7],[5,10],[9,10],[7,10]],[[3,8],[6,8],[4,6],[4,10],[3,10]],[[5,7],[5,9],[7,9]]]
60|false|[2]|[[[1,2],[2,5],[2,10],[2,4],[2,8],[1,6],[5,6],[6,10],[4,6],[6,8]],[[1,3],[3,5],[3,10],[3,4],[3,8],[1,9],[5,9],[9,10],[4,9],[8,9],[1,7],[5,7],[7,10],[4,7],[7,8]],[[1,4],[5,8],[1,10],[4,5],[8,10]],[[1,5],[5,10],[4,10],[4,8],[1,8]],[[2,3],[2,9],[2,7],[3,6],[6,9],[6,7]],[[2,6]],[[3,7],[3,9],[7,9]]]
60|false|[2]|[[[1,2],[2,3],[2,8],[2,5],[2,4],[1,6],[5,6],[3,6],[4,6],[6,8]],[[1,3],[3,8],[5,8],[4,5],[1,4],[1,5],[3,5],[3,4],[4,8],[1,8]],[[1,7],[3,7],[7,8],[5,7],[4,7],[1,10],[3,10],[8,10],[5,10],[4,10],[1,9],[3,9],[8,9],[5,9],[4,9]],[[2,6]],[[2,7],[2,10],[2,9],[6,9],[6,10],[6,7]],[[7,9],[7,10],[9,10]]]
60|false|[2]|[[[1,2],[2,8],[6,8],[4,6],[1,4],[1,8],[4,8],[2,4],[2,6],[1,6]],[[1,3],[2,3],[3,8],[3,6],[3,4]],[[1,5],[2,5],[5,8],[5,6],[4,5],[1,7],[2,7],[7,8],[6,7],[4,7],[1,10],[2,10],[8,10],[6,10],[4,10]],[[1,9],[2,9],[8,9],[6,9],[4,9]],[[3,5],[3,7],[3,10]],[[3,9]],[[5,7],[7,10],[5,10]],[[5,9],[7,9],[9,10]]]
60|false|[2]|[[[1,2],[2,8],[2,5],[2,7],[2,3],[1,6],[6,8],[5,6],[6,7],[3,6]],[[1,3],[1,8],[5,8],[5,7],[3,7]],[[1,4],[4,8],[4,5],[4,7],[3,4],[1,10],[8,10],[5,10],[7,10],[3,10],[1,9],[8,9],[5,9],[7,9],[3,9]],[[1,5],[7,8],[3,5],[1,7],[3,8]],[[2,4],[2,10],[2,9],[4,6],[6,10],[6,9]],[[2,6]],[[4,9],[4,10],[9,10]]]
63|false|[3]|[[[1,2],[4,7],[1,9],[3,4],[6,9],[2,3],[6,7],[1,7],[3,6],[1,4],[2,6],[4,9],[2,7],[3,9],[1,3],[2,9],[1,6],[7,9],[4,6],[3,7],[2,4]],[[1,5],[4,5],[5,9],[3,5],[5,6],[2,5],[5,7],[1,10],[4,10],[9,10],[3,10],[6,10],[2,10],[7,10],[1,8],[4,8],[8,9],[3,8],[6,8],[2,8],[7,8]],[[5,8],[5,10],[8,10]]]
64|false|exact|[[[1,2],[2,5],[2,7],[2,4],[2,6],[2,9],[2,3],[2,8]],[[1,3],[5,8],[1,8],[3,5],[7,9],[4,6],[6,7],[4,9]],[[1,4],[5,7],[1,7],[4,5],[6,8],[3,9],[3,6],[8,9]],[[1,5],[4,7],[6,9],[3,8]],[[1,6],[5,9],[1,9],[5,6],[3,7],[4,8],[7,8],[3,4]],[[1,10],[5,10],[7,10],[4,10],[6,10],[9,10],[3,10],[8,10]],[[2,10]]]
64|false|exact|[[[1,2],[1,10],[1,3],[1,4],[1,5],[1,6],[1,8],[1,7]],[[1,9]],[[2,3],[4,10],[5,8],[6,7],[2,4],[3,10],[5,7],[6,8]],[[2,5],[6,10],[3,7],[4,8],[2,6],[5,10],[3,8],[4,7],[2,7],[8,10],[3,5],[4,6],[2,8],[7,10],[3,6],[4,5]],[[2,9],[9,10],[3,9],[4,9],[5,9],[6,9],[8,9],[7,9]],[[2,10],[3,4],[5,6],[7,8]]]
64|false|exact|[[[1,2],[1,3],[6,10],[7,10],[1,5],[1,4],[9,10],[8,10],[2,10],[3,10],[1,6],[1,7],[5,10],[4,10],[1,8],[1,9]],[[1,10]],[[2,3],[6,7],[4,5],[8,9]],[[2,4],[3,5],[2,5],[3,4],[6,9],[7,8],[6,8],[7,9]],[[2,6],[3,7],[2,7],[3,6],[5,9],[4,8],[5,8],[4,9]],[[2,8],[3,9],[2,9],[3,8],[5,6],[4,7],[4,6],[5,7]]]
64|false|exact|[[[1,2],[2,10],[3,6],[5,6],[2,9],[2,8],[4,6],[6,7],[1,6],[6,10],[2,3],[2,5],[6,8],[6,9],[2,4],[2,7]],[[1,3],[5,10],[1,5],[3,10],[4,9],[7,8],[7,9],[4,8]],[[1,4],[7,10],[1,7],[4,10],[3,8],[5,9],[3,9],[5,8]],[[1,8],[9,10],[1,9],[8,10],[3,4],[5,7],[3,7],[4,5]],[[1,10],[3,5],[8,9],[4,7]],[[2,6]]]
64|false|exact|[[[1,2],[2,10],[2,4],[2,9],[6,8],[6,7],[5,6],[3,6]],[[1,3],[5,10],[1,5],[3,10],[4,7],[8,9],[4,8],[7,9]],[[1,4],[9,10],[1,9],[4,10],[5,8],[3,7],[3,8],[5,7]],[[1,6],[6,10],[4,6],[6,9],[2,8],[2,7],[2,5],[2,3]],[[1,7],[8,10],[1,8],[7,10],[4,5],[3,9],[3,4],[5,9]],[[1,10],[4,9],[7,8],[3,5]],[[2,6]]]
64|false|exact|[[[1,2],[4,10],[7,8],[6,9],[1,4],[2,10],[8,9],[6,7]],[[1,3],[3,10],[3,4],[2,3],[5,8],[5,6],[5,9],[5,7],[1,5],[5,10],[2,5],[4,5],[3,9],[3,7],[3,6],[3,8]],[[1,6],[8,10],[4,7],[2,9],[1,8],[6,10],[4,9],[2,7],[1,7],[9,10],[2,8],[4,6],[1,9],[7,10],[2,6],[4,8]],[[1,10],[2,4],[6,8],[7,9]],[[3,5]]]
64|false|exact|[[[1,2],[2,3],[2,4],[2,8],[6,9],[5,6],[6,10],[6,7]],[[1,3],[4,8],[5,9],[7,10]],[[1,4],[3,8],[9,10],[5,7],[1,8],[3,4],[7,9],[5,10]],[[1,5],[3,9],[4,7],[8,10],[1,9],[3,5],[4,10],[7,8],[4,9],[5,8],[1,10],[3,7],[8,9],[4,5],[3,10],[1,7]],[[1,6],[3,6],[4,6],[6,8],[2,9],[2,5],[2,10],[2,7]],[[2,6]]]
64|false|exact|[[[1,2],[2,10],[2,5],[2,8],[6,9],[3,6],[4,6],[6,7],[1,6],[6,10],[6,8],[5,6],[2,4],[2,7],[2,3],[2,9]],[[1,3],[9,10],[1,9],[3,10],[4,5],[7,8],[5,7],[4,8],[5,9],[3,8],[8,9],[3,5],[4,10],[1,7],[1,4],[7,10]],[[1,5],[8,10],[1,8],[5,10],[4,9],[3,7],[7,9],[3,4]],[[1,10],[5,8],[3,9],[4,7]],[[2,6]]]
64|false|exact|[[[1,2],[4,10],[3,9],[5,7],[1,4],[2,10],[3,7],[5,9],[2,5],[3,4],[9,10],[1,7],[2,3],[4,5],[1,9],[7,10]],[[1,3],[5,10],[2,9],[4,7],[1,5],[3,10],[2,7],[4,9]],[[1,6],[6,10],[3,6],[5,6],[2,8],[4,8],[8,9],[7,8],[1,8],[8,10],[5,8],[3,8],[2,6],[4,6],[6,7],[6,9]],[[1,10],[3,5],[2,4],[7,9]],[[6,8]]]
64|false|exact|[[[1,2],[4,10],[6,7],[8,9],[1,4],[2,10],[6,9],[7,8],[4,6],[2,8],[1,9],[7,10],[4,8],[2,6],[9,10],[1,7]],[[1,3],[3,10],[3,6],[3,8],[3,4],[2,3],[3,9],[3,7],[1,5],[5,10],[5,8],[5,6],[4,5],[2,5],[5,7],[5,9]],[[1,6],[8,10],[4,9],[2,7],[1,8],[6,10],[4,7],[2,9]],[[1,10],[6,8],[2,4],[7,9]],[[3,5]]]
64|false|exact|[[[1,2],[4,10],[2,10],[1,4],[3,6],[5,8],[5,6],[3,8]],[[1,3],[5,10],[2,6],[4,8],[1,5],[3,10],[4,6],[2,8]],[[1,6],[8,10],[2,5],[3,4],[2,3],[4,5],[6,10],[1,8]],[[1,7],[7,10],[2,7],[4,7],[3,7],[5,7],[6,7],[7,8],[1,9],[9,10],[2,9],[4,9],[5,9],[3,9],[8,9],[6,9]],[[1,10],[2,4],[3,5],[6,8]],[[7,9]]]
64|false|exact|[[[1,2],[4,10]],[[1,3],[2,5],[5,10],[3,4],[1,5],[2,3],[3,10],[4,5]],[[1,4],[2,10]],[[1,6],[2,6],[1,8],[2,8],[1,9],[2,9],[1,7],[2,7],[8,10],[4,8],[6,10],[4,6],[7,10],[4,7],[9,10],[4,9]],[[1,10],[2,4]],[[3,5]],[[3,6],[5,6],[3,8],[5,8],[3,9],[5,9],[3,7],[5,7]],[[6,7],[8,9],[6,9],[7,8]],[[6,8],[7,9]]]
64|false|exact|[[[1,2],[2,10],[1,4],[4,10]],[[1,3],[3,10],[1,5],[5,10]],[[1,6],[1,8],[6,10],[8,10],[1,9],[1,7],[9,10],[7,10]],[[1,10]],[[2,3],[4,5],[2,5],[3,4]],[[2,4]],[[2,6],[2,8],[2,9],[2,7],[4,6],[4,8],[4,9],[4,7]],[[3,5]],[[3,6],[3,8],[3,9],[3,7],[5,6],[5,8],[5,9],[5,7]],[[6,7],[8,9],[6,9],[7,8]],[[6,8],[7,9]]]
64|false|exact|[[[1,2],[4,10],[1,4],[2,10],[3,7],[5,9],[3,9],[5,7],[1,9],[7,10],[9,10],[1,7],[3,4],[2,5],[4,5],[2,3]],[[1,3],[5,10],[4,9],[2,7]],[[1,5],[3,10],[2,9],[4,7]],[[1,6],[6,10],[3,6],[5,6],[6,9],[6,7],[4,6],[2,6],[1,8],[8,10],[3,8],[5,8],[8,9],[7,8],[4,8],[2,8]],[[1,10],[3,5],[7,9],[2,4]],[[6,8]]]
64|false|exact|[[[1,2],[4,10],[2,10],[1,4]],[[1,3],[5,10],[1,5],[3,10],[2,6],[4,8],[2,8],[4,6],[1,6],[8,10],[1,8],[6,10],[4,5],[2,3],[3,4],[2,5]],[[1,7],[7,10],[2,9],[4,9],[1,9],[9,10],[4,7],[2,7]],[[1,10],[2,4]],[[3,5],[6,8]],[[3,6],[5,8],[5,6],[3,8]],[[3,7],[5,7],[6,9],[8,9],[3,9],[5,9],[6,7],[7,8]],[[7,9]]]
64|false|exact|[[[1,2],[1,4],[2,10],[4,10],[1,5],[1,3],[5,10],[3,10]],[[1,6],[6,10],[1,8],[8,10],[1,7],[7,10],[1,9],[9,10]],[[1,10]],[[2,3],[4,5],[2,5],[3,4]],[[2,4],[3,5]],[[2,6],[4,6],[2,8],[4,8],[5,7],[3,7],[5,9],[3,9]],[[2,7],[4,7],[2,9],[4,9],[5,8],[3,8],[5,6],[3,6]],[[6,7],[8,9],[7,8],[6,9]],[[6,8],[7,9]]]
64|false|exact|[[[1,2],[1,4],[3,10],[5,10],[2,10],[4,10],[1,5],[1,3]],[[1,6],[6,10],[1,8],[8,10],[9,10],[1,9],[7,10],[1,7]],[[1,10]],[[2,3],[4,5],[2,5],[3,4]],[[2,4],[3,5]],[[2,6],[4,6],[3,6],[5,6],[2,8],[4,8],[3,8],[5,8],[2,9],[4,9],[5,9],[3,9],[2,7],[4,7],[5,7],[3,7]],[[6,7],[8,9],[6,9],[7,8]],[[6,8],[7,9]]]
64|false|exact|[[[1,2],[1,4],[1,9],[1,7],[3,10],[5,10],[6,10],[8,10]],[[1,3],[1,5],[1,6],[1,8],[7,10],[9,10],[2,10],[4,10]],[[1,10]],[[2,3],[4,5],[2,5],[3,4],[6,9],[7,8],[8,9],[6,7],[2,8],[4,6],[2,6],[4,8],[5,7],[3,9],[3,7],[5,9]],[[2,4],[7,9],[3,5],[6,8]],[[2,7],[4,9],[2,9],[4,7],[3,8],[5,6],[3,6],[5,8]]]
64|false|exact|[[[1,2],[4,10],[1,4],[2,10],[6,9],[7,8],[6,7],[8,9],[1,7],[9,10],[1,9],[7,10],[4,8],[2,6],[2,8],[4,6]],[[1,3],[3,10],[3,6],[3,8],[1,5],[5,10],[5,8],[5,6],[3,4],[2,3],[3,7],[3,9],[4,5],[2,5],[5,9],[5,7]],[[1,6],[8,10],[6,10],[1,8],[4,7],[2,9],[2,7],[4,9]],[[1,10],[6,8],[2,4],[7,9]],[[3,5]]]
64|false|exact|[[[1,2],[1,3],[1,4],[1,5],[2,10],[3,10],[4,10],[5,10],[1,6],[1,7],[1,8],[1,9],[6,10],[7,10],[8,10],[9,10]],[[1,10]],[[2,3],[4,5],[6,7],[8,9]],[[2,4],[3,5],[3,4],[2,5],[6,8],[7,9],[7,8],[6,9]],[[2,6],[3,7],[2,7],[3,6],[4,9],[5,8],[4,8],[5,9],[2,9],[3,8],[2,8],[3,9],[4,7],[5,6],[4,6],[5,7]]]
64|false|exact|[[[1,2],[2,10],[2,9],[2,4],[5,6],[3,6],[6,7],[6,8],[1,6],[6,10],[4,6],[6,9],[2,5],[2,3],[2,8],[2,7]],[[1,3],[5,10],[7,9],[4,8],[1,5],[3,10],[8,9],[4,7],[1,7],[8,10],[3,4],[5,9],[1,8],[7,10],[4,5],[3,9]],[[1,4],[9,10],[1,9],[4,10],[5,8],[3,7],[5,7],[3,8]],[[1,10],[4,9],[3,5],[7,8]],[[2,6]]]
64|false|exact|[[[1,2],[1,4],[1,9],[1,7],[1,3],[1,5],[1,6],[1,8],[2,10],[4,10],[7,10],[9,10],[3,10],[5,10],[8,10],[6,10]],[[1,10]],[[2,3],[4,5],[8,9],[6,7],[2,5],[3,4],[6,9],[7,8],[2,6],[4,8],[3,9],[5,7],[2,8],[4,6],[5,9],[3,7]],[[2,4],[7,9],[3,5],[6,8]],[[2,7],[4,9],[2,9],[4,7],[3,8],[5,6],[3,6],[5,8]]]
64|false|exact|[[[1,2],[2,9],[2,8],[2,7],[2,6],[2,5],[2,4],[2,3]],[[1,3],[4,9],[5,8],[6,7],[1,4],[3,9],[6,8],[5,7],[1,5],[6,9],[4,8],[3,7],[1,6],[5,9],[3,8],[4,7]],[[1,7],[8,9],[1,8],[7,9],[3,6],[4,5],[4,6],[3,5]],[[1,9],[7,8],[5,6],[3,4]],[[1,10],[9,10],[8,10],[7,10],[6,10],[5,10],[4,10],[3,10]],[[2,10]]]
64|false|exact|[[[1,2],[4,10],[1,4],[2,10],[6,7],[8,9],[6,9],[7,8]],[[1,3],[3,10],[3,4],[2,3],[5,6],[5,8],[5,9],[5,7],[1,5],[5,10],[2,5],[4,5],[3,7],[3,9],[3,6],[3,8]],[[1,6],[8,10],[1,8],[6,10],[4,7],[2,9],[4,9],[2,7],[1,7],[9,10],[1,9],[7,10],[2,8],[4,6],[2,6],[4,8]],[[1,10],[2,4],[6,8],[7,9]],[[3,5]]]
64|false|exact|[[[1,2],[5,8],[3,7],[4,6]],[[1,3],[2,7],[1,7],[2,3],[5,6],[4,8],[4,5],[6,8],[7,8],[3,5],[5,7],[3,8],[1,4],[2,6],[2,4],[1,6]],[[1,5],[2,8],[1,8],[2,5],[4,7],[3,6],[6,7],[3,4]],[[1,9],[2,9],[5,9],[8,9],[7,10],[3,10],[4,10],[6,10],[1,10],[2,10],[8,10],[5,10],[7,9],[3,9],[4,9],[6,9]],[[9,10]]]
64|false|exact|[[[1,2],[4,10],[1,4],[2,10],[7,8],[6,9],[8,9],[6,7],[4,6],[2,8],[4,8],[2,6],[1,9],[7,10],[9,10],[1,7]],[[1,3],[3,10],[3,8],[3,6],[3,4],[2,3],[3,9],[3,7],[1,5],[5,10],[5,8],[5,6],[4,5],[2,5],[5,7],[5,9]],[[1,6],[8,10],[1,8],[6,10],[4,7],[2,9],[4,9],[2,7]],[[1,10],[6,8],[2,4],[7,9]],[[3,5]]]
64|false|exact|[[[1,2],[1,3],[1,5],[1,4],[6,10],[7,10],[8,10],[9,10]],[[1,6],[1,7],[1,8],[1,9],[3,10],[2,10],[5,10],[4,10]],[[1,10]],[[2,3],[4,5],[6,7],[8,9]],[[2,4],[3,5],[2,5],[3,4],[6,9],[7,8],[6,8],[7,9]],[[2,6],[3,7],[2,7],[3,6],[5,8],[4,9],[5,9],[4,8],[2,8],[3,9],[2,9],[3,8],[5,6],[4,7],[5,7],[4,6]]]
64|false|exact|[[[1,2],[2,3],[2,4],[2,8],[5,6],[6,9],[6,10],[6,7]],[[1,3],[4,8],[5,9],[7,10]],[[1,4],[3,8],[1,8],[3,4],[5,10],[7,9],[5,7],[9,10]],[[1,5],[3,9],[1,9],[3,5],[4,10],[7,8],[4,7],[8,10],[4,5],[8,9],[5,8],[4,9],[3,10],[1,7],[1,10],[3,7]],[[1,6],[3,6],[4,6],[6,8],[2,5],[2,9],[2,10],[2,7]],[[2,6]]]
64|false|exact|[[[1,2],[2,9],[2,10],[2,5],[2,4],[2,3],[2,8],[2,7],[1,6],[6,9],[5,6],[6,10],[6,7],[6,8],[4,6],[3,6]],[[1,3],[4,9],[1,4],[3,9],[8,10],[5,7],[7,10],[5,8],[1,8],[7,9],[1,7],[8,9],[4,5],[3,10],[3,5],[4,10]],[[1,5],[9,10],[1,10],[5,9],[4,7],[3,8],[4,8],[3,7]],[[1,9],[5,10],[3,4],[7,8]],[[2,6]]]
64|false|exact|[[[1,2],[2,9],[2,6],[2,5],[2,8],[2,7],[2,4],[2,3]],[[1,3],[4,9],[1,4],[3,9],[6,7],[5,8],[6,8],[5,7],[8,9],[1,7],[1,8],[7,9],[4,5],[3,6],[4,6],[3,5]],[[1,5],[6,9],[1,6],[5,9],[3,8],[4,7],[4,8],[3,7]],[[1,9],[5,6],[7,8],[3,4]],[[1,10],[9,10],[6,10],[5,10],[8,10],[7,10],[4,10],[3,10]],[[2,10]]]
64|false|exact|[[[1,2],[1,3],[1,9],[1,4],[1,7],[1,6],[1,5],[1,8]],[[1,10]],[[2,3],[4,9],[6,7],[5,8]],[[2,4],[3,9],[2,9],[3,4],[7,8],[5,6],[5,7],[6,8]],[[2,5],[3,8],[2,8],[3,5],[7,9],[4,6],[6,9],[4,7],[2,7],[3,6],[2,6],[3,7],[5,9],[4,8],[8,9],[4,5]],[[2,10],[3,10],[9,10],[4,10],[7,10],[6,10],[5,10],[8,10]]]
64|false|exact|[[[1,2],[1,4],[2,10],[4,10],[1,5],[1,3],[5,10],[3,10]],[[1,6],[6,10],[1,8],[8,10],[1,7],[7,10],[1,9],[9,10]],[[1,10]],[[2,3],[4,5],[2,5],[3,4]],[[2,4],[3,5]],[[2,6],[4,6],[2,8],[4,8],[5,7],[3,7],[5,9],[3,9],[2,7],[4,7],[2,9],[4,9],[5,8],[3,8],[5,6],[3,6]],[[6,7],[8,9],[7,8],[6,9]],[[6,8],[7,9]]]
64|false|exact|[[[1,2],[4,10],[1,4],[2,10]],[[1,3],[3,10],[1,5],[5,10],[2,5],[4,5],[2,3],[3,4]],[[1,6],[1,8],[6,10],[8,10],[1,7],[1,9],[7,10],[9,10],[2,6],[2,8],[4,6],[4,8],[2,7],[2,9],[4,7],[4,9]],[[1,10],[2,4]],[[3,5]],[[3,6],[3,8],[5,7],[5,9],[5,6],[5,8],[3,7],[3,9]],[[6,7],[8,9],[6,9],[7,8]],[[6,8],[7,9]]]
64|false|exact|[[[1,2],[3,10],[1,3],[2,10],[4,10],[1,5],[5,10],[1,4]],[[1,6],[1,7],[9,10],[8,10],[6,10],[7,10],[1,9],[1,8]],[[1,10]],[[2,3],[4,5]],[[2,4],[3,5],[3,4],[2,5]],[[2,6],[2,7],[3,9],[3,8],[3,6],[3,7],[2,9],[2,8],[4,6],[4,7],[5,9],[5,8],[5,6],[5,7],[4,9],[4,8]],[[6,7],[8,9]],[[6,8],[7,9],[6,9],[7,8]]]
64|false|exact|[[[1,2],[2,10],[6,7],[6,8]],[[1,3],[3,10],[3,7],[3,8],[1,9],[9,10],[7,9],[8,9],[1,4],[4,10],[4,7],[4,8],[1,5],[5,10],[5,7],[5,8]],[[1,6],[6,10],[2,7],[2,8]],[[1,7],[8,10],[1,8],[7,10]],[[1,10],[7,8]],[[2,3],[3,6],[2,9],[6,9],[2,4],[4,6],[2,5],[5,6]],[[2,6]],[[3,4],[5,9],[4,9],[3,5]],[[3,9],[4,5]]]
64|false|exact|[[[1,2],[1,4],[2,10],[4,10],[1,5],[1,3],[5,10],[3,10]],[[1,6],[6,10],[1,8],[8,10],[1,9],[9,10],[1,7],[7,10]],[[1,10]],[[2,3],[4,5],[2,5],[3,4]],[[2,4],[3,5]],[[2,6],[4,6],[2,8],[4,8],[5,9],[3,9],[5,7],[3,7],[2,7],[4,7],[2,9],[4,9],[3,6],[5,6],[3,8],[5,8]],[[6,7],[8,9],[6,9],[7,8]],[[6,8],[7,9]]]
64|false|exact|[[[1,2],[1,4],[5,10],[3,10],[1,3],[1,5],[2,10],[4,10]],[[1,6],[1,8],[9,10],[7,10],[6,10],[8,10],[1,9],[1,7]],[[1,10]],[[2,3],[4,5],[2,5],[3,4]],[[2,4],[3,5]],[[2,6],[2,8],[4,6],[4,8],[5,9],[5,7],[3,9],[3,7],[3,6],[3,8],[5,6],[5,8],[2,9],[2,7],[4,9],[4,7]],[[6,7],[8,9],[6,9],[7,8]],[[6,8],[7,9]]]
64|false|exact|[[[1,2],[1,4],[1,7],[1,9],[2,10],[4,10],[9,10],[7,10]],[[1,3],[1,5],[1,6],[1,8],[3,10],[5,10],[6,10],[8,10]],[[1,10]],[[2,3],[2,5],[3,4],[4,5],[4,6],[4,8],[2,6],[2,8],[3,7],[5,7],[3,9],[5,9],[8,9],[6,9],[7,8],[6,7]],[[2,4],[7,9]],[[2,7],[4,9],[4,7],[2,9]],[[3,5],[6,8]],[[3,6],[5,8],[3,8],[5,6]]]
64|false|exact|[[[1,2],[4,10],[2,10],[1,4]],[[1,3],[3,10],[2,3],[3,4],[1,5],[5,10],[4,5],[2,5]],[[1,6],[1,8],[6,10],[8,10],[2,7],[2,9],[4,7],[4,9],[2,6],[2,8],[4,6],[4,8],[7,10],[9,10],[1,7],[1,9]],[[1,10],[2,4]],[[3,5]],[[3,6],[3,8],[3,7],[3,9],[5,6],[5,8],[5,7],[5,9]],[[6,7],[8,9],[6,9],[7,8]],[[6,8],[7,9]]]
64|false|exact|[[[1,2],[1,4],[5,10],[3,10],[2,10],[4,10],[1,3],[1,5]],[[1,6],[8,10],[1,8],[6,10],[1,9],[7,10],[1,7],[9,10]],[[1,10]],[[2,3],[4,5],[2,5],[3,4]],[[2,4],[3,5]],[[2,6],[4,6],[5,8],[3,8],[2,8],[4,8],[5,6],[3,6],[2,9],[4,9],[5,7],[3,7],[2,7],[4,7],[5,9],[3,9]],[[6,7],[8,9],[6,9],[7,8]],[[6,8],[7,9]]]
64|false|exact|[[[1,2],[6,7],[1,6],[2,7]],[[1,3],[3,7],[3,6],[2,3]],[[1,4],[1,5],[4,7],[5,7],[6,8],[6,9],[2,8],[2,9],[2,4],[2,5],[4,6],[5,6],[7,8],[7,9],[1,8],[1,9]],[[1,7],[2,6]],[[1,10],[7,10],[6,10],[2,10]],[[3,4],[3,5],[3,8],[3,9]],[[3,10]],[[4,5],[8,9]],[[4,8],[5,9],[4,9],[5,8]],[[4,10],[5,10],[8,10],[9,10]]]
64|false|exact|[[[1,2],[4,10],[2,10],[1,4],[5,8],[3,6],[3,8],[5,6]],[[1,3],[5,10],[1,5],[3,10],[2,6],[4,8],[2,8],[4,6]],[[1,6],[8,10],[1,8],[6,10],[2,5],[3,4],[2,3],[4,5]],[[1,7],[7,10],[2,7],[4,7],[5,9],[3,9],[8,9],[6,9],[1,9],[9,10],[2,9],[4,9],[5,7],[3,7],[7,8],[6,7]],[[1,10],[2,4],[3,5],[6,8]],[[7,9]]]
64|false|exact|[[[1,2],[4,10],[1,4],[2,10],[5,9],[3,7],[5,7],[3,9],[3,4],[2,5],[4,5],[2,3],[7,10],[1,9],[1,7],[9,10]],[[1,3],[5,10],[4,9],[2,7],[1,5],[3,10],[4,7],[2,9]],[[1,6],[6,10],[5,6],[3,6],[4,8],[2,8],[7,8],[8,9],[1,8],[8,10],[5,8],[3,8],[4,6],[2,6],[6,7],[6,9]],[[1,10],[3,5],[2,4],[7,9]],[[6,8]]]
64|false|exact|[[[1,2],[4,10],[5,9],[3,7],[1,4],[2,10],[5,7],[3,9],[2,5],[3,4],[7,10],[1,9],[2,3],[4,5],[1,7],[9,10]],[[1,3],[5,10],[2,9],[4,7],[1,5],[3,10],[2,7],[4,9]],[[1,6],[6,10],[5,6],[3,6],[2,8],[4,8],[7,8],[8,9],[1,8],[8,10],[3,8],[5,8],[6,7],[6,9],[4,6],[2,6]],[[1,10],[3,5],[2,4],[7,9]],[[6,8]]]
64|false|exact|[[[1,2],[1,3],[1,4],[1,5],[2,10],[3,10],[4,10],[5,10],[1,8],[1,9],[1,6],[1,7],[8,10],[9,10],[6,10],[7,10]],[[1,10]],[[2,3],[4,5],[8,9],[6,7]],[[2,4],[3,5],[3,4],[2,5],[6,8],[7,9],[6,9],[7,8]],[[2,6],[3,7],[2,7],[3,6],[4,8],[5,9],[4,9],[5,8],[2,8],[3,9],[2,9],[3,8],[4,7],[5,6],[4,6],[5,7]]]
64|false|exact|[[[1,2],[2,3],[2,4],[2,8],[6,10],[6,7],[5,6],[6,9]],[[1,3],[4,8],[7,10],[5,9]],[[1,4],[3,8],[3,4],[1,8],[5,10],[7,9],[5,7],[9,10]],[[1,5],[3,9],[1,9],[3,5],[4,7],[8,10],[4,10],[7,8],[1,10],[3,7],[1,7],[3,10],[8,9],[4,5],[5,8],[4,9]],[[1,6],[3,6],[4,6],[6,8],[2,10],[2,7],[2,5],[2,9]],[[2,6]]]
64|false|exact|[[[1,2],[4,10],[1,4],[2,10],[6,9],[7,8],[6,7],[8,9],[1,7],[9,10],[1,9],[7,10],[2,6],[4,8],[4,6],[2,8]],[[1,3],[3,10],[3,6],[3,8],[1,5],[5,10],[5,6],[5,8],[4,5],[2,5],[5,7],[5,9],[3,4],[2,3],[3,7],[3,9]],[[1,6],[8,10],[6,10],[1,8],[4,7],[2,9],[2,7],[4,9]],[[1,10],[6,8],[2,4],[7,9]],[[3,5]]]
64|false|exact|[[[1,2],[2,5],[2,3],[2,4],[2,6],[2,9],[2,8],[2,7]],[[1,3],[4,5],[3,5],[1,4],[6,8],[7,9],[8,9],[6,7]],[[1,5],[3,4],[6,9],[7,8]],[[1,6],[5,9],[1,9],[5,6],[3,7],[4,8],[3,8],[4,7],[1,7],[5,8],[1,8],[5,7],[3,9],[4,6],[3,6],[4,9]],[[1,10],[5,10],[3,10],[4,10],[6,10],[9,10],[8,10],[7,10]],[[2,10]]]
64|false|exact|[[[1,2],[4,10],[1,4],[2,10],[5,7],[3,9],[5,9],[3,7],[3,4],[2,5],[4,5],[2,3],[1,9],[7,10],[9,10],[1,7]],[[1,3],[5,10],[1,5],[3,10],[4,7],[2,9],[4,9],[2,7]],[[1,6],[6,10],[5,6],[3,6],[4,6],[2,6],[6,9],[6,7],[1,8],[8,10],[5,8],[3,8],[4,8],[2,8],[8,9],[7,8]],[[1,10],[3,5],[2,4],[7,9]],[[6,8]]]
64|false|exact|[[[1,2],[4,10],[1,4],[2,10]],[[1,3],[5,10],[1,5],[3,10],[4,6],[2,8],[4,8],[2,6],[1,6],[8,10],[1,8],[6,10],[2,3],[4,5],[2,5],[3,4]],[[1,7],[7,10],[4,7],[2,7],[1,9],[9,10],[4,9],[2,9]],[[1,10],[2,4]],[[3,5],[6,8]],[[3,6],[5,8],[3,8],[5,6]],[[3,7],[5,7],[6,7],[7,8],[3,9],[5,9],[6,9],[8,9]],[[7,9]]]
64|false|exact|[[[1,2],[4,10],[1,4],[2,10]],[[1,3],[1,5],[3,10],[5,10],[1,8],[1,6],[8,10],[6,10],[2,3],[2,5],[3,4],[4,5],[2,8],[2,6],[4,8],[4,6]],[[1,7],[7,10],[2,7],[4,7],[1,9],[9,10],[2,9],[4,9]],[[1,10],[2,4]],[[3,5],[6,8]],[[3,6],[5,8],[3,8],[5,6]],[[3,7],[5,7],[7,8],[6,7],[3,9],[5,9],[8,9],[6,9]],[[7,9]]]
64|false|exact|[[[1,2],[1,4],[2,10],[4,10],[1,3],[1,5],[3,10],[5,10]],[[1,6],[1,8],[7,10],[9,10],[6,10],[8,10],[1,7],[1,9]],[[1,10]],[[2,3],[4,5],[2,5],[3,4]],[[2,4],[3,5]],[[2,6],[4,6],[2,8],[4,8],[2,7],[4,7],[2,9],[4,9],[3,6],[5,6],[3,8],[5,8],[3,7],[5,7],[3,9],[5,9]],[[6,7],[8,9],[7,8],[6,9]],[[6,8],[7,9]]]
64|false|exact|[[[1,2],[4,10],[1,4],[2,10]],[[1,3],[5,10],[1,5],[3,10],[3,4],[2,5],[4,5],[2,3]],[[1,6],[1,8],[6,10],[8,10],[4,7],[4,9],[2,7],[2,9],[4,6],[4,8],[2,6],[2,8],[7,10],[9,10],[1,7],[1,9]],[[1,10],[2,4]],[[3,5]],[[3,6],[3,8],[5,6],[5,8],[3,7],[3,9],[5,7],[5,9]],[[6,7],[8,9],[6,9],[7,8]],[[6,8],[7,9]]]
64|false|exact|[[[1,2],[4,10],[1,4],[2,10],[5,7],[3,9],[5,9],[3,7]],[[1,3],[5,10],[4,9],[2,7],[1,5],[3,10],[4,7],[2,9],[4,5],[2,3],[1,9],[7,10],[2,5],[3,4],[9,10],[1,7]],[[1,6],[6,10],[4,6],[2,6],[5,8],[3,8],[8,9],[7,8],[1,8],[8,10],[4,8],[2,8],[6,9],[6,7],[3,6],[5,6]],[[1,10],[2,4],[3,5],[7,9]],[[6,8]]]
64|false|exact|[[[1,2],[2,9],[2,10],[2,5],[2,4],[2,3],[2,7],[2,8],[1,6],[6,9],[6,10],[5,6],[4,6],[3,6],[6,7],[6,8]],[[1,3],[4,9],[8,10],[5,7],[4,10],[3,5],[7,9],[1,8],[1,4],[3,9],[7,10],[5,8],[3,10],[4,5],[8,9],[1,7]],[[1,5],[9,10],[1,10],[5,9],[4,8],[3,7],[4,7],[3,8]],[[1,9],[5,10],[3,4],[7,8]],[[2,6]]]
72|false|[2]|[[[1,2],[3,9]],[[1,3],[2,9]],[[1,4],[4,9],[1,7],[7,9],[1,6],[6,9],[2,6],[3,6],[2,4],[3,4],[2,7],[3,7]],[[1,5],[1,10],[1,8],[5,9],[9,10],[8,9],[2,5],[2,10],[2,8],[3,5],[3,10],[3,8]],[[1,9],[2,3]],[[4,5],[4,10],[4,8],[5,7],[7,10],[7,8],[5,6],[6,10],[6,8]],[[4,6],[4,7],[6,7]],[[5,8],[5,10],[8,10]]]
72|false|[2]|[[[1,2],[2,4],[2,10],[1,6],[4,6],[6,10]],[[1,3],[1,8],[1,7],[3,4],[4,8],[4,7],[3,10],[8,10],[7,10]],[[1,4],[4,10],[1,10]],[[1,5],[4,5],[5,10],[1,9],[4,9],[9,10]],[[2,3],[2,8],[2,7],[3,6],[6,8],[6,7]],[[2,5],[5,6],[2,9],[6,9]],[[2,6]],[[3,5],[5,8],[5,7],[3,9],[8,9],[7,9]],[[3,7],[3,8],[7,8]],[[5,9]]]
72|false|[2]|[[[1,2]],[[1,3],[1,5],[1,7],[1,8],[1,4],[1,6]],[[1,9]],[[1,10]],[[2,3],[2,5],[2,7],[2,8],[2,4],[2,6]],[[2,9]],[[2,10]],[[3,4],[4,5],[4,7],[3,6],[5,6],[6,7],[3,8],[5,8],[7,8]],[[3,5],[5,7],[3,7],[4,8],[4,6],[6,8]],[[3,9],[5,9],[7,9],[8,9],[4,9],[6,9]],[[3,10],[5,10],[7,10],[8,10],[4,10],[6,10]],[[9,10]]]
72|false|[2]|[[[1,2],[6,10]],[[1,3],[1,9],[1,5],[7,10],[4,10],[8,10]],[[1,4],[1,7],[1,8],[5,10],[3,10],[9,10]],[[1,6],[2,10]],[[1,10]],[[2,3],[2,9],[2,5],[6,7],[4,6],[6,8]],[[2,4],[2,7],[2,8],[5,6],[3,6],[6,9]],[[2,6]],[[3,4],[3,7],[3,8],[4,9],[7,9],[8,9],[4,5],[5,7],[5,8]],[[3,5],[3,9],[5,9],[7,8],[4,7],[4,8]]]
72|false|[2]|[[[1,2],[2,9],[2,5],[2,4],[2,10],[2,7],[1,6],[6,9],[5,6],[4,6],[6,7],[6,10]],[[1,3],[3,9],[3,5],[3,4],[3,10],[3,7],[1,8],[8,9],[5,8],[4,8],[7,8],[8,10]],[[1,4],[4,9],[4,5],[1,10],[9,10],[5,10],[1,7],[7,9],[5,7]],[[1,5],[1,9],[5,9],[4,7],[4,10],[7,10]],[[2,3],[6,8]],[[2,6]],[[2,8],[3,6]],[[3,8]]]
72|false|[2]|[[[1,2],[1,3],[1,4],[5,10],[5,8],[5,6],[2,5],[3,5],[4,5],[1,8],[1,10],[1,6]],[[1,5]],[[1,7],[5,9]],[[1,9],[5,7]],[[2,3],[3,4],[2,4],[8,10],[6,8],[6,10]],[[2,6],[3,8],[4,10],[2,8],[3,10],[4,6],[2,10],[3,6],[4,8]],[[2,7],[3,7],[4,7],[9,10],[8,9],[6,9],[2,9],[3,9],[4,9],[7,8],[7,10],[6,7]],[[7,9]]]
72|false|[2]|[[[1,2],[2,4],[4,6],[1,6]],[[1,3],[1,8],[1,5],[4,10],[4,9],[4,7],[3,4],[4,8],[4,5],[1,9],[1,10],[1,7]],[[1,4]],[[2,3],[2,8],[2,5],[2,10],[2,9],[2,7],[3,6],[6,8],[5,6],[6,9],[6,10],[6,7]],[[2,6]],[[3,5],[3,8],[5,8],[7,10],[9,10],[7,9]],[[3,7],[3,9],[3,10],[7,8],[8,9],[8,10],[5,7],[5,9],[5,10]]]
72|false|[2]|[[[1,2]],[[1,3],[1,5],[1,7],[2,8],[2,4],[2,6]],[[1,4],[1,6],[1,8],[2,3],[2,5],[2,7]],[[1,9],[1,10],[2,9],[2,10]],[[3,4],[4,5],[4,7],[3,6],[5,6],[6,7],[3,8],[5,8],[7,8]],[[3,5],[5,7],[3,7],[4,8],[4,6],[6,8]],[[3,9],[5,9],[7,9],[3,10],[7,10],[5,10],[8,9],[4,9],[6,9],[8,10],[6,10],[4,10]],[[9,10]]]
72|false|[2]|[[[1,2],[3,6],[2,3],[1,6]],[[1,3]],[[1,4],[1,5],[1,10],[3,7],[3,8],[3,9],[3,4],[3,5],[3,10],[1,7],[1,9],[1,8]],[[2,4],[2,5],[2,10],[6,7],[6,8],[6,9]],[[2,6]],[[2,7],[2,8],[2,9],[5,6],[6,10],[4,6]],[[4,5],[5,10],[4,10],[7,8],[8,9],[7,9]],[[4,7],[5,8],[9,10],[4,8],[5,9],[7,10],[4,9],[5,7],[8,10]]]
72|false|[2]|[[[1,2],[2,6],[2,8],[1,3],[3,8],[3,6],[2,9],[2,5],[2,7],[3,9],[3,7],[3,5]],[[1,4],[4,6],[4,8],[4,9],[4,5],[4,7]],[[1,5],[5,6],[5,8],[1,7],[6,7],[7,8],[1,9],[6,9],[8,9]],[[1,6],[6,8],[1,8],[5,9],[5,7],[7,9]],[[1,10],[6,10],[8,10],[9,10],[5,10],[7,10]],[[2,3]],[[2,4],[3,4]],[[2,10],[3,10]],[[4,10]]]
72|false|[2]|[[[1,2],[2,6],[2,8],[1,3],[3,8],[3,6],[3,9],[3,5],[3,7],[2,9],[2,7],[2,5]],[[1,4],[4,6],[4,8],[4,9],[4,5],[4,7]],[[1,5],[5,6],[5,8],[1,7],[6,7],[7,8],[1,9],[6,9],[8,9]],[[1,6],[6,8],[1,8],[5,9],[5,7],[7,9]],[[1,10],[6,10],[8,10],[9,10],[5,10],[7,10]],[[2,3]],[[2,4],[3,4]],[[2,10],[3,10]],[[4,10]]]
72|false|[2]|[[[1,2],[2,9]],[[1,3],[1,5],[1,7],[8,9],[4,9],[6,9]],[[1,4],[1,6],[1,8],[3,9],[5,9],[7,9]],[[1,9]],[[1,10],[9,10]],[[2,3],[2,5],[2,7],[2,8],[2,4],[2,6]],[[2,10]],[[3,4],[4,5],[4,7],[3,6],[5,6],[6,7],[3,8],[5,8],[7,8]],[[3,5],[5,7],[3,7],[4,8],[4,6],[6,8]],[[3,10],[5,10],[7,10],[8,10],[4,10],[6,10]]]
72|false|[2]|[[[1,2],[1,8],[1,3],[4,5],[5,6],[5,10],[2,9],[8,9],[3,9],[4,7],[7,10],[6,7]],[[1,4],[1,10],[1,6],[2,5],[5,8],[3,5],[4,9],[6,9],[9,10],[2,7],[7,8],[3,7]],[[1,5],[7,9]],[[1,7],[5,9]],[[1,9],[5,7]],[[2,3],[2,8],[3,8],[4,10],[4,6],[6,10]],[[2,4],[2,10],[2,6],[4,8],[8,10],[6,8],[3,4],[3,10],[3,6]]]
72|false|[2]|[[[1,2],[1,4],[1,3],[9,10],[6,9],[8,9],[2,5],[3,5],[4,5],[7,8],[6,7],[7,10]],[[1,5],[7,9]],[[1,6],[1,8],[1,10],[3,9],[2,9],[4,9],[5,6],[5,10],[5,8],[4,7],[2,7],[3,7]],[[1,7],[5,9],[1,9],[5,7]],[[2,3],[2,4],[3,4],[8,10],[6,10],[6,8]],[[2,6],[4,8],[3,10],[2,8],[4,10],[3,6],[2,10],[4,6],[3,8]]]
72|false|[2]|[[[1,2],[1,3],[1,8],[4,5],[5,10],[5,6],[2,5],[5,8],[3,5],[1,4],[1,6],[1,10],[2,7],[7,8],[3,7],[4,9],[9,10],[6,9],[2,9],[3,9],[8,9],[4,7],[6,7],[7,10]],[[1,5],[7,9]],[[1,7],[5,7],[5,9],[1,9]],[[2,3],[3,8],[2,8],[4,10],[6,10],[4,6]],[[2,4],[3,10],[6,8],[2,6],[3,4],[8,10],[2,10],[3,6],[4,8]]]
72|false|[2]|[[[1,2],[6,7],[3,8],[4,8],[2,9],[5,6],[5,7],[3,4],[1,9],[1,4],[7,9],[3,5],[2,5],[4,6],[8,9],[7,8],[2,3],[1,6]],[[1,3],[1,7],[3,7],[6,8],[2,8],[2,6],[5,9],[4,5],[4,9],[1,5],[1,8],[5,8],[4,7],[2,7],[2,4],[3,9],[3,6],[6,9]],[[1,10],[7,10],[3,10],[8,10],[2,10],[6,10],[5,10],[4,10],[9,10]]]
72|false|[2]|[[[1,2],[1,10],[1,8],[2,9],[9,10],[8,9],[2,5],[5,10],[5,8],[2,7],[7,10],[7,8]],[[1,3],[1,6],[1,4],[3,9],[4,9],[6,9],[3,5],[5,6],[4,5],[3,7],[4,7],[6,7]],[[1,5],[7,9]],[[1,7],[5,9]],[[1,9],[5,7]],[[2,3],[3,10],[3,8],[2,6],[6,10],[6,8],[2,4],[4,10],[4,8]],[[2,8],[2,10],[8,10]],[[3,4],[3,6],[4,6]]]
72|false|[2]|[[[1,2],[1,4],[1,3],[2,5],[4,5],[3,5],[2,7],[4,7],[3,7],[2,9],[4,9],[3,9],[1,10],[1,8],[1,6],[5,10],[5,8],[5,6],[7,10],[7,8],[6,7],[9,10],[8,9],[6,9]],[[1,5],[7,9]],[[1,7],[5,9]],[[1,9],[5,7]],[[2,3],[2,4],[3,4],[6,10],[8,10],[6,8]],[[2,6],[4,10],[3,8],[2,10],[4,8],[3,6],[2,8],[4,6],[3,10]]]
72|false|[2]|[[[1,2],[2,10],[2,4],[1,6],[6,10],[4,6]],[[1,3],[1,8],[1,7],[3,10],[8,10],[7,10],[3,4],[4,8],[4,7]],[[1,4],[1,10],[4,10]],[[1,5],[5,10],[4,5],[1,9],[9,10],[4,9]],[[2,3],[2,8],[2,7],[3,6],[6,8],[6,7]],[[2,5],[6,9],[2,9],[5,6]],[[2,6]],[[3,5],[5,8],[5,7],[3,9],[8,9],[7,9]],[[3,7],[3,8],[7,8]],[[5,9]]]
72|false|[2]|[[[1,2],[2,7],[2,10],[2,5],[2,9],[2,3],[1,6],[6,7],[6,10],[5,6],[6,9],[3,6]],[[1,3],[7,9],[5,10],[1,9],[5,7],[3,10],[1,5],[3,7],[9,10]],[[1,4],[4,7],[4,10],[5,8],[8,9],[3,8],[1,8],[7,8],[8,10],[4,5],[4,9],[3,4]],[[1,7],[7,10],[1,10],[5,9],[3,9],[3,5]],[[2,4],[2,8],[4,6],[6,8]],[[2,6]],[[4,8]]]
72|false|[2]|[[[1,2],[6,8]],[[1,3],[1,9],[1,7],[3,8],[8,9],[7,8]],[[1,4],[1,10],[1,5],[4,8],[8,10],[5,8]],[[1,6],[2,8]],[[1,8]],[[2,3],[2,9],[2,7],[3,6],[6,9],[6,7]],[[2,4],[2,10],[2,5],[4,6],[6,10],[5,6]],[[2,6]],[[3,4],[3,10],[3,5],[4,9],[9,10],[5,9],[4,7],[7,10],[5,7]],[[3,7],[3,9],[7,9]],[[4,5],[4,10],[5,10]]]
72|false|[2]|[[[1,2]],[[1,3],[1,4],[1,10],[2,3],[2,4],[2,10]],[[1,5],[2,8],[1,8],[2,5]],[[1,6],[1,9],[1,7],[2,6],[2,9],[2,7]],[[3,4],[4,10],[3,10]],[[3,5],[4,5],[5,10],[3,8],[4,8],[8,10]],[[3,6],[4,9],[7,10],[3,7],[4,6],[9,10],[3,9],[4,7],[6,10]],[[5,6],[5,9],[5,7],[6,8],[8,9],[7,8]],[[5,8]],[[6,7],[6,9],[7,9]]]
72|false|[2]|[[[1,2],[1,10],[1,6],[2,3],[3,10],[3,6]],[[1,3]],[[1,4],[1,5],[3,4],[3,5]],[[1,7],[1,9],[1,8],[3,7],[3,8],[3,9]],[[2,4],[4,10],[4,6],[2,5],[5,6],[5,10]],[[2,6],[2,10],[6,10]],[[2,7],[9,10],[6,8],[2,8],[7,10],[6,9],[2,9],[8,10],[6,7]],[[4,5]],[[4,7],[4,9],[4,8],[5,7],[5,8],[5,9]],[[7,8],[7,9],[8,9]]]
72|false|[2]|[[[1,2],[2,10],[2,5],[1,6],[6,10],[5,6]],[[1,3],[7,10],[5,8],[1,7],[8,10],[3,5],[1,8],[3,10],[5,7]],[[1,4],[4,10],[4,5],[1,9],[9,10],[5,9]],[[1,5],[1,10],[5,10]],[[2,3],[2,7],[2,8],[3,6],[6,8],[6,7]],[[2,4],[2,9],[4,6],[6,9]],[[2,6]],[[3,4],[4,7],[4,8],[3,9],[7,9],[8,9]],[[3,7],[7,8],[3,8]],[[4,9]]]
72|false|[2]|[[[1,2],[1,6],[1,10],[2,3],[3,6],[3,10]],[[1,3]],[[1,4],[1,7],[1,5],[3,4],[3,5],[3,7]],[[1,8],[1,9],[3,8],[3,9]],[[2,4],[6,7],[5,10],[2,7],[5,6],[4,10],[2,5],[4,6],[7,10]],[[2,6],[6,10],[2,10]],[[2,8],[6,8],[8,10],[2,9],[6,9],[9,10]],[[4,5],[4,7],[5,7]],[[4,8],[7,8],[5,8],[4,9],[7,9],[5,9]],[[8,9]]]
72|false|[2]|[[[1,2],[1,4],[1,3],[9,10],[6,9],[8,9],[2,5],[4,5],[3,5],[7,10],[6,7],[7,8]],[[1,5],[7,9]],[[1,6],[1,8],[1,10],[3,9],[2,9],[4,9],[5,6],[5,8],[5,10],[3,7],[2,7],[4,7]],[[1,7],[5,9]],[[1,9],[5,7]],[[2,3],[2,4],[3,4],[8,10],[6,10],[6,8]],[[2,6],[4,8],[3,10],[2,8],[4,10],[3,6],[2,10],[4,6],[3,8]]]
72|false|[2]|[[[1,2],[1,3],[1,4],[7,10],[7,8],[6,7],[2,5],[3,5],[4,5],[9,10],[8,9],[6,9],[2,7],[4,7],[3,7],[1,8],[1,10],[1,6],[2,9],[4,9],[3,9],[5,8],[5,10],[5,6]],[[1,5],[7,9]],[[1,7],[5,9]],[[1,9],[5,7]],[[2,3],[3,4],[2,4],[8,10],[6,8],[6,10]],[[2,6],[3,10],[4,8],[2,8],[3,6],[4,10],[2,10],[3,8],[4,6]]]
72|false|[2]|[[[1,2],[6,10]],[[1,3],[1,9],[1,5],[1,7],[1,4],[1,8],[3,10],[9,10],[5,10],[7,10],[4,10],[8,10]],[[1,6],[2,10]],[[1,10]],[[2,3],[2,9],[2,5],[2,7],[2,4],[2,8],[3,6],[6,9],[5,6],[6,7],[4,6],[6,8]],[[2,6]],[[3,4],[8,9],[5,7],[3,8],[7,9],[4,5],[3,7],[4,9],[5,8]],[[3,5],[3,9],[5,9],[7,8],[4,7],[4,8]]]
72|false|[2]|[[[1,2],[2,10],[6,10],[1,6]],[[1,3],[1,8],[1,4],[5,10],[7,10],[9,10],[3,10],[8,10],[4,10],[1,5],[1,7],[1,9]],[[1,10]],[[2,3],[2,8],[2,4],[2,5],[2,7],[2,9],[3,6],[6,8],[4,6],[5,6],[6,7],[6,9]],[[2,6]],[[3,4],[3,8],[4,8],[5,9],[5,7],[7,9]],[[3,5],[8,9],[4,7],[3,9],[7,8],[4,5],[3,7],[5,8],[4,9]]]
72|false|[2]|[[[1,2],[6,8],[1,6],[2,8]],[[1,3],[1,5],[1,10],[7,8],[8,9],[4,8]],[[1,4],[1,7],[1,9],[5,8],[8,10],[3,8]],[[1,8]],[[2,3],[2,5],[2,10],[6,7],[6,9],[4,6],[3,6],[5,6],[6,10],[2,7],[2,9],[2,4]],[[2,6]],[[3,4],[3,7],[3,9],[4,5],[5,7],[5,9],[4,10],[7,10],[9,10]],[[3,5],[5,10],[3,10],[7,9],[4,9],[4,7]]]
72|false|[2]|[[[1,2],[2,8],[2,5],[4,6],[6,10],[6,7],[1,6],[5,6],[6,8],[2,4],[2,7],[2,10]],[[1,3],[3,8],[3,5],[1,9],[5,9],[8,9],[3,4],[3,10],[3,7],[4,9],[7,9],[9,10]],[[1,4],[1,10],[1,7],[4,8],[8,10],[7,8],[4,5],[5,10],[5,7]],[[1,5],[1,8],[5,8],[4,7],[4,10],[7,10]],[[2,3],[2,9],[3,6],[6,9]],[[2,6]],[[3,9]]]
72|false|[2]|[[[1,2],[2,4],[1,6],[4,6]],[[1,3],[1,8],[1,7],[3,4],[4,7],[4,8],[1,9],[1,10],[1,5],[4,9],[4,5],[4,10]],[[1,4]],[[2,3],[2,8],[2,7],[3,6],[6,8],[6,7],[2,9],[2,10],[2,5],[6,9],[6,10],[5,6]],[[2,6]],[[3,5],[5,8],[5,7],[3,9],[8,9],[7,9],[3,10],[8,10],[7,10]],[[3,7],[3,8],[7,8],[5,9],[9,10],[5,10]]]
72|false|[2]|[[[1,2],[1,6],[1,10],[2,7],[7,10],[6,7],[2,3],[3,6],[3,10],[2,8],[8,10],[6,8]],[[1,3],[7,8]],[[1,4],[1,5],[1,9],[4,7],[5,7],[7,9],[3,4],[3,5],[3,9],[4,8],[5,8],[8,9]],[[1,7],[3,8]],[[1,8],[3,7]],[[2,4],[2,5],[2,9],[4,6],[5,6],[6,9],[4,10],[5,10],[9,10]],[[2,6],[6,10],[2,10]],[[4,5],[5,9],[4,9]]]
72|false|[2]|[[[1,2],[1,10],[1,6],[2,7],[6,7],[7,10],[2,3],[3,10],[3,6],[2,8],[6,8],[8,10]],[[1,3],[7,8]],[[1,4],[1,5],[1,9],[4,7],[5,7],[7,9],[3,4],[3,5],[3,9],[4,8],[5,8],[8,9]],[[1,7],[3,8]],[[1,8],[3,7]],[[2,4],[2,5],[2,9],[4,10],[5,10],[9,10],[4,6],[5,6],[6,9]],[[2,6],[2,10],[6,10]],[[4,5],[5,9],[4,9]]]
72|false|[2]|[[[1,2],[2,9],[1,9]],[[1,3],[2,3],[3,9],[1,4],[2,4],[4,9],[1,5],[2,5],[5,9]],[[1,6],[2,6],[6,9]],[[1,7],[2,7],[7,9],[1,8],[8,9],[2,8]],[[1,10],[2,10],[9,10]],[[3,4],[4,5],[3,5]],[[3,6],[4,6],[5,6]],[[3,7],[3,8],[4,7],[4,8],[5,7],[5,8]],[[3,10],[4,10],[5,10]],[[6,7],[6,8]],[[6,10]],[[7,8]],[[7,10],[8,10]]]
72|false|[2]|[[[1,2],[1,9],[2,9],[6,7],[5,6],[5,7]],[[1,3],[3,9],[2,3],[6,8],[5,8],[7,8],[1,8],[8,9],[2,8],[3,6],[3,5],[3,7]],[[1,4],[4,9],[2,4],[4,6],[4,5],[4,7]],[[1,5],[6,9],[2,7],[1,7],[5,9],[2,6],[1,6],[7,9],[2,5]],[[1,10],[9,10],[2,10],[6,10],[5,10],[7,10]],[[3,4],[4,8]],[[3,8]],[[3,10],[8,10]],[[4,10]]]
72|false|[2]|[[[1,2],[1,4],[2,4],[6,7],[6,8],[7,8]],[[1,3],[3,4],[2,3],[1,5],[4,5],[2,5],[1,9],[4,9],[2,9],[6,9],[8,9],[7,9],[3,6],[3,8],[3,7],[5,6],[5,8],[5,7]],[[1,6],[4,7],[2,8],[1,7],[2,6],[4,8]],[[1,8],[4,6],[2,7]],[[1,10],[4,10],[2,10],[6,10],[8,10],[7,10]],[[3,5],[5,9],[3,9]],[[3,10],[5,10],[9,10]]]
72|false|[2]|[[[1,2],[2,9],[2,8],[2,10],[2,4],[2,5],[1,6],[6,9],[6,8],[6,10],[4,6],[5,6]],[[1,3],[3,9],[3,8],[7,10],[4,7],[5,7],[1,7],[7,9],[7,8],[3,10],[3,4],[3,5]],[[1,4],[9,10],[5,8],[1,10],[5,9],[4,8],[1,5],[4,9],[8,10]],[[1,8],[1,9],[8,9],[5,10],[4,10],[4,5]],[[2,3],[2,7],[6,7],[3,6]],[[2,6]],[[3,7]]]
72|false|[2]|[[[1,2]],[[1,3],[1,10],[1,7],[2,6],[2,9],[2,4],[2,3],[2,10],[2,7],[1,6],[1,9],[1,4]],[[1,5],[2,8]],[[1,8],[2,5]],[[3,4],[6,10],[7,9],[3,9],[4,10],[6,7],[3,6],[9,10],[4,7]],[[3,5],[5,10],[5,7],[6,8],[8,9],[4,8],[3,8],[8,10],[7,8],[5,6],[5,9],[4,5]],[[3,7],[3,10],[7,10],[4,6],[6,9],[4,9]],[[5,8]]]
72|false|[2]|[[[1,2],[6,8],[1,6],[2,8]],[[1,3],[1,5],[1,10],[4,8],[8,9],[7,8]],[[1,4],[1,9],[1,7],[5,8],[3,8],[8,10]],[[1,8]],[[2,3],[2,5],[2,10],[4,6],[6,9],[6,7],[3,6],[5,6],[6,10],[2,4],[2,9],[2,7]],[[2,6]],[[3,4],[4,5],[4,10],[3,9],[5,9],[9,10],[3,7],[5,7],[7,10]],[[3,5],[5,10],[3,10],[4,9],[7,9],[4,7]]]
72|false|[2]|[[[1,2],[2,5],[2,3],[1,4],[4,5],[3,4],[1,10],[5,10],[3,10]],[[1,3],[1,5],[3,5],[4,10],[2,10],[2,4]],[[1,6],[5,6],[3,6],[7,10],[2,7],[4,7],[1,8],[5,8],[3,8],[9,10],[2,9],[4,9]],[[1,7],[5,7],[3,7],[6,10],[2,6],[4,6],[1,9],[5,9],[3,9],[8,10],[2,8],[4,8]],[[6,7],[8,9]],[[6,8],[7,9]],[[6,9],[7,8]]]
72|false|[2]|[[[1,2],[1,3],[1,4],[2,5],[4,5],[3,5],[7,10],[7,8],[6,7],[9,10],[6,9],[8,9]],[[1,5],[7,9]],[[1,6],[1,8],[1,10],[5,6],[5,10],[5,8],[2,7],[3,7],[4,7],[2,9],[4,9],[3,9]],[[1,7],[5,9],[5,7],[1,9]],[[2,3],[3,4],[2,4],[8,10],[6,8],[6,10]],[[2,6],[3,8],[4,10],[2,8],[3,10],[4,6],[2,10],[3,6],[4,8]]]
72|false|[2]|[[[1,2],[1,6]],[[1,3],[1,5],[1,10],[1,9],[1,7],[1,8]],[[1,4]],[[2,3],[2,5],[2,10],[2,9],[2,7],[2,8],[3,6],[5,6],[6,10],[6,9],[6,7],[6,8]],[[2,4],[4,6]],[[2,6]],[[3,4],[4,5],[4,10],[4,9],[4,7],[4,8]],[[3,5],[5,10],[3,10],[7,9],[7,8],[8,9]],[[3,7],[5,7],[7,10],[3,8],[5,8],[8,10],[3,9],[5,9],[9,10]]]
72|false|[2]|[[[1,2],[1,6],[1,10],[2,3],[3,6],[3,10],[2,4],[4,6],[4,10]],[[1,3],[3,4],[1,4]],[[1,5],[1,9],[3,5],[3,9],[4,5],[4,9],[3,8],[3,7],[1,8],[1,7],[4,8],[4,7]],[[2,5],[2,9],[5,6],[6,9],[5,10],[9,10],[8,10],[7,10],[6,8],[6,7],[2,8],[2,7]],[[2,6],[6,10],[2,10]],[[5,7],[8,9],[5,8],[7,9]],[[5,9],[7,8]]]
72|false|[2]|[[[1,2],[2,3],[1,10],[3,10],[1,6],[3,6],[4,6],[6,9],[4,10],[9,10],[2,4],[2,9]],[[1,3],[4,9]],[[1,4],[3,9],[3,4],[1,9]],[[1,5],[3,5],[1,8],[3,8],[1,7],[3,7],[4,5],[5,9],[4,7],[7,9],[4,8],[8,9]],[[2,5],[8,10],[6,7],[2,8],[7,10],[5,6],[2,7],[5,10],[6,8]],[[2,6],[2,10],[6,10]],[[5,7],[5,8],[7,8]]]
72|false|[2]|[[[1,2],[4,5],[3,10],[1,4],[5,10],[2,3],[1,10],[2,5],[3,4]],[[1,3],[1,5],[3,5],[4,10],[2,10],[2,4]],[[1,6],[5,6],[3,6],[1,8],[5,8],[3,8],[9,10],[2,9],[4,9],[7,10],[2,7],[4,7]],[[1,7],[5,7],[3,7],[1,9],[5,9],[3,9],[6,10],[2,6],[4,6],[8,10],[2,8],[4,8]],[[6,7],[8,9],[6,9],[7,8]],[[6,8],[7,9]]]
72|false|[2]|[[[1,2],[3,4]],[[1,3],[2,4],[1,4],[2,3]],[[1,5],[2,5],[1,8],[2,8],[1,10],[2,10],[4,10],[3,10],[4,8],[3,8],[4,5],[3,5]],[[1,6],[1,9],[1,7],[2,6],[2,9],[2,7],[4,6],[4,9],[4,7],[3,6],[3,9],[3,7]],[[5,6],[5,9],[5,7],[6,8],[8,9],[7,8],[6,10],[9,10],[7,10]],[[5,8],[8,10],[5,10]],[[6,7],[6,9],[7,9]]]
72|false|[2,3]|[[[1,2],[2,5],[1,3],[3,5],[1,4],[4,5],[3,7],[3,9],[4,7],[4,9],[2,7],[2,9]],[[1,5],[7,9]],[[1,6],[5,6],[1,10],[5,10],[1,8],[5,8],[6,7],[6,9],[7,10],[9,10],[7,8],[8,9]],[[1,7],[5,9],[1,9],[5,7]],[[2,3],[3,4],[2,4]],[[2,6],[3,10],[4,8],[2,10],[3,8],[4,6],[2,8],[3,6],[4,10]],[[6,8],[6,10],[8,10]]]
72|false|[2]|[[[1,2],[2,3],[1,6],[3,6],[1,10],[3,10],[4,6],[6,9],[2,4],[2,9],[4,10],[9,10]],[[1,3],[4,9]],[[1,4],[3,9],[3,4],[1,9]],[[1,5],[3,5],[1,8],[3,8],[1,7],[3,7],[4,5],[5,9],[4,7],[7,9],[4,8],[8,9]],[[2,5],[5,6],[5,10],[2,8],[6,8],[8,10],[2,7],[6,7],[7,10]],[[2,6],[6,10],[2,10]],[[5,7],[5,8],[7,8]]]
72|false|[2]|[[[1,2],[1,6],[1,10],[2,3],[3,6],[3,10],[2,4],[4,6],[4,10],[2,9],[6,9],[9,10]],[[1,3],[4,9]],[[1,4],[3,9],[3,4],[1,9]],[[1,5],[3,5],[4,5],[5,9],[1,8],[3,8],[4,8],[8,9],[1,7],[3,7],[4,7],[7,9]],[[2,5],[5,6],[5,10],[2,8],[6,8],[8,10],[2,7],[6,7],[7,10]],[[2,6],[6,10],[2,10]],[[5,7],[5,8],[7,8]]]
72|false|[2]|[[[1,2],[2,7],[1,7],[3,6],[4,6],[3,4],[8,10],[5,8],[5,10],[1,3],[3,10],[1,10],[4,7],[4,5],[5,7],[2,6],[6,8],[2,8],[1,5],[5,6],[1,6],[2,4],[2,10],[4,10],[3,8],[3,7],[7,8],[1,4],[4,8],[1,8],[6,10],[7,10],[6,7],[2,5],[2,3],[3,5]],[[1,9],[2,9],[7,9],[3,9],[6,9],[4,9],[9,10],[8,9],[5,9]]]
72|false|[3]|[[[1,2],[2,7],[3,8],[3,5],[4,6],[4,9],[1,4],[4,7],[2,8],[2,5],[3,6],[3,9],[1,3],[3,7],[4,8],[4,5],[2,6],[2,9]],[[1,5],[5,7],[1,8],[7,8],[8,9],[5,9],[6,8],[5,6],[6,7],[7,9],[1,6],[1,9]],[[1,7],[5,8],[6,9]],[[1,10],[7,10],[8,10],[5,10],[6,10],[9,10]],[[2,3],[3,4],[2,4]],[[2,10],[3,10],[4,10]]]
72|false|[3]|[[[1,2],[6,7],[1,7],[2,6],[1,6],[2,7]],[[1,3],[2,3],[3,7],[3,6],[1,4],[2,4],[4,7],[4,6],[1,8],[2,8],[7,8],[6,8]],[[1,5],[2,5],[5,7],[5,6],[1,9],[2,9],[7,9],[6,9]],[[1,10],[2,10],[7,10],[6,10]],[[3,4],[4,8],[3,8]],[[3,5],[4,5],[5,8],[3,9],[4,9],[8,9]],[[3,10],[4,10],[8,10]],[[5,9]],[[5,10],[9,10]]]
72|false|[3]|[[[1,2],[2,7],[2,9],[2,5],[1,10],[9,10],[5,10],[7,10],[1,8],[5,8],[7,8],[8,9],[1,3],[3,7],[3,9],[3,5],[1,6],[6,9],[5,6],[6,7],[1,4],[4,5],[4,7],[4,9]],[[1,5],[7,9],[1,7],[5,9],[1,9],[5,7]],[[2,3],[6,10],[4,8]],[[2,4],[3,10],[6,8],[3,8],[2,6],[4,10]],[[2,8],[2,10],[8,10],[3,4],[3,6],[4,6]]]
72|false|[2]|[[[1,2],[1,10],[1,6],[2,5],[5,10],[5,6],[2,7],[7,10],[6,7],[2,3],[3,10],[3,6]],[[1,3],[5,7]],[[1,4],[1,8],[1,9],[4,5],[5,8],[5,9],[4,7],[7,8],[7,9],[3,4],[3,8],[3,9]],[[1,5],[3,7],[1,7],[3,5]],[[2,4],[8,10],[6,9],[2,9],[4,10],[6,8],[2,8],[9,10],[4,6]],[[2,6],[2,10],[6,10]],[[4,8],[8,9],[4,9]]]
72|false|[2]|[[[1,2],[1,8],[1,3],[2,9],[8,9],[3,9],[2,5],[5,8],[3,5],[2,7],[7,8],[3,7]],[[1,4],[1,6],[1,10],[4,9],[9,10],[6,9],[4,5],[5,10],[5,6],[4,7],[6,7],[7,10]],[[1,5],[7,9],[1,9],[5,7]],[[1,7],[5,9]],[[2,3],[2,8],[3,8]],[[2,4],[4,8],[3,4],[2,6],[6,8],[3,6],[2,10],[8,10],[3,10]],[[4,6],[6,10],[4,10]]]
72|false|[2]|[[[1,2],[1,4],[1,3],[2,7],[4,7],[3,7],[2,9],[4,9],[3,9],[2,5],[4,5],[3,5],[6,7],[7,10],[7,8],[5,6],[5,10],[5,8],[1,6],[1,10],[1,8],[6,9],[9,10],[8,9]],[[1,5],[7,9]],[[1,7],[5,9],[5,7],[1,9]],[[2,3],[2,4],[3,4],[6,8],[6,10],[8,10]],[[2,6],[4,8],[3,10],[2,8],[4,10],[3,6],[2,10],[4,6],[3,8]]]
72|false|[2]|[[[1,2],[1,4],[1,3],[2,5],[4,5],[3,5],[6,7],[7,10],[7,8],[6,9],[9,10],[8,9]],[[1,5],[7,9]],[[1,6],[1,8],[1,10],[5,6],[5,8],[5,10],[3,7],[4,7],[2,7],[3,9],[4,9],[2,9]],[[1,7],[5,7],[1,9],[5,9]],[[2,3],[2,4],[3,4],[6,8],[6,10],[8,10]],[[2,6],[4,8],[3,10],[2,8],[4,10],[3,6],[2,10],[4,6],[3,8]]]
72|false|[2]|[[[1,2],[1,10],[1,8],[2,9],[9,10],[8,9],[2,5],[5,8],[5,10],[2,7],[7,8],[7,10]],[[1,3],[1,6],[1,4],[3,9],[4,9],[6,9],[3,5],[5,6],[4,5],[3,7],[4,7],[6,7]],[[1,5],[7,9],[5,9],[1,7]],[[1,9],[5,7]],[[2,3],[3,10],[3,8],[2,6],[6,10],[6,8],[2,4],[4,10],[4,8]],[[2,8],[2,10],[8,10]],[[3,4],[3,6],[4,6]]]
72|false|[2]|[[[1,2],[2,5],[1,4],[4,5],[1,3],[3,5],[7,10],[9,10],[7,8],[8,9],[6,7],[6,9],[1,8],[5,8],[1,10],[5,10],[1,6],[5,6],[4,7],[4,9],[2,7],[2,9],[3,7],[3,9]],[[1,5],[7,9]],[[1,7],[5,9],[5,7],[1,9]],[[2,3],[2,4],[3,4],[6,10],[8,10],[6,8]],[[2,6],[4,8],[3,10],[2,8],[4,10],[3,6],[2,10],[4,6],[3,8]]]
72|false|[2]|[[[1,2],[3,5]],[[1,3],[2,5],[1,5],[2,3]],[[1,4],[1,7],[1,6],[5,9],[5,10],[5,8],[2,4],[2,7],[2,6],[3,9],[3,10],[3,8]],[[1,8],[1,9],[1,10],[4,5],[5,7],[5,6],[2,8],[2,9],[2,10],[3,4],[3,7],[3,6]],[[4,6],[4,7],[6,7],[8,9],[9,10],[8,10]],[[4,8],[7,9],[6,10],[4,9],[7,10],[6,8],[4,10],[7,8],[6,9]]]
72|false|[2]|[[[1,2],[1,3],[1,4],[5,10],[5,8],[5,6],[2,5],[3,5],[4,5],[1,10],[1,8],[1,6],[2,7],[4,7],[3,7],[8,9],[9,10],[6,9],[2,9],[4,9],[3,9],[7,8],[7,10],[6,7]],[[1,5],[7,9]],[[1,7],[5,7],[5,9],[1,9]],[[2,3],[3,4],[2,4],[8,10],[6,8],[6,10]],[[2,6],[3,10],[4,8],[2,10],[3,8],[4,6],[2,8],[3,6],[4,10]]]
72|false|[2]|[[[1,2],[1,4],[1,3],[2,9],[4,9],[3,9],[2,5],[3,5],[4,5],[2,7],[3,7],[4,7]],[[1,5],[5,9],[1,7],[7,9]],[[1,6],[1,8],[1,10],[6,9],[9,10],[8,9],[5,6],[5,8],[5,10],[6,7],[7,10],[7,8]],[[1,9],[5,7]],[[2,3],[2,4],[3,4]],[[2,6],[4,6],[3,6],[2,8],[4,8],[3,8],[2,10],[4,10],[3,10]],[[6,8],[8,10],[6,10]]]
72|false|[2]|[[[1,2],[1,4],[1,8],[2,5],[4,5],[5,8],[2,7],[4,7],[7,8],[2,9],[4,9],[8,9]],[[1,3],[3,5],[1,10],[5,10],[1,6],[5,6],[3,7],[3,9],[6,7],[6,9],[7,10],[9,10]],[[1,5],[7,9]],[[1,7],[5,9],[5,7],[1,9]],[[2,3],[3,4],[3,8],[2,10],[4,10],[8,10],[2,6],[4,6],[6,8]],[[2,4],[4,8],[2,8]],[[3,6],[3,10],[6,10]]]
72|false|[2]|[[[1,2],[1,3],[1,8],[2,5],[3,5],[5,8],[2,7],[3,7],[7,8],[2,9],[3,9],[8,9]],[[1,4],[1,6],[1,10],[4,5],[5,6],[5,10],[4,7],[6,7],[7,10],[4,9],[6,9],[9,10]],[[1,5],[7,9]],[[1,7],[5,9],[5,7],[1,9]],[[2,3],[3,8],[2,8]],[[2,4],[3,6],[8,10],[2,6],[3,10],[4,8],[2,10],[3,4],[6,8]],[[4,6],[6,10],[4,10]]]
72|false|[2]|[[[1,2],[1,3],[1,4],[2,5],[3,5],[4,5],[2,7],[3,7],[4,7],[2,9],[3,9],[4,9],[1,10],[1,6],[1,8],[5,10],[5,6],[5,8],[7,10],[6,7],[7,8],[9,10],[6,9],[8,9]],[[1,5],[7,9]],[[1,7],[5,9],[5,7],[1,9]],[[2,3],[3,4],[2,4],[6,10],[6,8],[8,10]],[[2,6],[3,6],[4,6],[2,8],[3,8],[4,8],[2,10],[3,10],[4,10]]]
72|false|[2]|[[[1,2],[2,3],[1,10],[3,10],[1,6],[3,6],[4,6],[6,9],[4,10],[9,10],[2,4],[2,9]],[[1,3],[4,9]],[[1,4],[3,9],[3,4],[1,9]],[[1,5],[3,5],[1,8],[3,8],[1,7],[3,7],[4,5],[5,9],[4,7],[7,9],[4,8],[8,9]],[[2,5],[5,10],[5,6],[2,8],[8,10],[6,8],[2,7],[7,10],[6,7]],[[2,6],[2,10],[6,10]],[[5,7],[5,8],[7,8]]]
72|false|[2]|[[[1,2],[2,5],[1,4],[4,5],[1,3],[3,5],[3,7],[3,9],[4,7],[4,9],[2,7],[2,9],[1,6],[5,6],[1,10],[5,10],[1,8],[5,8],[8,9],[7,8],[9,10],[7,10],[6,9],[6,7]],[[1,5],[7,9]],[[1,7],[5,9],[5,7],[1,9]],[[2,3],[2,4],[3,4],[6,8],[6,10],[8,10]],[[2,6],[4,6],[3,6],[2,10],[4,10],[3,10],[2,8],[4,8],[3,8]]]
72|false|[2]|[[[1,2],[1,6],[1,10],[2,9],[9,10],[6,9],[2,4],[4,10],[4,6],[2,3],[3,6],[3,10]],[[1,3],[4,9]],[[1,4],[3,9],[1,9],[3,4]],[[1,5],[1,7],[1,8],[5,9],[7,9],[8,9],[4,5],[4,7],[4,8],[3,5],[3,7],[3,8]],[[2,5],[2,7],[2,8],[5,6],[6,7],[6,8],[5,10],[7,10],[8,10]],[[2,6],[6,10],[2,10]],[[5,7],[7,8],[5,8]]]
72|false|[2]|[[[1,2],[1,3],[1,4],[5,10],[5,8],[5,6],[2,5],[3,5],[4,5],[1,10],[1,8],[1,6],[2,7],[3,7],[4,7],[9,10],[8,9],[6,9],[2,9],[3,9],[4,9],[7,10],[7,8],[6,7]],[[1,5],[7,9]],[[1,7],[5,7],[5,9],[1,9]],[[2,3],[3,4],[2,4],[8,10],[6,8],[6,10]],[[2,6],[3,10],[4,8],[2,10],[3,8],[4,6],[2,8],[3,6],[4,10]]]
72|false|exact|[[[1,2],[1,9],[2,9],[5,7],[5,8],[7,8],[3,4],[3,6],[4,6],[1,4],[1,8],[4,8],[5,6],[2,6],[2,5],[7,9],[3,7],[3,9],[1,3],[1,5],[3,5],[8,9],[6,8],[6,9],[4,7],[2,4],[2,7],[1,7],[1,6],[6,7],[2,8],[2,3],[3,8],[5,9],[4,9],[4,5]],[[1,10],[9,10],[2,10],[5,10],[8,10],[7,10],[3,10],[6,10],[4,10]]]
80|true|exact|[[[1,2],[1,3],[2,10],[3,10],[8,10],[1,8],[9,10],[1,9],[7,9],[7,8],[6,9],[6,8],[4,6],[4,7],[5,6],[5,7],[3,5],[3,4],[2,5],[2,4]],[[1,4],[1,5],[4,10],[5,10],[3,8],[2,8],[3,9],[2,9],[1,7],[7,10],[1,6],[6,10],[4,8],[4,9],[5,8],[5,9],[3,7],[3,6],[2,7],[2,6]],[[1,10],[8,9],[6,7],[4,5],[2,3]]]
80|false|[2]|[[[1,2],[1,8],[1,7],[1,3],[1,4],[2,5],[4,5],[3,5],[5,7],[5,8],[2,6],[6,7],[4,6],[6,8],[3,6],[2,9],[3,9],[8,9],[4,9],[7,9]],[[1,5],[6,9]],[[1,6],[5,9]],[[1,9],[5,6]],[[1,10],[5,10],[6,10],[9,10]],[[2,3],[4,8],[2,7],[3,8],[4,7],[2,8],[3,7],[2,4],[7,8],[3,4]],[[2,10],[8,10],[7,10],[3,10],[4,10]]]
80|false|[2]|[[[1,2],[8,9],[1,7],[2,8],[7,9],[1,9],[2,7],[1,8],[2,9],[7,8]],[[1,3],[3,8],[3,7],[2,3],[3,9],[1,4],[4,8],[4,7],[2,4],[4,9]],[[1,5],[1,6],[5,8],[6,8],[5,7],[6,7],[2,5],[2,6],[5,9],[6,9]],[[1,10],[8,10],[7,10],[2,10],[9,10]],[[3,4]],[[3,5],[3,6],[4,5],[4,6]],[[3,10],[4,10]],[[5,6]],[[5,10],[6,10]]]
80|false|[2]|[[[1,2],[4,8],[1,6],[2,8],[4,6],[1,8],[2,6],[1,4],[6,8],[2,4]],[[1,3],[3,8],[3,6],[2,3],[3,4],[1,7],[7,8],[6,7],[2,7],[4,7],[1,5],[5,8],[5,6],[2,5],[4,5],[1,9],[8,9],[6,9],[2,9],[4,9]],[[1,10],[8,10],[6,10],[2,10],[4,10]],[[3,5],[7,9],[5,7],[3,9]],[[3,7],[5,9]],[[3,10],[7,10],[5,10],[9,10]]]
80|false|[2]|[[[1,2],[1,6],[5,6],[5,9],[2,9],[1,5],[1,9],[6,9],[2,6],[2,5]],[[1,3],[1,4],[3,6],[4,6],[3,5],[4,5],[3,9],[4,9],[2,3],[2,4],[1,8],[1,7],[2,8],[2,7],[8,9],[7,9],[5,8],[5,7],[6,8],[6,7]],[[1,10],[6,10],[5,10],[9,10],[2,10]],[[3,4],[7,8]],[[3,7],[4,8],[3,8],[4,7]],[[3,10],[4,10],[8,10],[7,10]]]
80|false|[2]|[[[1,2],[2,6],[6,9],[5,9],[1,5],[1,9],[2,9],[2,5],[5,6],[1,6]],[[1,3],[2,3],[3,6],[3,9],[3,5],[1,4],[4,5],[4,9],[4,6],[2,4],[1,7],[7,9],[2,7],[5,7],[6,7],[1,8],[6,8],[5,8],[2,8],[8,9]],[[1,10],[2,10],[6,10],[9,10],[5,10]],[[3,4],[7,8]],[[3,7],[4,8],[4,7],[3,8]],[[3,10],[4,10],[7,10],[8,10]]]
80|false|[2]|[[[1,2],[7,9],[2,5],[1,7],[5,9],[1,9],[5,7],[2,9],[1,5],[2,7]],[[1,3],[3,9],[2,3],[3,7],[3,5],[1,6],[6,9],[2,6],[6,7],[5,6],[1,8],[7,8],[8,9],[5,8],[2,8],[1,4],[4,7],[4,9],[4,5],[2,4]],[[1,10],[9,10],[2,10],[7,10],[5,10]],[[3,4],[6,8],[3,8],[4,6]],[[3,6],[4,8]],[[3,10],[6,10],[8,10],[4,10]]]
80|false|[2]|[[[1,2],[6,9],[1,5],[2,6],[5,9]],[[1,3],[3,6],[3,5],[2,3],[3,9],[1,7],[6,7],[5,7],[2,7],[7,9],[1,8],[6,8],[5,8],[2,8],[8,9],[1,4],[4,6],[4,5],[2,4],[4,9]],[[1,6],[5,6],[2,5],[2,9],[1,9]],[[1,10],[6,10],[5,10],[2,10],[9,10]],[[3,4],[7,8]],[[3,7],[4,8],[3,8],[4,7]],[[3,10],[7,10],[8,10],[4,10]]]
81|false|exact|[[[1,2],[2,10],[1,10],[6,8],[6,7],[7,8],[3,5],[3,4],[4,5]],[[1,3],[2,4],[5,10],[8,10],[1,6],[2,7],[5,7],[3,8],[4,6],[1,4],[2,5],[3,10],[7,10],[1,8],[2,6],[3,6],[4,7],[5,8],[1,5],[2,3],[4,10],[6,10],[1,7],[2,8],[4,8],[5,6],[3,7]],[[1,9],[2,9],[9,10],[8,9],[6,9],[7,9],[5,9],[3,9],[4,9]]]
84|false|[2]|[[[1,2],[1,6],[1,10],[2,7],[6,7],[7,10],[2,5],[5,6],[5,10],[2,4],[4,6],[4,10],[2,8],[6,8],[8,10],[2,9],[6,9],[9,10],[2,3],[3,6],[3,10]],[[1,3],[1,7],[5,7],[4,5],[4,8],[8,9],[3,9]],[[1,4],[7,8],[5,9],[3,4],[1,8],[7,9],[3,5]],[[1,5],[4,7],[5,8],[4,9],[3,8],[1,9],[3,7]],[[2,6],[6,10],[2,10]]]
84|false|[2]|[[[1,2],[1,6]],[[1,3],[1,4],[1,10],[1,5],[1,7],[1,9],[1,8]],[[2,3],[2,4],[2,10],[2,5],[2,7],[2,9],[2,8],[3,6],[5,6],[6,8],[6,10],[6,9],[4,6],[6,7]],[[2,6]],[[3,4],[4,10],[5,10],[5,7],[7,9],[8,9],[3,8],[3,10],[7,10],[7,8],[4,8],[4,5],[5,9],[3,9],[3,7],[4,7],[4,9],[9,10],[8,10],[5,8],[3,5]]]
96|false|[2]|[[[1,2],[2,9],[2,4],[2,3]],[[1,3],[4,9]],[[1,4],[3,9]],[[1,5],[7,9],[1,10],[8,9],[1,8],[9,10],[1,7],[5,9],[4,8],[3,5],[4,10],[3,7],[4,7],[3,10],[4,5],[3,8]],[[1,6],[6,9],[4,6],[3,6]],[[1,9],[3,4]],[[2,5],[2,7],[2,10],[2,8]],[[2,6]],[[5,6],[6,7],[6,10],[6,8]],[[5,7],[8,10],[5,10],[7,8],[5,8],[7,10]]]
96|false|[2]|[[[1,2],[4,10],[1,4],[2,10],[1,8],[6,10],[8,10],[1,6],[2,8],[4,6],[2,6],[4,8]],[[1,3],[3,10],[3,8],[3,6],[2,3],[3,4],[1,7],[7,10],[7,8],[6,7],[2,7],[4,7],[1,5],[5,10],[5,8],[5,6],[2,5],[4,5],[1,9],[9,10],[8,9],[6,9],[2,9],[4,9]],[[1,10],[6,8],[2,4]],[[3,5],[7,9]],[[3,7],[5,9]],[[3,9],[5,7]]]
96|false|[2]|[[[1,2],[3,10],[1,3],[2,10],[1,4],[5,10],[4,10],[1,5],[2,4],[3,5],[2,5],[3,4]],[[1,6],[6,10],[4,6],[5,6],[2,6],[3,6],[1,7],[7,10],[4,7],[5,7],[2,7],[3,7],[1,9],[9,10],[4,9],[5,9],[2,9],[3,9],[1,8],[8,10],[4,8],[5,8],[2,8],[3,8]],[[1,10],[4,5],[2,3]],[[6,7],[8,9]],[[6,8],[7,9]],[[6,9],[7,8]]]
96|false|[2]|[[[1,2],[2,10],[1,4],[4,10],[6,10],[8,10],[1,6],[1,8],[4,8],[2,8],[4,6],[2,6]],[[1,3],[3,10],[3,6],[3,8],[3,4],[2,3],[1,7],[7,10],[4,7],[2,7],[6,7],[7,8],[1,9],[9,10],[8,9],[6,9],[4,9],[2,9],[1,5],[5,10],[4,5],[2,5],[5,8],[5,6]],[[1,10],[6,8],[2,4]],[[3,5],[7,9]],[[3,7],[5,9]],[[3,9],[5,7]]]
96|false|[2]|[[[1,2],[4,10]],[[1,3],[1,5],[1,6],[1,8],[1,7],[1,9],[3,10],[5,10],[9,10],[7,10],[8,10],[6,10],[3,4],[4,5],[4,6],[4,8],[4,7],[4,9],[2,3],[2,5],[2,9],[2,7],[2,8],[2,6]],[[1,4],[2,10]],[[1,10],[2,4]],[[3,5],[6,8],[7,9]],[[3,6],[5,6],[3,8],[5,8],[6,7],[7,8],[6,9],[8,9],[3,7],[3,9],[5,7],[5,9]]]
96|false|[2]|[[[1,2],[2,10],[1,4],[4,10],[8,10],[6,10],[1,8],[1,6],[4,6],[2,6],[4,8],[2,8]],[[1,3],[3,10],[3,8],[3,6],[3,4],[2,3],[1,9],[9,10],[6,9],[8,9],[4,9],[2,9],[1,7],[7,10],[7,8],[6,7],[4,7],[2,7],[1,5],[5,10],[5,6],[5,8],[4,5],[2,5]],[[1,10],[6,8],[2,4]],[[3,5],[7,9]],[[3,7],[5,9]],[[3,9],[5,7]]]
96|false|[2]|[[[1,2],[5,6]],[[1,3],[1,7],[1,4],[1,8],[3,5],[5,7],[4,5],[5,8],[3,6],[6,7],[4,6],[6,8],[2,3],[2,7],[2,4],[2,8]],[[1,5],[2,6]],[[1,6],[2,5]],[[1,9],[1,10],[5,9],[5,10],[6,9],[6,10],[2,9],[2,10]],[[3,4],[7,8],[3,7],[4,8],[3,8],[4,7]],[[3,9],[7,9],[4,9],[8,9],[3,10],[8,10],[4,10],[7,10]],[[9,10]]]
96|false|[2]|[[[1,2],[2,5],[2,3],[2,10],[1,6],[6,10],[3,6],[5,6]],[[1,3],[5,10],[1,10],[3,5],[1,5],[3,10]],[[1,4],[5,9],[3,9],[4,10],[1,9],[4,5],[3,4],[9,10],[1,7],[8,10],[3,8],[5,7],[1,8],[7,10],[3,7],[5,8]],[[2,4],[2,9],[2,7],[2,8],[4,6],[6,9],[6,7],[6,8]],[[2,6]],[[4,7],[8,9]],[[4,8],[7,9]],[[4,9],[7,8]]]
96|false|[2]|[[[1,2],[2,9],[2,4],[2,5],[1,6],[5,6],[4,6],[6,9]],[[1,3],[3,9],[3,4],[3,5],[1,10],[5,10],[4,10],[9,10],[1,8],[5,8],[4,8],[8,9],[1,7],[7,9],[4,7],[5,7]],[[1,4],[5,9],[1,9],[4,5],[1,5],[4,9]],[[2,3],[2,10],[6,8],[6,7]],[[2,6]],[[2,7],[2,8],[6,10],[3,6]],[[3,7],[8,10]],[[3,8],[7,10]],[[3,10],[7,8]]]
96|false|[2]|[[[1,2],[2,10],[1,6],[6,10],[6,7],[3,6],[2,7],[2,3]],[[1,3],[7,10]],[[1,4],[1,5],[1,9],[1,8],[4,10],[5,10],[8,10],[9,10],[4,7],[5,7],[7,8],[7,9],[3,4],[3,5],[3,9],[3,8]],[[1,7],[3,10]],[[1,10],[3,7]],[[2,4],[2,5],[2,9],[2,8],[4,6],[5,6],[6,9],[6,8]],[[2,6]],[[4,5],[8,9],[4,8],[5,9],[4,9],[5,8]]]
96|false|[2]|[[[1,2]],[[1,3],[1,7],[1,4],[1,10],[2,3],[2,10],[2,4],[2,7]],[[1,5],[2,5],[1,8],[2,8]],[[1,6],[2,6],[1,9],[2,9]],[[3,4],[7,10],[3,7],[4,10],[3,10],[4,7]],[[3,5],[5,7],[4,5],[5,10],[3,8],[7,8],[4,8],[8,10]],[[3,6],[6,7],[4,6],[6,10],[3,9],[7,9],[4,9],[9,10]],[[5,6],[8,9],[5,9],[6,8]],[[5,8]],[[6,9]]]
96|false|[2]|[[[1,2],[2,7],[2,5],[2,9],[1,3],[3,7],[3,5],[3,9]],[[1,4],[4,7],[4,5],[4,9],[1,6],[6,7],[5,6],[6,9]],[[1,5],[7,9],[1,7],[5,9],[1,9],[5,7]],[[1,8],[7,8],[5,8],[8,9],[1,10],[7,10],[5,10],[9,10]],[[2,3]],[[2,4],[2,6],[3,4],[3,6]],[[2,8],[2,10],[3,10],[3,8]],[[4,6]],[[4,8],[6,10],[4,10],[6,8]],[[8,10]]]
96|false|[2]|[[[1,2],[2,4],[1,6],[4,6]],[[1,3],[1,8],[1,7],[1,5],[3,4],[4,7],[4,8],[4,5]],[[1,4]],[[1,9],[4,9],[1,10],[4,10]],[[2,3],[2,8],[2,7],[2,5],[3,6],[6,8],[6,7],[5,6]],[[2,6]],[[2,9],[6,9],[2,10],[6,10]],[[3,5],[7,8],[3,7],[5,8],[3,8],[5,7]],[[3,9],[8,9],[7,9],[5,9],[3,10],[8,10],[7,10],[5,10]],[[9,10]]]
96|false|[2]|[[[1,2],[1,6],[2,4],[4,6]],[[1,3],[1,5],[1,7],[1,8],[3,4],[4,5],[4,8],[4,7]],[[1,4]],[[1,9],[4,9],[1,10],[4,10]],[[2,3],[2,5],[2,7],[2,8],[3,6],[5,6],[6,8],[6,7]],[[2,6]],[[2,9],[6,9],[2,10],[6,10]],[[3,5],[7,8],[3,8],[5,7],[3,7],[5,8]],[[3,9],[5,9],[7,9],[8,9],[3,10],[5,10],[7,10],[8,10]],[[9,10]]]
96|false|[2]|[[[1,2],[2,8],[1,6],[6,8]],[[1,3],[7,8],[1,10],[4,8],[1,4],[8,10],[1,7],[3,8]],[[1,5],[8,9]],[[1,8]],[[1,9],[5,8]],[[2,3],[2,7],[2,10],[2,4],[3,6],[6,7],[6,10],[4,6]],[[2,5],[2,9],[5,6],[6,9]],[[2,6]],[[3,4],[7,10],[3,10],[4,7],[3,7],[4,10]],[[3,5],[7,9],[5,10],[4,9],[4,5],[9,10],[5,7],[3,9]],[[5,9]]]
96|false|[2]|[[[1,2],[1,4],[2,10],[4,10]],[[1,3],[1,5],[1,6],[1,8],[1,7],[1,9],[3,10],[5,10],[6,10],[8,10],[9,10],[7,10]],[[1,10]],[[2,3],[2,5],[2,6],[2,8],[2,7],[2,9],[3,4],[4,5],[4,7],[4,9],[4,6],[4,8]],[[2,4]],[[3,5],[6,8],[7,9]],[[3,6],[5,6],[3,8],[5,8],[6,7],[7,8],[6,9],[8,9],[3,7],[3,9],[5,7],[5,9]]]
96|false|[2]|[[[1,2],[4,10],[1,4],[2,10],[2,9],[4,7],[2,7],[4,9],[1,9],[7,10],[9,10],[1,7]],[[1,3],[3,10],[2,3],[3,4],[3,9],[3,7],[1,5],[5,10],[2,5],[4,5],[5,9],[5,7]],[[1,6],[6,10],[2,6],[4,6],[6,9],[6,7],[1,8],[8,10],[2,8],[4,8],[8,9],[7,8]],[[1,10],[2,4],[7,9]],[[3,5]],[[3,6],[5,6],[3,8],[5,8]],[[6,8]]]
96|false|[2]|[[[1,2],[1,4],[2,10],[4,10],[2,9],[2,7],[4,9],[4,7],[1,9],[9,10],[1,7],[7,10]],[[1,3],[3,10],[2,3],[3,4],[3,9],[3,7],[1,5],[5,10],[2,5],[4,5],[5,9],[5,7]],[[1,6],[6,10],[2,6],[4,6],[6,9],[6,7],[1,8],[8,10],[2,8],[4,8],[8,9],[7,8]],[[1,10],[2,4],[7,9]],[[3,5]],[[3,6],[5,6],[3,8],[5,8]],[[6,8]]]
96|false|[2]|[[[1,2],[2,9],[2,7],[2,10],[2,3],[2,5],[1,6],[6,9],[6,7],[6,10],[3,6],[5,6]],[[1,3],[5,9],[1,5],[3,9],[1,7],[9,10],[7,9],[1,10],[3,7],[5,10],[3,10],[5,7]],[[1,4],[4,9],[4,7],[4,10],[3,4],[4,5],[1,8],[8,9],[3,8],[5,8],[8,10],[7,8]],[[1,9],[7,10],[3,5]],[[2,4],[2,8],[6,8],[4,6]],[[2,6]],[[4,8]]]
96|false|[2]|[[[1,2],[4,10]],[[1,3],[1,5],[1,8],[1,6],[1,9],[1,7],[3,10],[5,10],[8,10],[6,10],[9,10],[7,10]],[[1,4],[2,10]],[[1,10]],[[2,3],[2,5],[2,8],[2,6],[2,9],[2,7],[3,4],[4,5],[4,8],[4,6],[4,9],[4,7]],[[2,4]],[[3,5],[6,8],[7,9]],[[3,6],[5,6],[3,8],[5,8],[7,8],[6,7],[8,9],[6,9],[5,9],[5,7],[3,9],[3,7]]]
96|false|[2]|[[[1,2],[1,3],[2,10],[3,10]],[[1,4],[1,5],[1,8],[1,9],[1,6],[1,7],[4,10],[5,10],[9,10],[8,10],[6,10],[7,10]],[[1,10]],[[2,3]],[[2,4],[2,5],[2,8],[2,9],[2,6],[2,7],[3,4],[3,5],[3,9],[3,8],[3,6],[3,7]],[[4,5],[8,9],[6,7]],[[4,6],[4,7],[5,6],[5,7],[4,8],[5,8],[4,9],[5,9],[6,8],[6,9],[7,8],[7,9]]]
96|false|[2]|[[[1,2],[1,4],[1,5],[1,3],[1,7],[1,9],[2,10],[4,10],[7,10],[9,10],[5,10],[3,10]],[[1,6],[6,10],[8,10],[1,8]],[[1,10]],[[2,3],[4,5],[2,5],[3,4],[5,9],[3,7],[5,7],[3,9],[4,7],[2,9],[2,7],[4,9]],[[2,4],[3,5],[7,9]],[[2,6],[4,6],[5,6],[3,6],[6,7],[6,9],[2,8],[4,8],[5,8],[3,8],[8,9],[7,8]],[[6,8]]]
96|false|[2]|[[[1,2],[2,5],[2,7],[2,10],[2,4],[2,8],[1,6],[5,6],[6,8],[4,6],[6,7],[6,10]],[[1,3],[1,9],[3,5],[5,9],[3,7],[7,9],[3,10],[9,10],[3,4],[4,9],[3,8],[8,9]],[[1,4],[4,5],[1,8],[5,8],[1,7],[1,10],[5,7],[5,10],[4,7],[7,8],[4,10],[8,10]],[[1,5],[7,10],[4,8]],[[2,3],[2,9],[3,6],[6,9]],[[2,6]],[[3,9]]]
96|false|[2]|[[[1,2],[4,10],[1,4],[2,10]],[[1,3],[1,5],[1,8],[1,6],[1,7],[1,9],[3,10],[5,10],[7,10],[9,10],[8,10],[6,10]],[[1,10]],[[2,3],[2,5],[2,8],[2,6],[2,7],[2,9],[3,4],[4,5],[4,7],[4,9],[4,8],[4,6]],[[2,4]],[[3,5],[6,8],[7,9]],[[3,6],[5,6],[3,8],[5,8],[8,9],[6,9],[7,8],[6,7],[5,7],[5,9],[3,7],[3,9]]]
96|false|[2]|[[[1,2],[1,9],[1,6],[1,5],[2,7],[7,9],[6,7],[5,7]],[[1,3],[3,7]],[[1,4],[7,8],[1,8],[4,7]],[[1,7]],[[1,10],[7,10]],[[2,3],[3,9],[3,6],[3,5]],[[2,4],[4,9],[4,6],[4,5],[2,8],[8,9],[6,8],[5,8]],[[2,5],[6,9],[2,9],[5,6],[2,6],[5,9]],[[2,10],[9,10],[6,10],[5,10]],[[3,4],[3,8]],[[3,10]],[[4,8]],[[4,10],[8,10]]]
96|false|[2]|[[[1,2],[2,9],[1,7],[7,9],[2,6],[6,7],[2,5],[5,7],[1,6],[1,5],[6,9],[5,9]],[[1,3],[3,9],[2,3],[3,7],[3,6],[3,5]],[[1,4],[4,9],[2,4],[4,7],[4,6],[4,5],[1,8],[8,9],[5,8],[6,8],[2,8],[7,8]],[[1,9],[2,7],[5,6]],[[1,10],[9,10],[2,10],[7,10],[6,10],[5,10]],[[3,4],[3,8]],[[3,10]],[[4,8]],[[4,10],[8,10]]]
96|false|[2]|[[[1,2],[2,9],[2,4],[2,10],[6,7],[6,8],[3,6],[5,6],[1,6],[6,9],[4,6],[6,10],[2,7],[2,8],[2,3],[2,5]],[[1,3],[5,9],[4,8],[7,10]],[[1,4],[9,10],[1,10],[4,9],[1,9],[4,10],[3,7],[5,8],[5,7],[3,8],[7,8],[3,5]],[[1,5],[3,9],[4,7],[8,10],[1,8],[3,4],[5,10],[7,9],[1,7],[3,10],[8,9],[4,5]],[[2,6]]]
96|false|exact|[[[1,2],[1,10],[1,4],[1,8],[1,3],[1,6],[2,5],[5,10],[4,5],[5,8],[3,5],[5,6],[2,9],[9,10],[4,9],[8,9],[3,9],[6,9],[2,7],[7,10],[4,7],[7,8],[3,7],[6,7]],[[1,5],[7,9]],[[1,7],[5,9]],[[1,9],[5,7]],[[2,3],[3,10],[2,6],[6,10],[2,4],[2,8],[4,10],[8,10],[3,4],[4,6],[3,8],[6,8]],[[2,10],[4,8],[3,6]]]
96|false|exact|[[[1,2],[2,10],[1,6],[6,10],[2,4],[2,9],[4,6],[6,9]],[[1,3],[5,10],[1,7],[8,10],[1,8],[7,10],[1,5],[3,10],[3,4],[8,9],[4,5],[7,9],[4,7],[5,9],[4,8],[3,9]],[[1,4],[9,10]],[[1,9],[4,10]],[[1,10],[4,9]],[[2,3],[2,5],[2,7],[2,8],[3,6],[5,6],[6,7],[6,8]],[[2,6]],[[3,5],[7,8],[3,7],[5,8],[3,8],[5,7]]]
96|false|exact|[[[1,2],[2,3],[2,10],[2,5],[1,6],[3,6],[6,10],[5,6]],[[1,3],[5,10],[1,5],[3,10],[1,10],[3,5]],[[1,4],[3,4],[4,10],[4,5],[1,9],[3,9],[9,10],[5,9]],[[1,7],[1,8],[3,7],[3,8],[7,10],[8,10],[5,7],[5,8]],[[2,4],[4,6],[2,9],[6,9]],[[2,6]],[[2,7],[2,8],[6,7],[6,8]],[[4,7],[4,8],[7,9],[8,9]],[[4,9]],[[7,8]]]
96|false|exact|[[[1,2],[4,10],[1,4],[2,10]],[[1,3],[1,5],[1,8],[1,6],[1,9],[1,7],[3,10],[5,10],[8,10],[6,10],[7,10],[9,10]],[[1,10]],[[2,3],[2,5],[2,8],[2,6],[2,9],[2,7],[3,4],[4,5],[4,8],[4,6],[4,7],[4,9]],[[2,4]],[[3,5],[6,8],[7,9]],[[3,6],[5,6],[3,8],[5,8],[7,8],[6,7],[8,9],[6,9],[5,9],[5,7],[3,9],[3,7]]]
96|false|[2]|[[[1,2],[1,8],[1,3],[1,10],[1,7],[1,4],[1,6],[1,5]],[[1,9]],[[2,3],[8,10],[2,10],[3,8],[2,8],[3,10],[6,7],[4,5],[5,7],[4,6],[4,7],[5,6]],[[2,4],[4,8],[2,5],[5,8],[2,7],[7,8],[2,6],[6,8],[3,4],[4,10],[3,5],[5,10],[3,7],[7,10],[3,6],[6,10]],[[2,9],[8,9],[3,9],[9,10],[7,9],[4,9],[6,9],[5,9]]]
96|false|[2]|[[[1,2],[1,8],[1,10],[1,9],[3,4],[3,5],[3,6],[3,7]],[[1,3]],[[1,4],[1,5],[1,7],[1,6],[3,8],[2,3],[3,10],[3,9]],[[2,4],[5,8],[7,10],[6,9],[2,5],[4,8],[6,10],[7,9],[2,7],[6,8],[4,10],[5,9],[2,6],[7,8],[5,10],[4,9]],[[2,8],[9,10],[2,9],[8,10],[2,10],[8,9],[4,5],[6,7],[4,7],[5,6],[4,6],[5,7]]]
96|false|[2]|[[[1,2],[1,8],[1,6],[1,4]],[[1,3],[1,10],[1,5],[1,7]],[[1,9]],[[2,3],[8,10],[5,6],[4,7],[2,7],[5,8],[6,10],[3,4],[2,10],[3,8],[6,7],[4,5],[2,5],[7,8],[3,6],[4,10]],[[2,4],[6,8],[2,6],[4,8],[2,8],[4,6]],[[2,9],[8,9],[6,9],[4,9]],[[3,5],[7,10],[3,10],[5,7],[3,7],[5,10]],[[3,9],[9,10],[5,9],[7,9]]]
96|false|[2]|[[[1,2],[2,5],[2,7],[2,9],[1,3],[3,5],[3,9],[3,7]],[[1,4],[5,10],[1,8],[5,6],[7,8],[6,9],[4,7],[9,10],[1,6],[5,8],[1,10],[4,5],[7,10],[4,9],[6,7],[8,9]],[[1,5],[7,9],[1,7],[5,9],[1,9],[5,7]],[[2,3]],[[2,4],[2,10],[2,8],[2,6],[3,4],[3,6],[3,8],[3,10]],[[4,6],[8,10],[4,10],[6,8],[4,8],[6,10]]]
96|false|[2]|[[[1,2],[2,5],[3,7],[3,9],[1,3],[3,5],[2,7],[2,9],[1,6],[6,9],[4,5],[4,7],[1,4],[4,9],[5,6],[6,7],[1,10],[7,10],[8,9],[5,8],[1,8],[7,8],[9,10],[5,10]],[[1,5],[7,9],[1,9],[5,7],[1,7],[5,9]],[[2,3],[4,6],[8,10]],[[2,4],[2,6],[3,6],[3,4],[6,8],[6,10],[4,10],[4,8],[3,10],[2,10],[2,8],[3,8]]]
96|false|[2]|[[[1,2],[1,3],[2,9],[3,9],[2,7],[3,7],[2,5],[3,5],[7,8],[4,7],[8,9],[4,9],[5,8],[4,5],[1,8],[1,4],[5,10],[5,6],[9,10],[6,9],[1,10],[1,6],[7,10],[6,7]],[[1,5],[7,9],[1,7],[5,9],[5,7],[1,9]],[[2,3],[4,8],[6,10]],[[2,4],[3,8],[2,8],[3,4],[6,8],[4,10],[8,10],[4,6],[3,10],[2,6],[2,10],[3,6]]]
96|false|exact|[[[1,2],[2,8],[2,3],[2,4],[1,6],[6,8],[3,6],[4,6]],[[1,3],[4,8],[1,4],[3,8],[1,8],[3,4]],[[1,5],[1,10],[1,7],[1,9],[5,8],[8,10],[7,8],[8,9],[3,5],[3,10],[3,7],[3,9],[4,5],[4,10],[4,7],[4,9]],[[2,5],[2,10],[2,7],[2,9],[5,6],[6,10],[6,7],[6,9]],[[2,6]],[[5,7],[9,10],[5,10],[7,9],[5,9],[7,10]]]
96|false|exact|[[[1,2],[3,5],[3,7],[2,9],[1,3],[2,5],[2,7],[3,9],[1,8],[6,9],[5,6],[7,8],[1,6],[8,9],[5,8],[6,7],[1,4],[7,10],[9,10],[4,5],[1,10],[4,7],[4,9],[5,10]],[[1,5],[7,9],[1,9],[5,7],[1,7],[5,9]],[[2,3],[6,8],[4,10]],[[2,4],[3,4],[3,10],[2,10],[2,8],[2,6],[3,6],[3,8],[4,8],[8,10],[6,10],[4,6]]]
96|false|exact|[[[1,2],[1,9],[1,6],[1,5],[1,7],[1,4],[1,3],[1,8]],[[1,10]],[[2,3],[8,9],[6,7],[4,5]],[[2,4],[7,9],[6,8],[3,5],[2,5],[6,9],[7,8],[3,4],[2,8],[4,6],[5,7],[3,9],[2,9],[5,6],[4,7],[3,8],[2,7],[5,8],[4,9],[3,6],[2,6],[5,9],[4,8],[3,7]],[[2,10],[9,10],[6,10],[5,10],[7,10],[4,10],[3,10],[8,10]]]
96|false|[2]|[[[1,2],[2,7],[2,9],[2,5],[1,3],[3,9],[3,7],[3,5]],[[1,4],[1,10],[1,6],[1,8],[4,7],[7,10],[6,7],[7,8],[4,9],[9,10],[6,9],[8,9],[4,5],[5,10],[5,6],[5,8]],[[1,5],[7,9]],[[1,7],[5,9],[1,9],[5,7]],[[2,3]],[[2,4],[2,10],[2,6],[2,8],[3,4],[3,8],[3,6],[3,10]],[[4,6],[8,10],[4,10],[6,8],[4,8],[6,10]]]
96|false|[2]|[[[1,2],[2,7],[2,5],[2,9],[1,3],[3,9],[3,5],[3,7]],[[1,4],[4,7],[4,5],[4,9],[1,6],[6,7],[5,6],[6,9],[1,8],[8,9],[5,8],[7,8],[1,10],[9,10],[5,10],[7,10]],[[1,5],[7,9],[1,7],[5,9],[1,9],[5,7]],[[2,3]],[[2,4],[2,6],[3,8],[3,10]],[[2,8],[2,10],[3,6],[3,4]],[[4,6],[8,10]],[[4,8],[6,8],[4,10],[6,10]]]
96|false|[2]|[[[1,2],[2,5],[2,3],[2,10],[1,6],[5,6],[3,6],[6,10]],[[1,3],[5,10],[1,5],[3,10],[1,10],[3,5]],[[1,4],[4,5],[3,4],[4,10],[1,8],[5,8],[3,8],[8,10],[1,7],[5,7],[3,7],[7,10],[1,9],[5,9],[3,9],[9,10]],[[2,4],[6,8],[2,7],[6,9],[2,9],[4,6],[2,8],[6,7]],[[2,6]],[[4,7],[8,9]],[[4,8],[7,9],[4,9],[7,8]]]
96|false|[2]|[[[1,2],[5,8]],[[1,3],[1,10],[1,6],[1,4],[3,8],[6,8],[8,10],[4,8],[3,5],[5,6],[5,10],[4,5],[2,3],[2,10],[2,6],[2,4]],[[1,5],[2,8],[1,8],[2,5]],[[1,7],[8,9],[5,9],[2,7],[1,9],[5,7],[7,8],[2,9]],[[3,4],[6,10],[3,6],[4,10],[3,10],[4,6]],[[3,7],[7,10],[6,7],[4,7],[3,9],[6,9],[9,10],[4,9]],[[7,9]]]
96|false|[2]|[[[1,2],[2,9],[2,4],[2,5],[1,6],[6,9],[4,6],[5,6]],[[1,3],[3,9],[3,4],[3,5],[1,10],[5,10],[4,10],[9,10],[1,8],[5,8],[4,8],[8,9],[1,7],[7,9],[4,7],[5,7]],[[1,4],[5,9],[1,9],[4,5],[1,5],[4,9]],[[2,3],[2,10],[2,8],[2,7],[3,6],[6,8],[6,10],[6,7]],[[2,6]],[[3,7],[8,10]],[[3,8],[7,10],[3,10],[7,8]]]
96|false|[2]|[[[1,2],[2,10],[2,4],[2,5],[1,6],[5,6],[4,6],[6,10]],[[1,3],[3,10],[3,4],[3,5],[1,9],[5,9],[4,9],[9,10],[1,7],[5,7],[4,7],[7,10],[1,8],[8,10],[4,8],[5,8]],[[1,4],[5,10],[1,5],[4,10],[1,10],[4,5]],[[2,3],[2,9],[6,7],[6,8]],[[2,6]],[[2,7],[2,8],[6,9],[3,6]],[[3,7],[7,9],[3,8],[8,9]],[[3,9],[7,8]]]
96|false|[2]|[[[1,2],[1,3],[2,10],[3,10]],[[1,4],[1,5],[1,8],[1,9],[1,6],[1,7],[4,10],[5,10],[9,10],[8,10],[6,10],[7,10],[3,9],[3,8],[3,5],[3,4],[3,6],[3,7],[2,9],[2,8],[2,4],[2,5],[2,6],[2,7]],[[1,10],[2,3]],[[4,5],[8,9],[6,7]],[[4,6],[4,7],[5,6],[5,7],[4,8],[5,8],[4,9],[5,9],[6,8],[6,9],[7,8],[7,9]]]
96|false|[2]|[[[1,2],[4,10],[1,4],[2,10],[2,6],[4,8],[2,8],[4,6],[1,6],[8,10],[6,10],[1,8]],[[1,3],[3,10],[2,3],[3,4],[3,6],[3,8],[1,5],[5,10],[5,6],[5,8],[2,5],[4,5],[1,7],[7,10],[2,7],[4,7],[6,7],[7,8],[1,9],[9,10],[6,9],[8,9],[2,9],[4,9]],[[1,10],[2,4],[6,8]],[[3,5],[7,9]],[[3,7],[5,7],[5,9],[3,9]]]
96|false|[2]|[[[1,2],[1,3],[1,4],[1,8],[1,6],[1,10],[2,7],[3,7],[4,7],[7,8],[7,10],[6,7],[2,5],[3,5],[5,10],[5,6],[4,5],[5,8],[2,9],[3,9],[9,10],[6,9],[8,9],[4,9]],[[1,5],[5,7],[1,9],[7,9]],[[1,7],[5,9]],[[2,3],[4,8],[6,10]],[[2,4],[3,8],[2,8],[3,4],[4,6],[8,10],[4,10],[6,8],[2,6],[3,10],[3,6],[2,10]]]
96|false|[2]|[[[1,2],[2,5],[1,3],[3,5],[1,6],[5,6],[1,4],[4,5],[1,8],[5,8],[1,10],[5,10],[2,7],[2,9],[3,7],[3,9],[7,8],[8,9],[7,10],[9,10],[4,7],[4,9],[6,7],[6,9]],[[1,5],[7,9]],[[1,7],[5,9],[5,7],[1,9]],[[2,3],[4,6],[8,10]],[[2,4],[2,6],[3,4],[3,6],[6,10],[6,8],[4,10],[4,8],[3,8],[2,8],[3,10],[2,10]]]
96|false|[2]|[[[1,2],[2,10],[1,4],[4,10],[4,7],[2,7],[4,9],[2,9],[9,10],[7,10],[1,9],[1,7]],[[1,3],[5,10],[1,5],[3,10],[3,4],[2,5],[4,5],[2,3],[3,9],[5,7],[5,9],[3,7],[1,6],[8,10],[1,8],[6,10],[6,7],[8,9],[7,8],[6,9],[4,6],[2,8],[4,8],[2,6]],[[1,10],[2,4],[7,9]],[[3,5],[6,8]],[[3,6],[5,8],[5,6],[3,8]]]
96|false|[2]|[[[1,2],[2,10],[1,4],[4,10],[2,8],[4,8],[2,6],[4,6],[1,8],[1,6],[8,10],[6,10]],[[1,3],[5,10],[1,5],[3,10],[2,3],[4,5],[2,5],[3,4],[3,8],[5,6],[5,8],[3,6],[1,9],[7,10],[1,7],[9,10],[6,9],[7,8],[6,7],[8,9],[2,9],[4,7],[2,7],[4,9]],[[1,10],[2,4],[6,8]],[[3,5],[7,9]],[[3,7],[5,9],[3,9],[5,7]]]
96|false|[2]|[[[1,2],[2,10],[1,4],[4,10],[4,9],[2,9],[4,7],[2,7],[7,10],[9,10],[1,7],[1,9]],[[1,3],[3,10],[3,4],[2,3],[3,7],[3,9],[1,8],[8,10],[8,9],[7,8],[2,8],[4,8],[1,5],[5,10],[4,5],[2,5],[5,7],[5,9],[1,6],[6,10],[6,9],[6,7],[2,6],[4,6]],[[1,10],[2,4],[7,9]],[[3,5],[6,8]],[[3,6],[5,8],[3,8],[5,6]]]
96|false|[2]|[[[1,2],[1,4],[2,10],[4,10],[7,10],[1,7],[9,10],[1,9],[4,9],[4,7],[2,9],[2,7]],[[1,3],[1,6],[1,8],[1,5],[3,10],[6,10],[8,10],[5,10],[3,7],[6,7],[7,8],[5,7],[3,9],[6,9],[8,9],[5,9],[3,4],[4,6],[4,8],[4,5],[2,3],[2,6],[2,8],[2,5]],[[1,10],[7,9],[2,4]],[[3,5],[6,8]],[[3,6],[5,8],[3,8],[5,6]]]
96|false|[2]|[[[1,2],[1,5],[1,4],[1,8]],[[1,3],[1,10],[1,6],[1,7]],[[1,9]],[[2,3],[3,5],[3,4],[3,8],[2,10],[8,10],[4,10],[5,10],[2,6],[6,8],[4,6],[5,6],[2,7],[5,7],[4,7],[7,8]],[[2,4],[5,8],[2,8],[4,5],[2,5],[4,8]],[[2,9],[5,9],[4,9],[8,9]],[[3,6],[6,10],[3,7],[7,10]],[[3,9],[9,10],[6,9],[7,9]],[[3,10],[6,7]]]
96|false|[2]|[[[1,2],[2,8],[2,10],[2,5]],[[1,3],[7,8],[7,10],[3,5],[1,7],[3,8],[3,10],[5,7],[1,4],[8,9],[5,9],[4,10],[1,9],[4,8],[4,5],[9,10]],[[1,5],[8,10],[1,10],[5,8],[1,8],[5,10]],[[1,6],[6,8],[6,10],[5,6]],[[2,3],[2,7],[2,4],[2,9]],[[2,6]],[[3,4],[7,9],[4,7],[3,9]],[[3,6],[6,7],[4,6],[6,9]],[[3,7],[4,9]]]
96|false|[2]|[[[1,2],[2,5],[2,10],[2,3],[1,6],[6,10],[5,6],[3,6]],[[1,3],[5,10],[1,10],[3,5],[1,5],[3,10]],[[1,4],[4,5],[4,10],[3,4],[1,7],[5,7],[7,10],[3,7],[1,9],[9,10],[5,9],[3,9],[1,8],[8,10],[5,8],[3,8]],[[2,4],[4,6],[2,7],[6,7],[2,9],[6,9],[2,8],[6,8]],[[2,6]],[[4,7],[8,9]],[[4,8],[7,9],[4,9],[7,8]]]
96|false|[2]|[[[1,2],[2,5],[2,10],[2,4],[1,6],[5,6],[4,6],[6,10]],[[1,3],[5,9],[9,10],[3,4],[1,9],[3,5],[3,10],[4,9],[1,8],[5,7],[4,7],[8,10],[1,7],[5,8],[4,8],[7,10]],[[1,4],[5,10],[1,10],[4,5],[1,5],[4,10]],[[2,3],[2,9],[6,8],[6,7]],[[2,6]],[[2,7],[2,8],[3,6],[6,9]],[[3,7],[8,9],[3,8],[7,9]],[[3,9],[7,8]]]
96|false|[2]|[[[1,2],[2,8],[2,4],[2,9],[1,6],[6,8],[4,6],[6,9]],[[1,3],[1,7],[1,10],[1,5],[3,8],[7,8],[8,10],[5,8],[3,4],[4,7],[4,10],[4,5],[3,9],[7,9],[9,10],[5,9]],[[1,4],[8,9],[4,8],[1,9]],[[1,8],[4,9]],[[2,3],[2,7],[2,10],[2,5],[3,6],[6,10],[6,7],[5,6]],[[2,6]],[[3,5],[7,10],[3,7],[5,10],[3,10],[5,7]]]
96|false|[2]|[[[1,2],[4,10],[1,4],[2,10],[2,6],[4,8],[2,8],[4,6],[1,6],[8,10],[6,10],[1,8]],[[1,3],[3,10],[2,3],[3,4],[3,6],[3,8],[1,5],[5,10],[2,5],[4,5],[5,6],[5,8],[1,9],[9,10],[2,9],[4,9],[8,9],[6,9],[1,7],[7,10],[2,7],[4,7],[7,8],[6,7]],[[1,10],[2,4],[6,8]],[[3,5],[7,9]],[[3,7],[5,9],[3,9],[5,7]]]
96|false|[2]|[[[1,2],[1,3],[1,6],[1,10],[1,4],[1,8],[2,5],[3,5],[5,6],[5,10],[4,5],[5,8],[2,9],[3,9],[6,9],[9,10],[4,9],[8,9],[2,7],[3,7],[6,7],[7,10],[4,7],[7,8]],[[1,5],[7,9]],[[1,7],[5,9],[1,9],[5,7]],[[2,3],[6,10],[4,8]],[[2,4],[3,4],[2,8],[3,8],[2,6],[2,10],[3,6],[3,10],[4,6],[6,8],[4,10],[8,10]]]
96|false|[2]|[[[1,2],[4,10],[1,4],[2,10],[4,5],[2,3],[3,4],[2,5],[3,10],[1,5],[1,3],[5,10]],[[1,6],[6,10],[4,6],[2,6],[3,6],[5,6],[1,8],[8,10],[4,8],[2,8],[3,8],[5,8],[1,9],[9,10],[4,9],[2,9],[3,9],[5,9],[1,7],[7,10],[4,7],[2,7],[3,7],[5,7]],[[1,10],[2,4],[3,5]],[[6,7],[8,9],[6,9],[7,8]],[[6,8],[7,9]]]
96|false|[2]|[[[1,2],[2,10],[1,4],[4,10],[2,8],[4,8],[2,6],[4,6],[1,8],[1,6],[8,10],[6,10]],[[1,3],[5,10],[1,5],[3,10],[2,3],[4,5],[2,5],[3,4],[3,8],[5,6],[5,8],[3,6],[1,9],[7,10],[1,7],[9,10],[6,9],[7,8],[6,7],[8,9],[2,9],[4,7],[2,7],[4,9]],[[1,10],[2,4],[6,8]],[[3,5],[7,9]],[[3,7],[5,9],[3,9],[5,7]]]
96|false|[2]|[[[1,2],[2,6],[2,8],[2,4]],[[1,3],[1,9],[1,5],[1,7],[3,6],[6,9],[5,6],[6,7],[3,8],[8,9],[5,8],[7,8],[3,4],[4,9],[4,5],[4,7]],[[1,4],[6,8],[1,8],[4,6]],[[1,6],[4,8]],[[1,10],[6,10],[8,10],[4,10]],[[2,3],[2,9],[2,5],[2,7]],[[2,10]],[[3,5],[7,9],[3,7],[5,9],[3,9],[5,7]],[[3,10],[9,10],[5,10],[7,10]]]
96|false|exact|[[[1,2],[2,8],[2,4],[2,9],[1,6],[6,8],[4,6],[6,9]],[[1,3],[1,10],[1,5],[1,7],[3,8],[8,10],[5,8],[7,8],[3,4],[4,10],[4,5],[4,7],[3,9],[9,10],[5,9],[7,9]],[[1,4],[8,9],[4,8],[1,9]],[[1,8],[4,9]],[[2,3],[2,10],[2,5],[2,7],[3,6],[6,10],[5,6],[6,7]],[[2,6]],[[3,5],[7,10],[3,7],[5,10],[3,10],[5,7]]]
96|false|exact|[[[1,2],[1,3],[1,10],[1,8],[1,6],[1,4],[2,5],[3,5],[5,10],[5,8],[5,6],[4,5],[2,7],[3,7],[7,10],[7,8],[6,7],[4,7],[2,9],[3,9],[9,10],[8,9],[6,9],[4,9]],[[1,5],[7,9]],[[1,7],[5,9],[5,7],[1,9]],[[2,3],[8,10],[4,6]],[[2,4],[3,4],[2,6],[3,6],[3,10],[3,8],[2,10],[2,8],[6,8],[4,8],[6,10],[4,10]]]
96|false|exact|[[[1,2],[4,10],[1,4],[2,10],[8,10],[1,6],[1,8],[6,10],[4,6],[2,8],[4,8],[2,6]],[[1,3],[3,10],[3,8],[3,6],[3,4],[2,3],[1,9],[9,10],[6,9],[8,9],[4,9],[2,9],[1,7],[7,10],[6,7],[7,8],[4,7],[2,7],[1,5],[5,10],[5,8],[5,6],[4,5],[2,5]],[[1,10],[6,8],[2,4]],[[3,5],[7,9]],[[3,7],[5,9],[3,9],[5,7]]]
96|false|exact|[[[1,2],[4,10],[1,4],[2,10],[6,10],[1,8],[1,6],[8,10],[4,8],[2,6],[4,6],[2,8]],[[1,3],[3,10],[3,6],[3,8],[3,4],[2,3],[1,5],[5,10],[5,6],[5,8],[4,5],[2,5],[1,7],[7,10],[6,7],[7,8],[4,7],[2,7],[1,9],[9,10],[6,9],[8,9],[4,9],[2,9]],[[1,10],[6,8],[2,4]],[[3,5],[7,9]],[[3,7],[5,9],[5,7],[3,9]]]
96|false|exact|[[[1,2],[1,3],[1,10],[1,8],[1,6],[1,4],[2,5],[3,5],[5,10],[5,8],[5,6],[4,5],[2,7],[3,7],[7,10],[7,8],[6,7],[4,7],[2,9],[3,9],[9,10],[8,9],[6,9],[4,9]],[[1,5],[7,9]],[[1,7],[5,9],[5,7],[1,9]],[[2,3],[8,10],[4,6]],[[2,4],[3,6],[2,6],[3,4],[3,10],[2,8],[2,10],[3,8],[6,8],[4,10],[6,10],[4,8]]]
96|false|exact|[[[1,2],[5,8]],[[1,3],[1,10],[1,7],[1,9],[1,4],[1,6],[3,5],[5,10],[5,7],[5,9],[4,5],[5,6],[3,8],[8,10],[7,8],[8,9],[4,8],[6,8],[2,3],[2,10],[2,7],[2,9],[2,4],[2,6]],[[1,5],[2,8],[1,8],[2,5]],[[3,4],[6,10],[3,6],[4,10],[3,7],[9,10],[7,10],[3,9],[4,7],[6,9],[4,9],[6,7]],[[3,10],[7,9],[4,6]]]
96|false|exact|[[[1,2],[2,8],[2,4],[2,10]],[[1,3],[7,8],[4,9],[5,10],[1,9],[5,8],[3,4],[7,10],[1,5],[8,9],[4,7],[3,10],[1,7],[3,8],[4,5],[9,10]],[[1,4],[8,10],[1,10],[4,8],[1,8],[4,10]],[[1,6],[6,8],[4,6],[6,10]],[[2,3],[2,7],[2,9],[2,5]],[[2,6]],[[3,5],[7,9]],[[3,6],[6,7],[6,9],[5,6]],[[3,7],[5,9],[3,9],[5,7]]]
96|false|exact|[[[1,2],[2,5],[3,7],[3,9]],[[1,3],[3,5],[2,7],[2,9]],[[1,4],[1,6],[1,8],[1,10],[4,5],[5,6],[5,8],[5,10],[4,7],[6,7],[7,8],[7,10],[4,9],[6,9],[8,9],[9,10]],[[1,5],[7,9]],[[1,7],[5,9],[5,7],[1,9]],[[2,3]],[[2,4],[2,6],[2,8],[2,10],[3,4],[3,6],[3,8],[3,10]],[[4,6],[8,10],[4,8],[6,10],[4,10],[6,8]]]
96|false|exact|[[[1,2],[2,10],[2,5],[2,3],[1,6],[6,10],[5,6],[3,6]],[[1,3],[5,10],[1,5],[3,10],[1,10],[3,5]],[[1,4],[4,10],[4,5],[3,4],[1,8],[8,10],[5,8],[3,8],[1,7],[7,10],[5,7],[3,7],[1,9],[9,10],[5,9],[3,9]],[[2,4],[6,8],[2,7],[6,9],[2,8],[6,7],[2,9],[4,6]],[[2,6]],[[4,7],[8,9]],[[4,8],[7,9],[7,8],[4,9]]]
96|false|exact|[[[1,2],[3,9],[2,7],[3,5],[2,5],[3,7],[2,9],[1,3]],[[1,4],[1,6],[9,10],[8,9],[4,7],[6,7],[5,10],[5,8],[4,5],[5,6],[7,10],[7,8],[4,9],[6,9],[1,10],[1,8]],[[1,5],[7,9],[1,9],[5,7],[1,7],[5,9]],[[2,3]],[[2,4],[2,6],[3,10],[3,8],[3,4],[3,6],[2,8],[2,10]],[[4,6],[8,10]],[[4,8],[6,10],[4,10],[6,8]]]
96|false|[2]|[[[1,2],[2,5],[2,10],[2,3],[1,6],[5,6],[6,10],[3,6]],[[1,3],[5,10],[1,5],[3,10],[1,10],[3,5]],[[1,4],[4,5],[4,10],[3,4],[1,7],[5,7],[7,10],[3,7],[1,9],[5,9],[9,10],[3,9],[1,8],[5,8],[8,10],[3,8]],[[2,4],[2,7],[6,9],[6,8],[4,6],[6,7],[2,8],[2,9]],[[2,6]],[[4,7],[8,9]],[[4,8],[7,9],[4,9],[7,8]]]
96|false|[2]|[[[1,2],[2,10],[2,7],[2,8],[1,6],[6,10],[6,8],[6,7]],[[1,3],[1,4],[1,5],[1,9],[3,10],[4,10],[5,10],[9,10],[3,7],[4,7],[5,7],[7,9],[3,8],[4,8],[5,8],[8,9]],[[1,7],[8,10],[7,10],[1,8]],[[1,10],[7,8]],[[2,3],[2,4],[2,5],[2,9],[3,6],[4,6],[6,9],[5,6]],[[2,6]],[[3,4],[5,9],[3,5],[4,9],[3,9],[4,5]]]
96|false|[2]|[[[1,2],[5,8]],[[1,3],[8,10],[5,10],[2,3]],[[1,4],[1,9],[1,6],[1,7],[4,8],[7,8],[6,8],[8,9],[4,5],[5,7],[5,6],[5,9],[2,4],[2,9],[2,6],[2,7]],[[1,5],[2,8],[1,8],[2,5]],[[1,10],[3,8],[3,5],[2,10]],[[3,4],[3,9],[3,6],[3,7],[4,10],[7,10],[6,10],[9,10]],[[3,10]],[[4,6],[7,9],[4,9],[6,7],[4,7],[6,9]]]
96|false|[2]|[[[1,2],[2,5],[2,3],[2,10]],[[1,3],[5,10],[1,5],[3,10]],[[1,4],[1,7],[1,8],[1,9],[4,5],[5,7],[5,9],[5,8],[3,4],[3,7],[3,9],[3,8],[4,10],[7,10],[8,10],[9,10]],[[1,6],[5,6],[3,6],[6,10]],[[1,10],[3,5]],[[2,4],[2,7],[2,8],[2,9]],[[2,6]],[[4,6],[6,7],[6,8],[6,9]],[[4,7],[8,9],[4,9],[7,8],[4,8],[7,9]]]
96|false|[2]|[[[1,2],[5,8]],[[1,3],[1,10],[1,4],[1,6],[1,9],[1,7],[2,3],[2,10],[2,4],[2,6],[2,9],[2,7],[3,8],[8,10],[4,8],[6,8],[7,8],[8,9],[3,5],[5,10],[4,5],[5,6],[5,7],[5,9]],[[1,5],[2,8],[1,8],[2,5]],[[3,4],[4,10],[3,6],[6,10],[4,9],[6,9],[4,7],[6,7],[3,9],[3,7],[9,10],[7,10]],[[3,10],[4,6],[7,9]]]
96|false|[2]|[[[1,2],[1,4],[2,10],[4,10],[1,9],[9,10],[1,7],[7,10],[2,9],[2,7],[4,9],[4,7]],[[1,3],[1,5],[1,6],[1,8],[3,10],[5,10],[6,10],[8,10],[3,9],[5,9],[6,9],[8,9],[3,7],[5,7],[6,7],[7,8],[2,3],[2,5],[2,6],[2,8],[3,4],[4,5],[4,6],[4,8]],[[1,10],[7,9],[2,4]],[[3,5],[6,8]],[[3,6],[5,8],[5,6],[3,8]]]
96|false|[2]|[[[1,2],[4,10],[1,4],[2,10],[1,3],[5,10],[3,10],[1,5],[2,3],[4,5],[2,5],[3,4]],[[1,6],[6,10],[3,6],[5,6],[2,6],[4,6],[1,8],[8,10],[3,8],[5,8],[2,8],[4,8],[1,7],[7,10],[3,7],[5,7],[2,7],[4,7],[1,9],[9,10],[3,9],[5,9],[2,9],[4,9]],[[1,10],[3,5],[2,4]],[[6,7],[8,9],[7,8],[6,9]],[[6,8],[7,9]]]
96|false|[2]|[[[1,2],[4,10],[1,4],[2,10],[2,8],[4,6],[2,6],[4,8],[1,8],[6,10],[8,10],[1,6]],[[1,3],[3,10],[2,3],[3,4],[3,8],[3,6],[1,5],[5,10],[5,8],[5,6],[2,5],[4,5],[1,9],[9,10],[2,9],[4,9],[6,9],[8,9],[1,7],[7,10],[6,7],[7,8],[2,7],[4,7]],[[1,10],[2,4],[6,8]],[[3,5],[7,9]],[[3,7],[5,7],[5,9],[3,9]]]
96|false|exact|[[[1,2],[2,8],[2,4],[2,6],[2,7],[2,9],[2,3],[2,5]],[[1,3],[8,9],[1,7],[5,8],[4,5],[6,7],[4,9],[3,6],[1,9],[3,8],[1,5],[7,8],[4,7],[5,6],[3,4],[6,9]],[[1,4],[6,8],[1,6],[4,8],[1,8],[4,6],[3,7],[5,9],[5,7],[3,9],[7,9],[3,5]],[[1,10],[8,10],[4,10],[6,10],[7,10],[9,10],[3,10],[5,10]],[[2,10]]]
96|false|exact|[[[1,2],[2,4],[2,8],[2,3],[5,6],[6,10],[6,7],[6,9]],[[1,3],[4,8],[1,4],[3,8],[1,8],[3,4],[5,9],[7,10],[5,10],[7,9],[5,7],[9,10]],[[1,5],[1,9],[4,5],[4,9],[1,10],[1,7],[4,10],[4,7],[5,8],[8,9],[3,5],[3,9],[8,10],[7,8],[3,10],[3,7]],[[1,6],[4,6],[6,8],[3,6],[2,5],[2,10],[2,7],[2,9]],[[2,6]]]
96|false|[2]|[[[1,2],[4,10],[2,10],[1,4]],[[1,3],[3,10],[1,5],[5,10],[1,8],[8,10],[1,6],[6,10],[1,7],[7,10],[1,9],[9,10],[2,3],[3,4],[2,5],[4,5],[2,7],[4,7],[2,9],[4,9],[2,6],[4,6],[2,8],[4,8]],[[1,10],[2,4]],[[3,5],[6,8],[7,9]],[[3,6],[3,8],[5,6],[5,8],[8,9],[7,8],[6,9],[6,7],[5,7],[3,7],[5,9],[3,9]]]
96|false|[2]|[[[1,2],[2,8],[2,4],[2,9],[1,6],[6,8],[4,6],[6,9]],[[1,3],[5,8],[1,10],[7,8],[1,7],[8,10],[1,5],[3,8],[4,7],[9,10],[3,4],[5,9],[4,5],[3,9],[4,10],[7,9]],[[1,4],[8,9],[4,8],[1,9]],[[1,8],[4,9]],[[2,3],[2,5],[2,10],[2,7],[3,6],[5,6],[6,10],[6,7]],[[2,6]],[[3,5],[7,10],[3,10],[5,7],[3,7],[5,10]]]
96|false|[2]|[[[1,2],[1,3],[1,6],[2,7],[6,7],[3,7]],[[1,4],[7,8],[1,5],[7,9],[1,8],[4,7],[1,9],[5,7]],[[1,7]],[[1,10],[7,10]],[[2,3],[3,6],[2,6]],[[2,4],[3,4],[4,6],[2,8],[6,8],[3,8],[2,5],[3,5],[5,6],[2,9],[6,9],[3,9]],[[2,10],[3,10],[6,10]],[[4,5],[8,9]],[[4,8],[5,9],[4,9],[5,8]],[[4,10],[8,10],[5,10],[9,10]]]
96|false|[2]|[[[1,2],[1,3],[1,4],[1,8],[1,6],[1,10],[2,7],[3,7],[4,7],[7,8],[6,7],[7,10],[2,9],[3,9],[4,9],[8,9],[6,9],[9,10],[2,5],[3,5],[4,5],[5,8],[5,6],[5,10]],[[1,5],[5,7],[1,9],[7,9]],[[1,7],[5,9]],[[2,3],[4,8],[6,10]],[[2,4],[3,8],[4,6],[8,10],[2,6],[3,10]],[[2,8],[3,4],[4,10],[6,8],[3,6],[2,10]]]
96|false|[2]|[[[1,2],[2,3],[2,8],[2,10],[2,5],[2,4],[2,7],[2,9],[1,6],[3,6],[6,10],[6,8],[6,9],[6,7],[4,6],[5,6]],[[1,3],[8,10],[4,5],[7,9]],[[1,4],[3,5],[7,8],[9,10],[1,5],[3,4],[7,10],[8,9],[1,9],[3,7],[5,8],[4,10],[1,7],[3,9],[4,8],[5,10],[1,10],[3,8],[5,7],[4,9],[1,8],[3,10],[5,9],[4,7]],[[2,6]]]
100|false|[2]|[[[1,2],[1,4],[1,8],[1,10],[1,6],[2,5],[4,5],[5,8],[5,10],[5,6],[2,7],[4,7],[7,8],[7,10],[6,7],[2,3],[3,4],[3,8],[3,10],[3,6],[2,9],[4,9],[8,9],[9,10],[6,9]],[[1,3],[5,9],[1,7],[3,5],[7,9]],[[1,5],[5,7],[3,7],[3,9],[1,9]],[[2,4],[4,8],[8,10],[6,10],[2,6]],[[2,8],[4,10],[6,8],[2,10],[4,6]]]
100|true|[2]|[[[1,2],[1,10],[8,10],[8,9],[2,9],[3,4],[3,5],[5,6],[6,7],[4,7]],[[1,3],[6,10],[4,8],[5,9],[2,7],[1,6],[4,10],[5,8],[7,9],[2,3],[1,4],[5,10],[7,8],[3,9],[2,6],[1,5],[7,10],[3,8],[6,9],[2,4],[1,7],[3,10],[6,8],[4,9],[2,5]],[[1,8],[9,10],[2,8],[1,9],[2,10],[3,6],[5,7],[4,6],[3,7],[4,5]]]
100|false|exact|[[[1,2],[1,8],[1,6],[1,4],[1,10],[2,9],[8,9],[6,9],[4,9],[9,10],[2,3],[3,8],[3,6],[3,4],[3,10],[2,7],[7,8],[6,7],[4,7],[7,10],[2,5],[5,8],[5,6],[4,5],[5,10]],[[1,3],[7,9],[3,5],[1,7],[5,9],[1,5],[3,9],[5,7],[1,9],[3,7]],[[2,4],[8,10],[2,6],[4,8],[6,10],[2,8],[4,6],[2,10],[6,8],[4,10]]]
100|false|exact|[[[1,2],[1,8],[1,6],[1,4],[1,10],[2,5],[5,8],[5,6],[4,5],[5,10],[2,7],[7,8],[6,7],[4,7],[7,10],[2,3],[3,8],[3,6],[3,4],[3,10],[2,9],[8,9],[6,9],[4,9],[9,10]],[[1,3],[5,9],[1,7],[3,5],[7,9],[1,5],[3,7],[1,9],[5,7],[3,9]],[[2,4],[8,10],[2,6],[4,8],[6,10],[2,10],[4,6],[2,8],[4,10],[6,8]]]
100|true|exact|[[[1,2],[8,10],[2,9],[1,10],[8,9],[3,4],[5,6],[4,7],[3,5],[6,7]],[[1,3],[3,8],[2,3],[3,10],[3,9],[1,6],[6,8],[2,6],[6,10],[6,9],[1,4],[4,8],[2,4],[4,10],[4,9],[1,5],[5,8],[2,5],[5,10],[5,9],[1,7],[7,8],[2,7],[7,10],[7,9]],[[1,8],[2,8],[2,10],[9,10],[1,9],[3,6],[4,6],[4,5],[5,7],[3,7]]]
100|false|exact|[[[1,2],[2,9],[8,9],[8,10],[1,10]],[[1,3],[1,7],[1,5],[1,4],[1,6],[2,3],[2,7],[2,5],[2,4],[2,6],[3,9],[7,9],[5,9],[4,9],[6,9],[3,8],[7,8],[5,8],[4,8],[6,8],[3,10],[7,10],[5,10],[4,10],[6,10]],[[1,8],[2,10],[1,9],[2,8],[9,10]],[[3,4],[6,7],[3,5],[4,7],[5,6],[3,7],[4,5],[3,6],[5,7],[4,6]]]
100|false|exact|[[[1,2],[2,8],[8,10],[9,10],[1,9],[1,10],[2,10],[2,9],[8,9],[1,8]],[[1,3],[2,3],[3,8],[3,10],[3,9],[1,7],[2,7],[7,8],[7,10],[7,9],[1,6],[2,6],[6,8],[6,10],[6,9],[1,4],[2,4],[4,8],[4,10],[4,9],[1,5],[2,5],[5,8],[5,10],[5,9]],[[3,4],[5,7],[3,6],[4,7],[5,6]],[[3,5],[3,7],[6,7],[4,6],[4,5]]]
108|false|[3]|[[[1,2],[3,4],[1,4],[2,3],[1,3],[2,4]],[[1,5],[4,5],[2,5],[3,5],[1,10],[3,10],[4,10],[2,10],[1,8],[2,8],[3,8],[4,8]],[[1,6],[4,6],[2,6],[3,6],[1,7],[4,7],[2,7],[3,7],[1,9],[4,9],[2,9],[3,9]],[[5,6],[6,10],[6,8],[7,10],[7,8],[5,7],[8,9],[5,9],[9,10]],[[5,8],[5,10],[8,10]],[[6,7],[7,9],[6,9]]]
108|false|[2]|[[[1,2],[1,5],[1,8],[2,6],[5,6],[6,8],[2,3],[3,5],[3,8]],[[1,3],[1,6],[3,6]],[[1,4],[1,7],[1,10],[4,6],[6,7],[6,10],[3,4],[3,7],[3,10]],[[1,9],[6,9],[3,9]],[[2,4],[5,7],[8,10],[2,7],[5,10],[4,8],[2,10],[4,5],[7,8]],[[2,5],[5,8],[2,8]],[[2,9],[5,9],[8,9]],[[4,7],[7,10],[4,10]],[[4,9],[7,9],[9,10]]]
108|false|[2]|[[[1,2],[1,3],[1,8],[2,5],[3,5],[5,8],[2,10],[3,10],[8,10],[5,7],[5,6],[4,5],[1,7],[1,6],[1,4],[7,10],[6,10],[4,10]],[[1,5],[5,10],[1,10]],[[1,9],[5,9],[9,10]],[[2,3],[3,8],[2,8],[6,7],[4,6],[4,7]],[[2,4],[3,7],[6,8],[2,6],[3,4],[7,8],[2,7],[3,6],[4,8]],[[2,9],[3,9],[8,9],[7,9],[6,9],[4,9]]]
108|false|[2]|[[[1,2],[1,9],[2,9]],[[1,3],[3,9],[2,3],[1,4],[4,9],[2,4],[1,5],[5,9],[2,5]],[[1,6],[7,9],[2,8],[1,7],[8,9],[2,6],[1,8],[6,9],[2,7]],[[1,10],[9,10],[2,10]],[[3,4],[4,5],[3,5]],[[3,6],[3,7],[3,8],[4,6],[4,7],[4,8],[5,6],[5,7],[5,8]],[[3,10],[4,10],[5,10]],[[6,7],[7,8],[6,8]],[[6,10],[7,10],[8,10]]]
108|false|[2]|[[[1,2],[1,9],[2,9],[6,7],[5,7],[5,6]],[[1,3],[3,9],[2,3],[1,8],[8,9],[2,8],[1,4],[4,9],[2,4],[3,7],[3,5],[3,6],[4,7],[4,5],[4,6],[7,8],[5,8],[6,8]],[[1,5],[7,9],[2,6],[1,6],[5,9],[2,7],[1,7],[6,9],[2,5]],[[1,10],[9,10],[2,10],[7,10],[5,10],[6,10]],[[3,4],[3,8],[4,8]],[[3,10],[8,10],[4,10]]]
108|false|exact|[[[1,2],[2,6],[1,6]],[[1,3],[1,4],[1,5],[2,3],[2,4],[2,5],[3,6],[4,6],[5,6],[1,8],[1,7],[1,9],[6,8],[6,7],[6,9],[2,8],[2,7],[2,9]],[[1,10],[2,10],[6,10]],[[3,4],[4,5],[3,5],[7,8],[7,9],[8,9]],[[3,7],[4,7],[5,7],[3,9],[4,9],[5,9],[3,8],[4,8],[5,8]],[[3,10],[4,10],[5,10],[8,10],[7,10],[9,10]]]
108|false|[2]|[[[1,2],[1,5],[1,9],[2,8],[5,8],[8,9],[2,6],[5,6],[6,9],[4,6],[6,7],[3,6],[1,4],[1,7],[1,3],[4,8],[7,8],[3,8]],[[1,6],[1,8],[6,8]],[[1,10],[8,10],[6,10]],[[2,3],[3,5],[3,9],[2,4],[4,5],[4,9],[2,7],[5,7],[7,9]],[[2,5],[5,9],[2,9],[4,7],[3,7],[3,4]],[[2,10],[5,10],[9,10],[4,10],[7,10],[3,10]]]
108|false|[2]|[[[1,2],[1,9],[2,9],[6,7],[5,6],[5,7]],[[1,3],[1,4],[1,8],[3,9],[4,9],[8,9],[2,3],[2,4],[2,8],[3,6],[4,6],[6,8],[3,5],[4,5],[5,8],[3,7],[4,7],[7,8]],[[1,5],[6,9],[2,7],[1,7],[5,9],[2,6],[1,6],[7,9],[2,5]],[[1,10],[9,10],[2,10],[6,10],[5,10],[7,10]],[[3,4],[4,8],[3,8]],[[3,10],[4,10],[8,10]]]
108|false|[2]|[[[1,2],[4,5],[6,8],[1,6],[2,5],[4,8],[1,4],[5,6],[2,8]],[[1,3],[1,9],[1,7],[3,5],[5,9],[5,7],[3,8],[8,9],[7,8]],[[1,5],[5,8],[1,8]],[[1,10],[5,10],[8,10]],[[2,3],[2,9],[2,7],[3,4],[4,9],[4,7],[3,6],[6,9],[6,7]],[[2,4],[4,6],[2,6]],[[2,10],[4,10],[6,10]],[[3,7],[3,9],[7,9]],[[3,10],[9,10],[7,10]]]
108|false|exact|[[[1,2],[2,6],[1,6]],[[1,3],[2,3],[3,6],[1,4],[2,4],[4,6],[1,5],[2,5],[5,6],[1,8],[2,8],[6,8],[1,7],[2,7],[6,7],[1,9],[2,9],[6,9]],[[1,10],[2,10],[6,10]],[[3,4],[4,5],[3,5],[7,8],[7,9],[8,9]],[[3,7],[4,7],[5,7],[3,9],[4,9],[5,9],[3,8],[4,8],[5,8]],[[3,10],[4,10],[5,10],[8,10],[7,10],[9,10]]]
108|false|[2]|[[[1,2],[6,8],[3,9],[5,9],[1,4],[7,8],[6,7],[3,5],[2,4]],[[1,3],[2,8],[6,9],[5,8],[4,9],[1,7],[4,6],[3,7],[2,5],[1,5],[2,7],[3,8],[7,9],[3,4],[1,6],[4,8],[5,6],[2,9],[1,9],[2,6],[5,7],[3,6],[4,5],[1,8],[4,7],[8,9],[2,3]],[[1,10],[8,10],[9,10],[5,10],[4,10],[7,10],[6,10],[3,10],[2,10]]]
112|false|exact|[[[1,2],[2,3],[2,4],[2,5],[2,7],[2,10],[2,8],[2,9],[1,6],[3,6],[4,6],[5,6],[6,7],[6,10],[6,8],[6,9]],[[1,3],[4,5],[7,10],[8,9],[1,7],[5,9],[4,8],[3,10],[1,8],[3,9],[5,10],[4,7],[1,10],[3,7],[4,9],[5,8],[1,4],[7,8],[3,5],[9,10],[1,5],[8,10],[7,9],[3,4],[1,9],[4,10],[3,8],[5,7]],[[2,6]]]
120|false|[2]|[[[1,2],[4,9],[1,3],[2,4],[3,9]],[[1,4],[3,4],[2,3],[2,9],[1,9]],[[1,5],[4,5],[3,5],[2,5],[5,9],[1,6],[4,6],[3,6],[2,6],[6,9],[1,8],[4,8],[3,8],[2,8],[8,9],[1,7],[4,7],[3,7],[2,7],[7,9]],[[1,10],[4,10],[3,10],[2,10],[9,10]],[[5,6],[7,8],[5,7],[6,8],[5,8],[6,7]],[[5,10],[6,10],[8,10],[7,10]]]
120|false|[2]|[[[1,2],[1,10],[5,10],[5,7],[2,7]],[[1,3],[3,10],[3,5],[3,7],[2,3],[1,6],[2,6],[6,7],[5,6],[6,10],[1,8],[8,10],[5,8],[7,8],[2,8],[1,4],[2,4],[4,7],[4,5],[4,10]],[[1,5],[7,10],[2,5],[1,7],[2,10]],[[1,9],[9,10],[5,9],[7,9],[2,9]],[[3,4],[6,8],[3,8],[4,6],[3,6],[4,8]],[[3,9],[6,9],[8,9],[4,9]]]
120|false|[2]|[[[1,2],[4,8],[1,6],[2,8],[4,6]],[[1,3],[3,8],[3,6],[2,3],[3,4],[1,7],[7,8],[6,7],[2,7],[4,7],[1,9],[8,9],[6,9],[2,9],[4,9],[1,5],[5,8],[5,6],[2,5],[4,5]],[[1,4],[1,8],[6,8],[2,6],[2,4]],[[1,10],[8,10],[6,10],[2,10],[4,10]],[[3,5],[7,9],[3,9],[5,7],[3,7],[5,9]],[[3,10],[7,10],[9,10],[5,10]]]
120|false|[2]|[[[1,2],[1,10],[1,6],[2,3],[3,10],[3,6]],[[1,3]],[[1,4],[1,7],[1,9],[1,5],[1,8],[3,4],[3,5],[3,7],[3,8],[3,9]],[[2,4],[2,7],[2,9],[2,5],[2,8],[4,10],[7,10],[9,10],[5,10],[8,10],[4,6],[6,7],[6,9],[5,6],[6,8]],[[2,6],[2,10],[6,10]],[[4,5],[7,8],[4,9],[5,7],[8,9],[4,8],[5,9],[4,7],[5,8],[7,9]]]
120|false|[2]|[[[1,2]],[[1,3],[1,4],[1,9],[1,7],[1,6],[2,3],[2,4],[2,9],[2,7],[2,6]],[[1,5],[1,10],[1,8],[2,5],[2,8],[2,10]],[[3,4],[4,9],[7,9],[6,7],[3,6],[3,7],[4,7],[4,6],[6,9],[3,9]],[[3,5],[4,5],[5,9],[5,7],[5,6],[3,10],[4,10],[9,10],[7,10],[6,10],[3,8],[4,8],[8,9],[7,8],[6,8]],[[5,8],[5,10],[8,10]]]
120|false|[2]|[[[1,2],[2,3],[2,8],[2,5],[2,4],[1,6],[5,6],[3,6],[4,6],[6,8]],[[1,3],[3,8],[5,8],[4,5],[1,4],[1,5],[3,5],[3,4],[4,8],[1,8]],[[1,7],[3,7],[7,8],[5,7],[4,7],[1,10],[3,10],[8,10],[5,10],[4,10],[1,9],[3,9],[8,9],[5,9],[4,9]],[[2,6]],[[2,7],[2,10],[2,9],[6,9],[6,10],[6,7]],[[7,9],[7,10],[9,10]]]
120|false|[2]|[[[1,2]],[[1,3],[1,6],[1,8],[1,10],[1,4]],[[1,5],[1,9],[1,7]],[[2,3],[2,6],[2,8],[2,10],[2,4]],[[2,5],[2,9],[2,7]],[[3,4],[3,6],[6,8],[8,10],[4,10],[3,10],[3,8],[4,8],[4,6],[6,10]],[[3,5],[5,6],[5,8],[5,10],[4,5],[3,9],[6,9],[8,9],[9,10],[4,9],[3,7],[6,7],[7,8],[7,10],[4,7]],[[5,7],[5,9],[7,9]]]
120|false|[2]|[[[1,2],[2,10],[2,5],[2,7],[2,3],[1,6],[6,10],[5,6],[6,7],[3,6]],[[1,3],[1,10],[5,10],[5,7],[3,7],[1,5],[1,7],[7,10],[3,10],[3,5]],[[1,4],[1,9],[1,8],[4,10],[9,10],[8,10],[4,5],[5,9],[5,8],[4,7],[7,9],[7,8],[3,4],[3,9],[3,8]],[[2,4],[2,9],[2,8],[4,6],[6,9],[6,8]],[[2,6]],[[4,8],[4,9],[8,9]]]
120|false|[2]|[[[1,2],[2,9],[2,3],[2,5],[2,4],[1,10],[9,10],[3,10],[5,10],[4,10],[1,6],[6,9],[3,6],[5,6],[4,6]],[[1,3],[5,9],[3,4],[1,5],[4,9]],[[1,4],[1,9],[3,9],[3,5],[4,5]],[[1,7],[7,9],[3,7],[5,7],[4,7],[1,8],[4,8],[5,8],[3,8],[8,9]],[[2,6],[2,10],[6,10]],[[2,7],[2,8],[7,10],[8,10],[6,7],[6,8]],[[7,8]]]
120|false|[2]|[[[1,2],[2,8],[2,9],[1,6],[6,8],[6,9]],[[1,3],[1,5],[1,4],[1,10],[1,7],[3,8],[5,8],[4,8],[8,10],[7,8],[3,9],[5,9],[4,9],[9,10],[7,9]],[[1,8],[8,9],[1,9]],[[2,3],[2,5],[2,4],[2,10],[2,7],[3,6],[5,6],[4,6],[6,10],[6,7]],[[2,6]],[[3,4],[5,10],[4,7],[3,10],[5,7],[3,7],[4,5],[7,10],[3,5],[4,10]]]
126|false|[3]|[[[1,2],[2,7],[2,4],[2,9],[2,3],[2,8],[2,5],[1,6],[3,6],[6,7],[6,8],[4,6],[5,6],[6,9],[1,10],[4,10],[3,10],[5,10],[7,10],[9,10],[8,10]],[[1,3],[7,8],[4,5],[1,9],[3,7],[4,8],[5,9],[1,4],[3,5],[7,9],[1,8],[3,4],[5,7],[8,9],[1,7],[4,9],[3,8],[1,5],[4,7],[3,9],[5,8]],[[2,6],[6,10],[2,10]]]
126|false|[3]|[[[1,2],[2,8],[2,9],[2,7],[2,5],[2,3],[2,4],[1,6],[5,6],[6,8],[3,6],[6,9],[4,6],[6,7],[1,10],[9,10],[5,10],[4,10],[8,10],[7,10],[3,10]],[[1,3],[4,8],[1,9],[7,8],[5,9],[3,7],[4,5],[1,4],[5,7],[1,8],[3,5],[8,9],[3,4],[7,9],[1,7],[3,9],[1,5],[4,9],[5,8],[4,7],[3,8]],[[2,6],[6,10],[2,10]]]
128|false|exact|[[[1,2],[2,10],[2,4],[2,9],[2,5],[2,3],[2,8],[2,7],[1,6],[6,10],[4,6],[6,9],[5,6],[3,6],[6,8],[6,7]],[[1,3],[5,10],[1,5],[3,10],[4,7],[8,9],[4,8],[7,9]],[[1,4],[9,10],[1,9],[4,10],[5,8],[3,7],[5,7],[3,8]],[[1,7],[8,10],[1,8],[7,10],[4,5],[3,9],[3,4],[5,9]],[[1,10],[4,9],[3,5],[7,8]],[[2,6]]]
128|false|exact|[[[1,2],[4,10],[1,4],[2,10],[3,7],[5,9],[3,9],[5,7],[7,10],[1,9],[1,7],[9,10],[2,5],[3,4],[2,3],[4,5]],[[1,3],[5,10],[2,7],[4,9],[1,5],[3,10],[2,9],[4,7]],[[1,6],[6,10],[3,6],[5,6],[7,8],[8,9],[2,8],[4,8],[1,8],[8,10],[3,8],[5,8],[2,6],[4,6],[6,7],[6,9]],[[1,10],[3,5],[7,9],[2,4]],[[6,8]]]
128|false|exact|[[[1,2],[4,10],[1,4],[2,10],[5,9],[3,7],[5,7],[3,9],[1,7],[9,10],[1,9],[7,10],[2,3],[4,5],[3,4],[2,5]],[[1,3],[5,10],[1,5],[3,10],[4,9],[2,7],[2,9],[4,7]],[[1,6],[6,10],[5,6],[3,6],[8,9],[7,8],[2,8],[4,8],[1,8],[8,10],[5,8],[3,8],[6,9],[6,7],[2,6],[4,6]],[[1,10],[3,5],[7,9],[2,4]],[[6,8]]]
128|false|exact|[[[1,2],[4,10],[1,4],[2,10],[7,8],[6,9],[8,9],[6,7],[2,8],[4,6],[2,6],[4,8],[7,10],[1,9],[1,7],[9,10]],[[1,3],[3,10],[3,8],[3,6],[2,5],[4,5],[5,7],[5,9],[1,5],[5,10],[5,8],[5,6],[2,3],[3,4],[3,9],[3,7]],[[1,6],[8,10],[1,8],[6,10],[2,9],[4,7],[2,7],[4,9]],[[1,10],[6,8],[2,4],[7,9]],[[3,5]]]
128|false|exact|[[[1,2],[1,3],[1,5],[1,4],[2,10],[3,10],[5,10],[4,10],[1,6],[1,7],[1,9],[1,8],[6,10],[7,10],[9,10],[8,10]],[[1,10]],[[2,3],[4,5],[6,7],[8,9]],[[2,4],[3,5],[2,5],[3,4],[6,8],[7,9],[6,9],[7,8]],[[2,6],[3,7],[2,7],[3,6],[5,8],[4,9],[5,9],[4,8],[2,8],[3,9],[2,9],[3,8],[5,7],[4,6],[5,6],[4,7]]]
128|false|exact|[[[1,2],[2,4],[2,9],[2,5],[2,7],[2,10],[2,3],[2,8],[1,6],[4,6],[6,9],[5,6],[3,6],[6,8],[6,10],[6,7]],[[1,3],[4,8],[1,8],[3,4],[9,10],[5,7],[7,9],[5,10],[4,7],[1,10],[1,7],[4,10],[3,9],[5,8],[3,5],[8,9]],[[1,4],[5,9],[7,10],[3,8]],[[1,5],[4,9],[1,9],[4,5],[7,8],[3,10],[3,7],[8,10]],[[2,6]]]
128|false|exact|[[[1,2],[2,10],[2,9],[2,4],[6,8],[6,7],[3,6],[5,6],[1,6],[6,10],[6,9],[4,6],[2,7],[2,8],[2,3],[2,5]],[[1,3],[5,10],[1,5],[3,10],[7,9],[4,8],[8,9],[4,7],[1,7],[8,10],[1,8],[7,10],[3,4],[5,9],[4,5],[3,9]],[[1,4],[9,10],[1,9],[4,10],[5,8],[3,7],[3,8],[5,7]],[[1,10],[4,9],[7,8],[3,5]],[[2,6]]]
128|false|exact|[[[1,2],[2,10],[2,5],[2,9],[6,8],[3,6],[4,6],[6,7],[1,6],[6,10],[6,9],[5,6],[2,8],[2,3],[2,4],[2,7]],[[1,3],[8,10],[1,8],[3,10],[5,7],[4,9],[4,5],[7,9],[8,9],[3,5],[5,8],[3,9],[1,4],[7,10],[4,10],[1,7]],[[1,5],[9,10],[1,9],[5,10],[4,8],[3,7],[7,8],[3,4]],[[1,10],[5,9],[3,8],[4,7]],[[2,6]]]
128|false|exact|[[[1,2],[4,10],[1,4],[2,10],[6,7],[8,9],[6,9],[7,8],[1,7],[9,10],[1,9],[7,10],[2,6],[4,8],[4,6],[2,8]],[[1,3],[3,10],[3,6],[3,8],[3,4],[2,3],[3,7],[3,9],[1,5],[5,10],[5,6],[5,8],[4,5],[2,5],[5,9],[5,7]],[[1,6],[8,10],[1,8],[6,10],[4,7],[2,9],[4,9],[2,7]],[[1,10],[6,8],[2,4],[7,9]],[[3,5]]]
128|false|exact|[[[1,2],[2,3],[2,4],[2,8],[6,10],[6,7],[5,6],[6,9]],[[1,3],[4,8],[7,10],[5,9]],[[1,4],[3,8],[1,8],[3,4],[5,10],[7,9],[9,10],[5,7]],[[1,5],[3,9],[1,9],[3,5],[4,7],[8,10],[4,10],[7,8],[1,10],[3,7],[1,7],[3,10],[8,9],[4,5],[5,8],[4,9]],[[1,6],[3,6],[4,6],[6,8],[2,10],[2,7],[2,5],[2,9]],[[2,6]]]
128|false|exact|[[[1,2],[2,8],[2,7],[2,10],[2,5],[2,4],[2,9],[2,3],[1,6],[6,8],[6,7],[6,10],[6,9],[3,6],[4,6],[5,6]],[[1,3],[8,9],[1,9],[3,8],[4,7],[5,10],[5,7],[4,10],[1,5],[4,8],[1,4],[5,8],[3,7],[9,10],[7,9],[3,10]],[[1,7],[8,10],[1,10],[7,8],[5,9],[3,4],[3,5],[4,9]],[[1,8],[7,10],[4,5],[3,9]],[[2,6]]]
128|false|exact|[[[1,2],[2,5],[2,3],[2,4],[2,6],[2,9],[2,8],[2,7]],[[1,3],[4,5],[3,5],[1,4],[6,8],[7,9],[8,9],[6,7]],[[1,5],[3,4],[6,9],[7,8]],[[1,6],[5,9],[1,9],[5,6],[3,8],[4,7],[3,7],[4,8],[1,8],[5,7],[1,7],[5,8],[3,9],[4,6],[3,6],[4,9]],[[1,10],[5,10],[3,10],[4,10],[6,10],[9,10],[8,10],[7,10]],[[2,10]]]
128|false|exact|[[[1,2],[4,10],[2,10],[1,4],[3,9],[5,7],[3,7],[5,9]],[[1,3],[5,10],[1,5],[3,10],[2,9],[4,7],[2,7],[4,9],[1,9],[7,10],[1,7],[9,10],[3,4],[2,5],[4,5],[2,3]],[[1,6],[6,10],[2,6],[4,6],[1,8],[8,10],[4,8],[2,8],[6,9],[6,7],[3,6],[5,6],[8,9],[7,8],[5,8],[3,8]],[[1,10],[2,4],[7,9],[3,5]],[[6,8]]]
128|false|exact|[[[1,2],[1,4],[2,10],[4,10],[1,5],[1,3],[5,10],[3,10]],[[1,6],[6,10],[1,8],[8,10],[1,9],[9,10],[1,7],[7,10]],[[1,10]],[[2,3],[4,5],[2,5],[3,4]],[[2,4],[3,5]],[[2,6],[4,6],[2,8],[4,8],[5,9],[3,9],[5,7],[3,7],[2,9],[4,9],[2,7],[4,7],[5,8],[3,8],[5,6],[3,6]],[[6,7],[8,9],[6,9],[7,8]],[[6,8],[7,9]]]
128|false|exact|[[[1,2],[4,10],[2,10],[1,4],[5,7],[3,9],[3,7],[5,9]],[[1,3],[5,10],[1,5],[3,10],[2,7],[4,9],[2,9],[4,7],[1,9],[7,10],[1,7],[9,10],[4,5],[2,3],[3,4],[2,5]],[[1,6],[6,10],[2,6],[4,6],[1,8],[8,10],[4,8],[2,8],[5,6],[3,6],[6,7],[6,9],[5,8],[3,8],[8,9],[7,8]],[[1,10],[2,4],[3,5],[7,9]],[[6,8]]]
144|false|[3]|[[[1,2],[1,6],[1,4],[1,8]],[[1,3],[1,7],[1,5],[1,10]],[[1,9]],[[2,3],[6,7],[4,5],[8,10],[2,7],[3,6],[4,10],[5,8],[2,5],[6,10],[3,4],[7,8],[2,10],[5,6],[4,7],[3,8]],[[2,4],[6,8],[2,8],[4,6],[2,6],[4,8]],[[2,9],[6,9],[4,9],[8,9]],[[3,5],[7,10],[3,7],[5,10],[3,10],[5,7]],[[3,9],[7,9],[5,9],[9,10]]]
144|false|[3]|[[[1,2],[2,9],[3,5],[3,7],[1,3],[3,9],[2,5],[2,7],[1,8],[5,8],[7,10],[9,10],[1,10],[5,10],[7,8],[8,9],[1,6],[6,7],[4,9],[4,5],[1,4],[4,7],[6,9],[5,6]],[[1,5],[7,9],[1,7],[5,9],[1,9],[5,7]],[[2,3],[8,10],[4,6]],[[2,4],[2,6],[3,6],[3,4],[3,8],[2,8],[2,10],[3,10],[6,10],[6,8],[4,8],[4,10]]]
144|false|[2]|[[[1,2],[1,10],[1,6],[2,5],[5,10],[5,6],[2,3],[3,10],[3,6],[2,7],[7,10],[6,7]],[[1,3],[5,7]],[[1,4],[1,8],[1,9],[4,5],[5,8],[5,9],[3,4],[3,8],[3,9],[4,7],[7,8],[7,9]],[[1,5],[3,7]],[[1,7],[3,5]],[[2,4],[8,10],[6,9],[2,8],[9,10],[4,6],[2,9],[4,10],[6,8]],[[2,6],[2,10],[6,10]],[[4,8],[8,9],[4,9]]]
144|false|[2]|[[[1,2],[1,4],[1,3],[2,5],[4,5],[3,5],[2,7],[4,7],[3,7],[2,9],[4,9],[3,9],[1,8],[1,10],[1,6],[5,8],[5,10],[5,6],[7,8],[7,10],[6,7],[8,9],[9,10],[6,9]],[[1,5],[7,9]],[[1,7],[5,9]],[[1,9],[5,7]],[[2,3],[2,4],[3,4],[6,8],[8,10],[6,10]],[[2,6],[4,10],[3,8],[2,10],[4,8],[3,6],[2,8],[4,6],[3,10]]]
144|false|[2]|[[[1,2],[2,4],[2,10],[1,6],[4,6],[6,10]],[[1,3],[1,8],[1,7],[3,4],[4,8],[4,7],[3,10],[8,10],[7,10]],[[1,4],[4,10],[1,10]],[[1,5],[4,5],[5,10],[1,9],[4,9],[9,10]],[[2,3],[2,8],[2,7],[3,6],[6,8],[6,7]],[[2,5],[5,6],[2,9],[6,9]],[[2,6]],[[3,5],[5,8],[5,7],[3,9],[8,9],[7,9]],[[3,7],[3,8],[7,8]],[[5,9]]]
144|false|[2]|[[[1,2],[2,10],[2,4],[6,7],[3,6],[6,8],[1,6],[6,10],[4,6],[2,7],[2,3],[2,8]],[[1,3],[7,10],[4,8],[1,8],[3,10],[4,7],[1,7],[8,10],[3,4]],[[1,4],[1,10],[4,10],[7,8],[3,7],[3,8]],[[1,5],[5,10],[4,5],[7,9],[3,9],[8,9],[1,9],[9,10],[4,9],[5,7],[3,5],[5,8]],[[2,5],[6,9],[2,9],[5,6]],[[2,6]],[[5,9]]]
144|false|[2]|[[[1,2],[5,8]],[[1,3],[3,8],[1,10],[8,10],[1,4],[4,8],[2,4],[4,5],[2,3],[3,5],[2,10],[5,10],[1,9],[8,9],[1,7],[7,8],[1,6],[6,8],[2,6],[5,6],[2,9],[5,9],[2,7],[5,7]],[[1,5],[2,8]],[[1,8],[2,5]],[[3,4],[3,10],[4,10],[6,9],[7,9],[6,7]],[[3,6],[7,10],[4,9],[3,7],[9,10],[4,6],[3,9],[6,10],[4,7]]]
144|false|[2]|[[[1,2],[2,10],[2,7],[2,3],[2,9],[2,5],[1,6],[6,10],[6,7],[3,6],[6,9],[5,6]],[[1,3],[9,10],[5,7],[1,5],[3,10],[7,9],[1,9],[5,10],[3,7]],[[1,4],[4,10],[4,7],[3,4],[4,9],[4,5],[1,8],[8,10],[7,8],[3,8],[8,9],[5,8]],[[1,7],[1,10],[7,10],[3,5],[3,9],[5,9]],[[2,4],[4,6],[2,8],[6,8]],[[2,6]],[[4,8]]]
144|false|[2]|[[[1,2],[1,3],[1,4],[2,5],[3,5],[4,5],[9,10],[6,9],[8,9],[7,10],[6,7],[7,8],[2,9],[4,9],[3,9],[2,7],[4,7],[3,7],[1,10],[1,6],[1,8],[5,10],[5,6],[5,8]],[[1,5],[7,9]],[[1,7],[5,9],[1,9],[5,7]],[[2,3],[3,4],[2,4],[6,10],[6,8],[8,10]],[[2,6],[3,8],[4,10],[2,8],[3,10],[4,6],[2,10],[3,6],[4,8]]]
144|false|[2]|[[[1,2],[1,3],[1,4],[2,9],[3,9],[4,9],[2,5],[4,5],[3,5],[2,7],[4,7],[3,7],[9,10],[6,9],[8,9],[1,10],[1,6],[1,8],[5,10],[5,8],[5,6],[7,10],[7,8],[6,7]],[[1,5],[7,9],[5,9],[1,7]],[[1,9],[5,7]],[[2,3],[3,4],[2,4],[6,10],[6,8],[8,10]],[[2,6],[2,10],[2,8],[3,6],[3,10],[3,8],[4,6],[4,10],[4,8]]]
144|false|[2]|[[[1,2],[5,8]],[[1,3],[1,4],[1,10],[2,3],[2,4],[2,10],[5,6],[5,9],[5,7],[6,8],[8,9],[7,8]],[[1,5],[2,8],[2,5],[1,8]],[[1,6],[1,9],[1,7],[2,6],[2,9],[2,7],[5,10],[3,5],[4,5],[8,10],[3,8],[4,8]],[[3,4],[4,10],[3,10],[6,9],[7,9],[6,7]],[[3,6],[4,9],[7,10],[3,7],[4,6],[9,10],[3,9],[4,7],[6,10]]]
144|false|[2]|[[[1,2],[1,3],[1,8],[2,9],[8,9],[3,9],[6,7],[4,7],[7,10],[5,6],[5,10],[4,5]],[[1,4],[1,10],[1,6],[4,9],[9,10],[6,9],[7,8],[2,7],[3,7],[5,8],[2,5],[3,5]],[[1,5],[7,9],[1,7],[5,9]],[[1,9],[5,7]],[[2,3],[3,8],[2,8],[4,6],[4,10],[6,10]],[[2,4],[2,10],[2,6],[3,4],[3,10],[3,6],[4,8],[8,10],[6,8]]]
144|false|[2]|[[[1,2],[1,3],[1,4],[2,9],[3,9],[4,9],[2,5],[4,5],[3,5],[2,7],[4,7],[3,7],[1,8],[1,6],[1,10],[8,9],[6,9],[9,10],[5,8],[5,10],[5,6],[7,8],[7,10],[6,7]],[[1,5],[7,9],[5,9],[1,7]],[[1,9],[5,7]],[[2,3],[3,4],[2,4],[6,8],[6,10],[8,10]],[[2,6],[2,10],[2,8],[3,6],[3,10],[3,8],[4,6],[4,10],[4,8]]]
144|false|[2]|[[[1,2],[5,8]],[[1,3],[2,3],[1,10],[2,10],[1,4],[2,4],[5,10],[8,10],[3,5],[3,8],[4,5],[4,8],[1,6],[2,6],[1,9],[2,9],[1,7],[2,7],[8,9],[5,9],[6,8],[5,6],[7,8],[5,7]],[[1,5],[2,8],[2,5],[1,8]],[[3,4],[3,10],[4,10],[6,7],[6,9],[7,9]],[[3,6],[6,10],[4,6],[3,9],[9,10],[4,9],[3,7],[7,10],[4,7]]]
144|false|[2]|[[[1,2],[1,9],[2,9],[4,5],[3,5],[3,4]],[[1,3],[3,9],[2,3],[1,4],[4,9],[2,4],[1,5],[5,9],[2,5]],[[1,6],[6,9],[2,6],[1,7],[2,7],[7,9],[5,8],[3,8],[4,8],[5,10],[4,10],[3,10]],[[1,8],[8,9],[2,8],[1,10],[2,10],[9,10],[5,7],[3,7],[4,7],[5,6],[4,6],[3,6]],[[6,7],[8,10]],[[6,8],[7,10],[7,8],[6,10]]]
144|false|[2]|[[[1,2],[1,4],[1,3],[2,7],[4,7],[3,7],[2,9],[4,9],[3,9],[2,5],[4,5],[3,5],[1,6],[1,10],[1,8],[6,9],[9,10],[8,9],[6,7],[7,10],[7,8],[5,6],[5,10],[5,8]],[[1,5],[7,9]],[[1,7],[5,9],[1,9],[5,7]],[[2,3],[2,4],[3,4],[6,8],[6,10],[8,10]],[[2,6],[4,8],[3,10],[2,8],[4,10],[3,6],[2,10],[4,6],[3,8]]]
144|false|[2]|[[[1,2],[1,8],[1,3],[4,9],[6,9],[9,10],[2,5],[5,8],[3,5],[4,7],[7,10],[6,7],[2,7],[7,8],[3,7],[4,5],[5,10],[5,6],[2,9],[8,9],[3,9],[1,4],[1,6],[1,10]],[[1,5],[7,9]],[[1,7],[5,9]],[[1,9],[5,7]],[[2,3],[2,8],[3,8],[4,10],[4,6],[6,10]],[[2,4],[8,10],[3,6],[2,6],[4,8],[3,10],[2,10],[6,8],[3,4]]]
144|false|[2]|[[[1,2],[1,3],[1,4],[7,10],[6,7],[7,8],[2,7],[3,7],[4,7],[1,8],[1,6],[1,10],[2,5],[3,5],[4,5],[9,10],[6,9],[8,9],[2,9],[3,9],[4,9],[5,8],[5,6],[5,10]],[[1,5],[7,9]],[[1,7],[5,9]],[[1,9],[5,7]],[[2,3],[3,4],[2,4],[6,10],[6,8],[8,10]],[[2,6],[3,8],[4,10],[2,10],[3,6],[4,8],[2,8],[3,10],[4,6]]]
144|false|[2]|[[[1,2],[1,3],[1,8],[6,9],[4,9],[9,10],[2,9],[3,9],[8,9],[1,6],[1,4],[1,10],[2,7],[3,7],[7,8],[5,10],[4,5],[5,6],[2,5],[3,5],[5,8],[7,10],[4,7],[6,7]],[[1,5],[5,9],[7,9],[1,7]],[[1,9],[5,7]],[[2,3],[3,8],[2,8],[4,6],[4,10],[6,10]],[[2,4],[2,10],[2,6],[3,4],[3,10],[3,6],[4,8],[8,10],[6,8]]]
144|false|[2]|[[[1,2],[1,3],[1,8],[4,5],[5,10],[5,6],[2,9],[3,9],[8,9],[4,7],[7,10],[6,7]],[[1,4],[1,10],[1,6],[2,5],[5,8],[3,5],[4,9],[9,10],[6,9],[2,7],[7,8],[3,7]],[[1,5],[7,9]],[[1,7],[5,9]],[[1,9],[5,7]],[[2,3],[3,8],[2,8],[4,10],[6,10],[4,6]],[[2,4],[2,10],[2,6],[3,4],[3,10],[3,6],[4,8],[8,10],[6,8]]]
144|false|[2]|[[[1,2],[1,3],[1,4],[2,5],[4,5],[3,5],[7,10],[7,8],[6,7],[9,10],[6,9],[8,9]],[[1,5],[7,9]],[[1,6],[1,10],[1,8],[5,6],[5,8],[5,10],[2,7],[4,7],[3,7],[2,9],[3,9],[4,9]],[[1,7],[5,9],[5,7],[1,9]],[[2,3],[3,4],[2,4],[8,10],[6,8],[6,10]],[[2,6],[3,6],[4,6],[2,10],[3,10],[4,10],[2,8],[3,8],[4,8]]]
144|false|[2]|[[[1,2],[2,5],[2,9],[2,10],[2,3],[2,7],[1,6],[5,6],[6,9],[6,10],[3,6],[6,7]],[[1,3],[5,7],[9,10],[1,10],[3,5],[7,9],[1,7],[5,10],[3,9]],[[1,4],[4,5],[4,9],[8,10],[3,8],[7,8],[1,8],[5,8],[8,9],[4,10],[3,4],[4,7]],[[1,5],[5,9],[1,9],[3,10],[3,7],[7,10]],[[2,4],[2,8],[6,8],[4,6]],[[2,6]],[[4,8]]]
144|false|[2]|[[[1,2],[2,8],[2,9],[2,10],[2,5],[2,4],[1,6],[6,9],[6,8],[6,10],[5,6],[4,6]],[[1,3],[3,8],[3,9],[7,10],[5,7],[4,7],[1,7],[7,9],[7,8],[3,10],[3,5],[3,4]],[[1,4],[1,5],[1,10],[4,8],[5,8],[8,10],[4,9],[5,9],[9,10]],[[1,8],[8,9],[1,9],[5,10],[4,5],[4,10]],[[2,3],[2,7],[3,6],[6,7]],[[2,6]],[[3,7]]]
144|false|[2]|[[[1,2],[6,10]],[[1,3],[1,9],[1,5],[1,7],[1,4],[1,8],[3,10],[9,10],[5,10],[7,10],[4,10],[8,10]],[[1,6],[2,10]],[[1,10]],[[2,3],[2,9],[2,5],[2,7],[2,4],[2,8],[3,6],[6,9],[5,6],[6,7],[4,6],[6,8]],[[2,6]],[[3,4],[8,9],[5,7],[3,7],[4,9],[5,8],[3,8],[7,9],[4,5]],[[3,5],[3,9],[5,9],[7,8],[4,7],[4,8]]]
144|false|[2]|[[[1,2],[1,5],[2,4],[4,5],[2,3],[3,5],[2,8],[5,8],[2,7],[5,7],[2,6],[5,6]],[[1,3],[1,4],[3,4],[6,8],[7,8],[6,7]],[[1,6],[4,8],[3,7],[1,7],[4,6],[3,8],[1,8],[4,7],[3,6]],[[1,9],[1,10],[4,9],[4,10],[3,9],[3,10],[8,10],[8,9],[7,10],[7,9],[6,10],[6,9]],[[2,5]],[[2,9],[5,10],[2,10],[5,9]],[[9,10]]]
144|false|[2]|[[[1,2],[2,7],[2,10],[2,3],[2,5],[2,9],[1,6],[6,10],[6,7],[3,6],[5,6],[6,9]],[[1,3],[5,7],[9,10],[1,9],[3,7],[5,10],[1,5],[7,9],[3,10]],[[1,4],[4,7],[4,10],[3,4],[4,5],[4,9],[1,8],[7,8],[8,10],[3,8],[5,8],[8,9]],[[1,7],[7,10],[1,10],[3,5],[5,9],[3,9]],[[2,4],[4,6],[2,8],[6,8]],[[2,6]],[[4,8]]]
144|false|[2]|[[[1,2],[2,9],[2,5],[2,10],[2,7],[2,3],[1,6],[6,9],[5,6],[6,10],[6,7],[3,6]],[[1,3],[9,10],[5,7],[1,7],[3,9],[5,10],[1,10],[7,9],[3,5]],[[1,4],[4,9],[4,5],[8,10],[7,8],[3,8]],[[1,5],[1,9],[5,9],[3,10],[7,10],[3,7]],[[1,8],[8,9],[5,8],[4,10],[4,7],[3,4]],[[2,4],[2,8],[4,6],[6,8]],[[2,6]],[[4,8]]]
144|false|[2]|[[[1,2],[2,5],[2,10],[2,7],[2,9],[2,4],[1,6],[5,6],[6,10],[6,9],[6,7],[4,6]],[[1,3],[3,5],[3,10],[7,8],[8,9],[4,8],[1,8],[5,8],[8,10],[3,7],[3,9],[3,4]],[[1,4],[5,9],[7,10],[1,9],[5,7],[4,10],[1,7],[4,5],[9,10]],[[1,5],[5,10],[1,10],[7,9],[4,9],[4,7]],[[2,3],[2,8],[3,6],[6,8]],[[2,6]],[[3,8]]]
144|false|[2]|[[[1,2],[1,5],[1,4],[6,7],[7,9],[7,8],[2,7],[5,7],[4,7],[1,6],[1,9],[1,8]],[[1,3],[3,7]],[[1,7]],[[1,10],[7,10]],[[2,3],[3,5],[3,4],[3,6],[3,9],[3,8]],[[2,4],[2,5],[4,5],[6,8],[6,9],[8,9]],[[2,6],[5,9],[4,8],[2,8],[5,6],[4,9],[2,9],[5,8],[4,6]],[[2,10],[5,10],[4,10],[6,10],[9,10],[8,10]],[[3,10]]]
144|false|[2]|[[[1,2],[5,8]],[[1,3],[2,3],[1,10],[2,10],[1,4],[2,4],[3,5],[3,8],[5,10],[8,10],[4,5],[4,8],[1,6],[2,6],[1,9],[2,9],[1,7],[2,7],[5,6],[6,8],[5,9],[8,9],[5,7],[7,8]],[[1,5],[2,8],[2,5],[1,8]],[[3,4],[3,10],[4,10],[6,7],[6,9],[7,9]],[[3,6],[3,7],[3,9],[6,10],[7,10],[9,10],[4,6],[4,7],[4,9]]]
144|false|[2]|[[[1,2],[1,3],[1,4],[5,10],[5,8],[5,6],[2,5],[3,5],[4,5],[1,10],[1,8],[1,6],[2,7],[3,7],[4,7],[9,10],[8,9],[6,9],[2,9],[3,9],[4,9],[7,10],[7,8],[6,7]],[[1,5],[7,9]],[[1,7],[5,7],[5,9],[1,9]],[[2,3],[3,4],[2,4],[8,10],[6,8],[6,10]],[[2,6],[3,10],[4,8],[2,10],[3,8],[4,6],[2,8],[3,6],[4,10]]]
144|false|[2]|[[[1,2],[2,9],[2,4],[2,3],[1,10],[9,10],[4,10],[3,10],[1,6],[6,9],[4,6],[3,6]],[[1,3],[4,9]],[[1,4],[3,9],[1,9],[3,4]],[[1,5],[1,7],[1,8],[5,9],[8,9],[7,9],[4,5],[4,8],[4,7],[3,5],[3,7],[3,8]],[[2,5],[2,7],[2,8],[5,10],[7,10],[8,10],[5,6],[6,7],[6,8]],[[2,6],[2,10],[6,10]],[[5,7],[7,8],[5,8]]]
144|false|[2]|[[[1,2],[1,3],[1,4],[2,5],[3,5],[4,5],[2,7],[3,7],[4,7],[2,9],[3,9],[4,9],[1,10],[1,6],[1,8],[5,10],[5,6],[5,8],[7,10],[6,7],[7,8],[9,10],[6,9],[8,9]],[[1,5],[7,9]],[[1,7],[5,9],[5,7],[1,9]],[[2,3],[3,4],[2,4],[6,10],[6,8],[8,10]],[[2,6],[3,6],[4,6],[2,8],[3,8],[4,8],[2,10],[3,10],[4,10]]]
144|false|[2]|[[[1,2],[1,3],[1,8],[2,7],[3,7],[7,8],[2,9],[3,9],[8,9],[2,5],[3,5],[5,8]],[[1,4],[1,10],[1,6],[4,7],[6,7],[7,10],[4,9],[9,10],[6,9],[4,5],[5,6],[5,10]],[[1,5],[7,9],[1,9],[5,7]],[[1,7],[5,9]],[[2,3],[3,8],[2,8]],[[2,4],[3,10],[6,8],[2,6],[3,4],[8,10],[2,10],[3,6],[4,8]],[[4,6],[4,10],[6,10]]]
144|false|[2]|[[[1,2],[1,4],[1,3],[2,5],[4,5],[3,5],[2,7],[4,7],[3,7],[2,9],[4,9],[3,9]],[[1,5],[7,9]],[[1,6],[1,8],[1,10],[5,6],[5,8],[5,10],[7,8],[7,10],[6,7],[8,9],[9,10],[6,9]],[[1,7],[5,7],[1,9],[5,9]],[[2,3],[2,4],[3,4]],[[2,6],[4,8],[3,10],[2,8],[4,10],[3,6],[2,10],[4,6],[3,8]],[[6,8],[8,10],[6,10]]]
144|false|[2]|[[[1,2],[2,4],[2,3],[1,6],[4,6],[3,6],[1,10],[4,10],[3,10]],[[1,3],[1,4],[3,4]],[[1,5],[4,5],[3,5],[1,7],[3,7],[4,7],[1,9],[4,9],[3,9],[1,8],[3,8],[4,8]],[[2,5],[2,7],[2,9],[2,8],[5,6],[6,7],[6,9],[6,8],[5,10],[7,10],[9,10],[8,10]],[[2,6],[6,10],[2,10]],[[5,7],[8,9],[5,8],[7,9]],[[5,9],[7,8]]]
144|false|[2]|[[[1,2],[5,8]],[[1,3],[3,8],[3,5],[2,3],[1,4],[4,8],[4,5],[2,4],[1,10],[8,10],[5,10],[2,10]],[[1,5],[2,8],[1,8],[2,5]],[[1,6],[6,8],[5,6],[2,6],[1,9],[8,9],[5,9],[2,9],[1,7],[7,8],[5,7],[2,7]],[[3,4],[4,10],[3,10]],[[3,6],[4,9],[7,10],[3,7],[4,6],[9,10],[3,9],[4,7],[6,10]],[[6,7],[6,9],[7,9]]]
144|false|[2]|[[[1,2],[5,8]],[[1,3],[3,8],[3,5],[2,3],[1,10],[8,10],[5,10],[2,10],[1,4],[4,8],[4,5],[2,4],[1,9],[5,9],[8,9],[2,9],[1,6],[5,6],[6,8],[2,6],[1,7],[5,7],[7,8],[2,7]],[[1,5],[2,8],[1,8],[2,5]],[[3,4],[3,10],[4,10],[7,9],[6,9],[6,7]],[[3,6],[7,10],[4,9],[3,7],[9,10],[4,6],[3,9],[6,10],[4,7]]]
144|false|[2]|[[[1,2],[1,4],[1,3],[2,5],[4,5],[3,5],[6,7],[7,10],[7,8],[6,9],[9,10],[8,9]],[[1,5],[7,9]],[[1,6],[1,8],[1,10],[5,6],[5,8],[5,10],[3,7],[4,7],[2,7],[3,9],[4,9],[2,9]],[[1,7],[5,7],[1,9],[5,9]],[[2,3],[2,4],[3,4],[6,8],[6,10],[8,10]],[[2,6],[4,8],[3,10],[2,8],[4,10],[3,6],[2,10],[4,6],[3,8]]]
144|false|[2]|[[[1,2],[1,3],[1,4],[2,5],[3,5],[4,5],[2,7],[3,7],[4,7],[2,9],[3,9],[4,9],[1,8],[1,6],[1,10],[5,8],[5,6],[5,10],[8,9],[6,9],[9,10],[7,8],[6,7],[7,10]],[[1,5],[7,9]],[[1,7],[5,9],[5,7],[1,9]],[[2,3],[3,4],[2,4],[6,8],[6,10],[8,10]],[[2,6],[3,6],[4,6],[2,10],[3,10],[4,10],[2,8],[3,8],[4,8]]]
144|false|[2]|[[[1,2],[1,4],[1,3],[5,10],[5,6],[5,8],[2,5],[4,5],[3,5],[1,10],[1,6],[1,8],[2,7],[4,7],[3,7],[9,10],[6,9],[8,9],[2,9],[4,9],[3,9],[7,10],[6,7],[7,8]],[[1,5],[7,9]],[[1,7],[5,9],[5,7],[1,9]],[[2,3],[2,4],[3,4],[8,10],[6,10],[6,8]],[[2,6],[4,6],[3,6],[2,8],[4,8],[3,8],[2,10],[4,10],[3,10]]]
144|false|[2]|[[[1,2],[1,4],[1,3],[2,5],[4,5],[3,5],[5,10],[5,6],[5,8],[1,10],[1,6],[1,8],[2,7],[4,7],[3,7],[2,9],[4,9],[3,9],[6,9],[8,9],[9,10],[6,7],[7,8],[7,10]],[[1,5],[7,9]],[[1,7],[5,9],[5,7],[1,9]],[[2,3],[2,4],[3,4],[8,10],[6,10],[6,8]],[[2,6],[4,10],[3,8],[2,8],[4,6],[3,10],[2,10],[4,8],[3,6]]]
144|false|[2]|[[[1,2],[1,4],[1,3],[2,5],[4,5],[3,5],[6,7],[7,10],[7,8],[6,9],[9,10],[8,9],[2,7],[3,7],[4,7],[2,9],[3,9],[4,9],[5,6],[5,8],[5,10],[1,6],[1,8],[1,10]],[[1,5],[7,9]],[[1,7],[5,7],[1,9],[5,9]],[[2,3],[2,4],[3,4],[6,8],[6,10],[8,10]],[[2,6],[4,8],[3,10],[2,8],[4,10],[3,6],[2,10],[4,6],[3,8]]]
144|false|[2]|[[[1,2],[2,9],[2,4],[2,3],[1,6],[6,9],[4,6],[3,6],[1,10],[9,10],[4,10],[3,10]],[[1,3],[4,9]],[[1,4],[3,9],[1,9],[3,4]],[[1,5],[1,7],[1,8],[5,9],[8,9],[7,9],[4,5],[4,8],[4,7],[3,5],[3,7],[3,8]],[[2,5],[2,7],[2,8],[5,6],[6,7],[6,8],[5,10],[7,10],[8,10]],[[2,6],[6,10],[2,10]],[[5,7],[7,8],[5,8]]]
144|false|[2]|[[[1,2],[2,3],[2,4],[1,10],[3,10],[4,10],[1,6],[3,6],[4,6]],[[1,3],[3,4],[1,4]],[[1,5],[3,5],[4,5],[1,7],[4,7],[3,7],[1,9],[3,9],[4,9],[1,8],[4,8],[3,8]],[[2,5],[2,7],[2,9],[2,8],[5,10],[7,10],[9,10],[8,10],[5,6],[6,7],[6,9],[6,8]],[[2,6],[2,10],[6,10]],[[5,7],[8,9],[5,8],[7,9]],[[5,9],[7,8]]]
144|false|[2]|[[[1,2],[1,6],[1,10],[2,9],[9,10],[6,9],[2,4],[4,10],[4,6],[2,3],[3,6],[3,10]],[[1,3],[4,9]],[[1,4],[3,9],[1,9],[3,4]],[[1,5],[1,7],[1,8],[5,9],[7,9],[8,9],[4,5],[4,7],[4,8],[3,5],[3,7],[3,8]],[[2,5],[2,7],[2,8],[5,6],[6,7],[6,8],[5,10],[7,10],[8,10]],[[2,6],[6,10],[2,10]],[[5,7],[7,8],[5,8]]]
144|false|[2]|[[[1,2],[1,3],[1,4],[5,10],[5,8],[5,6],[2,5],[3,5],[4,5],[1,10],[1,8],[1,6],[2,7],[3,7],[4,7],[9,10],[8,9],[6,9],[2,9],[3,9],[4,9],[7,10],[7,8],[6,7]],[[1,5],[7,9]],[[1,7],[5,7],[5,9],[1,9]],[[2,3],[3,4],[2,4],[8,10],[6,8],[6,10]],[[2,6],[3,10],[4,8],[2,10],[3,8],[4,6],[2,8],[3,6],[4,10]]]
144|false|[2]|[[[1,2],[2,4],[2,3],[1,10],[4,10],[3,10],[1,6],[4,6],[3,6]],[[1,3],[1,4],[3,4]],[[1,5],[4,5],[3,5],[1,7],[3,7],[4,7],[1,9],[4,9],[3,9],[1,8],[3,8],[4,8]],[[2,5],[2,7],[2,9],[2,8],[5,10],[7,10],[9,10],[8,10],[5,6],[6,7],[6,9],[6,8]],[[2,6],[2,10],[6,10]],[[5,7],[8,9],[7,9],[5,8]],[[5,9],[7,8]]]
144|false|[2]|[[[1,2],[1,4],[1,3],[2,5],[4,5],[3,5],[6,7],[7,10],[7,8],[6,9],[9,10],[8,9],[2,7],[4,7],[3,7],[2,9],[4,9],[3,9],[5,8],[5,6],[5,10],[1,8],[1,6],[1,10]],[[1,5],[7,9]],[[1,7],[5,7],[1,9],[5,9]],[[2,3],[2,4],[3,4],[6,8],[6,10],[8,10]],[[2,6],[4,8],[3,10],[2,8],[4,10],[3,6],[2,10],[4,6],[3,8]]]
144|false|[2]|[[[1,2],[6,7],[3,8],[8,9],[2,5],[4,6],[4,7],[3,9],[1,5],[1,3],[5,9],[2,8],[6,8],[3,7],[4,9],[4,5],[2,6],[1,7],[1,9],[7,8],[2,4],[2,3],[6,9],[5,7],[5,8],[3,4],[1,6],[1,4],[3,6],[2,9],[2,7],[4,8],[3,5],[5,6],[7,9],[1,8]],[[1,10],[7,10],[3,10],[8,10],[2,10],[6,10],[4,10],[9,10],[5,10]]]
160|true|[2]|[[[1,2],[1,4],[2,10],[4,10],[3,10],[1,3],[5,10],[1,5],[5,9],[3,9],[5,7],[3,7],[6,7],[6,9],[7,8],[8,9],[4,8],[4,6],[2,8],[2,6]],[[1,6],[1,8],[6,10],[8,10],[3,4],[2,3],[4,5],[2,5],[1,9],[9,10],[1,7],[7,10],[3,6],[5,6],[3,8],[5,8],[4,9],[4,7],[2,9],[2,7]],[[1,10],[3,5],[7,9],[6,8],[2,4]]]
160|true|[2]|[[[1,2],[3,10],[1,3],[2,10],[3,4],[2,5],[3,5],[2,4],[5,6],[4,7],[5,7],[4,6],[7,9],[6,8],[7,8],[6,9],[8,10],[1,9],[1,8],[9,10]],[[1,4],[4,10],[1,5],[5,10],[3,6],[2,6],[3,7],[2,7],[5,9],[4,9],[5,8],[4,8],[7,10],[6,10],[1,7],[1,6],[2,8],[2,9],[3,8],[3,9]],[[1,10],[2,3],[4,5],[6,7],[8,9]]]
160|true|exact|[[[1,2],[4,10],[1,4],[2,10],[5,7],[3,9],[3,7],[5,9],[4,8],[2,6],[4,6],[2,8],[3,10],[1,5],[1,3],[5,10],[6,9],[7,8],[6,7],[8,9]],[[1,6],[8,10],[1,8],[6,10],[1,7],[9,10],[7,10],[1,9],[4,7],[2,9],[4,9],[2,7],[3,4],[2,5],[2,3],[4,5],[3,6],[5,8],[5,6],[3,8]],[[1,10],[7,9],[2,4],[3,5],[6,8]]]
160|false|[2]|[[[1,2],[1,6],[3,6],[3,7],[2,7],[1,3],[1,7],[6,7],[2,6],[2,3]],[[1,4],[4,6],[3,4],[4,7],[2,4],[1,8],[7,8],[6,8],[2,8],[3,8],[1,5],[5,6],[3,5],[5,7],[2,5],[1,9],[7,9],[6,9],[2,9],[3,9]],[[1,10],[6,10],[3,10],[7,10],[2,10]],[[4,5],[8,9]],[[4,8],[5,9],[4,9],[5,8]],[[4,10],[8,10],[5,10],[9,10]]]
162|false|exact|[[[1,2],[2,9],[1,9],[5,6],[4,6],[4,5],[3,7],[7,8],[3,8]],[[1,3],[2,7],[8,9],[2,5],[6,9],[1,4],[3,6],[4,7],[5,8],[1,7],[2,8],[3,9],[2,4],[5,9],[1,6],[5,7],[6,8],[3,4],[1,8],[2,3],[7,9],[2,6],[4,9],[1,5],[4,8],[3,5],[6,7]],[[1,10],[2,10],[9,10],[5,10],[6,10],[4,10],[3,10],[7,10],[8,10]]]
162|false|exact|[[[1,2],[6,8],[3,5],[1,9],[7,8],[4,5],[2,9],[6,7],[3,4],[1,6],[3,8],[2,5],[1,4],[8,9],[5,7],[4,6],[3,9],[2,7],[1,3],[2,8],[5,6],[1,7],[4,8],[5,9],[3,7],[2,4],[6,9]],[[1,5],[1,8],[5,8],[4,9],[7,9],[4,7],[2,3],[2,6],[3,6]],[[1,10],[8,10],[5,10],[9,10],[7,10],[4,10],[2,10],[6,10],[3,10]]]
162|false|exact|[[[1,2],[2,9],[1,9],[4,5],[3,4],[3,5],[6,8],[6,7],[7,8]],[[1,3],[2,5],[4,9],[5,7],[4,8],[3,6],[8,9],[1,6],[2,7],[1,4],[2,3],[5,9],[3,8],[5,6],[4,7],[6,9],[1,7],[2,8],[1,5],[2,4],[3,9],[4,6],[3,7],[5,8],[7,9],[1,8],[2,6]],[[1,10],[2,10],[9,10],[5,10],[4,10],[3,10],[8,10],[6,10],[7,10]]]
168|false|[3]|[[[1,2],[1,10],[1,5],[1,4],[1,3],[1,6],[1,8],[1,7]],[[1,9]],[[2,3],[6,10],[5,8],[4,7],[2,6],[4,8],[5,7],[3,10],[2,4],[5,10],[3,7],[6,8],[2,10],[7,8],[3,6],[4,5],[2,8],[3,5],[4,6],[7,10],[2,5],[6,7],[4,10],[3,8],[2,7],[3,4],[8,10],[5,6]],[[2,9],[9,10],[5,9],[4,9],[3,9],[6,9],[8,9],[7,9]]]
192|false|[2]|[[[1,2],[6,10],[6,7],[2,3],[1,6],[2,10],[2,7],[3,6]],[[1,3],[7,10]],[[1,4],[1,9],[1,5],[1,8],[4,10],[9,10],[5,10],[8,10],[4,7],[7,9],[5,7],[7,8],[3,4],[3,9],[3,5],[3,8]],[[1,7],[3,10]],[[1,10],[3,7]],[[2,4],[2,9],[2,5],[2,8],[4,6],[6,9],[5,6],[6,8]],[[2,6]],[[4,5],[8,9],[4,8],[5,9],[4,9],[5,8]]]
192|false|[2]|[[[1,2],[4,10]],[[1,3],[1,5],[1,7],[1,9],[1,8],[1,6],[3,4],[4,5],[4,7],[4,9],[4,8],[4,6],[3,10],[5,10],[9,10],[7,10],[8,10],[6,10],[2,3],[2,5],[2,9],[2,7],[2,8],[2,6]],[[1,4],[2,10]],[[1,10],[2,4]],[[3,5],[7,9],[6,8]],[[3,6],[5,8],[3,8],[5,6],[5,7],[3,9],[3,7],[5,9],[8,9],[6,7],[7,8],[6,9]]]
192|false|[2]|[[[1,2],[2,5],[2,3],[2,10],[1,6],[5,6],[3,6],[6,10]],[[1,3],[5,10],[1,5],[3,10],[1,10],[3,5]],[[1,4],[5,9],[3,9],[4,10],[1,9],[4,5],[3,4],[9,10]],[[1,7],[5,8],[3,8],[7,10],[1,8],[5,7],[3,7],[8,10]],[[2,4],[2,9],[4,6],[6,9]],[[2,6]],[[2,7],[2,8],[6,7],[6,8]],[[4,7],[8,9],[4,8],[7,9]],[[4,9]],[[7,8]]]
192|false|[2]|[[[1,2],[4,10],[1,4],[2,10]],[[1,3],[1,5],[1,8],[1,6],[1,9],[1,7],[3,10],[5,10],[8,10],[6,10],[7,10],[9,10]],[[1,10]],[[2,3],[2,5],[2,8],[2,6],[2,9],[2,7],[3,4],[4,5],[4,8],[4,6],[4,7],[4,9]],[[2,4]],[[3,5],[6,8],[7,9]],[[3,6],[5,6],[3,8],[5,8],[7,8],[6,7],[8,9],[6,9],[5,9],[5,7],[3,9],[3,7]]]
192|false|[2]|[[[1,2],[2,8],[2,3],[2,4],[2,10],[2,7],[2,5],[2,9],[1,6],[6,8],[3,6],[4,6],[6,10],[6,7],[5,6],[6,9]],[[1,3],[4,8],[1,8],[3,4],[1,4],[3,8],[5,10],[7,9],[7,10],[5,9],[9,10],[5,7]],[[1,5],[8,10],[3,9],[4,7],[1,7],[8,9],[3,10],[4,5],[1,10],[5,8],[3,7],[4,9],[1,9],[7,8],[3,5],[4,10]],[[2,6]]]
192|false|[2]|[[[1,2],[2,5],[2,8],[2,4],[1,6],[6,8],[5,6],[4,6]],[[1,3],[5,7],[8,10],[4,9],[1,10],[5,9],[3,8],[4,7],[1,7],[3,5],[8,9],[4,10],[1,9],[5,10],[7,8],[3,4]],[[1,4],[5,8],[1,8],[4,5],[1,5],[4,8]],[[2,3],[2,7],[2,10],[2,9],[3,6],[6,10],[6,7],[6,9]],[[2,6]],[[3,7],[9,10],[3,9],[7,10],[3,10],[7,9]]]
192|false|[2]|[[[1,2],[2,5],[3,7],[3,9],[1,3],[3,5],[2,7],[2,9],[1,6],[6,9],[4,5],[4,7],[1,4],[4,9],[5,6],[6,7],[1,10],[7,10],[8,9],[5,8],[1,8],[7,8],[9,10],[5,10]],[[1,5],[7,9],[1,9],[5,7],[1,7],[5,9]],[[2,3],[4,6],[8,10]],[[2,4],[2,6],[3,6],[3,4],[6,8],[6,10],[4,10],[4,8],[3,10],[2,10],[2,8],[3,8]]]
192|false|exact|[[[1,2],[1,3],[1,8],[1,9],[1,6],[1,7],[1,4],[1,5],[2,10],[3,10],[9,10],[8,10],[6,10],[7,10],[4,10],[5,10]],[[1,10]],[[2,3],[8,9],[6,7],[4,5]],[[2,4],[3,5],[7,8],[6,9],[2,5],[3,4],[7,9],[6,8],[2,7],[3,6],[5,9],[4,8],[2,6],[3,7],[4,9],[5,8],[2,9],[3,8],[4,6],[5,7],[2,8],[3,9],[4,7],[5,6]]]
192|false|exact|[[[1,2],[2,5],[2,7],[2,3],[2,6],[2,9],[2,8],[2,4]],[[1,3],[5,7],[1,7],[3,5],[4,6],[8,9],[6,8],[4,9],[1,4],[5,8],[1,8],[4,5],[7,9],[3,6],[6,7],[3,9],[1,9],[5,6],[1,6],[5,9],[3,8],[4,7],[7,8],[3,4]],[[1,5],[3,7],[6,9],[4,8]],[[1,10],[5,10],[7,10],[3,10],[6,10],[9,10],[8,10],[4,10]],[[2,10]]]
192|false|[2]|[[[1,2],[2,4],[2,10],[2,5],[2,8],[2,3],[2,9],[2,7],[1,6],[4,6],[5,6],[6,10],[6,8],[3,6],[6,7],[6,9]],[[1,3],[4,8],[7,10],[5,9]],[[1,4],[5,10],[3,8],[7,9],[1,8],[9,10],[3,4],[5,7],[1,5],[4,10],[3,9],[7,8],[1,9],[4,7],[3,5],[8,10],[1,10],[4,5],[3,7],[8,9],[1,7],[5,8],[3,10],[4,9]],[[2,6]]]
192|false|[2]|[[[1,2],[4,5],[6,7],[8,9]],[[1,3],[3,4],[3,6],[3,8],[3,7],[3,9],[2,3],[3,5]],[[1,4],[6,8],[7,9],[2,5],[1,5],[7,8],[6,9],[2,4],[1,8],[4,6],[5,7],[2,9],[1,9],[5,6],[4,7],[2,8],[1,6],[4,8],[5,9],[2,7],[1,7],[4,9],[5,8],[2,6]],[[1,10],[4,10],[6,10],[8,10],[7,10],[9,10],[2,10],[5,10]],[[3,10]]]
192|false|[2]|[[[1,2],[3,9],[6,8],[5,7],[5,8],[6,7],[2,9],[1,3],[1,6],[5,9],[2,8],[3,7],[2,7],[3,8],[6,9],[1,5],[1,8],[7,9],[2,6],[3,5],[3,6],[2,5],[8,9],[1,7]],[[1,4],[4,9],[4,6],[4,5],[4,8],[4,7],[2,4],[3,4]],[[1,9],[5,6],[7,8],[2,3]],[[1,10],[9,10],[6,10],[5,10],[8,10],[7,10],[2,10],[3,10]],[[4,10]]]
192|false|[2]|[[[1,2],[1,3],[1,5],[1,4],[1,6],[1,7],[1,8],[1,9],[2,10],[3,10],[5,10],[4,10],[8,10],[9,10],[7,10],[6,10]],[[1,10]],[[2,3],[4,5],[6,7],[8,9]],[[2,4],[3,5],[6,9],[7,8],[2,5],[3,4],[6,8],[7,9],[2,7],[3,6],[4,8],[5,9],[2,6],[3,7],[5,8],[4,9],[2,9],[3,8],[5,7],[4,6],[2,8],[3,9],[5,6],[4,7]]]
192|false|exact|[[[1,2],[2,10],[1,4],[4,10],[3,9],[5,9],[3,7],[5,7],[1,9],[9,10],[1,7],[7,10],[2,3],[3,4],[2,5],[4,5],[1,3],[3,10],[1,5],[5,10],[2,9],[2,7],[4,9],[4,7]],[[1,6],[6,10],[3,6],[5,6],[6,9],[6,7],[2,6],[4,6],[1,8],[8,10],[3,8],[5,8],[8,9],[7,8],[2,8],[4,8]],[[1,10],[3,5],[7,9],[2,4]],[[6,8]]]
192|false|[2]|[[[1,2],[4,10],[2,10],[1,4]],[[1,3],[3,10],[2,3],[3,4],[1,5],[5,10],[2,5],[4,5],[1,8],[8,10],[2,8],[4,8],[1,6],[6,10],[2,6],[4,6],[1,9],[9,10],[2,9],[4,9],[1,7],[7,10],[2,7],[4,7]],[[1,10],[2,4]],[[3,5],[6,8],[7,9]],[[3,6],[5,8],[3,8],[5,6],[7,8],[6,9],[8,9],[6,7],[5,9],[3,7],[3,9],[5,7]]]
192|false|[2]|[[[1,2],[2,3],[2,7],[2,10],[1,6],[3,6],[6,10],[6,7]],[[1,3],[7,10]],[[1,4],[3,4],[7,8],[8,10],[1,5],[3,5],[7,9],[9,10],[1,9],[3,9],[5,7],[5,10],[1,8],[3,8],[4,7],[4,10]],[[1,7],[3,10],[3,7],[1,10]],[[2,4],[2,8],[2,5],[2,9],[4,6],[6,9],[5,6],[6,8]],[[2,6]],[[4,5],[8,9],[4,9],[5,8],[4,8],[5,9]]]
192|false|[2]|[[[1,2],[4,10],[2,10],[1,4]],[[1,3],[3,10],[2,3],[3,4],[1,5],[5,10],[2,5],[4,5],[1,8],[8,10],[2,8],[4,8],[1,6],[6,10],[2,6],[4,6],[1,9],[9,10],[2,9],[4,9],[1,7],[7,10],[2,7],[4,7]],[[1,10],[2,4]],[[3,5],[6,8],[7,9]],[[3,6],[5,6],[3,8],[5,8],[7,8],[6,7],[8,9],[6,9],[5,9],[5,7],[3,9],[3,7]]]
192|false|[2]|[[[1,2],[2,8],[2,4],[2,9],[1,6],[6,8],[4,6],[6,9]],[[1,3],[1,7],[1,5],[1,10],[3,8],[7,8],[5,8],[8,10],[3,4],[4,7],[4,5],[4,10],[3,9],[7,9],[5,9],[9,10]],[[1,4],[8,9],[4,8],[1,9]],[[1,8],[4,9]],[[2,3],[2,7],[2,5],[2,10],[3,6],[6,7],[5,6],[6,10]],[[2,6]],[[3,5],[7,10],[3,7],[5,10],[3,10],[5,7]]]
192|false|exact|[[[1,2],[4,10],[1,4],[2,10],[4,8],[2,6],[4,6],[2,8],[6,10],[1,8],[1,6],[8,10]],[[1,3],[3,10],[3,4],[2,3],[3,6],[3,8],[1,5],[5,10],[4,5],[2,5],[5,6],[5,8],[1,9],[9,10],[4,9],[2,9],[6,9],[8,9],[1,7],[7,10],[4,7],[2,7],[6,7],[7,8]],[[1,10],[2,4],[6,8]],[[3,5],[7,9]],[[3,7],[5,9],[3,9],[5,7]]]
192|false|exact|[[[1,2],[2,7],[2,4],[2,10],[1,6],[6,7],[4,6],[6,10]],[[1,3],[7,8],[4,8],[3,10],[1,9],[5,7],[4,5],[9,10],[1,5],[7,9],[4,9],[5,10],[1,8],[3,7],[3,4],[8,10]],[[1,4],[7,10],[1,7],[4,10],[1,10],[4,7]],[[2,3],[2,8],[2,9],[2,5],[3,6],[6,8],[6,9],[5,6]],[[2,6]],[[3,5],[8,9],[3,8],[5,9]],[[3,9],[5,8]]]
192|false|[2]|[[[1,2],[4,10],[1,4],[2,10],[1,8],[6,10],[8,10],[1,6],[2,8],[4,6],[2,6],[4,8]],[[1,3],[3,10],[3,8],[3,6],[2,3],[3,4],[1,5],[5,10],[5,8],[5,6],[2,5],[4,5],[1,9],[9,10],[8,9],[6,9],[2,9],[4,9],[1,7],[7,10],[7,8],[6,7],[2,7],[4,7]],[[1,10],[6,8],[2,4]],[[3,5],[7,9]],[[3,7],[5,9],[3,9],[5,7]]]
192|false|[2]|[[[1,2],[1,4],[2,10],[4,10],[8,10],[1,8],[6,10],[1,6],[4,6],[4,8],[2,6],[2,8]],[[1,3],[3,10],[3,8],[3,6],[3,4],[2,3],[1,9],[9,10],[6,9],[8,9],[4,9],[2,9],[1,7],[7,10],[6,7],[7,8],[4,7],[2,7],[1,5],[5,10],[5,8],[5,6],[4,5],[2,5]],[[1,10],[6,8],[2,4]],[[3,5],[7,9]],[[3,7],[5,9],[3,9],[5,7]]]
192|false|[2]|[[[1,2],[1,4],[2,10],[4,10],[1,3],[3,10],[1,5],[5,10],[2,3],[2,5],[3,4],[4,5]],[[1,6],[6,10],[3,6],[5,6],[2,6],[4,6],[1,8],[8,10],[3,8],[5,8],[2,8],[4,8],[1,7],[7,10],[3,7],[5,7],[2,7],[4,7],[1,9],[9,10],[3,9],[5,9],[2,9],[4,9]],[[1,10],[3,5],[2,4]],[[6,7],[6,9],[8,9],[7,8]],[[6,8],[7,9]]]
192|false|[2]|[[[1,2],[1,4],[2,10],[4,10],[1,9],[9,10],[1,7],[7,10],[2,9],[2,7],[4,9],[4,7]],[[1,3],[1,8],[1,6],[1,5],[3,10],[8,10],[6,10],[5,10],[3,9],[8,9],[6,9],[5,9],[3,7],[7,8],[6,7],[5,7],[2,3],[2,8],[2,6],[2,5],[3,4],[4,8],[4,6],[4,5]],[[1,10],[7,9],[2,4]],[[3,5],[6,8]],[[3,6],[5,8],[3,8],[5,6]]]
192|false|[2]|[[[1,2],[4,10],[1,4],[2,10],[8,10],[1,6],[1,8],[6,10],[4,6],[2,8],[4,8],[2,6]],[[1,3],[1,5],[3,10],[5,10],[3,8],[5,8],[3,6],[5,6],[3,4],[4,5],[2,3],[2,5],[6,9],[6,7],[8,9],[7,8],[9,10],[7,10],[1,9],[1,7],[2,9],[2,7],[4,9],[4,7]],[[1,10],[6,8],[2,4]],[[3,5],[7,9]],[[3,7],[5,9],[3,9],[5,7]]]
192|false|[2]|[[[1,2],[1,3],[1,10],[1,8],[1,4],[1,6],[8,9],[9,10],[3,9],[2,9],[4,9],[6,9],[2,5],[3,5],[5,10],[5,8],[4,5],[5,6],[7,8],[7,10],[3,7],[2,7],[4,7],[6,7]],[[1,5],[7,9]],[[1,7],[5,9],[1,9],[5,7]],[[2,3],[8,10],[4,6]],[[2,4],[2,6],[3,4],[3,6],[2,10],[3,10],[2,8],[3,8],[4,10],[4,8],[6,10],[6,8]]]
192|false|[2]|[[[1,2],[4,10],[1,4],[2,10],[4,8],[2,6],[4,6],[2,8],[6,10],[1,8],[1,6],[8,10]],[[1,3],[3,10],[3,4],[2,3],[3,6],[3,8],[1,5],[5,10],[4,5],[2,5],[5,6],[5,8],[1,9],[9,10],[4,9],[2,9],[8,9],[6,9],[1,7],[7,10],[4,7],[2,7],[7,8],[6,7]],[[1,10],[2,4],[6,8]],[[3,5],[7,9]],[[3,7],[5,9],[3,9],[5,7]]]
192|false|[2]|[[[1,2],[5,8]],[[1,3],[1,10],[1,4],[1,6],[1,9],[1,7],[2,3],[2,10],[2,4],[2,6],[2,9],[2,7],[3,8],[8,10],[4,8],[6,8],[7,8],[8,9],[3,5],[5,10],[4,5],[5,6],[5,7],[5,9]],[[1,5],[2,8],[1,8],[2,5]],[[3,4],[4,10],[3,6],[6,10],[4,9],[6,9],[4,7],[6,7],[3,9],[3,7],[9,10],[7,10]],[[3,10],[4,6],[7,9]]]
192|false|[2]|[[[1,2],[2,5],[2,9],[2,7],[1,3],[3,5],[3,7],[3,9]],[[1,4],[4,5],[4,9],[4,7],[1,6],[5,6],[6,9],[6,7],[1,8],[5,8],[8,9],[7,8],[1,10],[5,10],[9,10],[7,10]],[[1,5],[7,9],[1,7],[5,9],[1,9],[5,7]],[[2,3]],[[2,4],[2,6],[3,4],[3,6],[3,8],[3,10],[2,8],[2,10]],[[4,6],[8,10]],[[4,8],[6,8],[4,10],[6,10]]]
192|false|[2]|[[[1,2],[2,5],[2,10],[2,4],[1,6],[5,6],[4,6],[6,10]],[[1,3],[5,9],[9,10],[3,4],[1,9],[3,5],[3,10],[4,9],[1,8],[5,7],[4,7],[8,10],[1,7],[5,8],[4,8],[7,10]],[[1,4],[5,10],[1,10],[4,5],[1,5],[4,10]],[[2,3],[2,9],[6,8],[6,7],[3,6],[6,9],[2,7],[2,8]],[[2,6]],[[3,7],[8,9],[3,8],[7,9]],[[3,9],[7,8]]]
192|false|[2]|[[[1,2],[2,5],[2,10],[2,3],[1,6],[6,10],[5,6],[3,6]],[[1,3],[5,10],[1,10],[3,5],[1,5],[3,10]],[[1,4],[4,5],[4,10],[3,4],[1,8],[8,10],[5,8],[3,8],[1,7],[7,10],[5,7],[3,7],[1,9],[5,9],[9,10],[3,9]],[[2,4],[4,6],[2,8],[6,8],[2,7],[6,7],[2,9],[6,9]],[[2,6]],[[4,7],[8,9],[4,8],[7,9]],[[4,9],[7,8]]]
192|false|[2]|[[[1,2],[2,5],[2,10],[2,4],[1,6],[6,10],[5,6],[4,6]],[[1,3],[3,5],[3,10],[3,4],[1,8],[8,10],[5,8],[4,8],[1,9],[5,9],[9,10],[4,9],[1,7],[7,10],[5,7],[4,7]],[[1,4],[5,10],[1,10],[4,5],[1,5],[4,10]],[[2,3],[6,8],[2,9],[6,7]],[[2,6]],[[2,7],[6,9],[2,8],[3,6]],[[3,7],[8,9],[3,8],[7,9]],[[3,9],[7,8]]]
192|false|[2]|[[[1,2],[2,7],[2,5],[2,9],[1,3],[3,9],[3,5],[3,7]],[[1,4],[4,7],[4,5],[4,9],[1,6],[6,7],[5,6],[6,9],[1,8],[8,9],[5,8],[7,8],[1,10],[9,10],[5,10],[7,10]],[[1,5],[7,9],[1,7],[5,9],[1,9],[5,7]],[[2,3]],[[2,4],[2,6],[3,8],[3,10],[3,4],[3,6],[2,8],[2,10]],[[4,6],[8,10]],[[4,8],[6,8],[4,10],[6,10]]]
192|false|[2]|[[[1,2],[1,3],[2,9],[3,9],[2,5],[3,5],[2,7],[3,7]],[[1,4],[1,8],[1,6],[1,10],[4,9],[8,9],[6,9],[9,10],[4,5],[5,8],[5,6],[5,10],[4,7],[7,8],[6,7],[7,10]],[[1,5],[7,9],[1,9],[5,7],[1,7],[5,9]],[[2,3]],[[2,4],[3,8],[2,6],[3,10],[2,10],[3,4],[2,8],[3,6]],[[4,6],[8,10]],[[4,8],[6,10],[4,10],[6,8]]]
192|false|[2]|[[[1,2],[5,8]],[[1,3],[1,10],[1,6],[1,4],[3,8],[6,8],[8,10],[4,8],[3,5],[5,6],[5,10],[4,5],[2,3],[2,10],[2,6],[2,4]],[[1,5],[2,8],[1,8],[2,5]],[[1,7],[8,9],[5,9],[2,7],[1,9],[5,7],[7,8],[2,9]],[[3,4],[6,10],[3,6],[4,10],[3,10],[4,6]],[[3,7],[7,10],[6,7],[4,7],[3,9],[6,9],[9,10],[4,9]],[[7,9]]]
192|false|[2]|[[[1,2],[2,6],[2,5],[2,9]],[[1,3],[3,6],[3,5],[3,9],[1,7],[6,7],[5,7],[7,9],[1,8],[6,8],[5,8],[8,9],[1,4],[4,6],[4,5],[4,9]],[[1,5],[6,9],[1,9],[5,6],[1,6],[5,9]],[[1,10],[6,10],[5,10],[9,10]],[[2,3],[2,7],[2,8],[2,4]],[[2,10]],[[3,4],[7,8]],[[3,7],[4,8],[3,8],[4,7]],[[3,10],[7,10],[8,10],[4,10]]]
192|false|[2]|[[[1,2],[4,10],[1,4],[2,10]],[[1,3],[3,10],[1,5],[5,10],[1,6],[6,10],[1,8],[8,10],[1,7],[7,10],[1,9],[9,10],[3,4],[2,3],[4,5],[2,5],[4,7],[2,7],[4,9],[2,9],[4,8],[2,8],[4,6],[2,6]],[[1,10],[2,4]],[[3,5],[6,8],[7,9]],[[3,6],[3,8],[5,6],[5,8],[6,7],[6,9],[7,8],[8,9],[3,7],[5,7],[3,9],[5,9]]]
192|false|[2]|[[[1,2],[4,10],[1,4],[2,10]],[[1,3],[3,10],[1,5],[5,10],[1,8],[8,10],[1,6],[6,10],[1,7],[7,10],[1,9],[9,10],[3,4],[2,3],[4,5],[2,5],[4,7],[2,7],[4,9],[2,9],[4,6],[2,6],[4,8],[2,8]],[[1,10],[2,4]],[[3,5],[6,8],[7,9]],[[3,6],[3,8],[5,6],[5,8],[8,9],[7,8],[6,9],[6,7],[5,7],[3,7],[5,9],[3,9]]]
192|false|[2]|[[[1,2],[2,4],[1,6],[4,6],[2,5],[2,8],[5,6],[6,8]],[[1,3],[1,7],[1,10],[1,9],[3,4],[4,7],[4,9],[4,10],[3,5],[5,7],[5,10],[5,9],[3,8],[7,8],[8,9],[8,10]],[[1,4],[5,8]],[[1,5],[4,5],[1,8],[4,8]],[[2,3],[2,7],[2,10],[2,9],[3,6],[6,7],[6,10],[6,9]],[[2,6]],[[3,7],[9,10],[3,9],[7,10],[3,10],[7,9]]]
192|false|[2]|[[[1,2],[2,5],[2,7],[2,9],[1,3],[3,5],[3,7],[3,9]],[[1,4],[4,5],[4,7],[4,9],[1,6],[5,6],[6,7],[6,9],[1,10],[5,10],[9,10],[7,10],[1,8],[5,8],[8,9],[7,8]],[[1,5],[7,9],[1,9],[5,7],[1,7],[5,9]],[[2,3]],[[2,4],[3,6],[2,6],[3,4],[2,10],[3,8],[2,8],[3,10]],[[4,6],[8,10]],[[4,8],[6,8],[6,10],[4,10]]]
192|false|[2]|[[[1,2],[2,4],[2,3],[2,8],[2,5],[2,9],[2,10],[2,7],[1,6],[6,8],[3,6],[4,6],[5,6],[6,7],[6,10],[6,9]],[[1,3],[4,8],[1,4],[3,8],[1,8],[3,4],[5,10],[7,9],[5,9],[7,10],[5,7],[9,10]],[[1,5],[1,9],[4,5],[4,9],[1,10],[1,7],[4,10],[4,7],[3,5],[3,9],[5,8],[8,9],[3,10],[3,7],[8,10],[7,8]],[[2,6]]]
192|false|[2]|[[[1,2],[2,3],[2,4],[2,8],[5,6],[6,9],[6,10],[6,7]],[[1,3],[4,8],[1,4],[3,8],[1,8],[3,4],[5,9],[7,10],[5,10],[7,9],[5,7],[9,10]],[[1,5],[1,9],[1,7],[1,10],[3,5],[3,9],[3,7],[3,10],[4,5],[4,9],[4,7],[4,10],[5,8],[8,9],[7,8],[8,10]],[[1,6],[3,6],[4,6],[6,8],[2,5],[2,9],[2,10],[2,7]],[[2,6]]]
192|false|[2]|[[[1,2],[2,4],[2,5],[2,3],[6,8],[6,9],[6,10],[6,7],[1,6],[5,6],[4,6],[3,6],[2,8],[2,10],[2,9],[2,7]],[[1,3],[4,5],[1,5],[3,4],[1,4],[3,5],[7,8],[9,10],[8,10],[7,9],[8,9],[7,10]],[[1,7],[4,10],[5,8],[3,9],[1,8],[4,9],[5,7],[3,10],[1,9],[4,8],[5,10],[3,7],[1,10],[4,7],[5,9],[3,8]],[[2,6]]]
192|false|[2]|[[[1,2],[1,3],[1,8],[1,10],[1,5],[1,7],[1,4],[1,6]],[[1,9]],[[2,3],[8,10],[2,10],[3,8],[2,8],[3,10],[5,7],[4,6],[5,6],[4,7],[4,5],[6,7]],[[2,4],[2,5],[3,4],[3,5],[2,6],[2,7],[3,6],[3,7],[4,8],[5,8],[4,10],[5,10],[6,8],[7,8],[6,10],[7,10]],[[2,9],[3,9],[8,9],[9,10],[5,9],[7,9],[4,9],[6,9]]]
192|false|exact|[[[1,2],[2,10],[2,7],[2,8],[2,5],[2,3],[2,4],[2,9],[1,6],[6,10],[6,7],[6,8],[5,6],[3,6],[4,6],[6,9]],[[1,3],[5,10],[7,9],[4,8],[1,4],[5,7],[9,10],[3,8],[1,8],[5,9],[7,10],[3,4]],[[1,5],[3,10],[4,7],[8,9],[1,9],[3,7],[4,10],[5,8],[1,7],[3,9],[4,5],[8,10],[1,10],[3,5],[4,9],[7,8]],[[2,6]]]
200|true|[2]|[[[1,2],[8,9],[1,10],[2,9],[8,10],[3,4],[6,7],[3,5],[4,7],[5,6],[1,8],[2,10],[1,9],[2,8],[9,10],[3,7],[4,5],[3,6],[5,7],[4,6]],[[1,3],[7,9],[5,10],[2,4],[6,8],[1,6],[3,9],[7,10],[2,5],[4,8],[1,4],[6,9],[3,10],[2,7],[5,8],[1,5],[4,9],[6,10],[2,3],[7,8],[1,7],[5,9],[4,10],[2,6],[3,8]]]
200|true|[2]|[[[1,2],[8,9],[1,10],[2,9],[8,10],[3,4],[6,7],[3,5],[4,7],[5,6]],[[1,3],[7,9],[5,10],[2,4],[6,8],[1,4],[6,9],[3,10],[2,7],[5,8],[1,7],[5,9],[4,10],[2,6],[3,8],[1,6],[3,9],[7,10],[2,5],[4,8],[1,5],[4,9],[6,10],[2,3],[7,8]],[[1,8],[1,9],[9,10],[2,10],[2,8],[3,6],[3,7],[5,7],[4,5],[4,6]]]
200|false|[2]|[[[1,2],[1,8],[1,6],[1,4],[1,10],[2,5],[5,8],[5,6],[4,5],[5,10],[2,7],[7,8],[6,7],[4,7],[7,10],[2,3],[3,8],[3,6],[3,4],[3,10],[2,9],[8,9],[6,9],[4,9],[9,10]],[[1,3],[5,9],[1,7],[3,5],[7,9],[1,5],[3,7],[1,9],[5,7],[3,9]],[[2,4],[8,10],[2,6],[4,8],[6,10],[2,8],[4,6],[2,10],[6,8],[4,10]]]
200|true|[2]|[[[1,2],[8,10],[2,9],[1,10],[8,9],[3,4],[5,6],[4,7],[3,5],[6,7],[1,9],[2,8],[9,10],[1,8],[2,10],[3,7],[4,6],[5,7],[3,6],[4,5]],[[1,3],[3,8],[2,3],[3,10],[3,9],[1,6],[6,8],[2,6],[6,10],[6,9],[1,4],[4,8],[2,4],[4,10],[4,9],[1,5],[5,8],[2,5],[5,10],[5,9],[1,7],[7,8],[2,7],[7,10],[7,9]]]
200|true|[2]|[[[1,2],[8,9],[1,10],[2,9],[8,10],[3,4],[6,7],[3,5],[4,7],[5,6],[1,8],[2,10],[1,9],[2,8],[9,10],[3,7],[4,5],[3,6],[5,7],[4,6]],[[1,3],[7,9],[5,10],[2,4],[6,8],[1,6],[3,9],[7,10],[2,5],[4,8],[1,4],[6,9],[3,10],[2,7],[5,8],[1,5],[4,9],[6,10],[2,3],[7,8],[1,7],[5,9],[4,10],[2,6],[3,8]]]
200|false|[2]|[[[1,2],[8,10],[2,9],[1,10],[8,9]],[[1,3],[3,8],[2,3],[3,10],[3,9],[1,7],[7,8],[2,7],[7,10],[7,9],[1,4],[4,8],[2,4],[4,10],[4,9],[1,6],[6,8],[2,6],[6,10],[6,9],[1,5],[5,8],[2,5],[5,10],[5,9]],[[1,8],[2,8],[2,10],[9,10],[1,9]],[[3,4],[6,7],[4,5],[3,6],[5,7],[3,5],[4,7],[5,6],[3,7],[4,6]]]
200|true|exact|[[[1,2],[6,9],[3,10],[7,8],[4,5],[1,8],[4,9],[2,3],[6,7],[5,10],[1,6],[9,10],[3,8],[4,7],[2,5],[1,4],[2,9],[3,6],[7,10],[5,8],[1,10],[8,9],[3,4],[2,7],[5,6]],[[1,3],[7,9],[3,5],[1,7],[5,9],[1,9],[5,7],[3,9],[1,5],[3,7],[4,6],[2,10],[6,8],[4,10],[2,8],[2,4],[8,10],[2,6],[4,8],[6,10]]]
216|false|[2]|[[[1,2],[4,5],[6,8],[1,4],[5,6],[2,8],[1,6],[2,5],[4,8]],[[1,3],[1,9],[1,7],[3,5],[5,9],[5,7],[3,8],[8,9],[7,8]],[[1,5],[5,8],[1,8]],[[1,10],[5,10],[8,10]],[[2,3],[2,9],[2,7],[3,4],[4,9],[4,7],[3,6],[6,9],[6,7]],[[2,4],[4,6],[2,6]],[[2,10],[4,10],[6,10]],[[3,7],[3,9],[7,9]],[[3,10],[9,10],[7,10]]]
216|false|[2]|[[[1,2],[1,9],[2,9],[6,7],[5,7],[5,6]],[[1,3],[3,9],[2,3],[1,8],[8,9],[2,8],[1,4],[4,9],[2,4],[3,7],[3,5],[3,6],[4,7],[4,5],[4,6],[7,8],[5,8],[6,8]],[[1,5],[7,9],[2,6],[1,6],[5,9],[2,7],[1,7],[6,9],[2,5]],[[1,10],[9,10],[2,10],[7,10],[5,10],[6,10]],[[3,4],[3,8],[4,8]],[[3,10],[8,10],[4,10]]]
216|false|[2]|[[[1,2],[2,9],[1,9],[6,7],[5,7],[5,6]],[[1,3],[2,3],[3,9],[1,8],[2,8],[8,9],[1,4],[2,4],[4,9],[3,6],[3,7],[3,5],[4,6],[4,7],[4,5],[6,8],[7,8],[5,8]],[[1,5],[2,5],[5,9],[1,6],[2,6],[6,9],[1,7],[2,7],[7,9]],[[1,10],[2,10],[9,10],[6,10],[7,10],[5,10]],[[3,4],[3,8],[4,8]],[[3,10],[8,10],[4,10]]]
216|false|[2]|[[[1,2],[2,9],[1,9]],[[1,3],[2,3],[3,9],[1,5],[2,5],[5,9],[1,7],[2,7],[7,9],[1,8],[2,8],[8,9],[1,4],[2,4],[4,9],[1,6],[2,6],[6,9]],[[1,10],[2,10],[9,10]],[[3,4],[4,5],[4,7],[3,6],[5,6],[6,7],[3,8],[5,8],[7,8]],[[3,5],[5,7],[3,7],[4,8],[4,6],[6,8]],[[3,10],[5,10],[7,10],[8,10],[4,10],[6,10]]]
216|false|[2]|[[[1,2],[2,9],[1,9]],[[1,3],[1,5],[1,7],[2,3],[2,5],[2,7],[3,9],[5,9],[7,9],[8,9],[4,9],[6,9],[2,8],[2,4],[2,6],[1,8],[1,4],[1,6]],[[1,10],[2,10],[9,10]],[[3,4],[4,5],[4,7],[3,6],[5,6],[6,7],[3,8],[5,8],[7,8]],[[3,5],[5,7],[3,7],[4,8],[4,6],[6,8]],[[3,10],[5,10],[7,10],[8,10],[4,10],[6,10]]]
216|false|[2]|[[[1,2],[1,9],[2,9]],[[1,3],[3,9],[2,3],[1,5],[5,9],[2,5],[1,7],[7,9],[2,7],[1,8],[2,8],[8,9],[1,4],[2,4],[4,9],[1,6],[2,6],[6,9]],[[1,10],[9,10],[2,10]],[[3,4],[4,5],[4,7],[3,6],[5,6],[6,7],[3,8],[5,8],[7,8]],[[3,5],[5,7],[3,7],[4,8],[4,6],[6,8]],[[3,10],[5,10],[7,10],[8,10],[4,10],[6,10]]]
216|false|[2]|[[[1,2],[2,9],[1,9]],[[1,3],[1,5],[1,7],[2,3],[2,5],[2,7],[3,9],[5,9],[7,9],[8,9],[4,9],[6,9],[1,8],[1,4],[1,6],[2,8],[2,4],[2,6]],[[1,10],[2,10],[9,10]],[[3,4],[4,5],[4,7],[3,6],[5,6],[6,7],[3,8],[5,8],[7,8]],[[3,5],[5,7],[3,7],[4,8],[4,6],[6,8]],[[3,10],[5,10],[7,10],[8,10],[4,10],[6,10]]]
240|false|[2]|[[[1,2],[2,5],[2,9],[2,7]],[[1,3],[3,5],[3,9],[3,7],[1,10],[5,10],[9,10],[7,10],[1,4],[4,5],[4,9],[4,7],[1,6],[5,6],[6,9],[6,7],[1,8],[5,8],[8,9],[7,8]],[[1,5],[7,9],[1,7],[5,9],[1,9],[5,7]],[[2,3],[2,10],[2,4],[2,6],[2,8]],[[3,4],[6,10],[4,8],[3,6],[8,10],[3,8],[4,10],[6,8],[3,10],[4,6]]]
240|false|[2]|[[[1,2],[6,8],[2,4],[1,8],[4,6],[1,4],[2,6],[4,8],[1,6],[2,8]],[[1,3],[3,6],[2,3],[3,8],[3,4],[1,7],[4,7],[7,8],[2,7],[6,7],[1,5],[5,6],[2,5],[5,8],[4,5],[1,9],[4,9],[8,9],[2,9],[6,9]],[[1,10],[6,10],[2,10],[8,10],[4,10]],[[3,5],[7,9],[3,9],[5,7],[3,7],[5,9]],[[3,10],[7,10],[5,10],[9,10]]]
240|false|[2]|[[[1,2],[4,8],[1,6],[2,8],[4,6]],[[1,3],[3,8],[3,6],[2,3],[3,4],[1,7],[7,8],[6,7],[2,7],[4,7],[1,9],[8,9],[6,9],[2,9],[4,9],[1,5],[5,8],[5,6],[2,5],[4,5]],[[1,4],[1,8],[6,8],[2,6],[2,4]],[[1,10],[8,10],[6,10],[2,10],[4,10]],[[3,5],[7,9],[3,9],[5,7],[3,7],[5,9]],[[3,10],[7,10],[9,10],[5,10]]]
240|false|[2]|[[[1,2],[2,7],[2,4],[2,10],[2,8],[1,6],[6,7],[4,6],[6,10],[6,8]],[[1,3],[1,9],[1,5],[3,7],[7,9],[5,7],[3,4],[4,9],[4,5],[3,10],[9,10],[5,10],[3,8],[8,9],[5,8]],[[1,4],[7,10],[4,8],[1,10],[7,8],[1,8],[4,7],[8,10],[1,7],[4,10]],[[2,3],[2,9],[2,5],[3,6],[6,9],[5,6]],[[2,6]],[[3,5],[3,9],[5,9]]]
256|false|exact|[[[1,2],[2,10],[2,9],[2,4],[6,8],[6,7],[3,6],[5,6],[1,6],[6,10],[6,9],[4,6],[2,8],[2,7],[2,3],[2,5]],[[1,3],[5,10],[1,5],[3,10],[7,9],[4,8],[8,9],[4,7],[1,7],[8,10],[1,8],[7,10],[3,4],[5,9],[4,5],[3,9]],[[1,4],[9,10],[1,9],[4,10],[5,8],[3,7],[3,8],[5,7]],[[1,10],[4,9],[7,8],[3,5]],[[2,6]]]
288|false|[3]|[[[1,2],[2,10],[2,5],[2,3],[1,6],[6,10],[5,6],[3,6]],[[1,3],[5,10],[1,5],[3,10],[1,10],[3,5]],[[1,4],[4,10],[4,5],[3,4],[1,7],[7,10],[5,7],[3,7],[1,9],[9,10],[5,9],[3,9],[1,8],[8,10],[5,8],[3,8]],[[2,4],[4,6],[2,7],[6,7],[2,9],[6,9],[2,8],[6,8]],[[2,6]],[[4,7],[8,9],[4,9],[7,8],[4,8],[7,9]]]
288|false|[3]|[[[1,2],[2,9],[3,5],[3,7],[1,3],[3,9],[2,5],[2,7],[1,8],[5,8],[7,10],[9,10],[1,10],[5,10],[7,8],[8,9],[1,6],[6,7],[4,9],[4,5],[1,4],[4,7],[6,9],[5,6]],[[1,5],[7,9],[1,7],[5,9],[1,9],[5,7]],[[2,3],[8,10],[4,6]],[[2,4],[2,6],[3,6],[3,4],[3,8],[2,8],[2,10],[3,10],[6,10],[6,8],[4,8],[4,10]]]
288|false|[2]|[[[1,2],[1,3],[1,4],[5,10],[5,8],[5,6],[2,5],[3,5],[4,5],[1,8],[1,10],[1,6],[2,7],[3,7],[4,7],[9,10],[8,9],[6,9],[2,9],[3,9],[4,9],[7,8],[7,10],[6,7]],[[1,5],[7,9]],[[1,7],[5,9]],[[1,9],[5,7]],[[2,3],[3,4],[2,4],[8,10],[6,8],[6,10]],[[2,6],[3,8],[4,10],[2,8],[3,10],[4,6],[2,10],[3,6],[4,8]]]
288|false|[2]|[[[1,2],[2,7],[2,10],[2,5],[2,9],[2,3],[1,6],[6,7],[6,10],[5,6],[6,9],[3,6]],[[1,3],[7,9],[5,10],[1,9],[5,7],[3,10],[1,5],[3,7],[9,10]],[[1,4],[4,7],[4,10],[5,8],[8,9],[3,8],[1,8],[7,8],[8,10],[4,5],[4,9],[3,4]],[[1,7],[7,10],[1,10],[5,9],[3,9],[3,5]],[[2,4],[2,8],[4,6],[6,8]],[[2,6]],[[4,8]]]
288|false|[2]|[[[1,2],[5,8]],[[1,3],[3,8],[3,5],[2,3],[1,4],[4,8],[4,5],[2,4],[1,10],[8,10],[5,10],[2,10],[1,6],[5,6],[6,8],[2,6],[1,9],[5,9],[8,9],[2,9],[1,7],[5,7],[7,8],[2,7]],[[1,5],[2,8],[1,8],[2,5]],[[3,4],[4,10],[3,10],[6,9],[7,9],[6,7]],[[3,6],[4,9],[7,10],[3,7],[4,6],[9,10],[3,9],[4,7],[6,10]]]
288|false|[2]|[[[1,2],[1,3],[1,4],[2,5],[3,5],[4,5],[1,8],[1,6],[1,10],[5,8],[5,6],[5,10],[2,7],[3,7],[4,7],[2,9],[3,9],[4,9],[7,10],[6,7],[7,8],[9,10],[6,9],[8,9]],[[1,5],[7,9]],[[1,7],[5,7],[1,9],[5,9]],[[2,3],[3,4],[2,4],[6,8],[6,10],[8,10]],[[2,6],[3,10],[4,8],[2,8],[3,6],[4,10],[2,10],[3,8],[4,6]]]
288|false|[2]|[[[1,2],[1,3],[1,4],[5,10],[5,8],[5,6],[2,5],[3,5],[4,5],[1,10],[1,8],[1,6],[2,7],[3,7],[4,7],[9,10],[8,9],[6,9],[2,9],[3,9],[4,9],[7,10],[7,8],[6,7]],[[1,5],[7,9]],[[1,7],[5,7],[5,9],[1,9]],[[2,3],[3,4],[2,4],[8,10],[6,8],[6,10]],[[2,6],[3,10],[4,8],[2,8],[3,6],[4,10],[2,10],[3,8],[4,6]]]
288|false|[2]|[[[1,2],[1,3],[1,4],[2,5],[3,5],[4,5],[2,7],[3,7],[4,7],[2,9],[3,9],[4,9],[1,6],[1,8],[1,10],[5,6],[5,8],[5,10],[6,9],[8,9],[9,10],[6,7],[7,8],[7,10]],[[1,5],[7,9]],[[1,7],[5,9],[5,7],[1,9]],[[2,3],[3,4],[2,4],[6,8],[8,10],[6,10]],[[2,6],[3,6],[4,6],[2,8],[3,8],[4,8],[2,10],[3,10],[4,10]]]
288|false|[2]|[[[1,2],[1,4],[1,3],[5,10],[5,6],[5,8],[2,5],[4,5],[3,5],[1,10],[1,6],[1,8],[2,9],[4,9],[3,9],[7,8],[6,7],[7,10],[2,7],[4,7],[3,7],[8,9],[6,9],[9,10]],[[1,5],[7,9]],[[1,7],[5,9],[1,9],[5,7]],[[2,3],[2,4],[3,4],[8,10],[6,10],[6,8]],[[2,6],[2,10],[2,8],[4,6],[4,10],[4,8],[3,6],[3,10],[3,8]]]
288|false|[2]|[[[1,2],[1,3],[1,4],[2,7],[3,7],[4,7],[2,9],[3,9],[4,9],[2,5],[3,5],[4,5],[1,8],[1,6],[1,10],[8,9],[6,9],[9,10],[7,8],[6,7],[7,10],[5,8],[5,6],[5,10]],[[1,5],[7,9]],[[1,7],[5,9],[1,9],[5,7]],[[2,3],[3,4],[2,4],[6,8],[6,10],[8,10]],[[2,6],[3,10],[4,8],[2,8],[3,6],[4,10],[2,10],[3,8],[4,6]]]
288|false|[2]|[[[1,2],[1,4],[1,3],[2,5],[4,5],[3,5],[6,7],[7,10],[7,8],[6,9],[9,10],[8,9]],[[1,5],[7,9]],[[1,6],[1,8],[1,10],[5,6],[5,8],[5,10],[3,7],[4,7],[2,7],[3,9],[4,9],[2,9]],[[1,7],[5,7],[1,9],[5,9]],[[2,3],[2,4],[3,4],[6,8],[6,10],[8,10]],[[2,6],[4,8],[3,10],[2,10],[4,6],[3,8],[2,8],[4,10],[3,6]]]
288|false|[2]|[[[1,2],[1,4],[1,3],[7,10],[7,8],[6,7],[2,5],[4,5],[3,5],[9,10],[8,9],[6,9],[2,7],[4,7],[3,7],[1,8],[1,10],[1,6],[2,9],[4,9],[3,9],[5,8],[5,10],[5,6]],[[1,5],[7,9]],[[1,7],[5,9],[1,9],[5,7]],[[2,3],[2,4],[3,4],[6,10],[8,10],[6,8]],[[2,6],[4,8],[3,10],[2,8],[4,10],[3,6],[2,10],[4,6],[3,8]]]
288|false|[2]|[[[1,2],[1,4],[1,3],[2,7],[4,7],[3,7],[2,9],[4,9],[3,9],[2,5],[4,5],[3,5],[1,6],[1,10],[1,8],[6,9],[9,10],[8,9],[6,7],[7,10],[7,8],[5,6],[5,10],[5,8]],[[1,5],[7,9]],[[1,7],[5,9],[1,9],[5,7]],[[2,3],[2,4],[3,4],[6,8],[6,10],[8,10]],[[2,6],[4,8],[3,10],[2,10],[4,6],[3,8],[2,8],[4,10],[3,6]]]
288|false|[2]|[[[1,2],[1,3],[1,4],[5,10],[5,8],[5,6],[2,5],[3,5],[4,5],[1,10],[1,8],[1,6],[2,9],[3,9],[4,9],[7,10],[7,8],[6,7],[2,7],[3,7],[4,7],[9,10],[8,9],[6,9]],[[1,5],[7,9]],[[1,7],[5,7],[5,9],[1,9]],[[2,3],[3,4],[2,4],[8,10],[6,8],[6,10]],[[2,6],[3,10],[4,8],[2,8],[3,6],[4,10],[2,10],[3,8],[4,6]]]
288|false|[2]|[[[1,2],[1,3],[1,4],[2,5],[3,5],[4,5],[1,8],[1,6],[1,10],[5,8],[5,6],[5,10],[2,7],[3,7],[4,7],[2,9],[3,9],[4,9],[7,8],[6,7],[7,10],[8,9],[6,9],[9,10]],[[1,5],[7,9]],[[1,7],[5,7],[1,9],[5,9]],[[2,3],[3,4],[2,4],[6,8],[6,10],[8,10]],[[2,6],[3,10],[4,8],[2,8],[3,6],[4,10],[2,10],[3,8],[4,6]]]
288|false|[2]|[[[1,2],[1,4],[1,3],[2,7],[4,7],[3,7],[2,9],[4,9],[3,9],[2,5],[4,5],[3,5]],[[1,5],[7,9]],[[1,6],[1,8],[1,10],[6,7],[7,8],[7,10],[6,9],[8,9],[9,10],[5,6],[5,8],[5,10]],[[1,7],[5,9],[1,9],[5,7]],[[2,3],[2,4],[3,4]],[[2,6],[4,8],[3,10],[2,10],[4,6],[3,8],[2,8],[4,10],[3,6]],[[6,8],[8,10],[6,10]]]
288|false|[2]|[[[1,2],[1,3],[1,4],[2,5],[3,5],[4,5],[2,7],[3,7],[4,7],[2,9],[3,9],[4,9],[1,10],[1,6],[1,8],[5,10],[5,6],[5,8],[7,10],[6,7],[7,8],[9,10],[6,9],[8,9]],[[1,5],[7,9]],[[1,7],[5,7],[1,9],[5,9]],[[2,3],[3,4],[2,4],[6,10],[6,8],[8,10]],[[2,6],[3,10],[4,8],[2,8],[3,6],[4,10],[2,10],[3,8],[4,6]]]
320|true|[2]|[[[1,2],[3,10],[1,3],[2,10],[1,9],[8,10],[9,10],[1,8],[7,9],[6,8],[7,8],[6,9],[5,7],[4,6],[5,6],[4,7],[2,5],[3,4],[2,4],[3,5],[1,4],[5,10],[1,5],[4,10],[1,6],[7,10],[6,10],[1,7],[2,6],[3,7],[2,7],[3,6],[2,9],[3,8],[3,9],[2,8],[4,9],[5,8],[4,8],[5,9]],[[1,10],[8,9],[6,7],[4,5],[2,3]]]
320|true|[2]|[[[1,2],[1,4],[2,10],[4,10],[3,10],[1,3],[5,10],[1,5],[5,7],[3,7],[5,9],[3,9],[6,9],[6,7],[8,9],[7,8],[4,8],[4,6],[2,8],[2,6],[2,3],[3,4],[2,5],[4,5],[5,8],[3,8],[5,6],[3,6],[1,6],[1,8],[6,10],[8,10],[7,10],[1,7],[9,10],[1,9],[4,9],[4,7],[2,9],[2,7]],[[1,10],[3,5],[7,9],[6,8],[2,4]]]
320|true|[2]|[[[1,2],[4,10],[1,4],[2,10],[5,7],[3,9],[3,7],[5,9],[4,8],[2,6],[4,6],[2,8],[3,10],[1,5],[1,3],[5,10],[6,9],[7,8],[6,7],[8,9]],[[1,6],[6,10],[1,8],[8,10],[1,7],[1,9],[7,10],[9,10],[4,7],[2,7],[4,9],[2,9],[3,4],[4,5],[2,3],[2,5],[3,6],[3,8],[5,6],[5,8]],[[1,10],[7,9],[2,4],[3,5],[6,8]]]
324|false|[2]|[[[1,2],[5,6],[3,8],[1,6],[3,5],[2,8],[1,3],[2,5],[6,8],[8,9],[1,7],[4,5],[1,9],[5,7],[4,8],[5,9],[7,8],[1,4],[3,4],[2,9],[6,7],[3,9],[2,7],[4,6],[3,7],[2,4],[6,9]],[[1,5],[5,8],[1,8],[7,9],[4,7],[4,9],[2,3],[2,6],[3,6]],[[1,10],[5,10],[8,10],[9,10],[7,10],[4,10],[3,10],[2,10],[6,10]]]
336|false|[3]|[[[1,2],[2,4],[2,3],[2,5],[2,7],[2,8],[2,9],[2,10],[1,6],[4,6],[3,6],[5,6],[6,7],[6,8],[6,9],[6,10]],[[1,3],[4,5],[7,9],[8,10],[1,9],[3,7],[4,10],[5,8],[1,10],[4,9],[3,8],[5,7],[1,8],[3,10],[5,9],[4,7],[1,5],[8,9],[7,10],[3,4],[1,7],[5,10],[4,8],[3,9],[1,4],[7,8],[3,5],[9,10]],[[2,6]]]
384|false|[2]|[[[1,2],[2,4],[2,10],[2,7],[2,5],[2,9],[2,8],[2,3],[1,6],[4,6],[6,7],[6,10],[5,6],[6,9],[6,8],[3,6]],[[1,3],[1,8],[3,4],[4,8],[9,10],[5,10],[7,9],[5,7],[7,8],[8,10],[3,7],[3,10],[1,9],[1,5],[4,9],[4,5],[4,10],[1,10],[4,7],[1,7],[8,9],[5,8],[3,9],[3,5]],[[1,4],[7,10],[5,9],[3,8]],[[2,6]]]
384|false|[2]|[[[1,2],[1,4],[1,9],[1,7],[1,3],[1,5],[1,6],[1,8],[9,10],[7,10],[4,10],[2,10],[3,10],[5,10],[6,10],[8,10]],[[1,10]],[[2,3],[2,5],[3,4],[4,5],[8,9],[6,9],[7,8],[6,7],[3,9],[5,9],[3,7],[5,7],[2,8],[4,8],[2,6],[4,6],[3,8],[5,8],[3,6],[5,6],[2,9],[2,7],[4,9],[4,7]],[[2,4],[7,9],[3,5],[6,8]]]
384|false|[2]|[[[1,2],[1,3],[1,8],[1,9],[1,4],[1,5],[1,7],[1,6],[2,10],[3,10],[9,10],[8,10],[4,10],[5,10],[7,10],[6,10]],[[1,10]],[[2,3],[8,9],[4,5],[6,7]],[[2,4],[3,5],[6,8],[7,9],[2,5],[3,4],[6,9],[7,8],[2,7],[3,6],[5,8],[4,9],[2,6],[3,7],[4,8],[5,9],[2,9],[3,8],[5,6],[4,7],[2,8],[3,9],[5,7],[4,6]]]
384|false|[2]|[[[1,2],[2,5],[2,3],[2,7],[2,4],[2,8],[2,6],[2,9]],[[1,3],[5,7],[3,5],[1,7],[4,6],[8,9],[6,8],[4,9],[1,9],[5,6],[5,9],[1,6],[4,7],[3,8],[3,4],[7,8],[1,8],[4,5],[5,8],[1,4],[6,7],[3,9],[7,9],[3,6]],[[1,5],[3,7],[4,8],[6,9]],[[1,10],[5,10],[3,10],[7,10],[4,10],[8,10],[6,10],[9,10]],[[2,10]]]
384|false|exact|[[[1,2],[2,4],[2,8],[2,3],[2,5],[2,9],[2,10],[2,7],[1,6],[4,6],[6,8],[3,6],[5,6],[6,9],[6,7],[6,10]],[[1,3],[3,4],[1,8],[4,8],[5,7],[7,9],[5,10],[9,10],[1,5],[4,5],[1,9],[4,9],[3,7],[3,10],[7,8],[8,10],[1,7],[4,7],[1,10],[4,10],[3,5],[5,8],[3,9],[8,9]],[[1,4],[3,8],[5,9],[7,10]],[[2,6]]]
384|false|[2]|[[[1,2],[2,3],[2,5],[2,4],[2,8],[2,9],[2,7],[2,10],[1,6],[3,6],[5,6],[4,6],[6,8],[6,9],[6,7],[6,10]],[[1,3],[4,5],[8,9],[7,10]],[[1,4],[3,5],[1,5],[3,4],[8,10],[7,9],[7,8],[9,10],[1,7],[3,10],[1,10],[3,7],[4,9],[5,8],[4,8],[5,9],[1,8],[3,9],[1,9],[3,8],[5,7],[4,10],[4,7],[5,10]],[[2,6]]]
384|false|[2]|[[[1,2],[4,10],[3,9],[5,7],[1,4],[2,10],[5,9],[3,7],[1,9],[7,10],[2,3],[4,5],[1,7],[9,10],[3,4],[2,5],[1,3],[5,10],[2,9],[4,7],[1,5],[3,10],[2,7],[4,9]],[[1,6],[6,10],[3,6],[5,6],[4,6],[2,6],[6,9],[6,7],[1,8],[8,10],[3,8],[5,8],[7,8],[8,9],[4,8],[2,8]],[[1,10],[3,5],[2,4],[7,9]],[[6,8]]]
384|false|[2]|[[[1,2],[4,10],[1,4],[2,10],[6,10],[1,8],[1,6],[8,10],[4,8],[2,6],[4,6],[2,8]],[[1,3],[3,10],[3,6],[3,8],[3,4],[2,3],[1,5],[5,10],[5,6],[5,8],[4,5],[2,5],[1,9],[9,10],[8,9],[6,9],[4,9],[2,9],[1,7],[7,10],[7,8],[6,7],[4,7],[2,7]],[[1,10],[6,8],[2,4]],[[3,5],[7,9]],[[3,7],[5,9],[3,9],[5,7]]]
384|false|[2]|[[[1,2],[2,7],[2,4],[2,10],[1,6],[6,7],[4,6],[6,10]],[[1,3],[7,8],[4,5],[9,10],[1,9],[5,7],[4,8],[3,10],[1,8],[3,7],[4,9],[5,10],[1,5],[7,9],[3,4],[8,10]],[[1,4],[7,10],[1,7],[4,10],[1,10],[4,7]],[[2,3],[2,8],[2,5],[2,9],[3,6],[6,8],[5,6],[6,9]],[[2,6]],[[3,5],[8,9],[3,8],[5,9]],[[3,9],[5,8]]]
384|false|[2]|[[[1,2],[2,4],[2,3],[2,8],[2,5],[2,9],[2,10],[2,7],[1,6],[6,8],[3,6],[4,6],[5,6],[6,7],[6,10],[6,9]],[[1,3],[4,8],[1,4],[3,8],[1,8],[3,4],[5,10],[7,9],[5,9],[7,10],[5,7],[9,10]],[[1,5],[4,9],[1,7],[4,10],[3,9],[5,8],[3,10],[7,8],[1,10],[4,7],[1,9],[4,5],[3,7],[8,10],[3,5],[8,9]],[[2,6]]]
400|false|[2]|[[[1,2],[8,10],[1,9],[2,10],[8,9],[1,10],[2,9],[1,8],[9,10],[2,8]],[[1,3],[1,4],[1,6],[1,7],[1,5],[3,10],[4,10],[6,10],[7,10],[5,10],[3,9],[4,9],[6,9],[7,9],[5,9],[2,3],[2,4],[2,6],[2,7],[2,5],[3,8],[4,8],[6,8],[7,8],[5,8]],[[3,4],[4,6],[6,7],[5,7],[3,5],[3,6],[5,6],[4,5],[4,7],[3,7]]]
400|true|[2]|[[[1,2],[1,10],[8,10],[8,9],[2,9],[1,9],[1,8],[2,8],[2,10],[9,10],[3,7],[3,6],[4,6],[4,5],[5,7],[3,5],[3,4],[4,7],[6,7],[5,6]],[[1,3],[1,5],[1,6],[1,7],[1,4],[3,10],[5,10],[6,10],[7,10],[4,10],[3,8],[5,8],[6,8],[7,8],[4,8],[3,9],[5,9],[6,9],[7,9],[4,9],[2,3],[2,5],[2,6],[2,7],[2,4]]]
400|true|[2]|[[[1,2],[8,9],[1,10],[2,9],[8,10],[3,4],[6,7],[3,5],[4,7],[5,6],[1,8],[2,10],[1,9],[2,8],[9,10],[3,7],[4,5],[3,6],[5,7],[4,6]],[[1,3],[7,9],[5,10],[2,4],[6,8],[1,6],[3,9],[7,10],[2,5],[4,8],[1,4],[6,9],[3,10],[2,7],[5,8],[1,5],[4,9],[6,10],[2,3],[7,8],[1,7],[5,9],[4,10],[2,6],[3,8]]]
432|false|[2]|[[[1,2],[2,9],[1,9]],[[1,3],[2,3],[3,9],[1,5],[2,5],[5,9],[1,7],[2,7],[7,9],[1,8],[2,8],[8,9],[1,4],[2,4],[4,9],[1,6],[2,6],[6,9]],[[1,10],[2,10],[9,10]],[[3,4],[4,5],[4,7],[3,6],[5,6],[6,7],[3,8],[5,8],[7,8]],[[3,5],[5,7],[3,7],[4,8],[4,6],[6,8]],[[3,10],[5,10],[7,10],[8,10],[4,10],[6,10]]]
480|false|[2]|[[[1,2],[4,8],[1,6],[2,8],[4,6],[1,8],[2,6],[1,4],[6,8],[2,4]],[[1,3],[3,8],[3,6],[2,3],[3,4],[1,7],[7,8],[6,7],[2,7],[4,7],[1,9],[8,9],[6,9],[2,9],[4,9],[1,5],[5,8],[5,6],[2,5],[4,5]],[[1,10],[8,10],[6,10],[2,10],[4,10]],[[3,5],[7,9],[3,9],[5,7],[3,7],[5,9]],[[3,10],[7,10],[9,10],[5,10]]]
576|false|[2]|[[[1,2],[1,3],[1,4],[5,10],[5,8],[5,6],[2,5],[3,5],[4,5],[1,10],[1,8],[1,6],[2,9],[3,9],[4,9],[7,10],[7,8],[6,7],[2,7],[3,7],[4,7],[9,10],[8,9],[6,9]],[[1,5],[7,9]],[[1,7],[5,7],[5,9],[1,9]],[[2,3],[3,4],[2,4],[8,10],[6,8],[6,10]],[[2,6],[3,10],[4,8],[2,10],[3,8],[4,6],[2,8],[3,6],[4,10]]]
640|true|[2]|[[[1,2],[4,10],[1,4],[2,10],[3,7],[5,9],[5,7],[3,9],[4,8],[2,6],[4,6],[2,8],[5,10],[1,3],[1,5],[3,10],[6,9],[7,8],[6,7],[8,9],[1,9],[7,10],[1,7],[9,10],[5,8],[3,6],[5,6],[3,8],[2,7],[4,9],[4,7],[2,9],[6,10],[1,8],[1,6],[8,10],[3,4],[2,5],[4,5],[2,3]],[[1,10],[7,9],[2,4],[3,5],[6,8]]]
768|false|[2]|[[[1,2],[1,4],[1,8],[1,6],[1,7],[1,9],[1,3],[1,5],[2,10],[4,10],[8,10],[6,10],[7,10],[9,10],[3,10],[5,10]],[[1,10]],[[2,3],[4,5],[8,9],[6,7],[7,8],[6,9],[3,4],[2,5],[2,8],[4,6],[3,9],[5,7],[5,9],[3,7],[4,8],[2,6],[2,9],[4,7],[3,8],[5,6],[3,6],[5,8],[4,9],[2,7]],[[2,4],[6,8],[7,9],[3,5]]]
800|true|[2]|[[[1,2],[8,9],[1,10],[2,9],[8,10],[3,4],[6,7],[3,5],[4,7],[5,6],[1,9],[2,10],[1,8],[9,10],[2,8],[3,6],[4,5],[3,7],[4,6],[5,7]],[[1,3],[7,9],[5,10],[2,4],[6,8],[1,6],[3,9],[7,10],[2,5],[4,8],[1,4],[6,9],[3,10],[2,7],[5,8],[1,5],[4,9],[6,10],[2,3],[7,8],[1,7],[5,9],[4,10],[2,6],[3,8]]]
